stock_code,valid_1d_rows,valid_2d_rows,valid_5d_rows,primary_750_member,long_history_1000_member,blocking_reason,board,size_metric,size_observation_count,regression_numeric_failure
000001,1296,1296,1296,True,True,,SZ_MAIN,,0,False
000002,1296,1296,1296,True,True,,SZ_MAIN,25.735284388832937,1243,False
000004,0,0,0,False,False,QFQ_OR_TURNOVER_UNAVAILABLE,SZ_MAIN,,0,False
000006,1296,1296,1296,True,True,,SZ_MAIN,22.594063843878057,1243,False
000007,727,727,727,False,False,VALID_1D_ROWS_BELOW_750,SZ_MAIN,21.688756619839666,674,False
000008,1296,1296,1296,True,True,,SZ_MAIN,22.622726445461364,1243,False
000009,1296,1296,1296,True,True,,SZ_MAIN,24.059513313966626,1243,False
000010,1289,1289,1289,True,True,,SZ_MAIN,21.92335458437463,1236,False
000011,1296,1296,1296,True,True,,SZ_MAIN,22.474744453342577,1243,False
000012,1296,1296,1296,True,True,,SZ_MAIN,23.587387838824746,1243,False
000014,1296,1296,1296,True,True,,SZ_MAIN,21.637753572174535,1243,False
000016,1266,1264,1258,True,True,,SZ_MAIN,23.21347560813642,1213,False
000017,1181,1181,1181,True,True,,SZ_MAIN,21.934114137894937,1181,False
000019,1296,1296,1296,True,True,,SZ_MAIN,22.830942697872747,1243,False
000020,1296,1296,1296,True,True,,SZ_MAIN,21.88100584456558,1243,False
000021,1296,1296,1296,True,True,,SZ_MAIN,23.989707132673246,1243,False
000025,1296,1296,1296,True,True,,SZ_MAIN,22.688744101096184,1243,False
000026,1296,1296,1296,True,True,,SZ_MAIN,22.279319290241784,1243,False
000027,1296,1296,1296,True,True,,SZ_MAIN,24.173060387772168,1243,False
000028,1296,1296,1296,True,True,,SZ_MAIN,23.426843997835633,1243,False
000029,1132,1132,1132,True,True,,SZ_MAIN,23.20168582936858,1132,False
000030,1296,1296,1296,True,True,,SZ_MAIN,22.97747464864619,1243,False
000031,1296,1296,1296,True,True,,SZ_MAIN,23.396568548379992,1243,False
000032,1293,1293,1293,True,True,,SZ_MAIN,23.823429504148322,1243,False
000034,1296,1296,1296,True,True,,SZ_MAIN,23.616888555605215,1243,False
000035,1296,1296,1296,True,True,,SZ_MAIN,23.236214847067156,1243,False
000036,1296,1296,1296,True,True,,SZ_MAIN,22.501753754057937,1243,False
000037,1296,1296,1296,True,True,,SZ_MAIN,22.350016280967953,1243,False
000039,1296,1296,1296,True,True,,SZ_MAIN,24.526940971303905,1243,False
000042,1296,1296,1296,True,True,,SZ_MAIN,22.366599978249894,1243,False
000045,1279,1277,1273,True,True,,SZ_MAIN,22.354622852304335,1226,False
000048,1296,1296,1296,True,True,,SZ_MAIN,22.959630095306743,1243,False
000049,1288,1287,1284,True,True,,SZ_MAIN,23.065871201250367,1235,False
000050,1296,1296,1296,True,True,,SZ_MAIN,23.855746197386658,1243,False
000055,1296,1296,1296,True,True,,SZ_MAIN,22.267010776460108,1243,False
000056,1286,1286,1286,True,True,,SZ_MAIN,22.107881984653595,1233,False
000058,1296,1296,1296,True,True,,SZ_MAIN,22.819839340161355,1243,False
000059,1296,1296,1296,True,True,,SZ_MAIN,22.96447775301729,1243,False
000060,1296,1296,1296,True,True,,SZ_MAIN,23.591394691697662,1243,False
000061,1296,1296,1296,True,True,,SZ_MAIN,23.08628687137528,1243,False
000062,1296,1296,1296,True,True,,SZ_MAIN,23.414327305966882,1243,False
000063,1293,1293,1293,True,True,,SZ_MAIN,25.73200134031769,1240,False
000065,1288,1287,1284,True,True,,SZ_MAIN,23.09363039867035,1235,False
000066,1296,1296,1296,True,True,,SZ_MAIN,24.433122385311894,1243,False
000068,1296,1296,1296,True,True,,SZ_MAIN,21.968289376259907,1243,False
000069,1296,1296,1296,True,True,,SZ_MAIN,24.24104176592002,1243,False
000070,1012,1012,1012,True,True,,SZ_MAIN,22.621118753911944,959,False
000078,1290,1290,1290,True,True,,SZ_MAIN,22.885741732873164,1237,False
000088,1284,1283,1280,True,True,,SZ_MAIN,23.249421535119783,1231,False
000089,1296,1296,1296,True,True,,SZ_MAIN,23.388818630953345,1243,False
000090,1296,1296,1296,True,True,,SZ_MAIN,22.967814365642763,1243,False
000096,1296,1296,1296,True,True,,SZ_MAIN,22.331679224734323,1243,False
000099,1296,1296,1296,True,True,,SZ_MAIN,22.6106087616462,1243,False
000100,1296,1296,1296,True,True,,SZ_MAIN,25.123883710196786,1243,False
000151,1286,1285,1282,True,True,,SZ_MAIN,22.12658715805373,1233,False
000153,1284,1283,1280,True,True,,SZ_MAIN,21.81550745810306,1231,False
000155,1284,1283,1280,True,True,,SZ_MAIN,23.783063598686464,1231,False
000156,1296,1296,1296,True,True,,SZ_MAIN,23.379956108386956,1243,False
000157,1296,1296,1296,True,True,,SZ_MAIN,24.85056146128401,1243,False
000158,1296,1296,1296,True,True,,SZ_MAIN,23.25291807467311,1243,False
000159,1296,1296,1296,True,True,,SZ_MAIN,21.840753171035697,1243,False
000166,1296,1296,1296,True,True,,SZ_MAIN,25.47629503721649,1243,False
000301,1281,1280,1277,True,True,,SZ_MAIN,25.039929434918463,1228,False
000333,1296,1296,1296,True,True,,SZ_MAIN,26.885592557863184,1243,False
000338,1296,1296,1296,True,True,,SZ_MAIN,25.571222928943882,1243,False
000400,1296,1296,1296,True,True,,SZ_MAIN,23.851348832049744,1243,False
000401,1268,1266,1260,True,True,,SZ_MAIN,23.571439741270858,1218,False
000402,1296,1296,1296,True,True,,SZ_MAIN,23.25564391734971,1243,False
000403,1292,1291,1291,True,True,,SZ_MAIN,23.52894739950644,1239,False
000404,1296,1296,1296,True,True,,SZ_MAIN,22.16914321216242,1243,False
000407,1284,1283,1280,True,True,,SZ_MAIN,21.919947618211406,1231,False
000408,1202,1201,1198,True,True,,SZ_MAIN,24.590296767313966,1202,False
000409,1228,1228,1228,True,True,,SZ_MAIN,22.41212761005389,1228,False
000410,704,703,700,False,False,VALID_1D_ROWS_BELOW_750,SZ_MAIN,23.444333278159032,704,False
000411,1281,1280,1277,True,True,,SZ_MAIN,22.399273822797603,1228,False
000415,1296,1296,1296,True,True,,SZ_MAIN,23.477479520987465,1243,False
000417,1296,1296,1296,True,True,,SZ_MAIN,22.063891210204527,1243,False
000419,1296,1296,1296,True,True,,SZ_MAIN,21.807471392947367,1243,False
000420,1277,1276,1273,True,True,,SZ_MAIN,22.97880221151201,1224,False
000421,1284,1283,1280,True,True,,SZ_MAIN,21.839022520822656,1231,False
000422,1187,1187,1187,True,True,,SZ_MAIN,23.35894953257258,1187,False
000423,1296,1296,1296,True,True,,SZ_MAIN,24.172746172433975,1243,False
000425,1267,1265,1259,True,True,,SZ_MAIN,25.044333908278915,1214,False
000426,1296,1296,1296,True,True,,SZ_MAIN,23.559365821955762,1243,False
000428,1296,1296,1296,True,True,,SZ_MAIN,22.000475957944133,1243,False
000429,1296,1296,1296,True,True,,SZ_MAIN,23.57224012231059,1243,False
000430,1038,1038,1038,True,True,,SZ_MAIN,21.68457668348909,985,False
000488,1000,1000,1000,True,True,,SZ_MAIN,23.430522607766047,947,False
000498,1296,1296,1296,True,True,,SZ_MAIN,22.982792728433513,1243,False
000501,1296,1296,1296,True,True,,SZ_MAIN,22.76017265886323,1243,False
000503,1296,1296,1296,True,True,,SZ_MAIN,22.99618371955148,1243,False
000504,967,967,967,True,False,,SZ_MAIN,22.023550288653304,967,False
000505,1296,1296,1296,True,True,,SZ_MAIN,22.37287858359242,1243,False
000506,1023,1022,1019,True,True,,SZ_MAIN,22.00547356863743,970,False
000507,1296,1296,1296,True,True,,SZ_MAIN,22.352257017079367,1243,False
000509,932,932,932,True,False,,SZ_MAIN,22.04374536985659,932,False
000510,1284,1283,1280,True,True,,SZ_MAIN,21.964579281287488,1231,False
000513,1296,1296,1296,True,True,,SZ_MAIN,24.23738531720194,1243,False
000514,1296,1296,1296,True,True,,SZ_MAIN,21.986092381183777,1243,False
000516,1235,1235,1235,True,True,,SZ_MAIN,23.606009251916504,1182,False
000517,1296,1296,1296,True,True,,SZ_MAIN,22.82528565837601,1243,False
000518,1047,1047,1047,True,True,,SZ_MAIN,21.883795805408294,994,False
000519,1296,1296,1296,True,True,,SZ_MAIN,23.930794401702137,1243,False
000520,1296,1296,1296,True,True,,SZ_MAIN,21.944237215663595,1243,False
000521,1296,1296,1296,True,True,,SZ_MAIN,22.575685660034857,1243,False
000523,1037,1037,1037,True,True,,SZ_MAIN,22.499946937525873,984,False
000524,1296,1296,1296,True,True,,SZ_MAIN,22.61158572931393,1243,False
000525,298,298,298,False,False,VALID_1D_ROWS_BELOW_750,SZ_MAIN,22.811881425702087,245,False
000526,1296,1296,1296,True,True,,SZ_MAIN,22.141512488969425,1243,False
000528,1269,1267,1261,True,True,,SZ_MAIN,23.404628377521902,1228,False
000529,1296,1296,1296,True,True,,SZ_MAIN,22.004751290272658,1243,False
000530,1296,1296,1296,True,True,,SZ_MAIN,22.164165483518026,1243,False
000531,1296,1296,1296,True,True,,SZ_MAIN,22.508373319688094,1243,False
000532,1296,1296,1296,True,True,,SZ_MAIN,22.152240783711534,1243,False
000533,1296,1296,1296,True,True,,SZ_MAIN,21.76437103923066,1243,False
000534,1296,1296,1296,True,True,,SZ_MAIN,22.674156242312097,1243,False
000536,1210,1210,1210,True,True,,SZ_MAIN,22.692337805193805,1210,False
000537,1296,1296,1296,True,True,,SZ_MAIN,23.698356036112042,1243,False
000538,1296,1296,1296,True,True,,SZ_MAIN,25.333853299748338,1243,False
000539,1296,1296,1296,True,True,,SZ_MAIN,23.948078416081245,1243,False
000541,1296,1296,1296,True,True,,SZ_MAIN,22.845277603265316,1243,False
000543,1296,1296,1296,True,True,,SZ_MAIN,23.430246574236676,1243,False
000544,1296,1296,1296,True,True,,SZ_MAIN,22.667530029151926,1243,False
000545,1284,1283,1280,True,True,,SZ_MAIN,21.84784448258944,1231,False
000546,1206,1205,1203,True,True,,SZ_MAIN,22.35124992416091,1153,False
000547,1296,1296,1296,True,True,,SZ_MAIN,23.468726295207347,1243,False
000548,1296,1296,1296,True,True,,SZ_MAIN,21.615741350680985,1243,False
000550,1296,1296,1296,True,True,,SZ_MAIN,23.51797712202615,1243,False
000551,1296,1296,1296,True,True,,SZ_MAIN,22.132389142092553,1243,False
000552,1269,1267,1261,True,True,,SZ_MAIN,23.32495911165846,1216,False
000553,1296,1296,1296,True,True,,SZ_MAIN,23.608974097653654,1243,False
000554,1296,1296,1296,True,True,,SZ_MAIN,21.738407253749624,1243,False
000555,1296,1296,1296,True,True,,SZ_MAIN,23.2041136451826,1243,False
000557,1296,1296,1296,True,True,,SZ_MAIN,22.683682394493683,1243,False
000558,1296,1296,1296,True,True,,SZ_MAIN,22.095721200333976,1243,False
000559,1284,1283,1280,True,True,,SZ_MAIN,23.63213446582691,1231,False
000560,1296,1296,1296,True,True,,SZ_MAIN,22.671942517903723,1243,False
000561,1284,1283,1280,True,True,,SZ_MAIN,22.342994698596858,1231,False
000563,1296,1296,1296,True,True,,SZ_MAIN,23.47038350817233,1243,False
000564,498,498,498,False,False,VALID_1D_ROWS_BELOW_750,SZ_MAIN,24.512946169744126,468,False
000565,1296,1296,1296,True,True,,SZ_MAIN,21.68270232444504,1243,False
000566,1296,1296,1296,True,True,,SZ_MAIN,22.54384888671161,1243,False
000567,1296,1296,1296,True,True,,SZ_MAIN,23.262167902616216,1243,False
000568,1296,1296,1296,True,True,,SZ_MAIN,26.335846797009197,1243,False
000570,1296,1296,1296,True,True,,SZ_MAIN,22.055518066609192,1243,False
000571,692,692,692,False,False,VALID_1D_ROWS_BELOW_750,SZ_MAIN,21.850787759262918,692,False
000572,1198,1198,1198,True,True,,SZ_MAIN,22.82017275568717,1198,False
000573,1296,1296,1296,True,True,,SZ_MAIN,21.52419029901355,1243,False
000576,1296,1296,1296,True,True,,SZ_MAIN,22.251184826268933,1243,False
000581,1296,1296,1296,True,True,,SZ_MAIN,23.67411564904216,1243,False
000582,1296,1296,1296,True,True,,SZ_MAIN,23.379794538078894,1243,False
000586,1282,1280,1274,True,True,,SZ_MAIN,21.34536117064079,1229,False
000589,1296,1296,1296,True,True,,SZ_MAIN,22.66201748823866,1243,False
000590,1296,1296,1296,True,True,,SZ_MAIN,21.461854186513175,1243,False
000591,1296,1296,1296,True,True,,SZ_MAIN,23.787149067108995,1243,False
000592,1291,1290,1289,True,True,,SZ_MAIN,22.391487572406685,1238,False
000593,1292,1291,1291,True,True,,SZ_MAIN,21.512629329948474,1239,False
000595,907,906,903,True,False,,SZ_MAIN,22.5132458046604,907,False
000596,1296,1296,1296,True,True,,SZ_MAIN,25.467076989424807,1243,False
000597,1291,1290,1289,True,True,,SZ_MAIN,22.72897162269147,1238,False
000598,1296,1296,1296,True,True,,SZ_MAIN,23.57857400410233,1243,False
000599,1286,1285,1282,True,True,,SZ_MAIN,21.98618129461488,1233,False
000600,1296,1296,1296,True,True,,SZ_MAIN,23.00016869509307,1243,False
000601,1280,1278,1275,True,True,,SZ_MAIN,22.367267963718717,1227,False
000603,1276,1274,1268,True,True,,SZ_MAIN,22.93841687253004,1233,False
000605,1296,1296,1296,True,True,,SZ_MAIN,21.516787362751703,1243,False
000607,1296,1296,1296,True,True,,SZ_MAIN,22.20637699582887,1243,False
000608,1041,1041,1041,True,True,,SZ_MAIN,21.50533651854562,988,False
000609,552,552,552,False,False,VALID_1D_ROWS_BELOW_750,SZ_MAIN,21.21245737940651,499,False
000610,1286,1286,1286,True,True,,SZ_MAIN,21.80020289670986,1233,False
000612,1284,1283,1280,True,True,,SZ_MAIN,22.808608173330434,1231,False
000615,565,565,565,False,False,VALID_1D_ROWS_BELOW_750,SZ_MAIN,22.595068583661995,512,False
000617,1296,1296,1296,True,True,,SZ_MAIN,25.06035496827995,1243,False
000619,1296,1296,1296,True,True,,SZ_MAIN,21.5669685594358,1243,False
000620,1041,1041,1041,True,True,,SZ_MAIN,22.69177582560966,988,False
000623,1296,1296,1296,True,True,,SZ_MAIN,23.66367963558004,1243,False
000625,1296,1296,1296,True,True,,SZ_MAIN,25.582022834857614,1243,False
000626,1296,1296,1296,True,True,,SZ_MAIN,22.116457250822158,1243,False
000628,1284,1283,1280,True,True,,SZ_MAIN,22.759090753594595,1231,False
000629,1296,1296,1296,True,True,,SZ_MAIN,24.131401031109185,1243,False
000630,1284,1283,1280,True,True,,SZ_MAIN,24.40999076300877,1231,False
000631,1296,1296,1296,True,True,,SZ_MAIN,22.75959570478982,1243,False
000632,1289,1289,1289,True,True,,SZ_MAIN,21.354909386587092,1236,False
000633,1289,1288,1285,True,True,,SZ_MAIN,21.67857265248097,1236,False
000635,1296,1296,1296,True,True,,SZ_MAIN,21.745469723467732,1243,False
000636,1296,1296,1296,True,True,,SZ_MAIN,23.625948068687656,1243,False
000637,1026,1026,1026,True,True,,SZ_MAIN,21.536973988919424,973,False
000638,0,0,0,False,False,QFQ_OR_TURNOVER_UNAVAILABLE,SZ_MAIN,,0,False
000639,1289,1289,1289,True,True,,SZ_MAIN,22.227613231969876,1236,False
000650,1296,1296,1296,True,True,,SZ_MAIN,22.90024358742043,1243,False
000651,1296,1296,1296,True,True,,SZ_MAIN,26.120301682294283,1243,False
000652,1296,1296,1296,True,True,,SZ_MAIN,22.52573583178854,1243,False
000655,1296,1296,1296,True,True,,SZ_MAIN,22.171755971917896,1243,False
000656,789,788,785,True,False,,SZ_MAIN,23.27181932217352,736,False
000657,1284,1283,1280,True,True,,SZ_MAIN,23.425698205226198,1231,False
000659,1292,1291,1291,True,True,,SZ_MAIN,22.121973566911876,1239,False
000661,1296,1296,1296,True,True,,SZ_MAIN,24.760330655023633,1243,False
000663,1116,1116,1116,True,True,,SZ_MAIN,21.63748468076912,1116,False
000665,1296,1296,1296,True,True,,SZ_MAIN,22.51001860164544,1243,False
000668,1047,1047,1047,True,True,,SZ_MAIN,21.27803838123193,994,False
000669,0,0,0,False,False,QFQ_OR_TURNOVER_UNAVAILABLE,SZ_MAIN,,0,False
000670,722,720,714,False,False,VALID_1D_ROWS_BELOW_750,SZ_MAIN,22.4731370351767,722,False
000672,1296,1296,1296,True,True,,SZ_MAIN,23.08369448992806,1243,False
000676,1296,1296,1296,True,True,,SZ_MAIN,22.913303405495846,1243,False
000677,1290,1290,1290,True,True,,SZ_MAIN,21.73078939118365,1237,False
000678,1296,1296,1296,True,True,,SZ_MAIN,21.735984183708965,1243,False
000679,1216,1216,1216,True,True,,SZ_MAIN,21.321784225533875,1216,False
000680,1296,1296,1296,True,True,,SZ_MAIN,22.79133141972971,1243,False
000681,1296,1296,1296,True,True,,SZ_MAIN,23.090682628436095,1243,False
000682,1296,1296,1296,True,True,,SZ_MAIN,23.201404895849368,1243,False
000683,1296,1296,1296,True,True,,SZ_MAIN,23.96749944258718,1243,False
000685,1296,1296,1296,True,True,,SZ_MAIN,23.20015279837405,1243,False
000686,1296,1296,1296,True,True,,SZ_MAIN,23.609622284758277,1243,False
000688,1296,1296,1296,True,True,,SZ_MAIN,23.469325411717406,1243,False
000690,1296,1296,1296,True,True,,SZ_MAIN,23.10412247071337,1243,False
000691,1040,1039,1036,True,True,,SZ_MAIN,21.12005474881372,987,False
000692,1031,1031,1031,True,True,,SZ_MAIN,21.36908136757973,978,False
000695,1284,1283,1280,True,True,,SZ_MAIN,21.604859010317565,1231,False
000697,764,764,764,True,False,,SZ_MAIN,22.407260496019326,711,False
000698,1154,1154,1154,True,True,,SZ_MAIN,21.966424514640845,1101,False
000700,1296,1296,1296,True,True,,SZ_MAIN,22.398030608448064,1243,False
000701,1296,1296,1296,True,True,,SZ_MAIN,21.95026357725692,1243,False
000702,1289,1288,1285,True,True,,SZ_MAIN,21.21979104758916,1236,False
000703,1296,1296,1296,True,True,,SZ_MAIN,24.015788282219464,1243,False
000705,1296,1296,1296,True,True,,SZ_MAIN,21.7213507567671,1243,False
000707,995,995,995,True,False,,SZ_MAIN,22.032647621024772,995,False
000708,1296,1296,1296,True,True,,SZ_MAIN,25.105260650854643,1243,False
000709,1296,1296,1296,True,True,,SZ_MAIN,23.913422571044126,1243,False
000710,1296,1296,1296,True,True,,SZ_MAIN,22.2282014129593,1243,False
000711,564,564,564,False,False,VALID_1D_ROWS_BELOW_750,SZ_MAIN,21.76188859222673,511,False
000712,1296,1296,1296,True,True,,SZ_MAIN,23.230846803773282,1243,False
000713,1289,1288,1285,True,True,,SZ_MAIN,22.387640802045876,1236,False
000715,1296,1296,1296,True,True,,SZ_MAIN,21.709600095695794,1243,False
000716,1289,1288,1285,True,True,,SZ_MAIN,22.10145215239693,1236,False
000717,1296,1296,1296,True,True,,SZ_MAIN,22.662933232400995,1243,False
000718,1296,1296,1296,True,True,,SZ_MAIN,22.859399042535394,1243,False
000719,1296,1296,1296,True,True,,SZ_MAIN,23.08512149445894,1243,False
000720,1296,1296,1296,True,True,,SZ_MAIN,22.39854002371264,1243,False
000721,1296,1296,1296,True,True,,SZ_MAIN,22.319752857199955,1243,False
000722,1284,1283,1280,True,True,,SZ_MAIN,22.347247479209074,1231,False
000723,1296,1296,1296,True,True,,SZ_MAIN,24.145288516692787,1243,False
000725,1296,1296,1296,True,True,,SZ_MAIN,25.761160771275694,1243,False
000726,1296,1296,1296,True,True,,SZ_MAIN,22.458854438987412,1243,False
000727,1233,1233,1233,True,True,,SZ_MAIN,23.129980207025056,1233,False
000728,1296,1296,1296,True,True,,SZ_MAIN,24.189942850510572,1243,False
000729,1296,1296,1296,True,True,,SZ_MAIN,24.067057258027333,1243,False
000731,1296,1296,1296,True,True,,SZ_MAIN,22.155557194495948,1243,False
000733,1296,1296,1296,True,True,,SZ_MAIN,24.18719780121573,1243,False
000735,1296,1296,1296,True,True,,SZ_MAIN,22.758959923399463,1243,False
000736,1037,1037,1037,True,True,,SZ_MAIN,22.70856024674603,984,False
000737,1220,1220,1220,True,True,,SZ_MAIN,23.188744050074984,1220,False
000738,1296,1296,1296,True,True,,SZ_MAIN,24.064364687143083,1243,False
000739,1296,1296,1296,True,True,,SZ_MAIN,23.751786323443387,1243,False
000750,1296,1296,1296,True,True,,SZ_MAIN,23.807041803737963,1243,False
000751,1296,1296,1296,True,True,,SZ_MAIN,22.325223816719586,1243,False
000752,0,0,0,False,False,QFQ_OR_TURNOVER_UNAVAILABLE,SZ_MAIN,,0,False
000753,1296,1296,1296,True,True,,SZ_MAIN,22.140225488739212,1243,False
000755,1286,1285,1282,True,True,,SZ_MAIN,22.67739384708878,1233,False
000756,1296,1296,1296,True,True,,SZ_MAIN,23.126766078279257,1243,False
000757,1296,1296,1296,True,True,,SZ_MAIN,21.67354506206072,1243,False
000758,1296,1296,1296,True,True,,SZ_MAIN,23.02826163965939,1243,False
000759,1296,1296,1296,True,True,,SZ_MAIN,21.960470918133595,1243,False
000761,1293,1293,1293,True,True,,SZ_MAIN,23.43917140466911,1240,False
000762,1296,1296,1296,True,True,,SZ_MAIN,23.378481487904804,1243,False
000766,1296,1296,1296,True,True,,SZ_MAIN,23.21090700304692,1243,False
000767,1296,1296,1296,True,True,,SZ_MAIN,22.98823515930652,1243,False
000768,1296,1296,1296,True,True,,SZ_MAIN,24.98989355451769,1243,False
000776,1296,1296,1296,True,True,,SZ_MAIN,25.528646901138064,1243,False
000777,1277,1275,1269,True,True,,SZ_MAIN,22.375978585947124,1224,False
000778,1296,1296,1296,True,True,,SZ_MAIN,23.48331582383314,1243,False
000779,1296,1296,1296,True,True,,SZ_MAIN,22.12524088859129,1243,False
000782,1281,1279,1276,True,True,,SZ_MAIN,21.785976345173026,1228,False
000783,1296,1296,1296,True,True,,SZ_MAIN,24.277186051872487,1243,False
000785,1296,1296,1296,True,True,,SZ_MAIN,23.922772250666526,1243,False
000786,1296,1296,1296,True,True,,SZ_MAIN,24.587379630731697,1243,False
000788,1296,1296,1296,True,True,,SZ_MAIN,22.09733493001152,1243,False
000789,1296,1296,1296,True,True,,SZ_MAIN,22.534186850071244,1243,False
000790,1285,1284,1281,True,True,,SZ_MAIN,21.780609036240953,1232,False
000791,1285,1284,1281,True,True,,SZ_MAIN,22.912796019907184,1232,False
000792,1024,1024,1024,True,True,,SZ_MAIN,25.368559377003333,1024,False
000793,1017,1017,1017,True,True,,SZ_MAIN,22.290503534050124,964,False
000795,1296,1296,1296,True,True,,SZ_MAIN,22.77152616629587,1243,False
000796,679,678,675,False,False,VALID_1D_ROWS_BELOW_750,SZ_MAIN,22.701090170542347,626,False
000797,1296,1296,1296,True,True,,SZ_MAIN,22.260011002284454,1243,False
000798,1296,1296,1296,True,True,,SZ_MAIN,21.79969620592734,1243,False
000799,1296,1296,1296,True,True,,SZ_MAIN,24.003638905838695,1243,False
000800,1296,1296,1296,True,True,,SZ_MAIN,24.39472213009857,1243,False
000801,1284,1283,1280,True,True,,SZ_MAIN,22.85481664313062,1231,False
000802,1017,1017,1017,True,True,,SZ_MAIN,22.00347636546899,964,False
000803,1257,1257,1257,True,True,,SZ_MAIN,21.907669212737403,1243,False
000807,1296,1296,1296,True,True,,SZ_MAIN,24.56655393771059,1243,False
000809,780,779,778,True,False,,SZ_MAIN,21.700022293669075,727,False
000810,1291,1290,1289,True,True,,SZ_MAIN,23.370270583487326,1238,False
000811,1296,1296,1296,True,True,,SZ_MAIN,22.956547038095973,1243,False
000812,1296,1296,1296,True,True,,SZ_MAIN,22.026732137266208,1243,False
000813,1296,1296,1296,True,True,,SZ_MAIN,22.74152499114246,1243,False
000815,1284,1283,1280,True,True,,SZ_MAIN,22.758604750288747,1231,False
000816,1296,1296,1296,True,True,,SZ_MAIN,22.265249625658043,1243,False
000818,1296,1296,1296,True,True,,SZ_MAIN,23.70365723875285,1243,False
000819,1296,1296,1296,True,True,,SZ_MAIN,22.481219244618767,1243,False
000820,649,649,649,False,False,VALID_1D_ROWS_BELOW_750,SZ_MAIN,21.602389112981594,649,False
000821,1224,1224,1224,True,True,,SZ_MAIN,22.85624260547969,1171,False
000822,1296,1296,1296,True,True,,SZ_MAIN,22.5145445079762,1243,False
000823,1296,1296,1296,True,True,,SZ_MAIN,22.430672359697784,1243,False
000825,1296,1296,1296,True,True,,SZ_MAIN,23.9165580156234,1243,False
000826,1277,1276,1273,True,True,,SZ_MAIN,22.18624813280116,1236,False
000828,1296,1296,1296,True,True,,SZ_MAIN,23.081464221509556,1243,False
000829,1296,1296,1296,True,True,,SZ_MAIN,23.071424065205502,1243,False
000830,1284,1283,1280,True,True,,SZ_MAIN,23.92476045537928,1231,False
000831,1296,1296,1296,True,True,,SZ_MAIN,24.179037072139042,1243,False
000833,1296,1296,1296,True,True,,SZ_MAIN,22.26488068022722,1243,False
000837,1206,1206,1206,True,True,,SZ_MAIN,22.99814004052779,1206,False
000838,1286,1286,1286,True,True,,SZ_MAIN,21.97587727984807,1233,False
000839,784,784,784,True,False,,SZ_MAIN,23.063872831806545,731,False
000848,1296,1296,1296,True,True,,SZ_MAIN,22.9378085245837,1243,False
000850,1296,1296,1296,True,True,,SZ_MAIN,22.028819171780693,1243,False
000852,1296,1296,1296,True,True,,SZ_MAIN,22.525113440776487,1243,False
000856,1296,1296,1296,True,True,,SZ_MAIN,21.40263351472298,1243,False
000858,1296,1296,1296,True,True,,SZ_MAIN,27.11925625824069,1243,False
000859,1284,1283,1280,True,True,,SZ_MAIN,22.369556778914493,1231,False
000860,1296,1296,1296,True,True,,SZ_MAIN,23.493528456109875,1243,False
000862,1288,1287,1284,True,True,,SZ_MAIN,22.349653097363642,1235,False
000863,1289,1288,1285,True,True,,SZ_MAIN,22.20699820672447,1236,False
000868,1223,1223,1223,True,True,,SZ_MAIN,22.241912498481607,1223,False
000869,1296,1296,1296,True,True,,SZ_MAIN,23.643485766518573,1243,False
000875,1284,1283,1280,True,True,,SZ_MAIN,23.57393133638414,1231,False
000876,1296,1296,1296,True,True,,SZ_MAIN,24.60208499933297,1243,False
000877,1293,1293,1293,True,True,,SZ_MAIN,24.726885447700656,1240,False
000878,1285,1284,1281,True,True,,SZ_MAIN,23.901464121601997,1232,False
000880,1284,1283,1280,True,True,,SZ_MAIN,21.94782406857123,1231,False
000881,1284,1282,1278,True,True,,SZ_MAIN,22.750330509811544,1231,False
000882,1296,1296,1296,True,True,,SZ_MAIN,22.32909334842751,1243,False
000883,1296,1296,1296,True,True,,SZ_MAIN,24.143718396399255,1243,False
000885,1284,1283,1280,True,True,,SZ_MAIN,22.718210476749558,1243,False
000886,1296,1296,1296,True,True,,SZ_MAIN,22.27017588285485,1243,False
000887,1296,1296,1296,True,True,,SZ_MAIN,23.6661571588073,1243,False
000888,1296,1296,1296,True,True,,SZ_MAIN,22.357760097266787,1243,False
000889,547,547,547,False,False,VALID_1D_ROWS_BELOW_750,SZ_MAIN,21.968468884071612,494,False
000890,1206,1206,1206,True,True,,SZ_MAIN,21.315521446822075,1206,False
000892,1296,1296,1296,True,True,,SZ_MAIN,22.00425477419923,1243,False
000893,1283,1282,1279,True,True,,SZ_MAIN,23.90621304599108,1230,False
000895,1296,1296,1296,True,True,,SZ_MAIN,25.22781600511076,1243,False
000897,1296,1296,1296,True,True,,SZ_MAIN,22.04125428535663,1243,False
000898,1296,1296,1296,True,True,,SZ_MAIN,23.95764445449577,1243,False
000899,1289,1288,1285,True,True,,SZ_MAIN,22.853307720812296,1236,False
000900,1296,1296,1296,True,True,,SZ_MAIN,22.568462458379226,1243,False
000901,1296,1296,1296,True,True,,SZ_MAIN,22.766899821505852,1243,False
000902,1296,1296,1296,True,True,,SZ_MAIN,23.555837039269043,1243,False
000903,1094,1094,1094,True,True,,SZ_MAIN,22.45930328402281,1041,False
000905,1289,1288,1285,True,True,,SZ_MAIN,22.38751088580941,1236,False
000906,1283,1281,1276,True,True,,SZ_MAIN,22.429557868391644,1236,False
000908,806,806,806,True,False,,SZ_MAIN,21.81305172273222,753,False
000909,564,564,564,False,False,VALID_1D_ROWS_BELOW_750,SZ_MAIN,22.00388318732919,511,False
000910,1296,1296,1296,True,True,,SZ_MAIN,22.20759934403475,1243,False
000911,1289,1289,1289,True,True,,SZ_MAIN,21.874003777771804,1236,False
000912,1296,1296,1296,True,True,,SZ_MAIN,22.707781125112792,1243,False
000913,1296,1296,1296,True,True,,SZ_MAIN,22.848887303965398,1243,False
000915,1296,1296,1296,True,True,,SZ_MAIN,22.753179623132265,1243,False
000917,1296,1296,1296,True,True,,SZ_MAIN,22.867287596717926,1243,False
000919,1296,1296,1296,True,True,,SZ_MAIN,22.122799293218577,1243,False
000920,1296,1296,1296,True,True,,SZ_MAIN,22.172060706365805,1243,False
000921,1296,1296,1296,True,True,,SZ_MAIN,24.19797101483703,1243,False
000922,1296,1296,1296,True,True,,SZ_MAIN,22.616447904614446,1243,False
000923,1296,1296,1296,True,True,,SZ_MAIN,23.010704806474838,1243,False
000925,1296,1296,1296,True,True,,SZ_MAIN,22.259887197606563,1243,False
000926,1296,1296,1296,True,True,,SZ_MAIN,22.122816650858574,1243,False
000927,1292,1292,1292,True,True,,SZ_MAIN,23.549424156171973,1243,False
000928,1296,1296,1296,True,True,,SZ_MAIN,22.955985181517967,1243,False
000929,1040,1039,1036,True,True,,SZ_MAIN,21.217020245152533,987,False
000930,1296,1296,1296,True,True,,SZ_MAIN,23.29514026360982,1243,False
000931,1296,1296,1296,True,True,,SZ_MAIN,22.209599040181082,1243,False
000932,1296,1296,1296,True,True,,SZ_MAIN,24.321855799274452,1243,False
000933,1284,1283,1280,True,True,,SZ_MAIN,24.34944418761546,1231,False
000935,1296,1296,1296,True,True,,SZ_MAIN,23.3705755756558,1243,False
000936,1296,1296,1296,True,True,,SZ_MAIN,22.539543828129016,1243,False
000937,1296,1296,1296,True,True,,SZ_MAIN,23.834022789720432,1243,False
000938,1296,1296,1296,True,True,,SZ_MAIN,24.95300220601206,1243,False
000948,1296,1296,1296,True,True,,SZ_MAIN,22.58639261252204,1243,False
000949,1296,1296,1296,True,True,,SZ_MAIN,22.581163142403717,1243,False
000950,1296,1296,1296,True,True,,SZ_MAIN,22.92665888420877,1243,False
000951,1296,1296,1296,True,True,,SZ_MAIN,23.682922899406808,1243,False
000952,1296,1296,1296,True,True,,SZ_MAIN,21.65898247732007,1243,False
000953,1192,1191,1188,True,True,,SZ_MAIN,21.457187949903208,1192,False
000955,1296,1296,1296,True,True,,SZ_MAIN,21.664350717719365,1243,False
000957,1277,1275,1269,True,True,,SZ_MAIN,22.570319180464217,1224,False
000958,1284,1283,1280,True,True,,SZ_MAIN,23.93481727897893,1231,False
000959,1266,1264,1258,True,True,,SZ_MAIN,24.140910214320254,1213,False
000960,1296,1296,1296,True,True,,SZ_MAIN,23.964910956124022,1243,False
000962,1296,1296,1296,True,True,,SZ_MAIN,22.42928367831211,1243,False
000963,1296,1296,1296,True,True,,SZ_MAIN,24.94591387899206,1243,False
000965,1296,1296,1296,True,True,,SZ_MAIN,22.119457175466497,1243,False
000966,1293,1293,1293,True,True,,SZ_MAIN,23.44077135000411,1243,False
000967,1296,1296,1296,True,True,,SZ_MAIN,23.5247970213836,1243,False
000968,1296,1296,1296,True,True,,SZ_MAIN,22.714421799667793,1243,False
000969,1296,1296,1296,True,True,,SZ_MAIN,22.983247727717465,1243,False
000970,1288,1287,1284,True,True,,SZ_MAIN,23.372195045963487,1235,False
000972,458,457,454,False,False,VALID_1D_ROWS_BELOW_750,SZ_MAIN,21.68439659204013,458,False
000973,1284,1283,1280,True,True,,SZ_MAIN,22.24618370560295,1231,False
000975,1289,1288,1285,True,True,,SZ_MAIN,24.403396984577387,1236,False
000977,1296,1296,1296,True,True,,SZ_MAIN,24.700970601171974,1243,False
000978,1296,1296,1296,True,True,,SZ_MAIN,21.831432701599404,1243,False
000980,849,849,849,True,False,,SZ_MAIN,23.334429068085825,849,False
000981,845,845,845,True,False,,SZ_MAIN,23.62443448784173,845,False
000983,1282,1281,1278,True,True,,SZ_MAIN,24.57314836522974,1229,False
000985,1296,1296,1296,True,True,,SZ_MAIN,21.468360988171618,1243,False
000987,1296,1296,1296,True,True,,SZ_MAIN,24.214061550200146,1243,False
000988,1296,1296,1296,True,True,,SZ_MAIN,24.131283286262228,1243,False
000989,1047,1047,1047,True,True,,SZ_MAIN,22.80842287809666,994,False
000990,1296,1296,1296,True,True,,SZ_MAIN,23.04046693555126,1243,False
000993,1296,1296,1296,True,True,,SZ_MAIN,22.282154620748717,1243,False
000995,784,784,784,True,False,,SZ_MAIN,21.652472416851694,784,False
000997,1296,1296,1296,True,True,,SZ_MAIN,23.613591906092193,1243,False
000998,1296,1296,1296,True,True,,SZ_MAIN,23.693226887451857,1243,False
000999,1296,1296,1296,True,True,,SZ_MAIN,24.605034821260364,1243,False
001201,1017,1017,1017,True,True,,SZ_MAIN,22.296490886474842,1017,False
001202,1016,1016,1016,True,True,,SZ_MAIN,21.411380374978283,1016,False
001203,1012,1012,1012,True,True,,SZ_MAIN,23.53739226040006,1012,False
001205,1009,1009,1009,True,True,,SZ_MAIN,21.8910497819985,1009,False
001206,995,994,991,True,False,,SZ_MAIN,21.88194425796435,995,False
001207,981,981,981,True,False,,SZ_MAIN,21.92037823371062,981,False
001208,980,980,980,True,False,,SZ_MAIN,22.396280673331667,980,False
001209,959,959,959,True,False,,SZ_MAIN,21.49014056170654,959,False
001210,955,955,955,True,False,,SZ_MAIN,21.529996144159163,955,False
001211,950,950,950,True,False,,SZ_MAIN,21.201237635841323,950,False
001212,934,933,933,True,False,,SZ_MAIN,21.92654937865592,934,False
001213,926,926,926,True,False,,SZ_MAIN,23.657122706682316,926,False
001215,928,928,928,True,False,,SZ_MAIN,22.10736027689054,928,False
001216,904,904,904,True,False,,SZ_MAIN,21.95448033001067,904,False
001217,913,913,913,True,False,,SZ_MAIN,22.092581751514754,913,False
001218,906,906,906,True,False,,SZ_MAIN,21.693711060924905,906,False
001219,902,902,902,True,False,,SZ_MAIN,21.720868870218812,902,False
001220,0,0,0,False,False,QFQ_OR_TURNOVER_UNAVAILABLE,SZ_MAIN,,0,False
001221,0,0,0,False,False,QFQ_OR_TURNOVER_UNAVAILABLE,SZ_MAIN,,0,False
001222,699,699,699,False,False,VALID_1D_ROWS_BELOW_750,SZ_MAIN,21.79701959676081,699,False
001223,623,623,623,False,False,VALID_1D_ROWS_BELOW_750,SZ_MAIN,22.004399662411142,623,False
001225,577,577,577,False,False,VALID_1D_ROWS_BELOW_750,SZ_MAIN,21.53236235696902,577,False
001226,740,740,740,False,False,VALID_1D_ROWS_BELOW_750,SZ_MAIN,21.56027130201175,740,False
001227,841,841,841,True,False,,SZ_MAIN,23.383259597056092,841,False
001228,774,774,774,True,False,,SZ_MAIN,21.718424565211713,774,False
001229,707,707,707,False,False,VALID_1D_ROWS_BELOW_750,SZ_MAIN,21.920214026335383,707,False
001230,723,723,723,False,False,VALID_1D_ROWS_BELOW_750,SZ_MAIN,21.705315072976134,723,False
001231,698,698,698,False,False,VALID_1D_ROWS_BELOW_750,SZ_MAIN,21.418660458936984,698,False
001233,0,0,0,False,False,QFQ_OR_TURNOVER_UNAVAILABLE,SZ_MAIN,,0,False
001234,845,845,845,True,False,,SZ_MAIN,21.619408594290896,845,False
001236,708,708,708,False,False,VALID_1D_ROWS_BELOW_750,SZ_MAIN,23.073299868344847,708,False
001238,678,678,678,False,False,VALID_1D_ROWS_BELOW_750,SZ_MAIN,21.825621095213137,678,False
001239,380,380,380,False,False,VALID_1D_ROWS_BELOW_750,SZ_MAIN,22.07403659368382,380,False
001255,669,669,669,False,False,VALID_1D_ROWS_BELOW_750,SZ_MAIN,21.65643866885908,669,False
001256,628,628,628,False,False,VALID_1D_ROWS_BELOW_750,SZ_MAIN,21.685816363446953,628,False
001257,0,0,0,False,False,QFQ_OR_TURNOVER_UNAVAILABLE,SZ_MAIN,,0,False
001258,715,715,715,False,False,VALID_1D_ROWS_BELOW_750,SZ_MAIN,22.63389417257137,715,False
001259,690,690,690,False,False,VALID_1D_ROWS_BELOW_750,SZ_MAIN,21.364379085967443,690,False
001260,581,581,581,False,False,VALID_1D_ROWS_BELOW_750,SZ_MAIN,21.443006261775878,581,False
001266,816,816,816,True,False,,SZ_MAIN,21.740804650412834,816,False
001267,877,876,874,True,False,,SZ_MAIN,22.444418408898386,877,False
001268,692,692,692,False,False,VALID_1D_ROWS_BELOW_750,SZ_MAIN,21.609205402913588,692,False
001269,669,669,669,False,False,VALID_1D_ROWS_BELOW_750,SZ_MAIN,22.382004125369754,669,False
001270,499,499,499,False,False,VALID_1D_ROWS_BELOW_750,SZ_MAIN,22.897726899011396,499,False
001277,203,203,203,False,False,VALID_1D_ROWS_BELOW_750,SZ_MAIN,21.84011089387558,203,False
001278,567,567,567,False,False,VALID_1D_ROWS_BELOW_750,SZ_MAIN,21.503808859579813,567,False
001279,182,182,182,False,False,VALID_1D_ROWS_BELOW_750,SZ_MAIN,22.46667500606789,182,False
001280,0,0,0,False,False,QFQ_OR_TURNOVER_UNAVAILABLE,SZ_MAIN,,0,False
001282,516,516,516,False,False,VALID_1D_ROWS_BELOW_750,SZ_MAIN,22.184554358214225,516,False
001283,687,687,687,False,False,VALID_1D_ROWS_BELOW_750,SZ_MAIN,22.140822886667213,687,False
001285,0,0,0,False,False,QFQ_OR_TURNOVER_UNAVAILABLE,SZ_MAIN,,0,False
001286,545,545,545,False,False,VALID_1D_ROWS_BELOW_750,SZ_MAIN,24.305742565824076,545,False
001287,545,545,545,False,False,VALID_1D_ROWS_BELOW_750,SZ_MAIN,23.45487506270391,545,False
001288,895,895,895,True,False,,SZ_MAIN,22.10520308290377,895,False
001289,836,836,836,True,False,,SZ_MAIN,25.719326686710822,836,False
001296,856,856,856,True,False,,SZ_MAIN,21.629233663471087,856,False
001298,653,653,653,False,False,VALID_1D_ROWS_BELOW_750,SZ_MAIN,22.427764976889694,653,False
001299,653,653,653,False,False,VALID_1D_ROWS_BELOW_750,SZ_MAIN,21.722997454492315,653,False
001300,661,661,661,False,False,VALID_1D_ROWS_BELOW_750,SZ_MAIN,21.90027560844449,661,False
001301,611,611,611,False,False,VALID_1D_ROWS_BELOW_750,SZ_MAIN,23.33449008584152,611,False
001306,398,398,398,False,False,VALID_1D_ROWS_BELOW_750,SZ_MAIN,22.285799587344087,398,False
001308,802,802,802,True,False,,SZ_MAIN,23.529809155942345,802,False
001309,733,733,733,False,False,VALID_1D_ROWS_BELOW_750,SZ_MAIN,23.321112302388585,733,False
001311,574,574,574,False,False,VALID_1D_ROWS_BELOW_750,SZ_MAIN,22.655867046610027,574,False
001313,824,824,824,True,False,,SZ_MAIN,22.471943816472017,824,False
001314,572,571,568,False,False,VALID_1D_ROWS_BELOW_750,SZ_MAIN,22.59435454762218,572,False
001316,738,738,738,False,False,VALID_1D_ROWS_BELOW_750,SZ_MAIN,21.783552857740563,738,False
001317,869,869,869,True,False,,SZ_MAIN,21.80895498032403,869,False
001318,762,762,762,True,False,,SZ_MAIN,22.056501451447815,762,False
001319,768,768,768,True,False,,SZ_MAIN,21.967000086602134,768,False
001322,656,656,656,False,False,VALID_1D_ROWS_BELOW_750,SZ_MAIN,22.837290731728753,656,False
001323,739,739,739,False,False,VALID_1D_ROWS_BELOW_750,SZ_MAIN,23.26394750152641,739,False
001324,518,518,518,False,False,VALID_1D_ROWS_BELOW_750,SZ_MAIN,21.675024093719895,518,False
001325,0,0,0,False,False,QFQ_OR_TURNOVER_UNAVAILABLE,SZ_MAIN,,0,False
001326,403,403,403,False,False,VALID_1D_ROWS_BELOW_750,SZ_MAIN,21.696382927536312,403,False
001328,545,545,545,False,False,VALID_1D_ROWS_BELOW_750,SZ_MAIN,22.507868671781456,545,False
001330,699,699,699,False,False,VALID_1D_ROWS_BELOW_750,SZ_MAIN,22.88350535359516,699,False
001331,672,670,666,False,False,VALID_1D_ROWS_BELOW_750,SZ_MAIN,21.757573129113368,672,False
001332,677,677,677,False,False,VALID_1D_ROWS_BELOW_750,SZ_MAIN,22.075310309866428,677,False
001333,625,625,625,False,False,VALID_1D_ROWS_BELOW_750,SZ_MAIN,21.702493808591164,625,False
001335,58,58,58,False,False,VALID_1D_ROWS_BELOW_750,SZ_MAIN,22.155666922253253,58,False
001336,717,717,717,False,False,VALID_1D_ROWS_BELOW_750,SZ_MAIN,21.312594426360587,717,False
001337,570,570,570,False,False,VALID_1D_ROWS_BELOW_750,SZ_MAIN,23.05280431592942,570,False
001338,641,641,641,False,False,VALID_1D_ROWS_BELOW_750,SZ_MAIN,22.488880526616928,641,False
001339,702,702,702,False,False,VALID_1D_ROWS_BELOW_750,SZ_MAIN,22.961823181369482,702,False
001356,109,109,109,False,False,VALID_1D_ROWS_BELOW_750,SZ_MAIN,22.726588139075723,109,False
001358,373,373,373,False,False,VALID_1D_ROWS_BELOW_750,SZ_MAIN,21.817323770264807,373,False
001359,310,310,310,False,False,VALID_1D_ROWS_BELOW_750,SZ_MAIN,22.966870911607238,310,False
001360,545,545,545,False,False,VALID_1D_ROWS_BELOW_750,SZ_MAIN,21.781930748504926,545,False
001366,568,568,568,False,False,VALID_1D_ROWS_BELOW_750,SZ_MAIN,21.399225980846985,568,False
001367,545,545,545,False,False,VALID_1D_ROWS_BELOW_750,SZ_MAIN,21.8383486160003,545,False
001368,564,564,564,False,False,VALID_1D_ROWS_BELOW_750,SZ_MAIN,21.655581321250175,564,False
001369,0,0,0,False,False,QFQ_OR_TURNOVER_UNAVAILABLE,SZ_MAIN,,0,False
001373,510,510,510,False,False,VALID_1D_ROWS_BELOW_750,SZ_MAIN,21.43890585104675,510,False
001376,407,407,407,False,False,VALID_1D_ROWS_BELOW_750,SZ_MAIN,22.570457490195935,407,False
001378,411,411,411,False,False,VALID_1D_ROWS_BELOW_750,SZ_MAIN,21.840374708248685,411,False
001379,353,353,353,False,False,VALID_1D_ROWS_BELOW_750,SZ_MAIN,22.198943759200986,353,False
001380,522,522,522,False,False,VALID_1D_ROWS_BELOW_750,SZ_MAIN,22.393639541358045,522,False
001382,74,74,74,False,False,VALID_1D_ROWS_BELOW_750,SZ_MAIN,22.876282951818308,74,False
001386,0,0,0,False,False,QFQ_OR_TURNOVER_UNAVAILABLE,SZ_MAIN,,0,False
001387,359,359,359,False,False,VALID_1D_ROWS_BELOW_750,SZ_MAIN,21.657814530794113,359,False
001388,7,7,7,False,False,VALID_1D_ROWS_BELOW_750,SZ_MAIN,22.495026659667776,7,False
001389,307,307,307,False,False,VALID_1D_ROWS_BELOW_750,SZ_MAIN,24.10731866201036,307,False
001390,29,29,29,False,False,VALID_1D_ROWS_BELOW_750,SZ_MAIN,22.179552569886336,29,False
001391,126,126,126,False,False,VALID_1D_ROWS_BELOW_750,SZ_MAIN,25.0113381973477,126,False
001395,107,107,107,False,False,VALID_1D_ROWS_BELOW_750,SZ_MAIN,22.060376781583315,107,False
001396,0,0,0,False,False,QFQ_OR_TURNOVER_UNAVAILABLE,SZ_MAIN,,0,False
001400,51,51,51,False,False,VALID_1D_ROWS_BELOW_750,SZ_MAIN,22.998315279745935,51,False
001696,1296,1296,1296,True,True,,SZ_MAIN,22.827203965565822,1243,False
001872,1296,1296,1296,True,True,,SZ_MAIN,24.464723261261355,1243,False
001896,1293,1293,1293,True,True,,SZ_MAIN,22.763665619793684,1240,False
001914,1296,1296,1296,True,True,,SZ_MAIN,23.364348141615075,1243,False
001965,1296,1296,1296,True,True,,SZ_MAIN,24.810100528467686,1243,False
001979,1284,1283,1280,True,True,,SZ_MAIN,25.25059487818622,1231,False
002001,1296,1296,1296,True,True,,SZ_MAIN,24.929342502199397,1243,False
002003,1296,1296,1296,True,True,,SZ_MAIN,23.18721856685544,1243,False
002004,1296,1296,1296,True,True,,SZ_MAIN,23.035562407924015,1243,False
002005,0,0,0,False,False,QFQ_OR_TURNOVER_UNAVAILABLE,SZ_MAIN,,0,False
002006,1296,1296,1296,True,True,,SZ_MAIN,22.918491823229385,1243,False
002007,1296,1296,1296,True,True,,SZ_MAIN,24.307026313811438,1243,False
002008,1296,1296,1296,True,True,,SZ_MAIN,24.108767250302403,1243,False
002009,1296,1296,1296,True,True,,SZ_MAIN,22.516770659023,1243,False
002010,1296,1296,1296,True,True,,SZ_MAIN,23.489155779943,1243,False
002011,1282,1280,1274,True,True,,SZ_MAIN,23.24023845188322,1229,False
002012,1296,1296,1296,True,True,,SZ_MAIN,21.68594485345204,1243,False
002014,1296,1296,1296,True,True,,SZ_MAIN,22.403242125243278,1243,False
002015,1296,1296,1296,True,True,,SZ_MAIN,23.658747212218127,1243,False
002016,1290,1289,1287,True,True,,SZ_MAIN,22.331126516089764,1237,False
002017,1296,1296,1296,True,True,,SZ_MAIN,22.538684623447026,1243,False
002019,1296,1296,1296,True,True,,SZ_MAIN,23.50917049682327,1243,False
002020,1296,1296,1296,True,True,,SZ_MAIN,23.07179078272433,1243,False
002021,467,467,467,False,False,VALID_1D_ROWS_BELOW_750,SZ_MAIN,21.810069936227265,467,False
002022,1069,1069,1069,True,True,,SZ_MAIN,22.083190394388946,1016,False
002023,1296,1296,1296,True,True,,SZ_MAIN,22.752170321922833,1243,False
002024,302,300,297,False,False,VALID_1D_ROWS_BELOW_750,SZ_MAIN,24.50404709565314,253,False
002025,1296,1296,1296,True,True,,SZ_MAIN,23.96344786405759,1243,False
002026,1296,1296,1296,True,True,,SZ_MAIN,22.30392181286535,1243,False
002027,1296,1296,1296,True,True,,SZ_MAIN,25.327836064034347,1243,False
002028,1296,1296,1296,True,True,,SZ_MAIN,24.378740362752726,1243,False
002029,1296,1296,1296,True,True,,SZ_MAIN,22.211111726514957,1243,False
002030,1296,1296,1296,True,True,,SZ_MAIN,23.347635434745644,1243,False
002031,1296,1296,1296,True,True,,SZ_MAIN,22.74108901519494,1243,False
002032,1296,1296,1296,True,True,,SZ_MAIN,24.458083338612788,1243,False
002033,1296,1296,1296,True,True,,SZ_MAIN,22.301524297225168,1243,False
002034,1296,1296,1296,True,True,,SZ_MAIN,22.71433022603959,1243,False
002035,1296,1296,1296,True,True,,SZ_MAIN,22.40643745387483,1243,False
002036,1289,1288,1285,True,True,,SZ_MAIN,23.178148452293435,1236,False
002037,1296,1296,1296,True,True,,SZ_MAIN,22.161826660488945,1243,False
002038,1296,1296,1296,True,True,,SZ_MAIN,22.932923304597786,1243,False
002039,1296,1296,1296,True,True,,SZ_MAIN,22.56822798511991,1243,False
002040,1296,1296,1296,True,True,,SZ_MAIN,21.92177551956097,1243,False
002041,1296,1296,1296,True,True,,SZ_MAIN,23.300143765273223,1243,False
002042,1296,1296,1296,True,True,,SZ_MAIN,22.686995538703766,1243,False
002043,1296,1296,1296,True,True,,SZ_MAIN,22.867770505342058,1243,False
002044,1296,1296,1296,True,True,,SZ_MAIN,23.816000021542425,1243,False
002045,1296,1296,1296,True,True,,SZ_MAIN,22.654005957821493,1243,False
002046,1296,1296,1296,True,True,,SZ_MAIN,22.606856343726122,1243,False
002047,1039,1038,1036,True,True,,SZ_MAIN,22.212469898115884,986,False
002048,1296,1296,1296,True,True,,SZ_MAIN,23.198609777493612,1243,False
002049,1284,1283,1280,True,True,,SZ_MAIN,24.985270879469393,1231,False
002050,1296,1296,1296,True,True,,SZ_MAIN,25.234439640266846,1243,False
002051,1296,1296,1296,True,True,,SZ_MAIN,23.04771005096978,1243,False
002052,216,216,216,False,False,VALID_1D_ROWS_BELOW_750,SZ_MAIN,22.954104289869584,216,False
002053,1296,1296,1296,True,True,,SZ_MAIN,23.040388613208606,1243,False
002054,1296,1296,1296,True,True,,SZ_MAIN,21.976073999140528,1243,False
002055,1214,1214,1214,True,True,,SZ_MAIN,22.364656721208462,1161,False
002056,1296,1296,1296,True,True,,SZ_MAIN,23.97425721663634,1243,False
002057,1296,1296,1296,True,True,,SZ_MAIN,22.600499597800084,1243,False
002058,774,774,774,True,False,,SZ_MAIN,21.201853601229615,721,False
002059,1296,1296,1296,True,True,,SZ_MAIN,22.45122208091261,1243,False
002060,1282,1281,1278,True,True,,SZ_MAIN,23.32155532283416,1229,False
002061,1296,1296,1296,True,True,,SZ_MAIN,23.06278847869486,1243,False
002062,1292,1291,1291,True,True,,SZ_MAIN,22.482876527838545,1239,False
002063,1296,1296,1296,True,True,,SZ_MAIN,23.142750588867816,1243,False
002064,1290,1289,1287,True,True,,SZ_MAIN,24.379308062359215,1237,False
002065,1296,1296,1296,True,True,,SZ_MAIN,23.838315128836854,1243,False
002066,1293,1293,1293,True,True,,SZ_MAIN,21.667572433773522,1240,False
002067,1296,1296,1296,True,True,,SZ_MAIN,22.190218460368747,1243,False
002068,1296,1296,1296,True,True,,SZ_MAIN,22.724417766017353,1243,False
002069,1033,1033,1033,True,True,,SZ_MAIN,21.694718545239358,980,False
002072,839,839,839,True,False,,SZ_MAIN,21.555305016372976,839,False
002073,1296,1296,1296,True,True,,SZ_MAIN,22.659410273290007,1243,False
002074,1296,1296,1296,True,True,,SZ_MAIN,24.660316476784217,1243,False
002075,1293,1293,1293,True,True,,SZ_MAIN,23.119288493424783,1240,False
002076,491,491,491,False,False,VALID_1D_ROWS_BELOW_750,SZ_MAIN,21.681252122355417,491,False
002077,1193,1193,1193,True,True,,SZ_MAIN,22.857417408297245,1193,False
002078,1296,1296,1296,True,True,,SZ_MAIN,24.271862288967498,1243,False
002079,1296,1296,1296,True,True,,SZ_MAIN,22.90263972424029,1243,False
002080,1296,1296,1296,True,True,,SZ_MAIN,24.329709231383447,1243,False
002081,1296,1296,1296,True,True,,SZ_MAIN,23.19048677741403,1243,False
002082,1290,1290,1290,True,True,,SZ_MAIN,22.395283833598683,1237,False
002083,1296,1296,1296,True,True,,SZ_MAIN,22.109563468095956,1243,False
002084,1296,1296,1296,True,True,,SZ_MAIN,21.682595825313875,1243,False
002085,1296,1296,1296,True,True,,SZ_MAIN,23.374462070573585,1243,False
002086,461,461,461,False,False,VALID_1D_ROWS_BELOW_750,SZ_MAIN,22.3356799241754,461,False
002088,1288,1287,1286,True,True,,SZ_MAIN,22.740272813784905,1235,False
002090,1292,1291,1291,True,True,,SZ_MAIN,22.10098327674974,1239,False
002091,1296,1296,1296,True,True,,SZ_MAIN,23.307161809451273,1243,False
002092,1040,1039,1036,True,True,,SZ_MAIN,23.643441229123255,987,False
002093,1296,1296,1296,True,True,,SZ_MAIN,22.73626371051478,1243,False
002094,1296,1296,1296,True,True,,SZ_MAIN,21.7347839252024,1243,False
002095,1296,1296,1296,True,True,,SZ_MAIN,22.172736667031813,1243,False
002096,1281,1280,1277,True,True,,SZ_MAIN,23.34387429439909,1228,False
002097,1296,1296,1296,True,True,,SZ_MAIN,22.78993071486744,1243,False
002098,1296,1296,1296,True,True,,SZ_MAIN,21.575508594012135,1243,False
002099,1296,1296,1296,True,True,,SZ_MAIN,23.133517269798805,1243,False
002100,1296,1296,1296,True,True,,SZ_MAIN,23.046160443754818,1243,False
002101,1296,1296,1296,True,True,,SZ_MAIN,22.840887496448197,1243,False
002102,717,717,717,False,False,VALID_1D_ROWS_BELOW_750,SZ_MAIN,22.773512456068087,717,False
002103,1296,1296,1296,True,True,,SZ_MAIN,21.861148211113072,1243,False
002104,1296,1296,1296,True,True,,SZ_MAIN,22.450336609633133,1243,False
002105,1296,1296,1296,True,True,,SZ_MAIN,21.692063626299582,1243,False
002106,1296,1296,1296,True,True,,SZ_MAIN,22.691353363110906,1243,False
002107,1296,1296,1296,True,True,,SZ_MAIN,22.004696199123646,1243,False
002108,1296,1296,1296,True,True,,SZ_MAIN,22.701700347081342,1243,False
002109,1290,1290,1290,True,True,,SZ_MAIN,22.34345150675116,1237,False
002110,1296,1296,1296,True,True,,SZ_MAIN,23.135124250045987,1243,False
002111,1296,1296,1296,True,True,,SZ_MAIN,22.417494181659762,1243,False
002112,1296,1296,1296,True,True,,SZ_MAIN,21.65318866809418,1243,False
002114,1290,1289,1287,True,True,,SZ_MAIN,21.55024634978189,1237,False
002115,1290,1290,1290,True,True,,SZ_MAIN,22.29883840506037,1243,False
002116,1296,1296,1296,True,True,,SZ_MAIN,22.269377616855564,1243,False
002117,1296,1296,1296,True,True,,SZ_MAIN,22.26110775795698,1243,False
002119,1296,1296,1296,True,True,,SZ_MAIN,22.362048252933576,1243,False
002120,1296,1296,1296,True,True,,SZ_MAIN,24.042151635538318,1243,False
002121,1189,1188,1185,True,True,,SZ_MAIN,22.920671114506472,1189,False
002122,645,645,645,False,False,VALID_1D_ROWS_BELOW_750,SZ_MAIN,22.764312775774865,645,False
002123,1284,1283,1280,True,True,,SZ_MAIN,23.084594708465445,1231,False
002124,1051,1051,1051,True,True,,SZ_MAIN,23.057141652876666,998,False
002125,1296,1296,1296,True,True,,SZ_MAIN,22.721704145135867,1243,False
002126,1296,1296,1296,True,True,,SZ_MAIN,23.341557885763326,1243,False
002127,1296,1296,1296,True,True,,SZ_MAIN,23.065903077041337,1243,False
002128,1285,1284,1281,True,True,,SZ_MAIN,24.18349272300636,1232,False
002129,1296,1296,1296,True,True,,SZ_MAIN,25.133433972445825,1243,False
002130,1296,1296,1296,True,True,,SZ_MAIN,23.00456721269934,1243,False
002131,1291,1290,1289,True,True,,SZ_MAIN,23.479388090319954,1238,False
002132,1296,1296,1296,True,True,,SZ_MAIN,22.355567988626763,1243,False
002133,1296,1296,1296,True,True,,SZ_MAIN,21.648995882195848,1243,False
002134,1296,1296,1296,True,True,,SZ_MAIN,21.622816301150987,1243,False
002135,1296,1296,1296,True,True,,SZ_MAIN,22.671545951812856,1243,False
002136,1292,1291,1291,True,True,,SZ_MAIN,21.644975380505333,1239,False
002137,1296,1296,1296,True,True,,SZ_MAIN,22.032086676452284,1243,False
002138,1296,1296,1296,True,True,,SZ_MAIN,23.83912170984953,1243,False
002139,1296,1296,1296,True,True,,SZ_MAIN,23.463352773398217,1243,False
002140,1296,1296,1296,True,True,,SZ_MAIN,22.59003903252327,1243,False
002141,1011,1011,1011,True,True,,SZ_MAIN,22.161197777409427,958,False
002142,1288,1287,1284,True,True,,SZ_MAIN,25.94736046436854,1235,False
002144,1296,1296,1296,True,True,,SZ_MAIN,21.336919718413615,1243,False
002145,1296,1296,1296,True,True,,SZ_MAIN,23.70095778112293,1243,False
002146,1284,1283,1280,True,True,,SZ_MAIN,22.829596318789523,1231,False
002148,1296,1296,1296,True,True,,SZ_MAIN,21.909709504471817,1243,False
002149,1296,1296,1296,True,True,,SZ_MAIN,22.78010289515313,1243,False
002150,1290,1289,1287,True,True,,SZ_MAIN,22.27217885650348,1237,False
002151,1296,1296,1296,True,True,,SZ_MAIN,23.524534246191358,1243,False
002152,1296,1296,1296,True,True,,SZ_MAIN,24.09076551679685,1243,False
002153,1291,1290,1289,True,True,,SZ_MAIN,24.09938326184039,1238,False
002154,1296,1296,1296,True,True,,SZ_MAIN,22.53394655244135,1243,False
002155,1284,1283,1280,True,True,,SZ_MAIN,23.53195410494958,1231,False
002156,1296,1296,1296,True,True,,SZ_MAIN,24.18962927695472,1243,False
002157,1026,1026,1026,True,True,,SZ_MAIN,24.00569725965331,973,False
002158,1296,1296,1296,True,True,,SZ_MAIN,23.238824265606578,1243,False
002159,1289,1288,1285,True,True,,SZ_MAIN,21.672325864432874,1236,False
002160,1290,1289,1287,True,True,,SZ_MAIN,22.10801438379081,1237,False
002161,1296,1296,1296,True,True,,SZ_MAIN,22.098929413481994,1243,False
002162,1296,1296,1296,True,True,,SZ_MAIN,22.13470790315954,1243,False
002163,1296,1296,1296,True,True,,SZ_MAIN,22.920463747260403,1243,False
002164,1296,1296,1296,True,True,,SZ_MAIN,21.87587169666216,1243,False
002165,1296,1296,1296,True,True,,SZ_MAIN,21.910896881005197,1243,False
002166,1284,1283,1280,True,True,,SZ_MAIN,22.466191208727484,1231,False
002167,1296,1296,1296,True,True,,SZ_MAIN,22.476760507988857,1243,False
002168,871,871,871,True,False,,SZ_MAIN,21.902726705950055,833,False
002169,1286,1285,1282,True,True,,SZ_MAIN,22.537585505854313,1233,False
002170,1296,1296,1296,True,True,,SZ_MAIN,22.434180836929336,1243,False
002171,1296,1296,1296,True,True,,SZ_MAIN,23.171077069041733,1243,False
002172,1289,1288,1285,True,True,,SZ_MAIN,21.802649216783625,1236,False
002173,1296,1296,1296,True,True,,SZ_MAIN,21.995906251798885,1243,False
002174,1296,1296,1296,True,True,,SZ_MAIN,23.08035286792825,1243,False
002175,973,972,969,True,False,,SZ_MAIN,22.133878626919646,973,False
002176,1219,1218,1215,True,True,,SZ_MAIN,23.650947568735766,1219,False
002177,1023,1023,1023,True,True,,SZ_MAIN,22.11242561866972,970,False
002178,1296,1296,1296,True,True,,SZ_MAIN,21.952419253249694,1243,False
002179,1296,1296,1296,True,True,,SZ_MAIN,25.186217860740914,1243,False
002180,1289,1288,1288,True,True,,SZ_MAIN,24.37216734677112,1240,False
002181,1296,1296,1296,True,True,,SZ_MAIN,22.4008255022199,1243,False
002182,1292,1291,1291,True,True,,SZ_MAIN,23.305790555632445,1239,False
002183,1296,1296,1296,True,True,,SZ_MAIN,23.29899275349786,1243,False
002184,1287,1286,1283,True,True,,SZ_MAIN,22.245368023955614,1234,False
002185,1284,1283,1280,True,True,,SZ_MAIN,24.17427282919825,1231,False
002186,1289,1288,1285,True,True,,SZ_MAIN,21.901068285677212,1236,False
002187,1293,1293,1293,True,True,,SZ_MAIN,22.277410629027916,1243,False
002188,938,938,938,True,False,,SZ_MAIN,21.312352928504918,938,False
002189,1296,1296,1296,True,True,,SZ_MAIN,22.23611429189211,1243,False
002190,1296,1296,1296,True,True,,SZ_MAIN,22.912143010763458,1243,False
002191,1296,1296,1296,True,True,,SZ_MAIN,22.8925230506057,1243,False
002192,1242,1242,1242,True,True,,SZ_MAIN,23.433668869651406,1242,False
002193,1290,1290,1290,True,True,,SZ_MAIN,21.19105755609666,1237,False
002194,1296,1296,1296,True,True,,SZ_MAIN,22.713165869883763,1243,False
002195,1296,1296,1296,True,True,,SZ_MAIN,23.522393806721247,1243,False
002196,1289,1288,1285,True,True,,SZ_MAIN,22.109840194394987,1236,False
002197,892,892,892,True,False,,SZ_MAIN,22.479992496080992,839,False
002198,1277,1275,1270,True,True,,SZ_MAIN,21.970734115355846,1224,False
002199,1023,1023,1023,True,True,,SZ_MAIN,21.303729612836214,970,False
002200,0,0,0,False,False,QFQ_OR_TURNOVER_UNAVAILABLE,SZ_MAIN,,0,False
002201,1296,1296,1296,True,True,,SZ_MAIN,22.497761809334943,1243,False
002202,1296,1296,1296,True,True,,SZ_MAIN,24.581999008846182,1243,False
002203,1296,1296,1296,True,True,,SZ_MAIN,23.823610926561088,1243,False
002204,1296,1296,1296,True,True,,SZ_MAIN,22.966640669035908,1243,False
002205,1296,1296,1296,True,True,,SZ_MAIN,21.36476060083159,1243,False
002206,1296,1296,1296,True,True,,SZ_MAIN,22.62570121625041,1243,False
002207,1284,1283,1283,True,True,,SZ_MAIN,21.309773847540647,1231,False
002208,1284,1283,1280,True,True,,SZ_MAIN,22.48246774638866,1231,False
002209,1296,1296,1296,True,True,,SZ_MAIN,21.31005072273535,1243,False
002210,1071,1071,1071,True,True,,SZ_MAIN,22.56494525639998,1071,False
002211,765,765,765,True,False,,SZ_MAIN,21.240872034091062,712,False
002212,1296,1296,1296,True,True,,SZ_MAIN,23.14415895963002,1243,False
002213,1296,1296,1296,True,True,,SZ_MAIN,21.909791318068542,1243,False
002214,1046,1046,1046,True,True,,SZ_MAIN,22.80043596268812,993,False
002215,1296,1296,1296,True,True,,SZ_MAIN,22.71977492964215,1243,False
002216,1296,1296,1296,True,True,,SZ_MAIN,23.263814189907805,1243,False
002217,1010,1009,1006,True,True,,SZ_MAIN,23.071890505105944,957,False
002218,1296,1296,1296,True,True,,SZ_MAIN,22.557395067416802,1243,False
002219,931,931,931,True,False,,SZ_MAIN,22.924065150122004,931,False
002221,1296,1296,1296,True,True,,SZ_MAIN,23.394174181795915,1243,False
002222,1296,1296,1296,True,True,,SZ_MAIN,23.09991193670561,1243,False
002223,1296,1296,1296,True,True,,SZ_MAIN,24.263505527858026,1243,False
002224,1296,1296,1296,True,True,,SZ_MAIN,22.0469998325548,1243,False
002225,1296,1296,1296,True,True,,SZ_MAIN,22.19683488721624,1243,False
002226,1293,1293,1293,True,True,,SZ_MAIN,23.355647001105506,1240,False
002227,1283,1283,1283,True,True,,SZ_MAIN,21.88925321410707,1230,False
002228,1296,1296,1296,True,True,,SZ_MAIN,22.14526883831196,1243,False
002229,1296,1296,1296,True,True,,SZ_MAIN,22.607978323045717,1243,False
002230,1296,1296,1296,True,True,,SZ_MAIN,25.44448208384918,1243,False
002232,1296,1296,1296,True,True,,SZ_MAIN,22.586864397538697,1243,False
002233,1296,1296,1296,True,True,,SZ_MAIN,22.986042653617577,1243,False
002234,1296,1296,1296,True,True,,SZ_MAIN,22.26572317489376,1243,False
002235,1289,1288,1285,True,True,,SZ_MAIN,21.918267122922288,1236,False
002236,1296,1296,1296,True,True,,SZ_MAIN,24.78955228336118,1243,False
002237,1296,1296,1296,True,True,,SZ_MAIN,23.303646713688327,1243,False
002238,1296,1296,1296,True,True,,SZ_MAIN,22.510186978722455,1243,False
002239,1291,1290,1289,True,True,,SZ_MAIN,22.99510280061051,1238,False
002240,1296,1296,1296,True,True,,SZ_MAIN,23.948343846318437,1243,False
002241,1296,1296,1296,True,True,,SZ_MAIN,25.180982824287447,1243,False
002242,1296,1296,1296,True,True,,SZ_MAIN,23.08196321516752,1243,False
002243,1296,1296,1296,True,True,,SZ_MAIN,23.083439126834048,1243,False
002244,1296,1296,1296,True,True,,SZ_MAIN,24.043279778233757,1243,False
002245,1296,1296,1296,True,True,,SZ_MAIN,23.535500209664015,1243,False
002246,1296,1296,1296,True,True,,SZ_MAIN,22.35904871781534,1243,False
002247,1192,1192,1192,True,True,,SZ_MAIN,21.51728141602687,1192,False
002248,1296,1296,1296,True,True,,SZ_MAIN,21.706144275442686,1243,False
002249,1296,1296,1296,True,True,,SZ_MAIN,23.330372101066242,1243,False
002250,1296,1296,1296,True,True,,SZ_MAIN,23.135785221075782,1243,False
002251,930,929,926,True,False,,SZ_MAIN,22.512831965966466,877,False
002252,1284,1283,1280,True,True,,SZ_MAIN,24.541781707707006,1231,False
002253,1046,1046,1046,True,True,,SZ_MAIN,21.845194556888615,993,False
002254,1296,1296,1296,True,True,,SZ_MAIN,23.128141840562996,1243,False
002255,1211,1211,1211,True,True,,SZ_MAIN,22.281496503964327,1211,False
002256,1150,1150,1150,True,True,,SZ_MAIN,22.320364133237028,1150,False
002258,1296,1296,1296,True,True,,SZ_MAIN,23.124612363141555,1243,False
002259,235,235,235,False,False,VALID_1D_ROWS_BELOW_750,SZ_MAIN,21.880885304988823,235,False
002261,1296,1296,1296,True,True,,SZ_MAIN,23.537252816487154,1243,False
002262,1296,1296,1296,True,True,,SZ_MAIN,23.864372988011116,1243,False
002263,1292,1291,1291,True,True,,SZ_MAIN,22.407976975661864,1239,False
002264,1296,1296,1296,True,True,,SZ_MAIN,22.135213754436418,1243,False
002265,1281,1280,1277,True,True,,SZ_MAIN,23.15593746098049,1228,False
002266,1296,1296,1296,True,True,,SZ_MAIN,23.800300440815214,1243,False
002267,1296,1296,1296,True,True,,SZ_MAIN,22.85632546810391,1243,False
002268,1296,1296,1296,True,True,,SZ_MAIN,23.597855090461085,1243,False
002269,1296,1296,1296,True,True,,SZ_MAIN,22.27581588717346,1243,False
002270,1296,1296,1296,True,True,,SZ_MAIN,23.14262607159695,1243,False
002271,1296,1296,1296,True,True,,SZ_MAIN,24.847738581585308,1243,False
002272,1296,1296,1296,True,True,,SZ_MAIN,21.7952671331095,1243,False
002273,1296,1296,1296,True,True,,SZ_MAIN,23.697069187060908,1243,False
002274,1296,1296,1296,True,True,,SZ_MAIN,22.71956741352973,1243,False
002275,1296,1296,1296,True,True,,SZ_MAIN,22.84826046983808,1243,False
002276,1296,1296,1296,True,True,,SZ_MAIN,22.97407699676564,1243,False
002277,1280,1278,1275,True,True,,SZ_MAIN,22.336500946892258,1227,False
002278,1296,1296,1296,True,True,,SZ_MAIN,21.461616029818426,1243,False
002279,1296,1296,1296,True,True,,SZ_MAIN,22.393117731666234,1243,False
002281,1296,1296,1296,True,True,,SZ_MAIN,23.82963728280756,1243,False
002282,1289,1288,1285,True,True,,SZ_MAIN,22.132963526567973,1236,False
002283,1296,1296,1296,True,True,,SZ_MAIN,22.662106597482953,1243,False
002284,1296,1296,1296,True,True,,SZ_MAIN,22.55392656720579,1243,False
002285,1296,1296,1296,True,True,,SZ_MAIN,22.473339878892293,1243,False
002286,1296,1296,1296,True,True,,SZ_MAIN,21.959938560086353,1243,False
002287,1296,1296,1296,True,True,,SZ_MAIN,23.278813297076933,1243,False
002289,480,480,480,False,False,VALID_1D_ROWS_BELOW_750,SZ_MAIN,21.54121471205773,480,False
002290,1222,1222,1222,True,True,,SZ_MAIN,21.789835322739304,1222,False
002291,1296,1296,1296,True,True,,SZ_MAIN,22.989355395832604,1243,False
002292,1296,1296,1296,True,True,,SZ_MAIN,23.035753629016675,1243,False
002293,1296,1296,1296,True,True,,SZ_MAIN,22.870179859934414,1243,False
002294,1296,1296,1296,True,True,,SZ_MAIN,24.2835292747062,1243,False
002295,1296,1296,1296,True,True,,SZ_MAIN,21.29952722920315,1243,False
002296,1296,1296,1296,True,True,,SZ_MAIN,21.895692443784704,1243,False
002297,1296,1296,1296,True,True,,SZ_MAIN,22.210393552177983,1243,False
002298,1296,1296,1296,True,True,,SZ_MAIN,22.321428586698442,1243,False
002299,1296,1296,1296,True,True,,SZ_MAIN,23.848330884251148,1243,False
002300,1296,1296,1296,True,True,,SZ_MAIN,22.298611652586747,1243,False
002301,1296,1296,1296,True,True,,SZ_MAIN,22.353850603316747,1243,False
002302,1296,1296,1296,True,True,,SZ_MAIN,22.930325335704108,1243,False
002303,1296,1296,1296,True,True,,SZ_MAIN,22.402161320411235,1243,False
002304,1296,1296,1296,True,True,,SZ_MAIN,25.94276080824399,1243,False
002305,1047,1047,1047,True,True,,SZ_MAIN,22.020509089884122,994,False
002306,967,967,967,True,False,,SZ_MAIN,21.751884753793984,967,False
002307,1296,1296,1296,True,True,,SZ_MAIN,22.47534113488465,1243,False
002309,539,539,539,False,False,VALID_1D_ROWS_BELOW_750,SZ_MAIN,22.594269796372565,486,False
002310,1033,1033,1033,True,True,,SZ_MAIN,22.678102464823684,980,False
002311,1296,1296,1296,True,True,,SZ_MAIN,25.25947572217069,1243,False
002312,1281,1280,1277,True,True,,SZ_MAIN,23.75920447146344,1228,False
002313,928,928,928,True,False,,SZ_MAIN,22.062242149802344,875,False
002314,1296,1296,1296,True,True,,SZ_MAIN,22.841073437593344,1243,False
002315,1296,1296,1296,True,True,,SZ_MAIN,22.928912428469577,1243,False
002316,801,801,801,True,False,,SZ_MAIN,21.411979117188377,748,False
002317,1296,1296,1296,True,True,,SZ_MAIN,23.242271890419843,1243,False
002318,1296,1296,1296,True,True,,SZ_MAIN,23.647239035311618,1243,False
002319,1235,1235,1235,True,True,,SZ_MAIN,21.682616058281013,1235,False
002320,1296,1296,1296,True,True,,SZ_MAIN,23.314880328600264,1243,False
002321,784,784,784,True,False,,SZ_MAIN,22.343633692983126,731,False
002322,1296,1296,1296,True,True,,SZ_MAIN,22.224920738471248,1243,False
002323,945,945,945,True,False,,SZ_MAIN,22.16823239372685,945,False
002324,1296,1296,1296,True,True,,SZ_MAIN,23.349503442542957,1243,False
002326,1289,1288,1285,True,True,,SZ_MAIN,23.406632124066007,1236,False
002327,1296,1296,1296,True,True,,SZ_MAIN,22.639956834357843,1243,False
002328,1296,1296,1296,True,True,,SZ_MAIN,22.222055053691083,1243,False
002329,1296,1296,1296,True,True,,SZ_MAIN,22.07865588175443,1243,False
002330,1296,1296,1296,True,True,,SZ_MAIN,21.876038978290712,1243,False
002331,1296,1296,1296,True,True,,SZ_MAIN,21.905439342085174,1243,False
002332,1296,1296,1296,True,True,,SZ_MAIN,23.108487448807388,1243,False
002333,1199,1199,1199,True,True,,SZ_MAIN,22.04930061161635,1199,False
002334,1296,1296,1296,True,True,,SZ_MAIN,22.573776391334295,1243,False
002335,1296,1296,1296,True,True,,SZ_MAIN,23.51854392789465,1243,False
002337,1296,1296,1296,True,True,,SZ_MAIN,21.82643859086685,1243,False
002338,1284,1283,1280,True,True,,SZ_MAIN,22.68594881801605,1231,False
002339,1296,1296,1296,True,True,,SZ_MAIN,22.01213920085356,1243,False
002340,1296,1296,1296,True,True,,SZ_MAIN,24.358233539679752,1243,False
002342,1296,1296,1296,True,True,,SZ_MAIN,22.122278970474078,1243,False
002343,1296,1296,1296,True,True,,SZ_MAIN,21.822438640336788,1243,False
002344,1296,1296,1296,True,True,,SZ_MAIN,22.45604301719086,1243,False
002345,1296,1296,1296,True,True,,SZ_MAIN,22.39681897631673,1243,False
002346,1296,1296,1296,True,True,,SZ_MAIN,22.484559910162016,1243,False
002347,1296,1296,1296,True,True,,SZ_MAIN,21.65886750419726,1243,False
002348,1285,1283,1280,True,True,,SZ_MAIN,21.855337525746624,1232,False
002349,1296,1296,1296,True,True,,SZ_MAIN,22.580358868957656,1243,False
002350,1296,1296,1296,True,True,,SZ_MAIN,22.04731697304802,1243,False
002351,1296,1296,1296,True,True,,SZ_MAIN,23.157514324818052,1243,False
002352,1291,1290,1289,True,True,,SZ_MAIN,26.16221625998581,1243,False
002353,1296,1296,1296,True,True,,SZ_MAIN,24.29530886596341,1243,False
002354,1200,1200,1200,True,True,,SZ_MAIN,22.87200808056049,1200,False
002355,1284,1283,1280,True,True,,SZ_MAIN,21.99360882339427,1231,False
002356,930,930,930,True,False,,SZ_MAIN,22.407673194032082,930,False
002357,1289,1288,1285,True,True,,SZ_MAIN,21.419572934904547,1236,False
002358,836,836,836,True,False,,SZ_MAIN,22.18944924304664,783,False
002360,1288,1288,1288,True,True,,SZ_MAIN,21.750142576280002,1235,False
002361,1296,1296,1296,True,True,,SZ_MAIN,22.15321869616475,1243,False
002362,1296,1296,1296,True,True,,SZ_MAIN,22.294651245391037,1243,False
002363,1296,1296,1296,True,True,,SZ_MAIN,21.787882917463552,1243,False
002364,1296,1296,1296,True,True,,SZ_MAIN,22.26242767333864,1243,False
002365,1296,1296,1296,True,True,,SZ_MAIN,21.807986177785498,1243,False
002366,1040,1040,1040,True,True,,SZ_MAIN,23.026781501664253,987,False
002367,1296,1296,1296,True,True,,SZ_MAIN,22.50815928138381,1243,False
002368,1296,1296,1296,True,True,,SZ_MAIN,23.442960102971607,1243,False
002369,1289,1288,1285,True,True,,SZ_MAIN,21.9091844078873,1236,False
002370,1289,1288,1285,True,True,,SZ_MAIN,21.650771076669127,1236,False
002371,1296,1296,1296,True,True,,SZ_MAIN,25.820260564970262,1243,False
002372,1296,1296,1296,True,True,,SZ_MAIN,24.042474619838146,1243,False
002373,1296,1296,1296,True,True,,SZ_MAIN,23.556645355042015,1243,False
002374,1296,1296,1296,True,True,,SZ_MAIN,22.022914402390953,1243,False
002375,1296,1296,1296,True,True,,SZ_MAIN,22.52885984952624,1243,False
002376,1296,1296,1296,True,True,,SZ_MAIN,22.37488612666599,1243,False
002377,1293,1293,1293,True,True,,SZ_MAIN,21.72107115089441,1240,False
002378,1296,1296,1296,True,True,,SZ_MAIN,22.78211427078583,1243,False
002379,1284,1283,1280,True,True,,SZ_MAIN,22.318982459168982,1231,False
002380,1296,1296,1296,True,True,,SZ_MAIN,22.178678260315895,1243,False
002381,1296,1296,1296,True,True,,SZ_MAIN,21.777122770605985,1243,False
002382,1296,1296,1296,True,True,,SZ_MAIN,22.68761359785278,1243,False
002383,1296,1296,1296,True,True,,SZ_MAIN,22.413257852287675,1243,False
002384,1296,1296,1296,True,True,,SZ_MAIN,24.458354735451962,1243,False
002385,1296,1296,1296,True,True,,SZ_MAIN,24.040390687740096,1243,False
002386,1296,1296,1296,True,True,,SZ_MAIN,22.706991705507743,1243,False
002387,1270,1267,1258,True,True,,SZ_MAIN,23.183593448122373,1224,False
002388,1002,1001,998,True,True,,SZ_MAIN,21.764628797642008,949,False
002389,1296,1296,1296,True,True,,SZ_MAIN,23.745592371924573,1243,False
002390,1296,1296,1296,True,True,,SZ_MAIN,22.913993643987894,1243,False
002391,1296,1296,1296,True,True,,SZ_MAIN,22.18647273281768,1243,False
002392,1296,1296,1296,True,True,,SZ_MAIN,22.31832731661271,1243,False
002393,1296,1296,1296,True,True,,SZ_MAIN,22.200100768674524,1243,False
002394,1296,1296,1296,True,True,,SZ_MAIN,21.667885622609983,1243,False
002395,1296,1296,1296,True,True,,SZ_MAIN,21.92174253732535,1243,False
002396,1296,1296,1296,True,True,,SZ_MAIN,23.236020003489024,1243,False
002397,1296,1296,1296,True,True,,SZ_MAIN,21.778093671340336,1243,False
002398,1296,1296,1296,True,True,,SZ_MAIN,22.123238791018046,1243,False
002399,1296,1296,1296,True,True,,SZ_MAIN,23.619533245586915,1243,False
002400,1296,1296,1296,True,True,,SZ_MAIN,22.939198029775422,1243,False
002401,1296,1296,1296,True,True,,SZ_MAIN,22.462671888791895,1243,False
002402,1296,1296,1296,True,True,,SZ_MAIN,23.52527224685079,1243,False
002403,1296,1296,1296,True,True,,SZ_MAIN,21.778129359555088,1243,False
002404,1296,1296,1296,True,True,,SZ_MAIN,21.99583790369181,1243,False
002405,1296,1296,1296,True,True,,SZ_MAIN,23.953039344578716,1243,False
002406,1296,1296,1296,True,True,,SZ_MAIN,22.09711246894756,1243,False
002407,1296,1296,1296,True,True,,SZ_MAIN,23.79376961163864,1243,False
002408,1283,1281,1276,True,True,,SZ_MAIN,23.593671543301,1230,False
002409,1296,1296,1296,True,True,,SZ_MAIN,24.09476024115176,1243,False
002410,1296,1296,1296,True,True,,SZ_MAIN,24.325417743346833,1243,False
002412,1296,1296,1296,True,True,,SZ_MAIN,21.865874596149865,1243,False
002413,1296,1296,1296,True,True,,SZ_MAIN,22.68389971295327,1243,False
002414,1296,1296,1296,True,True,,SZ_MAIN,24.38682232868431,1243,False
002415,1296,1296,1296,True,True,,SZ_MAIN,26.454265412832044,1243,False
002416,1296,1296,1296,True,True,,SZ_MAIN,23.24437497432269,1243,False
002418,1189,1189,1189,True,True,,SZ_MAIN,22.01115212474106,1189,False
002419,1296,1296,1296,True,True,,SZ_MAIN,22.633687954117768,1243,False
002420,1237,1236,1235,True,True,,SZ_MAIN,21.646881674605634,1237,False
002421,1296,1296,1296,True,True,,SZ_MAIN,22.647166705428145,1243,False
002422,1296,1296,1296,True,True,,SZ_MAIN,24.466061624082563,1243,False
002423,1296,1296,1296,True,True,,SZ_MAIN,23.668171601559468,1243,False
002424,923,923,923,True,False,,SZ_MAIN,23.072558701171282,870,False
002425,996,996,996,True,False,,SZ_MAIN,22.321836593398036,943,False
002426,1211,1211,1211,True,True,,SZ_MAIN,22.914797144901517,1211,False
002427,723,723,723,False,False,VALID_1D_ROWS_BELOW_750,SZ_MAIN,22.449057644995914,723,False
002428,1296,1296,1296,True,True,,SZ_MAIN,22.829379688858047,1243,False
002429,1289,1288,1285,True,True,,SZ_MAIN,23.85763822518482,1236,False
002430,1296,1296,1296,True,True,,SZ_MAIN,24.076015342789642,1243,False
002431,1287,1287,1287,True,True,,SZ_MAIN,22.230430130982413,1234,False
002432,1296,1296,1296,True,True,,SZ_MAIN,23.703486166635912,1243,False
002434,1296,1296,1296,True,True,,SZ_MAIN,23.109118708401066,1243,False
002436,1296,1296,1296,True,True,,SZ_MAIN,23.723453315538556,1243,False
002437,1296,1296,1296,True,True,,SZ_MAIN,22.45477552748619,1243,False
002438,1296,1296,1296,True,True,,SZ_MAIN,22.55378261758913,1243,False
002439,1289,1288,1285,True,True,,SZ_MAIN,23.84395774501526,1236,False
002440,1296,1296,1296,True,True,,SZ_MAIN,22.87093587359689,1243,False
002441,1296,1296,1296,True,True,,SZ_MAIN,22.32483129839294,1243,False
002442,1296,1296,1296,True,True,,SZ_MAIN,21.750298267905272,1243,False
002443,1296,1296,1296,True,True,,SZ_MAIN,21.954403431103067,1243,False
002444,1296,1296,1296,True,True,,SZ_MAIN,24.13689233341402,1243,False
002445,1175,1174,1171,True,True,,SZ_MAIN,22.483148263164704,1175,False
002446,1296,1296,1296,True,True,,SZ_MAIN,22.597693897792006,1243,False
002448,1296,1296,1296,True,True,,SZ_MAIN,22.106911042119275,1243,False
002449,1296,1296,1296,True,True,,SZ_MAIN,22.417522557099254,1243,False
002451,1296,1296,1296,True,True,,SZ_MAIN,21.79658493271189,1243,False
002452,1296,1296,1296,True,True,,SZ_MAIN,22.217064896637577,1243,False
002453,1296,1296,1296,True,True,,SZ_MAIN,22.582325681036703,1243,False
002454,1296,1296,1296,True,True,,SZ_MAIN,22.26584725934757,1243,False
002455,1296,1296,1296,True,True,,SZ_MAIN,22.288489745934555,1243,False
002456,1284,1283,1280,True,True,,SZ_MAIN,23.992709577664993,1231,False
002457,1296,1296,1296,True,True,,SZ_MAIN,21.820152798092604,1243,False
002458,1296,1296,1296,True,True,,SZ_MAIN,23.055067585559435,1243,False
002459,1296,1296,1296,True,True,,SZ_MAIN,24.88381549333583,1243,False
002460,1296,1296,1296,True,True,,SZ_MAIN,25.604100010404846,1243,False
002461,1296,1296,1296,True,True,,SZ_MAIN,23.71942249339724,1243,False
002462,1289,1288,1285,True,True,,SZ_MAIN,22.102800143900442,1236,False
002463,1296,1296,1296,True,True,,SZ_MAIN,24.450150900734894,1243,False
002465,1296,1296,1296,True,True,,SZ_MAIN,23.920846312312403,1243,False
002466,1296,1296,1296,True,True,,SZ_MAIN,25.244236915410934,1243,False
002467,1296,1296,1296,True,True,,SZ_MAIN,22.605495635089206,1243,False
002468,1296,1296,1296,True,True,,SZ_MAIN,23.477310566203876,1243,False
002469,1296,1296,1296,True,True,,SZ_MAIN,22.129692658878092,1243,False
002470,674,674,674,False,False,VALID_1D_ROWS_BELOW_750,SZ_MAIN,22.48392484559485,674,False
002471,1296,1296,1296,True,True,,SZ_MAIN,22.01942485566488,1243,False
002472,1296,1296,1296,True,True,,SZ_MAIN,23.856276164438103,1243,False
002474,1296,1296,1296,True,True,,SZ_MAIN,22.168631614283182,1243,False
002475,1296,1296,1296,True,True,,SZ_MAIN,26.247456557101252,1243,False
002476,1296,1296,1296,True,True,,SZ_MAIN,21.805016768539108,1243,False
002478,1296,1296,1296,True,True,,SZ_MAIN,22.320105631177093,1243,False
002479,1296,1296,1296,True,True,,SZ_MAIN,22.161334001990653,1243,False
002480,1284,1283,1280,True,True,,SZ_MAIN,22.092020244435773,1231,False
002481,1296,1296,1296,True,True,,SZ_MAIN,22.634385885003187,1243,False
002482,825,825,825,True,False,,SZ_MAIN,22.552095876506637,772,False
002483,1289,1288,1285,True,True,,SZ_MAIN,22.384801585481064,1236,False
002484,1296,1296,1296,True,True,,SZ_MAIN,23.559071944991484,1243,False
002485,322,322,322,False,False,VALID_1D_ROWS_BELOW_750,SZ_MAIN,21.627386816873475,269,False
002486,1296,1296,1296,True,True,,SZ_MAIN,21.590164623617245,1243,False
002487,1296,1296,1296,True,True,,SZ_MAIN,23.61313241922341,1243,False
002488,1296,1296,1296,True,True,,SZ_MAIN,22.702033779918313,1243,False
002489,1296,1296,1296,True,True,,SZ_MAIN,22.7644871932276,1243,False
002490,1031,1031,1031,True,True,,SZ_MAIN,22.027823867522862,978,False
002491,1296,1296,1296,True,True,,SZ_MAIN,22.5476816168593,1243,False
002492,1296,1296,1296,True,True,,SZ_MAIN,21.587547228659734,1243,False
002493,1296,1296,1296,True,True,,SZ_MAIN,25.515703683813815,1243,False
002494,1284,1283,1280,True,True,,SZ_MAIN,21.256349198556773,1231,False
002495,1296,1296,1296,True,True,,SZ_MAIN,21.604515353354053,1243,False
002496,712,712,712,False,False,VALID_1D_ROWS_BELOW_750,SZ_MAIN,21.968856295761235,712,False
002497,1296,1296,1296,True,True,,SZ_MAIN,23.807585075479125,1243,False
002498,1296,1296,1296,True,True,,SZ_MAIN,23.275942699078204,1243,False
002500,1296,1296,1296,True,True,,SZ_MAIN,23.764371401851,1243,False
002501,925,925,925,True,False,,SZ_MAIN,22.59997901205463,925,False
002506,1296,1296,1296,True,True,,SZ_MAIN,23.578323539627437,1243,False
002507,1296,1296,1296,True,True,,SZ_MAIN,23.635888665423582,1243,False
002508,1296,1296,1296,True,True,,SZ_MAIN,23.865527831017996,1243,False
002510,1282,1279,1277,True,True,,SZ_MAIN,22.107698464595522,1229,False
002511,1296,1296,1296,True,True,,SZ_MAIN,23.331032112399768,1243,False
002512,1248,1248,1248,True,True,,SZ_MAIN,22.2481499515573,1195,False
002513,1176,1175,1173,True,True,,SZ_MAIN,21.372587326364755,1176,False
002514,1290,1290,1290,True,True,,SZ_MAIN,22.225789540112284,1237,False
002515,1283,1281,1276,True,True,,SZ_MAIN,22.384299182257415,1230,False
002516,1289,1288,1285,True,True,,SZ_MAIN,22.742253046069774,1236,False
002517,1296,1296,1296,True,True,,SZ_MAIN,23.885068260854236,1243,False
002518,1296,1296,1296,True,True,,SZ_MAIN,23.48632810994377,1243,False
002519,1296,1296,1296,True,True,,SZ_MAIN,22.457739957856326,1243,False
002520,1296,1296,1296,True,True,,SZ_MAIN,22.31850547997721,1243,False
002521,1296,1296,1296,True,True,,SZ_MAIN,22.003189701474394,1243,False
002522,1296,1296,1296,True,True,,SZ_MAIN,22.263303046823918,1243,False
002523,1296,1296,1296,True,True,,SZ_MAIN,22.14996385357499,1243,False
002524,1296,1296,1296,True,True,,SZ_MAIN,21.894568885892973,1243,False
002526,1296,1296,1296,True,True,,SZ_MAIN,22.229666844287514,1243,False
002527,1289,1288,1285,True,True,,SZ_MAIN,22.418791661834746,1236,False
002528,806,806,806,True,False,,SZ_MAIN,22.37924569454895,753,False
002529,923,922,919,True,False,,SZ_MAIN,21.957923023403342,923,False
002530,1289,1288,1285,True,True,,SZ_MAIN,22.597234395240676,1243,False
002531,1293,1293,1293,True,True,,SZ_MAIN,23.691991588702773,1243,False
002532,1296,1296,1296,True,True,,SZ_MAIN,24.36345233782309,1243,False
002533,1296,1296,1296,True,True,,SZ_MAIN,22.55415297806044,1243,False
002534,1296,1296,1296,True,True,,SZ_MAIN,23.125794170058484,1243,False
002535,699,699,699,False,False,VALID_1D_ROWS_BELOW_750,SZ_MAIN,21.883505737451003,699,False
002536,1296,1296,1296,True,True,,SZ_MAIN,22.498735184660003,1243,False
002537,1296,1296,1296,True,True,,SZ_MAIN,22.832460039491043,1243,False
002538,1268,1268,1268,True,True,,SZ_MAIN,22.441328375857882,1215,False
002539,1296,1296,1296,True,True,,SZ_MAIN,23.179134433879366,1243,False
002540,1296,1296,1296,True,True,,SZ_MAIN,22.723201219420147,1243,False
002541,1296,1296,1296,True,True,,SZ_MAIN,23.613386892486034,1243,False
002542,1282,1282,1282,True,True,,SZ_MAIN,22.392524682539367,1229,False
002543,1296,1296,1296,True,True,,SZ_MAIN,22.62534888543181,1243,False
002544,1296,1296,1296,True,True,,SZ_MAIN,23.43351319786422,1243,False
002545,1296,1296,1296,True,True,,SZ_MAIN,23.04821794503478,1243,False
002546,1296,1296,1296,True,True,,SZ_MAIN,21.991071986977158,1243,False
002547,1289,1289,1289,True,True,,SZ_MAIN,22.338911435621085,1236,False
002548,1296,1296,1296,True,True,,SZ_MAIN,22.153318479258413,1243,False
002549,1296,1296,1296,True,True,,SZ_MAIN,22.811473379885925,1243,False
002550,1296,1296,1296,True,True,,SZ_MAIN,22.706920885402695,1243,False
002551,1296,1296,1296,True,True,,SZ_MAIN,21.965509324030013,1243,False
002552,1282,1281,1278,True,True,,SZ_MAIN,22.502826089341276,1229,False
002553,1296,1296,1296,True,True,,SZ_MAIN,22.186215636955264,1243,False
002554,1278,1276,1271,True,True,,SZ_MAIN,22.186811251144903,1225,False
002555,1296,1296,1296,True,True,,SZ_MAIN,24.54364423785664,1243,False
002556,1296,1296,1296,True,True,,SZ_MAIN,22.627775041064872,1243,False
002557,1296,1296,1296,True,True,,SZ_MAIN,23.64434488020455,1243,False
002558,1296,1296,1296,True,True,,SZ_MAIN,23.909260562571923,1243,False
002559,1289,1288,1285,True,True,,SZ_MAIN,22.27174483011541,1236,False
002560,1296,1296,1296,True,True,,SZ_MAIN,22.01219657417052,1243,False
002561,1296,1296,1296,True,True,,SZ_MAIN,22.00202852715576,1243,False
002562,1296,1296,1296,True,True,,SZ_MAIN,22.32188696142308,1243,False
002563,1296,1296,1296,True,True,,SZ_MAIN,23.504417793465556,1243,False
002564,810,808,802,True,False,,SZ_MAIN,22.217901968381746,757,False
002565,1296,1296,1296,True,True,,SZ_MAIN,22.15523987298541,1243,False
002566,1296,1296,1296,True,True,,SZ_MAIN,21.691911698940967,1243,False
002567,1296,1296,1296,True,True,,SZ_MAIN,22.837753586985183,1243,False
002568,1296,1296,1296,True,True,,SZ_MAIN,24.047440019530875,1243,False
002569,0,0,0,False,False,QFQ_OR_TURNOVER_UNAVAILABLE,SZ_MAIN,,0,False
002570,1296,1296,1296,True,True,,SZ_MAIN,22.387459303912557,1243,False
002571,1289,1288,1285,True,True,,SZ_MAIN,21.678251428737266,1236,False
002572,1296,1296,1296,True,True,,SZ_MAIN,23.493206776117884,1243,False
002573,1296,1296,1296,True,True,,SZ_MAIN,22.691508398675403,1243,False
002574,1296,1296,1296,True,True,,SZ_MAIN,21.76729521584423,1243,False
002575,947,946,946,True,False,,SZ_MAIN,22.072979197803303,947,False
002576,1296,1296,1296,True,True,,SZ_MAIN,21.667407894736264,1243,False
002577,1296,1296,1296,True,True,,SZ_MAIN,22.09529574274593,1243,False
002578,1296,1296,1296,True,True,,SZ_MAIN,21.98700711973604,1243,False
002579,1296,1296,1296,True,True,,SZ_MAIN,22.472898440158744,1243,False
002580,1296,1296,1296,True,True,,SZ_MAIN,22.130543730025902,1243,False
002581,1092,1092,1092,True,True,,SZ_MAIN,23.062283472440534,1039,False
002582,1296,1296,1296,True,True,,SZ_MAIN,22.043778036808835,1243,False
002583,1296,1296,1296,True,True,,SZ_MAIN,23.069145853681206,1243,False
002584,1296,1296,1296,True,True,,SZ_MAIN,22.19838728806219,1243,False
002585,1296,1296,1296,True,True,,SZ_MAIN,23.08222601551308,1243,False
002586,0,0,0,False,False,QFQ_OR_TURNOVER_UNAVAILABLE,SZ_MAIN,,0,False
002587,1296,1296,1296,True,True,,SZ_MAIN,22.084947140261615,1243,False
002588,1296,1296,1296,True,True,,SZ_MAIN,22.72997055908991,1243,False
002589,1296,1296,1296,True,True,,SZ_MAIN,22.381768074781462,1243,False
002590,1296,1296,1296,True,True,,SZ_MAIN,22.4204182490661,1243,False
002591,1296,1296,1296,True,True,,SZ_MAIN,21.299981971317695,1243,False
002592,0,0,0,False,False,QFQ_OR_TURNOVER_UNAVAILABLE,SZ_MAIN,,0,False
002593,1296,1296,1296,True,True,,SZ_MAIN,21.860768384340417,1243,False
002594,1296,1296,1296,True,True,,SZ_MAIN,27.37922230266481,1243,False
002595,1296,1296,1296,True,True,,SZ_MAIN,23.96741946899888,1243,False
002596,1296,1296,1296,True,True,,SZ_MAIN,22.09929589667229,1243,False
002597,1296,1296,1296,True,True,,SZ_MAIN,23.35931408693915,1243,False
002598,1273,1273,1273,True,True,,SZ_MAIN,21.89598621057405,1220,False
002599,1296,1296,1296,True,True,,SZ_MAIN,21.96668076971434,1243,False
002600,1296,1296,1296,True,True,,SZ_MAIN,24.58222887917003,1243,False
002601,1296,1296,1296,True,True,,SZ_MAIN,24.52579953380706,1243,False
002602,1048,1048,1048,True,True,,SZ_MAIN,24.41822198120377,995,False
002603,1296,1296,1296,True,True,,SZ_MAIN,24.19817004825596,1243,False
002605,1296,1296,1296,True,True,,SZ_MAIN,22.977428268162747,1243,False
002606,1296,1296,1296,True,True,,SZ_MAIN,22.10072911271564,1243,False
002607,1296,1296,1296,True,True,,SZ_MAIN,23.987106362385767,1243,False
002608,1296,1296,1296,True,True,,SZ_MAIN,24.00834218258833,1243,False
002609,1296,1296,1296,True,True,,SZ_MAIN,22.521788644912768,1243,False
002611,1296,1296,1296,True,True,,SZ_MAIN,22.666222485148893,1243,False
002612,1296,1296,1296,True,True,,SZ_MAIN,22.961828750142416,1243,False
002613,1296,1296,1296,True,True,,SZ_MAIN,22.16909719333724,1243,False
002614,1296,1296,1296,True,True,,SZ_MAIN,22.28942964689938,1243,False
002615,1296,1296,1296,True,True,,SZ_MAIN,21.880370207650955,1243,False
002616,1296,1296,1296,True,True,,SZ_MAIN,22.120507395818162,1243,False
002617,1296,1296,1296,True,True,,SZ_MAIN,23.441483277100918,1243,False
002620,1047,1047,1047,True,True,,SZ_MAIN,21.44468084116246,994,False
002622,1296,1296,1296,True,True,,SZ_MAIN,21.712063259607316,1243,False
002623,1285,1284,1281,True,True,,SZ_MAIN,22.346265346814107,1232,False
002624,1296,1296,1296,True,True,,SZ_MAIN,24.033529755356177,1243,False
002625,1296,1296,1296,True,True,,SZ_MAIN,24.431613260101464,1243,False
002626,1296,1296,1296,True,True,,SZ_MAIN,23.179597484250284,1243,False
002627,1284,1283,1280,True,True,,SZ_MAIN,22.098619038051805,1231,False
002628,1296,1296,1296,True,True,,SZ_MAIN,21.7425936167606,1243,False
002629,1060,1060,1057,True,True,,SZ_MAIN,21.29088262845909,1060,False
002630,1047,1047,1047,True,True,,SZ_MAIN,21.829465270301952,994,False
002631,1296,1296,1296,True,True,,SZ_MAIN,22.087383387825916,1243,False
002632,1296,1296,1296,True,True,,SZ_MAIN,22.258146404609423,1243,False
002633,1284,1282,1278,True,True,,SZ_MAIN,21.133718486565616,1231,False
002634,1287,1287,1287,True,True,,SZ_MAIN,21.67521254095067,1234,False
002635,1296,1296,1296,True,True,,SZ_MAIN,22.969753000517258,1243,False
002636,1296,1296,1296,True,True,,SZ_MAIN,22.629353491814552,1243,False
002637,1296,1296,1296,True,True,,SZ_MAIN,22.3805355783029,1243,False
002638,1146,1143,1138,True,True,,SZ_MAIN,21.951685294512277,1146,False
002639,1296,1296,1296,True,True,,SZ_MAIN,22.557138888923426,1243,False
002640,949,949,949,True,False,,SZ_MAIN,22.56294000361566,896,False
002641,1296,1296,1296,True,True,,SZ_MAIN,22.487687662643783,1243,False
002642,1289,1288,1285,True,True,,SZ_MAIN,22.263156371584063,1243,False
002643,1296,1296,1296,True,True,,SZ_MAIN,23.42714099127742,1243,False
002644,1284,1282,1278,True,True,,SZ_MAIN,22.223685097560644,1231,False
002645,1296,1296,1296,True,True,,SZ_MAIN,22.891218985645335,1243,False
002646,1296,1296,1296,True,True,,SZ_MAIN,22.596150527564703,1243,False
002647,980,979,976,True,False,,SZ_MAIN,22.060256822476415,934,False
002648,1296,1296,1296,True,True,,SZ_MAIN,24.819876441050173,1243,False
002649,1296,1296,1296,True,True,,SZ_MAIN,22.66731399318281,1243,False
002650,664,664,664,False,False,VALID_1D_ROWS_BELOW_750,SZ_MAIN,22.287873733462717,664,False
002651,1296,1296,1296,True,True,,SZ_MAIN,22.79219021665467,1243,False
002652,1296,1296,1296,True,True,,SZ_MAIN,21.17563773679104,1243,False
002653,1296,1296,1296,True,True,,SZ_MAIN,24.02877674796539,1243,False
002654,1296,1296,1296,True,True,,SZ_MAIN,22.805443774098862,1243,False
002655,1290,1289,1287,True,True,,SZ_MAIN,22.23697430569737,1237,False
002656,0,0,0,False,False,QFQ_OR_TURNOVER_UNAVAILABLE,SZ_MAIN,,0,False
002657,1296,1296,1296,True,True,,SZ_MAIN,22.42785468285854,1243,False
002658,1296,1296,1296,True,True,,SZ_MAIN,22.354505231401543,1243,False
002659,1296,1296,1296,True,True,,SZ_MAIN,21.706958480220614,1243,False
002660,1296,1296,1296,True,True,,SZ_MAIN,21.846283309512604,1243,False
002661,1296,1296,1296,True,True,,SZ_MAIN,21.972159987745663,1243,False
002662,1296,1296,1296,True,True,,SZ_MAIN,22.401296540846122,1243,False
002663,1296,1296,1296,True,True,,SZ_MAIN,21.934705240286952,1243,False
002664,1296,1296,1296,True,True,,SZ_MAIN,22.55250283419633,1243,False
002666,1296,1296,1296,True,True,,SZ_MAIN,22.06810169786042,1243,False
002667,1283,1282,1279,True,True,,SZ_MAIN,21.94978485492374,1230,False
002668,1040,1040,1040,True,True,,SZ_MAIN,22.96042911085489,987,False
002669,1296,1296,1296,True,True,,SZ_MAIN,21.999292348140873,1243,False
002670,1264,1263,1260,True,True,,SZ_MAIN,23.663756394838366,1211,False
002671,1296,1296,1296,True,True,,SZ_MAIN,21.67089113895941,1243,False
002672,1296,1296,1296,True,True,,SZ_MAIN,22.407794029745506,1243,False
002673,1296,1296,1296,True,True,,SZ_MAIN,24.208435011047737,1243,False
002674,1296,1296,1296,True,True,,SZ_MAIN,21.925408235581475,1243,False
002675,1296,1296,1296,True,True,,SZ_MAIN,23.205241836533624,1243,False
002676,1296,1296,1296,True,True,,SZ_MAIN,21.88316135403142,1243,False
002677,1296,1296,1296,True,True,,SZ_MAIN,22.631076276480222,1243,False
002678,1296,1296,1296,True,True,,SZ_MAIN,22.757624158917345,1243,False
002679,1296,1296,1296,True,True,,SZ_MAIN,21.694221708144315,1243,False
002681,1227,1227,1227,True,True,,SZ_MAIN,22.846608133601578,1227,False
002682,1292,1291,1291,True,True,,SZ_MAIN,21.647291100511854,1239,False
002683,1284,1283,1280,True,True,,SZ_MAIN,23.779964455033095,1231,False
002685,1296,1296,1296,True,True,,SZ_MAIN,22.127171747694206,1243,False
002686,1290,1289,1287,True,True,,SZ_MAIN,21.966089139931622,1237,False
002687,1296,1296,1296,True,True,,SZ_MAIN,21.58830537880977,1243,False
002688,1296,1296,1296,True,True,,SZ_MAIN,22.11628244646117,1243,False
002689,1191,1191,1191,True,True,,SZ_MAIN,22.111137249866143,1138,False
002690,1296,1296,1296,True,True,,SZ_MAIN,23.619369095368363,1243,False
002691,1289,1289,1289,True,True,,SZ_MAIN,21.39539365028228,1236,False
002692,604,604,604,False,False,VALID_1D_ROWS_BELOW_750,SZ_MAIN,21.952431117202902,604,False
002693,1035,1034,1031,True,True,,SZ_MAIN,21.63148782868342,982,False
002694,1289,1289,1289,True,True,,SZ_MAIN,21.867888292025658,1236,False
002695,1296,1296,1296,True,True,,SZ_MAIN,22.503708666189134,1243,False
002696,1296,1296,1296,True,True,,SZ_MAIN,21.470094502684766,1243,False
002697,1289,1288,1285,True,True,,SZ_MAIN,22.698457357252448,1236,False
002698,1296,1296,1296,True,True,,SZ_MAIN,23.441549420696276,1243,False
002700,272,272,272,False,False,VALID_1D_ROWS_BELOW_750,SZ_MAIN,21.831770946323836,272,False
002701,1296,1296,1296,True,True,,SZ_MAIN,23.280585606346637,1243,False
002702,1296,1296,1296,True,True,,SZ_MAIN,21.713645340789967,1243,False
002703,1289,1288,1285,True,True,,SZ_MAIN,22.934513623329053,1236,False
002705,1296,1296,1296,True,True,,SZ_MAIN,23.351981128195987,1243,False
002706,1296,1296,1296,True,True,,SZ_MAIN,23.242715829403743,1243,False
002707,1284,1283,1280,True,True,,SZ_MAIN,22.641689554066794,1231,False
002708,1285,1284,1281,True,True,,SZ_MAIN,22.100657820252763,1232,False
002709,1296,1296,1296,True,True,,SZ_MAIN,25.04115714747429,1243,False
002712,1296,1296,1296,True,True,,SZ_MAIN,21.788045680213013,1243,False
002713,1047,1047,1047,True,True,,SZ_MAIN,21.695211865946387,994,False
002714,1296,1296,1296,True,True,,SZ_MAIN,26.269026258996288,1243,False
002715,1284,1283,1280,True,True,,SZ_MAIN,21.446136854672577,1231,False
002716,1165,1164,1161,True,True,,SZ_MAIN,22.78904070667427,1165,False
002717,1041,1040,1038,True,True,,SZ_MAIN,22.35023048269101,988,False
002718,1282,1280,1274,True,True,,SZ_MAIN,21.36204300322974,1229,False
002719,1051,1051,1051,True,True,,SZ_MAIN,21.162541254661825,1051,False
002721,782,782,782,True,False,,SZ_MAIN,21.94366449893207,729,False
002722,1293,1293,1293,True,True,,SZ_MAIN,21.75621388520291,1240,False
002723,1296,1296,1296,True,True,,SZ_MAIN,21.90429012345289,1243,False
002724,1296,1296,1296,True,True,,SZ_MAIN,22.565536780249147,1243,False
002725,1289,1288,1285,True,True,,SZ_MAIN,21.665271098100554,1236,False
002726,1289,1289,1289,True,True,,SZ_MAIN,22.85613309740806,1236,False
002727,1296,1296,1296,True,True,,SZ_MAIN,23.31258664839677,1243,False
002728,1296,1296,1296,True,True,,SZ_MAIN,22.2260314428567,1243,False
002729,1284,1283,1280,True,True,,SZ_MAIN,21.908515095455876,1231,False
002730,1296,1296,1296,True,True,,SZ_MAIN,21.945955171449107,1243,False
002731,1228,1226,1223,True,True,,SZ_MAIN,21.78609991756858,1175,False
002732,1296,1296,1296,True,True,,SZ_MAIN,21.78850539960314,1243,False
002733,1296,1296,1296,True,True,,SZ_MAIN,22.583318230922956,1243,False
002734,1296,1296,1296,True,True,,SZ_MAIN,22.051423604825427,1243,False
002735,1285,1284,1281,True,True,,SZ_MAIN,22.20730868877302,1243,False
002736,1284,1283,1280,True,True,,SZ_MAIN,25.305765034815554,1231,False
002737,1296,1296,1296,True,True,,SZ_MAIN,23.06517163809407,1243,False
002738,1296,1296,1296,True,True,,SZ_MAIN,24.02313718813607,1243,False
002739,1289,1288,1285,True,True,,SZ_MAIN,24.029965156682596,1236,False
002741,1296,1296,1296,True,True,,SZ_MAIN,22.727054770126177,1243,False
002742,425,425,425,False,False,VALID_1D_ROWS_BELOW_750,SZ_MAIN,21.719712500853213,372,False
002743,1284,1283,1280,True,True,,SZ_MAIN,21.654490589836044,1231,False
002745,1296,1296,1296,True,True,,SZ_MAIN,23.316454175732094,1243,False
002746,1296,1296,1296,True,True,,SZ_MAIN,22.497317830106816,1243,False
002747,1296,1296,1296,True,True,,SZ_MAIN,23.687024133542817,1243,False
002748,1048,1048,1048,True,True,,SZ_MAIN,21.64179406376076,995,False
002749,1296,1296,1296,True,True,,SZ_MAIN,22.299349979484994,1243,False
002752,1296,1296,1296,True,True,,SZ_MAIN,22.38260212931671,1243,False
002753,1296,1296,1296,True,True,,SZ_MAIN,21.781614101427643,1243,False
002755,1283,1282,1279,True,True,,SZ_MAIN,23.07705136614912,1230,False
002756,1296,1296,1296,True,True,,SZ_MAIN,24.050485356505035,1243,False
002757,1296,1296,1296,True,True,,SZ_MAIN,22.188470524557435,1243,False
002758,1296,1296,1296,True,True,,SZ_MAIN,22.356233916858653,1243,False
002759,1296,1296,1296,True,True,,SZ_MAIN,22.644138489579223,1243,False
002760,1296,1296,1296,True,True,,SZ_MAIN,21.53249019225344,1243,False
002761,1277,1275,1269,True,True,,SZ_MAIN,23.048951850422192,1224,False
002762,1036,1035,1032,True,True,,SZ_MAIN,21.82612003265868,983,False
002763,1296,1296,1296,True,True,,SZ_MAIN,21.872702663486233,1243,False
002765,1292,1291,1291,True,True,,SZ_MAIN,22.313774765981144,1239,False
002766,968,968,968,True,False,,SZ_MAIN,22.257586511364842,968,False
002767,1296,1296,1296,True,True,,SZ_MAIN,21.423636862595675,1243,False
002768,1296,1296,1296,True,True,,SZ_MAIN,22.63542528501647,1243,False
002769,1284,1283,1280,True,True,,SZ_MAIN,21.789497644152366,1231,False
002771,1296,1296,1296,True,True,,SZ_MAIN,21.891305816820342,1243,False
002772,1296,1296,1296,True,True,,SZ_MAIN,21.896504335429906,1243,False
002773,1296,1296,1296,True,True,,SZ_MAIN,23.583213924324358,1243,False
002774,1296,1296,1296,True,True,,SZ_MAIN,21.68493711082917,1243,False
002775,1289,1288,1285,True,True,,SZ_MAIN,21.51163399378258,1236,False
002777,1296,1296,1296,True,True,,SZ_MAIN,22.709993555468074,1243,False
002778,1289,1288,1285,True,True,,SZ_MAIN,21.405243521441996,1236,False
002779,1296,1296,1296,True,True,,SZ_MAIN,21.97319049553413,1243,False
002780,1296,1296,1296,True,True,,SZ_MAIN,21.447339908603933,1243,False
002782,1296,1296,1296,True,True,,SZ_MAIN,22.61535539527294,1243,False
002783,1296,1296,1296,True,True,,SZ_MAIN,22.035438881544312,1243,False
002785,1296,1296,1296,True,True,,SZ_MAIN,22.467609973771832,1243,False
002786,1291,1290,1289,True,True,,SZ_MAIN,22.036873163660346,1238,False
002787,1296,1296,1296,True,True,,SZ_MAIN,21.58735078695028,1243,False
002788,1296,1296,1296,True,True,,SZ_MAIN,21.912013246720285,1243,False
002789,1045,1045,1045,True,True,,SZ_MAIN,21.417281020529696,992,False
002790,1296,1296,1296,True,True,,SZ_MAIN,21.947809682086756,1243,False
002791,1296,1296,1296,True,True,,SZ_MAIN,23.49363090119027,1243,False
002792,1296,1296,1296,True,True,,SZ_MAIN,22.537994462242086,1243,False
002793,1296,1296,1296,True,True,,SZ_MAIN,22.528207971220834,1243,False
002795,1288,1286,1286,True,True,,SZ_MAIN,21.611157094298868,1235,False
002796,1296,1296,1296,True,True,,SZ_MAIN,21.703705728246703,1243,False
002797,1296,1296,1296,True,True,,SZ_MAIN,24.015219617969652,1243,False
002798,1292,1291,1291,True,True,,SZ_MAIN,21.805664215213834,1239,False
002799,1296,1296,1296,True,True,,SZ_MAIN,21.800983750578595,1243,False
002800,1023,1023,1023,True,True,,SZ_MAIN,21.328517215895253,970,False
002801,1296,1296,1296,True,True,,SZ_MAIN,22.486737759544987,1243,False
002802,1296,1296,1296,True,True,,SZ_MAIN,21.539539471640566,1243,False
002803,1296,1296,1296,True,True,,SZ_MAIN,22.60219344179904,1243,False
002805,1296,1296,1296,True,True,,SZ_MAIN,22.248062550338638,1243,False
002806,1289,1288,1285,True,True,,SZ_MAIN,21.568979210326113,1236,False
002807,1296,1296,1296,True,True,,SZ_MAIN,22.9404014347204,1243,False
002808,0,0,0,False,False,QFQ_OR_TURNOVER_UNAVAILABLE,SZ_MAIN,,0,False
002809,1296,1296,1296,True,True,,SZ_MAIN,21.486802185445544,1243,False
002810,1296,1296,1296,True,True,,SZ_MAIN,22.608671301992462,1243,False
002811,1296,1296,1296,True,True,,SZ_MAIN,21.563452137900644,1243,False
002812,1277,1275,1269,True,True,,SZ_MAIN,24.938481748764282,1224,False
002813,1272,1269,1262,True,True,,SZ_MAIN,21.913545314140343,1219,False
002815,1296,1296,1296,True,True,,SZ_MAIN,23.131474915789365,1243,False
002816,704,703,700,False,False,VALID_1D_ROWS_BELOW_750,SZ_MAIN,21.286304332159336,651,False
002817,1296,1296,1296,True,True,,SZ_MAIN,21.557502734086032,1243,False
002818,1296,1296,1296,True,True,,SZ_MAIN,22.975915989141228,1243,False
002819,1293,1293,1293,True,True,,SZ_MAIN,22.815811579061847,1240,False
002820,1296,1296,1296,True,True,,SZ_MAIN,21.462869031093163,1243,False
002821,1296,1296,1296,True,True,,SZ_MAIN,24.558884034900597,1243,False
002822,762,762,762,True,False,,SZ_MAIN,21.98929867756573,709,False
002823,1296,1296,1296,True,True,,SZ_MAIN,21.900129171990308,1243,False
002824,1296,1296,1296,True,True,,SZ_MAIN,22.460375803119383,1243,False
002825,1278,1276,1270,True,True,,SZ_MAIN,21.80796446040884,1225,False
002826,1289,1288,1285,True,True,,SZ_MAIN,21.43167888026085,1236,False
002827,1296,1296,1296,True,True,,SZ_MAIN,21.985356594606994,1243,False
002828,1289,1288,1285,True,True,,SZ_MAIN,21.308170167466468,1236,False
002829,1296,1296,1296,True,True,,SZ_MAIN,22.358848892332823,1243,False
002830,1296,1296,1296,True,True,,SZ_MAIN,21.210668103276802,1243,False
002831,1296,1296,1296,True,True,,SZ_MAIN,23.934054395454503,1243,False
002832,1296,1296,1296,True,True,,SZ_MAIN,23.31258363570626,1243,False
002833,1296,1296,1296,True,True,,SZ_MAIN,22.723406410051446,1243,False
002835,1296,1296,1296,True,True,,SZ_MAIN,21.96367550616616,1243,False
002836,1296,1296,1296,True,True,,SZ_MAIN,21.313715619268013,1243,False
002837,1296,1296,1296,True,True,,SZ_MAIN,23.46793400985735,1243,False
002838,1284,1283,1280,True,True,,SZ_MAIN,22.700466741664965,1231,False
002839,1296,1296,1296,True,True,,SZ_MAIN,23.05450566738029,1243,False
002840,1296,1296,1296,True,True,,SZ_MAIN,22.879474516923924,1243,False
002841,1296,1296,1296,True,True,,SZ_MAIN,24.275168830951024,1243,False
002842,1296,1296,1296,True,True,,SZ_MAIN,21.617200093666465,1243,False
002843,1296,1296,1296,True,True,,SZ_MAIN,22.180466660137025,1243,False
002845,1296,1296,1296,True,True,,SZ_MAIN,22.33304659767132,1243,False
002846,1296,1296,1296,True,True,,SZ_MAIN,21.890497524550614,1243,False
002847,1296,1296,1296,True,True,,SZ_MAIN,23.395156987597602,1243,False
002848,1040,1039,1038,True,True,,SZ_MAIN,21.16334072365613,987,False
002849,1296,1296,1296,True,True,,SZ_MAIN,21.861023511007662,1243,False
002850,1296,1296,1296,True,True,,SZ_MAIN,24.119185915645417,1243,False
002851,1296,1296,1296,True,True,,SZ_MAIN,23.462131711835262,1243,False
002852,1296,1296,1296,True,True,,SZ_MAIN,22.072866311548996,1243,False
002853,1289,1288,1285,True,True,,SZ_MAIN,21.721074454684754,1236,False
002855,1296,1296,1296,True,True,,SZ_MAIN,21.83701211670984,1243,False
002856,1289,1289,1289,True,True,,SZ_MAIN,21.090535817684625,1236,False
002857,1292,1292,1293,True,True,,SZ_MAIN,21.415452556411232,1243,False
002858,1296,1296,1296,True,True,,SZ_MAIN,21.518568512904434,1243,False
002859,1284,1283,1280,True,True,,SZ_MAIN,23.1445530615414,1231,False
002860,1296,1296,1296,True,True,,SZ_MAIN,22.109565506264712,1243,False
002861,1296,1296,1296,True,True,,SZ_MAIN,21.387938218131353,1243,False
002862,1296,1296,1296,True,True,,SZ_MAIN,21.379334009264937,1243,False
002863,1296,1296,1296,True,True,,SZ_MAIN,21.771808057909894,1243,False
002864,1296,1296,1296,True,True,,SZ_MAIN,21.86469151957884,1243,False
002865,1296,1296,1296,True,True,,SZ_MAIN,23.302701229793527,1243,False
002866,1296,1296,1296,True,True,,SZ_MAIN,22.36406415143986,1243,False
002867,1296,1296,1296,True,True,,SZ_MAIN,23.47652290828172,1243,False
002868,1042,1041,1039,True,True,,SZ_MAIN,21.63420362414192,989,False
002869,1296,1296,1296,True,True,,SZ_MAIN,22.116398942612832,1243,False
002870,1296,1296,1296,True,True,,SZ_MAIN,22.146011629999386,1243,False
002871,1296,1296,1296,True,True,,SZ_MAIN,21.51347020739951,1243,False
002872,0,0,0,False,False,QFQ_OR_TURNOVER_UNAVAILABLE,SZ_MAIN,,0,False
002873,1284,1283,1280,True,True,,SZ_MAIN,21.665431312101,1231,False
002875,1289,1288,1285,True,True,,SZ_MAIN,21.68316752715961,1236,False
002876,1296,1296,1296,True,True,,SZ_MAIN,22.40498408421586,1243,False
002877,1296,1296,1296,True,True,,SZ_MAIN,21.780099996288865,1243,False
002878,1290,1289,1287,True,True,,SZ_MAIN,22.110904592869996,1237,False
002879,1296,1296,1296,True,True,,SZ_MAIN,21.817014354767576,1243,False
002880,1289,1288,1285,True,True,,SZ_MAIN,22.61014545316015,1236,False
002881,1296,1296,1296,True,True,,SZ_MAIN,22.74422992577553,1243,False
002882,1296,1296,1296,True,True,,SZ_MAIN,22.586707159108126,1243,False
002883,1283,1282,1279,True,True,,SZ_MAIN,21.23928266435651,1230,False
002884,1296,1296,1296,True,True,,SZ_MAIN,22.58218916114601,1243,False
002885,1296,1296,1296,True,True,,SZ_MAIN,22.16660910920688,1243,False
002886,1296,1296,1296,True,True,,SZ_MAIN,22.229269614492562,1243,False
002887,1296,1296,1296,True,True,,SZ_MAIN,21.74456502251185,1243,False
002888,1296,1296,1296,True,True,,SZ_MAIN,21.505259921085887,1243,False
002889,1296,1296,1296,True,True,,SZ_MAIN,22.114868724871968,1243,False
002890,1284,1283,1280,True,True,,SZ_MAIN,21.280796011501455,1243,False
002891,1296,1296,1296,True,True,,SZ_MAIN,22.783012916576645,1243,False
002892,1296,1296,1296,True,True,,SZ_MAIN,22.47739007921543,1243,False
002893,1289,1288,1285,True,True,,SZ_MAIN,21.569294946170157,1236,False
002895,1296,1296,1296,True,True,,SZ_MAIN,23.213158285570632,1243,False
002896,1296,1296,1296,True,True,,SZ_MAIN,22.253943225555336,1243,False
002897,1296,1296,1296,True,True,,SZ_MAIN,22.744657435727635,1243,False
002898,0,0,0,False,False,QFQ_OR_TURNOVER_UNAVAILABLE,SZ_MAIN,,0,False
002899,1296,1296,1296,True,True,,SZ_MAIN,21.32626946765339,1243,False
002900,1296,1296,1296,True,True,,SZ_MAIN,22.147923201304074,1243,False
002901,1296,1296,1296,True,True,,SZ_MAIN,23.465240784601967,1243,False
002902,1296,1296,1296,True,True,,SZ_MAIN,22.19233522664748,1243,False
002903,1296,1296,1296,True,True,,SZ_MAIN,21.822569286707655,1243,False
002905,1296,1296,1296,True,True,,SZ_MAIN,21.87418210908375,1243,False
002906,1296,1296,1296,True,True,,SZ_MAIN,23.53117324645011,1243,False
002907,1296,1296,1296,True,True,,SZ_MAIN,22.498325964561833,1243,False
002908,1296,1296,1296,True,True,,SZ_MAIN,22.140208397301343,1243,False
002909,1296,1296,1296,True,True,,SZ_MAIN,21.662647900043964,1243,False
002910,1296,1296,1296,True,True,,SZ_MAIN,21.50091634585349,1243,False
002911,1296,1296,1296,True,True,,SZ_MAIN,23.235470819923254,1243,False
002912,1296,1296,1296,True,True,,SZ_MAIN,22.324396959333917,1243,False
002913,1296,1296,1296,True,True,,SZ_MAIN,23.01830788123207,1243,False
002915,1296,1296,1296,True,True,,SZ_MAIN,22.430368760891024,1243,False
002916,1296,1296,1296,True,True,,SZ_MAIN,24.60224090766836,1243,False
002917,1284,1283,1280,True,True,,SZ_MAIN,21.98604600350483,1231,False
002918,1296,1296,1296,True,True,,SZ_MAIN,22.538848163271307,1243,False
002919,1296,1296,1296,True,True,,SZ_MAIN,22.328590164911386,1243,False
002920,1296,1296,1296,True,True,,SZ_MAIN,24.899911068342618,1243,False
002921,1296,1296,1296,True,True,,SZ_MAIN,21.34633080570363,1243,False
002922,1296,1296,1296,True,True,,SZ_MAIN,22.476278490703937,1243,False
002923,1296,1296,1296,True,True,,SZ_MAIN,22.165284310376304,1243,False
002925,1296,1296,1296,True,True,,SZ_MAIN,23.412182747864648,1243,False
002926,1296,1296,1296,True,True,,SZ_MAIN,23.811805160086607,1243,False
002927,1296,1296,1296,True,True,,SZ_MAIN,21.771425200964757,1243,False
002928,1296,1296,1296,True,True,,SZ_MAIN,23.10881734479837,1243,False
002929,1296,1296,1296,True,True,,SZ_MAIN,22.927897869143806,1243,False
002930,1296,1296,1296,True,True,,SZ_MAIN,22.755660333932006,1243,False
002931,1264,1259,1248,True,True,,SZ_MAIN,21.677295125661104,1211,False
002932,1283,1283,1283,True,True,,SZ_MAIN,22.424040915034617,1230,False
002933,1291,1290,1289,True,True,,SZ_MAIN,21.953640825771352,1238,False
002935,1296,1296,1296,True,True,,SZ_MAIN,22.605953386225444,1243,False
002936,1296,1296,1296,True,True,,SZ_MAIN,23.67735873854842,1243,False
002937,1296,1296,1296,True,True,,SZ_MAIN,22.506564379268372,1243,False
002938,1296,1296,1296,True,True,,SZ_MAIN,25.01848821571052,1243,False
002939,1296,1296,1296,True,True,,SZ_MAIN,24.241588537339844,1243,False
002940,1284,1283,1280,True,True,,SZ_MAIN,22.011691764396257,1231,False
002941,1296,1296,1296,True,True,,SZ_MAIN,22.835111981306646,1243,False
002942,1296,1296,1296,True,True,,SZ_MAIN,21.7264239354412,1243,False
002943,1277,1275,1269,True,True,,SZ_MAIN,22.225186509747175,1224,False
002945,1296,1296,1296,True,True,,SZ_MAIN,24.35557493957195,1243,False
002946,1296,1296,1296,True,True,,SZ_MAIN,23.255595572668547,1243,False
002947,1296,1296,1296,True,True,,SZ_MAIN,22.54831968987069,1243,False
002948,1288,1287,1284,True,True,,SZ_MAIN,23.77918215998498,1235,False
002949,1296,1296,1296,True,True,,SZ_MAIN,21.761726748918072,1243,False
002950,1296,1296,1296,True,True,,SZ_MAIN,22.674245780245055,1243,False
002951,848,848,848,True,False,,SZ_MAIN,22.165042207525307,795,False
002952,1296,1296,1296,True,True,,SZ_MAIN,21.817219892875396,1243,False
002953,1296,1296,1296,True,True,,SZ_MAIN,22.1512017423343,1243,False
002955,1290,1289,1287,True,True,,SZ_MAIN,22.46906691136837,1237,False
002956,1296,1296,1296,True,True,,SZ_MAIN,21.988165599291175,1243,False
002957,1296,1296,1296,True,True,,SZ_MAIN,22.68191662882595,1243,False
002958,1296,1296,1296,True,True,,SZ_MAIN,23.553214959556218,1243,False
002959,1296,1296,1296,True,True,,SZ_MAIN,22.816563611108453,1243,False
002960,1296,1296,1296,True,True,,SZ_MAIN,23.08698543461512,1243,False
002961,1296,1296,1296,True,True,,SZ_MAIN,22.699909935052197,1243,False
002962,1296,1296,1296,True,True,,SZ_MAIN,22.118680598404573,1243,False
002963,1296,1296,1296,True,True,,SZ_MAIN,21.467599840726052,1243,False
002965,1296,1296,1296,True,True,,SZ_MAIN,22.73431599380456,1243,False
002966,1296,1296,1296,True,True,,SZ_MAIN,23.982663727921476,1243,False
002967,1296,1296,1296,True,True,,SZ_MAIN,23.13089639373806,1243,False
002968,1284,1283,1280,True,True,,SZ_MAIN,21.8604672484175,1231,False
002969,1277,1274,1267,True,True,,SZ_MAIN,22.070771711649584,1224,False
002970,1296,1296,1296,True,True,,SZ_MAIN,22.54856014172912,1243,False
002971,1296,1296,1296,True,True,,SZ_MAIN,22.076210218384748,1243,False
002972,1296,1296,1296,True,True,,SZ_MAIN,21.816898280073868,1243,False
002973,1296,1296,1296,True,True,,SZ_MAIN,22.337193608714088,1243,False
002975,1296,1296,1296,True,True,,SZ_MAIN,22.399722068184232,1243,False
002976,1296,1296,1296,True,True,,SZ_MAIN,21.78521414124293,1243,False
002977,1278,1278,1278,True,True,,SZ_MAIN,22.101619851739706,1232,False
002978,1267,1267,1267,True,True,,SZ_MAIN,23.40541344372551,1243,False
002979,1274,1274,1274,True,True,,SZ_MAIN,22.75266394389124,1243,False
002980,1269,1269,1269,True,True,,SZ_MAIN,22.110893143299954,1243,False
002981,1267,1267,1267,True,True,,SZ_MAIN,21.67495460021172,1243,False
002982,1262,1262,1262,True,True,,SZ_MAIN,21.915931202656772,1243,False
002983,1260,1260,1260,True,True,,SZ_MAIN,22.167374719953617,1243,False
002984,1167,1167,1167,True,True,,SZ_MAIN,23.779531487132004,1167,False
002985,1259,1259,1259,True,True,,SZ_MAIN,23.272160565781526,1243,False
002986,1238,1238,1238,True,True,,SZ_MAIN,22.349101557300212,1238,False
002987,1256,1256,1256,True,True,,SZ_MAIN,22.87757300258202,1243,False
002988,1249,1249,1249,True,True,,SZ_MAIN,22.188722980257396,1243,False
002989,1228,1227,1227,True,True,,SZ_MAIN,21.911838666049253,1228,False
002990,1244,1244,1244,True,True,,SZ_MAIN,22.731328747181248,1243,False
002991,1197,1197,1197,True,True,,SZ_MAIN,22.52942016202856,1197,False
002992,1196,1196,1196,True,True,,SZ_MAIN,22.96142995363961,1196,False
002993,1186,1186,1186,True,True,,SZ_MAIN,23.01314912841434,1186,False
002995,1181,1179,1174,True,True,,SZ_MAIN,21.88237174616047,1181,False
002996,1177,1177,1177,True,True,,SZ_MAIN,22.36980539987097,1177,False
002997,1173,1173,1173,True,True,,SZ_MAIN,22.502602059339708,1173,False
002998,1157,1157,1157,True,True,,SZ_MAIN,21.592872552843115,1157,False
002999,1173,1173,1173,True,True,,SZ_MAIN,21.61814810630089,1173,False
003000,1166,1166,1166,True,True,,SZ_MAIN,22.377511088144125,1166,False
003001,1151,1151,1151,True,True,,SZ_MAIN,21.60686755776443,1151,False
003002,1160,1160,1160,True,True,,SZ_MAIN,21.942914422880783,1160,False
003003,1161,1161,1161,True,True,,SZ_MAIN,21.37375637166712,1161,False
003004,871,871,871,True,False,,SZ_MAIN,21.46325957981908,871,False
003005,1153,1152,1149,True,True,,SZ_MAIN,22.230193390386827,1153,False
003006,1161,1161,1161,True,True,,SZ_MAIN,22.789693185819164,1161,False
003007,1159,1159,1159,True,True,,SZ_MAIN,21.79638252404811,1159,False
003008,1159,1159,1159,True,True,,SZ_MAIN,21.496775673990815,1159,False
003009,1157,1157,1157,True,True,,SZ_MAIN,22.69250049887763,1157,False
003010,1157,1157,1157,True,True,,SZ_MAIN,21.630149155137197,1157,False
003011,1154,1154,1154,True,True,,SZ_MAIN,21.542666565752373,1154,False
003012,1147,1147,1147,True,True,,SZ_MAIN,22.935671266500407,1147,False
003013,1132,1131,1128,True,True,,SZ_MAIN,22.588300767601563,1132,False
003015,1145,1145,1145,True,True,,SZ_MAIN,21.88332019219663,1145,False
003016,1142,1142,1142,True,True,,SZ_MAIN,22.01283658211156,1142,False
003017,1142,1142,1142,True,True,,SZ_MAIN,21.373620328038562,1142,False
003018,1133,1133,1133,True,True,,SZ_MAIN,21.691693507240394,1133,False
003019,1126,1126,1126,True,True,,SZ_MAIN,22.048849469521528,1126,False
003020,1106,1106,1106,True,True,,SZ_MAIN,22.169584834981467,1106,False
003021,1113,1113,1113,True,True,,SZ_MAIN,23.243299672569155,1113,False
003022,1111,1111,1111,True,True,,SZ_MAIN,24.01830511088466,1111,False
003023,1108,1108,1108,True,True,,SZ_MAIN,21.472941139643105,1108,False
003025,1108,1108,1108,True,True,,SZ_MAIN,21.97857046521581,1108,False
003026,1103,1103,1103,True,True,,SZ_MAIN,22.186470023884002,1103,False
003027,1103,1103,1103,True,True,,SZ_MAIN,21.6335357407568,1103,False
003028,1097,1097,1097,True,True,,SZ_MAIN,22.20294039369419,1097,False
003029,1099,1099,1099,True,True,,SZ_MAIN,22.206853085730707,1099,False
003030,1091,1091,1091,True,True,,SZ_MAIN,21.68801273436152,1091,False
003031,1081,1080,1077,True,True,,SZ_MAIN,23.81212408530111,1081,False
003032,833,833,833,True,False,,SZ_MAIN,22.453560093139373,833,False
003033,1088,1088,1088,True,True,,SZ_MAIN,21.708689783891913,1088,False
003035,1082,1082,1082,True,True,,SZ_MAIN,23.767968226809,1082,False
003036,1075,1075,1075,True,True,,SZ_MAIN,21.733964523560417,1075,False
003037,1070,1070,1070,True,True,,SZ_MAIN,22.400872811464374,1070,False
003038,1066,1066,1066,True,True,,SZ_MAIN,22.33470822959742,1066,False
003039,1048,1048,1048,True,True,,SZ_MAIN,22.966454124988644,1048,False
003040,1043,1043,1043,True,True,,SZ_MAIN,22.855011073606153,1043,False
003041,1020,1018,1013,True,True,,SZ_MAIN,21.549124073746977,1020,False
003042,1033,1033,1033,True,True,,SZ_MAIN,21.635197321091646,1033,False
003043,1026,1025,1022,True,True,,SZ_MAIN,22.28976972655778,1026,False
003816,1296,1296,1296,True,True,,SZ_MAIN,25.789434469799378,1243,False
300001,1296,1296,1296,True,True,,CHINEXT,23.844161812092782,1243,False
300002,1296,1296,1296,True,True,,CHINEXT,23.601739553867848,1243,False
300003,1296,1296,1296,True,True,,CHINEXT,24.21190697019838,1243,False
300004,1296,1296,1296,True,True,,CHINEXT,21.80898216219456,1243,False
300005,1291,1290,1289,True,True,,CHINEXT,22.69764859742811,1243,False
300006,1296,1296,1296,True,True,,CHINEXT,22.18865690623106,1243,False
300007,1296,1296,1296,True,True,,CHINEXT,22.564902554515637,1243,False
300008,1296,1296,1296,True,True,,CHINEXT,22.838863284475003,1243,False
300009,1296,1296,1296,True,True,,CHINEXT,23.53114240854168,1243,False
300010,1016,1016,1016,True,True,,CHINEXT,22.38527006641628,963,False
300011,1295,1295,1295,True,True,,CHINEXT,22.082649634471245,1243,False
300012,1296,1296,1296,True,True,,CHINEXT,24.096180779371718,1243,False
300013,1043,1042,1039,True,True,,CHINEXT,21.441248965116458,990,False
300014,1296,1296,1296,True,True,,CHINEXT,25.629125558693698,1243,False
300015,1296,1296,1296,True,True,,CHINEXT,25.826499621327827,1243,False
300016,1296,1296,1296,True,True,,CHINEXT,21.98798175590823,1243,False
300017,1296,1296,1296,True,True,,CHINEXT,23.58138156528694,1243,False
300018,1282,1280,1274,True,True,,CHINEXT,21.87961118358009,1229,False
300019,1296,1296,1296,True,True,,CHINEXT,22.628711396801005,1243,False
300020,806,806,806,True,False,,CHINEXT,22.41519274836452,753,False
300021,1296,1296,1296,True,True,,CHINEXT,22.161512723989986,1243,False
300022,1289,1288,1285,True,True,,CHINEXT,21.451299684147923,1236,False
300024,1296,1296,1296,True,True,,CHINEXT,23.597898978271445,1243,False
300025,1296,1296,1296,True,True,,CHINEXT,21.880133122478213,1243,False
300026,1296,1296,1296,True,True,,CHINEXT,23.26782538237236,1243,False
300027,1289,1289,1289,True,True,,CHINEXT,22.733279714699062,1236,False
300029,0,0,0,False,False,QFQ_OR_TURNOVER_UNAVAILABLE,CHINEXT,,0,False
300030,1296,1296,1296,True,True,,CHINEXT,21.542796691236017,1243,False
300031,1296,1296,1296,True,True,,CHINEXT,22.782242085560597,1243,False
300032,1296,1296,1296,True,True,,CHINEXT,22.203355083974312,1243,False
300033,1296,1296,1296,True,True,,CHINEXT,25.019609085188016,1243,False
300034,1296,1296,1296,True,True,,CHINEXT,23.484637838891583,1243,False
300035,1296,1296,1296,True,True,,CHINEXT,23.216287863070473,1243,False
300036,1296,1296,1296,True,True,,CHINEXT,22.9257206116041,1243,False
300037,1296,1296,1296,True,True,,CHINEXT,24.237583615539336,1243,False
300039,1296,1296,1296,True,True,,CHINEXT,22.597615535388503,1243,False
300040,1296,1296,1296,True,True,,CHINEXT,22.082351664761227,1243,False
300041,1296,1296,1296,True,True,,CHINEXT,22.548587876802564,1243,False
300042,1296,1296,1296,True,True,,CHINEXT,22.21591821605322,1243,False
300043,1296,1296,1296,True,True,,CHINEXT,22.159633014376137,1243,False
300044,774,774,774,True,False,,CHINEXT,22.03905238480575,721,False
300045,1296,1296,1296,True,True,,CHINEXT,23.100503692138272,1243,False
300046,1289,1288,1285,True,True,,CHINEXT,22.278022663556534,1236,False
300047,1296,1296,1296,True,True,,CHINEXT,22.36654642870778,1243,False
300048,1296,1296,1296,True,True,,CHINEXT,22.521894052461278,1243,False
300049,1296,1296,1296,True,True,,CHINEXT,22.84012155689102,1243,False
300050,1296,1296,1296,True,True,,CHINEXT,21.680380127000397,1243,False
300051,1024,1023,1020,True,True,,CHINEXT,21.781648204811802,971,False
300052,1020,1019,1016,True,True,,CHINEXT,22.295122680071483,967,False
300053,1296,1296,1296,True,True,,CHINEXT,22.749960578077335,1243,False
300054,1296,1296,1296,True,True,,CHINEXT,23.81229775368436,1243,False
300055,1296,1296,1296,True,True,,CHINEXT,22.56922849463552,1243,False
300056,1296,1296,1296,True,True,,CHINEXT,21.871719110094723,1243,False
300057,1296,1296,1296,True,True,,CHINEXT,22.40881599775878,1243,False
300058,1296,1296,1296,True,True,,CHINEXT,23.658752665782433,1243,False
300059,1296,1296,1296,True,True,,CHINEXT,26.424273264706425,1243,False
300061,1296,1296,1296,True,True,,CHINEXT,22.348742685155322,1243,False
300062,1296,1296,1296,True,True,,CHINEXT,21.953529246863724,1243,False
300063,1296,1296,1296,True,True,,CHINEXT,21.968409863013676,1243,False
300065,1283,1282,1279,True,True,,CHINEXT,22.83561634523319,1231,False
300066,1296,1296,1296,True,True,,CHINEXT,22.373954447377336,1243,False
300067,1285,1284,1281,True,True,,CHINEXT,22.196916464680953,1232,False
300068,1282,1281,1278,True,True,,CHINEXT,23.30257558475836,1229,False
300069,1267,1264,1255,True,True,,CHINEXT,21.341169351027027,1214,False
300070,1287,1285,1284,True,True,,CHINEXT,23.62033990713979,1234,False
300071,1038,1038,1038,True,True,,CHINEXT,22.067947938702357,985,False
300072,1296,1296,1296,True,True,,CHINEXT,22.978745111207097,1243,False
300073,1296,1296,1296,True,True,,CHINEXT,24.000943275048662,1243,False
300074,1296,1296,1296,True,True,,CHINEXT,21.52362185082222,1243,False
300075,1296,1296,1296,True,True,,CHINEXT,22.993509678945077,1243,False
300076,1290,1290,1290,True,True,,CHINEXT,21.538595251373984,1237,False
300077,1289,1288,1285,True,True,,CHINEXT,23.051214988329427,1236,False
300078,1296,1296,1296,True,True,,CHINEXT,22.168205852924576,1243,False
300079,1296,1296,1296,True,True,,CHINEXT,22.815436055154112,1243,False
300080,1296,1296,1296,True,True,,CHINEXT,23.04393198531703,1243,False
300081,1273,1273,1273,True,True,,CHINEXT,22.237966943050996,1220,False
300082,1296,1296,1296,True,True,,CHINEXT,22.46000929633552,1243,False
300083,1284,1283,1280,True,True,,CHINEXT,23.39715436253332,1231,False
300084,1285,1283,1280,True,True,,CHINEXT,21.605515214810236,1232,False
300085,1296,1296,1296,True,True,,CHINEXT,23.054310464417213,1120,False
300086,1296,1296,1296,True,True,,CHINEXT,21.72481641277139,1243,False
300087,1291,1290,1289,True,True,,CHINEXT,23.016581773345813,1238,False
300088,1296,1296,1296,True,True,,CHINEXT,23.49494757960453,1243,False
300091,1214,1214,1214,True,True,,CHINEXT,22.233338384740367,1161,False
300092,1296,1296,1296,True,True,,CHINEXT,21.89730522249838,1243,False
300093,1047,1047,1047,True,True,,CHINEXT,22.25837656803558,994,False
300094,1296,1296,1296,True,True,,CHINEXT,22.20631748518059,1243,False
300095,1296,1296,1296,True,True,,CHINEXT,22.09136744223819,1243,False
300096,728,728,728,False,False,VALID_1D_ROWS_BELOW_750,CHINEXT,21.810817178255096,675,False
300097,981,981,981,True,False,,CHINEXT,21.443985302089025,928,False
300098,1296,1296,1296,True,True,,CHINEXT,22.762015278729216,1243,False
300099,1296,1296,1296,True,True,,CHINEXT,22.28731308976012,1243,False
300100,1296,1296,1296,True,True,,CHINEXT,22.13276020770329,1243,False
300101,1296,1296,1296,True,True,,CHINEXT,23.207418622650273,1243,False
300102,1296,1296,1296,True,True,,CHINEXT,22.575729546948285,1243,False
300103,1289,1288,1285,True,True,,CHINEXT,21.517203785506286,1236,False
300105,1296,1296,1296,True,True,,CHINEXT,21.97725859573961,1243,False
300106,1296,1296,1296,True,True,,CHINEXT,21.41707128864836,1243,False
300107,1296,1296,1296,True,True,,CHINEXT,21.889871551614178,1243,False
300109,1296,1296,1296,True,True,,CHINEXT,22.692991987853972,1243,False
300110,1296,1296,1296,True,True,,CHINEXT,22.274445158417475,1243,False
300111,1284,1283,1280,True,True,,CHINEXT,22.04537628071604,1231,False
300112,1296,1296,1296,True,True,,CHINEXT,21.712953502130073,1243,False
300113,1296,1296,1296,True,True,,CHINEXT,23.005988555397046,1243,False
300115,1296,1296,1296,True,True,,CHINEXT,23.544786245890837,1243,False
300118,1296,1296,1296,True,True,,CHINEXT,23.65099715281123,1243,False
300119,1296,1296,1296,True,True,,CHINEXT,22.91088837984398,1243,False
300120,1296,1296,1296,True,True,,CHINEXT,22.135938363058656,1243,False
300121,1289,1288,1285,True,True,,CHINEXT,22.232958179612684,1236,False
300122,1296,1296,1296,True,True,,CHINEXT,25.50178410492935,1243,False
300123,1282,1282,1282,True,True,,CHINEXT,22.646972535689528,1229,False
300124,1296,1296,1296,True,True,,CHINEXT,25.870840846439464,1243,False
300125,805,805,805,True,False,,CHINEXT,22.12399728165355,752,False
300126,1296,1296,1296,True,True,,CHINEXT,21.391816893660796,1243,False
300127,1284,1283,1280,True,True,,CHINEXT,22.509222134565615,1231,False
300128,1296,1296,1296,True,True,,CHINEXT,22.257515013285012,1243,False
300129,1289,1288,1285,True,True,,CHINEXT,22.699464659382343,1236,False
300130,1296,1296,1296,True,True,,CHINEXT,23.10993625439669,1243,False
300131,1272,1270,1264,True,True,,CHINEXT,22.654561925731564,1219,False
300132,1296,1296,1296,True,True,,CHINEXT,21.882441276245956,1243,False
300133,1296,1296,1296,True,True,,CHINEXT,23.19986485440814,1243,False
300134,1296,1296,1296,True,True,,CHINEXT,22.770191273742167,1243,False
300135,1284,1282,1278,True,True,,CHINEXT,21.69593387767743,1231,False
300136,1296,1296,1296,True,True,,CHINEXT,23.76714824885986,1243,False
300137,1032,1032,1032,True,True,,CHINEXT,21.91555508437854,979,False
300138,1296,1296,1296,True,True,,CHINEXT,22.719000827729438,1243,False
300139,1296,1296,1296,True,True,,CHINEXT,21.84097462130551,1243,False
300140,1284,1283,1280,True,True,,CHINEXT,23.58069860446414,1231,False
300141,1296,1296,1296,True,True,,CHINEXT,21.60893154552732,1243,False
300142,1292,1291,1291,True,True,,CHINEXT,24.370055170626955,1239,False
300143,1296,1296,1296,True,True,,CHINEXT,22.69627274631161,1243,False
300144,1296,1296,1296,True,True,,CHINEXT,24.089554607025132,1243,False
300145,1285,1284,1281,True,True,,CHINEXT,22.479320248186113,1239,False
300146,1296,1296,1296,True,True,,CHINEXT,24.131854612353635,1243,False
300147,1022,1022,1022,True,True,,CHINEXT,22.094756945635027,969,False
300148,1296,1296,1296,True,True,,CHINEXT,21.89142174735959,1243,False
300149,1296,1296,1296,True,True,,CHINEXT,22.360122087207312,1243,False
300150,1296,1296,1296,True,True,,CHINEXT,21.666632903032163,1243,False
300151,1296,1296,1296,True,True,,CHINEXT,22.925491629332026,1243,False
300152,1035,1034,1031,True,True,,CHINEXT,21.609955295579645,982,False
300153,1296,1296,1296,True,True,,CHINEXT,21.710872074237162,1243,False
300154,1296,1296,1296,True,True,,CHINEXT,21.835576302398763,1243,False
300155,1296,1296,1296,True,True,,CHINEXT,21.79044239816289,1243,False
300157,1293,1293,1293,True,True,,CHINEXT,21.694339125727602,1240,False
300158,1296,1296,1296,True,True,,CHINEXT,22.525465891777028,1243,False
300159,713,713,713,False,False,VALID_1D_ROWS_BELOW_750,CHINEXT,22.237014603395103,660,False
300160,1296,1296,1296,True,True,,CHINEXT,22.228737124552,1243,False
300161,1296,1296,1296,True,True,,CHINEXT,22.419657304143467,1243,False
300162,1296,1296,1296,True,True,,CHINEXT,21.736370721236344,1243,False
300163,1022,1021,1018,True,True,,CHINEXT,21.232333917137126,969,False
300164,1296,1296,1296,True,True,,CHINEXT,21.671934968464516,1243,False
300165,973,972,969,True,False,,CHINEXT,21.663526595643937,920,False
300166,1296,1296,1296,True,True,,CHINEXT,23.158640801264628,1243,False
300167,563,563,563,False,False,VALID_1D_ROWS_BELOW_750,CHINEXT,21.317668224133946,510,False
300168,1296,1296,1296,True,True,,CHINEXT,23.156473148181735,1243,False
300169,1282,1280,1274,True,True,,CHINEXT,21.501477888915915,1229,False
300170,1296,1296,1296,True,True,,CHINEXT,22.80846445716049,1243,False
300171,1296,1296,1296,True,True,,CHINEXT,23.369143999289065,1243,False
300172,1296,1296,1296,True,True,,CHINEXT,21.967859037873108,1243,False
300173,1206,1206,1206,True,True,,CHINEXT,22.022443697284086,1153,False
300174,1285,1284,1281,True,True,,CHINEXT,22.444940808616234,1232,False
300175,1015,1014,1011,True,True,,CHINEXT,21.490550034866498,962,False
300176,1296,1296,1296,True,True,,CHINEXT,21.644923099998486,1243,False
300177,1296,1296,1296,True,True,,CHINEXT,22.525796733482522,1243,False
300179,1296,1296,1296,True,True,,CHINEXT,22.323180807733266,1243,False
300180,1296,1296,1296,True,True,,CHINEXT,22.870220263357886,1243,False
300181,1296,1296,1296,True,True,,CHINEXT,22.829014016373296,1243,False
300182,1289,1289,1289,True,True,,CHINEXT,23.361257210632463,1243,False
300183,1296,1296,1296,True,True,,CHINEXT,22.69452257372673,1243,False
300184,1296,1296,1296,True,True,,CHINEXT,22.64315616741949,1243,False
300185,1292,1291,1291,True,True,,CHINEXT,23.084049114914553,1239,False
300187,1296,1296,1296,True,True,,CHINEXT,22.029693812126343,1243,False
300188,1296,1296,1296,True,True,,CHINEXT,23.272524830065407,1243,False
300189,1286,1285,1282,True,True,,CHINEXT,22.19859619080426,1233,False
300190,1296,1296,1296,True,True,,CHINEXT,21.94009435638835,1243,False
300191,1296,1296,1296,True,True,,CHINEXT,22.512889694044045,1243,False
300192,1296,1296,1296,True,True,,CHINEXT,21.956690133330145,1243,False
300193,1296,1296,1296,True,True,,CHINEXT,22.16783702360705,1243,False
300194,1296,1296,1296,True,True,,CHINEXT,22.32728866559506,1243,False
300195,1296,1296,1296,True,True,,CHINEXT,21.674481294017518,1243,False
300196,1296,1296,1296,True,True,,CHINEXT,22.501298521697155,1243,False
300197,1284,1283,1280,True,True,,CHINEXT,22.619682176309837,1231,False
300198,1042,1041,1040,True,True,,CHINEXT,21.80863897682292,989,False
300199,1296,1296,1296,True,True,,CHINEXT,23.150115486420656,1243,False
300200,1295,1295,1295,True,True,,CHINEXT,22.05150772250726,1243,False
300201,1056,1056,1055,True,True,,CHINEXT,22.19248587394067,1056,False
300203,1296,1296,1296,True,True,,CHINEXT,22.81792688833792,1243,False
300204,1296,1296,1296,True,True,,CHINEXT,22.41986369227768,1243,False
300205,747,747,747,False,False,VALID_1D_ROWS_BELOW_750,CHINEXT,22.405154635038755,694,False
300206,1296,1296,1296,True,True,,CHINEXT,22.671989612619395,1243,False
300207,1296,1296,1296,True,True,,CHINEXT,24.45988423976922,1243,False
300209,802,802,802,True,False,,CHINEXT,21.832069559215267,749,False
300210,1292,1291,1291,True,True,,CHINEXT,21.437884937845556,1239,False
300211,1048,1048,1048,True,True,,CHINEXT,21.73617617835837,995,False
300212,1289,1289,1289,True,True,,CHINEXT,23.53162711975226,1236,False
300213,1296,1296,1296,True,True,,CHINEXT,22.09201133701831,1296,False
300214,1296,1296,1296,True,True,,CHINEXT,21.866881014244008,1243,False
300215,1296,1296,1296,True,True,,CHINEXT,22.240044046268903,1243,False
300217,1296,1296,1296,True,True,,CHINEXT,22.7677174862364,1243,False
300218,1296,1296,1296,True,True,,CHINEXT,21.84435541226893,1296,False
300219,1296,1296,1296,True,True,,CHINEXT,22.39942241794992,1243,False
300220,1025,1025,1025,True,True,,CHINEXT,21.469593529977082,972,False
300221,1296,1296,1296,True,True,,CHINEXT,21.809805395524762,1296,False
300222,1296,1296,1296,True,True,,CHINEXT,22.629200070521108,1243,False
300223,1296,1296,1296,True,True,,CHINEXT,24.34631772555449,1243,False
300224,1296,1296,1296,True,True,,CHINEXT,23.080370456570023,1296,False
300225,1049,1048,1045,True,True,,CHINEXT,21.968387579780593,996,False
300226,1296,1296,1296,True,True,,CHINEXT,22.802695840084677,1243,False
300227,1296,1296,1296,True,True,,CHINEXT,22.139085744179624,1243,False
300228,1296,1296,1296,True,True,,CHINEXT,22.14188642614424,1243,False
300229,1296,1296,1296,True,True,,CHINEXT,23.273660036355867,1243,False
300230,1296,1296,1296,True,True,,CHINEXT,21.948093418091513,1243,False
300231,1296,1296,1296,True,True,,CHINEXT,22.087464615441156,1243,False
300232,1296,1296,1296,True,True,,CHINEXT,22.777004377576173,1243,False
300233,1296,1296,1296,True,True,,CHINEXT,22.710843005957,1243,False
300234,1296,1296,1296,True,True,,CHINEXT,21.746628624929055,1296,False
300235,1296,1296,1296,True,True,,CHINEXT,21.626316108715184,1243,False
300236,1296,1296,1296,True,True,,CHINEXT,23.18326445501113,1243,False
300237,1145,1144,1141,True,True,,CHINEXT,21.88223039514644,1092,False
300238,1296,1296,1296,True,True,,CHINEXT,22.038450158133173,1243,False
300239,1296,1296,1296,True,True,,CHINEXT,22.007230071515526,1243,False
300240,1296,1296,1296,True,True,,CHINEXT,21.698296670632338,1243,False
300241,1296,1296,1296,True,True,,CHINEXT,22.043488668439444,1243,False
300242,1296,1296,1296,True,True,,CHINEXT,21.652226107694116,1243,False
300243,1296,1296,1296,True,True,,CHINEXT,21.61882537604247,1243,False
300244,1296,1296,1296,True,True,,CHINEXT,23.43601357303024,1243,False
300245,1288,1288,1288,True,True,,CHINEXT,21.787797871851883,1235,False
300246,1296,1296,1296,True,True,,CHINEXT,21.68230132964804,1243,False
300247,1296,1296,1296,True,True,,CHINEXT,21.786093811895572,1243,False
300248,1296,1296,1296,True,True,,CHINEXT,22.27497238045785,1243,False
300249,1296,1296,1296,True,True,,CHINEXT,22.16140235925116,1243,False
300250,1296,1296,1296,True,True,,CHINEXT,21.912464814814296,1243,False
300251,1296,1296,1296,True,True,,CHINEXT,24.029513449160625,1243,False
300252,1296,1296,1296,True,True,,CHINEXT,22.47820249464694,1243,False
300253,1289,1288,1285,True,True,,CHINEXT,23.73157255614138,1289,False
300254,1296,1296,1296,True,True,,CHINEXT,21.384185446162,1296,False
300255,1296,1296,1296,True,True,,CHINEXT,22.840522096273226,1243,False
300256,800,800,800,True,False,,CHINEXT,22.771978209462894,747,False
300257,1296,1296,1296,True,True,,CHINEXT,23.391029161507753,1243,False
300258,1296,1296,1296,True,True,,CHINEXT,22.539200250358643,1243,False
300259,1296,1296,1296,True,True,,CHINEXT,22.19382359520544,1243,False
300260,1296,1296,1296,True,True,,CHINEXT,23.20525574581825,1243,False
300261,1277,1275,1269,True,True,,CHINEXT,22.680585592732356,1224,False
300263,1296,1296,1296,True,True,,CHINEXT,22.65212889887431,1243,False
300264,1289,1288,1285,True,True,,CHINEXT,21.70260628019568,1236,False
300265,1296,1296,1296,True,True,,CHINEXT,22.031163955538585,1243,False
300266,1289,1288,1285,True,True,,CHINEXT,22.28986659381978,1236,False
300267,1296,1296,1296,True,True,,CHINEXT,22.671010952563215,1243,False
300268,549,549,549,False,False,VALID_1D_ROWS_BELOW_750,CHINEXT,21.932184018605618,496,False
300269,902,902,902,True,False,,CHINEXT,21.568379578739304,849,False
300270,1289,1288,1285,True,True,,CHINEXT,21.447728782867536,1236,False
300271,1296,1296,1296,True,True,,CHINEXT,22.60220086729709,1243,False
300272,1296,1296,1296,True,True,,CHINEXT,21.988475527436,1243,False
300274,1296,1296,1296,True,True,,CHINEXT,25.80056999783569,1243,False
300275,1296,1296,1296,True,True,,CHINEXT,21.87978593375108,1296,False
300276,1296,1296,1296,True,True,,CHINEXT,22.47390581756348,1243,False
300277,1272,1270,1264,True,True,,CHINEXT,21.744691058936546,1219,False
300278,1042,1042,1042,True,True,,CHINEXT,22.579060464083522,989,False
300279,1292,1291,1291,True,True,,CHINEXT,21.78302883368917,1239,False
300281,1296,1296,1296,True,True,,CHINEXT,21.593665249457608,1243,False
300283,1296,1296,1296,True,True,,CHINEXT,21.69245507440359,1243,False
300284,1296,1296,1296,True,True,,CHINEXT,22.843688957420255,1243,False
300285,1296,1296,1296,True,True,,CHINEXT,24.059273444171595,1243,False
300286,1296,1296,1296,True,True,,CHINEXT,22.431232995363175,1296,False
300287,1296,1296,1296,True,True,,CHINEXT,22.54090820786523,1243,False
300288,1296,1296,1296,True,True,,CHINEXT,22.219735548032503,1296,False
300289,1296,1296,1296,True,True,,CHINEXT,21.88433555424611,1243,False
300290,1296,1296,1296,True,True,,CHINEXT,22.16945436080245,1243,False
300291,1286,1285,1282,True,True,,CHINEXT,22.29655312141814,1233,False
300292,1296,1296,1296,True,True,,CHINEXT,22.362724095610744,1243,False
300293,1296,1296,1296,True,True,,CHINEXT,22.168739894340256,1296,False
300294,1296,1296,1296,True,True,,CHINEXT,23.488885187837823,1243,False
300295,1285,1285,1285,True,True,,CHINEXT,21.488629973708765,1285,False
300296,1296,1296,1296,True,True,,CHINEXT,23.53679973045088,1243,False
300298,1296,1296,1296,True,True,,CHINEXT,23.38401099610281,1296,False
300299,1296,1296,1296,True,True,,CHINEXT,22.1340066452507,1243,False
300300,981,980,979,True,False,,CHINEXT,21.839998273138974,928,False
300301,322,322,322,False,False,VALID_1D_ROWS_BELOW_750,CHINEXT,21.705556885721414,269,False
300302,1296,1296,1296,True,True,,CHINEXT,22.415487471607637,1243,False
300303,1296,1296,1296,True,True,,CHINEXT,22.733449801856157,1243,False
300304,1296,1296,1296,True,True,,CHINEXT,22.40577606248306,1243,False
300305,1296,1296,1296,True,True,,CHINEXT,21.794607242389077,1243,False
300306,1296,1296,1296,True,True,,CHINEXT,21.843682039588177,1243,False
300307,1265,1262,1253,True,True,,CHINEXT,22.401206262888838,1219,False
300308,1296,1296,1296,True,True,,CHINEXT,25.202582573261747,1243,False
300310,1296,1296,1296,True,True,,CHINEXT,22.14700329397507,1243,False
300311,1082,1082,1082,True,True,,CHINEXT,22.170327455945024,1029,False
300313,77,77,77,False,False,VALID_1D_ROWS_BELOW_750,CHINEXT,22.24674538014071,24,False
300314,1296,1296,1296,True,True,,CHINEXT,22.06998742294648,1243,False
300315,1296,1296,1296,True,True,,CHINEXT,23.287272484374906,1243,False
300316,1296,1296,1296,True,True,,CHINEXT,24.790895079806603,1243,False
300317,1296,1296,1296,True,True,,CHINEXT,22.157303355470155,1243,False
300318,1296,1296,1296,True,True,,CHINEXT,22.33258994878547,1243,False
300319,1284,1283,1280,True,True,,CHINEXT,22.873302437936434,1284,False
300320,1296,1296,1296,True,True,,CHINEXT,22.489708981681385,1243,False
300321,1296,1296,1296,True,True,,CHINEXT,21.205514192608582,1243,False
300322,1296,1296,1296,True,True,,CHINEXT,22.371487852872125,1243,False
300323,1289,1288,1285,True,True,,CHINEXT,23.08506064007346,1236,False
300324,1289,1288,1285,True,True,,CHINEXT,22.525609592545266,1236,False
300326,1048,1048,1048,True,True,,CHINEXT,22.370244330925885,995,False
300327,1293,1293,1293,True,True,,CHINEXT,23.006690669190917,1240,False
300328,1296,1296,1296,True,True,,CHINEXT,22.392736663749087,1243,False
300329,1289,1288,1285,True,True,,CHINEXT,21.301487962118397,1236,False
300331,1296,1296,1296,True,True,,CHINEXT,22.495934909197445,1243,False
300332,1296,1296,1296,True,True,,CHINEXT,22.507061338115662,1243,False
300333,1296,1296,1296,True,True,,CHINEXT,21.646857626963175,1296,False
300334,1296,1296,1296,True,True,,CHINEXT,21.496059617133305,1243,False
300335,1296,1296,1296,True,True,,CHINEXT,21.58041835036511,1243,False
300337,1296,1296,1296,True,True,,CHINEXT,22.604092036144948,1243,False
300338,474,474,474,False,False,VALID_1D_ROWS_BELOW_750,CHINEXT,21.32875439397059,421,False
300339,1289,1288,1285,True,True,,CHINEXT,23.717098173387008,1236,False
300340,1289,1288,1285,True,True,,CHINEXT,21.810764503993518,1236,False
300341,1296,1296,1296,True,True,,CHINEXT,22.427934064555743,1243,False
300342,1296,1296,1296,True,True,,CHINEXT,22.46666144834732,1243,False
300343,1022,1022,1022,True,True,,CHINEXT,22.866059755932653,969,False
300344,0,0,0,False,False,QFQ_OR_TURNOVER_UNAVAILABLE,CHINEXT,,0,False
300345,1296,1296,1296,True,True,,CHINEXT,22.081107681006188,1243,False
300346,1286,1285,1282,True,True,,CHINEXT,23.640330779479292,1233,False
300347,1296,1296,1296,True,True,,CHINEXT,24.77683428458534,1243,False
300348,1296,1296,1296,True,True,,CHINEXT,23.001093672383544,1243,False
300349,1296,1296,1296,True,True,,CHINEXT,22.364015646553735,1243,False
300350,1296,1296,1296,True,True,,CHINEXT,21.880458148588826,1243,False
300351,1296,1296,1296,True,True,,CHINEXT,22.529215177221026,1243,False
300352,1290,1290,1290,True,True,,CHINEXT,22.73176114617584,1290,False
300353,1285,1284,1281,True,True,,CHINEXT,22.502041417329686,1232,False
300354,1296,1296,1296,True,True,,CHINEXT,22.393660009830775,1243,False
300355,1296,1296,1296,True,True,,CHINEXT,22.589683634278256,1243,False
300357,1296,1296,1296,True,True,,CHINEXT,23.533470639450613,1243,False
300358,1296,1296,1296,True,True,,CHINEXT,22.726839597035063,1243,False
300359,1296,1296,1296,True,True,,CHINEXT,21.991579210843174,1243,False
300360,1296,1296,1296,True,True,,CHINEXT,22.764744757565722,1243,False
300363,1296,1296,1296,True,True,,CHINEXT,23.43471477254827,1243,False
300364,1296,1296,1296,True,True,,CHINEXT,23.34453403926616,1243,False
300365,1296,1296,1296,True,True,,CHINEXT,22.158109448218283,1243,False
300366,1147,1147,1147,True,True,,CHINEXT,22.47060161770955,1147,False
300368,1043,1043,1043,True,True,,CHINEXT,22.2769748411868,1043,False
300369,1296,1296,1296,True,True,,CHINEXT,22.762195499174197,1243,False
300370,772,772,772,True,False,,CHINEXT,22.1938429591108,719,False
300371,1296,1296,1296,True,True,,CHINEXT,21.52323095280405,1243,False
300373,1284,1283,1280,True,True,,CHINEXT,23.999106536276912,1231,False
300374,1296,1296,1296,True,True,,CHINEXT,21.980745213994908,1296,False
300375,1296,1296,1296,True,True,,CHINEXT,21.886433598795904,1243,False
300376,924,924,924,True,False,,CHINEXT,23.523359469628367,924,False
300377,1296,1296,1296,True,True,,CHINEXT,22.740934469655393,1243,False
300378,1296,1296,1296,True,True,,CHINEXT,22.50654143155424,1296,False
300380,1296,1296,1296,True,True,,CHINEXT,21.69713206866805,1243,False
300381,1296,1296,1296,True,True,,CHINEXT,22.064920712960447,1243,False
300382,1296,1296,1296,True,True,,CHINEXT,22.867200264469417,1243,False
300383,1296,1296,1296,True,True,,CHINEXT,23.77015747724262,1243,False
300384,1296,1296,1296,True,True,,CHINEXT,22.41452584119223,1243,False
300385,1271,1270,1268,True,True,,CHINEXT,21.458271371294384,1218,False
300386,1296,1296,1296,True,True,,CHINEXT,22.44036391321939,1243,False
300387,1296,1296,1296,True,True,,CHINEXT,21.461755727132054,1243,False
300388,1296,1296,1296,True,True,,CHINEXT,22.313867794166367,1243,False
300389,1296,1296,1296,True,True,,CHINEXT,22.19901137132767,1243,False
300390,1296,1296,1296,True,True,,CHINEXT,23.987870796233008,1296,False
300393,1292,1291,1291,True,True,,CHINEXT,23.136379306925352,1239,False
300394,1296,1296,1296,True,True,,CHINEXT,24.27326298667443,1243,False
300395,1296,1296,1296,True,True,,CHINEXT,23.81756133131472,1243,False
300396,1290,1290,1290,True,True,,CHINEXT,22.306265250066474,1237,False
300397,1296,1296,1296,True,True,,CHINEXT,22.524373131547755,1243,False
300398,1296,1296,1296,True,True,,CHINEXT,22.991643430547544,1243,False
300399,1296,1296,1296,True,True,,CHINEXT,21.643357336742586,1243,False
300400,1296,1296,1296,True,True,,CHINEXT,22.143181100446988,1243,False
300401,1296,1296,1296,True,True,,CHINEXT,22.75792548435038,1243,False
300402,1296,1296,1296,True,True,,CHINEXT,22.147213352594655,1243,False
300403,1296,1296,1296,True,True,,CHINEXT,22.263829442293094,1243,False
300404,1296,1296,1296,True,True,,CHINEXT,21.936569538646896,1243,False
300405,1296,1296,1296,True,True,,CHINEXT,21.226632092335215,1243,False
300406,1296,1296,1296,True,True,,CHINEXT,23.030646627976086,1243,False
300407,1296,1296,1296,True,True,,CHINEXT,21.702928075998415,1243,False
300408,1296,1296,1296,True,True,,CHINEXT,24.86175158274703,1243,False
300409,1296,1296,1296,True,True,,CHINEXT,23.03092583904777,1243,False
300410,1289,1288,1285,True,True,,CHINEXT,21.859156407154476,1236,False
300411,1296,1296,1296,True,True,,CHINEXT,21.92483585406782,1296,False
300412,1296,1296,1296,True,True,,CHINEXT,21.69709513817625,1296,False
300413,1296,1296,1296,True,True,,CHINEXT,24.691037033364523,1243,False
300414,1296,1296,1296,True,True,,CHINEXT,21.80964255739414,1243,False
300415,1296,1296,1296,True,True,,CHINEXT,22.948275560616683,1243,False
300416,1296,1296,1296,True,True,,CHINEXT,22.822035207990883,1243,False
300417,1296,1296,1296,True,True,,CHINEXT,21.176278310602964,1243,False
300418,1296,1296,1296,True,True,,CHINEXT,24.415886035945885,1243,False
300419,912,911,908,True,False,,CHINEXT,21.560294149402953,859,False
300420,1289,1288,1285,True,True,,CHINEXT,21.97119333633046,1236,False
300421,1296,1296,1296,True,True,,CHINEXT,21.948304971230456,1243,False
300422,1285,1284,1281,True,True,,CHINEXT,21.80625805816931,1236,False
300423,1284,1283,1280,True,True,,CHINEXT,22.258363822632017,1231,False
300424,1282,1280,1274,True,True,,CHINEXT,21.934742590687982,1236,False
300425,1296,1296,1296,True,True,,CHINEXT,21.930660327830363,1243,False
300426,1296,1296,1296,True,True,,CHINEXT,21.97265979813302,1243,False
300427,948,948,948,True,False,,CHINEXT,22.30788505773591,895,False
300428,1296,1296,1296,True,True,,CHINEXT,23.302617696910342,1243,False
300429,1296,1296,1296,True,True,,CHINEXT,22.514331947416828,1243,False
300430,1290,1290,1290,True,True,,CHINEXT,22.102559942308986,1237,False
300432,1296,1296,1296,True,True,,CHINEXT,23.622840547907185,1296,False
300433,1296,1296,1296,True,True,,CHINEXT,25.275542336197912,1296,False
300434,1296,1296,1296,True,True,,CHINEXT,22.068913036261918,1243,False
300435,1296,1296,1296,True,True,,CHINEXT,22.429424017633572,1243,False
300436,1296,1296,1296,True,True,,CHINEXT,22.36610115919804,1243,False
300437,1289,1288,1285,True,True,,CHINEXT,21.949763844943924,1236,False
300438,1290,1289,1287,True,True,,CHINEXT,23.52782120509847,1237,False
300439,1296,1296,1296,True,True,,CHINEXT,22.210199236216905,1243,False
300440,1296,1296,1296,True,True,,CHINEXT,21.945027533540923,1243,False
300441,1296,1296,1296,True,True,,CHINEXT,22.294093611600623,1243,False
300442,1288,1287,1284,True,True,,CHINEXT,24.465074239895856,1288,False
300443,1289,1288,1285,True,True,,CHINEXT,22.92250966596106,1236,False
300444,1296,1296,1296,True,True,,CHINEXT,22.345280938029603,1243,False
300445,1296,1296,1296,True,True,,CHINEXT,21.906540699043198,1243,False
300446,960,960,960,True,False,,CHINEXT,23.19684370301737,960,False
300447,1296,1296,1296,True,True,,CHINEXT,22.313487125273998,1296,False
300448,1296,1296,1296,True,True,,CHINEXT,22.165049715124482,1243,False
300449,1277,1275,1269,True,True,,CHINEXT,21.457953012127636,1277,False
300450,1296,1296,1296,True,True,,CHINEXT,24.90503008302141,1243,False
300451,1282,1280,1274,True,True,,CHINEXT,23.06007388107593,1229,False
300452,1296,1296,1296,True,True,,CHINEXT,21.86104744350917,1296,False
300453,1296,1296,1296,True,True,,CHINEXT,22.13048687627886,1296,False
300454,1296,1296,1296,True,True,,CHINEXT,24.5403916107869,1243,False
300455,1296,1296,1296,True,True,,CHINEXT,22.796798547174728,1243,False
300456,1296,1296,1296,True,True,,CHINEXT,23.382509350846483,1243,False
300457,1296,1296,1296,True,True,,CHINEXT,23.32955327514031,1243,False
300458,1296,1296,1296,True,True,,CHINEXT,23.604204957040228,1243,False
300459,1296,1296,1296,True,True,,CHINEXT,23.506592347203174,1243,False
300460,1191,1190,1187,True,True,,CHINEXT,21.914570981559695,1138,False
300461,1291,1290,1289,True,True,,CHINEXT,21.76066349024593,1238,False
300462,1092,1092,1092,True,True,,CHINEXT,21.40568842042519,1039,False
300463,1296,1296,1296,True,True,,CHINEXT,22.943723168692706,1243,False
300464,1296,1296,1296,True,True,,CHINEXT,21.62725211890521,1243,False
300465,1296,1296,1296,True,True,,CHINEXT,22.305382084498454,1243,False
300466,1296,1296,1296,True,True,,CHINEXT,21.96439661469391,1243,False
300467,1296,1296,1296,True,True,,CHINEXT,21.839108019123653,1243,False
300468,1296,1296,1296,True,True,,CHINEXT,22.479291661767213,1243,False
300469,1290,1289,1287,True,True,,CHINEXT,21.987527052796963,1242,False
300470,1296,1296,1296,True,True,,CHINEXT,22.78810340155669,1243,False
300471,1296,1296,1296,True,True,,CHINEXT,22.353832449594403,1296,False
300472,1048,1048,1048,True,True,,CHINEXT,21.709906350798345,995,False
300473,1286,1285,1282,True,True,,CHINEXT,21.764707282756156,1233,False
300474,1296,1296,1296,True,True,,CHINEXT,24.264018435791456,1243,False
300475,1288,1287,1284,True,True,,CHINEXT,23.266467206050432,1235,False
300476,1296,1296,1296,True,True,,CHINEXT,23.8006582882429,1243,False
300477,1047,1047,1047,True,True,,CHINEXT,22.337174677539945,994,False
300478,1292,1291,1291,True,True,,CHINEXT,21.01131980023822,1239,False
300479,1289,1288,1285,True,True,,CHINEXT,22.059544798178923,1236,False
300480,1296,1296,1296,True,True,,CHINEXT,22.491500708097902,276,False
300481,1296,1296,1296,True,True,,CHINEXT,22.216348450357238,276,False
300482,1296,1296,1296,True,True,,CHINEXT,23.282024539558325,1296,False
300483,1296,1296,1296,True,True,,CHINEXT,21.99098803806256,1243,False
300484,1296,1296,1296,True,True,,CHINEXT,21.80757304611227,1243,False
300485,1296,1296,1296,True,True,,CHINEXT,22.42725248008331,1243,False
300486,1277,1275,1269,True,True,,CHINEXT,21.994454370560724,1224,False
300487,1296,1296,1296,True,True,,CHINEXT,23.935519595515775,1243,False
300488,1296,1296,1296,True,True,,CHINEXT,22.124237552901896,1243,False
300489,1289,1288,1285,True,True,,CHINEXT,21.7760642885389,1236,False
300490,1296,1296,1296,True,True,,CHINEXT,22.206967784536033,1243,False
300491,1296,1296,1296,True,True,,CHINEXT,21.866671688678824,1243,False
300492,1291,1290,1289,True,True,,CHINEXT,22.877379900227652,1291,False
300493,1296,1296,1296,True,True,,CHINEXT,22.130204818637125,1243,False
300494,1296,1296,1296,True,True,,CHINEXT,22.44544654293646,1243,False
300496,1296,1296,1296,True,True,,CHINEXT,24.33062318449421,1243,False
300497,1296,1296,1296,True,True,,CHINEXT,22.63909368831706,1243,False
300498,1296,1296,1296,True,True,,CHINEXT,25.49879448687107,1243,False
300499,1296,1296,1296,True,True,,CHINEXT,22.146600812443708,1243,False
300500,1296,1296,1296,True,True,,CHINEXT,21.63328137262459,1243,False
300501,1296,1296,1296,True,True,,CHINEXT,21.790333520054393,1243,False
300502,1296,1296,1296,True,True,,CHINEXT,24.30777011645454,1243,False
300503,1296,1296,1296,True,True,,CHINEXT,22.19151866387468,1296,False
300504,1296,1296,1296,True,True,,CHINEXT,22.239228855312557,1243,False
300505,1296,1296,1296,True,True,,CHINEXT,22.262657435377783,1243,False
300506,803,803,803,True,False,,CHINEXT,22.213448505356503,751,False
300507,1289,1288,1285,True,True,,CHINEXT,22.358872279409027,1236,False
300508,1296,1296,1296,True,True,,CHINEXT,21.846347298219648,1243,False
300509,1296,1296,1296,True,True,,CHINEXT,21.389734283882724,1243,False
300510,1296,1296,1296,True,True,,CHINEXT,22.142712793722012,1243,False
300511,1289,1288,1285,True,True,,CHINEXT,21.92174243847957,1236,False
300512,1296,1296,1296,True,True,,CHINEXT,21.9230387102916,1296,False
300513,1289,1288,1285,True,True,,CHINEXT,21.89217231677762,1236,False
300514,1296,1296,1296,True,True,,CHINEXT,21.688727612827016,1243,False
300515,1296,1296,1296,True,True,,CHINEXT,21.645268222228648,1243,False
300516,1296,1296,1296,True,True,,CHINEXT,22.45336264578236,1243,False
300517,1296,1296,1296,True,True,,CHINEXT,21.616334480008124,1243,False
300518,1296,1296,1296,True,True,,CHINEXT,22.08469152254026,1296,False
300519,1296,1296,1296,True,True,,CHINEXT,21.65888849712006,1243,False
300520,1296,1296,1296,True,True,,CHINEXT,22.393581484761004,1243,False
300521,1277,1275,1269,True,True,,CHINEXT,21.451857378439552,1277,False
300522,1296,1296,1296,True,True,,CHINEXT,22.12595346697937,1296,False
300523,1291,1290,1289,True,True,,CHINEXT,22.374499887044585,1238,False
300525,1289,1288,1285,True,True,,CHINEXT,23.047257011081854,1289,False
300527,1110,1110,1110,True,True,,CHINEXT,22.761494644097368,1057,False
300528,1296,1296,1296,True,True,,CHINEXT,21.83282781158624,1243,False
300529,1296,1296,1296,True,True,,CHINEXT,23.860828720596725,1243,False
300530,1036,1036,1036,True,True,,CHINEXT,22.128198821334333,983,False
300531,1296,1296,1296,True,True,,CHINEXT,22.326455644060154,1243,False
300532,1296,1296,1296,True,True,,CHINEXT,22.32416664982137,1243,False
300533,1296,1296,1296,True,True,,CHINEXT,22.28874835087338,1243,False
300534,1277,1275,1269,True,True,,CHINEXT,21.772154283203182,1224,False
300535,1296,1296,1296,True,True,,CHINEXT,21.149975232437065,1243,False
300536,1037,1037,1037,True,True,,CHINEXT,22.175630693056675,1037,False
300537,1296,1296,1296,True,True,,CHINEXT,21.92150733384592,1243,False
300538,1296,1296,1296,True,True,,CHINEXT,21.783500278366752,1243,False
300539,1296,1296,1296,True,True,,CHINEXT,21.582071345631316,1243,False
300540,1296,1296,1296,True,True,,CHINEXT,22.027009895550645,1243,False
300541,1296,1296,1296,True,True,,CHINEXT,22.24242793588068,1243,False
300542,1284,1283,1280,True,True,,CHINEXT,22.11762189334182,1231,False
300543,1296,1296,1296,True,True,,CHINEXT,21.775344110521637,1243,False
300545,1296,1296,1296,True,True,,CHINEXT,22.211498435450405,1243,False
300546,1296,1296,1296,True,True,,CHINEXT,21.921821865446695,1243,False
300547,1296,1296,1296,True,True,,CHINEXT,22.016354326531495,1243,False
300548,1290,1289,1287,True,True,,CHINEXT,22.640277911705986,1237,False
300549,1296,1296,1296,True,True,,CHINEXT,21.562005321547055,1243,False
300550,1296,1296,1296,True,True,,CHINEXT,21.968946681937116,1243,False
300551,1289,1288,1285,True,True,,CHINEXT,22.285078867605755,1236,False
300552,1296,1296,1296,True,True,,CHINEXT,22.465456151004314,1243,False
300553,1296,1296,1296,True,True,,CHINEXT,21.698815175710354,1243,False
300554,1291,1290,1289,True,True,,CHINEXT,21.58442127122858,1238,False
300555,502,502,502,False,False,VALID_1D_ROWS_BELOW_750,CHINEXT,21.21674182237729,449,False
300556,1296,1296,1296,True,True,,CHINEXT,21.60742774618198,1296,False
300557,1296,1296,1296,True,True,,CHINEXT,21.57736665355529,1243,False
300558,1296,1296,1296,True,True,,CHINEXT,23.822068203570375,1243,False
300559,1296,1296,1296,True,True,,CHINEXT,22.233214860624607,1243,False
300560,1296,1296,1296,True,True,,CHINEXT,21.92099621209455,1243,False
300561,1038,1037,1036,True,True,,CHINEXT,22.025659541333834,985,False
300562,1296,1296,1296,True,True,,CHINEXT,21.668123846530104,1243,False
300563,1296,1296,1296,True,True,,CHINEXT,21.742173774842666,1243,False
300564,1296,1296,1296,True,True,,CHINEXT,21.513453379681565,1243,False
300565,1296,1296,1296,True,True,,CHINEXT,21.859764615754667,1243,False
300566,1296,1296,1296,True,True,,CHINEXT,22.32646247347485,1296,False
300567,1296,1296,1296,True,True,,CHINEXT,23.560416393426035,1243,False
300568,1296,1296,1296,True,True,,CHINEXT,23.706674089789455,1243,False
300569,1296,1296,1296,True,True,,CHINEXT,22.61433340638884,1243,False
300570,1296,1296,1296,True,True,,CHINEXT,22.734508303428214,1243,False
300571,1296,1296,1296,True,True,,CHINEXT,22.23039198397928,1243,False
300572,1289,1288,1285,True,True,,CHINEXT,22.111384585359296,1236,False
300573,1296,1296,1296,True,True,,CHINEXT,23.3404777948853,1243,False
300575,1296,1296,1296,True,True,,CHINEXT,22.097993770344285,1243,False
300576,1296,1296,1296,True,True,,CHINEXT,22.962148008314486,1243,False
300577,1296,1296,1296,True,True,,CHINEXT,22.272689454381243,1296,False
300578,1296,1296,1296,True,True,,CHINEXT,22.06955601607745,1243,False
300579,1296,1296,1296,True,True,,CHINEXT,22.740047092500447,1243,False
300580,1296,1296,1296,True,True,,CHINEXT,22.716272540824136,1243,False
300581,1296,1296,1296,True,True,,CHINEXT,22.550430717894397,1243,False
300582,1296,1296,1296,True,True,,CHINEXT,22.1291926169808,1243,False
300583,1296,1296,1296,True,True,,CHINEXT,21.759638681301272,1243,False
300584,1296,1296,1296,True,True,,CHINEXT,21.771005795240765,1243,False
300585,1289,1288,1285,True,True,,CHINEXT,21.680434027819917,1236,False
300586,1296,1296,1296,True,True,,CHINEXT,22.58690712115835,1296,False
300587,1296,1296,1296,True,True,,CHINEXT,22.831176287754378,1243,False
300588,1289,1288,1285,True,True,,CHINEXT,21.563797662581486,1236,False
300589,1296,1296,1296,True,True,,CHINEXT,22.324425738491463,1243,False
300590,1296,1296,1296,True,True,,CHINEXT,22.449334677242177,1243,False
300591,1296,1296,1296,True,True,,CHINEXT,21.545289153907905,1296,False
300592,1296,1296,1296,True,True,,CHINEXT,22.354978803841476,1243,False
300593,1296,1296,1296,True,True,,CHINEXT,23.100979167784946,1243,False
300594,1289,1289,1289,True,True,,CHINEXT,21.262708772512237,1289,False
300595,1296,1296,1296,True,True,,CHINEXT,23.856491174340526,1243,False
300596,1296,1296,1296,True,True,,CHINEXT,22.833681091176643,1296,False
300597,1296,1296,1296,True,True,,CHINEXT,21.575465947360957,1243,False
300598,1296,1296,1296,True,True,,CHINEXT,22.87580849647985,1296,False
300599,1284,1283,1280,True,True,,CHINEXT,21.77834940431635,1231,False
300600,1043,1043,1043,True,True,,CHINEXT,21.840802548399974,990,False
300601,1296,1296,1296,True,True,,CHINEXT,24.155988160334385,1243,False
300602,1296,1296,1296,True,True,,CHINEXT,23.002484257652338,1243,False
300603,1296,1296,1296,True,True,,CHINEXT,22.214364560057092,1243,False
300604,1284,1283,1280,True,True,,CHINEXT,24.019908544929894,1231,False
300605,1296,1296,1296,True,True,,CHINEXT,21.55248706467395,1243,False
300606,1296,1296,1296,True,True,,CHINEXT,21.637186803142587,1243,False
300607,1296,1296,1296,True,True,,CHINEXT,22.631000300896144,1243,False
300608,1296,1296,1296,True,True,,CHINEXT,21.94165533035781,1243,False
300609,1291,1290,1289,True,True,,CHINEXT,21.671926388804945,1238,False
300610,1296,1296,1296,True,True,,CHINEXT,21.658513569263356,1243,False
300611,1296,1296,1296,True,True,,CHINEXT,21.423216047930087,1243,False
300612,1296,1296,1296,True,True,,CHINEXT,21.76528665649927,1243,False
300613,1284,1283,1280,True,True,,CHINEXT,23.218209216815456,1231,False
300614,1001,1001,1001,True,True,,CHINEXT,21.61140328824991,1001,False
300615,1296,1296,1296,True,True,,CHINEXT,21.615911741751177,1243,False
300616,1296,1296,1296,True,True,,CHINEXT,22.0268051207501,1243,False
300617,1296,1296,1296,True,True,,CHINEXT,22.505960461292,1296,False
300618,1296,1296,1296,True,True,,CHINEXT,23.297051577407956,1243,False
300619,1296,1296,1296,True,True,,CHINEXT,22.386971066392405,1243,False
300620,1284,1283,1280,True,True,,CHINEXT,22.98415821621465,1231,False
300621,1296,1296,1296,True,True,,CHINEXT,21.364886891278733,1243,False
300622,1296,1296,1296,True,True,,CHINEXT,22.0605606482421,1243,False
300623,1296,1296,1296,True,True,,CHINEXT,23.658452901981335,1243,False
300624,1296,1296,1296,True,True,,CHINEXT,23.115194559140242,1243,False
300625,1296,1296,1296,True,True,,CHINEXT,21.959131974626775,1243,False
300626,1296,1296,1296,True,True,,CHINEXT,21.256596316052473,1243,False
300627,1296,1296,1296,True,True,,CHINEXT,23.527330378972696,1243,False
300628,1296,1296,1296,True,True,,CHINEXT,24.61919146149666,1243,False
300629,1296,1296,1296,True,True,,CHINEXT,22.263118813057762,1243,False
300631,1296,1296,1296,True,True,,CHINEXT,21.991041107760644,1243,False
300632,1296,1296,1296,True,True,,CHINEXT,22.06454340166437,1243,False
300633,1296,1296,1296,True,True,,CHINEXT,23.383000113010535,1243,False
300634,1296,1296,1296,True,True,,CHINEXT,22.882876392438213,1243,False
300635,1291,1290,1289,True,True,,CHINEXT,21.35628466121907,1238,False
300636,1296,1296,1296,True,True,,CHINEXT,22.0375502352242,1243,False
300637,1296,1296,1296,True,True,,CHINEXT,21.433901020625562,1243,False
300638,1287,1286,1283,True,True,,CHINEXT,23.471249226830853,1287,False
300639,1296,1296,1296,True,True,,CHINEXT,22.551895067565887,1296,False
300640,1296,1296,1296,True,True,,CHINEXT,21.358366793898742,1243,False
300641,1289,1288,1285,True,True,,CHINEXT,21.94999799697248,1236,False
300642,1296,1296,1296,True,True,,CHINEXT,21.905087556047704,1243,False
300643,1296,1296,1296,True,True,,CHINEXT,21.839849010935758,1243,False
300644,1296,1296,1296,True,True,,CHINEXT,21.45643040553761,1243,False
300645,1296,1296,1296,True,True,,CHINEXT,21.701047451657736,1243,False
300647,1296,1296,1296,True,True,,CHINEXT,21.899581502311907,1243,False
300648,1296,1296,1296,True,True,,CHINEXT,22.380794298971963,1243,False
300649,1296,1296,1296,True,True,,CHINEXT,21.494467546201246,1243,False
300650,1296,1296,1296,True,True,,CHINEXT,21.734662906148756,1296,False
300651,1296,1296,1296,True,True,,CHINEXT,21.84052212527458,1243,False
300652,1296,1296,1296,True,True,,CHINEXT,21.586260374092916,1243,False
300653,1296,1296,1296,True,True,,CHINEXT,22.413656811786176,1243,False
300654,1296,1296,1296,True,True,,CHINEXT,21.95578407243653,1243,False
300655,1296,1296,1296,True,True,,CHINEXT,23.070606527661237,1243,False
300656,1296,1296,1296,True,True,,CHINEXT,22.23015490528476,1243,False
300657,1287,1286,1283,True,True,,CHINEXT,22.813618859248646,1234,False
300658,1284,1283,1280,True,True,,CHINEXT,21.54865184525996,1231,False
300659,1296,1296,1296,True,True,,CHINEXT,22.290173025099463,1296,False
300660,1284,1283,1280,True,True,,CHINEXT,22.890836053891462,1231,False
300661,1296,1296,1296,True,True,,CHINEXT,24.525562383885408,1243,False
300662,1296,1296,1296,True,True,,CHINEXT,22.596961975985796,1243,False
300663,1296,1296,1296,True,True,,CHINEXT,22.707041371166394,1243,False
300664,1296,1296,1296,True,True,,CHINEXT,22.171462538781586,1296,False
300665,1292,1291,1291,True,True,,CHINEXT,21.150744184636146,1239,False
300666,1289,1288,1285,True,True,,CHINEXT,23.54863619943553,1289,False
300667,1296,1296,1296,True,True,,CHINEXT,21.966051180656162,1243,False
300668,1296,1296,1296,True,True,,CHINEXT,21.530947723487802,1296,False
300669,1296,1296,1296,True,True,,CHINEXT,21.665940474785202,1243,False
300670,1284,1283,1280,True,True,,CHINEXT,21.58505644462734,1284,False
300671,1296,1296,1296,True,True,,CHINEXT,22.9069327012019,1243,False
300672,1284,1283,1280,True,True,,CHINEXT,23.497517676749172,1231,False
300673,1296,1296,1296,True,True,,CHINEXT,22.162540656249753,1243,False
300674,1296,1296,1296,True,True,,CHINEXT,23.24564348134633,1243,False
300675,1296,1296,1296,True,True,,CHINEXT,21.541282226824926,1243,False
300676,1296,1296,1296,True,True,,CHINEXT,23.827557653312642,1243,False
300677,1296,1296,1296,True,True,,CHINEXT,23.549680352639,1243,False
300678,1296,1296,1296,True,True,,CHINEXT,22.827161531614216,1243,False
300679,1284,1283,1280,True,True,,CHINEXT,23.56322322099177,1231,False
300680,1296,1296,1296,True,True,,CHINEXT,22.418879147637274,1243,False
300681,1296,1296,1296,True,True,,CHINEXT,22.579695972230514,1243,False
300682,1296,1296,1296,True,True,,CHINEXT,23.737297136560475,1243,False
300683,1296,1296,1296,True,True,,CHINEXT,22.205300093166148,1243,False
300684,1296,1296,1296,True,True,,CHINEXT,22.448425124538634,1243,False
300685,1296,1296,1296,True,True,,CHINEXT,22.982074899612066,1243,False
300686,1296,1296,1296,True,True,,CHINEXT,21.839940271831598,1243,False
300687,1296,1296,1296,True,True,,CHINEXT,22.976298359625904,1243,False
300688,1284,1283,1280,True,True,,CHINEXT,22.164204069942706,1231,False
300689,1296,1296,1296,True,True,,CHINEXT,21.621061789917714,1243,False
300690,1296,1296,1296,True,True,,CHINEXT,22.050548053569052,1296,False
300691,1284,1283,1280,True,True,,CHINEXT,22.233977276710736,1231,False
300692,1291,1290,1289,True,True,,CHINEXT,21.81413562929108,1238,False
300693,1296,1296,1296,True,True,,CHINEXT,22.93694078664357,1243,False
300694,1296,1296,1296,True,True,,CHINEXT,21.583697248070845,1243,False
300695,1296,1296,1296,True,True,,CHINEXT,21.969022526691187,1243,False
300696,1296,1296,1296,True,True,,CHINEXT,22.765774096184426,1243,False
300697,1290,1289,1287,True,True,,CHINEXT,22.09959066702881,1237,False
300698,1296,1296,1296,True,True,,CHINEXT,22.09774062126096,1243,False
300699,1296,1296,1296,True,True,,CHINEXT,24.0353743950385,1243,False
300700,1296,1296,1296,True,True,,CHINEXT,21.998700156566823,1296,False
300701,1296,1296,1296,True,True,,CHINEXT,21.756699399589525,1243,False
300702,1296,1296,1296,True,True,,CHINEXT,22.854000033689843,1243,False
300703,1290,1289,1287,True,True,,CHINEXT,21.355525122636614,1237,False
300705,1296,1296,1296,True,True,,CHINEXT,22.836323684361673,1243,False
300706,1296,1296,1296,True,True,,CHINEXT,22.05985175900025,1243,False
300707,1296,1296,1296,True,True,,CHINEXT,21.670084777540634,1243,False
300708,1296,1296,1296,True,True,,CHINEXT,22.723965933505326,1243,False
300709,1296,1296,1296,True,True,,CHINEXT,22.481766940780822,1243,False
300710,1277,1275,1269,True,True,,CHINEXT,21.6077909574725,1224,False
300711,1296,1296,1296,True,True,,CHINEXT,21.94126418985524,1243,False
300712,1296,1296,1296,True,True,,CHINEXT,22.450398886000553,1243,False
300713,1296,1296,1296,True,True,,CHINEXT,21.708756318906666,1243,False
300715,1296,1296,1296,True,True,,CHINEXT,22.325746443598174,1243,False
300716,1040,1039,1036,True,True,,CHINEXT,21.22003638932672,987,False
300717,1286,1285,1282,True,True,,CHINEXT,21.193398676594125,1233,False
300718,1296,1296,1296,True,True,,CHINEXT,22.438673574211794,1243,False
300719,1296,1296,1296,True,True,,CHINEXT,21.980877271184152,1243,False
300720,1284,1283,1280,True,True,,CHINEXT,21.705276294760985,1231,False
300721,1296,1296,1296,True,True,,CHINEXT,21.704302657297045,1296,False
300722,1296,1296,1296,True,True,,CHINEXT,22.57965382326228,1243,False
300723,1296,1296,1296,True,True,,CHINEXT,23.03150706431138,1243,False
300724,1296,1296,1296,True,True,,CHINEXT,24.181768498618798,1243,False
300725,1296,1296,1296,True,True,,CHINEXT,22.995566764351516,1243,False
300726,1296,1296,1296,True,True,,CHINEXT,23.571430932940306,1243,False
300727,1296,1296,1296,True,True,,CHINEXT,22.015649438616386,1243,False
300729,1296,1296,1296,True,True,,CHINEXT,22.28458842628441,1243,False
300730,1296,1296,1296,True,True,,CHINEXT,21.825159574866035,1243,False
300731,1296,1296,1296,True,True,,CHINEXT,21.762934397453645,1243,False
300732,1296,1296,1296,True,True,,CHINEXT,21.813087426532604,1296,False
300733,1296,1296,1296,True,True,,CHINEXT,22.11053205230295,1243,False
300735,1296,1296,1296,True,True,,CHINEXT,23.229159552698246,1243,False
300736,1292,1291,1291,True,True,,CHINEXT,21.153245101397374,1239,False
300737,1284,1283,1280,True,True,,CHINEXT,22.97215019601021,1284,False
300738,1296,1296,1296,True,True,,CHINEXT,22.95503486098253,1243,False
300739,1296,1296,1296,True,True,,CHINEXT,22.218664521693466,1296,False
300740,1296,1296,1296,True,True,,CHINEXT,22.575735863333648,1243,False
300741,1296,1296,1296,True,True,,CHINEXT,23.33842971023736,1296,False
300743,1296,1296,1296,True,True,,CHINEXT,21.37711151100498,1243,False
300745,1296,1296,1296,True,True,,CHINEXT,22.160337908530803,1296,False
300746,1292,1291,1291,True,True,,CHINEXT,21.660574335841222,1239,False
300747,1296,1296,1296,True,True,,CHINEXT,23.421198950607014,1243,False
300748,1296,1296,1296,True,True,,CHINEXT,23.999061341119738,1243,False
300749,1296,1296,1296,True,True,,CHINEXT,21.260409753704614,1243,False
300750,1296,1296,1296,True,True,,CHINEXT,,0,False
300751,1296,1296,1296,True,True,,CHINEXT,24.457579645794567,1243,False
300752,1296,1296,1296,True,True,,CHINEXT,22.126240656658346,1243,False
300753,1296,1296,1296,True,True,,CHINEXT,21.53697405759948,1243,False
300755,1296,1296,1296,True,True,,CHINEXT,22.908696455498077,1243,False
300756,1296,1296,1296,True,True,,CHINEXT,21.641728245971294,1296,False
300757,1272,1270,1264,True,True,,CHINEXT,22.7904763217458,1219,False
300758,1296,1296,1296,True,True,,CHINEXT,22.37608049589659,1243,False
300759,1296,1296,1296,True,True,,CHINEXT,24.748217360607537,1243,False
300760,1296,1296,1296,True,True,,CHINEXT,26.592655647030668,1243,False
300761,1296,1296,1296,True,True,,CHINEXT,23.49879443880839,1243,False
300762,1296,1296,1296,True,True,,CHINEXT,23.047142256514956,1243,False
300763,1296,1296,1296,True,True,,CHINEXT,24.216500347028482,1243,False
300765,1272,1270,1264,True,True,,CHINEXT,23.946628349692542,1219,False
300766,1296,1296,1296,True,True,,CHINEXT,22.521580516724327,1243,False
300767,1296,1296,1296,True,True,,CHINEXT,22.516712112877453,1243,False
300768,1296,1296,1296,True,True,,CHINEXT,23.118507302835788,1243,False
300769,1296,1296,1296,True,True,,CHINEXT,23.54917792294595,1243,False
300770,1296,1296,1296,True,True,,CHINEXT,22.955771345813016,1243,False
300771,1296,1296,1296,True,True,,CHINEXT,21.795397248364925,1243,False
300772,1288,1287,1284,True,True,,CHINEXT,23.014166134924395,1235,False
300773,1296,1296,1296,True,True,,CHINEXT,23.450882192942963,1243,False
300774,951,951,951,True,False,,CHINEXT,22.2091193302287,951,False
300775,1296,1296,1296,True,True,,CHINEXT,23.568826664111914,1243,False
300776,1296,1296,1296,True,True,,CHINEXT,23.59929964316044,1243,False
300777,1296,1296,1296,True,True,,CHINEXT,23.54989658177622,1243,False
300778,1296,1296,1296,True,True,,CHINEXT,21.620883303554944,1243,False
300779,1296,1296,1296,True,True,,CHINEXT,22.569304779578715,1243,False
300780,1296,1296,1296,True,True,,CHINEXT,21.570014832449125,1243,False
300781,1290,1289,1287,True,True,,CHINEXT,21.835103740448545,1237,False
300782,1296,1296,1296,True,True,,CHINEXT,24.74461646694181,1243,False
300783,1296,1296,1296,True,True,,CHINEXT,22.96045003685373,1243,False
300784,264,264,264,False,False,VALID_1D_ROWS_BELOW_750,CHINEXT,21.82150117926094,264,False
300785,1296,1296,1296,True,True,,CHINEXT,22.49923474168703,1243,False
300786,1296,1296,1296,True,True,,CHINEXT,21.788007695192498,1243,False
300787,1296,1296,1296,True,True,,CHINEXT,22.1026322551936,1243,False
300788,1296,1296,1296,True,True,,CHINEXT,22.450768226113084,1243,False
300789,1296,1296,1296,True,True,,CHINEXT,21.49349905666324,1243,False
300790,1296,1296,1296,True,True,,CHINEXT,22.558600505162627,1243,False
300791,1296,1296,1296,True,True,,CHINEXT,22.575109451920802,1243,False
300792,1296,1296,1296,True,True,,CHINEXT,22.642268289414822,1243,False
300793,1296,1296,1296,True,True,,CHINEXT,22.469529169644044,1243,False
300795,1063,1063,1063,True,True,,CHINEXT,22.23227123055329,1010,False
300796,1296,1296,1296,True,True,,CHINEXT,22.024226415375416,1243,False
300797,1296,1296,1296,True,True,,CHINEXT,22.191202441185286,1243,False
300798,1296,1296,1296,True,True,,CHINEXT,21.95635249596077,1243,False
300800,1296,1296,1296,True,True,,CHINEXT,21.83667502290092,1243,False
300801,1296,1296,1296,True,True,,CHINEXT,22.132592897176874,1243,False
300802,1296,1296,1296,True,True,,CHINEXT,22.41833665898805,1243,False
300803,1296,1296,1296,True,True,,CHINEXT,23.759199158969874,1243,False
300804,494,494,494,False,False,VALID_1D_ROWS_BELOW_750,CHINEXT,21.395016808887853,494,False
300805,1296,1296,1296,True,True,,CHINEXT,22.109441065970355,1243,False
300806,1296,1296,1296,True,True,,CHINEXT,22.798143514219873,1243,False
300807,1277,1275,1269,True,True,,CHINEXT,21.358348399466877,1224,False
300808,1296,1296,1296,True,True,,CHINEXT,21.60006701953409,1243,False
300809,1289,1288,1285,True,True,,CHINEXT,22.53919581024258,1236,False
300810,1296,1296,1296,True,True,,CHINEXT,21.6434461944096,1243,False
300811,1296,1296,1296,True,True,,CHINEXT,23.094299176394117,1243,False
300812,1296,1296,1296,True,True,,CHINEXT,21.8573155656618,1243,False
300813,1296,1296,1296,True,True,,CHINEXT,21.82135902364107,1243,False
300814,945,945,945,True,False,,CHINEXT,22.412674102436515,945,False
300815,1296,1296,1296,True,True,,CHINEXT,22.55071980955119,1243,False
300816,1296,1296,1296,True,True,,CHINEXT,21.599978903967607,1243,False
300817,1296,1296,1296,True,True,,CHINEXT,21.715928102898214,1243,False
300818,1296,1296,1296,True,True,,CHINEXT,21.84205031793013,1243,False
300819,1292,1292,1292,True,True,,CHINEXT,21.562961271991835,1243,False
300820,1296,1296,1296,True,True,,CHINEXT,23.100463205858084,1243,False
300821,1292,1292,1292,True,True,,CHINEXT,23.242573913451743,1243,False
300822,1291,1291,1291,True,True,,CHINEXT,21.973084202923367,1243,False
300823,1287,1287,1287,True,True,,CHINEXT,21.369638684792758,1243,False
300824,1225,1225,1225,True,True,,CHINEXT,21.933655754774662,1225,False
300825,1281,1281,1281,True,True,,CHINEXT,22.551451911513706,1243,False
300826,1276,1276,1276,True,True,,CHINEXT,21.539196861584117,1243,False
300827,1253,1252,1249,True,True,,CHINEXT,23.223952384036,1224,False
300828,1253,1252,1249,True,True,,CHINEXT,21.662685422792133,1231,False
300829,1264,1264,1264,True,True,,CHINEXT,22.12143186406895,1243,False
300830,1257,1257,1257,True,True,,CHINEXT,22.07012201126734,1243,False
300831,1256,1256,1256,True,True,,CHINEXT,22.226453949537802,1243,False
300832,1253,1253,1253,True,True,,CHINEXT,24.559269046927692,1243,False
300833,1247,1247,1247,True,True,,CHINEXT,22.479961855617702,1243,False
300834,843,843,843,True,False,,CHINEXT,22.20204475214993,843,False
300835,1244,1244,1244,True,True,,CHINEXT,22.056944714181856,1243,False
300836,1241,1241,1241,True,True,,CHINEXT,21.31803390614526,1241,False
300837,1235,1235,1235,True,True,,CHINEXT,22.01227635375215,1235,False
300838,1234,1234,1234,True,True,,CHINEXT,21.492367103823128,1234,False
300839,1172,1171,1168,True,True,,CHINEXT,21.656790234448934,1172,False
300840,1214,1214,1214,True,True,,CHINEXT,21.858399256428918,1214,False
300841,1221,1220,1217,True,True,,CHINEXT,23.02123353248935,1221,False
300842,1214,1213,1210,True,True,,CHINEXT,22.607336602961965,1214,False
300843,1218,1218,1218,True,True,,CHINEXT,22.04285229162876,1218,False
300844,944,944,944,True,False,,CHINEXT,21.44412423321949,944,False
300845,1217,1217,1217,True,True,,CHINEXT,21.44666225586629,1217,False
300846,1219,1219,1219,True,True,,CHINEXT,22.592982407912363,1219,False
300847,1213,1213,1213,True,True,,CHINEXT,22.306836990750384,1213,False
300848,1206,1206,1206,True,True,,CHINEXT,22.55488722435982,1206,False
300849,1212,1212,1212,True,True,,CHINEXT,21.374027301009917,1212,False
300850,1203,1202,1199,True,True,,CHINEXT,23.411774744601775,1203,False
300851,1206,1205,1202,True,True,,CHINEXT,21.575934005124296,1206,False
300852,1211,1211,1211,True,True,,CHINEXT,22.121910887040627,1211,False
300853,1202,1202,1202,True,True,,CHINEXT,22.00767720382944,1202,False
300854,920,920,920,True,False,,CHINEXT,21.237708941730972,920,False
300855,1203,1203,1203,True,True,,CHINEXT,23.14948349038573,1203,False
300856,1204,1204,1204,True,True,,CHINEXT,22.842470278072796,1204,False
300857,1201,1201,1201,True,True,,CHINEXT,22.73742780351466,1201,False
300858,1201,1201,1201,True,True,,CHINEXT,22.217149242197667,1201,False
300859,692,692,692,False,False,VALID_1D_ROWS_BELOW_750,CHINEXT,22.414283736372933,692,False
300860,1181,1181,1181,True,True,,CHINEXT,22.459536517163173,1181,False
300861,1181,1181,1181,True,True,,CHINEXT,23.570337469791706,1181,False
300862,1181,1181,1181,True,True,,CHINEXT,22.159681810598176,1181,False
300863,1181,1181,1181,True,True,,CHINEXT,22.309612488340374,1181,False
300864,1181,1181,1181,True,True,,CHINEXT,21.92296693134397,1181,False
300865,1181,1181,1181,True,True,,CHINEXT,21.490923651438084,1181,False
300866,1181,1181,1181,True,True,,CHINEXT,24.342409292183962,1181,False
300867,1181,1181,1181,True,True,,CHINEXT,22.317928184547302,1181,False
300868,1181,1181,1181,True,True,,CHINEXT,21.765378318375035,1181,False
300869,1181,1181,1181,True,True,,CHINEXT,22.861218519769107,1181,False
300870,1181,1181,1181,True,True,,CHINEXT,22.50845040547518,1181,False
300871,1181,1181,1181,True,True,,CHINEXT,21.99448345244414,1181,False
300872,1181,1181,1181,True,True,,CHINEXT,22.598044162640395,1181,False
300873,1181,1181,1181,True,True,,CHINEXT,22.37907830301541,1181,False
300875,1157,1155,1149,True,True,,CHINEXT,22.02207608459348,1157,False
300876,1181,1181,1181,True,True,,CHINEXT,21.6540038190771,1181,False
300877,1181,1181,1181,True,True,,CHINEXT,21.434449379992454,1181,False
300878,1181,1181,1181,True,True,,CHINEXT,21.92798081078441,1181,False
300879,1175,1175,1175,True,True,,CHINEXT,21.838564644295058,1175,False
300880,1175,1175,1175,True,True,,CHINEXT,22.038908437097017,1175,False
300881,1175,1175,1175,True,True,,CHINEXT,21.905790260466475,1175,False
300882,1168,1168,1168,True,True,,CHINEXT,22.193829843083122,1168,False
300883,1168,1168,1168,True,True,,CHINEXT,21.53375150992359,1168,False
300884,1129,1129,1129,True,True,,CHINEXT,21.832198708312053,1129,False
300885,1168,1168,1168,True,True,,CHINEXT,21.72175864720014,1168,False
300886,1152,1151,1148,True,True,,CHINEXT,21.32857385254023,1152,False
300887,1164,1164,1164,True,True,,CHINEXT,22.715022308823094,1164,False
300888,1163,1163,1163,True,True,,CHINEXT,23.92704705386654,1163,False
300889,1152,1151,1148,True,True,,CHINEXT,21.586003881821494,1152,False
300890,1163,1163,1163,True,True,,CHINEXT,22.089312435448093,1163,False
300891,1163,1163,1163,True,True,,CHINEXT,22.08015118717947,1163,False
300892,1158,1158,1158,True,True,,CHINEXT,21.744817063274816,1158,False
300893,1158,1158,1158,True,True,,CHINEXT,22.592622254489562,1158,False
300894,1022,1022,1022,True,True,,CHINEXT,22.581661120683325,1022,False
300895,1158,1158,1158,True,True,,CHINEXT,22.283636694166677,1158,False
300896,1156,1156,1156,True,True,,CHINEXT,24.98190970030869,1156,False
300897,1149,1148,1145,True,True,,CHINEXT,21.527274375749503,1149,False
300898,1148,1148,1148,True,True,,CHINEXT,21.805909796441934,1148,False
300899,899,899,899,True,False,,CHINEXT,21.1021414716841,899,False
300900,1139,1139,1139,True,True,,CHINEXT,22.525096124818194,1139,False
300901,1139,1139,1139,True,True,,CHINEXT,21.65227534122834,1139,False
300902,1139,1139,1139,True,True,,CHINEXT,22.123919408402195,1139,False
300903,1134,1134,1134,True,True,,CHINEXT,22.201377232238546,1134,False
300904,463,463,463,False,False,VALID_1D_ROWS_BELOW_750,CHINEXT,22.15100779602391,463,False
300905,1122,1121,1118,True,True,,CHINEXT,22.03724746157137,1122,False
300906,1134,1134,1134,True,True,,CHINEXT,21.41741249787938,1134,False
300907,1125,1125,1125,True,True,,CHINEXT,21.463601900308813,1125,False
300908,1122,1122,1122,True,True,,CHINEXT,22.162266493697235,1122,False
300909,1114,1113,1110,True,True,,CHINEXT,22.221198964370426,1114,False
300910,1118,1118,1118,True,True,,CHINEXT,23.372306642032452,1118,False
300911,1114,1114,1114,True,True,,CHINEXT,22.38628163624397,1114,False
300912,1100,1099,1096,True,True,,CHINEXT,21.33755137408771,1100,False
300913,1112,1112,1112,True,True,,CHINEXT,22.829386681019713,1112,False
300915,1115,1115,1115,True,True,,CHINEXT,21.902826600741452,1115,False
300916,1115,1115,1115,True,True,,CHINEXT,22.146683280253264,1115,False
300917,1102,1102,1102,True,True,,CHINEXT,22.31356678563364,1102,False
300918,1101,1101,1101,True,True,,CHINEXT,22.08670090392022,1101,False
300919,1100,1100,1100,True,True,,CHINEXT,24.435672299791875,1100,False
300920,1098,1098,1098,True,True,,CHINEXT,21.390325649819296,1098,False
300921,1101,1101,1101,True,True,,CHINEXT,21.87092495255753,1101,False
300922,1098,1098,1098,True,True,,CHINEXT,21.746254261791258,1098,False
300923,1099,1099,1099,True,True,,CHINEXT,21.31581116144671,1099,False
300925,1095,1095,1095,True,True,,CHINEXT,22.4268565989037,1095,False
300926,1090,1090,1090,True,True,,CHINEXT,22.75336412081247,1090,False
300927,1090,1090,1090,True,True,,CHINEXT,21.636855963402425,1090,False
300928,1091,1091,1091,True,True,,CHINEXT,21.829846295263696,1091,False
300929,1081,1081,1081,True,True,,CHINEXT,21.152046967470373,1081,False
300930,1080,1080,1080,True,True,,CHINEXT,21.711691166579765,1080,False
300931,1080,1080,1080,True,True,,CHINEXT,21.3242475490298,1080,False
300932,1079,1079,1079,True,True,,CHINEXT,21.852593700895298,1079,False
300933,1079,1079,1079,True,True,,CHINEXT,22.031638759319492,1079,False
300935,1081,1081,1081,True,True,,CHINEXT,21.53607992130167,1081,False
300936,1077,1077,1077,True,True,,CHINEXT,21.728855992899597,1077,False
300937,1076,1076,1076,True,True,,CHINEXT,21.769881763944895,1076,False
300938,1076,1076,1076,True,True,,CHINEXT,22.178332698692795,1076,False
300939,1075,1075,1075,True,True,,CHINEXT,22.080234368684472,1075,False
300940,1071,1071,1071,True,True,,CHINEXT,22.04548181706402,1071,False
300941,1067,1067,1067,True,True,,CHINEXT,22.260545874550402,1067,False
300942,1067,1067,1067,True,True,,CHINEXT,22.244754017579133,1067,False
300943,1054,1053,1050,True,True,,CHINEXT,21.801016599048687,1054,False
300945,1066,1066,1066,True,True,,CHINEXT,21.900264027596428,1066,False
300946,1068,1068,1068,True,True,,CHINEXT,22.10228342142988,1068,False
300947,1066,1066,1066,True,True,,CHINEXT,21.62621749838075,1066,False
300948,1053,1052,1049,True,True,,CHINEXT,21.39842230070848,1053,False
300949,1059,1059,1059,True,True,,CHINEXT,21.560513361480112,1059,False
300950,1044,1043,1040,True,True,,CHINEXT,21.718737213057587,1044,False
300951,1059,1059,1059,True,True,,CHINEXT,22.46410613958887,1059,False
300952,1050,1050,1050,True,True,,CHINEXT,21.80499283870407,1050,False
300953,1045,1045,1045,True,True,,CHINEXT,22.899098573184883,1045,False
300955,1034,1033,1030,True,True,,CHINEXT,21.52422652212525,1034,False
300956,1027,1026,1023,True,True,,CHINEXT,21.626307988358043,1027,False
300957,1040,1040,1040,True,True,,CHINEXT,23.98706973572967,1040,False
300958,1038,1038,1038,True,True,,CHINEXT,21.535567639588912,1038,False
300959,1036,1035,1032,True,True,,CHINEXT,21.799223397846106,1036,False
300960,1038,1038,1038,True,True,,CHINEXT,21.52226194576056,1038,False
300961,1037,1037,1037,True,True,,CHINEXT,21.443383618874854,1037,False
300962,1030,1030,1030,True,True,,CHINEXT,22.178328228217335,1030,False
300963,1030,1030,1030,True,True,,CHINEXT,21.80682742685105,1030,False
300964,950,950,950,True,False,,CHINEXT,21.842137679034572,950,False
300965,765,763,757,True,False,,CHINEXT,21.82187812561452,765,False
300966,1030,1030,1030,True,True,,CHINEXT,21.653471384097486,1030,False
300967,1028,1028,1028,True,True,,CHINEXT,21.888294473604684,1028,False
300968,1026,1026,1026,True,True,,CHINEXT,22.15340090106102,1026,False
300969,1029,1029,1029,True,True,,CHINEXT,22.59887613834441,1029,False
300970,1029,1029,1029,True,True,,CHINEXT,21.458313210241958,1029,False
300971,1026,1026,1026,True,True,,CHINEXT,21.413699316638674,1026,False
300972,1024,1024,1024,True,True,,CHINEXT,22.45025417721756,1024,False
300973,1026,1026,1026,True,True,,CHINEXT,22.798420233522435,1026,False
300975,1022,1022,1022,True,True,,CHINEXT,22.487426798431404,1022,False
300976,1024,1024,1024,True,True,,CHINEXT,22.304400705788076,1024,False
300977,1023,1023,1023,True,True,,CHINEXT,21.703082473372472,1023,False
300978,1019,1019,1019,True,True,,CHINEXT,22.346252714328337,1019,False
300979,1019,1019,1019,True,True,,CHINEXT,24.900908724639592,1019,False
300980,1022,1022,1022,True,True,,CHINEXT,21.579416223081804,1022,False
300981,1018,1018,1018,True,True,,CHINEXT,22.482780312054146,1018,False
300982,1018,1018,1018,True,True,,CHINEXT,22.295440760329804,1018,False
300983,1023,1023,1023,True,True,,CHINEXT,22.080996100941547,1023,False
300984,984,984,984,True,False,,CHINEXT,21.42457162707404,984,False
300985,1016,1016,1016,True,True,,CHINEXT,21.993623675880897,1016,False
300986,1010,1009,1008,True,True,,CHINEXT,22.258393002970113,1010,False
300987,1011,1011,1011,True,True,,CHINEXT,21.785137457804904,1011,False
300988,1010,1010,1010,True,True,,CHINEXT,21.799741283010032,1010,False
300989,1013,1013,1013,True,True,,CHINEXT,21.82714004110015,1013,False
300990,1010,1010,1010,True,True,,CHINEXT,22.769702478228034,1010,False
300991,1004,1004,1004,True,True,,CHINEXT,21.60372211581135,1004,False
300992,994,993,990,True,False,,CHINEXT,21.362483847699455,994,False
300993,1002,1002,1002,True,True,,CHINEXT,21.926507855913762,1002,False
300994,945,945,945,True,False,,CHINEXT,22.004535625973116,945,False
300995,1000,1000,1000,True,True,,CHINEXT,21.267190706626874,1000,False
300996,994,994,994,True,False,,CHINEXT,22.266372860763582,994,False
300997,995,995,995,True,False,,CHINEXT,22.551598286405305,995,False
300998,995,995,995,True,False,,CHINEXT,21.850241286176875,995,False
300999,1149,1149,1149,True,True,,CHINEXT,25.954034696417693,1149,False
301000,998,998,998,True,False,,SZ_MAIN,21.892914667632013,998,False
301001,998,998,998,True,False,,SZ_MAIN,21.486871324813833,998,False
301002,992,992,992,True,False,,SZ_MAIN,21.645893336499775,992,False
301003,996,996,996,True,False,,SZ_MAIN,21.623020169862848,996,False
301004,979,979,979,True,False,,SZ_MAIN,22.673355629677616,979,False
301005,996,996,996,True,False,,SZ_MAIN,21.93120054119672,996,False
301006,992,992,992,True,False,,SZ_MAIN,21.580493207602284,992,False
301007,982,981,981,True,False,,SZ_MAIN,21.619818578328374,982,False
301008,988,988,988,True,False,,SZ_MAIN,21.514289113828823,988,False
301009,985,985,985,True,False,,SZ_MAIN,21.90403637855868,985,False
301010,984,984,984,True,False,,SZ_MAIN,21.454113344689183,984,False
301011,985,985,985,True,False,,SZ_MAIN,21.905669000126323,985,False
301012,978,977,977,True,False,,SZ_MAIN,21.934645425823845,978,False
301013,977,977,977,True,False,,SZ_MAIN,21.870198009162213,977,False
301015,933,933,933,True,False,,SZ_MAIN,23.31581502160462,933,False
301016,935,934,931,True,False,,SZ_MAIN,21.75072578128643,935,False
301017,973,973,973,True,False,,SZ_MAIN,22.533646363848973,973,False
301018,971,971,971,True,False,,SZ_MAIN,22.944248606698583,971,False
301019,978,978,978,True,False,,SZ_MAIN,21.692907703551363,978,False
301020,972,972,972,True,False,,SZ_MAIN,21.815670870452003,972,False
301021,972,972,972,True,False,,SZ_MAIN,22.150539758625257,972,False
301022,962,961,958,True,False,,SZ_MAIN,21.46664975393307,962,False
301023,971,971,971,True,False,,SZ_MAIN,21.61132615408153,971,False
301024,956,956,956,True,False,,SZ_MAIN,21.22931247955114,956,False
301025,956,955,952,True,False,,SZ_MAIN,22.191078243416516,956,False
301026,964,964,964,True,False,,SZ_MAIN,22.031382235156315,964,False
301027,960,959,958,True,False,,SZ_MAIN,21.472260175483797,960,False
301028,962,962,962,True,False,,SZ_MAIN,22.12868130333969,962,False
301029,959,959,959,True,False,,SZ_MAIN,23.573299622581313,959,False
301030,954,954,954,True,False,,SZ_MAIN,22.299689700774632,954,False
301031,965,965,965,True,False,,SZ_MAIN,22.858965381048794,965,False
301032,960,960,960,True,False,,SZ_MAIN,21.530875265445548,960,False
301033,946,945,942,True,False,,SZ_MAIN,21.779568977616968,946,False
301035,956,956,956,True,False,,SZ_MAIN,23.706125193057982,956,False
301036,955,955,955,True,False,,SZ_MAIN,21.569563197000033,955,False
301037,954,954,954,True,False,,SZ_MAIN,21.3091099643496,954,False
301038,951,951,951,True,False,,SZ_MAIN,21.875741115504674,951,False
301039,964,964,964,True,False,,SZ_MAIN,23.6181550384071,964,False
301040,945,944,941,True,False,,SZ_MAIN,21.438672696400044,945,False
301041,946,946,946,True,False,,SZ_MAIN,21.71851738684711,946,False
301042,950,950,950,True,False,,SZ_MAIN,21.64798823281732,950,False
301043,946,946,946,True,False,,SZ_MAIN,21.397821256815224,946,False
301045,944,944,944,True,False,,SZ_MAIN,21.603539285479798,944,False
301046,942,942,942,True,False,,SZ_MAIN,22.105011643787808,942,False
301047,943,943,943,True,False,,SZ_MAIN,22.94278622730304,943,False
301048,941,941,941,True,False,,SZ_MAIN,22.41606414975866,941,False
301049,937,937,937,True,False,,SZ_MAIN,21.50780188970542,937,False
301050,937,937,937,True,False,,SZ_MAIN,23.212421674356158,937,False
301051,934,934,934,True,False,,SZ_MAIN,22.270899564921123,934,False
301052,933,933,933,True,False,,SZ_MAIN,21.833830583058802,933,False
301053,931,931,931,True,False,,SZ_MAIN,21.384259966484496,931,False
301055,928,928,928,True,False,,SZ_MAIN,21.564375965094648,928,False
301056,927,927,927,True,False,,SZ_MAIN,21.581246773643446,927,False
301057,918,917,914,True,False,,SZ_MAIN,21.41967733852235,918,False
301058,925,925,925,True,False,,SZ_MAIN,22.498455329636055,925,False
301059,923,923,923,True,False,,SZ_MAIN,21.72087897425461,923,False
301060,923,923,923,True,False,,SZ_MAIN,22.197946570358145,923,False
301061,923,923,923,True,False,,SZ_MAIN,22.770646889774564,923,False
301062,922,922,922,True,False,,SZ_MAIN,22.087342334733556,922,False
301063,916,916,916,True,False,,SZ_MAIN,21.646762118727736,916,False
301065,922,922,922,True,False,,SZ_MAIN,21.56949848340135,922,False
301066,918,918,918,True,False,,SZ_MAIN,21.67849272210591,918,False
301067,918,918,918,True,False,,SZ_MAIN,21.619098582797655,918,False
301068,904,904,904,True,False,,SZ_MAIN,21.82712959348818,904,False
301069,915,915,915,True,False,,SZ_MAIN,22.927663735495603,915,False
301070,917,917,917,True,False,,SZ_MAIN,21.726872241907444,917,False
301071,916,916,916,True,False,,SZ_MAIN,22.92771808295362,916,False
301072,913,913,913,True,False,,SZ_MAIN,21.60200256858532,913,False
301073,905,904,901,True,False,,SZ_MAIN,22.302965541327666,905,False
301075,902,900,897,True,False,,SZ_MAIN,21.43169562163957,902,False
301076,910,910,910,True,False,,SZ_MAIN,21.874252786050697,910,False
301077,912,912,912,True,False,,SZ_MAIN,21.74478086522039,912,False
301078,907,907,907,True,False,,SZ_MAIN,23.28650410969402,907,False
301079,892,891,888,True,False,,SZ_MAIN,21.3900531597206,892,False
301080,905,905,905,True,False,,SZ_MAIN,22.749306601899132,905,False
301081,903,903,903,True,False,,SZ_MAIN,21.47164774224231,903,False
301082,898,898,898,True,False,,SZ_MAIN,21.793531926902723,898,False
301083,902,902,902,True,False,,SZ_MAIN,21.72014012435443,902,False
301085,905,905,905,True,False,,SZ_MAIN,22.287986614578855,905,False
301086,903,903,903,True,False,,SZ_MAIN,22.133032554251443,903,False
301087,900,900,900,True,False,,SZ_MAIN,22.795428772085984,900,False
301088,897,897,897,True,False,,SZ_MAIN,21.93566057700174,897,False
301089,893,893,893,True,False,,SZ_MAIN,22.20600928475172,893,False
301090,899,899,899,True,False,,SZ_MAIN,23.244367718251116,899,False
301091,896,896,896,True,False,,SZ_MAIN,23.13950866415078,896,False
301092,894,894,894,True,False,,SZ_MAIN,22.046192061007233,894,False
301093,895,895,895,True,False,,SZ_MAIN,22.129308614726444,895,False
301095,708,708,708,False,False,VALID_1D_ROWS_BELOW_750,SZ_MAIN,23.255678068141364,708,False
301096,860,860,860,True,False,,SZ_MAIN,22.593469924309264,860,False
301097,790,790,790,True,False,,SZ_MAIN,21.704689343933488,790,False
301098,886,886,886,True,False,,SZ_MAIN,21.25305604161399,886,False
301099,880,880,880,True,False,,SZ_MAIN,22.305185087692436,880,False
301100,861,861,861,True,False,,SZ_MAIN,22.061419822738365,861,False
301101,862,862,862,True,False,,SZ_MAIN,22.78820634953638,862,False
301102,796,796,796,True,False,,SZ_MAIN,22.259853447566254,796,False
301103,800,800,800,True,False,,SZ_MAIN,21.99754957457845,800,False
301105,609,609,609,False,False,VALID_1D_ROWS_BELOW_750,SZ_MAIN,21.247994365881393,609,False
301106,820,819,816,True,False,,SZ_MAIN,21.798689874123884,820,False
301107,760,760,760,True,False,,SZ_MAIN,21.537811843608175,760,False
301108,871,871,871,True,False,,SZ_MAIN,21.755243653088623,871,False
301109,774,773,770,True,False,,SZ_MAIN,22.678053545338592,774,False
301110,807,807,807,True,False,,SZ_MAIN,22.053695070224908,807,False
301111,869,869,869,True,False,,SZ_MAIN,21.82241131677618,869,False
301112,723,722,719,False,False,VALID_1D_ROWS_BELOW_750,SZ_MAIN,21.90551008513325,723,False
301113,858,858,858,True,False,,SZ_MAIN,21.38650262830285,858,False
301115,690,690,690,False,False,VALID_1D_ROWS_BELOW_750,SZ_MAIN,21.805747751011,690,False
301116,840,840,840,True,False,,SZ_MAIN,22.380793871227038,840,False
301117,841,841,841,True,False,,SZ_MAIN,22.228911382423444,841,False
301118,882,882,882,True,False,,SZ_MAIN,21.68068398104751,882,False
301119,880,880,880,True,False,,SZ_MAIN,21.725660795033114,880,False
301120,782,782,782,True,False,,SZ_MAIN,22.182611806717382,782,False
301121,707,707,707,False,False,VALID_1D_ROWS_BELOW_750,SZ_MAIN,21.980412919895343,707,False
301122,834,834,834,True,False,,SZ_MAIN,21.92439235931856,834,False
301123,835,835,835,True,False,,SZ_MAIN,22.409818852722523,835,False
301125,750,750,750,True,False,,SZ_MAIN,21.334965197020146,750,False
301126,869,869,869,True,False,,SZ_MAIN,21.635342415335895,869,False
301127,852,852,852,True,False,,SZ_MAIN,22.292988351861066,852,False
301128,888,888,888,True,False,,SZ_MAIN,21.950686575639203,888,False
301129,894,894,894,True,False,,SZ_MAIN,21.99882633197533,894,False
301130,819,819,819,True,False,,SZ_MAIN,21.537237701762702,819,False
301131,806,806,806,True,False,,SZ_MAIN,21.37124712273108,806,False
301132,705,705,705,False,False,VALID_1D_ROWS_BELOW_750,SZ_MAIN,22.175396135008384,705,False
301133,876,876,876,True,False,,SZ_MAIN,21.662043003467765,876,False
301135,787,787,787,True,False,,SZ_MAIN,21.674400714914515,787,False
301136,845,845,845,True,False,,SZ_MAIN,22.009447937028742,845,False
301137,800,800,800,True,False,,SZ_MAIN,21.919363436892166,800,False
301138,863,863,863,True,False,,SZ_MAIN,21.980248461585962,863,False
301139,726,726,726,False,False,VALID_1D_ROWS_BELOW_750,SZ_MAIN,21.77585215815853,726,False
301141,549,549,549,False,False,VALID_1D_ROWS_BELOW_750,SZ_MAIN,22.32543436170969,549,False
301148,768,767,764,True,False,,SZ_MAIN,21.663054238322154,768,False
301149,888,888,888,True,False,,SZ_MAIN,22.279914641777758,888,False
301150,780,780,780,True,False,,SZ_MAIN,22.31243133201599,780,False
301151,788,788,788,True,False,,SZ_MAIN,21.809374711885987,788,False
301152,692,692,692,False,False,VALID_1D_ROWS_BELOW_750,SZ_MAIN,21.983425513051294,692,False
301153,764,764,764,True,False,,SZ_MAIN,23.008270411190285,764,False
301155,878,878,878,True,False,,SZ_MAIN,23.387925106838725,878,False
301156,743,743,743,False,False,VALID_1D_ROWS_BELOW_750,SZ_MAIN,21.448531647387817,743,False
301157,566,566,566,False,False,VALID_1D_ROWS_BELOW_750,SZ_MAIN,21.740559551489497,566,False
301158,841,841,841,True,False,,SZ_MAIN,21.65947050349048,841,False
301159,847,847,847,True,False,,SZ_MAIN,21.736196772841335,847,False
301160,752,752,752,True,False,,SZ_MAIN,22.154163179754327,752,False
301161,681,681,681,False,False,VALID_1D_ROWS_BELOW_750,SZ_MAIN,21.656531673026528,681,False
301162,774,774,774,True,False,,SZ_MAIN,22.504728815321748,774,False
301163,782,782,782,True,False,,SZ_MAIN,21.493540265582578,782,False
301165,638,638,638,False,False,VALID_1D_ROWS_BELOW_750,SZ_MAIN,24.361076027241918,638,False
301166,854,854,854,True,False,,SZ_MAIN,21.734842322640787,854,False
301167,870,870,870,True,False,,SZ_MAIN,21.331072946617113,870,False
301168,866,866,866,True,False,,SZ_MAIN,22.315475838546156,866,False
301169,893,893,893,True,False,,SZ_MAIN,21.849231765040976,893,False
301170,494,494,494,False,False,VALID_1D_ROWS_BELOW_750,SZ_MAIN,21.66678225203279,494,False
301171,693,692,691,False,False,VALID_1D_ROWS_BELOW_750,SZ_MAIN,23.177835718175572,693,False
301172,473,473,473,False,False,VALID_1D_ROWS_BELOW_750,SZ_MAIN,22.0454056032196,473,False
301173,88,88,88,False,False,VALID_1D_ROWS_BELOW_750,SZ_MAIN,22.098962853151587,88,False
301175,728,728,728,False,False,VALID_1D_ROWS_BELOW_750,SZ_MAIN,22.79063424071166,728,False
301176,671,671,671,False,False,VALID_1D_ROWS_BELOW_750,SZ_MAIN,21.85051654955761,671,False
301177,863,863,863,True,False,,SZ_MAIN,23.194774466089775,863,False
301178,874,873,870,True,False,,SZ_MAIN,21.47647699277812,874,False
301179,868,868,868,True,False,,SZ_MAIN,22.551545097739588,868,False
301180,884,884,884,True,False,,SZ_MAIN,22.597244496353934,884,False
301181,814,813,810,True,False,,SZ_MAIN,21.891870497434557,814,False
301182,857,857,857,True,False,,SZ_MAIN,21.554802779306993,857,False
301183,760,760,760,True,False,,SZ_MAIN,22.124940209184008,760,False
301185,881,881,881,True,False,,SZ_MAIN,21.796790592653362,881,False
301186,853,852,852,True,False,,SZ_MAIN,21.778961393175805,853,False
301187,779,779,779,True,False,,SZ_MAIN,22.213738268666184,779,False
301188,887,887,887,True,False,,SZ_MAIN,22.101058232338545,887,False
301189,854,854,854,True,False,,SZ_MAIN,21.920611567033703,854,False
301190,856,856,856,True,False,,SZ_MAIN,22.141707710560908,856,False
301191,758,758,758,True,False,,SZ_MAIN,22.549581727582485,758,False
301192,704,704,704,False,False,VALID_1D_ROWS_BELOW_750,SZ_MAIN,21.528741202479775,704,False
301193,867,867,867,True,False,,SZ_MAIN,21.97826630038197,867,False
301195,712,712,712,False,False,VALID_1D_ROWS_BELOW_750,SZ_MAIN,22.258323782048308,712,False
301196,845,845,845,True,False,,SZ_MAIN,22.196999483490057,845,False
301197,707,707,707,False,False,VALID_1D_ROWS_BELOW_750,SZ_MAIN,21.53921914959725,707,False
301198,872,872,872,True,False,,SZ_MAIN,21.446435220503542,872,False
301199,869,869,869,True,False,,SZ_MAIN,22.00053910176198,869,False
301200,816,816,816,True,False,,SZ_MAIN,23.51804400860088,816,False
301201,838,838,838,True,False,,SZ_MAIN,22.092427203149327,838,False
301202,488,488,488,False,False,VALID_1D_ROWS_BELOW_750,SZ_MAIN,22.410310129825753,488,False
301203,548,548,548,False,False,VALID_1D_ROWS_BELOW_750,SZ_MAIN,21.64688961618736,548,False
301205,682,682,682,False,False,VALID_1D_ROWS_BELOW_750,SZ_MAIN,23.158352976864002,682,False
301206,828,828,828,True,False,,SZ_MAIN,22.462048177842227,828,False
301207,822,822,822,True,False,,SZ_MAIN,23.22170963313765,822,False
301208,729,729,729,False,False,VALID_1D_ROWS_BELOW_750,SZ_MAIN,22.169149489477835,729,False
301209,694,694,694,False,False,VALID_1D_ROWS_BELOW_750,SZ_MAIN,21.553734229790848,694,False
301210,449,449,449,False,False,VALID_1D_ROWS_BELOW_750,SZ_MAIN,22.20227219844648,449,False
301211,858,858,858,True,False,,SZ_MAIN,22.40966479051664,858,False
301212,782,782,782,True,False,,SZ_MAIN,21.79162480707607,782,False
301213,858,857,854,True,False,,SZ_MAIN,21.954075282725906,858,False
301215,810,810,810,True,False,,SZ_MAIN,22.803339205732236,810,False
301216,795,795,795,True,False,,SZ_MAIN,22.699629579337817,795,False
301217,833,833,833,True,False,,SZ_MAIN,23.0518317304818,833,False
301218,804,803,800,True,False,,SZ_MAIN,21.70586362735338,804,False
301219,803,803,803,True,False,,SZ_MAIN,23.331505046148177,803,False
301220,740,740,740,False,False,VALID_1D_ROWS_BELOW_750,SZ_MAIN,21.782498136635155,740,False
301221,858,858,858,True,False,,SZ_MAIN,22.257162847328374,858,False
301222,809,809,809,True,False,,SZ_MAIN,21.769696204936608,809,False
301223,656,656,656,False,False,VALID_1D_ROWS_BELOW_750,SZ_MAIN,21.923770845011266,656,False
301225,499,499,499,False,False,VALID_1D_ROWS_BELOW_750,SZ_MAIN,22.397443750219683,499,False
301226,797,797,797,True,False,,SZ_MAIN,21.69385079590202,797,False
301227,673,673,673,False,False,VALID_1D_ROWS_BELOW_750,SZ_MAIN,21.64253612552956,673,False
301228,673,673,673,False,False,VALID_1D_ROWS_BELOW_750,SZ_MAIN,21.491149363620373,673,False
301229,820,820,820,True,False,,SZ_MAIN,21.69988780721169,820,False
301230,652,652,652,False,False,VALID_1D_ROWS_BELOW_750,SZ_MAIN,22.166332623488103,652,False
301231,684,684,684,False,False,VALID_1D_ROWS_BELOW_750,SZ_MAIN,21.425165579770034,684,False
301232,500,500,500,False,False,VALID_1D_ROWS_BELOW_750,SZ_MAIN,21.52293532006835,500,False
301233,730,730,730,False,False,VALID_1D_ROWS_BELOW_750,SZ_MAIN,21.54262925373619,730,False
301234,731,731,731,False,False,VALID_1D_ROWS_BELOW_750,SZ_MAIN,21.423468071980032,731,False
301235,832,832,832,True,False,,SZ_MAIN,21.731538000012854,832,False
301236,805,805,805,True,False,,SZ_MAIN,24.482170571162676,805,False
301237,799,799,799,True,False,,SZ_MAIN,21.566555675936076,799,False
301238,743,743,743,False,False,VALID_1D_ROWS_BELOW_750,SZ_MAIN,23.33573466492138,743,False
301239,731,731,731,False,False,VALID_1D_ROWS_BELOW_750,SZ_MAIN,22.58967489154641,731,False
301246,559,559,559,False,False,VALID_1D_ROWS_BELOW_750,SZ_MAIN,22.529602457361296,559,False
301248,781,781,781,True,False,,SZ_MAIN,21.886939994156947,781,False
301251,443,443,443,False,False,VALID_1D_ROWS_BELOW_750,SZ_MAIN,22.38486906252117,443,False
301252,515,515,515,False,False,VALID_1D_ROWS_BELOW_750,SZ_MAIN,22.142288728688385,515,False
301255,612,612,612,False,False,VALID_1D_ROWS_BELOW_750,SZ_MAIN,22.156069659764487,612,False
301256,800,800,800,True,False,,SZ_MAIN,22.152044644335128,800,False
301257,765,765,765,True,False,,SZ_MAIN,21.897020847943864,765,False
301258,795,795,795,True,False,,SZ_MAIN,21.81525346425377,795,False
301259,777,777,777,True,False,,SZ_MAIN,22.188241980100496,777,False
301260,587,587,587,False,False,VALID_1D_ROWS_BELOW_750,SZ_MAIN,22.725206788658824,587,False
301261,485,485,485,False,False,VALID_1D_ROWS_BELOW_750,SZ_MAIN,22.628889561431134,485,False
301262,497,497,497,False,False,VALID_1D_ROWS_BELOW_750,SZ_MAIN,23.067472604631277,497,False
301263,795,795,795,True,False,,SZ_MAIN,22.83661670058424,795,False
301265,619,619,619,False,False,VALID_1D_ROWS_BELOW_750,SZ_MAIN,21.827731922902238,619,False
301266,750,750,750,True,False,,SZ_MAIN,22.146789363779824,750,False
301267,648,648,648,False,False,VALID_1D_ROWS_BELOW_750,SZ_MAIN,23.554842517712977,648,False
301268,790,790,790,True,False,,SZ_MAIN,22.865485615023964,790,False
301269,701,700,697,False,False,VALID_1D_ROWS_BELOW_750,SZ_MAIN,24.765710785893827,701,False
301270,690,690,690,False,False,VALID_1D_ROWS_BELOW_750,SZ_MAIN,22.04168276671477,690,False
301272,482,482,482,False,False,VALID_1D_ROWS_BELOW_750,SZ_MAIN,21.52267188079957,482,False
301273,657,657,657,False,False,VALID_1D_ROWS_BELOW_750,SZ_MAIN,21.28218203320749,657,False
301275,82,82,82,False,False,VALID_1D_ROWS_BELOW_750,SZ_MAIN,23.777462761503394,82,False
301276,683,683,683,False,False,VALID_1D_ROWS_BELOW_750,SZ_MAIN,21.63877226133184,683,False
301277,641,641,641,False,False,VALID_1D_ROWS_BELOW_750,SZ_MAIN,22.22308886337597,641,False
301278,709,709,709,False,False,VALID_1D_ROWS_BELOW_750,SZ_MAIN,21.88441774114576,709,False
301279,786,786,786,True,False,,SZ_MAIN,21.645936175784605,786,False
301280,613,613,613,False,False,VALID_1D_ROWS_BELOW_750,SZ_MAIN,22.23233909559712,613,False
301281,536,535,532,False,False,VALID_1D_ROWS_BELOW_750,SZ_MAIN,21.939458541110916,536,False
301282,693,693,693,False,False,VALID_1D_ROWS_BELOW_750,SZ_MAIN,22.017172785469537,693,False
301283,688,688,688,False,False,VALID_1D_ROWS_BELOW_750,SZ_MAIN,21.67492341451075,688,False
301285,671,671,671,False,False,VALID_1D_ROWS_BELOW_750,SZ_MAIN,22.478123845474823,671,False
301286,746,746,746,False,False,VALID_1D_ROWS_BELOW_750,SZ_MAIN,23.167426819710457,746,False
301287,501,501,501,False,False,VALID_1D_ROWS_BELOW_750,SZ_MAIN,21.522922927357527,501,False
301288,530,530,530,False,False,VALID_1D_ROWS_BELOW_750,SZ_MAIN,21.302606516158967,530,False
301289,740,740,740,False,False,VALID_1D_ROWS_BELOW_750,SZ_MAIN,22.07328254473486,740,False
301290,631,631,631,False,False,VALID_1D_ROWS_BELOW_750,SZ_MAIN,21.65321697918573,631,False
301291,448,448,448,False,False,VALID_1D_ROWS_BELOW_750,SZ_MAIN,23.321284454907733,448,False
301292,486,486,486,False,False,VALID_1D_ROWS_BELOW_750,SZ_MAIN,21.958727660703783,486,False
301293,529,529,529,False,False,VALID_1D_ROWS_BELOW_750,SZ_MAIN,23.04002985617189,529,False
301295,493,493,493,False,False,VALID_1D_ROWS_BELOW_750,SZ_MAIN,21.573662889871287,493,False
301296,688,688,688,False,False,VALID_1D_ROWS_BELOW_750,SZ_MAIN,22.06403968276449,688,False
301297,597,596,593,False,False,VALID_1D_ROWS_BELOW_750,SZ_MAIN,23.3574668388103,597,False
301298,752,752,752,True,False,,SZ_MAIN,21.560786917133946,752,False
301299,661,661,661,False,False,VALID_1D_ROWS_BELOW_750,SZ_MAIN,21.983664864846414,661,False
301300,698,698,698,False,False,VALID_1D_ROWS_BELOW_750,SZ_MAIN,21.418273897159157,698,False
301301,612,612,612,False,False,VALID_1D_ROWS_BELOW_750,SZ_MAIN,23.965255694119886,612,False
301302,739,739,739,False,False,VALID_1D_ROWS_BELOW_750,SZ_MAIN,22.029975854078078,739,False
301303,579,579,579,False,False,VALID_1D_ROWS_BELOW_750,SZ_MAIN,22.486195011839918,579,False
301305,517,517,517,False,False,VALID_1D_ROWS_BELOW_750,SZ_MAIN,22.203773839819736,517,False
301306,716,716,716,False,False,VALID_1D_ROWS_BELOW_750,SZ_MAIN,21.934190692335775,716,False
301307,535,535,535,False,False,VALID_1D_ROWS_BELOW_750,SZ_MAIN,22.385146662702915,535,False
301308,708,708,708,False,False,VALID_1D_ROWS_BELOW_750,SZ_MAIN,24.371572051359763,708,False
301309,666,665,662,False,False,VALID_1D_ROWS_BELOW_750,SZ_MAIN,21.716517609956693,666,False
301310,509,509,509,False,False,VALID_1D_ROWS_BELOW_750,SZ_MAIN,22.297249387808986,509,False
301311,631,631,631,False,False,VALID_1D_ROWS_BELOW_750,SZ_MAIN,22.26399655137072,631,False
301312,727,727,727,False,False,VALID_1D_ROWS_BELOW_750,SZ_MAIN,22.283996044085253,727,False
301313,669,669,669,False,False,VALID_1D_ROWS_BELOW_750,SZ_MAIN,21.706400867857944,669,False
301314,553,553,553,False,False,VALID_1D_ROWS_BELOW_750,SZ_MAIN,21.475436357955818,553,False
301315,496,496,496,False,False,VALID_1D_ROWS_BELOW_750,SZ_MAIN,22.224869045161476,496,False
301316,653,652,649,False,False,VALID_1D_ROWS_BELOW_750,SZ_MAIN,23.095955183613373,653,False
301317,596,596,596,False,False,VALID_1D_ROWS_BELOW_750,SZ_MAIN,21.92294724010752,596,False
301318,705,705,705,False,False,VALID_1D_ROWS_BELOW_750,SZ_MAIN,22.091804971304917,705,False
301319,670,670,670,False,False,VALID_1D_ROWS_BELOW_750,SZ_MAIN,21.842803775609823,670,False
301320,504,504,504,False,False,VALID_1D_ROWS_BELOW_750,SZ_MAIN,21.85055385704024,504,False
301321,699,699,699,False,False,VALID_1D_ROWS_BELOW_750,SZ_MAIN,21.790222893899543,699,False
301322,569,569,569,False,False,VALID_1D_ROWS_BELOW_750,SZ_MAIN,22.057320477500856,569,False
301323,495,494,491,False,False,VALID_1D_ROWS_BELOW_750,SZ_MAIN,22.22807417514213,495,False
301325,524,524,524,False,False,VALID_1D_ROWS_BELOW_750,SZ_MAIN,22.748624124313054,524,False
301326,676,676,676,False,False,VALID_1D_ROWS_BELOW_750,SZ_MAIN,22.22913735292299,676,False
301327,678,678,678,False,False,VALID_1D_ROWS_BELOW_750,SZ_MAIN,22.938283031572496,678,False
301328,684,684,684,False,False,VALID_1D_ROWS_BELOW_750,SZ_MAIN,22.287324084782462,684,False
301329,480,480,480,False,False,VALID_1D_ROWS_BELOW_750,SZ_MAIN,21.97607510977762,480,False
301330,700,700,700,False,False,VALID_1D_ROWS_BELOW_750,SZ_MAIN,22.522383219232086,700,False
301331,676,676,676,False,False,VALID_1D_ROWS_BELOW_750,SZ_MAIN,21.7441094189111,676,False
301332,520,520,520,False,False,VALID_1D_ROWS_BELOW_750,SZ_MAIN,22.25471112634669,520,False
301333,711,711,711,False,False,VALID_1D_ROWS_BELOW_750,SZ_MAIN,22.37403761287349,711,False
301335,627,626,623,False,False,VALID_1D_ROWS_BELOW_750,SZ_MAIN,21.7916250824435,627,False
301336,703,703,703,False,False,VALID_1D_ROWS_BELOW_750,SZ_MAIN,21.35729975301385,703,False
301337,514,514,514,False,False,VALID_1D_ROWS_BELOW_750,SZ_MAIN,21.837360322165118,514,False
301338,701,701,701,False,False,VALID_1D_ROWS_BELOW_750,SZ_MAIN,22.11502523749736,701,False
301339,683,683,683,False,False,VALID_1D_ROWS_BELOW_750,SZ_MAIN,22.88716338719126,683,False
301345,558,558,558,False,False,VALID_1D_ROWS_BELOW_750,SZ_MAIN,22.73059883579225,558,False
301348,462,462,462,False,False,VALID_1D_ROWS_BELOW_750,SZ_MAIN,22.37530336299933,462,False
301349,683,683,683,False,False,VALID_1D_ROWS_BELOW_750,SZ_MAIN,22.06028066417504,683,False
301353,512,512,512,False,False,VALID_1D_ROWS_BELOW_750,SZ_MAIN,21.54399545422896,512,False
301355,503,503,503,False,False,VALID_1D_ROWS_BELOW_750,SZ_MAIN,21.572250778029478,503,False
301356,643,643,643,False,False,VALID_1D_ROWS_BELOW_750,SZ_MAIN,22.072232092800302,643,False
301357,527,526,523,False,False,VALID_1D_ROWS_BELOW_750,SZ_MAIN,21.984028720618806,527,False
301358,586,586,586,False,False,VALID_1D_ROWS_BELOW_750,SZ_MAIN,24.06921348366015,586,False
301359,646,646,646,False,False,VALID_1D_ROWS_BELOW_750,SZ_MAIN,21.511759120547246,646,False
301360,534,534,534,False,False,VALID_1D_ROWS_BELOW_750,SZ_MAIN,21.7737461447949,534,False
301361,641,641,641,False,False,VALID_1D_ROWS_BELOW_750,SZ_MAIN,21.940322891908515,641,False
301362,454,453,450,False,False,VALID_1D_ROWS_BELOW_750,SZ_MAIN,22.17635230717881,454,False
301363,666,666,666,False,False,VALID_1D_ROWS_BELOW_750,SZ_MAIN,23.242689006150513,666,False
301365,637,637,637,False,False,VALID_1D_ROWS_BELOW_750,SZ_MAIN,21.770374282747404,637,False
301366,673,673,673,False,False,VALID_1D_ROWS_BELOW_750,SZ_MAIN,22.625895621672555,673,False
301367,652,652,652,False,False,VALID_1D_ROWS_BELOW_750,SZ_MAIN,22.61988966995501,652,False
301368,620,620,620,False,False,VALID_1D_ROWS_BELOW_750,SZ_MAIN,22.571103480178035,620,False
301369,675,675,675,False,False,VALID_1D_ROWS_BELOW_750,SZ_MAIN,22.119205842536992,675,False
301370,483,483,483,False,False,VALID_1D_ROWS_BELOW_750,SZ_MAIN,22.3818549912107,483,False
301371,469,469,469,False,False,VALID_1D_ROWS_BELOW_750,SZ_MAIN,23.310959138845508,469,False
301372,461,461,461,False,False,VALID_1D_ROWS_BELOW_750,SZ_MAIN,21.223521530196,461,False
301373,587,587,587,False,False,VALID_1D_ROWS_BELOW_750,SZ_MAIN,21.863419983700414,587,False
301376,496,496,496,False,False,VALID_1D_ROWS_BELOW_750,SZ_MAIN,22.76056276114133,496,False
301377,637,637,637,False,False,VALID_1D_ROWS_BELOW_750,SZ_MAIN,22.945627372581267,637,False
301378,559,559,559,False,False,VALID_1D_ROWS_BELOW_750,SZ_MAIN,21.7612848783059,559,False
301379,652,652,652,False,False,VALID_1D_ROWS_BELOW_750,SZ_MAIN,21.887781389758196,652,False
301380,657,657,657,False,False,VALID_1D_ROWS_BELOW_750,SZ_MAIN,21.92402248380093,657,False
301381,483,483,483,False,False,VALID_1D_ROWS_BELOW_750,SZ_MAIN,22.921628877098954,483,False
301382,521,521,521,False,False,VALID_1D_ROWS_BELOW_750,SZ_MAIN,22.849264120170258,521,False
301383,504,504,504,False,False,VALID_1D_ROWS_BELOW_750,SZ_MAIN,22.483842549577094,504,False
301386,552,552,552,False,False,VALID_1D_ROWS_BELOW_750,SZ_MAIN,21.840209056056967,552,False
301387,539,539,539,False,False,VALID_1D_ROWS_BELOW_750,SZ_MAIN,22.09677846780359,539,False
301388,646,646,646,False,False,VALID_1D_ROWS_BELOW_750,SZ_MAIN,21.62811011661089,646,False
301389,653,653,653,False,False,VALID_1D_ROWS_BELOW_750,SZ_MAIN,22.385884261851235,653,False
301390,528,528,528,False,False,VALID_1D_ROWS_BELOW_750,SZ_MAIN,21.45168346384817,528,False
301391,630,630,630,False,False,VALID_1D_ROWS_BELOW_750,SZ_MAIN,22.38545511642227,630,False
301392,266,266,266,False,False,VALID_1D_ROWS_BELOW_750,SZ_MAIN,23.27399841154036,266,False
301393,483,483,483,False,False,VALID_1D_ROWS_BELOW_750,SZ_MAIN,22.380647841446148,483,False
301395,490,490,490,False,False,VALID_1D_ROWS_BELOW_750,SZ_MAIN,21.679134214796516,490,False
301396,644,644,644,False,False,VALID_1D_ROWS_BELOW_750,SZ_MAIN,21.98279896386483,644,False
301397,493,493,493,False,False,VALID_1D_ROWS_BELOW_750,SZ_MAIN,22.162998807615306,493,False
301398,620,620,620,False,False,VALID_1D_ROWS_BELOW_750,SZ_MAIN,22.1549158997871,620,False
301399,517,517,517,False,False,VALID_1D_ROWS_BELOW_750,SZ_MAIN,21.921352954549622,517,False
301408,572,572,572,False,False,VALID_1D_ROWS_BELOW_750,SZ_MAIN,22.333927949835147,572,False
301413,376,376,376,False,False,VALID_1D_ROWS_BELOW_750,SZ_MAIN,23.00034537983973,376,False
301418,455,455,455,False,False,VALID_1D_ROWS_BELOW_750,SZ_MAIN,21.71493612222692,455,False
301419,586,586,586,False,False,VALID_1D_ROWS_BELOW_750,SZ_MAIN,21.900165424068568,586,False
301421,453,453,453,False,False,VALID_1D_ROWS_BELOW_750,SZ_MAIN,22.676064119674116,453,False
301428,519,519,519,False,False,VALID_1D_ROWS_BELOW_750,SZ_MAIN,21.96602849576552,519,False
301429,540,540,540,False,False,VALID_1D_ROWS_BELOW_750,SZ_MAIN,21.457376161819404,540,False
301439,560,560,560,False,False,VALID_1D_ROWS_BELOW_750,SZ_MAIN,22.483393766839086,560,False
301446,474,474,474,False,False,VALID_1D_ROWS_BELOW_750,SZ_MAIN,21.58644264671464,474,False
301448,498,498,498,False,False,VALID_1D_ROWS_BELOW_750,SZ_MAIN,21.629376909601795,498,False
301449,0,0,0,False,False,QFQ_OR_TURNOVER_UNAVAILABLE,SZ_MAIN,,0,False
301456,481,481,481,False,False,VALID_1D_ROWS_BELOW_750,SZ_MAIN,22.068198999647063,481,False
301458,118,118,118,False,False,VALID_1D_ROWS_BELOW_750,SZ_MAIN,22.95285012091113,118,False
301459,379,379,379,False,False,VALID_1D_ROWS_BELOW_750,SZ_MAIN,22.180763957072635,379,False
301468,475,475,475,False,False,VALID_1D_ROWS_BELOW_750,SZ_MAIN,21.869257771661296,475,False
301469,454,454,454,False,False,VALID_1D_ROWS_BELOW_750,SZ_MAIN,21.564733430103527,454,False
301479,77,77,77,False,False,VALID_1D_ROWS_BELOW_750,SZ_MAIN,22.830100740403207,77,False
301486,474,473,470,False,False,VALID_1D_ROWS_BELOW_750,SZ_MAIN,22.834460352170073,474,False
301487,463,463,463,False,False,VALID_1D_ROWS_BELOW_750,SZ_MAIN,23.064737339870643,463,False
301488,489,489,489,False,False,VALID_1D_ROWS_BELOW_750,SZ_MAIN,22.58350604654466,489,False
301489,415,415,415,False,False,VALID_1D_ROWS_BELOW_750,SZ_MAIN,22.294571981536617,415,False
301491,0,0,0,False,False,QFQ_OR_TURNOVER_UNAVAILABLE,SZ_MAIN,,0,False
301498,458,458,458,False,False,VALID_1D_ROWS_BELOW_750,SZ_MAIN,24.056540215011385,458,False
301499,476,476,476,False,False,VALID_1D_ROWS_BELOW_750,SZ_MAIN,22.049662915963257,476,False
301500,432,432,432,False,False,VALID_1D_ROWS_BELOW_750,SZ_MAIN,22.86196016856794,432,False
301501,76,76,76,False,False,VALID_1D_ROWS_BELOW_750,SZ_MAIN,22.491127742604107,76,False
301502,343,343,343,False,False,VALID_1D_ROWS_BELOW_750,SZ_MAIN,21.647618593192234,343,False
301503,480,480,480,False,False,VALID_1D_ROWS_BELOW_750,SZ_MAIN,21.795533691155306,480,False
301505,467,466,463,False,False,VALID_1D_ROWS_BELOW_750,SZ_MAIN,21.6054320170767,467,False
301507,444,444,444,False,False,VALID_1D_ROWS_BELOW_750,SZ_MAIN,22.32783498732495,444,False
301508,387,387,387,False,False,VALID_1D_ROWS_BELOW_750,SZ_MAIN,22.72685099273379,387,False
301509,467,467,467,False,False,VALID_1D_ROWS_BELOW_750,SZ_MAIN,22.13601501630375,467,False
301510,459,459,459,False,False,VALID_1D_ROWS_BELOW_750,SZ_MAIN,23.238079860903785,459,False
301511,457,457,457,False,False,VALID_1D_ROWS_BELOW_750,SZ_MAIN,23.060850289937346,457,False
301512,477,477,477,False,False,VALID_1D_ROWS_BELOW_750,SZ_MAIN,21.579213157810667,477,False
301515,474,474,474,False,False,VALID_1D_ROWS_BELOW_750,SZ_MAIN,21.423386658947614,474,False
301516,382,382,382,False,False,VALID_1D_ROWS_BELOW_750,SZ_MAIN,22.303509795042874,382,False
301517,409,408,405,False,False,VALID_1D_ROWS_BELOW_750,SZ_MAIN,22.570328703590388,409,False
301518,467,467,467,False,False,VALID_1D_ROWS_BELOW_750,SZ_MAIN,21.826477991989265,467,False
301519,472,472,472,False,False,VALID_1D_ROWS_BELOW_750,SZ_MAIN,21.54085121309221,472,False
301520,430,430,430,False,False,VALID_1D_ROWS_BELOW_750,SZ_MAIN,21.749187949190276,430,False
301522,179,179,179,False,False,VALID_1D_ROWS_BELOW_750,SZ_MAIN,23.264515643312173,179,False
301525,448,448,448,False,False,VALID_1D_ROWS_BELOW_750,SZ_MAIN,22.68299861256534,448,False
301526,370,370,370,False,False,VALID_1D_ROWS_BELOW_750,SZ_MAIN,23.65800761700252,370,False
301528,450,450,450,False,False,VALID_1D_ROWS_BELOW_750,SZ_MAIN,21.861716111247503,450,False
301529,440,440,440,False,False,VALID_1D_ROWS_BELOW_750,SZ_MAIN,21.82464994327775,440,False
301533,456,456,456,False,False,VALID_1D_ROWS_BELOW_750,SZ_MAIN,21.892658352025627,456,False
301535,70,70,70,False,False,VALID_1D_ROWS_BELOW_750,SZ_MAIN,23.11711435577775,70,False
301536,310,310,310,False,False,VALID_1D_ROWS_BELOW_750,SZ_MAIN,23.988989164247343,310,False
301538,316,316,316,False,False,VALID_1D_ROWS_BELOW_750,SZ_MAIN,22.453514179532704,316,False
301539,300,300,300,False,False,VALID_1D_ROWS_BELOW_750,SZ_MAIN,21.798657230933863,300,False
301548,433,433,433,False,False,VALID_1D_ROWS_BELOW_750,SZ_MAIN,22.1972344802857,433,False
301550,436,436,436,False,False,VALID_1D_ROWS_BELOW_750,SZ_MAIN,23.427365148307693,436,False
301551,188,188,188,False,False,VALID_1D_ROWS_BELOW_750,SZ_MAIN,23.382290751514944,188,False
301552,234,234,234,False,False,VALID_1D_ROWS_BELOW_750,SZ_MAIN,22.04322366567966,234,False
301555,410,410,410,False,False,VALID_1D_ROWS_BELOW_750,SZ_MAIN,21.703511953772868,410,False
301556,178,178,178,False,False,VALID_1D_ROWS_BELOW_750,SZ_MAIN,22.846622037047048,178,False
301557,87,87,87,False,False,VALID_1D_ROWS_BELOW_750,SZ_MAIN,22.283046839171032,87,False
301558,427,427,427,False,False,VALID_1D_ROWS_BELOW_750,SZ_MAIN,22.663110167043353,427,False
301559,424,424,424,False,False,VALID_1D_ROWS_BELOW_750,SZ_MAIN,23.009111419807958,424,False
301560,50,50,50,False,False,VALID_1D_ROWS_BELOW_750,SZ_MAIN,22.294318495497794,50,False
301563,0,0,0,False,False,QFQ_OR_TURNOVER_UNAVAILABLE,SZ_MAIN,,0,False
301565,256,256,256,False,False,VALID_1D_ROWS_BELOW_750,SZ_MAIN,22.973318678889285,256,False
301566,367,367,367,False,False,VALID_1D_ROWS_BELOW_750,SZ_MAIN,22.69848235693995,367,False
301567,356,356,356,False,False,VALID_1D_ROWS_BELOW_750,SZ_MAIN,21.85859570185947,356,False
301568,390,390,390,False,False,VALID_1D_ROWS_BELOW_750,SZ_MAIN,22.213014348800733,390,False
301571,212,212,212,False,False,VALID_1D_ROWS_BELOW_750,SZ_MAIN,22.913287895908496,212,False
301575,0,0,0,False,False,QFQ_OR_TURNOVER_UNAVAILABLE,SZ_MAIN,,0,False
301577,350,350,350,False,False,VALID_1D_ROWS_BELOW_750,SZ_MAIN,21.705589175779938,350,False
301578,368,368,368,False,False,VALID_1D_ROWS_BELOW_750,SZ_MAIN,21.801811567534433,368,False
301580,252,252,252,False,False,VALID_1D_ROWS_BELOW_750,SZ_MAIN,22.307124199960455,252,False
301581,123,123,123,False,False,VALID_1D_ROWS_BELOW_750,SZ_MAIN,22.083626816039796,123,False
301584,0,0,0,False,False,QFQ_OR_TURNOVER_UNAVAILABLE,SZ_MAIN,,0,False
301585,132,132,132,False,False,VALID_1D_ROWS_BELOW_750,SZ_MAIN,21.88968608574659,132,False
301586,207,207,207,False,False,VALID_1D_ROWS_BELOW_750,SZ_MAIN,22.144277361100343,207,False
301587,305,305,305,False,False,VALID_1D_ROWS_BELOW_750,SZ_MAIN,21.97995644046099,305,False
301588,321,321,321,False,False,VALID_1D_ROWS_BELOW_750,SZ_MAIN,21.580213651089416,321,False
301589,339,339,339,False,False,VALID_1D_ROWS_BELOW_750,SZ_MAIN,23.45937194840691,339,False
301590,25,25,25,False,False,VALID_1D_ROWS_BELOW_750,SZ_MAIN,22.761194502272925,25,False
301591,331,331,331,False,False,VALID_1D_ROWS_BELOW_750,SZ_MAIN,21.963763030300964,331,False
301592,173,173,173,False,False,VALID_1D_ROWS_BELOW_750,SZ_MAIN,22.88428736561867,173,False
301595,37,37,37,False,False,VALID_1D_ROWS_BELOW_750,SZ_MAIN,22.41365304905223,37,False
301596,283,283,283,False,False,VALID_1D_ROWS_BELOW_750,SZ_MAIN,22.559360415912636,283,False
301598,132,132,132,False,False,VALID_1D_ROWS_BELOW_750,SZ_MAIN,22.047135685464934,132,False
301600,197,197,197,False,False,VALID_1D_ROWS_BELOW_750,SZ_MAIN,23.26689224643281,197,False
301601,115,115,115,False,False,VALID_1D_ROWS_BELOW_750,SZ_MAIN,22.103084073164556,115,False
301602,110,110,110,False,False,VALID_1D_ROWS_BELOW_750,SZ_MAIN,22.95960414197618,110,False
301603,242,242,242,False,False,VALID_1D_ROWS_BELOW_750,SZ_MAIN,22.87093858137498,242,False
301606,230,230,230,False,False,VALID_1D_ROWS_BELOW_750,SZ_MAIN,23.994217844122847,230,False
301607,202,202,202,False,False,VALID_1D_ROWS_BELOW_750,SZ_MAIN,22.617714849351536,202,False
301608,226,226,226,False,False,VALID_1D_ROWS_BELOW_750,SZ_MAIN,22.774014836121374,226,False
301609,0,0,0,False,False,QFQ_OR_TURNOVER_UNAVAILABLE,SZ_MAIN,,0,False
301611,215,215,215,False,False,VALID_1D_ROWS_BELOW_750,SZ_MAIN,23.961324489231387,215,False
301613,162,162,162,False,False,VALID_1D_ROWS_BELOW_750,SZ_MAIN,22.706588508662154,162,False
301616,70,70,70,False,False,VALID_1D_ROWS_BELOW_750,SZ_MAIN,22.1245473230222,70,False
301617,139,139,139,False,False,VALID_1D_ROWS_BELOW_750,SZ_MAIN,23.03611645863832,139,False
301618,186,186,186,False,False,VALID_1D_ROWS_BELOW_750,SZ_MAIN,22.28951593954064,186,False
301622,144,144,144,False,False,VALID_1D_ROWS_BELOW_750,SZ_MAIN,22.78300848762804,144,False
301626,173,173,173,False,False,VALID_1D_ROWS_BELOW_750,SZ_MAIN,23.733806404497773,173,False
301628,168,168,168,False,False,VALID_1D_ROWS_BELOW_750,SZ_MAIN,22.681823291858542,168,False
301629,73,73,73,False,False,VALID_1D_ROWS_BELOW_750,SZ_MAIN,23.233742571812034,73,False
301630,0,0,0,False,False,QFQ_OR_TURNOVER_UNAVAILABLE,SZ_MAIN,,0,False
301631,152,152,152,False,False,VALID_1D_ROWS_BELOW_750,SZ_MAIN,22.91527050517565,152,False
301632,0,0,0,False,False,QFQ_OR_TURNOVER_UNAVAILABLE,SZ_MAIN,,0,False
301633,163,163,163,False,False,VALID_1D_ROWS_BELOW_750,SZ_MAIN,22.071843377499462,163,False
301636,38,38,38,False,False,VALID_1D_ROWS_BELOW_750,SZ_MAIN,22.178583572783417,38,False
301638,0,0,0,False,False,QFQ_OR_TURNOVER_UNAVAILABLE,SZ_MAIN,,0,False
301656,0,0,0,False,False,QFQ_OR_TURNOVER_UNAVAILABLE,SZ_MAIN,,0,False
301658,66,66,66,False,False,VALID_1D_ROWS_BELOW_750,SZ_MAIN,23.55671371933183,66,False
301662,56,56,56,False,False,VALID_1D_ROWS_BELOW_750,SZ_MAIN,23.252283937762375,56,False
301665,60,60,60,False,False,VALID_1D_ROWS_BELOW_750,SZ_MAIN,23.239307649597475,60,False
301667,0,0,0,False,False,QFQ_OR_TURNOVER_UNAVAILABLE,SZ_MAIN,,0,False
301668,0,0,0,False,False,QFQ_OR_TURNOVER_UNAVAILABLE,SZ_MAIN,,0,False
301678,14,14,14,False,False,VALID_1D_ROWS_BELOW_750,SZ_MAIN,23.40328237857778,14,False
301680,0,0,0,False,False,QFQ_OR_TURNOVER_UNAVAILABLE,SZ_MAIN,,0,False
301682,0,0,0,False,False,QFQ_OR_TURNOVER_UNAVAILABLE,SZ_MAIN,,0,False
301683,0,0,0,False,False,QFQ_OR_TURNOVER_UNAVAILABLE,SZ_MAIN,,0,False
301687,0,0,0,False,False,QFQ_OR_TURNOVER_UNAVAILABLE,SZ_MAIN,,0,False
301696,0,0,0,False,False,QFQ_OR_TURNOVER_UNAVAILABLE,SZ_MAIN,,0,False
600000,1296,1296,1296,True,True,,SH_MAIN,26.249732355388154,1243,False
600004,1296,1296,1296,True,True,,SH_MAIN,23.935907788528432,1243,False
600006,1287,1286,1284,True,True,,SH_MAIN,23.33480513766778,1234,False
600007,1296,1296,1296,True,True,,SH_MAIN,23.69269747136551,1243,False
600008,1296,1296,1296,True,True,,SH_MAIN,23.8219419814275,1243,False
600009,1281,1280,1277,True,True,,SH_MAIN,25.212830434989268,1228,False
600010,1296,1296,1296,True,True,,SH_MAIN,25.183424851409796,1243,False
600011,1296,1296,1296,True,True,,SH_MAIN,25.48501913221554,1243,False
600012,1284,1283,1280,True,True,,SH_MAIN,23.616171980572236,1231,False
600015,1296,1296,1296,True,True,,SH_MAIN,25.282964286499812,1243,False
600016,1296,1296,1296,True,True,,SH_MAIN,25.86347472281631,1243,False
600017,1296,1296,1296,True,True,,SH_MAIN,22.914936443286294,1243,False
600018,1296,1296,1296,True,True,,SH_MAIN,25.58831415730419,276,False
600019,1296,1296,1296,True,True,,SH_MAIN,25.718725343974693,1243,False
600020,1296,1296,1296,True,True,,SH_MAIN,23.012356522852233,276,False
600021,1296,1296,1296,True,True,,SH_MAIN,24.005919701923524,1243,False
600022,1296,1296,1296,True,True,,SH_MAIN,23.51866978972035,1243,False
600023,1296,1296,1296,True,True,,SH_MAIN,24.883612575830487,1243,False
600025,1296,1296,1296,True,True,,SH_MAIN,25.64310076671617,1243,False
600026,1296,1296,1296,True,True,,SH_MAIN,24.827376888313598,1243,False
600027,1281,1280,1277,True,True,,SH_MAIN,24.758539800600268,1228,False
600028,1296,1296,1296,True,True,,SH_MAIN,27.25126465159337,1243,False
600029,1296,1296,1296,True,True,,SH_MAIN,25.415419958683174,1243,False
600030,1288,1287,1284,True,True,,SH_MAIN,26.490120100217617,1235,False
600031,1296,1296,1296,True,True,,SH_MAIN,25.734975865650345,1243,False
600032,1001,1001,1001,True,True,,SH_MAIN,23.699924899950975,1001,False
600033,1296,1296,1296,True,True,,SH_MAIN,22.902209668337328,1243,False
600035,1296,1296,1296,True,True,,SH_MAIN,22.55798115918087,1243,False
600036,1296,1296,1296,True,True,,SH_MAIN,27.61291904532285,1243,False
600037,1296,1296,1296,True,True,,SH_MAIN,23.138276903225538,1243,False
600038,1284,1283,1280,True,True,,SH_MAIN,24.110423356887807,1231,False
600039,1281,1280,1277,True,True,,SH_MAIN,24.923040227747894,1228,False
600048,1296,1296,1296,True,True,,SH_MAIN,25.624295168690804,1243,False
600050,1296,1296,1296,True,True,,SH_MAIN,25.730312915533045,1243,False
600051,1296,1296,1296,True,True,,SH_MAIN,21.526216926653536,1243,False
600052,1291,1290,1289,True,True,,SH_MAIN,22.064615701221758,1238,False
600053,1282,1281,1278,True,True,,SH_MAIN,22.63219998615339,1229,False
600054,1296,1296,1296,True,True,,SH_MAIN,22.84307085261803,1243,False
600055,1293,1293,1293,True,True,,SH_MAIN,23.227424505708942,1243,False
600056,1296,1296,1296,True,True,,SH_MAIN,23.52296609933045,1243,False
600057,1296,1296,1296,True,True,,SH_MAIN,23.614456237982267,1243,False
600058,1284,1283,1280,True,True,,SH_MAIN,22.98212499903685,1231,False
600059,1296,1296,1296,True,True,,SH_MAIN,22.90380496429656,1243,False
600060,1296,1296,1296,True,True,,SH_MAIN,24.02904672791494,1243,False
600061,1296,1296,1296,True,True,,SH_MAIN,24.54641795481253,1243,False
600062,1296,1296,1296,True,True,,SH_MAIN,23.686600942246116,1243,False
600063,1293,1293,1293,True,True,,SH_MAIN,23.126180925260563,1240,False
600064,1296,1296,1296,True,True,,SH_MAIN,23.200202204143483,1243,False
600066,1293,1293,1293,True,True,,SH_MAIN,24.1499280597732,1240,False
600067,1296,1296,1296,True,True,,SH_MAIN,22.21692020548749,1243,False
600071,1288,1287,1284,True,True,,SH_MAIN,22.49756665966985,1235,False
600072,1284,1283,1280,True,True,,SH_MAIN,23.619058181909185,1231,False
600073,1296,1296,1296,True,True,,SH_MAIN,22.66449791472052,1243,False
600075,1296,1296,1296,True,True,,SH_MAIN,22.875620935655135,1243,False
600076,1296,1296,1296,True,True,,SH_MAIN,22.073632318037962,1243,False
600078,533,533,533,False,False,VALID_1D_ROWS_BELOW_750,SH_MAIN,22.132149643338792,480,False
600079,1201,1201,1201,True,True,,SH_MAIN,24.277369100256692,1148,False
600080,1202,1202,1202,True,True,,SH_MAIN,21.760684530050717,1202,False
600081,1285,1284,1281,True,True,,SH_MAIN,22.474660079932544,1232,False
600082,1277,1277,1277,True,True,,SH_MAIN,21.45897148012324,1224,False
600084,959,959,959,True,False,,SH_MAIN,22.657993302618006,959,False
600085,1296,1296,1296,True,True,,SH_MAIN,24.745868557520105,1243,False
600088,1296,1296,1296,True,True,,SH_MAIN,22.43598700791287,1243,False
600089,1296,1296,1296,True,True,,SH_MAIN,25.041206771062008,1243,False
600094,1296,1296,1296,True,True,,SH_MAIN,22.87379215446361,1243,False
600095,1285,1284,1281,True,True,,SH_MAIN,23.87478365977959,1232,False
600096,1296,1296,1296,True,True,,SH_MAIN,24.419622332476738,1243,False
600097,1296,1296,1296,True,True,,SH_MAIN,21.5905567278969,1243,False
600098,1296,1296,1296,True,True,,SH_MAIN,23.802378438192232,1243,False
600099,1296,1296,1296,True,True,,SH_MAIN,21.397900309905936,1243,False
600100,1296,1296,1296,True,True,,SH_MAIN,23.77127611909931,1243,False
600101,1296,1296,1296,True,True,,SH_MAIN,22.076197788251662,1243,False
600103,1296,1296,1296,True,True,,SH_MAIN,22.4506992867377,1243,False
600104,1296,1296,1296,True,True,,SH_MAIN,25.904751004310558,1243,False
600105,1296,1296,1296,True,True,,SH_MAIN,22.668401090273278,1243,False
600106,1296,1296,1296,True,True,,SH_MAIN,22.634989304849956,1243,False
600107,1048,1048,1048,True,True,,SH_MAIN,21.43856582214749,995,False
600108,1296,1296,1296,True,True,,SH_MAIN,22.514441564610507,1243,False
600109,1296,1296,1296,True,True,,SH_MAIN,24.223283317168303,1243,False
600110,1286,1285,1282,True,True,,SH_MAIN,23.221715229528066,1233,False
600111,1296,1296,1296,True,True,,SH_MAIN,25.255153552975454,1243,False
600113,1296,1296,1296,True,True,,SH_MAIN,21.89311478368854,1243,False
600114,1284,1283,1280,True,True,,SH_MAIN,22.744905792396008,1231,False
600115,1296,1296,1296,True,True,,SH_MAIN,25.23129145249481,1243,False
600116,1296,1296,1296,True,True,,SH_MAIN,23.423046727558756,1243,False
600117,1000,1000,1000,True,True,,SH_MAIN,22.255795459826754,947,False
600118,1296,1296,1296,True,True,,SH_MAIN,24.166899506366484,1243,False
600119,1197,1197,1197,True,True,,SH_MAIN,21.684658358033083,1197,False
600120,1296,1296,1296,True,True,,SH_MAIN,23.27874729825549,1243,False
600121,1296,1296,1296,True,True,,SH_MAIN,22.41371833584528,1243,False
600123,1296,1296,1296,True,True,,SH_MAIN,23.276320734960873,1243,False
600125,1296,1296,1296,True,True,,SH_MAIN,22.73906855603853,1243,False
600126,1296,1296,1296,True,True,,SH_MAIN,23.573464007246294,1243,False
600127,1296,1296,1296,True,True,,SH_MAIN,22.29199392995173,1243,False
600128,1296,1296,1296,True,True,,SH_MAIN,21.437800124146005,1243,False
600129,1296,1296,1296,True,True,,SH_MAIN,23.273808531890847,1243,False
600130,1051,1051,1051,True,True,,SH_MAIN,21.83048101442179,998,False
600131,1296,1296,1296,True,True,,SH_MAIN,23.748691748998702,1243,False
600132,1296,1296,1296,True,True,,SH_MAIN,24.416376562442355,1243,False
600133,1296,1296,1296,True,True,,SH_MAIN,22.60611620188716,1243,False
600135,1296,1296,1296,True,True,,SH_MAIN,22.11792728409758,1243,False
600136,318,317,317,False,False,VALID_1D_ROWS_BELOW_750,SH_MAIN,21.991474962082,265,False
600137,1296,1296,1296,True,True,,SH_MAIN,21.112440971531367,1243,False
600138,1296,1296,1296,True,True,,SH_MAIN,22.750503353860182,1243,False
600141,1296,1296,1296,True,True,,SH_MAIN,24.03264446968238,1243,False
600143,1296,1296,1296,True,True,,SH_MAIN,24.00312282655618,1243,False
600148,1296,1296,1296,True,True,,SH_MAIN,21.48526677071681,1243,False
600149,1224,1224,1224,True,True,,SH_MAIN,21.433199335606414,1224,False
600150,1278,1276,1271,True,True,,SH_MAIN,25.579139317312656,1225,False
600151,1296,1296,1296,True,True,,SH_MAIN,23.241468816950388,1243,False
600152,1296,1296,1296,True,True,,SH_MAIN,22.01890649171036,1243,False
600153,1296,1296,1296,True,True,,SH_MAIN,24.110205161223252,1243,False
600155,1296,1296,1296,True,True,,SH_MAIN,23.509058746403312,1243,False
600156,1284,1283,1280,True,True,,SH_MAIN,21.342632691876805,1231,False
600157,1202,1201,1198,True,True,,SH_MAIN,24.2688438138191,1202,False
600158,1296,1296,1296,True,True,,SH_MAIN,22.86122336852018,1243,False
600159,1296,1296,1296,True,True,,SH_MAIN,21.562981748556513,1243,False
600160,1296,1296,1296,True,True,,SH_MAIN,24.534821819731274,1243,False
600161,1296,1296,1296,True,True,,SH_MAIN,24.424781396704656,1243,False
600162,1296,1296,1296,True,True,,SH_MAIN,22.54943195539024,1243,False
600163,1296,1296,1296,True,True,,SH_MAIN,23.05494449131697,1243,False
600165,789,789,789,True,False,,SH_MAIN,22.337416889560302,736,False
600166,1296,1296,1296,True,True,,SH_MAIN,23.818370348234733,1243,False
600167,1296,1296,1296,True,True,,SH_MAIN,23.439579781058647,1243,False
600168,1284,1283,1280,True,True,,SH_MAIN,22.242697816777053,1231,False
600169,1171,1171,1171,True,True,,SH_MAIN,22.83004303150932,1118,False
600170,1296,1296,1296,True,True,,SH_MAIN,23.90468469532492,1243,False
600171,1296,1296,1296,True,True,,SH_MAIN,23.47167607178478,1243,False
600172,1289,1288,1285,True,True,,SH_MAIN,22.708813041565882,1236,False
600173,1296,1296,1296,True,True,,SH_MAIN,22.06109289820258,1243,False
600176,1296,1296,1296,True,True,,SH_MAIN,24.778960204613046,1243,False
600177,1296,1296,1296,True,True,,SH_MAIN,24.205761642162038,1243,False
600178,1296,1296,1296,True,True,,SH_MAIN,22.08067006821354,1243,False
600179,1199,1198,1195,True,True,,SH_MAIN,23.374789098644364,1199,False
600180,1289,1289,1289,True,True,,SH_MAIN,22.49746693814745,1236,False
600182,795,795,795,True,False,,SH_MAIN,22.35981295185913,742,False
600183,1296,1296,1296,True,True,,SH_MAIN,24.595460241708533,1243,False
600184,1296,1296,1296,True,True,,SH_MAIN,22.562762760505947,1243,False
600185,1290,1289,1287,True,True,,SH_MAIN,23.21972527222848,1237,False
600186,1296,1296,1296,True,True,,SH_MAIN,22.531433925335605,1243,False
600187,1290,1290,1290,True,True,,SH_MAIN,22.176405413678808,1237,False
600188,1296,1296,1296,True,True,,SH_MAIN,25.727155284669298,1243,False
600189,1296,1296,1296,True,True,,SH_MAIN,22.378680050508002,1243,False
600191,976,976,976,True,False,,SH_MAIN,21.82406852493743,923,False
600192,1296,1296,1296,True,True,,SH_MAIN,21.64143925944584,1243,False
600193,0,0,0,False,False,QFQ_OR_TURNOVER_UNAVAILABLE,SH_MAIN,,0,False
600195,1296,1296,1296,True,True,,SH_MAIN,23.132956365399867,1243,False
600196,1296,1296,1296,True,True,,SH_MAIN,25.069692648340702,1243,False
600197,1296,1296,1296,True,True,,SH_MAIN,23.04561553140974,1243,False
600198,1055,1054,1051,True,True,,SH_MAIN,22.934861859319028,1002,False
600199,1296,1296,1296,True,True,,SH_MAIN,23.046536178247383,1243,False
600201,1296,1296,1296,True,True,,SH_MAIN,23.086108450263854,1243,False
600202,1296,1296,1296,True,True,,SH_MAIN,21.42266271142157,1243,False
600203,1296,1296,1296,True,True,,SH_MAIN,22.183064687788985,1243,False
600206,1296,1296,1296,True,True,,SH_MAIN,23.21273866649003,1243,False
600207,1296,1296,1296,True,True,,SH_MAIN,22.433733503615237,1243,False
600208,1284,1283,1280,True,True,,SH_MAIN,23.897402631971648,1231,False
600210,1296,1296,1296,True,True,,SH_MAIN,22.9113833605636,1243,False
600211,1296,1296,1296,True,True,,SH_MAIN,23.21087080306815,1243,False
600212,1247,1247,1247,True,True,,SH_MAIN,22.225869820749377,1243,False
600215,1211,1211,1211,True,True,,SH_MAIN,21.977840852749104,1211,False
600216,1296,1296,1296,True,True,,SH_MAIN,23.328969187108438,1243,False
600217,1296,1296,1296,True,True,,SH_MAIN,22.676916194941942,1243,False
600218,1296,1296,1296,True,True,,SH_MAIN,22.08388829535941,1243,False
600219,1296,1296,1296,True,True,,SH_MAIN,24.507814781621192,1243,False
600221,898,898,898,True,False,,SH_MAIN,24.888244250932882,868,False
600222,1285,1283,1280,True,True,,SH_MAIN,21.95133304097394,1232,False
600223,1296,1296,1296,True,True,,SH_MAIN,22.93071147998986,1243,False
600226,725,725,725,False,False,VALID_1D_ROWS_BELOW_750,SH_MAIN,22.828532542106966,725,False
600227,1296,1296,1296,True,True,,SH_MAIN,22.290123916774025,1243,False
600228,981,981,981,True,False,,SH_MAIN,22.400593311845842,981,False
600229,1296,1296,1296,True,True,,SH_MAIN,22.25755926977695,1243,False
600230,1296,1296,1296,True,True,,SH_MAIN,22.489470566185545,1243,False
600231,1296,1296,1296,True,True,,SH_MAIN,22.573342169992888,1243,False
600232,1296,1296,1296,True,True,,SH_MAIN,21.43382527815118,1243,False
600233,1296,1296,1296,True,True,,SH_MAIN,24.720658995801763,1243,False
600234,954,954,954,True,False,,SH_MAIN,21.532941724100855,954,False
600235,1296,1296,1296,True,True,,SH_MAIN,21.412340234975716,1243,False
600236,1296,1296,1296,True,True,,SH_MAIN,24.604347528639632,1243,False
600237,1296,1296,1296,True,True,,SH_MAIN,22.151347586927447,1243,False
600238,981,981,981,True,False,,SH_MAIN,22.32769522764939,981,False
600239,795,795,795,True,False,,SH_MAIN,22.078514626491717,742,False
600241,710,710,710,False,False,VALID_1D_ROWS_BELOW_750,SH_MAIN,21.543931763758906,710,False
600243,957,957,957,True,False,,SH_MAIN,21.351282054242933,957,False
600246,1293,1293,1293,True,True,,SH_MAIN,23.50687343794666,1240,False
600248,1296,1296,1296,True,True,,SH_MAIN,23.49896848951632,1243,False
600249,1292,1291,1291,True,True,,SH_MAIN,21.77792623808534,1239,False
600250,1277,1275,1269,True,True,,SH_MAIN,21.453114749014556,1224,False
600251,1296,1296,1296,True,True,,SH_MAIN,22.644557361307644,1243,False
600252,1296,1296,1296,True,True,,SH_MAIN,22.929182181593468,1243,False
600255,1242,1241,1241,True,True,,SH_MAIN,22.2027969284411,1239,False
600256,1296,1296,1296,True,True,,SH_MAIN,24.536654774670478,1243,False
600257,1296,1296,1296,True,True,,SH_MAIN,21.725294713089315,1243,False
600258,1296,1296,1296,True,True,,SH_MAIN,23.687725699638943,1243,False
600259,1296,1296,1296,True,True,,SH_MAIN,23.29876110457075,1243,False
600261,1296,1296,1296,True,True,,SH_MAIN,22.287599603330573,1243,False
600262,1296,1296,1296,True,True,,SH_MAIN,21.874470575733692,1243,False
600265,216,216,216,False,False,VALID_1D_ROWS_BELOW_750,SH_MAIN,21.44088198995959,216,False
600266,1296,1296,1296,True,True,,SH_MAIN,23.050950574275337,1243,False
600267,1296,1296,1296,True,True,,SH_MAIN,23.28139158730381,1243,False
600268,1296,1296,1296,True,True,,SH_MAIN,22.544730939991716,1243,False
600269,1296,1296,1296,True,True,,SH_MAIN,22.970168904059726,1243,False
600271,1296,1296,1296,True,True,,SH_MAIN,23.697082803708977,1243,False
600272,1296,1296,1296,True,True,,SH_MAIN,21.65804068019772,1243,False
600273,1296,1296,1296,True,True,,SH_MAIN,23.225598333633823,1243,False
600276,1296,1296,1296,True,True,,SH_MAIN,26.412714557159923,1243,False
600278,1296,1296,1296,True,True,,SH_MAIN,22.591408409849254,1243,False
600279,1296,1296,1296,True,True,,SH_MAIN,22.339145564250614,1243,False
600280,1204,1204,1204,True,True,,SH_MAIN,22.03320585446832,1204,False
600281,1296,1296,1296,True,True,,SH_MAIN,21.606078176221143,1243,False
600282,1288,1287,1286,True,True,,SH_MAIN,23.917958974816045,1235,False
600283,1292,1291,1291,True,True,,SH_MAIN,22.264453575955063,1239,False
600284,1296,1296,1296,True,True,,SH_MAIN,22.57406111512337,1243,False
600285,1296,1296,1296,True,True,,SH_MAIN,22.972405600828495,1243,False
600287,1046,1046,1046,True,True,,SH_MAIN,21.56794651700301,993,False
600288,1296,1296,1296,True,True,,SH_MAIN,22.381557911502032,1243,False
600289,0,0,0,False,False,QFQ_OR_TURNOVER_UNAVAILABLE,SH_MAIN,,0,False
600292,1284,1283,1280,True,True,,SH_MAIN,22.414592884065733,1231,False
600293,1296,1296,1296,True,True,,SH_MAIN,22.00321298539415,1243,False
600295,1296,1296,1296,True,True,,SH_MAIN,24.12068716980799,1243,False
600298,1296,1296,1296,True,True,,SH_MAIN,24.25251450485747,1243,False
600299,1296,1296,1296,True,True,,SH_MAIN,23.99624752123055,1243,False
600300,1062,1062,1062,True,True,,SH_MAIN,22.397848810410565,1009,False
600301,953,953,953,True,False,,SH_MAIN,23.115425758736592,953,False
600302,1283,1282,1279,True,True,,SH_MAIN,21.304850356401015,1230,False
600303,575,575,575,False,False,VALID_1D_ROWS_BELOW_750,SH_MAIN,21.676590342456223,522,False
600305,1296,1296,1296,True,True,,SH_MAIN,23.08989770082869,1243,False
600307,1296,1296,1296,True,True,,SH_MAIN,23.07677600141267,1243,False
600308,1296,1296,1296,True,True,,SH_MAIN,22.474916020818075,1243,False
600309,1296,1296,1296,True,True,,SH_MAIN,26.32175523750759,1243,False
600310,1296,1296,1296,True,True,,SH_MAIN,22.445856518865234,1243,False
600312,1296,1296,1296,True,True,,SH_MAIN,23.492337467761683,1243,False
600313,1296,1296,1296,True,True,,SH_MAIN,22.70883575138247,1243,False
600315,1296,1296,1296,True,True,,SH_MAIN,23.61226569339376,1243,False
600316,1296,1296,1296,True,True,,SH_MAIN,23.781556384489665,1243,False
600318,1284,1283,1280,True,True,,SH_MAIN,22.054028968979363,1231,False
600319,957,956,953,True,False,,SH_MAIN,21.441584852500107,957,False
600320,1296,1296,1296,True,True,,SH_MAIN,23.690610180083368,1243,False
600322,1284,1283,1280,True,True,,SH_MAIN,21.593852677208705,1231,False
600323,1292,1291,1291,True,True,,SH_MAIN,23.566500033233986,1239,False
600325,1296,1296,1296,True,True,,SH_MAIN,23.465533095709187,1243,False
600326,1296,1296,1296,True,True,,SH_MAIN,22.52689852825341,1243,False
600327,1296,1296,1296,True,True,,SH_MAIN,22.179827744679624,1243,False
600328,1296,1296,1296,True,True,,SH_MAIN,23.262417142140215,1243,False
600329,1293,1293,1293,True,True,,SH_MAIN,23.916761704240457,1240,False
600330,1296,1296,1296,True,True,,SH_MAIN,23.153358173756168,1243,False
600331,1293,1293,1293,True,True,,SH_MAIN,22.980911575034817,1240,False
600332,1296,1296,1296,True,True,,SH_MAIN,24.586506432995467,1243,False
600333,1296,1296,1296,True,True,,SH_MAIN,21.850720026244474,1243,False
600335,1296,1296,1296,True,True,,SH_MAIN,23.03100761239412,1243,False
600336,1296,1296,1296,True,True,,SH_MAIN,22.332129197144983,1243,False
600337,1278,1277,1274,True,True,,SH_MAIN,22.13744970802315,1225,False
600338,1296,1296,1296,True,True,,SH_MAIN,23.363382738976505,1243,False
600339,1296,1296,1296,True,True,,SH_MAIN,23.621673513560822,1243,False
600340,1271,1269,1263,True,True,,SH_MAIN,22.975645510030198,1230,False
600343,1296,1296,1296,True,True,,SH_MAIN,22.600473838095475,1243,False
600345,1284,1283,1280,True,True,,SH_MAIN,22.1506781487872,1231,False
600346,1296,1296,1296,True,True,,SH_MAIN,25.472027462463465,1243,False
600348,1296,1296,1296,True,True,,SH_MAIN,24.096909579682702,1243,False
600350,1296,1296,1296,True,True,,SH_MAIN,24.243311625413593,1243,False
600351,1296,1296,1296,True,True,,SH_MAIN,22.275095852630255,1243,False
600352,1296,1296,1296,True,True,,SH_MAIN,24.21548091968156,1243,False
600353,1296,1296,1296,True,True,,SH_MAIN,22.59885161621932,1243,False
600354,1204,1204,1204,True,True,,SH_MAIN,21.92239744850866,1204,False
600355,0,0,0,False,False,QFQ_OR_TURNOVER_UNAVAILABLE,SH_MAIN,,0,False
600356,1285,1284,1281,True,True,,SH_MAIN,21.55497610973037,1232,False
600358,934,933,930,True,False,,SH_MAIN,21.59913969677553,934,False
600359,1296,1296,1296,True,True,,SH_MAIN,21.77589047809419,1243,False
600360,806,806,806,True,False,,SH_MAIN,22.652657058069273,753,False
600361,1281,1280,1277,True,True,,SH_MAIN,23.527891762941927,1228,False
600362,1296,1296,1296,True,True,,SH_MAIN,25.034770271793054,1243,False
600363,1296,1296,1296,True,True,,SH_MAIN,23.394240666337186,1243,False
600365,0,0,0,False,False,QFQ_OR_TURNOVER_UNAVAILABLE,SH_MAIN,,0,False
600366,1296,1296,1296,True,True,,SH_MAIN,23.001093765511836,1243,False
600367,1296,1296,1296,True,True,,SH_MAIN,22.254599750629108,1243,False
600368,1296,1296,1296,True,True,,SH_MAIN,22.290175240060556,1243,False
600369,1296,1296,1296,True,True,,SH_MAIN,24.059348944006373,1243,False
600370,1289,1289,1289,True,True,,SH_MAIN,23.054141930560316,1236,False
600371,1296,1296,1296,True,True,,SH_MAIN,21.881168097181412,1243,False
600372,1272,1270,1264,True,True,,SH_MAIN,24.754400004981093,1219,False
600373,1291,1290,1289,True,True,,SH_MAIN,23.433158116626956,1238,False
600375,1028,1027,1024,True,True,,SH_MAIN,22.46012073509578,975,False
600376,1296,1296,1296,True,True,,SH_MAIN,23.18381372288093,1243,False
600377,1296,1296,1296,True,True,,SH_MAIN,24.65769860001374,1243,False
600378,1284,1283,1280,True,True,,SH_MAIN,24.24252147728836,1231,False
600379,1296,1296,1296,True,True,,SH_MAIN,21.958940862287626,1243,False
600380,1296,1296,1296,True,True,,SH_MAIN,23.832297966185585,1243,False
600381,806,806,806,True,False,,SH_MAIN,22.322435621454463,753,False
600382,789,789,789,True,False,,SH_MAIN,21.991263779344507,736,False
600383,1296,1296,1296,True,True,,SH_MAIN,24.083746884803244,1243,False
600386,1296,1296,1296,True,True,,SH_MAIN,21.936006491092087,1243,False
600388,997,996,993,True,False,,SH_MAIN,23.386983067295596,944,False
600389,1284,1283,1280,True,True,,SH_MAIN,23.054523054733693,1231,False
600390,1296,1296,1296,True,True,,SH_MAIN,23.909601617463743,1243,False
600391,1296,1296,1296,True,True,,SH_MAIN,22.630039741403046,1243,False
600392,1296,1296,1296,True,True,,SH_MAIN,23.993878151070007,1243,False
600395,1296,1296,1296,True,True,,SH_MAIN,23.277368345615695,1243,False
600396,1024,1024,1024,True,True,,SH_MAIN,22.150644628253705,971,False
600397,1296,1296,1296,True,True,,SH_MAIN,21.86057742987704,1243,False
600398,1296,1296,1296,True,True,,SH_MAIN,24.14228753134205,1243,False
600399,1221,1221,1221,True,True,,SH_MAIN,23.61611868106773,1221,False
600400,1296,1296,1296,True,True,,SH_MAIN,22.65102882582339,1243,False
600403,1059,1059,1059,True,True,,SH_MAIN,23.01559485012312,1006,False
600405,1296,1296,1296,True,True,,SH_MAIN,21.909702982022253,1243,False
600406,1296,1296,1296,True,True,,SH_MAIN,25.93784729881692,1243,False
600408,971,971,971,True,False,,SH_MAIN,21.617934078577893,971,False
600409,1296,1296,1296,True,True,,SH_MAIN,23.259643072960834,1243,False
600410,1296,1296,1296,True,True,,SH_MAIN,22.751244089947065,1243,False
600415,1296,1296,1296,True,True,,SH_MAIN,24.493289315112154,1243,False
600416,1234,1234,1234,True,True,,SH_MAIN,23.687364629433205,1234,False
600418,1296,1296,1296,True,True,,SH_MAIN,24.293751299108575,1243,False
600419,1296,1296,1296,True,True,,SH_MAIN,21.97121576075397,1243,False
600420,1296,1296,1296,True,True,,SH_MAIN,23.323387325741784,1243,False
600421,0,0,0,False,False,QFQ_OR_TURNOVER_UNAVAILABLE,SH_MAIN,,0,False
600422,1292,1291,1291,True,True,,SH_MAIN,23.121057263372023,1239,False
600423,1194,1194,1194,True,True,,SH_MAIN,21.745522030034728,1194,False
600425,1296,1296,1296,True,True,,SH_MAIN,22.515290581682475,1243,False
600426,1296,1296,1296,True,True,,SH_MAIN,24.85582479799435,1243,False
600428,1296,1296,1296,True,True,,SH_MAIN,23.335629496458083,1243,False
600429,1296,1296,1296,True,True,,SH_MAIN,22.712962599292048,1243,False
600433,1289,1288,1288,True,True,,SH_MAIN,22.564723723991573,1239,False
600435,1296,1296,1296,True,True,,SH_MAIN,23.465858248196565,1243,False
600436,1296,1296,1296,True,True,,SH_MAIN,25.752093864461365,1243,False
600438,1284,1283,1280,True,True,,SH_MAIN,25.660383264164604,1231,False
600439,1296,1296,1296,True,True,,SH_MAIN,21.86968988215642,1243,False
600444,1296,1296,1296,True,True,,SH_MAIN,21.42522122259996,1243,False
600446,1277,1275,1269,True,True,,SH_MAIN,23.27079433973931,1224,False
600448,1296,1296,1296,True,True,,SH_MAIN,21.436517415382863,1243,False
600449,1281,1280,1277,True,True,,SH_MAIN,22.569497520134657,1228,False
600452,1296,1296,1296,True,True,,SH_MAIN,23.387106301072926,1243,False
600455,1293,1293,1293,True,True,,SH_MAIN,21.054815732268683,1240,False
600456,1296,1296,1296,True,True,,SH_MAIN,23.514832545460756,1243,False
600458,1296,1296,1296,True,True,,SH_MAIN,22.908755554259745,1243,False
600459,1288,1287,1284,True,True,,SH_MAIN,23.163249407108186,1235,False
600460,1293,1293,1293,True,True,,SH_MAIN,24.56794699561125,1240,False
600461,1279,1277,1271,True,True,,SH_MAIN,22.974734083807103,1233,False
600463,1288,1287,1284,True,True,,SH_MAIN,21.67800775519482,1235,False
600467,1296,1296,1296,True,True,,SH_MAIN,22.014665781484467,1243,False
600468,1296,1296,1296,True,True,,SH_MAIN,22.386342389594624,1243,False
600469,1296,1296,1296,True,True,,SH_MAIN,22.129300442710843,1243,False
600470,1228,1227,1227,True,True,,SH_MAIN,21.855802788134255,1228,False
600475,1296,1296,1296,True,True,,SH_MAIN,22.923912999357203,1243,False
600476,1288,1288,1288,True,True,,SH_MAIN,21.590624526586918,1235,False
600477,1296,1296,1296,True,True,,SH_MAIN,22.796096958687965,1243,False
600478,1296,1296,1296,True,True,,SH_MAIN,23.027737668844686,1243,False
600479,1285,1284,1281,True,True,,SH_MAIN,22.227072187283646,1232,False
600480,1296,1296,1296,True,True,,SH_MAIN,22.83907422218216,1243,False
600481,1296,1296,1296,True,True,,SH_MAIN,23.426496226929714,1243,False
600482,1284,1283,1280,True,True,,SH_MAIN,24.452734890484955,1231,False
600483,1296,1296,1296,True,True,,SH_MAIN,23.957332026372686,1243,False
600486,1296,1296,1296,True,True,,SH_MAIN,24.077230639776047,1243,False
600487,1296,1296,1296,True,True,,SH_MAIN,24.332695568241117,1243,False
600488,1293,1293,1293,True,True,,SH_MAIN,22.28621437271218,1240,False
600489,1296,1296,1296,True,True,,SH_MAIN,24.684010338817274,1243,False
600490,1296,1296,1296,True,True,,SH_MAIN,22.836649481931115,1243,False
600491,1283,1282,1279,True,True,,SH_MAIN,22.633382553263694,1230,False
600493,1296,1296,1296,True,True,,SH_MAIN,21.165281429651976,1243,False
600495,1296,1296,1296,True,True,,SH_MAIN,22.278481595989764,1243,False
600496,1296,1296,1296,True,True,,SH_MAIN,22.77866631422712,1243,False
600497,1296,1296,1296,True,True,,SH_MAIN,24.0278939423976,1243,False
600498,1296,1296,1296,True,True,,SH_MAIN,23.77683514505966,1243,False
600499,1284,1283,1280,True,True,,SH_MAIN,23.881835780743547,1231,False
600500,1285,1284,1281,True,True,,SH_MAIN,23.557046696014257,1232,False
600501,1296,1296,1296,True,True,,SH_MAIN,22.500727197658918,1243,False
600502,1296,1296,1296,True,True,,SH_MAIN,22.832188860208724,1243,False
600503,1296,1296,1296,True,True,,SH_MAIN,22.220741288763385,1243,False
600505,1296,1296,1296,True,True,,SH_MAIN,21.886698685100537,1243,False
600506,1046,1046,1046,True,True,,SH_MAIN,21.59321744523591,993,False
600507,1296,1296,1296,True,True,,SH_MAIN,23.305861254454285,1243,False
600508,1296,1296,1296,True,True,,SH_MAIN,22.98854679673391,1243,False
600509,1296,1296,1296,True,True,,SH_MAIN,22.81108974211701,1243,False
600510,1296,1296,1296,True,True,,SH_MAIN,22.67586066768539,1243,False
600511,1296,1296,1296,True,True,,SH_MAIN,23.847754732829856,1243,False
600512,1296,1296,1296,True,True,,SH_MAIN,22.1557578187448,1243,False
600513,1296,1296,1296,True,True,,SH_MAIN,21.74452852932942,1243,False
600515,893,893,893,True,False,,SH_MAIN,24.507170020302535,863,False
600516,1296,1296,1296,True,True,,SH_MAIN,23.89561317483321,1243,False
600517,1296,1296,1296,True,True,,SH_MAIN,24.15336008717957,1243,False
600518,445,445,445,False,False,VALID_1D_ROWS_BELOW_750,SH_MAIN,24.040686412498818,445,False
600519,1296,1296,1296,True,True,,SH_MAIN,,0,False
600520,1289,1288,1285,True,True,,SH_MAIN,21.663359403009636,1236,False
600521,1296,1296,1296,True,True,,SH_MAIN,24.02840435757411,1243,False
600522,1296,1296,1296,True,True,,SH_MAIN,24.67016254829138,1243,False
600523,1296,1296,1296,True,True,,SH_MAIN,22.482142296849748,1243,False
600525,1047,1047,1047,True,True,,SH_MAIN,22.64064254335326,994,False
600526,1282,1281,1278,True,True,,SH_MAIN,22.16454303253485,1229,False
600527,1296,1296,1296,True,True,,SH_MAIN,22.037872432352703,1243,False
600528,1296,1296,1296,True,True,,SH_MAIN,23.6133357638962,1243,False
600529,1296,1296,1296,True,True,,SH_MAIN,23.554973920543386,1243,False
600530,926,925,922,True,False,,SH_MAIN,21.848520056560943,926,False
600531,1296,1296,1296,True,True,,SH_MAIN,22.632601195112265,1243,False
600533,1296,1296,1296,True,True,,SH_MAIN,21.863979301633155,1243,False
600535,1292,1291,1291,True,True,,SH_MAIN,23.79261186925312,1239,False
600536,1296,1296,1296,True,True,,SH_MAIN,24.22906847266654,1243,False
600537,1288,1288,1288,True,True,,SH_MAIN,22.334125643238142,1235,False
600538,1296,1296,1296,True,True,,SH_MAIN,21.708580101595324,1243,False
600539,1180,1178,1172,True,True,,SH_MAIN,21.193769341233796,1180,False
600540,1292,1291,1291,True,True,,SH_MAIN,21.722068988501654,1239,False
600543,997,997,997,True,False,,SH_MAIN,21.374909190695828,944,False
600545,1296,1296,1296,True,True,,SH_MAIN,22.34811847182459,1243,False
600546,1296,1296,1296,True,True,,SH_MAIN,23.971782218329718,1243,False
600547,1296,1296,1296,True,True,,SH_MAIN,25.40404787513693,1243,False
600548,1296,1296,1296,True,True,,SH_MAIN,23.788382946039807,1243,False
600549,1296,1296,1296,True,True,,SH_MAIN,24.129193944392366,1243,False
600550,1296,1296,1296,True,True,,SH_MAIN,22.978666815654194,1243,False
600551,1296,1296,1296,True,True,,SH_MAIN,22.411498693087033,1243,False
600552,1296,1296,1296,True,True,,SH_MAIN,23.05044449371346,1243,False
600556,1296,1296,1296,True,True,,SH_MAIN,23.19633811359058,1243,False
600557,1296,1296,1296,True,True,,SH_MAIN,22.855091680836516,1243,False
600558,1296,1296,1296,True,True,,SH_MAIN,21.928964143133403,1243,False
600559,1296,1296,1296,True,True,,SH_MAIN,23.699883213027647,1243,False
600560,1296,1296,1296,True,True,,SH_MAIN,21.785896055989117,1243,False
600561,1296,1296,1296,True,True,,SH_MAIN,21.178156762391815,1243,False
600562,1296,1296,1296,True,True,,SH_MAIN,23.708078477281042,1243,False
600563,1296,1296,1296,True,True,,SH_MAIN,24.04590690570279,1243,False
600566,1293,1293,1293,True,True,,SH_MAIN,23.938301934455204,1240,False
600567,1296,1296,1296,True,True,,SH_MAIN,23.082625096054368,1243,False
600568,0,0,0,False,False,QFQ_OR_TURNOVER_UNAVAILABLE,SH_MAIN,,0,False
600569,1296,1296,1296,True,True,,SH_MAIN,22.566878559878866,1243,False
600570,1296,1296,1296,True,True,,SH_MAIN,24.85277292087521,1243,False
600571,1296,1296,1296,True,True,,SH_MAIN,22.34203781807028,1243,False
600572,1296,1296,1296,True,True,,SH_MAIN,23.184847592896514,1243,False
600573,1296,1296,1296,True,True,,SH_MAIN,21.687393898234728,1243,False
600575,1272,1270,1264,True,True,,SH_MAIN,23.117450251500962,1219,False
600576,1281,1280,1277,True,True,,SH_MAIN,22.602077375235154,1228,False
600577,1296,1296,1296,True,True,,SH_MAIN,23.106241337250545,1243,False
600578,1296,1296,1296,True,True,,SH_MAIN,23.833399519378773,1243,False
600579,1284,1283,1280,True,True,,SH_MAIN,22.00667939780195,1231,False
600580,1296,1296,1296,True,True,,SH_MAIN,23.608841468534177,1243,False
600581,1268,1268,1268,True,True,,SH_MAIN,22.566978732870066,1215,False
600582,1296,1296,1296,True,True,,SH_MAIN,23.853808534873224,1243,False
600583,1296,1296,1296,True,True,,SH_MAIN,23.910817102866663,1243,False
600584,1289,1288,1285,True,True,,SH_MAIN,24.768172501239857,1236,False
600585,1296,1296,1296,True,True,,SH_MAIN,25.62951951214237,1243,False
600586,1296,1296,1296,True,True,,SH_MAIN,22.980693645365676,1243,False
600587,1296,1296,1296,True,True,,SH_MAIN,23.02444179224612,1243,False
600588,1296,1296,1296,True,True,,SH_MAIN,24.815941750744937,1243,False
600589,539,539,539,False,False,VALID_1D_ROWS_BELOW_750,SH_MAIN,23.08557064489921,486,False
600590,1284,1283,1280,True,True,,SH_MAIN,22.463235384979463,1231,False
600592,1296,1296,1296,True,True,,SH_MAIN,22.093329864483554,1243,False
600593,1083,1081,1075,True,True,,SH_MAIN,21.686606281295816,1030,False
600594,1296,1296,1296,True,True,,SH_MAIN,22.146301777243337,1243,False
600595,961,961,961,True,False,,SH_MAIN,23.328041097487095,961,False
600596,1296,1296,1296,True,True,,SH_MAIN,23.35327216264686,1243,False
600597,1296,1296,1296,True,True,,SH_MAIN,23.335888114551246,1243,False
600598,1296,1296,1296,True,True,,SH_MAIN,23.963717629238033,1243,False
600599,0,0,0,False,False,QFQ_OR_TURNOVER_UNAVAILABLE,SH_MAIN,,0,False
600600,1296,1296,1296,True,True,,SH_MAIN,25.445622328654096,1243,False
600601,779,779,779,True,False,,SH_MAIN,23.531276159895533,726,False
600602,1296,1296,1296,True,True,,SH_MAIN,23.46735523292986,1243,False
600603,1017,1017,1017,True,True,,SH_MAIN,22.80383921735405,964,False
600604,1296,1296,1296,True,True,,SH_MAIN,22.988023062353516,1243,False
600605,1289,1288,1285,True,True,,SH_MAIN,22.108481746699812,1236,False
600606,1296,1296,1296,True,True,,SH_MAIN,24.329362741309286,1243,False
600608,0,0,0,False,False,QFQ_OR_TURNOVER_UNAVAILABLE,SH_MAIN,,0,False
600609,1296,1296,1296,True,True,,SH_MAIN,22.586495881962986,1243,False
600610,1176,1176,1176,True,True,,SH_MAIN,23.30577105918123,1176,False
600611,1296,1296,1296,True,True,,SH_MAIN,22.810385199362383,1243,False
600612,1296,1296,1296,True,True,,SH_MAIN,23.982327630458883,1243,False
600613,1296,1296,1296,True,True,,SH_MAIN,21.94763999234473,1243,False
600615,974,974,974,True,False,,SH_MAIN,21.405339807260823,921,False
600616,1296,1296,1296,True,True,,SH_MAIN,22.141000855085565,1243,False
600617,1296,1296,1296,True,True,,SH_MAIN,22.474205993365892,1243,False
600618,1296,1296,1296,True,True,,SH_MAIN,23.181112971199614,1243,False
600619,1296,1296,1296,True,True,,SH_MAIN,22.752604057828673,1243,False
600620,1296,1296,1296,True,True,,SH_MAIN,22.366269785882672,1243,False
600621,1296,1296,1296,True,True,,SH_MAIN,23.386552844686193,1243,False
600622,1296,1296,1296,True,True,,SH_MAIN,22.213710459393713,1243,False
600623,1296,1296,1296,True,True,,SH_MAIN,23.44578092398295,1243,False
600624,1147,1147,1147,True,True,,SH_MAIN,22.171474285814394,1094,False
600626,1296,1296,1296,True,True,,SH_MAIN,22.194442636166624,1243,False
600628,1296,1296,1296,True,True,,SH_MAIN,22.290494667349016,1243,False
600629,1296,1296,1296,True,True,,SH_MAIN,22.391226934773282,1243,False
600630,1296,1296,1296,True,True,,SH_MAIN,21.83298679608572,1243,False
600633,1296,1296,1296,True,True,,SH_MAIN,23.289115541008126,1243,False
600635,1296,1296,1296,True,True,,SH_MAIN,23.058658948968862,1243,False
600636,0,0,0,False,False,QFQ_OR_TURNOVER_UNAVAILABLE,SH_MAIN,,0,False
600637,1296,1296,1296,True,True,,SH_MAIN,23.996405827831346,1243,False
600638,1296,1296,1296,True,True,,SH_MAIN,22.036223152174088,1243,False
600639,1296,1296,1296,True,True,,SH_MAIN,23.27498805148543,1243,False
600640,1296,1296,1296,True,True,,SH_MAIN,22.956877348574594,1243,False
600641,1293,1293,1293,True,True,,SH_MAIN,23.52907023429897,1240,False
600642,1296,1296,1296,True,True,,SH_MAIN,24.249370597879008,1243,False
600643,1296,1296,1296,True,True,,SH_MAIN,22.911758665142422,1243,False
600644,1296,1296,1296,True,True,,SH_MAIN,22.03852932992065,1243,False
600645,1296,1296,1296,True,True,,SH_MAIN,22.959601912070422,1243,False
600648,1296,1296,1296,True,True,,SH_MAIN,23.363052057296265,1243,False
600649,1296,1296,1296,True,True,,SH_MAIN,23.095880661264015,1243,False
600650,1296,1296,1296,True,True,,SH_MAIN,22.46726904901718,1243,False
600651,1224,1224,1224,True,True,,SH_MAIN,22.909311434258264,1224,False
600653,1296,1296,1296,True,True,,SH_MAIN,22.041562422906733,1243,False
600654,451,451,451,False,False,VALID_1D_ROWS_BELOW_750,SH_MAIN,22.977168515392677,451,False
600655,1296,1296,1296,True,True,,SH_MAIN,23.979578355188217,1243,False
600657,1296,1296,1296,True,True,,SH_MAIN,23.155035001121103,1243,False
600658,1296,1296,1296,True,True,,SH_MAIN,22.339407767648357,1243,False
600660,1296,1296,1296,True,True,,SH_MAIN,25.520429214947626,1243,False
600661,1296,1296,1296,True,True,,SH_MAIN,21.804592065742586,1243,False
600662,1293,1293,1293,True,True,,SH_MAIN,23.231574552699968,1240,False
600663,1284,1283,1280,True,True,,SH_MAIN,24.492907257564532,1231,False
600664,1296,1296,1296,True,True,,SH_MAIN,22.831723229433226,1243,False
600665,1296,1296,1296,True,True,,SH_MAIN,21.771147591900107,1243,False
600666,412,412,412,False,False,VALID_1D_ROWS_BELOW_750,SH_MAIN,22.9193031965502,412,False
600667,1296,1296,1296,True,True,,SH_MAIN,23.42824133357237,1243,False
600668,1296,1296,1296,True,True,,SH_MAIN,22.16436779441656,1243,False
600671,235,235,235,False,False,VALID_1D_ROWS_BELOW_750,SH_MAIN,21.525164898934385,235,False
600673,1285,1284,1281,True,True,,SH_MAIN,23.98982287430722,1232,False
600674,1296,1296,1296,True,True,,SH_MAIN,24.917944396963673,1243,False
600675,1296,1296,1296,True,True,,SH_MAIN,23.607874384948516,1243,False
600676,1296,1296,1296,True,True,,SH_MAIN,22.198279389493656,1243,False
600678,1289,1289,1289,True,True,,SH_MAIN,21.468129337803965,1236,False
600679,1296,1296,1296,True,True,,SH_MAIN,22.431426552731907,1243,False
600681,1296,1296,1296,True,True,,SH_MAIN,22.489248647000736,1243,False
600682,1296,1296,1296,True,True,,SH_MAIN,23.102439717763733,1243,False
600683,1296,1296,1296,True,True,,SH_MAIN,21.94709102328074,1243,False
600684,1296,1296,1296,True,True,,SH_MAIN,21.834570625257474,1243,False
600685,1296,1296,1296,True,True,,SH_MAIN,24.266378377550517,1243,False
600686,1296,1296,1296,True,True,,SH_MAIN,22.412200092134682,1243,False
600688,1296,1296,1296,True,True,,SH_MAIN,24.23318558834699,1243,False
600689,1296,1296,1296,True,True,,SH_MAIN,21.322641515498972,1243,False
600690,1296,1296,1296,True,True,,SH_MAIN,26.207865758395577,1243,False
600691,1296,1296,1296,True,True,,SH_MAIN,22.742408230347554,1243,False
600692,1296,1296,1296,True,True,,SH_MAIN,21.504632132047295,1243,False
600693,1296,1296,1296,True,True,,SH_MAIN,22.026029018317093,1243,False
600694,1296,1296,1296,True,True,,SH_MAIN,22.464436367400076,1243,False
600696,0,0,0,False,False,QFQ_OR_TURNOVER_UNAVAILABLE,SH_MAIN,,0,False
600697,1296,1296,1296,True,True,,SH_MAIN,21.421834926357786,1243,False
600698,1192,1192,1192,True,True,,SH_MAIN,22.37696046385801,1192,False
600699,1296,1296,1296,True,True,,SH_MAIN,23.915483988941972,1243,False
600702,1204,1204,1204,True,True,,SH_MAIN,24.32279658821145,1204,False
600703,1296,1296,1296,True,True,,SH_MAIN,25.091780041815824,1243,False
600704,1296,1296,1296,True,True,,SH_MAIN,23.99054934530478,1243,False
600706,1296,1296,1296,True,True,,SH_MAIN,21.698814332771082,1243,False
600707,1293,1293,1293,True,True,,SH_MAIN,23.849424209107482,1240,False
600708,1296,1296,1296,True,True,,SH_MAIN,22.41254716682599,1243,False
600710,1296,1296,1296,True,True,,SH_MAIN,23.00837468038332,1243,False
600711,1042,1042,1042,True,True,,SH_MAIN,23.73813430436738,989,False
600712,1296,1296,1296,True,True,,SH_MAIN,21.533941192599656,1243,False
600713,1296,1296,1296,True,True,,SH_MAIN,22.59589633600216,1243,False
600714,1296,1296,1296,True,True,,SH_MAIN,21.77161766703681,1243,False
600715,1049,1049,1049,True,True,,SH_MAIN,22.31939767693943,996,False
600716,1296,1296,1296,True,True,,SH_MAIN,22.025830191133934,1243,False
600717,1296,1296,1296,True,True,,SH_MAIN,23.2583778811897,1243,False
600718,1284,1283,1280,True,True,,SH_MAIN,23.22811107452284,1231,False
600719,1049,1047,1041,True,True,,SH_MAIN,21.68944084787548,996,False
600720,1284,1283,1280,True,True,,SH_MAIN,23.117629315006344,1231,False
600721,958,956,950,True,False,,SH_MAIN,21.69680492640947,958,False
600722,1296,1296,1296,True,True,,SH_MAIN,22.005780177989294,1243,False
600724,1296,1296,1296,True,True,,SH_MAIN,22.490258856856357,1243,False
600725,1183,1182,1179,True,True,,SH_MAIN,22.12012954521014,1183,False
600726,1018,1017,1014,True,True,,SH_MAIN,23.588563995566826,965,False
600727,1296,1296,1296,True,True,,SH_MAIN,22.089889711772614,1243,False
600728,1296,1296,1296,True,True,,SH_MAIN,23.210184292898788,1243,False
600729,1280,1278,1275,True,True,,SH_MAIN,23.146039923987463,1227,False
600730,1280,1279,1276,True,True,,SH_MAIN,21.969973391763677,1227,False
600731,1296,1296,1296,True,True,,SH_MAIN,22.020664180292734,1243,False
600732,1296,1296,1296,True,True,,SH_MAIN,24.129129952257642,1243,False
600733,1296,1296,1296,True,True,,SH_MAIN,24.427793174397834,1243,False
600734,455,455,455,False,False,VALID_1D_ROWS_BELOW_750,SH_MAIN,22.875527597813168,455,False
600735,1152,1152,1152,True,True,,SH_MAIN,21.673197381927302,1099,False
600736,1296,1296,1296,True,True,,SH_MAIN,22.47358932719738,1243,False
600737,1296,1296,1296,True,True,,SH_MAIN,23.710316689455336,1243,False
600738,1296,1296,1296,True,True,,SH_MAIN,22.169318556135202,1243,False
600739,1296,1296,1296,True,True,,SH_MAIN,23.686791308333433,1243,False
600740,1296,1296,1296,True,True,,SH_MAIN,23.279521312251365,1243,False
600741,1296,1296,1296,True,True,,SH_MAIN,24.78605489105103,1243,False
600742,1296,1296,1296,True,True,,SH_MAIN,22.615019769221625,1243,False
600743,1296,1296,1296,True,True,,SH_MAIN,22.228345770587953,1243,False
600744,1296,1296,1296,True,True,,SH_MAIN,22.86931795394406,1243,False
600745,1286,1285,1285,True,True,,SH_MAIN,24.77707670919284,1233,False
600746,1296,1296,1296,True,True,,SH_MAIN,22.956614954959104,1243,False
600748,1293,1293,1293,True,True,,SH_MAIN,22.657264011447303,1240,False
600749,1284,1283,1280,True,True,,SH_MAIN,21.704587247947906,1242,False
600750,1296,1296,1296,True,True,,SH_MAIN,23.288529868522854,1243,False
600751,1296,1296,1296,True,True,,SH_MAIN,22.784696832064807,1243,False
600753,1046,1046,1046,True,True,,SH_MAIN,21.69727155469001,993,False
600754,1296,1296,1296,True,True,,SH_MAIN,24.314380679332572,1243,False
600755,1296,1296,1296,True,True,,SH_MAIN,23.43843867371827,1243,False
600756,1296,1296,1296,True,True,,SH_MAIN,22.258215982058964,1243,False
600757,1296,1296,1296,True,True,,SH_MAIN,22.971022143523047,1243,False
600758,1274,1272,1266,True,True,,SH_MAIN,22.353091919103456,1221,False
600759,760,760,760,True,False,,SH_MAIN,22.948137000450206,707,False
600760,1296,1296,1296,True,True,,SH_MAIN,25.512584846005126,1243,False
600761,1296,1296,1296,True,True,,SH_MAIN,23.375788518431534,1243,False
600763,1296,1296,1296,True,True,,SH_MAIN,24.070187122192063,1243,False
600764,1296,1296,1296,True,True,,SH_MAIN,23.66069134216964,1243,False
600765,1296,1296,1296,True,True,,SH_MAIN,24.142467452558513,1243,False
600768,1296,1296,1296,True,True,,SH_MAIN,20.991801492988547,1243,False
600769,1296,1296,1296,True,True,,SH_MAIN,21.85863129688884,1243,False
600770,1296,1296,1296,True,True,,SH_MAIN,22.699428029172246,1243,False
600771,1296,1296,1296,True,True,,SH_MAIN,23.271315669845187,1243,False
600773,1296,1296,1296,True,True,,SH_MAIN,23.179167470220033,1243,False
600774,1291,1290,1289,True,True,,SH_MAIN,21.83084858530318,1238,False
600775,1296,1296,1296,True,True,,SH_MAIN,22.92569920683824,1243,False
600776,1296,1296,1296,True,True,,SH_MAIN,23.36442956902894,1243,False
600777,805,805,805,True,False,,SH_MAIN,23.552544072388063,752,False
600778,1296,1296,1296,True,True,,SH_MAIN,21.39584320407894,1243,False
600779,1296,1296,1296,True,True,,SH_MAIN,24.089512776672876,1243,False
600780,1296,1296,1296,True,True,,SH_MAIN,22.650073272997723,1243,False
600782,1296,1296,1296,True,True,,SH_MAIN,23.288983253196804,1243,False
600783,1296,1296,1296,True,True,,SH_MAIN,22.97356566987549,1243,False
600784,1296,1296,1296,True,True,,SH_MAIN,22.15412420522726,1243,False
600785,1296,1296,1296,True,True,,SH_MAIN,21.827426111572933,1243,False
600787,1296,1296,1296,True,True,,SH_MAIN,23.223682082934513,1243,False
600789,1296,1296,1296,True,True,,SH_MAIN,22.568384665598597,1243,False
600790,1296,1296,1296,True,True,,SH_MAIN,22.427416656307443,1243,False
600791,1296,1296,1296,True,True,,SH_MAIN,21.401313592793272,1243,False
600792,1296,1296,1296,True,True,,SH_MAIN,22.111855207516296,1243,False
600793,1296,1296,1296,True,True,,SH_MAIN,21.542903960452485,1243,False
600794,1296,1296,1296,True,True,,SH_MAIN,22.199371031137783,1243,False
600795,1296,1296,1296,True,True,,SH_MAIN,25.037164100723306,1243,False
600796,1281,1280,1279,True,True,,SH_MAIN,22.277520431782378,1240,False
600797,1296,1296,1296,True,True,,SH_MAIN,22.65252840702606,1243,False
600798,1296,1296,1296,True,True,,SH_MAIN,22.240741799544615,1243,False
600800,1284,1283,1280,True,True,,SH_MAIN,22.228849560189776,1231,False
600801,1296,1296,1296,True,True,,SH_MAIN,24.205712267578225,1243,False
600802,1296,1296,1296,True,True,,SH_MAIN,21.6476700453725,1243,False
600803,1279,1277,1272,True,True,,SH_MAIN,24.77149875731944,1226,False
600805,1296,1296,1296,True,True,,SH_MAIN,22.065876096779498,1243,False
600807,1296,1296,1296,True,True,,SH_MAIN,21.77934038078267,1243,False
600808,1296,1296,1296,True,True,,SH_MAIN,23.911596508211076,1243,False
600809,1296,1296,1296,True,True,,SH_MAIN,26.390991036155615,1243,False
600810,1296,1296,1296,True,True,,SH_MAIN,22.87791836143749,1243,False
600812,1296,1296,1296,True,True,,SH_MAIN,23.068109394604885,1243,False
600814,1296,1296,1296,True,True,,SH_MAIN,22.38450059270901,1243,False
600815,1225,1225,1225,True,True,,SH_MAIN,22.30815688926773,1225,False
600816,604,604,604,False,False,VALID_1D_ROWS_BELOW_750,SH_MAIN,24.076605413284234,604,False
600817,1220,1220,1220,True,True,,SH_MAIN,22.525492729165222,1220,False
600818,1288,1288,1288,True,True,,SH_MAIN,22.11086958010137,1235,False
600819,1296,1296,1296,True,True,,SH_MAIN,22.319893415166543,1243,False
600820,1296,1296,1296,True,True,,SH_MAIN,23.65553920270017,1243,False
600821,1204,1204,1204,True,True,,SH_MAIN,23.1694474897497,1204,False
600822,1296,1296,1296,True,True,,SH_MAIN,22.256338126567865,1243,False
600824,1296,1296,1296,True,True,,SH_MAIN,22.0949695841204,1243,False
600825,1296,1296,1296,True,True,,SH_MAIN,22.280102408083014,1243,False
600826,1296,1296,1296,True,True,,SH_MAIN,22.315802282762622,1243,False
600827,1296,1296,1296,True,True,,SH_MAIN,23.65834396257292,1243,False
600828,1296,1296,1296,True,True,,SH_MAIN,22.569995717081948,1243,False
600829,1296,1296,1296,True,True,,SH_MAIN,22.09820604077358,1243,False
600830,1296,1296,1296,True,True,,SH_MAIN,21.809192775852747,1243,False
600831,969,969,969,True,False,,SH_MAIN,22.11664574613212,916,False
600833,1296,1296,1296,True,True,,SH_MAIN,21.661932172044008,1243,False
600834,1296,1296,1296,True,True,,SH_MAIN,22.122716368248106,1243,False
600835,1296,1296,1296,True,True,,SH_MAIN,23.452466438640524,1243,False
600838,1296,1296,1296,True,True,,SH_MAIN,21.746479404750666,1243,False
600839,1296,1296,1296,True,True,,SH_MAIN,23.75914442597954,1243,False
600841,1288,1288,1288,True,True,,SH_MAIN,22.919721803456994,1240,False
600843,1293,1293,1293,True,True,,SH_MAIN,22.16356189230552,1240,False
600844,1288,1286,1286,True,True,,SH_MAIN,21.88705749011811,1239,False
600845,1293,1293,1293,True,True,,SH_MAIN,25.152984951729145,1240,False
600846,1292,1291,1291,True,True,,SH_MAIN,22.4276322819668,1239,False
600847,1281,1280,1277,True,True,,SH_MAIN,21.2770428926107,1228,False
600848,1296,1296,1296,True,True,,SH_MAIN,24.12168255171663,1243,False
600850,1275,1273,1268,True,True,,SH_MAIN,23.430035771954284,1233,False
600851,1296,1296,1296,True,True,,SH_MAIN,22.8356993995784,1243,False
600853,1296,1296,1296,True,True,,SH_MAIN,22.051782099322494,1243,False
600854,1296,1296,1296,True,True,,SH_MAIN,21.655489857448167,1243,False
600855,1296,1296,1296,True,True,,SH_MAIN,22.458954831948834,1243,False
600857,1296,1296,1296,True,True,,SH_MAIN,21.542108833751517,1243,False
600858,1296,1296,1296,True,True,,SH_MAIN,21.77603204027536,1243,False
600859,1273,1271,1265,True,True,,SH_MAIN,23.74059151463568,1232,False
600860,1227,1227,1227,True,True,,SH_MAIN,22.620866454170063,1227,False
600861,1281,1280,1277,True,True,,SH_MAIN,23.027868404329723,1228,False
600862,1296,1296,1296,True,True,,SH_MAIN,24.235311494361284,1243,False
600863,1286,1285,1282,True,True,,SH_MAIN,23.985490429123672,1233,False
600864,1296,1296,1296,True,True,,SH_MAIN,23.206845456218772,1243,False
600865,1290,1290,1290,True,True,,SH_MAIN,21.95181282810335,1240,False
600866,1281,1280,1277,True,True,,SH_MAIN,22.916442333376043,1228,False
600867,1296,1296,1296,True,True,,SH_MAIN,23.698463132030305,1243,False
600868,1296,1296,1296,True,True,,SH_MAIN,22.39376428581001,1243,False
600869,1296,1296,1296,True,True,,SH_MAIN,23.174892712540903,1243,False
600871,1296,1296,1296,True,True,,SH_MAIN,24.36501498954755,1243,False
600872,1296,1296,1296,True,True,,SH_MAIN,23.839831232400737,1243,False
600873,1296,1296,1296,True,True,,SH_MAIN,24.07908119828522,1243,False
600874,1296,1296,1296,True,True,,SH_MAIN,22.959678198111696,1243,False
600875,1296,1296,1296,True,True,,SH_MAIN,24.711335292957628,1243,False
600876,1296,1296,1296,True,True,,SH_MAIN,22.923434518677695,1243,False
600877,1205,1205,1205,True,True,,SH_MAIN,23.486813670954945,1205,False
600879,1296,1296,1296,True,True,,SH_MAIN,23.88268873619631,1243,False
600880,1296,1296,1296,True,True,,SH_MAIN,22.427915819419503,1243,False
600881,1296,1296,1296,True,True,,SH_MAIN,22.667054338928025,1243,False
600882,1281,1280,1277,True,True,,SH_MAIN,23.32361342658644,1228,False
600883,1296,1296,1296,True,True,,SH_MAIN,21.341501781283956,1243,False
600884,1296,1296,1296,True,True,,SH_MAIN,24.17151146815572,1243,False
600885,1296,1296,1296,True,True,,SH_MAIN,24.308908125570365,1243,False
600886,1296,1296,1296,True,True,,SH_MAIN,25.272066707596352,1243,False
600887,1296,1296,1296,True,True,,SH_MAIN,25.93685137568279,1243,False
600888,1288,1287,1284,True,True,,SH_MAIN,23.104904188714837,1235,False
600889,1273,1272,1269,True,True,,SH_MAIN,21.440961769740753,1220,False
600892,989,988,988,True,False,,SH_MAIN,21.601105099217985,989,False
600893,1296,1296,1296,True,True,,SH_MAIN,25.42358635596292,1243,False
600894,1296,1296,1296,True,True,,SH_MAIN,22.59127623711702,1243,False
600895,1296,1296,1296,True,True,,SH_MAIN,24.05824298343564,1243,False
600897,1296,1296,1296,True,True,,SH_MAIN,22.409534282000774,1243,False
600900,1281,1280,1277,True,True,,SH_MAIN,27.042785487915907,1228,False
600901,1296,1296,1296,True,True,,SH_MAIN,23.71009774391457,1243,False
600903,1288,1287,1284,True,True,,SH_MAIN,22.914487355506335,1235,False
600905,989,989,989,True,False,,SH_MAIN,25.618574678992424,989,False
600906,1013,1013,1013,True,True,,SH_MAIN,23.89508150032721,1013,False
600908,1296,1296,1296,True,True,,SH_MAIN,23.167530935894153,1243,False
600909,1288,1287,1284,True,True,,SH_MAIN,23.88176682727244,1235,False
600916,1069,1069,1069,True,True,,SH_MAIN,23.597237173474795,1069,False
600917,1296,1296,1296,True,True,,SH_MAIN,23.095054067319985,1243,False
600918,1237,1237,1237,True,True,,SH_MAIN,24.610524328174208,1237,False
600919,1296,1296,1296,True,True,,SH_MAIN,25.50784196260102,1243,False
600925,552,552,552,False,False,VALID_1D_ROWS_BELOW_750,SH_MAIN,24.272563887958682,552,False
600926,1296,1296,1296,True,True,,SH_MAIN,25.142395576217584,1243,False
600927,857,857,857,True,False,,SH_MAIN,23.805369468211715,857,False
600928,1296,1296,1296,True,True,,SH_MAIN,23.512383861262403,1243,False
600929,1287,1286,1284,True,True,,SH_MAIN,22.982944323101314,1240,False
600930,0,0,0,False,False,QFQ_OR_TURNOVER_UNAVAILABLE,SH_MAIN,,0,False
600933,1286,1285,1282,True,True,,SH_MAIN,23.55486705116052,1233,False
600935,876,876,876,True,False,,SH_MAIN,23.00597188232855,876,False
600936,1296,1296,1296,True,True,,SH_MAIN,22.483736082796074,1243,False
600938,780,780,780,True,False,,SH_MAIN,27.853243858082354,780,False
600939,1296,1296,1296,True,True,,SH_MAIN,22.59277271602622,1243,False
600941,849,849,849,True,False,,SH_MAIN,28.410111364113817,849,False
600955,921,921,921,True,False,,SH_MAIN,22.950965732748667,921,False
600956,1221,1221,1221,True,True,,SH_MAIN,24.331852096565147,1221,False
600958,1276,1274,1268,True,True,,SH_MAIN,25.13093089923439,1223,False
600959,1296,1296,1296,True,True,,SH_MAIN,23.5053294135146,1243,False
600960,1284,1283,1280,True,True,,SH_MAIN,22.010144235042233,1231,False
600961,1281,1280,1277,True,True,,SH_MAIN,22.864258692670774,1228,False
600962,1284,1283,1280,True,True,,SH_MAIN,21.855294945382227,1231,False
600963,1296,1296,1296,True,True,,SH_MAIN,23.034655999485647,1243,False
600965,1290,1290,1290,True,True,,SH_MAIN,22.3149889100575,1237,False
600966,1296,1296,1296,True,True,,SH_MAIN,22.888452040497597,1243,False
600967,1296,1296,1296,True,True,,SH_MAIN,23.515025239829598,1243,False
600968,1296,1296,1296,True,True,,SH_MAIN,24.208497471878527,1243,False
600969,1296,1296,1296,True,True,,SH_MAIN,21.70877120393588,1243,False
600970,1278,1277,1274,True,True,,SH_MAIN,23.93232337847565,1225,False
600971,1296,1296,1296,True,True,,SH_MAIN,22.978763392398324,1243,False
600973,1296,1296,1296,True,True,,SH_MAIN,22.628308546282184,1243,False
600975,1282,1281,1278,True,True,,SH_MAIN,22.76096348579872,1229,False
600976,1296,1296,1296,True,True,,SH_MAIN,22.69571475346868,1243,False
600977,1296,1296,1296,True,True,,SH_MAIN,23.842455682147165,1243,False
600979,1296,1296,1296,True,True,,SH_MAIN,22.173384137404227,1243,False
600980,1281,1280,1277,True,True,,SH_MAIN,21.801223028131922,1228,False
600981,1296,1296,1296,True,True,,SH_MAIN,22.57463141187628,1243,False
600982,1296,1296,1296,True,True,,SH_MAIN,22.304649803582812,1243,False
600983,1290,1290,1290,True,True,,SH_MAIN,22.59497612039516,1237,False
600984,1296,1296,1296,True,True,,SH_MAIN,22.45165175668273,1243,False
600985,1296,1296,1296,True,True,,SH_MAIN,24.26885472005219,1243,False
600986,1296,1296,1296,True,True,,SH_MAIN,22.792824881958428,1243,False
600987,1296,1296,1296,True,True,,SH_MAIN,22.715170341884463,1243,False
600988,1292,1291,1291,True,True,,SH_MAIN,24.111635376811726,1239,False
600989,1296,1296,1296,True,True,,SH_MAIN,25.46104562383955,1243,False
600990,1296,1296,1296,True,True,,SH_MAIN,22.5880763847331,1243,False
600992,1296,1296,1296,True,True,,SH_MAIN,21.975295479481154,1243,False
600993,1296,1296,1296,True,True,,SH_MAIN,23.109777440027468,1243,False
600995,1281,1280,1277,True,True,,SH_MAIN,24.172639136365703,1228,False
600996,1296,1296,1296,True,True,,SH_MAIN,23.080698169756733,1243,False
600997,1296,1296,1296,True,True,,SH_MAIN,23.127230378187182,1243,False
600998,1296,1296,1296,True,True,,SH_MAIN,23.99957154640884,1243,False
600999,1296,1296,1296,True,True,,SH_MAIN,25.618607122747704,1243,False
601000,1296,1296,1296,True,True,,SH_MAIN,23.805515991969145,1243,False
601001,1296,1296,1296,True,True,,SH_MAIN,23.80478921826429,1243,False
601002,1296,1296,1296,True,True,,SH_MAIN,22.264789583024783,1243,False
601003,1286,1285,1282,True,True,,SH_MAIN,23.060608286350778,1233,False
601005,1296,1296,1296,True,True,,SH_MAIN,23.34213750274687,1243,False
601006,1296,1296,1296,True,True,,SH_MAIN,25.413688995541058,1243,False
601007,1296,1296,1296,True,True,,SH_MAIN,21.80980554438025,1243,False
601008,1296,1296,1296,True,True,,SH_MAIN,22.364406679483743,1243,False
601009,1296,1296,1296,True,True,,SH_MAIN,25.373154359576834,1243,False
601010,1289,1289,1288,True,True,,SH_MAIN,22.33247001411685,1236,False
601011,1296,1296,1296,True,True,,SH_MAIN,22.64027802062418,1243,False
601012,1296,1296,1296,True,True,,SH_MAIN,25.997010205698174,1243,False
601015,1288,1287,1284,True,True,,SH_MAIN,22.94595122260555,1235,False
601016,1288,1287,1284,True,True,,SH_MAIN,23.770343752253805,1235,False
601018,1296,1296,1296,True,True,,SH_MAIN,24.95828610967603,1243,False
601019,1296,1296,1296,True,True,,SH_MAIN,23.62111848750236,1243,False
601020,1029,1028,1025,True,True,,SH_MAIN,22.90095738661213,976,False
601021,1296,1296,1296,True,True,,SH_MAIN,24.690380065150077,1243,False
601022,625,625,625,False,False,VALID_1D_ROWS_BELOW_750,SH_MAIN,23.20818645936846,625,False
601026,0,0,0,False,False,QFQ_OR_TURNOVER_UNAVAILABLE,SH_MAIN,,0,False
601033,354,354,354,False,False,VALID_1D_ROWS_BELOW_750,SH_MAIN,23.35227283070817,354,False
601038,1296,1296,1296,True,True,,SH_MAIN,23.414743635286083,1243,False
601058,1296,1296,1296,True,True,,SH_MAIN,24.376515733290013,1243,False
601059,570,569,566,False,False,VALID_1D_ROWS_BELOW_750,SH_MAIN,24.685392809734395,570,False
601061,545,545,545,False,False,VALID_1D_ROWS_BELOW_750,SH_MAIN,24.400654524344848,545,False
601065,545,545,545,False,False,VALID_1D_ROWS_BELOW_750,SH_MAIN,22.43423129582249,545,False
601066,1296,1296,1296,True,True,,SH_MAIN,26.00064830790807,1243,False
601068,1296,1296,1296,True,True,,SH_MAIN,23.366284358403938,1243,False
601069,1281,1280,1277,True,True,,SH_MAIN,23.167489478917098,1228,False
601077,1296,1296,1296,True,True,,SH_MAIN,24.585800864789967,1243,False
601083,385,385,385,False,False,VALID_1D_ROWS_BELOW_750,SH_MAIN,23.41995947571527,385,False
601086,1296,1296,1296,True,True,,SH_MAIN,21.811948994536635,1243,False
601088,1284,1283,1280,True,True,,SH_MAIN,27.160165255133688,1231,False
601089,693,693,693,False,False,VALID_1D_ROWS_BELOW_750,SH_MAIN,22.780461769678926,693,False
601096,372,372,372,False,False,VALID_1D_ROWS_BELOW_750,SH_MAIN,23.17974524979716,372,False
601098,1296,1296,1296,True,True,,SH_MAIN,23.730084429537964,1243,False
601099,1296,1296,1296,True,True,,SH_MAIN,23.851545387019605,1243,False
601100,1296,1296,1296,True,True,,SH_MAIN,25.19538682909266,1243,False
601101,1296,1296,1296,True,True,,SH_MAIN,23.07028733909221,1243,False
601106,1296,1296,1296,True,True,,SH_MAIN,23.763791628582908,1243,False
601107,1284,1283,1280,True,True,,SH_MAIN,23.336195330959875,1231,False
601108,1288,1287,1284,True,True,,SH_MAIN,24.31547494798351,1235,False
601111,1296,1296,1296,True,True,,SH_MAIN,25.6038869421642,1243,False
601112,0,0,0,False,False,QFQ_OR_TURNOVER_UNAVAILABLE,SH_MAIN,,0,False
601113,936,936,936,True,False,,SH_MAIN,22.180752818795852,936,False
601116,1296,1296,1296,True,True,,SH_MAIN,22.45139907135494,1243,False
601117,1296,1296,1296,True,True,,SH_MAIN,24.6200195118302,1243,False
601118,1296,1296,1296,True,True,,SH_MAIN,23.751931612977266,1243,False
601121,559,558,556,False,False,VALID_1D_ROWS_BELOW_750,SH_MAIN,22.368842795996386,559,False
601126,1296,1296,1296,True,True,,SH_MAIN,23.314905414204173,1243,False
601127,1296,1296,1296,True,True,,SH_MAIN,25.39940630861337,1243,False
601128,1296,1296,1296,True,True,,SH_MAIN,23.758367681359882,1243,False
601133,540,539,538,False,False,VALID_1D_ROWS_BELOW_750,SH_MAIN,22.53429148354121,540,False
601136,615,615,615,False,False,VALID_1D_ROWS_BELOW_750,SH_MAIN,24.732984225246323,615,False
601137,1296,1296,1296,True,True,,SH_MAIN,23.313729917555175,1243,False
601138,1296,1296,1296,True,True,,SH_MAIN,26.598036606593645,1243,False
601139,1296,1296,1296,True,True,,SH_MAIN,23.71579293339977,1243,False
601155,1296,1296,1296,True,True,,SH_MAIN,24.246074629184257,1243,False
601156,990,990,990,True,False,,SH_MAIN,23.94325352672663,990,False
601158,1296,1296,1296,True,True,,SH_MAIN,23.950109831463788,1243,False
601162,1296,1296,1296,True,True,,SH_MAIN,24.201730784222995,1243,False
601163,1296,1296,1296,True,True,,SH_MAIN,23.159682277573978,1243,False
601166,1296,1296,1296,True,True,,SH_MAIN,26.675835556320212,1243,False
601168,1296,1296,1296,True,True,,SH_MAIN,24.269904077831555,1243,False
601169,1296,1296,1296,True,True,,SH_MAIN,25.343189892415847,1243,False
601177,1289,1288,1288,True,True,,SH_MAIN,22.008784268227465,1236,False
601179,1296,1296,1296,True,True,,SH_MAIN,24.058673614355804,1243,False
601186,1296,1296,1296,True,True,,SH_MAIN,25.413768617498807,1243,False
601187,1141,1141,1141,True,True,,SH_MAIN,23.441173564405485,1141,False
601188,1296,1296,1296,True,True,,SH_MAIN,22.212683138679957,1243,False
601198,1274,1273,1270,True,True,,SH_MAIN,24.104255769906338,1221,False
601199,1296,1296,1296,True,True,,SH_MAIN,22.38793751835252,1243,False
601200,1296,1296,1296,True,True,,SH_MAIN,23.112438178367782,1243,False
601208,1296,1296,1296,True,True,,SH_MAIN,23.131424218979223,1243,False
601211,1273,1271,1268,True,True,,SH_MAIN,25.67638556354553,1220,False
601212,1296,1296,1296,True,True,,SH_MAIN,23.772709827571546,1243,False
601216,1296,1296,1296,True,True,,SH_MAIN,24.40570111958967,1243,False
601218,1296,1296,1296,True,True,,SH_MAIN,22.081647436356423,1243,False
601222,1296,1296,1296,True,True,,SH_MAIN,23.381913744141603,1243,False
601225,1296,1296,1296,True,True,,SH_MAIN,25.98910727306875,1243,False
601226,1296,1296,1296,True,True,,SH_MAIN,22.69055412223193,1243,False
601228,1296,1296,1296,True,True,,SH_MAIN,23.90097001017893,1243,False
601229,1296,1296,1296,True,True,,SH_MAIN,25.356598788924916,1243,False
601231,1296,1296,1296,True,True,,SH_MAIN,24.23723313544604,1243,False
601233,1296,1296,1296,True,True,,SH_MAIN,24.283693359044705,1243,False
601236,1288,1287,1284,True,True,,SH_MAIN,24.385818429252954,1235,False
601238,1296,1296,1296,True,True,,SH_MAIN,25.38482316462012,1243,False
601279,1026,1026,1026,True,True,,SH_MAIN,22.7466923158532,1026,False
601288,1296,1296,1296,True,True,,SH_MAIN,27.867624541444044,1243,False
601298,1286,1284,1282,True,True,,SH_MAIN,24.495805371222687,1233,False
601311,1296,1296,1296,True,True,,SH_MAIN,23.09232767790663,1243,False
601318,1296,1296,1296,True,True,,SH_MAIN,27.53910761187901,1243,False
601319,1296,1296,1296,True,True,,SH_MAIN,26.24772236989258,1243,False
601326,1296,1296,1296,True,True,,SH_MAIN,23.578404773512503,1243,False
601328,1296,1296,1296,True,True,,SH_MAIN,26.788732920120104,1243,False
601330,1296,1296,1296,True,True,,SH_MAIN,23.02913165710509,1243,False
601333,1296,1296,1296,True,True,,SH_MAIN,23.742295698300886,1243,False
601336,1296,1296,1296,True,True,,SH_MAIN,25.52809846966286,1243,False
601339,1296,1296,1296,True,True,,SH_MAIN,22.838918760588818,1243,False
601360,1296,1296,1296,True,True,,SH_MAIN,25.036331457777443,1243,False
601366,1296,1296,1296,True,True,,SH_MAIN,22.277277898265655,1243,False
601368,1296,1296,1296,True,True,,SH_MAIN,22.23974184722314,1243,False
601369,1296,1296,1296,True,True,,SH_MAIN,23.453659420433723,1243,False
601375,1296,1296,1296,True,True,,SH_MAIN,23.657318593712237,1243,False
601377,1288,1287,1284,True,True,,SH_MAIN,24.714980232959718,1235,False
601388,1296,1296,1296,True,True,,SH_MAIN,22.637208374478362,1243,False
601390,1296,1296,1296,True,True,,SH_MAIN,25.696484840998842,1243,False
601398,1296,1296,1296,True,True,,SH_MAIN,28.22661491931783,1243,False
601399,1210,1210,1210,True,True,,SH_MAIN,23.86549879243456,1210,False
601456,1175,1174,1171,True,True,,SH_MAIN,24.237340307094406,1175,False
601500,1290,1289,1287,True,True,,SH_MAIN,22.596197417093524,1237,False
601512,1296,1296,1296,True,True,,SH_MAIN,23.287859461911875,1243,False
601515,1284,1282,1279,True,True,,SH_MAIN,22.810162214468754,1231,False
601518,1296,1296,1296,True,True,,SH_MAIN,22.252133344510632,1243,False
601519,1285,1284,1281,True,True,,SH_MAIN,23.46766488496446,1232,False
601528,979,979,979,True,False,,SH_MAIN,23.078140363675672,979,False
601555,1276,1274,1268,True,True,,SH_MAIN,24.323446428671687,1223,False
601566,1296,1296,1296,True,True,,SH_MAIN,22.455705067155787,1243,False
601567,1296,1296,1296,True,True,,SH_MAIN,23.939624795316085,1243,False
601568,1146,1146,1146,True,True,,SH_MAIN,23.677437996862242,1146,False
601577,1296,1296,1296,True,True,,SH_MAIN,24.214178339849315,1243,False
601579,1296,1296,1296,True,True,,SH_MAIN,22.453160966224964,1243,False
601588,1296,1296,1296,True,True,,SH_MAIN,22.63542863918463,1243,False
601595,1296,1296,1296,True,True,,SH_MAIN,23.002660089126145,1243,False
601598,1296,1296,1296,True,True,,SH_MAIN,24.305686650287946,1243,False
601599,1296,1296,1296,True,True,,SH_MAIN,22.12205510086985,1243,False
601600,1296,1296,1296,True,True,,SH_MAIN,25.401716029077527,1243,False
601601,1296,1296,1296,True,True,,SH_MAIN,26.33704968255147,1243,False
601606,1296,1296,1296,True,True,,SH_MAIN,22.90940329379112,1243,False
601607,1296,1296,1296,True,True,,SH_MAIN,24.923672103095026,1243,False
601608,1296,1296,1296,True,True,,SH_MAIN,23.594649372104527,1243,False
601609,1264,1264,1264,True,True,,SH_MAIN,23.06635393540063,1243,False
601611,1296,1296,1296,True,True,,SH_MAIN,23.901519630037974,1243,False
601615,1286,1285,1282,True,True,,SH_MAIN,24.27698713020217,1233,False
601616,1296,1296,1296,True,True,,SH_MAIN,21.892143342881734,1243,False
601618,1296,1296,1296,True,True,,SH_MAIN,24.95148809884037,1243,False
601619,1296,1296,1296,True,True,,SH_MAIN,22.97903695612276,1243,False
601628,1296,1296,1296,True,True,,SH_MAIN,27.585044590809257,1243,False
601633,1296,1296,1296,True,True,,SH_MAIN,26.1508973557088,1243,False
601636,1296,1296,1296,True,True,,SH_MAIN,23.810830619506028,1243,False
601658,1296,1296,1296,True,True,,SH_MAIN,26.927447305350828,1243,False
601665,984,984,984,True,False,,SH_MAIN,23.83830639085165,984,False
601666,1296,1296,1296,True,True,,SH_MAIN,23.862773082269307,1243,False
601668,1296,1296,1296,True,True,,SH_MAIN,26.138337087728754,1243,False
601669,1296,1296,1296,True,True,,SH_MAIN,25.297804399044878,1243,False
601677,1296,1296,1296,True,True,,SH_MAIN,23.497035603214048,1243,False
601678,1296,1296,1296,True,True,,SH_MAIN,22.994706009053402,1243,False
601686,1113,1113,1113,True,True,,SH_MAIN,22.914287578830837,1113,False
601688,1296,1296,1296,True,True,,SH_MAIN,25.68771433416995,1243,False
601689,1296,1296,1296,True,True,,SH_MAIN,25.03640685847096,1243,False
601696,1296,1296,1296,True,True,,SH_MAIN,24.197724832702328,1243,False
601698,1296,1296,1296,True,True,,SH_MAIN,24.96142077148803,1296,False
601699,1296,1296,1296,True,True,,SH_MAIN,24.525726395756895,1243,False
601700,1284,1283,1280,True,True,,SH_MAIN,22.437301387281085,1231,False
601702,1171,1171,1171,True,True,,SH_MAIN,23.503096019161323,1171,False
601717,1296,1296,1296,True,True,,SH_MAIN,23.882367244231858,1243,False
601718,1291,1291,1291,True,True,,SH_MAIN,23.274549774092236,1238,False
601727,1296,1296,1296,True,True,,SH_MAIN,24.990940622038238,1243,False
601728,939,939,939,True,False,,SH_MAIN,27.03144229398096,939,False
601766,1296,1296,1296,True,True,,SH_MAIN,25.915899734758224,1243,False
601777,1218,1218,1218,True,True,,SH_MAIN,23.8585426379383,1218,False
601778,1248,1248,1248,True,True,,SH_MAIN,23.385422811132063,1243,False
601788,1296,1296,1296,True,True,,SH_MAIN,25.029240797558685,1243,False
601789,1296,1296,1296,True,True,,SH_MAIN,22.339059006226943,1243,False
601798,1296,1296,1296,True,True,,SH_MAIN,21.657597826851546,1243,False
601799,1296,1296,1296,True,True,,SH_MAIN,24.38185855006739,1243,False
601800,1296,1296,1296,True,True,,SH_MAIN,25.685594308225483,1243,False
601801,1296,1296,1296,True,True,,SH_MAIN,23.279189006776292,1243,False
601808,1296,1296,1296,True,True,,SH_MAIN,24.981248467063896,1243,False
601811,1296,1296,1296,True,True,,SH_MAIN,23.54052218736941,1243,False
601816,1296,1296,1296,True,True,,SH_MAIN,26.252362591679628,1243,False
601818,1296,1296,1296,True,True,,SH_MAIN,25.94965470141179,1243,False
601825,940,940,940,True,False,,SH_MAIN,24.902886975772347,940,False
601827,1235,1235,1235,True,True,,SH_MAIN,23.343816667536792,1235,False
601828,1289,1288,1285,True,True,,SH_MAIN,23.653144084139804,1236,False
601838,1296,1296,1296,True,True,,SH_MAIN,24.71697969947283,1243,False
601857,1296,1296,1296,True,True,,SH_MAIN,27.96887859985573,1243,False
601858,1296,1296,1296,True,True,,SH_MAIN,23.428924179835033,1243,False
601860,1296,1296,1296,True,True,,SH_MAIN,23.043448868513153,1243,False
601865,1296,1296,1296,True,True,,SH_MAIN,24.872969647800534,1243,False
601866,1281,1280,1277,True,True,,SH_MAIN,24.262655282708536,1240,False
601868,914,914,914,True,False,,SH_MAIN,25.290802564616783,914,False
601869,1296,1296,1296,True,True,,SH_MAIN,23.921754982087858,1243,False
601872,1296,1296,1296,True,True,,SH_MAIN,24.673099669964383,1243,False
601877,1296,1296,1296,True,True,,SH_MAIN,24.811236236777535,1243,False
601878,1296,1296,1296,True,True,,SH_MAIN,24.509530579971187,1243,False
601880,1289,1288,1285,True,True,,SH_MAIN,24.37288015874315,1243,False
601881,1296,1296,1296,True,True,,SH_MAIN,25.51712690731534,1243,False
601882,1296,1296,1296,True,True,,SH_MAIN,23.172369127769134,1243,False
601886,1296,1296,1296,True,True,,SH_MAIN,22.816646618145,1243,False
601888,1296,1296,1296,True,True,,SH_MAIN,26.02682803476891,1243,False
601890,1296,1296,1296,True,True,,SH_MAIN,22.856570368516397,1243,False
601898,1296,1296,1296,True,True,,SH_MAIN,25.60448403789533,1243,False
601899,1296,1296,1296,True,True,,SH_MAIN,26.50506853752049,1243,False
601900,1296,1296,1296,True,True,,SH_MAIN,23.155670911225283,1243,False
601901,1296,1296,1296,True,True,,SH_MAIN,24.872527481438812,1243,False
601908,1296,1296,1296,True,True,,SH_MAIN,23.162945281783752,1243,False
601916,1288,1287,1284,True,True,,SH_MAIN,25.055012369273843,1235,False
601918,1296,1296,1296,True,True,,SH_MAIN,23.37441149640393,1243,False
601919,1296,1296,1296,True,True,,SH_MAIN,26.141671912963044,1243,False
601921,959,959,959,True,False,,SH_MAIN,23.60246429459445,959,False
601928,1296,1296,1296,True,True,,SH_MAIN,23.965924358117665,1243,False
601929,1296,1296,1296,True,True,,SH_MAIN,22.58025921970819,1243,False
601933,1296,1296,1296,True,True,,SH_MAIN,24.294884947255024,1243,False
601939,1296,1296,1296,True,True,,SH_MAIN,28.1438886513372,1243,False
601949,1296,1296,1296,True,True,,SH_MAIN,23.24054545103396,1243,False
601952,1296,1296,1296,True,True,,SH_MAIN,23.39812733568376,1243,False
601956,1098,1098,1098,True,True,,SH_MAIN,21.997917833121555,1098,False
601958,1296,1296,1296,True,True,,SH_MAIN,24.231682671571303,1243,False
601963,1069,1069,1069,True,True,,SH_MAIN,24.065522535560813,1069,False
601965,1296,1296,1296,True,True,,SH_MAIN,23.629384655951046,1243,False
601966,1296,1296,1296,True,True,,SH_MAIN,24.11679748856981,1243,False
601968,1296,1296,1296,True,True,,SH_MAIN,22.687802457107388,1243,False
601969,1286,1285,1282,True,True,,SH_MAIN,23.4249012977569,1233,False
601975,1296,1296,1296,True,True,,SH_MAIN,23.434220477996416,1243,False
601985,1296,1296,1296,True,True,,SH_MAIN,25.661670704089538,1243,False
601988,1296,1296,1296,True,True,,SH_MAIN,27.786929847670898,1243,False
601990,1296,1296,1296,True,True,,SH_MAIN,24.15732711275079,1243,False
601991,1296,1296,1296,True,True,,SH_MAIN,24.70610997019846,1243,False
601992,1296,1296,1296,True,True,,SH_MAIN,23.847551933101542,1243,False
601995,1115,1114,1111,True,True,,SH_MAIN,25.905484718650722,1115,False
601996,1296,1296,1296,True,True,,SH_MAIN,21.810872131918693,1243,False
601997,1296,1296,1296,True,True,,SH_MAIN,23.780989929151048,1243,False
601998,1296,1296,1296,True,True,,SH_MAIN,26.38085136255066,1243,False
601999,1296,1296,1296,True,True,,SH_MAIN,22.003497488983925,1243,False
603000,1296,1296,1296,True,True,,SH_MAIN,23.800795374774886,1243,False
603001,1001,1000,997,True,True,,SH_MAIN,21.816292957560307,948,False
603002,1296,1296,1296,True,True,,SH_MAIN,22.51301236949612,1243,False
603004,369,369,369,False,False,VALID_1D_ROWS_BELOW_750,SH_MAIN,22.401871538901744,369,False
603005,1296,1296,1296,True,True,,SH_MAIN,23.54817483340857,1243,False
603006,1293,1293,1293,True,True,,SH_MAIN,21.698051961253064,1240,False
603007,91,91,91,False,False,VALID_1D_ROWS_BELOW_750,SH_MAIN,21.259050645946814,38,False
603008,1287,1287,1287,True,True,,SH_MAIN,22.825379004768756,1234,False
603009,1296,1296,1296,True,True,,SH_MAIN,21.842841830253047,1243,False
603010,1286,1284,1282,True,True,,SH_MAIN,22.620605880642078,1238,False
603011,1296,1296,1296,True,True,,SH_MAIN,22.019012399693302,1243,False
603012,1296,1296,1296,True,True,,SH_MAIN,22.053298370408108,1243,False
603013,1296,1296,1296,True,True,,SH_MAIN,22.782517260929733,1243,False
603014,27,27,27,False,False,VALID_1D_ROWS_BELOW_750,SH_MAIN,23.46132137113059,27,False
603015,1296,1296,1296,True,True,,SH_MAIN,21.91548529551426,1243,False
603016,1296,1296,1296,True,True,,SH_MAIN,21.92420267739426,1243,False
603017,1296,1296,1296,True,True,,SH_MAIN,21.717126100818206,1243,False
603018,1296,1296,1296,True,True,,SH_MAIN,22.4497183877513,1243,False
603019,1284,1283,1280,True,True,,SH_MAIN,24.777408698270133,1231,False
603020,1296,1296,1296,True,True,,SH_MAIN,22.016510050916644,1243,False
603021,1029,1028,1025,True,True,,SH_MAIN,21.224605838832492,977,False
603022,1296,1296,1296,True,True,,SH_MAIN,21.38801354298466,1243,False
603023,1007,1005,999,True,True,,SH_MAIN,21.594073386050564,954,False
603025,1296,1296,1296,True,True,,SH_MAIN,23.537728975529273,1243,False
603026,1296,1296,1296,True,True,,SH_MAIN,23.40043154254728,1243,False
603027,1296,1296,1296,True,True,,SH_MAIN,23.440593178451024,1243,False
603028,1296,1296,1296,True,True,,SH_MAIN,21.6611834135728,1243,False
603029,1282,1280,1274,True,True,,SH_MAIN,21.476324443882902,1229,False
603030,1006,1006,1006,True,True,,SH_MAIN,21.585214027928878,953,False
603031,1287,1286,1283,True,True,,SH_MAIN,22.40801898709434,1234,False
603032,1046,1046,1046,True,True,,SH_MAIN,22.261483267009737,993,False
603033,1296,1296,1296,True,True,,SH_MAIN,23.33888668580616,1243,False
603035,1296,1296,1296,True,True,,SH_MAIN,22.462479188092342,1243,False
603036,1289,1288,1285,True,True,,SH_MAIN,21.548106187918812,1236,False
603037,1289,1288,1285,True,True,,SH_MAIN,21.53027424895424,1236,False
603038,1292,1291,1291,True,True,,SH_MAIN,21.56257038133307,1239,False
603039,1069,1069,1069,True,True,,SH_MAIN,23.425325082007294,1016,False
603040,1296,1296,1296,True,True,,SH_MAIN,21.803402027468174,1243,False
603041,1296,1296,1296,True,True,,SH_MAIN,21.469019668150885,1243,False
603042,1285,1283,1280,True,True,,SH_MAIN,21.439895366315564,1232,False
603043,1296,1296,1296,True,True,,SH_MAIN,23.203510545503597,1243,False
603045,1281,1280,1277,True,True,,SH_MAIN,21.467671918251874,1228,False
603048,884,884,884,True,False,,SH_MAIN,21.61422788461888,884,False
603049,25,25,25,False,False,VALID_1D_ROWS_BELOW_750,SH_MAIN,24.48483673425523,25,False
603050,1293,1293,1293,True,True,,SH_MAIN,22.03711067988459,1240,False
603051,797,797,797,True,False,,SH_MAIN,21.8300638111193,797,False
603052,667,667,667,False,False,VALID_1D_ROWS_BELOW_750,SH_MAIN,22.320253315392364,667,False
603053,1296,1296,1296,True,True,,SH_MAIN,22.89092298544832,1243,False
603055,1296,1296,1296,True,True,,SH_MAIN,22.954684472760988,1243,False
603057,673,673,673,False,False,VALID_1D_ROWS_BELOW_750,SH_MAIN,22.833729813118843,673,False
603058,1284,1283,1280,True,True,,SH_MAIN,21.961345042444936,1231,False
603059,1296,1296,1296,True,True,,SH_MAIN,21.53995720359781,1243,False
603060,1296,1296,1296,True,True,,SH_MAIN,22.74399185597135,1243,False
603061,570,570,570,False,False,VALID_1D_ROWS_BELOW_750,SH_MAIN,22.286178017468046,570,False
603062,405,405,405,False,False,VALID_1D_ROWS_BELOW_750,SH_MAIN,22.343952247151257,405,False
603063,1296,1296,1296,True,True,,SH_MAIN,23.269528331770992,1243,False
603065,558,558,558,False,False,VALID_1D_ROWS_BELOW_750,SH_MAIN,21.991603806160143,558,False
603066,1285,1284,1281,True,True,,SH_MAIN,21.855828494324186,1232,False
603067,1296,1296,1296,True,True,,SH_MAIN,22.580098585597085,1243,False
603068,1296,1296,1296,True,True,,SH_MAIN,22.32201783546885,1243,False
603069,1272,1269,1262,True,True,,SH_MAIN,22.507765685445207,1219,False
603070,808,808,808,True,False,,SH_MAIN,22.447814773948235,808,False
603071,862,862,862,True,False,,SH_MAIN,22.783121758233666,862,False
603072,123,123,123,False,False,VALID_1D_ROWS_BELOW_750,SH_MAIN,23.128282745138744,123,False
603073,561,561,561,False,False,VALID_1D_ROWS_BELOW_750,SH_MAIN,21.362104656053013,561,False
603075,440,440,440,False,False,VALID_1D_ROWS_BELOW_750,SH_MAIN,22.826820401727723,440,False
603076,1296,1296,1296,True,True,,SH_MAIN,22.031788694495003,1243,False
603077,1296,1296,1296,True,True,,SH_MAIN,23.768662917897906,1243,False
603078,1285,1283,1280,True,True,,SH_MAIN,22.55596486322355,1232,False
603079,1296,1296,1296,True,True,,SH_MAIN,21.600188920525966,1243,False
603080,1296,1296,1296,True,True,,SH_MAIN,21.498925749080772,1243,False
603081,1296,1296,1296,True,True,,SH_MAIN,22.30429227967576,1243,False
603082,339,338,335,False,False,VALID_1D_ROWS_BELOW_750,SH_MAIN,22.545774094279892,339,False
603083,1296,1296,1296,True,True,,SH_MAIN,22.954204922518926,1243,False
603085,1296,1296,1296,True,True,,SH_MAIN,22.10028178642485,1243,False
603086,1296,1296,1296,True,True,,SH_MAIN,21.701747263469244,1243,False
603087,1221,1221,1221,True,True,,SH_MAIN,24.050003821634938,1221,False
603088,1289,1288,1285,True,True,,SH_MAIN,22.00281852096389,1236,False
603089,1296,1296,1296,True,True,,SH_MAIN,21.440732467128868,1243,False
603090,1296,1296,1296,True,True,,SH_MAIN,21.519871725874587,1243,False
603091,192,192,192,False,False,VALID_1D_ROWS_BELOW_750,SH_MAIN,22.76476646929887,192,False
603092,0,0,0,False,False,QFQ_OR_TURNOVER_UNAVAILABLE,SH_MAIN,,0,False
603093,1296,1296,1296,True,True,,SH_MAIN,22.75160104396853,1243,False
603095,1269,1269,1269,True,True,,SH_MAIN,21.880939172743723,1243,False
603096,1296,1296,1296,True,True,,SH_MAIN,21.82721934838723,1243,False
603097,768,768,768,True,False,,SH_MAIN,22.017330902192597,768,False
603098,1296,1296,1296,True,True,,SH_MAIN,22.960967929858693,1243,False
603099,1296,1296,1296,True,True,,SH_MAIN,22.045567368012264,1243,False
603100,1296,1296,1296,True,True,,SH_MAIN,23.083013090460277,1243,False
603101,1296,1296,1296,True,True,,SH_MAIN,21.80007413693003,1243,False
603102,835,835,835,True,False,,SH_MAIN,21.700568880181578,835,False
603103,1296,1296,1296,True,True,,SH_MAIN,22.96990704884517,1243,False
603105,1296,1296,1296,True,True,,SH_MAIN,22.368089097052113,1243,False
603106,1296,1296,1296,True,True,,SH_MAIN,21.896499765818216,1243,False
603107,409,409,409,False,False,VALID_1D_ROWS_BELOW_750,SH_MAIN,22.39279230283209,409,False
603108,1296,1296,1296,True,True,,SH_MAIN,22.834673441980375,1243,False
603109,1265,1265,1265,True,True,,SH_MAIN,21.986720391794226,1243,False
603110,1296,1296,1296,True,True,,SH_MAIN,22.349956419466093,1243,False
603111,1296,1296,1296,True,True,,SH_MAIN,22.369016011410395,1243,False
603112,1163,1163,1163,True,True,,SH_MAIN,22.466735623425812,1163,False
603113,1296,1296,1296,True,True,,SH_MAIN,22.678138568300778,1243,False
603115,1296,1296,1296,True,True,,SH_MAIN,22.01739008309417,1243,False
603116,1296,1296,1296,True,True,,SH_MAIN,21.92463884954055,1243,False
603117,748,748,748,False,False,VALID_1D_ROWS_BELOW_750,SH_MAIN,21.781799305920043,695,False
603118,1289,1288,1285,True,True,,SH_MAIN,22.68634657939075,1236,False
603119,469,469,469,False,False,VALID_1D_ROWS_BELOW_750,SH_MAIN,23.458632348301247,469,False
603120,57,57,57,False,False,VALID_1D_ROWS_BELOW_750,SH_MAIN,22.005128140147054,57,False
603121,1284,1283,1280,True,True,,SH_MAIN,21.757593855405776,1231,False
603122,819,818,817,True,False,,SH_MAIN,21.85493565810653,819,False
603123,1296,1296,1296,True,True,,SH_MAIN,22.833594151812523,1243,False
603124,75,75,75,False,False,VALID_1D_ROWS_BELOW_750,SH_MAIN,23.432875828470813,75,False
603125,545,545,545,False,False,VALID_1D_ROWS_BELOW_750,SH_MAIN,22.48045803295536,545,False
603126,1296,1296,1296,True,True,,SH_MAIN,22.18847419205907,1243,False
603127,1296,1296,1296,True,True,,SH_MAIN,23.965024121124163,1243,False
603128,1296,1296,1296,True,True,,SH_MAIN,23.027588592145637,1243,False
603129,1296,1296,1296,True,True,,SH_MAIN,23.802329739138358,1243,False
603130,639,639,639,False,False,VALID_1D_ROWS_BELOW_750,SH_MAIN,21.854087134636536,639,False
603131,1296,1296,1296,True,True,,SH_MAIN,22.379074214094132,1243,False
603132,820,820,820,True,False,,SH_MAIN,23.244981640568408,820,False
603135,545,545,545,False,False,VALID_1D_ROWS_BELOW_750,SH_MAIN,22.551367192749332,545,False
603136,1296,1296,1296,True,True,,SH_MAIN,21.94919261043986,1243,False
603137,538,538,538,False,False,VALID_1D_ROWS_BELOW_750,SH_MAIN,21.5020103802295,538,False
603138,1296,1296,1296,True,True,,SH_MAIN,22.24941349655097,1243,False
603139,1292,1291,1291,True,True,,SH_MAIN,21.318150584086705,1239,False
603150,836,836,836,True,False,,SH_MAIN,21.60972984697372,836,False
603151,652,651,648,False,False,VALID_1D_ROWS_BELOW_750,SH_MAIN,21.63410148986874,652,False
603153,564,564,564,False,False,VALID_1D_ROWS_BELOW_750,SH_MAIN,22.711088991716426,564,False
603155,1175,1175,1175,True,True,,SH_MAIN,22.438476762349623,1175,False
603156,1296,1296,1296,True,True,,SH_MAIN,24.129673371757708,1243,False
603158,1296,1296,1296,True,True,,SH_MAIN,22.110790025758117,1243,False
603159,1296,1296,1296,True,True,,SH_MAIN,21.451104257296286,1243,False
603160,1284,1283,1280,True,True,,SH_MAIN,24.192511431248484,1231,False
603161,1275,1272,1263,True,True,,SH_MAIN,21.42570975812712,1222,False
603162,552,552,552,False,False,VALID_1D_ROWS_BELOW_750,SH_MAIN,22.86996688409164,552,False
603163,665,665,665,False,False,VALID_1D_ROWS_BELOW_750,SH_MAIN,21.7948494532266,665,False
603165,1296,1296,1296,True,True,,SH_MAIN,21.96800758176062,1243,False
603166,1296,1296,1296,True,True,,SH_MAIN,22.241078050266342,1243,False
603167,1296,1296,1296,True,True,,SH_MAIN,22.070555541967014,1243,False
603168,1296,1296,1296,True,True,,SH_MAIN,21.81176298614616,1243,False
603169,1296,1296,1296,True,True,,SH_MAIN,22.883570235122697,1243,False
603170,723,723,723,False,False,VALID_1D_ROWS_BELOW_750,SH_MAIN,22.472838457052664,723,False
603171,935,935,935,True,False,,SH_MAIN,23.444599454858867,935,False
603172,526,526,526,False,False,VALID_1D_ROWS_BELOW_750,SH_MAIN,21.488460911878178,526,False
603173,594,594,594,False,False,VALID_1D_ROWS_BELOW_750,SH_MAIN,22.112155848988813,594,False
603175,0,0,0,False,False,QFQ_OR_TURNOVER_UNAVAILABLE,SH_MAIN,,0,False
603176,788,788,788,True,False,,SH_MAIN,21.684072390800424,788,False
603177,1296,1296,1296,True,True,,SH_MAIN,21.66643878248393,1243,False
603178,1296,1296,1296,True,True,,SH_MAIN,22.027170431328244,1243,False
603179,1296,1296,1296,True,True,,SH_MAIN,23.76186754509122,1243,False
603180,1296,1296,1296,True,True,,SH_MAIN,22.086119299651404,1243,False
603181,1296,1296,1296,True,True,,SH_MAIN,22.74677108533972,1243,False
603182,676,675,672,False,False,VALID_1D_ROWS_BELOW_750,SH_MAIN,21.515471164897157,676,False
603183,1296,1296,1296,True,True,,SH_MAIN,21.563279907942036,1243,False
603185,1296,1296,1296,True,True,,SH_MAIN,23.880500089930198,1243,False
603186,1296,1296,1296,True,True,,SH_MAIN,22.20550305768654,1243,False
603187,1296,1296,1296,True,True,,SH_MAIN,22.590304958818866,1243,False
603188,1204,1204,1204,True,True,,SH_MAIN,21.565088119395025,1204,False
603189,1290,1290,1290,True,True,,SH_MAIN,22.149280786261233,1237,False
603190,580,580,580,False,False,VALID_1D_ROWS_BELOW_750,SH_MAIN,21.768899111881623,580,False
603191,775,775,775,True,False,,SH_MAIN,22.35412699719099,775,False
603192,1296,1296,1296,True,True,,SH_MAIN,21.726169646680294,1243,False
603193,420,420,420,False,False,VALID_1D_ROWS_BELOW_750,SH_MAIN,23.064689359109934,420,False
603194,130,130,130,False,False,VALID_1D_ROWS_BELOW_750,SH_MAIN,23.426586548497113,130,False
603195,1296,1296,1296,True,True,,SH_MAIN,25.227789701561118,1243,False
603196,1272,1270,1264,True,True,,SH_MAIN,21.55240013077918,1219,False
603197,1296,1296,1296,True,True,,SH_MAIN,22.877841756388857,1243,False
603198,1296,1296,1296,True,True,,SH_MAIN,24.525295388993005,1243,False
603199,1296,1296,1296,True,True,,SH_MAIN,21.91800348821856,1243,False
603200,1296,1296,1296,True,True,,SH_MAIN,21.944302778280345,1243,False
603201,713,713,713,False,False,VALID_1D_ROWS_BELOW_750,SH_MAIN,21.78552335987183,713,False
603202,51,51,51,False,False,VALID_1D_ROWS_BELOW_750,SH_MAIN,23.422638496854933,51,False
603203,1296,1296,1296,True,True,,SH_MAIN,22.567540462168004,1243,False
603205,163,163,163,False,False,VALID_1D_ROWS_BELOW_750,SH_MAIN,22.203269096503654,163,False
603206,772,772,772,True,False,,SH_MAIN,22.36171824262189,772,False
603207,209,209,209,False,False,VALID_1D_ROWS_BELOW_750,SH_MAIN,22.305622993444487,209,False
603208,1296,1296,1296,True,True,,SH_MAIN,22.400370030481273,1243,False
603209,798,798,798,True,False,,SH_MAIN,22.287622697939874,798,False
603210,62,62,62,False,False,VALID_1D_ROWS_BELOW_750,SH_MAIN,22.54456426867216,62,False
603211,717,717,717,False,False,VALID_1D_ROWS_BELOW_750,SH_MAIN,22.268998178310362,717,False
603212,1258,1258,1258,True,True,,SH_MAIN,22.71106410703429,1243,False
603213,876,875,872,True,False,,SH_MAIN,22.343554572188495,876,False
603214,1296,1296,1296,True,True,,SH_MAIN,21.653024372814222,1243,False
603215,822,822,822,True,False,,SH_MAIN,21.908930635660692,822,False
603216,852,851,848,True,False,,SH_MAIN,21.80630331951572,852,False
603217,1296,1296,1296,True,True,,SH_MAIN,22.308484418054892,1243,False
603218,1296,1296,1296,True,True,,SH_MAIN,23.471814972390558,1243,False
603219,880,880,880,True,False,,SH_MAIN,22.815599975017285,880,False
603220,1296,1296,1296,True,True,,SH_MAIN,22.79496478112736,1243,False
603221,1285,1285,1285,True,True,,SH_MAIN,21.537922434903553,1243,False
603222,1296,1296,1296,True,True,,SH_MAIN,22.304799890366834,1243,False
603223,1293,1293,1293,True,True,,SH_MAIN,22.71879935041919,1240,False
603225,1296,1296,1296,True,True,,SH_MAIN,23.680388465933476,1243,False
603226,1288,1287,1288,True,True,,SH_MAIN,21.36969730987932,1235,False
603227,1277,1275,1272,True,True,,SH_MAIN,22.800759978659826,1224,False
603228,1296,1296,1296,True,True,,SH_MAIN,23.823658305717505,1243,False
603229,1296,1296,1296,True,True,,SH_MAIN,22.85180786456947,1243,False
603230,856,856,856,True,False,,SH_MAIN,22.20678486452552,856,False
603231,377,377,377,False,False,VALID_1D_ROWS_BELOW_750,SH_MAIN,21.922623896593407,377,False
603232,1296,1296,1296,True,True,,SH_MAIN,21.94191239108378,1243,False
603233,1296,1296,1296,True,True,,SH_MAIN,24.026546597316866,1243,False
603235,726,726,726,False,False,VALID_1D_ROWS_BELOW_750,SH_MAIN,23.1902822648493,726,False
603236,1296,1296,1296,True,True,,SH_MAIN,23.783641240564393,1243,False
603237,690,690,690,False,False,VALID_1D_ROWS_BELOW_750,SH_MAIN,21.997195122045508,690,False
603238,1296,1296,1296,True,True,,SH_MAIN,21.545538321312204,1243,False
603239,1296,1296,1296,True,True,,SH_MAIN,22.13261400513352,1243,False
603248,0,0,0,False,False,QFQ_OR_TURNOVER_UNAVAILABLE,SH_MAIN,,0,False
603255,699,699,699,False,False,VALID_1D_ROWS_BELOW_750,SH_MAIN,22.190102337310048,699,False
603256,1296,1296,1296,True,True,,SH_MAIN,22.717845693937004,1243,False
603257,63,63,63,False,False,VALID_1D_ROWS_BELOW_750,SH_MAIN,22.66379007943958,63,False
603258,1296,1296,1296,True,True,,SH_MAIN,22.399229762272224,1243,False
603259,1296,1296,1296,True,True,,SH_MAIN,26.244258232409177,1243,False
603260,1296,1296,1296,True,True,,SH_MAIN,24.93912394615793,1243,False
603261,555,555,555,False,False,VALID_1D_ROWS_BELOW_750,SH_MAIN,21.6598902863026,555,False
603262,0,0,0,False,False,QFQ_OR_TURNOVER_UNAVAILABLE,SH_MAIN,,0,False
603266,1296,1296,1296,True,True,,SH_MAIN,21.849086149140284,1243,False
603267,1296,1296,1296,True,True,,SH_MAIN,23.343334898190946,1243,False
603268,1048,1047,1044,True,True,,SH_MAIN,21.479733582236054,995,False
603269,1296,1296,1296,True,True,,SH_MAIN,21.366654889915452,1243,False
603270,446,446,446,False,False,VALID_1D_ROWS_BELOW_750,SH_MAIN,22.414500578789415,446,False
603271,82,82,82,False,False,VALID_1D_ROWS_BELOW_750,SH_MAIN,22.944242600078947,82,False
603272,754,754,754,True,False,,SH_MAIN,21.283622093524393,754,False
603273,416,416,416,False,False,VALID_1D_ROWS_BELOW_750,SH_MAIN,22.103958715011714,416,False
603275,453,453,453,False,False,VALID_1D_ROWS_BELOW_750,SH_MAIN,22.54409972793826,453,False
603276,430,430,430,False,False,VALID_1D_ROWS_BELOW_750,SH_MAIN,21.946201250055964,430,False
603277,1296,1296,1296,True,True,,SH_MAIN,22.991783157554327,1243,False
603278,1296,1296,1296,True,True,,SH_MAIN,21.794797403282985,1243,False
603279,1296,1296,1296,True,True,,SH_MAIN,23.25282567445262,1243,False
603280,647,647,647,False,False,VALID_1D_ROWS_BELOW_750,SH_MAIN,21.68402684096166,647,False
603281,593,593,593,False,False,VALID_1D_ROWS_BELOW_750,SH_MAIN,22.961248408540513,593,False
603282,562,562,562,False,False,VALID_1D_ROWS_BELOW_750,SH_MAIN,21.597644483128647,562,False
603283,1296,1296,1296,True,True,,SH_MAIN,22.91380689575446,1243,False
603284,0,0,0,False,False,QFQ_OR_TURNOVER_UNAVAILABLE,SH_MAIN,,0,False
603285,245,245,245,False,False,VALID_1D_ROWS_BELOW_750,SH_MAIN,22.11752836771548,245,False
603286,1284,1283,1280,True,True,,SH_MAIN,21.3243053606089,1231,False
603288,1296,1296,1296,True,True,,SH_MAIN,26.24296421210131,1243,False
603289,1296,1296,1296,True,True,,SH_MAIN,21.760421161997737,1243,False
603290,1296,1296,1296,True,True,,SH_MAIN,24.14196254174035,1243,False
603291,554,554,554,False,False,VALID_1D_ROWS_BELOW_750,SH_MAIN,22.318710303535315,554,False
603293,0,0,0,False,False,QFQ_OR_TURNOVER_UNAVAILABLE,SH_MAIN,,0,False
603296,464,464,464,False,False,VALID_1D_ROWS_BELOW_750,SH_MAIN,25.119984651086355,464,False
603297,1296,1296,1296,True,True,,SH_MAIN,22.997886499662176,1243,False
603298,1296,1296,1296,True,True,,SH_MAIN,23.786940419710668,1243,False
603299,1296,1296,1296,True,True,,SH_MAIN,22.77951321411409,1243,False
603300,1292,1291,1291,True,True,,SH_MAIN,23.152816751752145,1239,False
603301,1296,1296,1296,True,True,,SH_MAIN,22.848782645423217,1243,False
603303,1296,1296,1296,True,True,,SH_MAIN,22.590035129645152,1243,False
603305,1285,1283,1280,True,True,,SH_MAIN,23.52330150573013,1232,False
603306,1284,1283,1280,True,True,,SH_MAIN,23.05813832752128,1231,False
603307,581,581,581,False,False,VALID_1D_ROWS_BELOW_750,SH_MAIN,21.649597984634283,581,False
603308,1296,1296,1296,True,True,,SH_MAIN,23.28741108114321,1243,False
603309,1296,1296,1296,True,True,,SH_MAIN,22.09377258415492,1243,False
603310,217,217,217,False,False,VALID_1D_ROWS_BELOW_750,SH_MAIN,22.52907461745659,217,False
603311,1294,1293,1290,True,True,,SH_MAIN,21.66117038347917,1241,False
603312,359,359,359,False,False,VALID_1D_ROWS_BELOW_750,SH_MAIN,22.585506136767666,359,False
603313,1296,1296,1296,True,True,,SH_MAIN,22.384440914141532,1243,False
603315,1281,1280,1277,True,True,,SH_MAIN,22.179297349534828,1228,False
603316,1296,1296,1296,True,True,,SH_MAIN,21.17752964252093,1243,False
603317,1296,1296,1296,True,True,,SH_MAIN,23.44237421880874,1243,False
603318,1281,1280,1277,True,True,,SH_MAIN,21.859434607651824,1228,False
603319,1296,1296,1296,True,True,,SH_MAIN,22.02240273598131,1243,False
603320,1296,1296,1296,True,True,,SH_MAIN,21.3042475422082,1243,False
603321,1296,1296,1296,True,True,,SH_MAIN,21.520597341722144,1243,False
603322,1247,1245,1242,True,True,,SH_MAIN,22.212279275315314,1206,False
603323,1296,1296,1296,True,True,,SH_MAIN,22.92019423752996,1243,False
603324,1032,1032,1032,True,True,,SH_MAIN,22.11806345078768,1032,False
603325,360,360,360,False,False,VALID_1D_ROWS_BELOW_750,SH_MAIN,22.53927999215104,360,False
603326,1296,1296,1296,True,True,,SH_MAIN,21.731975447894932,1243,False
603327,1296,1296,1296,True,True,,SH_MAIN,22.871738301451238,1243,False
603328,1296,1296,1296,True,True,,SH_MAIN,22.749855481247845,1243,False
603329,1286,1284,1282,True,True,,SH_MAIN,21.553574633156163,1233,False
603330,1290,1289,1287,True,True,,SH_MAIN,21.983512231587223,1237,False
603331,1296,1296,1296,True,True,,SH_MAIN,21.50290484968595,1243,False
603332,1296,1296,1296,True,True,,SH_MAIN,21.41964980345828,1243,False
603333,1296,1296,1296,True,True,,SH_MAIN,21.986401102230754,1243,False
603334,0,0,0,False,False,QFQ_OR_TURNOVER_UNAVAILABLE,SH_MAIN,,0,False
603335,1296,1296,1296,True,True,,SH_MAIN,21.597738144695846,1243,False
603336,1289,1288,1285,True,True,,SH_MAIN,21.80800492902238,1236,False
603337,1296,1296,1296,True,True,,SH_MAIN,23.1705495398006,1243,False
603338,1296,1296,1296,True,True,,SH_MAIN,24.027974175140475,1243,False
603339,1296,1296,1296,True,True,,SH_MAIN,22.058250490122997,1243,False
603341,329,329,329,False,False,VALID_1D_ROWS_BELOW_750,SH_MAIN,23.731439763896162,329,False
603344,316,316,316,False,False,VALID_1D_ROWS_BELOW_750,SH_MAIN,22.37562265298222,316,False
603345,1296,1296,1296,True,True,,SH_MAIN,24.22808924002698,1243,False
603348,1296,1296,1296,True,True,,SH_MAIN,22.842389023034393,1243,False
603350,247,247,247,False,False,VALID_1D_ROWS_BELOW_750,SH_MAIN,22.211835812806488,247,False
603351,1296,1296,1296,True,True,,SH_MAIN,21.94319883705106,1243,False
603352,0,0,0,False,False,QFQ_OR_TURNOVER_UNAVAILABLE,SH_MAIN,,0,False
603353,1275,1275,1275,True,True,,SH_MAIN,21.92128877788811,1243,False
603355,1296,1296,1296,True,True,,SH_MAIN,23.409831788110118,1243,False
603356,1282,1280,1274,True,True,,SH_MAIN,21.295424687879343,1229,False
603357,1296,1296,1296,True,True,,SH_MAIN,22.290410072873616,1243,False
603358,1289,1288,1285,True,True,,SH_MAIN,22.953158423235,1236,False
603359,1277,1276,1273,True,True,,SH_MAIN,22.133071938091273,1224,False
603360,1296,1296,1296,True,True,,SH_MAIN,22.186363671233693,1243,False
603363,1041,1041,1041,True,True,,SH_MAIN,23.000336523169587,988,False
603365,1296,1296,1296,True,True,,SH_MAIN,22.12018287710019,1243,False
603366,1296,1296,1296,True,True,,SH_MAIN,22.295729392163604,1243,False
603367,1296,1296,1296,True,True,,SH_MAIN,22.553176336844455,1243,False
603368,1296,1296,1296,True,True,,SH_MAIN,22.68622588486381,1243,False
603369,1296,1296,1296,True,True,,SH_MAIN,24.80835815829052,1243,False
603370,0,0,0,False,False,QFQ_OR_TURNOVER_UNAVAILABLE,SH_MAIN,,0,False
603373,374,374,374,False,False,VALID_1D_ROWS_BELOW_750,SH_MAIN,22.174602341563574,374,False
603375,350,350,350,False,False,VALID_1D_ROWS_BELOW_750,SH_MAIN,22.07603336775496,350,False
603376,0,0,0,False,False,QFQ_OR_TURNOVER_UNAVAILABLE,SH_MAIN,,0,False
603377,806,806,806,True,False,,SH_MAIN,22.337109406226517,753,False
603378,1290,1290,1290,True,True,,SH_MAIN,22.049555971858457,1237,False
603379,1296,1296,1296,True,True,,SH_MAIN,23.649446477795472,1243,False
603380,1296,1296,1296,True,True,,SH_MAIN,22.176227228881572,1243,False
603381,252,252,252,False,False,VALID_1D_ROWS_BELOW_750,SH_MAIN,22.371822758581654,252,False
603382,20,20,20,False,False,VALID_1D_ROWS_BELOW_750,SH_MAIN,22.306218874779447,20,False
603383,1296,1296,1296,True,True,,SH_MAIN,22.71252451184805,1243,False
603385,1296,1296,1296,True,True,,SH_MAIN,21.749945311528332,1243,False
603386,1296,1296,1296,True,True,,SH_MAIN,22.083291005967325,1243,False
603387,1296,1296,1296,True,True,,SH_MAIN,22.471778385634053,1243,False
603389,947,945,941,True,False,,SH_MAIN,21.07497027234904,947,False
603390,1296,1296,1296,True,True,,SH_MAIN,21.862053644949118,1243,False
603391,227,227,227,False,False,VALID_1D_ROWS_BELOW_750,SH_MAIN,22.386813075027543,227,False
603392,1259,1259,1259,True,True,,SH_MAIN,25.22448946738332,1243,False
603393,1296,1296,1296,True,True,,SH_MAIN,23.186129783634357,1243,False
603395,150,150,150,False,False,VALID_1D_ROWS_BELOW_750,SH_MAIN,22.810501714109776,150,False
603396,1296,1296,1296,True,True,,SH_MAIN,22.468167889549118,1243,False
603398,1048,1048,1048,True,True,,SH_MAIN,22.74321731309798,995,False
603399,1286,1285,1282,True,True,,SH_MAIN,22.37789001536983,1243,False
603400,14,14,14,False,False,VALID_1D_ROWS_BELOW_750,SH_MAIN,22.631167474000023,14,False
603402,0,0,0,False,False,QFQ_OR_TURNOVER_UNAVAILABLE,SH_MAIN,,0,False
603406,0,0,0,False,False,QFQ_OR_TURNOVER_UNAVAILABLE,SH_MAIN,,0,False
603408,1198,1198,1198,True,True,,SH_MAIN,22.40009965523162,1198,False
603409,87,87,87,False,False,VALID_1D_ROWS_BELOW_750,SH_MAIN,22.294342350111275,87,False
603416,1296,1296,1296,True,True,,SH_MAIN,22.5593271908475,1243,False
603418,0,0,0,False,False,QFQ_OR_TURNOVER_UNAVAILABLE,SH_MAIN,,0,False
603421,1296,1296,1296,True,True,,SH_MAIN,22.33730277813472,1243,False
603429,1263,1263,1263,True,True,,SH_MAIN,22.381512367635253,1210,False
603439,1260,1260,1260,True,True,,SH_MAIN,22.451955261369555,1243,False
603444,1296,1296,1296,True,True,,SH_MAIN,23.950679320452718,1243,False
603456,1296,1296,1296,True,True,,SH_MAIN,23.891840810751805,1243,False
603458,1292,1291,1291,True,True,,SH_MAIN,21.834341514888205,1239,False
603459,0,0,0,False,False,QFQ_OR_TURNOVER_UNAVAILABLE,SH_MAIN,,0,False
603466,1296,1296,1296,True,True,,SH_MAIN,22.656420567436086,1243,False
603477,1296,1296,1296,True,True,,SH_MAIN,23.09124271847528,1243,False
603486,1296,1296,1296,True,True,,SH_MAIN,24.469150721498252,1243,False
603488,1284,1283,1280,True,True,,SH_MAIN,21.55655952384036,1231,False
603489,1296,1296,1296,True,True,,SH_MAIN,22.961954330151286,1243,False
603496,1285,1284,1281,True,True,,SH_MAIN,22.584705421145944,1232,False
603499,1296,1296,1296,True,True,,SH_MAIN,21.406034283857412,1243,False
603500,1296,1296,1296,True,True,,SH_MAIN,21.781094738848978,1243,False
603501,1296,1296,1296,True,True,,SH_MAIN,25.60587709894912,1243,False
603505,1296,1296,1296,True,True,,SH_MAIN,23.439463862412097,1243,False
603506,1296,1296,1296,True,True,,SH_MAIN,21.593158880255412,1243,False
603507,1289,1288,1285,True,True,,SH_MAIN,22.21772618421605,1243,False
603508,1289,1288,1285,True,True,,SH_MAIN,22.590813543416743,1236,False
603511,997,997,997,True,False,,SH_MAIN,22.560660817114023,997,False
603515,1296,1296,1296,True,True,,SH_MAIN,23.327970214370843,1243,False
603516,1296,1296,1296,True,True,,SH_MAIN,22.147471646634038,1243,False
603517,1147,1147,1147,True,True,,SH_MAIN,23.900385559438668,1094,False
603518,1291,1290,1289,True,True,,SH_MAIN,21.896981098135747,1238,False
603519,1296,1296,1296,True,True,,SH_MAIN,21.949683756238297,1243,False
603520,1296,1296,1296,True,True,,SH_MAIN,22.38772949205812,1243,False
603527,1296,1296,1296,True,True,,SH_MAIN,21.846447361488607,1243,False
603528,1296,1296,1296,True,True,,SH_MAIN,22.326318694892233,1243,False
603529,987,987,987,True,False,,SH_MAIN,24.085373757135805,987,False
603530,1296,1296,1296,True,True,,SH_MAIN,22.810927709166204,1243,False
603533,1296,1296,1296,True,True,,SH_MAIN,22.912364334043033,1243,False
603535,1296,1296,1296,True,True,,SH_MAIN,22.19773863221826,1243,False
603536,1296,1296,1296,True,True,,SH_MAIN,21.45442686807849,1243,False
603538,1296,1296,1296,True,True,,SH_MAIN,22.266058649027244,1243,False
603551,1296,1296,1296,True,True,,SH_MAIN,22.180555772803682,1243,False
603556,1296,1296,1296,True,True,,SH_MAIN,23.238426278191692,1243,False
603557,79,79,79,False,False,VALID_1D_ROWS_BELOW_750,SH_MAIN,22.246715653865603,26,False
603558,1296,1296,1296,True,True,,SH_MAIN,22.006072232963064,1243,False
603559,560,559,559,False,False,VALID_1D_ROWS_BELOW_750,SH_MAIN,21.274574609410415,507,False
603565,1157,1157,1157,True,True,,SH_MAIN,23.80318546710328,1157,False
603566,1296,1296,1296,True,True,,SH_MAIN,22.570635979919448,1243,False
603567,1296,1296,1296,True,True,,SH_MAIN,23.1649131338514,1243,False
603568,1296,1296,1296,True,True,,SH_MAIN,24.238538014338094,1243,False
603569,1296,1296,1296,True,True,,SH_MAIN,22.287659819169022,1243,False
603577,1296,1296,1296,True,True,,SH_MAIN,21.87622715790918,1243,False
603578,1289,1288,1285,True,True,,SH_MAIN,21.57154474355037,1236,False
603579,1296,1296,1296,True,True,,SH_MAIN,21.92607562432224,1243,False
603580,1048,1048,1048,True,True,,SH_MAIN,21.309975940341864,995,False
603583,1296,1296,1296,True,True,,SH_MAIN,23.165933679816604,1243,False
603585,1296,1296,1296,True,True,,SH_MAIN,21.77919030435497,1243,False
603586,1296,1296,1296,True,True,,SH_MAIN,21.766662853615756,1243,False
603587,1296,1296,1296,True,True,,SH_MAIN,22.6307203025073,1243,False
603588,1296,1296,1296,True,True,,SH_MAIN,23.39478475589245,1243,False
603589,1296,1296,1296,True,True,,SH_MAIN,24.048661505192285,1243,False
603590,1296,1296,1296,True,True,,SH_MAIN,22.334621908536416,1243,False
603595,1169,1169,1169,True,True,,SH_MAIN,22.55441851295948,1116,False
603596,1296,1296,1296,True,True,,SH_MAIN,24.08956374779786,1243,False
603598,1296,1296,1296,True,True,,SH_MAIN,21.87577885239378,1243,False
603599,1296,1296,1296,True,True,,SH_MAIN,23.348570890557614,1243,False
603600,1296,1296,1296,True,True,,SH_MAIN,21.928956662612173,1243,False
603601,1296,1296,1296,True,True,,SH_MAIN,22.401036011994528,1243,False
603602,1296,1296,1296,True,True,,SH_MAIN,21.687013257418887,1243,False
603605,1296,1296,1296,True,True,,SH_MAIN,24.35477495330317,1243,False
603606,1296,1296,1296,True,True,,SH_MAIN,24.251464147594135,1243,False
603607,1293,1293,1293,True,True,,SH_MAIN,21.71951306576268,1240,False
603608,1044,1043,1040,True,True,,SH_MAIN,21.53027075581335,991,False
603609,1296,1296,1296,True,True,,SH_MAIN,22.816290324780972,1243,False
603610,1296,1296,1296,True,True,,SH_MAIN,22.235856651006873,1243,False
603611,1296,1296,1296,True,True,,SH_MAIN,22.31608626057959,1243,False
603612,1281,1280,1277,True,True,,SH_MAIN,22.962718228260727,1228,False
603613,1296,1296,1296,True,True,,SH_MAIN,23.93605380706236,1243,False
603615,1296,1296,1296,True,True,,SH_MAIN,21.664399023842538,1243,False
603616,1284,1283,1280,True,True,,SH_MAIN,21.447524439053225,1231,False
603617,1296,1296,1296,True,True,,SH_MAIN,21.834421461972102,1243,False
603618,1296,1296,1296,True,True,,SH_MAIN,22.166935660143743,1243,False
603619,1296,1296,1296,True,True,,SH_MAIN,22.803207503667867,1243,False
603626,1296,1296,1296,True,True,,SH_MAIN,22.221175429955423,1243,False
603628,1296,1296,1296,True,True,,SH_MAIN,22.03133862279073,1243,False
603629,1296,1296,1296,True,True,,SH_MAIN,22.249756263587674,1243,False
603630,1296,1296,1296,True,True,,SH_MAIN,21.979790705756294,1243,False
603633,1296,1296,1296,True,True,,SH_MAIN,22.034024363114586,1243,False
603636,1289,1288,1285,True,True,,SH_MAIN,22.64428899164748,1236,False
603637,1296,1296,1296,True,True,,SH_MAIN,21.44196959855384,1243,False
603638,1296,1296,1296,True,True,,SH_MAIN,23.445694105364765,1243,False
603639,1296,1296,1296,True,True,,SH_MAIN,22.47126321750451,1243,False
603648,1296,1296,1296,True,True,,SH_MAIN,21.933998500255747,1243,False
603650,1296,1296,1296,True,True,,SH_MAIN,23.728481584806374,1243,False
603655,1289,1288,1285,True,True,,SH_MAIN,21.61400899085143,1236,False
603656,1296,1296,1296,True,True,,SH_MAIN,21.55835876931124,1243,False
603657,1296,1296,1296,True,True,,SH_MAIN,21.537849960062474,1243,False
603658,1296,1296,1296,True,True,,SH_MAIN,24.050024551370996,1243,False
603659,1296,1296,1296,True,True,,SH_MAIN,24.849338516860083,1243,False
603660,1296,1296,1296,True,True,,SH_MAIN,21.945563254676273,1243,False
603661,1286,1285,1282,True,True,,SH_MAIN,22.21651496624772,1233,False
603662,1296,1296,1296,True,True,,SH_MAIN,22.723055969702035,1243,False
603663,1296,1296,1296,True,True,,SH_MAIN,22.29514139213224,1243,False
603665,1296,1296,1296,True,True,,SH_MAIN,22.1647697581822,1243,False
603666,1296,1296,1296,True,True,,SH_MAIN,22.704963756062796,1243,False
603667,1296,1296,1296,True,True,,SH_MAIN,22.444174753580224,1243,False
603668,1296,1296,1296,True,True,,SH_MAIN,22.621791133602486,1243,False
603669,1296,1296,1296,True,True,,SH_MAIN,22.119254661534736,1243,False
603676,1296,1296,1296,True,True,,SH_MAIN,22.231108662256954,1243,False
603677,1291,1290,1289,True,True,,SH_MAIN,21.60349490971593,1243,False
603678,1296,1296,1296,True,True,,SH_MAIN,23.59605746635566,1243,False
603679,1296,1296,1296,True,True,,SH_MAIN,21.51378164083412,1243,False
603680,1296,1296,1296,True,True,,SH_MAIN,22.665612075137734,1243,False
603681,1296,1296,1296,True,True,,SH_MAIN,21.94528564900526,1243,False
603682,1265,1265,1265,True,True,,SH_MAIN,21.721007515229548,1243,False
603683,1296,1296,1296,True,True,,SH_MAIN,21.60194160128746,1243,False
603685,1292,1291,1291,True,True,,SH_MAIN,21.45825529136459,1239,False
603686,1296,1296,1296,True,True,,SH_MAIN,22.2109278124796,1243,False
603687,1296,1296,1296,True,True,,SH_MAIN,22.152318360465642,1243,False
603688,1296,1296,1296,True,True,,SH_MAIN,23.800061774892217,1243,False
603689,1296,1296,1296,True,True,,SH_MAIN,22.11502882620974,1243,False
603690,1285,1284,1281,True,True,,SH_MAIN,23.12131053883398,1232,False
603693,1283,1282,1279,True,True,,SH_MAIN,23.141688770383908,1240,False
603696,1296,1296,1296,True,True,,SH_MAIN,21.52618538661058,1243,False
603697,1296,1296,1296,True,True,,SH_MAIN,22.161385552643473,1243,False
603698,1296,1296,1296,True,True,,SH_MAIN,22.834642711476643,1243,False
603699,1296,1296,1296,True,True,,SH_MAIN,23.099475015182644,1243,False
603700,1296,1296,1296,True,True,,SH_MAIN,21.757470895413473,1243,False
603701,1296,1296,1296,True,True,,SH_MAIN,21.957838357346912,1243,False
603703,1284,1283,1280,True,True,,SH_MAIN,22.250691101247753,1231,False
603706,1296,1296,1296,True,True,,SH_MAIN,21.801409982146772,1243,False
603707,1296,1296,1296,True,True,,SH_MAIN,23.847749236739432,1243,False
603708,1296,1296,1296,True,True,,SH_MAIN,22.73023888132196,1243,False
603709,1296,1296,1296,True,True,,SH_MAIN,21.042446576457564,1243,False
603711,1296,1296,1296,True,True,,SH_MAIN,22.509700567213756,1243,False
603712,1296,1296,1296,True,True,,SH_MAIN,23.784482434225662,1243,False
603713,1296,1296,1296,True,True,,SH_MAIN,23.188811443213762,1243,False
603716,1296,1296,1296,True,True,,SH_MAIN,21.594071038476635,1243,False
603717,1296,1296,1296,True,True,,SH_MAIN,21.517983474998886,1243,False
603718,1291,1291,1291,True,True,,SH_MAIN,22.56646907908796,1238,False
603719,1289,1288,1285,True,True,,SH_MAIN,22.912712063275855,1236,False
603721,1048,1048,1048,True,True,,SH_MAIN,21.54295755883131,995,False
603722,1296,1296,1296,True,True,,SH_MAIN,22.11050834218557,1243,False
603725,1296,1296,1296,True,True,,SH_MAIN,21.33357212105161,1243,False
603726,1296,1296,1296,True,True,,SH_MAIN,21.68200259812215,1243,False
603727,1296,1296,1296,True,True,,SH_MAIN,22.04943505257408,1243,False
603728,1296,1296,1296,True,True,,SH_MAIN,23.725273553653253,1243,False
603729,1015,1014,1011,True,True,,SH_MAIN,21.099008785470946,962,False
603730,1296,1296,1296,True,True,,SH_MAIN,23.453787725499286,1243,False
603733,1296,1296,1296,True,True,,SH_MAIN,23.495514922716257,1243,False
603737,1296,1296,1296,True,True,,SH_MAIN,24.256506484648433,1243,False
603738,1296,1296,1296,True,True,,SH_MAIN,22.546917815089785,1243,False
603739,1296,1296,1296,True,True,,SH_MAIN,22.003663559420225,1243,False
603755,1296,1296,1296,True,True,,SH_MAIN,21.867129803777118,1243,False
603757,1296,1296,1296,True,True,,SH_MAIN,22.028538872007584,1243,False
603758,1285,1284,1281,True,True,,SH_MAIN,22.159225153165977,1232,False
603759,1039,1039,1039,True,True,,SH_MAIN,22.130973292569617,1039,False
603766,1296,1296,1296,True,True,,SH_MAIN,23.140280660749333,1243,False
603767,1296,1296,1296,True,True,,SH_MAIN,21.992610900847165,1243,False
603768,1296,1296,1296,True,True,,SH_MAIN,21.868647201140515,1243,False
603773,1296,1296,1296,True,True,,SH_MAIN,22.206675797800635,1243,False
603776,1277,1275,1269,True,True,,SH_MAIN,21.97721825115653,1224,False
603777,1296,1296,1296,True,True,,SH_MAIN,22.23697640933695,1243,False
603778,1283,1280,1279,True,True,,SH_MAIN,21.728352066270364,1230,False
603779,1141,1140,1137,True,True,,SH_MAIN,21.6357977753993,1141,False
603786,1296,1296,1296,True,True,,SH_MAIN,23.96844916488911,1243,False
603787,1296,1296,1296,True,True,,SH_MAIN,21.86428463820272,1243,False
603788,1296,1296,1296,True,True,,SH_MAIN,21.806971624049094,1243,False
603789,1048,1048,1048,True,True,,SH_MAIN,21.591038367665842,995,False
603790,1281,1280,1277,True,True,,SH_MAIN,21.4828982410666,1228,False
603797,1296,1296,1296,True,True,,SH_MAIN,21.897608358413024,1243,False
603798,1293,1293,1293,True,True,,SH_MAIN,21.561633014420618,1240,False
603799,1296,1296,1296,True,True,,SH_MAIN,25.213812263680737,1243,False
603800,1292,1291,1291,True,True,,SH_MAIN,22.42375761117381,1239,False
603801,1296,1296,1296,True,True,,SH_MAIN,22.64963581438344,1243,False
603803,1296,1296,1296,True,True,,SH_MAIN,21.96118924517565,1243,False
603806,1296,1296,1296,True,True,,SH_MAIN,24.697384793393294,1243,False
603808,1296,1296,1296,True,True,,SH_MAIN,21.97785067083671,1243,False
603809,1296,1296,1296,True,True,,SH_MAIN,22.333625291038533,1243,False
603810,1296,1296,1296,True,True,,SH_MAIN,21.534985652991175,1243,False
603811,1296,1296,1296,True,True,,SH_MAIN,21.973970881367855,1243,False
603813,1048,1048,1048,True,True,,SH_MAIN,21.044468121873322,995,False
603815,1284,1283,1280,True,True,,SH_MAIN,22.276891027305233,1231,False
603816,1290,1289,1287,True,True,,SH_MAIN,24.140735941905305,1237,False
603817,1296,1296,1296,True,True,,SH_MAIN,21.884060942508334,1243,False
603818,1296,1296,1296,True,True,,SH_MAIN,21.886924040387417,1243,False
603819,1285,1283,1280,True,True,,SH_MAIN,21.770233642865456,1232,False
603822,1198,1198,1198,True,True,,SH_MAIN,21.82445511399256,1145,False
603823,1296,1296,1296,True,True,,SH_MAIN,22.276043176679448,1243,False
603825,1127,1127,1127,True,True,,SH_MAIN,21.9831967381798,1074,False
603826,1296,1296,1296,True,True,,SH_MAIN,23.699741893894707,1243,False
603828,806,806,806,True,False,,SH_MAIN,21.4994841329881,753,False
603829,1296,1296,1296,True,True,,SH_MAIN,21.456402665722514,1243,False
603833,1296,1296,1296,True,True,,SH_MAIN,24.71272623495195,1243,False
603836,1000,1000,1000,True,True,,SH_MAIN,21.816570848896927,1000,False
603838,1044,1044,1044,True,True,,SH_MAIN,21.400333634326515,991,False
603839,1296,1296,1296,True,True,,SH_MAIN,21.794246836621188,1243,False
603843,1048,1048,1048,True,True,,SH_MAIN,21.703681704389847,995,False
603848,1296,1296,1296,True,True,,SH_MAIN,22.477664973324515,1243,False
603855,1296,1296,1296,True,True,,SH_MAIN,22.688935208994607,1243,False
603856,1296,1296,1296,True,True,,SH_MAIN,21.877984532122085,1243,False
603858,1296,1296,1296,True,True,,SH_MAIN,23.70997170471619,1243,False
603859,1296,1296,1296,True,True,,SH_MAIN,22.58675579163442,1243,False
603860,1296,1296,1296,True,True,,SH_MAIN,21.329601620519394,1243,False
603861,1296,1296,1296,True,True,,SH_MAIN,22.105751751406014,1243,False
603863,1054,1053,1050,True,True,,SH_MAIN,22.05943556263604,1001,False
603866,1296,1296,1296,True,True,,SH_MAIN,23.346018241099923,1243,False
603867,1296,1296,1296,True,True,,SH_MAIN,22.330068862388615,1243,False
603868,1296,1296,1296,True,True,,SH_MAIN,23.693326393743945,1243,False
603869,806,806,806,True,False,,SH_MAIN,22.26478345335308,753,False
603871,1296,1296,1296,True,True,,SH_MAIN,23.251408305680627,1243,False
603876,1296,1296,1296,True,True,,SH_MAIN,23.306220118495872,1243,False
603877,1296,1296,1296,True,True,,SH_MAIN,22.80960789874133,1243,False
603878,1296,1296,1296,True,True,,SH_MAIN,21.96017571365617,1243,False
603879,1051,1051,1051,True,True,,SH_MAIN,21.554713988880255,998,False
603880,1015,1015,1015,True,True,,SH_MAIN,21.311458897036594,962,False
603881,1296,1296,1296,True,True,,SH_MAIN,23.072698303009968,1243,False
603882,1296,1296,1296,True,True,,SH_MAIN,24.099574801858562,1243,False
603883,1296,1296,1296,True,True,,SH_MAIN,23.560594887903775,1243,False
603885,1296,1296,1296,True,True,,SH_MAIN,24.113760535077127,1243,False
603886,1296,1296,1296,True,True,,SH_MAIN,22.122278970474078,1243,False
603887,1289,1288,1285,True,True,,SH_MAIN,22.05942106630506,1236,False
603888,1296,1296,1296,True,True,,SH_MAIN,23.19554647039938,1243,False
603889,1296,1296,1296,True,True,,SH_MAIN,22.228926228638176,1243,False
603890,1296,1296,1296,True,True,,SH_MAIN,22.296099107791672,1243,False
603893,1296,1296,1296,True,True,,SH_MAIN,24.33335704861618,1243,False
603895,1296,1296,1296,True,True,,SH_MAIN,21.705590271616735,1243,False
603896,1296,1296,1296,True,True,,SH_MAIN,22.490570330238395,1243,False
603897,1289,1288,1285,True,True,,SH_MAIN,22.289004944282397,1236,False
603898,1296,1296,1296,True,True,,SH_MAIN,21.941498693698083,1243,False
603899,1296,1296,1296,True,True,,SH_MAIN,24.30544907586404,1243,False
603900,1293,1293,1293,True,True,,SH_MAIN,21.574015780033868,1240,False
603901,1296,1296,1296,True,True,,SH_MAIN,22.531677654553516,1243,False
603903,1294,1294,1294,True,True,,SH_MAIN,21.560790939402015,1243,False
603906,1296,1296,1296,True,True,,SH_MAIN,23.11825810346294,1243,False
603908,1296,1296,1296,True,True,,SH_MAIN,21.590716263394082,1243,False
603909,1292,1291,1291,True,True,,SH_MAIN,21.746213908606375,1239,False
603912,1296,1296,1296,True,True,,SH_MAIN,22.143239347047338,1243,False
603915,1296,1296,1296,True,True,,SH_MAIN,23.16082226520729,1243,False
603916,1296,1296,1296,True,True,,SH_MAIN,22.379027588188354,1243,False
603917,1296,1296,1296,True,True,,SH_MAIN,21.745119176056512,1243,False
603918,1296,1296,1296,True,True,,SH_MAIN,22.267546533641834,1243,False
603919,1296,1296,1296,True,True,,SH_MAIN,23.20789735964459,1243,False
603920,1291,1290,1289,True,True,,SH_MAIN,23.033759791247597,1238,False
603922,1272,1270,1266,True,True,,SH_MAIN,21.87150603401634,1219,False
603926,1296,1296,1296,True,True,,SH_MAIN,21.59143620243411,1243,False
603927,1296,1296,1296,True,True,,SH_MAIN,23.53141762977453,1243,False
603928,1296,1296,1296,True,True,,SH_MAIN,21.59749380486418,1243,False
603929,1296,1296,1296,True,True,,SH_MAIN,22.04979363301385,1243,False
603931,1184,1184,1184,True,True,,SH_MAIN,22.358886282434288,1184,False
603933,1284,1283,1280,True,True,,SH_MAIN,21.82466929941223,1231,False
603936,1296,1296,1296,True,True,,SH_MAIN,22.610680319432053,1243,False
603937,1296,1296,1296,True,True,,SH_MAIN,21.593511960161866,1243,False
603938,1296,1296,1296,True,True,,SH_MAIN,22.68841078671574,1243,False
603939,1296,1296,1296,True,True,,SH_MAIN,24.290280325266206,1243,False
603948,1296,1296,1296,True,True,,SH_MAIN,22.026317641958958,1243,False
603949,1294,1294,1294,True,True,,SH_MAIN,22.071868714005955,1243,False
603950,1231,1230,1227,True,True,,SH_MAIN,22.254116110980043,1231,False
603955,1284,1282,1281,True,True,,SH_MAIN,21.493680678296542,1231,False
603956,1296,1296,1296,True,True,,SH_MAIN,22.115427546254814,1243,False
603958,1265,1262,1253,True,True,,SH_MAIN,21.31490983619962,1212,False
603959,989,988,988,True,False,,SH_MAIN,22.359517302622866,936,False
603960,1296,1296,1296,True,True,,SH_MAIN,22.393436544169568,1243,False
603966,1291,1290,1289,True,True,,SH_MAIN,21.86215272835319,1238,False
603967,1296,1296,1296,True,True,,SH_MAIN,21.959512326822637,1243,False
603968,1296,1296,1296,True,True,,SH_MAIN,21.822466752339814,1243,False
603969,1296,1296,1296,True,True,,SH_MAIN,22.194907274208614,1243,False
603970,1296,1296,1296,True,True,,SH_MAIN,22.18019062735197,1243,False
603976,1296,1296,1296,True,True,,SH_MAIN,21.847711014671777,1243,False
603977,1296,1296,1296,True,True,,SH_MAIN,22.495359888361836,1243,False
603978,1296,1296,1296,True,True,,SH_MAIN,21.89144998906127,1243,False
603979,1296,1296,1296,True,True,,SH_MAIN,23.782421553214203,1243,False
603980,1289,1288,1285,True,True,,SH_MAIN,21.954042667807755,1236,False
603982,1296,1296,1296,True,True,,SH_MAIN,21.950559178754126,1243,False
603983,1296,1296,1296,True,True,,SH_MAIN,23.25895842247066,1243,False
603985,1289,1288,1285,True,True,,SH_MAIN,22.827394973618663,1243,False
603986,1296,1296,1296,True,True,,SH_MAIN,25.09560699292181,1243,False
603987,1296,1296,1296,True,True,,SH_MAIN,22.250204052138645,1243,False
603988,1280,1278,1275,True,True,,SH_MAIN,21.771628496944704,1233,False
603989,1296,1296,1296,True,True,,SH_MAIN,22.876145705450433,1243,False
603990,1289,1288,1285,True,True,,SH_MAIN,22.162711917507224,1236,False
603991,1285,1284,1281,True,True,,SH_MAIN,21.887165168847392,1232,False
603992,1296,1296,1296,True,True,,SH_MAIN,22.70763103391724,1243,False
603993,1296,1296,1296,True,True,,SH_MAIN,25.617242264293623,1243,False
603995,1296,1296,1296,True,True,,SH_MAIN,22.75705220224339,1243,False
603997,1296,1296,1296,True,True,,SH_MAIN,23.446456138153493,1243,False
603998,1296,1296,1296,True,True,,SH_MAIN,22.20278880380687,1243,False
603999,1296,1296,1296,True,True,,SH_MAIN,21.94487421632366,1243,False
605001,1245,1245,1245,True,True,,SH_MAIN,21.73921675723995,1243,False
605003,1170,1170,1170,True,True,,SH_MAIN,21.50243011856284,1170,False
605005,1082,1082,1082,True,True,,SH_MAIN,22.64598406582968,1082,False
605006,1173,1173,1173,True,True,,SH_MAIN,22.282097571623726,1173,False
605007,1131,1131,1131,True,True,,SH_MAIN,22.52041026186026,1131,False
605008,1171,1170,1167,True,True,,SH_MAIN,22.97261205051233,1171,False
605009,1167,1167,1167,True,True,,SH_MAIN,22.634218180548444,1167,False
605011,935,935,935,True,False,,SH_MAIN,22.906416055749684,935,False
605016,1022,1022,1022,True,True,,SH_MAIN,22.502221139863728,1022,False
605018,1155,1155,1155,True,True,,SH_MAIN,22.39492776912497,1155,False
605020,969,969,969,True,False,,SH_MAIN,23.056614643111402,969,False
605028,955,953,948,True,False,,SH_MAIN,21.783830057976992,955,False
605033,920,920,920,True,False,,SH_MAIN,21.653192736186483,920,False
605050,1158,1158,1158,True,True,,SH_MAIN,22.471073418645283,1158,False
605055,1074,1074,1074,True,True,,SH_MAIN,21.769461393389392,1074,False
605056,962,962,962,True,False,,SH_MAIN,22.426785927728023,962,False
605058,1145,1145,1145,True,True,,SH_MAIN,21.853290470149762,1145,False
605060,1058,1058,1058,True,True,,SH_MAIN,22.336653451929926,1058,False
605066,1192,1192,1192,True,True,,SH_MAIN,22.00802219129585,1192,False
605068,1122,1122,1122,True,True,,SH_MAIN,22.08542514558348,1122,False
605069,943,943,943,True,False,,SH_MAIN,21.45915640867967,943,False
605077,1060,1059,1056,True,True,,SH_MAIN,22.359581397323755,1060,False
605080,1014,1014,1014,True,True,,SH_MAIN,22.05579478502442,1014,False
605081,0,0,0,False,False,QFQ_OR_TURNOVER_UNAVAILABLE,SH_MAIN,,0,False
605086,1025,1025,1025,True,True,,SH_MAIN,21.817709448742303,1025,False
605088,1186,1186,1186,True,True,,SH_MAIN,21.91768461807228,1186,False
605089,1018,1018,1018,True,True,,SH_MAIN,22.125457634368694,1018,False
605090,988,988,988,True,False,,SH_MAIN,23.547927447564,988,False
605098,1022,1022,1022,True,True,,SH_MAIN,22.211201959798395,1022,False
605099,1154,1154,1154,True,True,,SH_MAIN,22.98191894272799,1154,False
605100,1190,1190,1190,True,True,,SH_MAIN,21.70074065011036,1190,False
605108,1208,1208,1208,True,True,,SH_MAIN,22.43442966788519,1208,False
605111,1156,1156,1156,True,True,,SH_MAIN,23.418759850823584,1156,False
605116,1161,1161,1161,True,True,,SH_MAIN,22.944268196619262,1161,False
605117,1023,1023,1023,True,True,,SH_MAIN,24.784308607014918,1023,False
605118,1198,1198,1198,True,True,,SH_MAIN,22.581508906879627,1198,False
605122,1051,1051,1051,True,True,,SH_MAIN,21.624621051186786,1051,False
605123,1180,1180,1180,True,True,,SH_MAIN,23.086935815464418,1180,False
605128,1165,1165,1165,True,True,,SH_MAIN,22.105377890440135,1165,False
605133,1061,1061,1061,True,True,,SH_MAIN,22.357413894398654,1061,False
605136,1155,1155,1155,True,True,,SH_MAIN,22.22581859872386,1155,False
605138,898,898,898,True,False,,SH_MAIN,22.134955433373758,898,False
605151,1106,1106,1106,True,True,,SH_MAIN,21.626369277458924,1106,False
605155,1015,1015,1015,True,True,,SH_MAIN,21.411922952233493,1015,False
605158,1194,1194,1194,True,True,,SH_MAIN,22.077554861938545,1194,False
605162,971,971,971,True,False,,SH_MAIN,21.985123839940208,971,False
605166,1226,1226,1226,True,True,,SH_MAIN,21.979541834573407,1226,False
605167,958,958,958,True,False,,SH_MAIN,22.141349045770824,958,False
605168,1241,1241,1241,True,True,,SH_MAIN,22.861033482991846,1241,False
605169,1128,1128,1128,True,True,,SH_MAIN,21.87980280164153,1128,False
605177,1120,1120,1120,True,True,,SH_MAIN,21.61111758734564,1120,False
605178,1165,1163,1158,True,True,,SH_MAIN,21.492322480001498,1165,False
605179,1097,1097,1097,True,True,,SH_MAIN,22.326361680911894,1097,False
605180,1015,1015,1015,True,True,,SH_MAIN,21.541409970180936,1015,False
605183,1112,1112,1112,True,True,,SH_MAIN,22.72092722069231,1112,False
605186,1101,1101,1101,True,True,,SH_MAIN,22.141291396227754,1101,False
605188,1200,1200,1200,True,True,,SH_MAIN,22.130239695701253,1200,False
605189,998,998,998,True,False,,SH_MAIN,21.60223463829008,998,False
605196,1011,1011,1011,True,True,,SH_MAIN,22.244560122172,1011,False
605198,1162,1162,1162,True,True,,SH_MAIN,22.7570961340923,1162,False
605199,963,963,963,True,False,,SH_MAIN,22.594108329646087,963,False
605208,1053,1053,1053,True,True,,SH_MAIN,21.966748562600912,1053,False
605218,1156,1156,1156,True,True,,SH_MAIN,22.008645475597294,1156,False
605222,1197,1197,1197,True,True,,SH_MAIN,22.802052947823114,1197,False
605228,1081,1081,1081,True,True,,SH_MAIN,22.144867011898448,1081,False
605255,1133,1128,1119,True,True,,SH_MAIN,21.469516911768235,1133,False
605258,1114,1114,1114,True,True,,SH_MAIN,21.605941872549664,1114,False
605259,987,987,987,True,False,,SH_MAIN,21.800768340359504,987,False
605266,1116,1116,1116,True,True,,SH_MAIN,22.245288210162673,1116,False
605268,1061,1061,1061,True,True,,SH_MAIN,22.184134643547278,1061,False
605277,1091,1091,1091,True,True,,SH_MAIN,22.129764778798766,1091,False
605286,1033,1033,1033,True,True,,SH_MAIN,22.44862906053478,1033,False
605287,972,972,972,True,False,,SH_MAIN,21.579169396238065,972,False
605288,1239,1239,1239,True,True,,SH_MAIN,21.78090312294467,1239,False
605289,1019,1019,1019,True,True,,SH_MAIN,21.846170658183553,1019,False
605296,998,998,998,True,False,,SH_MAIN,23.405379188456642,998,False
605298,1058,1058,1058,True,True,,SH_MAIN,21.464861446245816,1058,False
605299,1106,1106,1106,True,True,,SH_MAIN,22.15689055371031,1106,False
605300,1015,1015,1015,True,True,,SH_MAIN,22.48802163347405,1015,False
605303,1058,1058,1058,True,True,,SH_MAIN,21.351976387199073,1058,False
605305,1014,1014,1014,True,True,,SH_MAIN,22.50660326260681,1014,False
605318,1193,1193,1193,True,True,,SH_MAIN,21.43729149386933,1193,False
605319,981,980,977,True,False,,SH_MAIN,22.30674542027559,981,False
605333,1185,1185,1185,True,True,,SH_MAIN,23.065456785207378,1185,False
605336,1135,1135,1135,True,True,,SH_MAIN,21.83590045954905,1135,False
605337,1068,1068,1068,True,True,,SH_MAIN,22.401897894632036,1068,False
605338,1152,1152,1152,True,True,,SH_MAIN,22.548830697559154,1152,False
605339,1006,1006,1006,True,True,,SH_MAIN,22.776595938055426,1006,False
605358,1167,1167,1167,True,True,,SH_MAIN,23.904186158667095,1167,False
605365,962,962,962,True,False,,SH_MAIN,22.83166765083293,962,False
605366,1189,1189,1189,True,True,,SH_MAIN,22.224716839954713,1189,False
605368,1071,1071,1071,True,True,,SH_MAIN,22.65281731347782,1071,False
605369,1164,1164,1164,True,True,,SH_MAIN,22.50097745973139,1164,False
605376,1111,1111,1111,True,True,,SH_MAIN,23.095899244251626,1111,False
605377,1097,1097,1097,True,True,,SH_MAIN,22.503105726999966,1097,False
605378,1029,1029,1029,True,True,,SH_MAIN,21.882291274091653,1029,False
605388,1185,1185,1185,True,True,,SH_MAIN,22.41774318336791,1185,False
605389,1017,1014,1008,True,True,,SH_MAIN,22.044674568053413,1017,False
605398,1080,1080,1080,True,True,,SH_MAIN,21.8319205188249,1080,False
605399,1195,1195,1195,True,True,,SH_MAIN,22.251092451055655,1195,False
605488,1009,1009,1009,True,True,,SH_MAIN,21.728581316362103,1009,False
605499,999,999,999,True,False,,SH_MAIN,25.120107556780432,999,False
605500,1101,1101,1101,True,True,,SH_MAIN,21.859908386871297,1101,False
605507,953,953,953,True,False,,SH_MAIN,23.19817161177891,953,False
605555,896,895,893,True,False,,SH_MAIN,22.724009556014938,896,False
605566,900,900,900,True,False,,SH_MAIN,21.802178726234935,900,False
605567,908,908,908,True,False,,SH_MAIN,21.51172319731068,908,False
605577,937,937,937,True,False,,SH_MAIN,22.489517547877252,937,False
605580,940,940,940,True,False,,SH_MAIN,21.840438046214395,940,False
605588,945,945,945,True,False,,SH_MAIN,21.90218857228585,945,False
605589,947,947,947,True,False,,SH_MAIN,23.613980113953986,947,False
605598,919,919,919,True,False,,SH_MAIN,22.4127284142402,919,False
605599,925,925,925,True,False,,SH_MAIN,23.03997299373544,925,False
688001,1296,1296,1296,True,True,,STAR,23.340648709892132,1243,False
688002,1296,1296,1296,True,True,,STAR,23.826905264782187,1243,False
688003,1296,1296,1296,True,True,,STAR,22.72883226685844,1243,False
688004,1230,1230,1230,True,True,,STAR,21.2348503581698,1230,False
688005,1291,1290,1289,True,True,,STAR,23.85206752262384,1238,False
688006,1296,1296,1296,True,True,,STAR,23.629029242399977,1243,False
688007,1296,1296,1296,True,True,,STAR,22.991123065714987,1243,False
688008,1296,1296,1296,True,True,,STAR,25.00139692234863,1243,False
688009,1296,1296,1296,True,True,,STAR,24.75838455778992,1243,False
688010,1296,1296,1296,True,True,,STAR,22.11206319588458,1243,False
688011,1296,1296,1296,True,True,,STAR,21.62179984723131,1243,False
688012,1285,1284,1281,True,True,,STAR,25.261507371214424,1232,False
688013,1156,1156,1156,True,True,,STAR,21.312403221271218,1156,False
688015,1296,1296,1296,True,True,,STAR,22.145417755347477,1243,False
688016,1296,1296,1296,True,True,,STAR,23.31832347200305,1243,False
688017,1177,1177,1177,True,True,,STAR,23.764143822284947,1177,False
688018,1296,1296,1296,True,True,,STAR,23.169480392590813,1243,False
688019,1296,1296,1296,True,True,,STAR,23.506983423019243,1243,False
688020,1296,1296,1296,True,True,,STAR,22.132382699674046,1243,False
688021,1296,1296,1296,True,True,,STAR,21.324238835636326,1243,False
688022,1290,1290,1290,True,True,,STAR,21.961852427144226,1237,False
688023,1296,1296,1296,True,True,,STAR,23.02159362769993,1243,False
688025,1296,1296,1296,True,True,,STAR,22.36522778856616,1243,False
688026,1296,1296,1296,True,True,,STAR,21.67210272892795,1243,False
688027,1207,1206,1204,True,True,,STAR,23.32684401645191,1207,False
688028,1285,1284,1281,True,True,,STAR,21.927799398802033,1232,False
688029,1292,1291,1291,True,True,,STAR,23.452479551880604,1243,False
688030,1296,1296,1296,True,True,,STAR,21.999455248660848,1243,False
688031,662,662,662,False,False,VALID_1D_ROWS_BELOW_750,STAR,22.58407592044795,662,False
688032,860,860,860,True,False,,STAR,23.547083638681595,860,False
688033,1290,1290,1290,True,True,,STAR,22.694536669181147,1237,False
688035,678,678,678,False,False,VALID_1D_ROWS_BELOW_750,STAR,22.50998137869016,678,False
688036,1296,1296,1296,True,True,,STAR,25.31312617965407,1243,False
688037,1291,1290,1289,True,True,,STAR,23.639806364207352,1238,False
688038,955,954,951,True,False,,STAR,21.213512438924003,955,False
688039,1296,1296,1296,True,True,,STAR,22.05205868037296,1243,False
688041,691,690,687,False,False,VALID_1D_ROWS_BELOW_750,STAR,26.40718057761142,691,False
688045,758,758,758,True,False,,STAR,21.69211336922374,758,False
688046,778,778,778,True,False,,STAR,22.58596516993016,778,False
688047,738,738,738,False,False,VALID_1D_ROWS_BELOW_750,STAR,24.649516625912618,738,False
688048,792,792,792,True,False,,STAR,23.132145135471525,792,False
688049,875,875,875,True,False,,STAR,22.232609343395186,875,False
688050,1199,1199,1199,True,True,,STAR,23.624088023728184,1199,False
688051,1274,1273,1270,True,True,,STAR,21.64457661129598,1231,False
688052,779,779,779,True,False,,STAR,23.83954403448108,779,False
688053,579,579,579,False,False,VALID_1D_ROWS_BELOW_750,STAR,21.857888563137553,579,False
688055,1186,1186,1186,True,True,,STAR,23.371801930516213,1186,False
688056,1174,1174,1174,True,True,,STAR,21.61888907476184,1174,False
688057,1130,1130,1130,True,True,,STAR,22.052577062981783,1130,False
688058,1296,1296,1296,True,True,,STAR,21.682671446172364,1243,False
688059,1068,1068,1068,True,True,,STAR,22.38734982315789,1068,False
688060,1212,1212,1212,True,True,,STAR,21.746507795335845,1212,False
688061,662,662,662,False,False,VALID_1D_ROWS_BELOW_750,STAR,22.016585407273944,662,False
688062,840,840,840,True,False,,STAR,23.021645298657926,840,False
688063,1095,1095,1095,True,True,,STAR,23.61479285785477,1095,False
688065,1183,1182,1179,True,True,,STAR,24.299465135626576,1183,False
688066,1290,1290,1290,True,True,,STAR,22.871218246928827,1237,False
688067,986,986,986,True,False,,STAR,21.08120595193244,986,False
688068,1293,1293,1293,True,True,,STAR,22.571056773499752,1240,False
688069,1204,1204,1204,True,True,,STAR,21.598440035610707,1204,False
688070,1066,1066,1066,True,True,,STAR,22.011947425721665,1066,False
688071,955,955,955,True,False,,STAR,21.919759249369015,955,False
688072,781,781,781,True,False,,STAR,24.525689479082473,781,False
688073,655,654,651,False,False,VALID_1D_ROWS_BELOW_750,STAR,22.286848048114244,655,False
688075,882,882,882,True,False,,STAR,22.341574667076152,882,False
688076,810,810,810,True,False,,STAR,22.917831753809423,810,False
688077,1204,1204,1204,True,True,,STAR,21.982325082307597,1204,False
688078,1296,1296,1296,True,True,,STAR,21.66554925302466,1243,False
688079,1057,1057,1057,True,True,,STAR,22.15690487523688,1057,False
688080,1296,1296,1296,True,True,,STAR,21.755702020563582,1243,False
688081,1296,1296,1296,True,True,,STAR,21.253988201226854,1243,False
688082,882,882,882,True,False,,STAR,24.554725278930338,882,False
688083,1050,1050,1050,True,True,,STAR,23.248874582852014,1050,False
688084,625,625,625,False,False,VALID_1D_ROWS_BELOW_750,STAR,22.336088547773763,625,False
688085,1267,1266,1264,True,True,,STAR,22.4745907305978,1237,False
688087,969,969,969,True,False,,STAR,22.39033864465515,969,False
688088,1296,1296,1296,True,True,,STAR,23.46861824537927,1243,False
688089,1284,1283,1280,True,True,,STAR,22.117698619888422,1231,False
688090,1296,1296,1296,True,True,,STAR,21.52480177900992,1243,False
688091,925,925,925,True,False,,STAR,22.99710900995973,925,False
688092,1044,1044,1044,True,True,,STAR,21.289687889333038,1044,False
688093,1154,1154,1154,True,True,,STAR,22.36966834294344,1154,False
688095,1170,1170,1170,True,True,,STAR,22.588845828677748,1170,False
688096,1273,1273,1273,True,True,,STAR,21.109287566564415,1243,False
688097,1010,1010,1010,True,True,,STAR,23.244529897703572,1010,False
688098,1296,1296,1296,True,True,,STAR,21.913927978141412,1243,False
688099,1296,1296,1296,True,True,,STAR,24.26592653022522,1243,False
688100,1296,1296,1296,True,True,,STAR,23.41721711366912,1243,False
688101,1296,1296,1296,True,True,,STAR,22.279534169554026,1243,False
688102,804,804,804,True,False,,STAR,22.651180353084886,804,False
688103,924,924,924,True,False,,STAR,22.417109066558556,924,False
688105,885,885,885,True,False,,STAR,22.998334496106672,885,False
688106,1228,1228,1228,True,True,,STAR,23.045524088850577,1228,False
688107,886,886,886,True,False,,STAR,23.221892788813175,886,False
688108,1296,1296,1296,True,True,,STAR,22.11115608396272,1243,False
688109,1030,1029,1026,True,True,,STAR,21.47465051550795,1030,False
688110,861,860,859,True,False,,STAR,23.348123900084897,861,False
688111,1296,1296,1296,True,True,,STAR,25.610061893561163,1243,False
688112,873,873,873,True,False,,STAR,22.52220492446301,873,False
688113,1014,1014,1014,True,True,,STAR,21.683685018517245,1014,False
688114,683,683,683,False,False,VALID_1D_ROWS_BELOW_750,STAR,24.034069580090545,683,False
688115,794,793,790,True,False,,STAR,21.684707362326925,794,False
688116,1296,1296,1296,True,True,,STAR,23.49822806155709,1243,False
688117,994,994,994,True,False,,STAR,21.835569790117656,994,False
688118,1296,1296,1296,True,True,,STAR,21.51817235670486,1243,False
688119,752,752,752,True,False,,STAR,22.306616414617192,752,False
688120,750,750,750,True,False,,STAR,24.34887197415839,750,False
688121,923,922,919,True,False,,STAR,21.912701488654655,923,False
688122,1296,1296,1296,True,True,,STAR,24.272315616448473,1243,False
688123,1296,1296,1296,True,True,,STAR,23.02216763851926,1243,False
688125,784,784,784,True,False,,STAR,21.918841154530696,784,False
688126,1254,1253,1250,True,True,,STAR,24.765903946418938,1231,False
688127,1161,1161,1161,True,True,,STAR,22.8453894261748,1161,False
688128,1296,1296,1296,True,True,,STAR,22.897776051997514,1243,False
688129,1143,1143,1143,True,True,,STAR,21.356816096924057,1143,False
688130,713,713,713,False,False,VALID_1D_ROWS_BELOW_750,STAR,21.68077646523616,713,False
688131,981,981,981,True,False,,STAR,23.008139363860582,981,False
688132,666,665,662,False,False,VALID_1D_ROWS_BELOW_750,STAR,21.765644772193042,666,False
688133,1138,1138,1138,True,True,,STAR,22.42204922379754,1138,False
688135,1130,1130,1130,True,True,,STAR,22.19057821529654,1130,False
688136,1107,1107,1107,True,True,,STAR,22.22082528799028,1107,False
688137,670,670,670,False,False,VALID_1D_ROWS_BELOW_750,STAR,21.73544071976406,670,False
688138,1296,1296,1296,True,True,,STAR,22.44748423745455,1243,False
688139,1284,1283,1280,True,True,,STAR,23.25926742285626,1231,False
688141,614,614,614,False,False,VALID_1D_ROWS_BELOW_750,STAR,23.346450950282822,614,False
688143,612,611,609,False,False,VALID_1D_ROWS_BELOW_750,STAR,22.10281146751489,612,False
688146,536,536,536,False,False,VALID_1D_ROWS_BELOW_750,STAR,23.494622169311196,536,False
688147,614,614,614,False,False,VALID_1D_ROWS_BELOW_750,STAR,23.417840080312097,614,False
688148,949,949,949,True,False,,STAR,22.151952696349266,949,False
688150,802,802,802,True,False,,STAR,22.902273191116905,802,False
688151,870,870,870,True,False,,STAR,22.63160242982597,870,False
688152,654,654,654,False,False,VALID_1D_ROWS_BELOW_750,STAR,22.217798789893507,654,False
688153,787,787,787,True,False,,STAR,23.53977059971925,787,False
688155,1190,1190,1190,True,True,,STAR,22.401464930876053,1190,False
688156,1160,1160,1160,True,True,,STAR,21.387581331045293,1160,False
688157,1221,1220,1217,True,True,,STAR,22.520823068101283,1221,False
688158,1296,1296,1296,True,True,,STAR,22.861739069711327,1243,False
688159,1296,1296,1296,True,True,,STAR,21.786966423218697,1243,False
688160,1129,1129,1129,True,True,,STAR,22.10705706784818,1129,False
688161,934,934,934,True,False,,STAR,23.23708377779454,934,False
688162,888,888,888,True,False,,STAR,22.176324327944446,888,False
688163,807,807,807,True,False,,STAR,21.514721334765227,807,False
688165,1197,1196,1193,True,True,,STAR,22.431722027500854,1197,False
688166,1296,1296,1296,True,True,,STAR,23.320570679743888,1243,False
688167,856,856,856,True,False,,STAR,22.87784387240459,856,False
688168,1296,1296,1296,True,True,,STAR,21.760009104854785,1243,False
688169,1296,1296,1296,True,True,,STAR,24.422800981000186,1243,False
688170,774,774,774,True,False,,STAR,21.934501818548043,774,False
688171,833,833,833,True,False,,STAR,21.350004886269833,833,False
688172,619,619,619,False,False,VALID_1D_ROWS_BELOW_750,STAR,23.870688668759307,619,False
688173,826,826,823,True,False,,STAR,22.535134746378198,826,False
688175,783,781,775,True,False,,STAR,21.71848295148128,783,False
688176,847,847,847,True,False,,STAR,22.495342192722223,847,False
688177,1296,1296,1296,True,True,,STAR,23.060445574704957,1243,False
688178,1277,1275,1269,True,True,,STAR,21.231775067792384,1236,False
688179,1142,1142,1142,True,True,,STAR,22.225623288559206,1142,False
688180,1209,1209,1209,True,True,,STAR,24.442466116090948,1209,False
688181,1296,1296,1296,True,True,,STAR,22.111445936643168,1243,False
688182,884,884,884,True,False,,STAR,22.790128596419386,884,False
688183,1060,1060,1060,True,True,,STAR,23.0783650361227,1060,False
688184,430,430,430,False,False,VALID_1D_ROWS_BELOW_750,STAR,21.64287261684551,430,False
688185,1188,1188,1188,True,True,,STAR,23.706116843104297,1188,False
688186,1296,1296,1296,True,True,,STAR,22.508362626402434,1243,False
688187,927,927,927,True,False,,STAR,24.929729012240475,927,False
688188,1296,1296,1296,True,True,,STAR,24.334792164252676,1243,False
688189,1272,1272,1272,True,True,,STAR,21.715536387975078,1243,False
688190,876,876,876,True,False,,STAR,23.025990831966055,876,False
688191,1019,1018,1015,True,True,,STAR,21.730735988216587,1019,False
688192,866,866,866,True,False,,STAR,23.682324009862384,722,False
688193,791,790,787,True,False,,STAR,21.271387245456097,791,False
688195,1027,1026,1023,True,True,,STAR,22.16295806378918,1027,False
688196,1296,1296,1296,True,True,,STAR,22.517422430774186,1243,False
688197,799,799,799,True,False,,STAR,22.53163123631425,799,False
688198,1296,1296,1296,True,True,,STAR,23.505150325358635,1243,False
688199,1296,1296,1296,True,True,,STAR,22.057844503954232,1243,False
688200,1296,1296,1296,True,True,,STAR,23.799028847282287,1243,False
688201,1009,1008,1007,True,True,,STAR,22.208942225924947,1009,False
688202,1296,1296,1296,True,True,,STAR,23.039320840429102,1243,False
688203,701,701,701,False,False,VALID_1D_ROWS_BELOW_750,STAR,21.620334858861632,701,False
688205,706,706,706,False,False,VALID_1D_ROWS_BELOW_750,STAR,22.697732886240786,706,False
688206,842,841,838,True,False,,STAR,23.13188584595235,842,False
688207,803,803,803,True,False,,STAR,22.154154984420703,803,False
688208,1296,1296,1296,True,True,,STAR,23.54737984164043,1243,False
688209,770,769,766,True,False,,STAR,22.737436254876727,770,False
688210,855,855,855,True,False,,STAR,21.908178138533604,855,False
688211,899,899,899,True,False,,STAR,22.188816326667613,899,False
688212,885,885,885,True,False,,STAR,22.653870596668572,885,False
688213,762,762,762,True,False,,STAR,24.022380964248125,762,False
688215,1177,1177,1177,True,True,,STAR,21.049243194474972,1177,False
688216,981,981,981,True,False,,STAR,21.68991495031322,981,False
688217,1007,1007,1007,True,True,,STAR,21.242478537036497,1007,False
688218,1296,1296,1296,True,True,,STAR,21.53540716591397,1243,False
688219,1125,1125,1125,True,True,,STAR,22.285061721449747,1125,False
688220,842,842,842,True,False,,STAR,24.087483322044513,842,False
688221,1140,1140,1140,True,True,,STAR,22.33857543723239,1140,False
688222,1268,1268,1268,True,True,,STAR,22.61385057354077,1243,False
688223,834,834,834,True,False,,STAR,25.09576100420407,834,False
688225,829,829,829,True,False,,STAR,22.75878049078457,829,False
688226,971,971,971,True,False,,STAR,21.88414287368826,971,False
688227,852,852,852,True,False,,STAR,21.762063201226773,852,False
688228,1269,1268,1265,True,True,,STAR,21.78093561549922,1231,False
688229,1186,1186,1186,True,True,,STAR,21.48783644713704,1186,False
688230,873,873,873,True,False,,STAR,22.385230922226853,873,False
688231,718,718,718,False,False,VALID_1D_ROWS_BELOW_750,STAR,22.25337835630666,718,False
688232,883,883,883,True,False,,STAR,23.048213760059905,883,False
688233,1296,1296,1296,True,True,,STAR,22.575806778434327,1243,False
688234,844,844,844,True,False,,STAR,24.044745314154213,844,False
688235,863,863,863,True,False,,STAR,26.059390855330616,863,False
688236,852,852,852,True,False,,STAR,22.853126704003234,852,False
688237,726,725,722,False,False,VALID_1D_ROWS_BELOW_750,STAR,21.767218704002673,726,False
688238,800,800,800,True,False,,STAR,22.246860301514246,800,False
688239,973,973,973,True,False,,STAR,22.748910954020577,973,False
688244,661,661,661,False,False,VALID_1D_ROWS_BELOW_750,STAR,21.955781115095046,661,False
688246,864,864,864,True,False,,STAR,22.121037893910383,864,False
688247,694,694,694,False,False,VALID_1D_ROWS_BELOW_750,STAR,22.269139473511864,694,False
688248,858,858,858,True,False,,STAR,23.659761913379665,858,False
688249,529,529,529,False,False,VALID_1D_ROWS_BELOW_750,STAR,24.51911763753186,529,False
688251,752,752,752,True,False,,STAR,21.270334514141602,752,False
688252,672,672,672,False,False,VALID_1D_ROWS_BELOW_750,STAR,22.905206600202078,672,False
688253,714,714,714,False,False,VALID_1D_ROWS_BELOW_750,STAR,22.22712651238095,714,False
688255,900,900,900,True,False,,STAR,21.829859860828595,900,False
688256,1206,1206,1206,True,True,,STAR,24.95435680761252,1206,False
688257,898,898,898,True,False,,STAR,21.955035509817854,898,False
688258,1296,1296,1296,True,True,,STAR,22.13127994311293,1243,False
688259,844,844,844,True,False,,STAR,22.263202746804208,844,False
688260,1033,1033,1033,True,True,,STAR,21.456594807139187,1033,False
688261,828,828,828,True,False,,STAR,22.786002904226898,828,False
688262,848,848,848,True,False,,STAR,23.02376827807324,848,False
688265,854,854,854,True,False,,STAR,21.81876670919449,854,False
688266,1296,1296,1296,True,True,,STAR,23.40472562577509,1243,False
688267,824,824,824,True,False,,STAR,22.143917881376822,824,False
688268,1296,1296,1296,True,True,,STAR,22.797644584283784,1243,False
688269,990,990,990,True,False,,STAR,22.377450221055327,990,False
688270,819,819,819,True,False,,STAR,22.954488603510974,819,False
688271,697,697,697,False,False,VALID_1D_ROWS_BELOW_750,STAR,25.390460100357625,697,False
688272,633,633,633,False,False,VALID_1D_ROWS_BELOW_750,STAR,21.30664279335983,633,False
688273,704,704,704,False,False,VALID_1D_ROWS_BELOW_750,STAR,21.82951533389008,704,False
688275,670,670,670,False,False,VALID_1D_ROWS_BELOW_750,STAR,22.556420569314703,670,False
688276,979,979,979,True,False,,STAR,23.509287840874485,979,False
688277,1215,1215,1215,True,True,,STAR,22.56744277749428,1215,False
688278,1296,1296,1296,True,True,,STAR,23.63360099352807,1243,False
688279,781,781,781,True,False,,STAR,23.21643846091108,781,False
688280,898,898,898,True,False,,STAR,22.259066793512893,898,False
688281,811,811,811,True,False,,STAR,23.65765991787083,811,False
688282,557,557,557,False,False,VALID_1D_ROWS_BELOW_750,STAR,22.183646741419,557,False
688283,825,825,825,True,False,,STAR,22.104348138853048,825,False
688285,903,903,903,True,False,,STAR,21.872910969943398,903,False
688286,1191,1191,1191,True,True,,STAR,21.908734107303147,1191,False
688287,0,0,0,False,False,QFQ_OR_TURNOVER_UNAVAILABLE,STAR,,0,False
688288,1296,1296,1296,True,True,,STAR,21.606325883925503,1243,False
688289,1177,1177,1177,True,True,,STAR,23.24785875891013,1177,False
688290,774,774,774,True,False,,STAR,22.359948889486756,774,False
688291,645,644,641,False,False,VALID_1D_ROWS_BELOW_750,STAR,21.597595361059916,645,False
688292,699,699,699,False,False,VALID_1D_ROWS_BELOW_750,STAR,21.991966571592428,699,False
688293,676,675,672,False,False,VALID_1D_ROWS_BELOW_750,STAR,22.35865890764228,676,False
688295,791,791,791,True,False,,STAR,23.904065892962382,791,False
688296,957,957,957,True,False,,STAR,21.193355167394692,957,False
688297,735,735,735,False,False,VALID_1D_ROWS_BELOW_750,STAR,24.151445889938454,735,False
688298,1296,1296,1296,True,True,,STAR,22.776601567941672,1243,False
688299,1296,1296,1296,True,True,,STAR,22.330849434576997,1243,False
688300,1296,1296,1296,True,True,,STAR,22.851427648903158,1243,False
688301,1162,1162,1162,True,True,,STAR,23.92164639793596,1162,False
688302,787,787,787,True,False,,STAR,22.239646715411222,682,False
688303,960,960,960,True,False,,STAR,24.8433978697954,960,False
688305,969,969,969,True,False,,STAR,22.751046526987277,969,False
688306,800,800,800,True,False,,STAR,22.64717484848378,800,False
688307,581,581,581,False,False,VALID_1D_ROWS_BELOW_750,STAR,21.612834698679094,581,False
688308,1109,1109,1109,True,True,,STAR,22.34768289097835,1109,False
688309,960,960,960,True,False,,STAR,21.21785203226697,960,False
688310,1296,1296,1296,True,True,,STAR,21.67747489577547,1243,False
688311,1197,1197,1197,True,True,,STAR,22.645056770773376,1197,False
688312,1234,1234,1234,True,True,,STAR,21.90848492367515,1234,False
688313,1178,1177,1174,True,True,,STAR,22.496695315574797,1178,False
688314,1006,1006,1006,True,True,,STAR,21.699190308012263,1006,False
688315,1028,1028,1028,True,True,,STAR,22.661186180016514,1028,False
688316,1047,1047,1047,True,True,,STAR,21.514356617686214,1047,False
688317,1083,1083,1083,True,True,,STAR,22.200952467076203,1083,False
688318,1261,1261,1261,True,True,,STAR,23.425022402876476,1243,False
688319,991,991,991,True,False,,STAR,22.6455886286417,991,False
688320,775,775,775,True,False,,STAR,22.435930104747857,775,False
688321,1296,1296,1296,True,True,,STAR,23.02348823547481,1243,False
688322,729,729,729,False,False,VALID_1D_ROWS_BELOW_750,STAR,23.481250906793704,729,False
688323,1017,1017,1017,True,True,,STAR,22.022049467154797,1017,False
688325,779,779,779,True,False,,STAR,22.057706002021245,779,False
688326,782,782,782,True,False,,STAR,23.185891853261232,782,False
688327,757,757,757,True,False,,STAR,23.42831812800354,757,False
688328,1052,1052,1052,True,True,,STAR,21.383913607524697,1052,False
688329,1038,1038,1038,True,True,,STAR,21.347228521625617,1038,False
688330,1149,1149,1149,True,True,,STAR,22.32346116801358,1149,False
688331,793,793,793,True,False,,STAR,24.225489090947576,793,False
688332,723,723,723,False,False,VALID_1D_ROWS_BELOW_750,STAR,23.062560965854658,723,False
688333,1296,1296,1296,True,True,,STAR,23.523615092598487,1243,False
688334,498,498,498,False,False,VALID_1D_ROWS_BELOW_750,STAR,22.414791388833798,498,False
688335,1186,1186,1186,True,True,,STAR,21.504291766381392,1186,False
688336,1204,1204,1204,True,True,,STAR,23.249447929300402,1204,False
688337,777,776,773,True,False,,STAR,22.736750349042445,777,False
688338,1193,1193,1193,True,True,,STAR,21.78886803853514,1193,False
688339,1179,1178,1175,True,True,,STAR,22.812592435169638,1179,False
688343,548,548,548,False,False,VALID_1D_ROWS_BELOW_750,STAR,23.61304265637203,548,False
688345,988,988,988,True,False,,STAR,21.930433901486914,988,False
688347,452,451,448,False,False,VALID_1D_ROWS_BELOW_750,STAR,25.222551918597542,452,False
688348,750,750,750,True,False,,STAR,22.857330437288827,750,False
688349,740,740,740,False,False,VALID_1D_ROWS_BELOW_750,STAR,24.24214516351553,740,False
688350,1068,1067,1064,True,True,,STAR,21.460423848811423,1068,False
688351,690,690,690,False,False,VALID_1D_ROWS_BELOW_750,STAR,23.058741650898867,690,False
688352,537,537,537,False,False,VALID_1D_ROWS_BELOW_750,STAR,23.370424023592292,537,False
688353,725,725,725,False,False,VALID_1D_ROWS_BELOW_750,STAR,22.203557015788096,725,False
688355,1010,1010,1010,True,True,,STAR,21.618338065416815,1010,False
688356,1179,1179,1179,True,True,,STAR,22.565032634061417,1179,False
688357,1296,1296,1296,True,True,,STAR,22.192006884350235,1243,False
688358,1296,1296,1296,True,True,,STAR,22.015129311101198,1243,False
688359,1003,1003,1003,True,True,,STAR,22.453400934774915,1003,False
688360,1226,1225,1222,True,True,,STAR,21.631971299759766,1226,False
688361,519,519,519,False,False,VALID_1D_ROWS_BELOW_750,STAR,24.054011850978014,519,False
688362,641,641,641,False,False,VALID_1D_ROWS_BELOW_750,STAR,23.191975562211926,641,False
688363,1296,1296,1296,True,True,,STAR,24.433082444185704,1243,False
688365,1259,1259,1259,True,True,,STAR,22.39526692393001,1243,False
688366,1296,1296,1296,True,True,,STAR,23.4579925287354,1243,False
688367,978,978,978,True,False,,STAR,21.13656973084432,978,False
688368,1272,1270,1264,True,True,,STAR,22.877166624025406,1219,False
688369,1296,1296,1296,True,True,,STAR,22.120738291012525,1243,False
688370,694,694,694,False,False,VALID_1D_ROWS_BELOW_750,STAR,21.798845676318397,694,False
688371,711,711,711,False,False,VALID_1D_ROWS_BELOW_750,STAR,22.454213122760706,711,False
688372,656,656,656,False,False,VALID_1D_ROWS_BELOW_750,STAR,22.873664691916474,656,False
688373,708,708,708,False,False,VALID_1D_ROWS_BELOW_750,STAR,22.11752186215116,708,False
688375,718,718,718,False,False,VALID_1D_ROWS_BELOW_750,STAR,24.192838214172276,718,False
688376,639,639,639,False,False,VALID_1D_ROWS_BELOW_750,STAR,22.32616723282681,639,False
688377,1214,1214,1214,True,True,,STAR,22.30387498672348,1214,False
688378,1173,1173,1173,True,True,,STAR,22.36628642362019,1173,False
688379,1184,1184,1184,True,True,,STAR,21.31118770854775,1184,False
688380,708,708,708,False,False,VALID_1D_ROWS_BELOW_750,STAR,23.11330761526561,708,False
688381,684,683,680,False,False,VALID_1D_ROWS_BELOW_750,STAR,22.424759950027767,684,False
688382,717,717,717,False,False,VALID_1D_ROWS_BELOW_750,STAR,22.920989473781336,654,False
688383,1017,1017,1017,True,True,,STAR,22.78312715813584,1017,False
688385,951,951,951,True,False,,STAR,24.472591878888498,951,False
688386,1148,1148,1148,True,True,,STAR,21.896769101020656,1148,False
688387,673,673,673,False,False,VALID_1D_ROWS_BELOW_750,STAR,23.81662095494225,673,False
688388,1296,1296,1296,True,True,,STAR,23.326599827195203,1243,False
688389,1296,1296,1296,True,True,,STAR,22.747492257394374,1243,False
688390,1172,1172,1172,True,True,,STAR,23.797024963066917,1172,False
688391,682,682,682,False,False,VALID_1D_ROWS_BELOW_750,STAR,22.005594405376158,682,False
688392,672,672,672,False,False,VALID_1D_ROWS_BELOW_750,STAR,22.6765349787593,672,False
688393,1183,1183,1183,True,True,,STAR,21.560594089091683,1183,False
688395,1016,1016,1016,True,True,,STAR,21.3425511689079,1016,False
688396,1296,1296,1296,True,True,,STAR,24.96816024047862,1243,False
688398,1296,1296,1296,True,True,,STAR,21.89982633366201,1243,False
688399,1296,1296,1296,True,True,,STAR,22.36981500842987,1243,False
688400,730,730,730,False,False,VALID_1D_ROWS_BELOW_750,STAR,23.212413480991668,730,False
688401,700,700,700,False,False,VALID_1D_ROWS_BELOW_750,STAR,22.51649284657244,700,False
688403,699,699,699,False,False,VALID_1D_ROWS_BELOW_750,STAR,22.833279067758607,699,False
688408,1177,1177,1177,True,True,,STAR,23.187675024144088,1177,False
688409,668,668,668,False,False,VALID_1D_ROWS_BELOW_750,STAR,23.543669458082512,668,False
688410,613,613,613,False,False,VALID_1D_ROWS_BELOW_750,STAR,22.282600747442174,613,False
688411,107,107,107,False,False,VALID_1D_ROWS_BELOW_750,STAR,24.509014091774706,107,False
688416,692,692,692,False,False,VALID_1D_ROWS_BELOW_750,STAR,21.99246982402466,692,False
688418,1204,1204,1204,True,True,,STAR,21.962238187128957,1204,False
688419,648,648,648,False,False,VALID_1D_ROWS_BELOW_750,STAR,21.777720703456524,648,False
688420,624,624,624,False,False,VALID_1D_ROWS_BELOW_750,STAR,21.466776944340666,624,False
688425,982,982,982,True,False,,STAR,23.82038129178984,982,False
688426,657,657,657,False,False,VALID_1D_ROWS_BELOW_750,STAR,21.673032192691476,657,False
688428,676,676,676,False,False,VALID_1D_ROWS_BELOW_750,STAR,23.84765197883123,676,False
688429,492,492,492,False,False,VALID_1D_ROWS_BELOW_750,STAR,22.54166918444606,492,False
688432,645,645,645,False,False,VALID_1D_ROWS_BELOW_750,STAR,23.418518629984362,645,False
688433,540,540,540,False,False,VALID_1D_ROWS_BELOW_750,STAR,23.385782097493852,540,False
688435,596,596,596,False,False,VALID_1D_ROWS_BELOW_750,STAR,21.810593616186395,596,False
688439,693,693,693,False,False,VALID_1D_ROWS_BELOW_750,STAR,23.22108871200096,693,False
688443,497,497,497,False,False,VALID_1D_ROWS_BELOW_750,STAR,23.083841686176235,497,False
688448,676,676,676,False,False,VALID_1D_ROWS_BELOW_750,STAR,21.522451399099385,676,False
688449,147,147,147,False,False,VALID_1D_ROWS_BELOW_750,STAR,23.84870971702206,147,False
688450,475,475,475,False,False,VALID_1D_ROWS_BELOW_750,STAR,21.237154764004284,475,False
688455,680,680,680,False,False,VALID_1D_ROWS_BELOW_750,STAR,21.542495375298692,680,False
688456,1046,1046,1046,True,True,,STAR,21.91231243767206,1046,False
688458,518,518,518,False,False,VALID_1D_ROWS_BELOW_750,STAR,22.136176004835498,518,False
688459,666,666,666,False,False,VALID_1D_ROWS_BELOW_750,STAR,22.25001755076156,666,False
688466,1255,1255,1255,True,True,,STAR,21.447132893014203,1243,False
688468,1030,1030,1030,True,True,,STAR,21.92237286043911,1030,False
688469,526,526,526,False,False,VALID_1D_ROWS_BELOW_750,STAR,24.275077607193296,526,False
688472,504,504,504,False,False,VALID_1D_ROWS_BELOW_750,STAR,24.499469508016045,504,False
688475,611,611,611,False,False,VALID_1D_ROWS_BELOW_750,STAR,23.95456418181317,611,False
688478,523,522,519,False,False,VALID_1D_ROWS_BELOW_750,STAR,22.18519046366889,523,False
688479,525,525,525,False,False,VALID_1D_ROWS_BELOW_750,STAR,21.72615828010866,525,False
688480,634,634,634,False,False,VALID_1D_ROWS_BELOW_750,STAR,21.893571648565214,634,False
688484,546,546,546,False,False,VALID_1D_ROWS_BELOW_750,STAR,23.46940724766619,546,False
688485,597,597,597,False,False,VALID_1D_ROWS_BELOW_750,STAR,21.151458671133792,597,False
688486,578,578,578,False,False,VALID_1D_ROWS_BELOW_750,STAR,22.839770564434012,578,False
688488,1206,1206,1206,True,True,,STAR,22.386815229449695,1206,False
688489,629,629,629,False,False,VALID_1D_ROWS_BELOW_750,STAR,22.213268025528034,629,False
688496,604,604,604,False,False,VALID_1D_ROWS_BELOW_750,STAR,22.121426853638514,604,False
688498,616,616,616,False,False,VALID_1D_ROWS_BELOW_750,STAR,23.26589592397027,616,False
688499,975,975,975,True,False,,STAR,22.717711234757815,975,False
688500,939,939,939,True,False,,STAR,21.625828258108275,939,False
688501,964,964,964,True,False,,STAR,21.549259852700235,964,False
688502,566,566,566,False,False,VALID_1D_ROWS_BELOW_750,STAR,23.360750995674206,566,False
688503,624,624,624,False,False,VALID_1D_ROWS_BELOW_750,STAR,23.0966990887392,624,False
688505,1225,1225,1225,True,True,,STAR,22.974031227129565,1225,False
688506,605,605,605,False,False,VALID_1D_ROWS_BELOW_750,STAR,25.1567699740405,605,False
688507,539,539,539,False,False,VALID_1D_ROWS_BELOW_750,STAR,22.619651456027718,539,False
688508,1204,1204,1204,True,True,,STAR,22.751271679146825,1204,False
688509,954,954,954,True,False,,STAR,21.9792236963383,954,False
688510,1105,1105,1105,True,True,,STAR,22.27411710113449,1105,False
688511,717,717,717,False,False,VALID_1D_ROWS_BELOW_750,STAR,21.599067852090432,717,False
688512,522,522,522,False,False,VALID_1D_ROWS_BELOW_750,STAR,22.324712185501102,522,False
688513,1174,1174,1174,True,True,,STAR,22.597170646273636,1174,False
688515,585,585,585,False,False,VALID_1D_ROWS_BELOW_750,STAR,22.73624701192598,585,False
688516,1246,1246,1246,True,True,,STAR,23.71817953055524,1243,False
688517,984,984,984,True,False,,STAR,21.40220004503734,984,False
688518,1224,1224,1224,True,True,,STAR,22.820331205935652,1224,False
688519,1185,1185,1185,True,True,,STAR,22.58125614453512,1185,False
688520,1224,1224,1224,True,True,,STAR,23.81614096592824,1224,False
688521,1173,1172,1169,True,True,,STAR,24.141389314981538,1173,False
688522,560,559,556,False,False,VALID_1D_ROWS_BELOW_750,STAR,23.191507634035087,560,False
688523,509,509,509,False,False,VALID_1D_ROWS_BELOW_750,STAR,22.878030041316052,509,False
688525,609,609,609,False,False,VALID_1D_ROWS_BELOW_750,STAR,24.073798212516056,609,False
688526,1160,1160,1160,True,True,,STAR,22.906596499057134,1160,False
688528,1219,1219,1219,True,True,,STAR,21.31065242182719,1219,False
688529,1132,1132,1132,True,True,,STAR,21.89438481640127,1132,False
688530,285,285,285,False,False,VALID_1D_ROWS_BELOW_750,STAR,21.769600985641162,285,False
688531,538,537,534,False,False,VALID_1D_ROWS_BELOW_750,STAR,22.63247417169236,538,False
688533,1024,1024,1024,True,True,,STAR,22.460236200088033,1024,False
688535,536,535,532,False,False,VALID_1D_ROWS_BELOW_750,STAR,22.59756307245251,536,False
688536,1137,1135,1129,True,True,,STAR,23.879003807897256,1137,False
688538,998,998,998,True,False,,STAR,24.299076827676494,998,False
688539,539,539,539,False,False,VALID_1D_ROWS_BELOW_750,STAR,22.343781365401014,539,False
688543,496,496,496,False,False,VALID_1D_ROWS_BELOW_750,STAR,23.003288732915852,496,False
688545,110,110,110,False,False,VALID_1D_ROWS_BELOW_750,STAR,23.57010350554117,110,False
688548,459,459,459,False,False,VALID_1D_ROWS_BELOW_750,STAR,23.36881463732039,459,False
688549,441,441,441,False,False,VALID_1D_ROWS_BELOW_750,STAR,23.27793747917036,441,False
688550,1167,1166,1163,True,True,,STAR,22.508643760422842,1167,False
688551,1168,1168,1168,True,True,,STAR,22.010807607998203,1168,False
688552,520,520,520,False,False,VALID_1D_ROWS_BELOW_750,STAR,22.699252536528153,520,False
688553,899,899,899,True,False,,STAR,22.64000902126755,899,False
688556,1192,1192,1192,True,True,,STAR,23.08865702782976,1192,False
688557,1115,1115,1115,True,True,,STAR,21.626622564035966,1115,False
688558,1180,1180,1180,True,True,,STAR,22.107147289342013,1180,False
688559,1169,1169,1169,True,True,,STAR,22.99197354900714,1169,False
688560,1099,1099,1099,True,True,,STAR,21.998952920309932,1099,False
688561,1204,1204,1204,True,True,,STAR,24.158156806793045,1204,False
688562,516,516,516,False,False,VALID_1D_ROWS_BELOW_750,STAR,22.657103237512075,516,False
688563,478,478,478,False,False,VALID_1D_ROWS_BELOW_750,STAR,23.926804648804374,478,False
688565,1009,1009,1009,True,True,,STAR,21.00703158108587,1009,False
688566,1249,1249,1249,True,True,,STAR,22.26044823474278,1243,False
688567,1196,1194,1191,True,True,,STAR,23.858532631001488,1196,False
688568,1214,1214,1214,True,True,,STAR,23.593581275535605,1214,False
688569,1176,1176,1176,True,True,,STAR,22.20911904561185,1176,False
688570,508,508,508,False,False,VALID_1D_ROWS_BELOW_750,STAR,22.85486623403775,508,False
688571,1108,1108,1108,True,True,,STAR,21.707289980854657,1108,False
688573,457,457,457,False,False,VALID_1D_ROWS_BELOW_750,STAR,21.43819615928834,457,False
688575,1007,1007,1007,True,True,,STAR,23.099135327349583,1007,False
688576,507,507,507,False,False,VALID_1D_ROWS_BELOW_750,STAR,21.864718602970964,507,False
688577,1164,1164,1164,True,True,,STAR,21.807090940602,1164,False
688578,1115,1115,1115,True,True,,STAR,23.637842283539392,1115,False
688579,1207,1207,1207,True,True,,STAR,22.207618938025174,1207,False
688580,1205,1205,1205,True,True,,STAR,22.191338588513705,1205,False
688581,519,519,519,False,False,VALID_1D_ROWS_BELOW_750,STAR,22.307641943228035,519,False
688582,470,470,470,False,False,VALID_1D_ROWS_BELOW_750,STAR,23.918395351170822,470,False
688583,115,115,115,False,False,VALID_1D_ROWS_BELOW_750,STAR,23.05114511764579,115,False
688584,339,339,339,False,False,VALID_1D_ROWS_BELOW_750,STAR,23.32906752571481,339,False
688585,1134,1131,1124,True,True,,STAR,21.95282733792579,1134,False
688586,1197,1197,1197,True,True,,STAR,22.95733673395582,1197,False
688588,1242,1241,1238,True,True,,STAR,22.41043026423168,1231,False
688589,1204,1204,1204,True,True,,STAR,21.999891444086195,1204,False
688590,1112,1112,1112,True,True,,STAR,22.100497429646445,1112,False
688591,444,443,440,False,False,VALID_1D_ROWS_BELOW_750,STAR,22.918428542979786,444,False
688592,458,458,458,False,False,VALID_1D_ROWS_BELOW_750,STAR,21.71763640464152,458,False
688593,498,497,494,False,False,VALID_1D_ROWS_BELOW_750,STAR,22.87182767717117,498,False
688595,1156,1156,1156,True,True,,STAR,22.41005690133108,1156,False
688596,1183,1183,1183,True,True,,STAR,23.001659514531642,1183,False
688597,985,985,985,True,False,,STAR,21.67448292695468,985,False
688598,1249,1249,1249,True,True,,STAR,23.158232352010604,1243,False
688599,1232,1232,1232,True,True,,STAR,24.78206518183771,1232,False
688600,1217,1217,1217,True,True,,STAR,21.66644322152417,1217,False
688601,978,978,978,True,False,,STAR,22.529163901293817,978,False
688602,477,477,477,False,False,VALID_1D_ROWS_BELOW_750,STAR,22.16000078525238,477,False
688603,485,485,485,False,False,VALID_1D_ROWS_BELOW_750,STAR,22.614948528050586,485,False
688605,138,138,138,False,False,VALID_1D_ROWS_BELOW_750,STAR,23.28836083721158,138,False
688606,1040,1040,1040,True,True,,STAR,22.409559059843062,1040,False
688607,1073,1073,1073,True,True,,STAR,21.30788470618888,1073,False
688608,1105,1105,1105,True,True,,STAR,23.65848348263441,1105,False
688609,1042,1042,1042,True,True,,STAR,22.29655816837314,1042,False
688610,478,478,478,False,False,VALID_1D_ROWS_BELOW_750,STAR,21.698834676699697,478,False
688611,1029,1029,1029,True,True,,STAR,21.91304671053949,1029,False
688612,473,473,473,False,False,VALID_1D_ROWS_BELOW_750,STAR,23.193861244817136,473,False
688613,1003,1003,1003,True,True,,STAR,21.808710309282635,1003,False
688615,188,188,188,False,False,VALID_1D_ROWS_BELOW_750,STAR,24.008693067717054,188,False
688616,1045,1045,1045,True,True,,STAR,21.36491750601641,1045,False
688617,1090,1090,1090,True,True,,STAR,23.98573831436435,1090,False
688618,1095,1095,1095,True,True,,STAR,21.797608771314803,1095,False
688619,1062,1062,1062,True,True,,STAR,21.63084126321324,1062,False
688620,494,494,494,False,False,VALID_1D_ROWS_BELOW_750,STAR,22.24121947102588,494,False
688621,960,958,952,True,False,,STAR,22.653394914779064,960,False
688622,905,904,901,True,False,,STAR,21.71566826241502,905,False
688623,505,505,505,False,False,VALID_1D_ROWS_BELOW_750,STAR,22.009447503200363,505,False
688625,992,992,992,True,False,,STAR,22.44830055831303,992,False
688626,1036,1036,1036,True,True,,STAR,22.554117797760178,1036,False
688627,479,479,479,False,False,VALID_1D_ROWS_BELOW_750,STAR,22.763818678787445,479,False
688628,1073,1073,1073,True,True,,STAR,22.10104665374355,1073,False
688629,494,494,494,False,False,VALID_1D_ROWS_BELOW_750,STAR,23.918240961409204,494,False
688630,1035,1035,1035,True,True,,STAR,22.946457140130423,1035,False
688631,493,493,493,False,False,VALID_1D_ROWS_BELOW_750,STAR,23.270770102094875,493,False
688633,1041,1041,1041,True,True,,STAR,21.97090184987725,1041,False
688636,1031,1031,1031,True,True,,STAR,22.277517920479717,1031,False
688638,483,483,483,False,False,VALID_1D_ROWS_BELOW_750,STAR,21.29401936929229,483,False
688639,1021,1021,1021,True,True,,STAR,23.21356790525132,1021,False
688646,223,223,223,False,False,VALID_1D_ROWS_BELOW_750,STAR,21.851414235611543,223,False
688648,401,401,401,False,False,VALID_1D_ROWS_BELOW_750,STAR,22.609729241643763,401,False
688651,473,473,473,False,False,VALID_1D_ROWS_BELOW_750,STAR,21.751112587453406,473,False
688652,389,389,389,False,False,VALID_1D_ROWS_BELOW_750,STAR,23.08862289163031,389,False
688653,397,397,397,False,False,VALID_1D_ROWS_BELOW_750,STAR,22.433629839490457,397,False
688655,1000,999,996,True,True,,STAR,21.32909901291143,1000,False
688656,1071,1069,1065,True,True,,STAR,21.63130399257794,1071,False
688657,425,425,425,False,False,VALID_1D_ROWS_BELOW_750,STAR,21.812409473641054,425,False
688658,1099,1099,1099,True,True,,STAR,22.88226920146243,1099,False
688659,1036,1036,1036,True,True,,STAR,21.232970717585204,1036,False
688660,1005,1005,1005,True,True,,STAR,22.92787057158025,1005,False
688661,1038,1038,1038,True,True,,STAR,22.388631730420627,1038,False
688662,1035,1035,1035,True,True,,STAR,21.878534161431908,1035,False
688663,1028,1028,1028,True,True,,STAR,22.172224737834615,1028,False
688665,1067,1067,1067,True,True,,STAR,22.387583335846916,1067,False
688667,1038,1037,1034,True,True,,STAR,22.064561520399565,1038,False
688668,1102,1102,1102,True,True,,STAR,22.518887108428068,1102,False
688669,1078,1078,1078,True,True,,STAR,21.529116512913948,1078,False
688670,953,953,953,True,False,,STAR,21.644854509913863,953,False
688671,463,463,463,False,False,VALID_1D_ROWS_BELOW_750,STAR,21.210431844552456,463,False
688676,1052,1052,1052,True,True,,STAR,23.48268824572021,1052,False
688677,1059,1059,1059,True,True,,STAR,22.532769099841797,1059,False
688678,1100,1100,1100,True,True,,STAR,22.081572281833857,1100,False
688679,1098,1098,1098,True,True,,STAR,21.204337688914748,1098,False
688680,1079,1079,1079,True,True,,STAR,22.32752384457568,1079,False
688681,986,986,986,True,False,,STAR,21.134245271050446,986,False
688682,1023,1023,1023,True,True,,STAR,22.011047639437052,1023,False
688683,1029,1029,1029,True,True,,STAR,21.989540763533125,1029,False
688685,1009,1009,1009,True,True,,STAR,21.97156828389606,1009,False
688686,1026,1026,1026,True,True,,STAR,23.340449522927795,1026,False
688687,1068,1068,1068,True,True,,STAR,22.179412338880972,1068,False
688689,1076,1076,1076,True,True,,STAR,21.915733367815342,1076,False
688690,981,981,981,True,False,,STAR,23.13174314746029,981,False
688691,302,302,302,False,False,VALID_1D_ROWS_BELOW_750,STAR,23.076040707241425,302,False
688692,262,262,262,False,False,VALID_1D_ROWS_BELOW_750,STAR,24.066880816922886,262,False
688693,445,444,441,False,False,VALID_1D_ROWS_BELOW_750,STAR,21.7007605957452,445,False
688695,321,321,321,False,False,VALID_1D_ROWS_BELOW_750,STAR,21.637717851623705,321,False
688696,1056,1056,1056,True,True,,STAR,22.853121216124606,1056,False
688697,919,919,919,True,False,,STAR,22.605668146786154,919,False
688698,1096,1096,1096,True,True,,STAR,22.515610384638567,1096,False
688699,1103,1103,1103,True,True,,STAR,22.290717685594448,1103,False
688700,987,987,987,True,False,,STAR,23.19065352189506,987,False
688701,920,920,920,True,False,,STAR,20.887893917879605,920,False
688702,437,437,437,False,False,VALID_1D_ROWS_BELOW_750,STAR,24.16502918035523,437,False
688707,922,922,922,True,False,,STAR,22.74582773593953,922,False
688708,143,143,143,False,False,VALID_1D_ROWS_BELOW_750,STAR,23.930579792250196,143,False
688709,340,340,340,False,False,VALID_1D_ROWS_BELOW_750,STAR,23.89491214811237,340,False
688710,203,203,203,False,False,VALID_1D_ROWS_BELOW_750,STAR,22.604223129279017,203,False
688711,931,931,931,True,False,,STAR,22.491059921880193,931,False
688712,0,0,0,False,False,QFQ_OR_TURNOVER_UNAVAILABLE,STAR,,0,False
688716,433,433,433,False,False,VALID_1D_ROWS_BELOW_750,STAR,22.223760824550656,433,False
688717,365,365,365,False,False,VALID_1D_ROWS_BELOW_750,STAR,23.024730302271752,365,False
688718,956,956,956,True,False,,STAR,21.666428218041847,956,False
688719,427,427,427,False,False,VALID_1D_ROWS_BELOW_750,STAR,22.200584917812556,427,False
688720,372,371,368,False,False,VALID_1D_ROWS_BELOW_750,STAR,22.131553073835924,372,False
688721,223,223,223,False,False,VALID_1D_ROWS_BELOW_750,STAR,22.534987234507053,223,False
688722,904,904,904,True,False,,STAR,22.078809817483346,904,False
688726,170,170,170,False,False,VALID_1D_ROWS_BELOW_750,STAR,23.684190124629502,170,False
688727,0,0,0,False,False,QFQ_OR_TURNOVER_UNAVAILABLE,STAR,,0,False
688728,941,941,941,True,False,,STAR,24.437112298649506,941,False
688729,2,2,2,False,False,VALID_1D_ROWS_BELOW_750,STAR,25.023771814508322,2,False
688733,942,942,942,True,False,,STAR,22.401664657345002,942,False
688737,901,901,901,True,False,,STAR,21.776389147314106,901,False
688739,890,889,889,True,False,,STAR,23.181978291261586,890,False
688750,154,154,154,False,False,VALID_1D_ROWS_BELOW_750,STAR,22.94413230810733,154,False
688755,38,38,38,False,False,VALID_1D_ROWS_BELOW_750,STAR,21.9367245368431,38,False
688757,72,72,72,False,False,VALID_1D_ROWS_BELOW_750,STAR,23.14581451833944,72,False
688758,118,118,118,False,False,VALID_1D_ROWS_BELOW_750,STAR,22.80534105453978,118,False
688759,0,0,0,False,False,QFQ_OR_TURNOVER_UNAVAILABLE,STAR,,0,False
688765,0,0,0,False,False,QFQ_OR_TURNOVER_UNAVAILABLE,STAR,,0,False
688766,926,925,922,True,False,,STAR,22.891989664499746,926,False
688767,926,926,926,True,False,,STAR,22.126610854460385,926,False
688768,958,958,958,True,False,,STAR,22.1495715079119,958,False
688772,906,906,906,True,False,,STAR,23.736145067794208,906,False
688775,21,21,21,False,False,VALID_1D_ROWS_BELOW_750,STAR,25.081958591784357,21,False
688776,932,932,932,True,False,,STAR,22.971337641775385,932,False
688777,1121,1121,1121,True,True,,STAR,24.38760704785441,1121,False
688778,950,950,950,True,False,,STAR,23.77848293198788,950,False
688779,946,946,946,True,False,,STAR,23.37643990101524,946,False
688781,0,0,0,False,False,QFQ_OR_TURNOVER_UNAVAILABLE,STAR,,0,False
688783,0,0,0,False,False,QFQ_OR_TURNOVER_UNAVAILABLE,STAR,,0,False
688785,0,0,0,False,False,QFQ_OR_TURNOVER_UNAVAILABLE,STAR,,0,False
688786,935,935,935,True,False,,STAR,22.032599786325974,935,False
688787,944,944,944,True,False,,STAR,22.35165653198009,944,False
688788,1144,1144,1144,True,True,,STAR,22.247604006417333,1144,False
688789,970,970,970,True,False,,STAR,23.26466821486499,970,False
688790,0,0,0,False,False,QFQ_OR_TURNOVER_UNAVAILABLE,STAR,,0,False
688793,965,965,965,True,False,,STAR,21.74348405818651,965,False
688795,0,0,0,False,False,QFQ_OR_TURNOVER_UNAVAILABLE,STAR,,0,False
688796,0,0,0,False,False,QFQ_OR_TURNOVER_UNAVAILABLE,STAR,,0,False
688798,943,943,943,True,False,,STAR,23.525107197115805,943,False
688799,967,967,967,True,False,,STAR,22.077295753874452,967,False
688800,960,960,960,True,False,,STAR,22.951750035901178,960,False
688802,0,0,0,False,False,QFQ_OR_TURNOVER_UNAVAILABLE,STAR,,0,False
688805,0,0,0,False,False,QFQ_OR_TURNOVER_UNAVAILABLE,STAR,,0,False
688807,0,0,0,False,False,QFQ_OR_TURNOVER_UNAVAILABLE,STAR,,0,False
688809,0,0,0,False,False,QFQ_OR_TURNOVER_UNAVAILABLE,STAR,,0,False
688811,0,0,0,False,False,QFQ_OR_TURNOVER_UNAVAILABLE,STAR,,0,False
688813,0,0,0,False,False,QFQ_OR_TURNOVER_UNAVAILABLE,STAR,,0,False
688816,0,0,0,False,False,QFQ_OR_TURNOVER_UNAVAILABLE,STAR,,0,False
688818,0,0,0,False,False,QFQ_OR_TURNOVER_UNAVAILABLE,STAR,,0,False
688819,1083,1083,1083,True,True,,STAR,24.163513692913064,1083,False
688981,1199,1198,1195,True,True,,STAR,26.778617251615575,1199,False
