rebalance_date,next_rebalance_date,period_trading_days,period_type,universe_count,eligible_count,eligible_codes,start_ineligible_codes,coverage_ratio,coverage_pass,end_price_missing_count,end_price_missing_codes,period_valid,invalid_period,gross_return,stock_return_outlier_codes,portfolio_return_outlier,universe_name,transaction_cost,period_phase,headline_included,provisional,turnover,cost_drag,net_return,nav,termination_reason,research_baseline_only,adjusted_return_source,current_universe_historical_performance,point_in_time_strategy_backtest,survivorship_or_future_universe_bias,close_to_close_execution_assumption,execution_sim_ready,formal_performance_conclusion_allowed,no_investment_conclusion
2021-03-31,2021-04-29,20,full,56,49,000681;000901;000938;000977;002015;002044;002049;002065;002131;002212;002230;002236;002279;002315;002361;002373;002396;002410;002446;002544;002558;002757;002792;002881;002929;002935;002987;300002;300017;300033;300047;300058;300101;300113;300133;300170;300182;300339;300348;300378;300413;300454;300458;300496;300627;300629;300634;300674;300857,000063;001208;300996;301050;301110;301165;301171,0.875,true,0,,true,false,-0.003521132855046454,,false,research_universe_v1_2,0.0,headline,true,false,1.0,0.0,-0.003521132855046454,0.9964788671449536,,true,qfq,true,false,true,true,false,false,true
2021-04-29,2021-06-01,20,full,56,50,000063;000681;000901;000938;000977;002015;002044;002049;002065;002131;002212;002230;002236;002279;002315;002361;002373;002396;002410;002446;002544;002558;002757;002792;002881;002929;002935;002987;300002;300017;300033;300047;300058;300101;300113;300133;300170;300182;300339;300348;300378;300413;300454;300458;300496;300627;300629;300634;300674;300857,001208;300996;301050;301110;301165;301171,0.8928571428571429,true,0,,true,false,0.08145685521039749,300339,false,research_universe_v1_2,0.0,headline,true,false,0.045681779442886095,0.0,0.08145685521039749,1.077648901946201,,true,qfq,true,false,true,true,false,false,true
2021-06-01,2021-06-30,20,full,56,50,000063;000681;000901;000938;000977;002015;002044;002049;002065;002131;002212;002230;002236;002279;002315;002361;002373;002396;002410;002446;002544;002558;002757;002792;002881;002929;002935;002987;300002;300017;300033;300047;300058;300101;300113;300133;300170;300182;300339;300348;300378;300413;300454;300458;300496;300627;300629;300634;300674;300857,001208;300996;301050;301110;301165;301171,0.8928571428571429,true,0,,true,false,0.062329729077167384,300339;300458,false,research_universe_v1_2,0.0,headline,true,false,0.04349394828771633,0.0,0.062329729077167384,1.1448184660448146,,true,qfq,true,false,true,true,false,false,true
2021-06-30,2021-07-28,20,full,56,52,000063;000681;000901;000938;000977;001208;002015;002044;002049;002065;002131;002212;002230;002236;002279;002315;002361;002373;002396;002410;002446;002544;002558;002757;002792;002881;002929;002935;002987;300002;300017;300033;300047;300058;300101;300113;300133;300170;300182;300339;300348;300378;300413;300454;300458;300496;300627;300629;300634;300674;300857;300996,301050;301110;301165;301171,0.9285714285714286,true,0,,true,false,-0.04218223243262907,,false,research_universe_v1_2,0.0,headline,true,false,0.06850638004008346,0.0,-0.04218223243262907,1.0965274674169463,,true,qfq,true,false,true,true,false,false,true
2021-07-28,2021-08-25,20,full,56,52,000063;000681;000901;000938;000977;001208;002015;002044;002049;002065;002131;002212;002230;002236;002279;002315;002361;002373;002396;002410;002446;002544;002558;002757;002792;002881;002929;002935;002987;300002;300017;300033;300047;300058;300101;300113;300133;300170;300182;300339;300348;300378;300413;300454;300458;300496;300627;300629;300634;300674;300857;300996,301050;301110;301165;301171,0.9285714285714286,true,0,,true,false,0.11147376715366487,001208;002015,false,research_universe_v1_2,0.0,headline,true,false,0.0552671710960767,0.0,0.11147376715366487,1.218761514997381,,true,qfq,true,false,true,true,false,false,true
2021-08-25,2021-09-24,20,full,56,53,000063;000681;000901;000938;000977;001208;002015;002044;002049;002065;002131;002212;002230;002236;002279;002315;002361;002373;002396;002410;002446;002544;002558;002757;002792;002881;002929;002935;002987;300002;300017;300033;300047;300058;300101;300113;300133;300170;300182;300339;300348;300378;300413;300454;300458;300496;300627;300629;300634;300674;300857;300996;301050,301110;301165;301171,0.9464285714285714,true,0,,true,false,-0.020855507842057096,,false,research_universe_v1_2,0.0,headline,true,false,0.07439087351886607,0.0,-0.020855507842057096,1.1933436246637557,,true,qfq,true,false,true,true,false,false,true
2021-09-24,2021-10-29,20,full,56,53,000063;000681;000901;000938;000977;001208;002015;002044;002049;002065;002131;002212;002230;002236;002279;002315;002361;002373;002396;002410;002446;002544;002558;002757;002792;002881;002929;002935;002987;300002;300017;300033;300047;300058;300101;300113;300133;300170;300182;300339;300348;300378;300413;300454;300458;300496;300627;300629;300634;300674;300857;300996;301050,301110;301165;301171,0.9464285714285714,true,0,,true,false,-0.026852719499198232,,false,research_universe_v1_2,0.0,headline,true,false,0.039399391542229614,0.0,-0.026852719499198232,1.1612991030445035,,true,qfq,true,false,true,true,false,false,true
2021-10-29,2021-11-26,20,full,56,53,000063;000681;000901;000938;000977;001208;002015;002044;002049;002065;002131;002212;002230;002236;002279;002315;002361;002373;002396;002410;002446;002544;002558;002757;002792;002881;002929;002935;002987;300002;300017;300033;300047;300058;300101;300113;300133;300170;300182;300339;300348;300378;300413;300454;300458;300496;300627;300629;300634;300674;300857;300996;301050,301110;301165;301171,0.9464285714285714,true,0,,true,false,0.11082704178036645,,false,research_universe_v1_2,0.0,headline,true,false,0.0486818588298208,0.0,0.11082704178036645,1.2900024472571188,,true,qfq,true,false,true,true,false,false,true
2021-11-26,2021-12-24,20,full,56,53,000063;000681;000901;000938;000977;001208;002015;002044;002049;002065;002131;002212;002230;002236;002279;002315;002361;002373;002396;002410;002446;002544;002558;002757;002792;002881;002929;002935;002987;300002;300017;300033;300047;300058;300101;300113;300133;300170;300182;300339;300348;300378;300413;300454;300458;300496;300627;300629;300634;300674;300857;300996;301050,301110;301165;301171,0.9464285714285714,true,0,,true,false,0.004040857420384856,,false,research_universe_v1_2,0.0,headline,true,false,0.041157215326556904,0.0,0.004040857420384856,1.2952151632184326,,true,qfq,true,false,true,true,false,false,true
2021-12-24,2022-01-24,20,full,56,53,000063;000681;000901;000938;000977;001208;002015;002044;002049;002065;002131;002212;002230;002236;002279;002315;002361;002373;002396;002410;002446;002544;002558;002757;002792;002881;002929;002935;002987;300002;300017;300033;300047;300058;300101;300113;300133;300170;300182;300339;300348;300378;300413;300454;300458;300496;300627;300629;300634;300674;300857;300996;301050,301110;301165;301171,0.9464285714285714,true,0,,true,false,0.029004057412904086,002987;300047,false,research_universe_v1_2,0.0,headline,true,false,0.046331627752340336,0.0,0.029004057412904086,1.3327816581744838,,true,qfq,true,false,true,true,false,false,true
2022-01-24,2022-02-28,20,full,56,53,000063;000681;000901;000938;000977;001208;002015;002044;002049;002065;002131;002212;002230;002236;002279;002315;002361;002373;002396;002410;002446;002544;002558;002757;002792;002881;002929;002935;002987;300002;300017;300033;300047;300058;300101;300113;300133;300170;300182;300339;300348;300378;300413;300454;300458;300496;300627;300629;300634;300674;300857;300996;301050,301110;301165;301171,0.9464285714285714,true,0,,true,false,-0.05988006059649829,,false,research_universe_v1_2,0.0,headline,true,false,0.05482956538409469,0.0,-0.05988006059649829,1.2529746117210943,,true,qfq,true,false,true,true,false,false,true
2022-02-28,2022-03-28,20,full,56,53,000063;000681;000901;000938;000977;001208;002015;002044;002049;002065;002131;002212;002230;002236;002279;002315;002361;002373;002396;002410;002446;002544;002558;002757;002792;002881;002929;002935;002987;300002;300017;300033;300047;300058;300101;300113;300133;300170;300182;300339;300348;300378;300413;300454;300458;300496;300627;300629;300634;300674;300857;300996;301050,301110;301165;301171,0.9464285714285714,true,0,,true,false,-0.11344466766328229,,false,research_universe_v1_2,0.0,headline,true,false,0.04152118388677165,0.0,-0.11344466766328229,1.1108313233038645,,true,qfq,true,false,true,true,false,false,true
2022-03-28,2022-04-27,20,full,56,54,000063;000681;000901;000938;000977;001208;002015;002044;002049;002065;002131;002212;002230;002236;002279;002315;002361;002373;002396;002410;002446;002544;002558;002757;002792;002881;002929;002935;002987;300002;300017;300033;300047;300058;300101;300113;300133;300170;300182;300339;300348;300378;300413;300454;300458;300496;300627;300629;300634;300674;300857;300996;301050;301110,301165;301171,0.9642857142857143,true,0,,true,false,-0.20143783910139093,,false,research_universe_v1_2,0.0,headline,true,false,0.0417810709892941,0.0,-0.20143783910139093,0.8870678619313955,,true,qfq,true,false,true,true,false,false,true
2022-04-27,2022-05-30,20,full,56,54,000063;000681;000901;000938;000977;001208;002015;002044;002049;002065;002131;002212;002230;002236;002279;002315;002361;002373;002396;002410;002446;002544;002558;002757;002792;002881;002929;002935;002987;300002;300017;300033;300047;300058;300101;300113;300133;300170;300182;300339;300348;300378;300413;300454;300458;300496;300627;300629;300634;300674;300857;300996;301050;301110,301165;301171,0.9642857142857143,true,0,,true,false,0.12287910140175709,,false,research_universe_v1_2,0.0,headline,true,false,0.048596315829961254,0.0,0.12287910140175709,0.9960699636879035,,true,qfq,true,false,true,true,false,false,true
2022-05-30,2022-06-28,20,full,56,54,000063;000681;000901;000938;000977;001208;002015;002044;002049;002065;002131;002212;002230;002236;002279;002315;002361;002373;002396;002410;002446;002544;002558;002757;002792;002881;002929;002935;002987;300002;300017;300033;300047;300058;300101;300113;300133;300170;300182;300339;300348;300378;300413;300454;300458;300496;300627;300629;300634;300674;300857;300996;301050;301110,301165;301171,0.9642857142857143,true,0,,true,false,0.11324544322647587,,false,research_universe_v1_2,0.0,headline,true,false,0.03395746042380583,0.0,0.11324544322647587,1.1088703482103197,,true,qfq,true,false,true,true,false,false,true
2022-06-28,2022-07-26,20,full,56,54,000063;000681;000901;000938;000977;001208;002015;002044;002049;002065;002131;002212;002230;002236;002279;002315;002361;002373;002396;002410;002446;002544;002558;002757;002792;002881;002929;002935;002987;300002;300017;300033;300047;300058;300101;300113;300133;300170;300182;300339;300348;300378;300413;300454;300458;300496;300627;300629;300634;300674;300857;300996;301050;301110,301165;301171,0.9642857142857143,true,0,,true,false,-0.016240284351261985,,false,research_universe_v1_2,0.0,headline,true,false,0.03133731834993901,0.0,-0.016240284351261985,1.0908619784467013,,true,qfq,true,false,true,true,false,false,true
2022-07-26,2022-08-23,20,full,56,54,000063;000681;000901;000938;000977;001208;002015;002044;002049;002065;002131;002212;002230;002236;002279;002315;002361;002373;002396;002410;002446;002544;002558;002757;002792;002881;002929;002935;002987;300002;300017;300033;300047;300058;300101;300113;300133;300170;300182;300339;300348;300378;300413;300454;300458;300496;300627;300629;300634;300674;300857;300996;301050;301110,301165;301171,0.9642857142857143,true,0,,true,false,0.027327716488126933,,false,research_universe_v1_2,0.0,headline,true,false,0.027218735770615426,0.0,0.027327716488126933,1.12067274532137,,true,qfq,true,false,true,true,false,false,true
2022-08-23,2022-09-21,20,full,56,55,000063;000681;000901;000938;000977;001208;002015;002044;002049;002065;002131;002212;002230;002236;002279;002315;002361;002373;002396;002410;002446;002544;002558;002757;002792;002881;002929;002935;002987;300002;300017;300033;300047;300058;300101;300113;300133;300170;300182;300339;300348;300378;300413;300454;300458;300496;300627;300629;300634;300674;300857;300996;301050;301110;301171,301165,0.9821428571428571,true,0,,true,false,-0.08647464354612136,,false,research_universe_v1_2,0.0,headline,true,false,0.038491781150055415,0.0,-0.08647464354612136,1.0237629691378514,,true,qfq,true,false,true,true,false,false,true
2022-09-21,2022-10-26,20,full,56,55,000063;000681;000901;000938;000977;001208;002015;002044;002049;002065;002131;002212;002230;002236;002279;002315;002361;002373;002396;002410;002446;002544;002558;002757;002792;002881;002929;002935;002987;300002;300017;300033;300047;300058;300101;300113;300133;300170;300182;300339;300348;300378;300413;300454;300458;300496;300627;300629;300634;300674;300857;300996;301050;301110;301171,301165,0.9821428571428571,true,0,,true,false,0.03227014154957331,,false,research_universe_v1_2,0.0,headline,true,false,0.03127724996492081,0.0,0.03227014154957331,1.0567999450651413,,true,qfq,true,false,true,true,false,false,true
2022-10-26,2022-11-23,20,full,56,55,000063;000681;000901;000938;000977;001208;002015;002044;002049;002065;002131;002212;002230;002236;002279;002315;002361;002373;002396;002410;002446;002544;002558;002757;002792;002881;002929;002935;002987;300002;300017;300033;300047;300058;300101;300113;300133;300170;300182;300339;300348;300378;300413;300454;300458;300496;300627;300629;300634;300674;300857;300996;301050;301110;301171,301165,0.9821428571428571,true,0,,true,false,0.04424245306464205,,false,research_universe_v1_2,0.0,headline,true,false,0.038482614527005965,0.0,0.04424245306464205,1.1035553670334022,,true,qfq,true,false,true,true,false,false,true
2022-11-23,2022-12-21,20,full,56,56,000063;000681;000901;000938;000977;001208;002015;002044;002049;002065;002131;002212;002230;002236;002279;002315;002361;002373;002396;002410;002446;002544;002558;002757;002792;002881;002929;002935;002987;300002;300017;300033;300047;300058;300101;300113;300133;300170;300182;300339;300348;300378;300413;300454;300458;300496;300627;300629;300634;300674;300857;300996;301050;301110;301165;301171,,1.0,true,0,,true,false,-0.06275757890989693,,false,research_universe_v1_2,0.0,headline,true,false,0.041749924981356885,0.0,-0.06275757890989693,1.0342989040053632,,true,qfq,true,false,true,true,false,false,true
2022-12-21,2023-01-19,20,full,56,56,000063;000681;000901;000938;000977;001208;002015;002044;002049;002065;002131;002212;002230;002236;002279;002315;002361;002373;002396;002410;002446;002544;002558;002757;002792;002881;002929;002935;002987;300002;300017;300033;300047;300058;300101;300113;300133;300170;300182;300339;300348;300378;300413;300454;300458;300496;300627;300629;300634;300674;300857;300996;301050;301110;301165;301171,,1.0,true,0,,true,false,0.12420758365445138,002279,false,research_universe_v1_2,0.0,headline,true,false,0.03032318796490417,0.0,0.12420758365445138,1.1627666716483167,,true,qfq,true,false,true,true,false,false,true
2023-01-19,2023-02-23,20,full,56,56,000063;000681;000901;000938;000977;001208;002015;002044;002049;002065;002131;002212;002230;002236;002279;002315;002361;002373;002396;002410;002446;002544;002558;002757;002792;002881;002929;002935;002987;300002;300017;300033;300047;300058;300101;300113;300133;300170;300182;300339;300348;300378;300413;300454;300458;300496;300627;300629;300634;300674;300857;300996;301050;301110;301165;301171,,1.0,true,0,,true,false,0.07399346849217937,000977,false,research_universe_v1_2,0.0,headline,true,false,0.0356627781174078,0.0,0.07399346849217937,1.248803810730683,,true,qfq,true,false,true,true,false,false,true
2023-02-23,2023-03-23,20,full,56,56,000063;000681;000901;000938;000977;001208;002015;002044;002049;002065;002131;002212;002230;002236;002279;002315;002361;002373;002396;002410;002446;002544;002558;002757;002792;002881;002929;002935;002987;300002;300017;300033;300047;300058;300101;300113;300133;300170;300182;300339;300348;300378;300413;300454;300458;300496;300627;300629;300634;300674;300857;300996;301050;301110;301165;301171,,1.0,true,0,,true,false,0.1658062418563168,002236;300058;300634;301110,false,research_universe_v1_2,0.0,headline,true,false,0.03611986806510817,0.0,0.1658062418563168,1.4558632774037847,,true,qfq,true,false,true,true,false,false,true
2023-03-23,2023-04-21,20,full,56,56,000063;000681;000901;000938;000977;001208;002015;002044;002049;002065;002131;002212;002230;002236;002279;002315;002361;002373;002396;002410;002446;002544;002558;002757;002792;002881;002929;002935;002987;300002;300017;300033;300047;300058;300101;300113;300133;300170;300182;300339;300348;300378;300413;300454;300458;300496;300627;300629;300634;300674;300857;300996;301050;301110;301165;301171,,1.0,true,0,,true,false,-0.0033208531672699955,300002,false,research_universe_v1_2,0.0,headline,true,false,0.059107816939322134,0.0,-0.0033208531672699955,1.4510285692279061,,true,qfq,true,false,true,true,false,false,true
2023-04-21,2023-05-24,20,full,56,56,000063;000681;000901;000938;000977;001208;002015;002044;002049;002065;002131;002212;002230;002236;002279;002315;002361;002373;002396;002410;002446;002544;002558;002757;002792;002881;002929;002935;002987;300002;300017;300033;300047;300058;300101;300113;300133;300170;300182;300339;300348;300378;300413;300454;300458;300496;300627;300629;300634;300674;300857;300996;301050;301110;301165;301171,,1.0,true,0,,true,false,-0.05483119735482222,002315,false,research_universe_v1_2,0.0,headline,true,false,0.055888039744278514,0.0,-0.05483119735482222,1.3714669353810856,,true,qfq,true,false,true,true,false,false,true
2023-05-24,2023-06-21,20,full,56,56,000063;000681;000901;000938;000977;001208;002015;002044;002049;002065;002131;002212;002230;002236;002279;002315;002361;002373;002396;002410;002446;002544;002558;002757;002792;002881;002929;002935;002987;300002;300017;300033;300047;300058;300101;300113;300133;300170;300182;300339;300348;300378;300413;300454;300458;300496;300627;300629;300634;300674;300857;300996;301050;301110;301165;301171,,1.0,true,0,,true,false,0.14097383121270685,000977;300378,false,research_universe_v1_2,0.0,headline,true,false,0.047509364724788374,0.0,0.14097383121270685,1.564807883643307,,true,qfq,true,false,true,true,false,false,true
2023-06-21,2023-07-21,20,full,56,56,000063;000681;000901;000938;000977;001208;002015;002044;002049;002065;002131;002212;002230;002236;002279;002315;002361;002373;002396;002410;002446;002544;002558;002757;002792;002881;002929;002935;002987;300002;300017;300033;300047;300058;300101;300113;300133;300170;300182;300339;300348;300378;300413;300454;300458;300496;300627;300629;300634;300674;300857;300996;301050;301110;301165;301171,,1.0,true,0,,true,false,-0.11066249504993647,,false,research_universe_v1_2,0.0,headline,true,false,0.0530169288055071,0.0,-0.11066249504993647,1.3916423389655281,,true,qfq,true,false,true,true,false,false,true
2023-07-21,2023-08-18,20,full,56,56,000063;000681;000901;000938;000977;001208;002015;002044;002049;002065;002131;002212;002230;002236;002279;002315;002361;002373;002396;002410;002446;002544;002558;002757;002792;002881;002929;002935;002987;300002;300017;300033;300047;300058;300101;300113;300133;300170;300182;300339;300348;300378;300413;300454;300458;300496;300627;300629;300634;300674;300857;300996;301050;301110;301165;301171,,1.0,true,0,,true,false,-0.05692473586207752,,false,research_universe_v1_2,0.0,headline,true,false,0.03729448317794483,0.0,-0.05692473586207752,1.3124234664054317,,true,qfq,true,false,true,true,false,false,true
2023-08-18,2023-09-15,20,full,56,56,000063;000681;000901;000938;000977;001208;002015;002044;002049;002065;002131;002212;002230;002236;002279;002315;002361;002373;002396;002410;002446;002544;002558;002757;002792;002881;002929;002935;002987;300002;300017;300033;300047;300058;300101;300113;300133;300170;300182;300339;300348;300378;300413;300454;300458;300496;300627;300629;300634;300674;300857;300996;301050;301110;301165;301171,,1.0,true,0,,true,false,-0.021475391509372596,,false,research_universe_v1_2,0.0,headline,true,false,0.029083146245893664,0.0,-0.021475391509372596,1.2842386586382872,,true,qfq,true,false,true,true,false,false,true
2023-09-15,2023-10-23,20,full,56,56,000063;000681;000901;000938;000977;001208;002015;002044;002049;002065;002131;002212;002230;002236;002279;002315;002361;002373;002396;002410;002446;002544;002558;002757;002792;002881;002929;002935;002987;300002;300017;300033;300047;300058;300101;300113;300133;300170;300182;300339;300348;300378;300413;300454;300458;300496;300627;300629;300634;300674;300857;300996;301050;301110;301165;301171,,1.0,true,0,,true,false,-0.07628915573011731,,false,research_universe_v1_2,0.0,headline,true,false,0.028381905445584162,0.0,-0.07628915573011731,1.186265175614794,,true,qfq,true,false,true,true,false,false,true
2023-10-23,2023-11-20,20,full,56,56,000063;000681;000901;000938;000977;001208;002015;002044;002049;002065;002131;002212;002230;002236;002279;002315;002361;002373;002396;002410;002446;002544;002558;002757;002792;002881;002929;002935;002987;300002;300017;300033;300047;300058;300101;300113;300133;300170;300182;300339;300348;300378;300413;300454;300458;300496;300627;300629;300634;300674;300857;300996;301050;301110;301165;301171,,1.0,true,0,,true,false,0.17656587414065159,300857,false,research_universe_v1_2,0.0,headline,true,false,0.029861520620649524,0.0,0.17656587414065159,1.3957191233098336,,true,qfq,true,false,true,true,false,false,true
2023-11-20,2023-12-18,20,full,56,56,000063;000681;000901;000938;000977;001208;002015;002044;002049;002065;002131;002212;002230;002236;002279;002315;002361;002373;002396;002410;002446;002544;002558;002757;002792;002881;002929;002935;002987;300002;300017;300033;300047;300058;300101;300113;300133;300170;300182;300339;300348;300378;300413;300454;300458;300496;300627;300629;300634;300674;300857;300996;301050;301110;301165;301171,,1.0,true,0,,true,false,-0.05666157503579148,,false,research_universe_v1_2,0.0,headline,true,false,0.03863315891905007,0.0,-0.05666157503579148,1.3166354794755244,,true,qfq,true,false,true,true,false,false,true
2023-12-18,2024-01-16,20,full,56,56,000063;000681;000901;000938;000977;001208;002015;002044;002049;002065;002131;002212;002230;002236;002279;002315;002361;002373;002396;002410;002446;002544;002558;002757;002792;002881;002929;002935;002987;300002;300017;300033;300047;300058;300101;300113;300133;300170;300182;300339;300348;300378;300413;300454;300458;300496;300627;300629;300634;300674;300857;300996;301050;301110;301165;301171,,1.0,true,0,,true,false,-0.11205089735541264,,false,research_universe_v1_2,0.0,headline,true,false,0.02892352633903711,0.0,-0.11205089735541264,1.169105292510318,,true,qfq,true,false,true,true,false,false,true
2024-01-16,2024-02-21,20,full,56,56,000063;000681;000901;000938;000977;001208;002015;002044;002049;002065;002131;002212;002230;002236;002279;002315;002361;002373;002396;002410;002446;002544;002558;002757;002792;002881;002929;002935;002987;300002;300017;300033;300047;300058;300101;300113;300133;300170;300182;300339;300348;300378;300413;300454;300458;300496;300627;300629;300634;300674;300857;300996;301050;301110;301165;301171,,1.0,true,0,,true,false,-0.08317335919871677,,false,research_universe_v1_2,0.0,headline,true,false,0.02883623203473444,0.0,-0.08317335919871677,1.0718668780752365,,true,qfq,true,false,true,true,false,false,true
2024-02-21,2024-03-20,20,full,56,56,000063;000681;000901;000938;000977;001208;002015;002044;002049;002065;002131;002212;002230;002236;002279;002315;002361;002373;002396;002410;002446;002544;002558;002757;002792;002881;002929;002935;002987;300002;300017;300033;300047;300058;300101;300113;300133;300170;300182;300339;300348;300378;300413;300454;300458;300496;300627;300629;300634;300674;300857;300996;301050;301110;301165;301171,,1.0,true,0,,true,false,0.1995777043829181,002544,false,research_universe_v1_2,0.0,headline,true,false,0.04581423069312184,0.0,0.1995777043829181,1.2857876090055773,,true,qfq,true,false,true,true,false,false,true
2024-03-20,2024-04-19,20,full,56,56,000063;000681;000901;000938;000977;001208;002015;002044;002049;002065;002131;002212;002230;002236;002279;002315;002361;002373;002396;002410;002446;002544;002558;002757;002792;002881;002929;002935;002987;300002;300017;300033;300047;300058;300101;300113;300133;300170;300182;300339;300348;300378;300413;300454;300458;300496;300627;300629;300634;300674;300857;300996;301050;301110;301165;301171,,1.0,true,0,,true,false,-0.15368606609340832,,false,research_universe_v1_2,0.0,headline,true,false,0.03697601819936965,0.0,-0.15368606609340832,1.0881799695458607,,true,qfq,true,false,true,true,false,false,true
2024-04-19,2024-05-22,20,full,56,56,000063;000681;000901;000938;000977;001208;002015;002044;002049;002065;002131;002212;002230;002236;002279;002315;002361;002373;002396;002410;002446;002544;002558;002757;002792;002881;002929;002935;002987;300002;300017;300033;300047;300058;300101;300113;300133;300170;300182;300339;300348;300378;300413;300454;300458;300496;300627;300629;300634;300674;300857;300996;301050;301110;301165;301171,,1.0,true,0,,true,false,0.05757912758518515,,false,research_universe_v1_2,0.0,headline,true,false,0.034083796651839735,0.0,0.05757912758518515,1.1508364228479846,,true,qfq,true,false,true,true,false,false,true
2024-05-22,2024-06-20,20,full,56,56,000063;000681;000901;000938;000977;001208;002015;002044;002049;002065;002131;002212;002230;002236;002279;002315;002361;002373;002396;002410;002446;002544;002558;002757;002792;002881;002929;002935;002987;300002;300017;300033;300047;300058;300101;300113;300133;300170;300182;300339;300348;300378;300413;300454;300458;300496;300627;300629;300634;300674;300857;300996;301050;301110;301165;301171,,1.0,true,0,,true,false,-0.07770880956230873,,false,research_universe_v1_2,0.0,headline,true,false,0.027130843420042784,0.0,-0.07770880956230873,1.061406294427522,,true,qfq,true,false,true,true,false,false,true
2024-06-20,2024-07-18,20,full,56,56,000063;000681;000901;000938;000977;001208;002015;002044;002049;002065;002131;002212;002230;002236;002279;002315;002361;002373;002396;002410;002446;002544;002558;002757;002792;002881;002929;002935;002987;300002;300017;300033;300047;300058;300101;300113;300133;300170;300182;300339;300348;300378;300413;300454;300458;300496;300627;300629;300634;300674;300857;300996;301050;301110;301165;301171,,1.0,true,0,,true,false,-0.03887293521767639,,false,research_universe_v1_2,0.0,headline,true,false,0.029644070993917273,0.0,-0.03887293521767639,1.020146316304607,,true,qfq,true,false,true,true,false,false,true
2024-07-18,2024-08-15,20,full,56,56,000063;000681;000901;000938;000977;001208;002015;002044;002049;002065;002131;002212;002230;002236;002279;002315;002361;002373;002396;002410;002446;002544;002558;002757;002792;002881;002929;002935;002987;300002;300017;300033;300047;300058;300101;300113;300133;300170;300182;300339;300348;300378;300413;300454;300458;300496;300627;300629;300634;300674;300857;300996;301050;301110;301165;301171,,1.0,true,0,,true,false,-0.006208754735984358,,false,research_universe_v1_2,0.0,headline,true,false,0.033326260345188236,0.0,-0.006208754735984358,1.0138124780318538,,true,qfq,true,false,true,true,false,false,true
2024-08-15,2024-09-12,20,full,56,56,000063;000681;000901;000938;000977;001208;002015;002044;002049;002065;002131;002212;002230;002236;002279;002315;002361;002373;002396;002410;002446;002544;002558;002757;002792;002881;002929;002935;002987;300002;300017;300033;300047;300058;300101;300113;300133;300170;300182;300339;300348;300378;300413;300454;300458;300496;300627;300629;300634;300674;300857;300996;301050;301110;301165;301171,,1.0,true,0,,true,false,-0.017572585028223214,,false,research_universe_v1_2,0.0,headline,true,false,0.030209672695915468,0.0,-0.017572585028223214,0.9959971720589653,,true,qfq,true,false,true,true,false,false,true
2024-09-12,2024-10-21,20,full,56,56,000063;000681;000901;000938;000977;001208;002015;002044;002049;002065;002131;002212;002230;002236;002279;002315;002361;002373;002396;002410;002446;002544;002558;002757;002792;002881;002929;002935;002987;300002;300017;300033;300047;300058;300101;300113;300133;300170;300182;300339;300348;300378;300413;300454;300458;300496;300627;300629;300634;300674;300857;300996;301050;301110;301165;301171,,1.0,true,0,,true,false,0.5003483077501091,002049;002410;002544;002987;300002;300033;300047;300339;300348;300458;300496;300674;300857;301050;301110;301165;301171,true,research_universe_v1_2,0.0,headline,true,false,0.03341653168668516,0.0,0.5003483077501091,1.494342671622563,,true,qfq,true,false,true,true,false,false,true
2024-10-21,2024-11-18,20,full,56,56,000063;000681;000901;000938;000977;001208;002015;002044;002049;002065;002131;002212;002230;002236;002279;002315;002361;002373;002396;002410;002446;002544;002558;002757;002792;002881;002929;002935;002987;300002;300017;300033;300047;300058;300101;300113;300133;300170;300182;300339;300348;300378;300413;300454;300458;300496;300627;300629;300634;300674;300857;300996;301050;301110;301165;301171,,1.0,true,0,,true,false,0.022217976610154396,301171,false,research_universe_v1_2,0.0,headline,true,false,0.0878363072135408,0.0,0.022217976610154396,1.5275439421482289,,true,qfq,true,false,true,true,false,false,true
2024-11-18,2024-12-16,20,full,56,56,000063;000681;000901;000938;000977;001208;002015;002044;002049;002065;002131;002212;002230;002236;002279;002315;002361;002373;002396;002410;002446;002544;002558;002757;002792;002881;002929;002935;002987;300002;300017;300033;300047;300058;300101;300113;300133;300170;300182;300339;300348;300378;300413;300454;300458;300496;300627;300629;300634;300674;300857;300996;301050;301110;301165;301171,,1.0,true,0,,true,false,0.11989851294001076,000681;002131,false,research_universe_v1_2,0.0,headline,true,false,0.05567688827386761,0.0,0.11989851294001076,1.7106941892623233,,true,qfq,true,false,true,true,false,false,true
2024-12-16,2025-01-14,20,full,56,56,000063;000681;000901;000938;000977;001208;002015;002044;002049;002065;002131;002212;002230;002236;002279;002315;002361;002373;002396;002410;002446;002544;002558;002757;002792;002881;002929;002935;002987;300002;300017;300033;300047;300058;300101;300113;300133;300170;300182;300339;300348;300378;300413;300454;300458;300496;300627;300629;300634;300674;300857;300996;301050;301110;301165;301171,,1.0,true,0,,true,false,-0.07565695146073331,,false,research_universe_v1_2,0.0,headline,true,false,0.05702694765521937,0.0,-0.07565695146073331,1.5812682820211452,,true,qfq,true,false,true,true,false,false,true
2025-01-14,2025-02-19,20,full,56,56,000063;000681;000901;000938;000977;001208;002015;002044;002049;002065;002131;002212;002230;002236;002279;002315;002361;002373;002396;002410;002446;002544;002558;002757;002792;002881;002929;002935;002987;300002;300017;300033;300047;300058;300101;300113;300133;300170;300182;300339;300348;300378;300413;300454;300458;300496;300627;300629;300634;300674;300857;300996;301050;301110;301165;301171,,1.0,true,0,,true,false,0.25327305682073076,002044;002065;002757;002881;002929;300113;300170;300378;300454;300674;300996,false,research_universe_v1_2,0.0,headline,true,false,0.04534591265160792,0.0,0.25327305682073076,1.9817609334623063,,true,qfq,true,false,true,true,false,false,true
2025-02-19,2025-03-19,20,full,56,56,000063;000681;000901;000938;000977;001208;002015;002044;002049;002065;002131;002212;002230;002236;002279;002315;002361;002373;002396;002410;002446;002544;002558;002757;002792;002881;002929;002935;002987;300002;300017;300033;300047;300058;300101;300113;300133;300170;300182;300339;300348;300378;300413;300454;300458;300496;300627;300629;300634;300674;300857;300996;301050;301110;301165;301171,,1.0,true,0,,true,false,0.007317632058916665,,false,research_universe_v1_2,0.0,headline,true,false,0.08103500386732972,0.0,0.007317632058916665,1.9962627308021186,,true,qfq,true,false,true,true,false,false,true
2025-03-19,2025-04-17,20,full,56,56,000063;000681;000901;000938;000977;001208;002015;002044;002049;002065;002131;002212;002230;002236;002279;002315;002361;002373;002396;002410;002446;002544;002558;002757;002792;002881;002929;002935;002987;300002;300017;300033;300047;300058;300101;300113;300133;300170;300182;300339;300348;300378;300413;300454;300458;300496;300627;300629;300634;300674;300857;300996;301050;301110;301165;301171,,1.0,true,0,,true,false,-0.1556455554321958,,false,research_universe_v1_2,0.0,headline,true,false,0.03528871218080864,0.0,-0.1556455554321958,1.6855533092778308,,true,qfq,true,false,true,true,false,false,true
2025-04-17,2025-05-20,20,full,56,56,000063;000681;000901;000938;000977;001208;002015;002044;002049;002065;002131;002212;002230;002236;002279;002315;002361;002373;002396;002410;002446;002544;002558;002757;002792;002881;002929;002935;002987;300002;300017;300033;300047;300058;300101;300113;300133;300170;300182;300339;300348;300378;300413;300454;300458;300496;300627;300629;300634;300674;300857;300996;301050;301110;301165;301171,,1.0,true,0,,true,false,0.06554272940311955,,false,research_universe_v1_2,0.0,headline,true,false,0.02899612002661269,0.0,0.06554272940311955,1.79602907372236,,true,qfq,true,false,true,true,false,false,true
2025-05-20,2025-06-18,20,full,56,56,000063;000681;000901;000938;000977;001208;002015;002044;002049;002065;002131;002212;002230;002236;002279;002315;002361;002373;002396;002410;002446;002544;002558;002757;002792;002881;002929;002935;002987;300002;300017;300033;300047;300058;300101;300113;300133;300170;300182;300339;300348;300378;300413;300454;300458;300496;300627;300629;300634;300674;300857;300996;301050;301110;301165;301171,,1.0,true,0,,true,false,0.018664184125683218,002015,false,research_universe_v1_2,0.0,headline,true,false,0.026588791319870946,0.0,0.018664184125683218,1.8295504910493945,,true,qfq,true,false,true,true,false,false,true
2025-06-18,2025-07-16,20,full,56,56,000063;000681;000901;000938;000977;001208;002015;002044;002049;002065;002131;002212;002230;002236;002279;002315;002361;002373;002396;002410;002446;002544;002558;002757;002792;002881;002929;002935;002987;300002;300017;300033;300047;300058;300101;300113;300133;300170;300182;300339;300348;300378;300413;300454;300458;300496;300627;300629;300634;300674;300857;300996;301050;301110;301165;301171,,1.0,true,0,,true,false,0.08510675454075069,,false,research_universe_v1_2,0.0,headline,true,false,0.04150571813716154,0.0,0.08510675454075069,1.9852575956110452,,true,qfq,true,false,true,true,false,false,true
2025-07-16,2025-08-13,20,full,56,56,000063;000681;000901;000938;000977;001208;002015;002044;002049;002065;002131;002212;002230;002236;002279;002315;002361;002373;002396;002410;002446;002544;002558;002757;002792;002881;002929;002935;002987;300002;300017;300033;300047;300058;300101;300113;300133;300170;300182;300339;300348;300378;300413;300454;300458;300496;300627;300629;300634;300674;300857;300996;301050;301110;301165;301171,,1.0,true,0,,true,false,0.07789432298799008,000901,false,research_universe_v1_2,0.0,headline,true,false,0.035008784080736835,0.0,0.07789432298799008,2.1398978919779323,,true,qfq,true,false,true,true,false,false,true
2025-08-13,2025-09-10,20,full,56,56,000063;000681;000901;000938;000977;001208;002015;002044;002049;002065;002131;002212;002230;002236;002279;002315;002361;002373;002396;002410;002446;002544;002558;002757;002792;002881;002929;002935;002987;300002;300017;300033;300047;300058;300101;300113;300133;300170;300182;300339;300348;300378;300413;300454;300458;300496;300627;300629;300634;300674;300857;300996;301050;301110;301165;301171,,1.0,true,0,,true,false,0.03149998037717328,002558,false,research_universe_v1_2,0.0,headline,true,false,0.03256031116743902,0.0,0.03149998037717328,2.2073046335843918,,true,qfq,true,false,true,true,false,false,true
2025-09-10,2025-10-16,20,full,56,56,000063;000681;000901;000938;000977;001208;002015;002044;002049;002065;002131;002212;002230;002236;002279;002315;002361;002373;002396;002410;002446;002544;002558;002757;002792;002881;002929;002935;002987;300002;300017;300033;300047;300058;300101;300113;300133;300170;300182;300339;300348;300378;300413;300454;300458;300496;300627;300629;300634;300674;300857;300996;301050;301110;301165;301171,,1.0,true,0,,true,false,0.015776558463768738,,false,research_universe_v1_2,0.0,headline,true,false,0.05365830856680215,0.0,0.015776558463768738,2.242128304183484,,true,qfq,true,false,true,true,false,false,true
2025-10-16,2025-11-13,20,full,56,56,000063;000681;000901;000938;000977;001208;002015;002044;002049;002065;002131;002212;002230;002236;002279;002315;002361;002373;002396;002410;002446;002544;002558;002757;002792;002881;002929;002935;002987;300002;300017;300033;300047;300058;300101;300113;300133;300170;300182;300339;300348;300378;300413;300454;300458;300496;300627;300629;300634;300674;300857;300996;301050;301110;301165;301171,,1.0,true,0,,true,false,-0.01808374650445291,,false,research_universe_v1_2,0.0,headline,true,false,0.032505356955019896,0.0,-0.01808374650445291,2.201582224300171,,true,qfq,true,false,true,true,false,false,true
2025-11-13,2025-12-11,20,full,56,56,000063;000681;000901;000938;000977;001208;002015;002044;002049;002065;002131;002212;002230;002236;002279;002315;002361;002373;002396;002410;002446;002544;002558;002757;002792;002881;002929;002935;002987;300002;300017;300033;300047;300058;300101;300113;300133;300170;300182;300339;300348;300378;300413;300454;300458;300496;300627;300629;300634;300674;300857;300996;301050;301110;301165;301171,,1.0,true,0,,true,false,-0.010102586639003019,,false,research_universe_v1_2,0.0,headline,true,false,0.034690340552038415,0.0,-0.010102586639003019,2.1793405491362896,,true,qfq,true,false,true,true,false,false,true
2021-03-31,2021-04-29,20,full,56,49,000681;000901;000938;000977;002015;002044;002049;002065;002131;002212;002230;002236;002279;002315;002361;002373;002396;002410;002446;002544;002558;002757;002792;002881;002929;002935;002987;300002;300017;300033;300047;300058;300101;300113;300133;300170;300182;300339;300348;300378;300413;300454;300458;300496;300627;300629;300634;300674;300857,000063;001208;300996;301050;301110;301165;301171,0.875,true,0,,true,false,-0.003521132855046454,,false,research_universe_v1_2,0.001,headline,true,false,1.0,0.001,-0.004521132855046454,0.9954788671449536,,true,qfq,true,false,true,true,false,false,true
2021-04-29,2021-06-01,20,full,56,50,000063;000681;000901;000938;000977;002015;002044;002049;002065;002131;002212;002230;002236;002279;002315;002361;002373;002396;002410;002446;002544;002558;002757;002792;002881;002929;002935;002987;300002;300017;300033;300047;300058;300101;300113;300133;300170;300182;300339;300348;300378;300413;300454;300458;300496;300627;300629;300634;300674;300857,001208;300996;301050;301110;301165;301171,0.8928571428571429,true,0,,true,false,0.08145685521039749,300339,false,research_universe_v1_2,0.001,headline,true,false,0.045681779442886095,4.5681779442886094e-05,0.0814111734309546,1.0765219698449415,,true,qfq,true,false,true,true,false,false,true
2021-06-01,2021-06-30,20,full,56,50,000063;000681;000901;000938;000977;002015;002044;002049;002065;002131;002212;002230;002236;002279;002315;002361;002373;002396;002410;002446;002544;002558;002757;002792;002881;002929;002935;002987;300002;300017;300033;300047;300058;300101;300113;300133;300170;300182;300339;300348;300378;300413;300454;300458;300496;300627;300629;300634;300674;300857,001208;300996;301050;301110;301165;301171,0.8928571428571429,true,0,,true,false,0.062329729077167384,300339;300458,false,research_universe_v1_2,0.001,headline,true,false,0.04349394828771633,4.349394828771633e-05,0.062286235128879666,1.1435744703801083,,true,qfq,true,false,true,true,false,false,true
2021-06-30,2021-07-28,20,full,56,52,000063;000681;000901;000938;000977;001208;002015;002044;002049;002065;002131;002212;002230;002236;002279;002315;002361;002373;002396;002410;002446;002544;002558;002757;002792;002881;002929;002935;002987;300002;300017;300033;300047;300058;300101;300113;300133;300170;300182;300339;300348;300378;300413;300454;300458;300496;300627;300629;300634;300674;300857;300996,301050;301110;301165;301171,0.9285714285714286,true,0,,true,false,-0.04218223243262907,,false,research_universe_v1_2,0.001,headline,true,false,0.06850638004008346,6.850638004008345e-05,-0.04225073881266916,1.095257604119242,,true,qfq,true,false,true,true,false,false,true
2021-07-28,2021-08-25,20,full,56,52,000063;000681;000901;000938;000977;001208;002015;002044;002049;002065;002131;002212;002230;002236;002279;002315;002361;002373;002396;002410;002446;002544;002558;002757;002792;002881;002929;002935;002987;300002;300017;300033;300047;300058;300101;300113;300133;300170;300182;300339;300348;300378;300413;300454;300458;300496;300627;300629;300634;300674;300857;300996,301050;301110;301165;301171,0.9285714285714286,true,0,,true,false,0.11147376715366487,001208;002015,false,research_universe_v1_2,0.001,headline,true,false,0.0552671710960767,5.52671710960767e-05,0.1114184999825688,1.2172895634647098,,true,qfq,true,false,true,true,false,false,true
2021-08-25,2021-09-24,20,full,56,53,000063;000681;000901;000938;000977;001208;002015;002044;002049;002065;002131;002212;002230;002236;002279;002315;002361;002373;002396;002410;002446;002544;002558;002757;002792;002881;002929;002935;002987;300002;300017;300033;300047;300058;300101;300113;300133;300170;300182;300339;300348;300378;300413;300454;300458;300496;300627;300629;300634;300674;300857;300996;301050,301110;301165;301171,0.9464285714285714,true,0,,true,false,-0.020855507842057096,,false,research_universe_v1_2,0.001,headline,true,false,0.07439087351886607,7.439087351886607e-05,-0.020929898715575962,1.1918118161938658,,true,qfq,true,false,true,true,false,false,true
2021-09-24,2021-10-29,20,full,56,53,000063;000681;000901;000938;000977;001208;002015;002044;002049;002065;002131;002212;002230;002236;002279;002315;002361;002373;002396;002410;002446;002544;002558;002757;002792;002881;002929;002935;002987;300002;300017;300033;300047;300058;300101;300113;300133;300170;300182;300339;300348;300378;300413;300454;300458;300496;300627;300629;300634;300674;300857;300996;301050,301110;301165;301171,0.9464285714285714,true,0,,true,false,-0.026852719499198232,,false,research_universe_v1_2,0.001,headline,true,false,0.039399391542229614,3.9399391542229615e-05,-0.02689211889074046,1.159761471137391,,true,qfq,true,false,true,true,false,false,true
2021-10-29,2021-11-26,20,full,56,53,000063;000681;000901;000938;000977;001208;002015;002044;002049;002065;002131;002212;002230;002236;002279;002315;002361;002373;002396;002410;002446;002544;002558;002757;002792;002881;002929;002935;002987;300002;300017;300033;300047;300058;300101;300113;300133;300170;300182;300339;300348;300378;300413;300454;300458;300496;300627;300629;300634;300674;300857;300996;301050,301110;301165;301171,0.9464285714285714,true,0,,true,false,0.11082704178036645,,false,research_universe_v1_2,0.001,headline,true,false,0.0486818588298208,4.8681858829820795e-05,0.11077835992153663,1.2882379448101795,,true,qfq,true,false,true,true,false,false,true
2021-11-26,2021-12-24,20,full,56,53,000063;000681;000901;000938;000977;001208;002015;002044;002049;002065;002131;002212;002230;002236;002279;002315;002361;002373;002396;002410;002446;002544;002558;002757;002792;002881;002929;002935;002987;300002;300017;300033;300047;300058;300101;300113;300133;300170;300182;300339;300348;300378;300413;300454;300458;300496;300627;300629;300634;300674;300857;300996;301050,301110;301165;301171,0.9464285714285714,true,0,,true,false,0.004040857420384856,,false,research_universe_v1_2,0.001,headline,true,false,0.041157215326556904,4.1157215326556904e-05,0.0039997002050582995,1.2933905103822005,,true,qfq,true,false,true,true,false,false,true
2021-12-24,2022-01-24,20,full,56,53,000063;000681;000901;000938;000977;001208;002015;002044;002049;002065;002131;002212;002230;002236;002279;002315;002361;002373;002396;002410;002446;002544;002558;002757;002792;002881;002929;002935;002987;300002;300017;300033;300047;300058;300101;300113;300133;300170;300182;300339;300348;300378;300413;300454;300458;300496;300627;300629;300634;300674;300857;300996;301050,301110;301165;301171,0.9464285714285714,true,0,,true,false,0.029004057412904086,002987;300047,false,research_universe_v1_2,0.001,headline,true,false,0.046331627752340336,4.633162775234034e-05,0.028957725785151746,1.3308441581149657,,true,qfq,true,false,true,true,false,false,true
2022-01-24,2022-02-28,20,full,56,53,000063;000681;000901;000938;000977;001208;002015;002044;002049;002065;002131;002212;002230;002236;002279;002315;002361;002373;002396;002410;002446;002544;002558;002757;002792;002881;002929;002935;002987;300002;300017;300033;300047;300058;300101;300113;300133;300170;300182;300339;300348;300378;300413;300454;300458;300496;300627;300629;300634;300674;300857;300996;301050,301110;301165;301171,0.9464285714285714,true,0,,true,false,-0.05988006059649829,,false,research_universe_v1_2,0.001,headline,true,false,0.05482956538409469,5.482956538409469e-05,-0.05993489016188238,1.2510801596757624,,true,qfq,true,false,true,true,false,false,true
2022-02-28,2022-03-28,20,full,56,53,000063;000681;000901;000938;000977;001208;002015;002044;002049;002065;002131;002212;002230;002236;002279;002315;002361;002373;002396;002410;002446;002544;002558;002757;002792;002881;002929;002935;002987;300002;300017;300033;300047;300058;300101;300113;300133;300170;300182;300339;300348;300378;300413;300454;300458;300496;300627;300629;300634;300674;300857;300996;301050,301110;301165;301171,0.9464285714285714,true,0,,true,false,-0.11344466766328229,,false,research_universe_v1_2,0.001,headline,true,false,0.04152118388677165,4.152118388677165e-05,-0.11348618884716906,1.1090998404118524,,true,qfq,true,false,true,true,false,false,true
2022-03-28,2022-04-27,20,full,56,54,000063;000681;000901;000938;000977;001208;002015;002044;002049;002065;002131;002212;002230;002236;002279;002315;002361;002373;002396;002410;002446;002544;002558;002757;002792;002881;002929;002935;002987;300002;300017;300033;300047;300058;300101;300113;300133;300170;300182;300339;300348;300378;300413;300454;300458;300496;300627;300629;300634;300674;300857;300996;301050;301110,301165;301171,0.9642857142857143,true,0,,true,false,-0.20143783910139093,,false,research_universe_v1_2,0.001,headline,true,false,0.0417810709892941,4.17810709892941e-05,-0.20147962017238022,0.8856388258324249,,true,qfq,true,false,true,true,false,false,true
2022-04-27,2022-05-30,20,full,56,54,000063;000681;000901;000938;000977;001208;002015;002044;002049;002065;002131;002212;002230;002236;002279;002315;002361;002373;002396;002410;002446;002544;002558;002757;002792;002881;002929;002935;002987;300002;300017;300033;300047;300058;300101;300113;300133;300170;300182;300339;300348;300378;300413;300454;300458;300496;300627;300629;300634;300674;300857;300996;301050;301110,301165;301171,0.9642857142857143,true,0,,true,false,0.12287910140175709,,false,research_universe_v1_2,0.001,headline,true,false,0.048596315829961254,4.859631582996126e-05,0.12283050508592713,0.9944222901331291,,true,qfq,true,false,true,true,false,false,true
2022-05-30,2022-06-28,20,full,56,54,000063;000681;000901;000938;000977;001208;002015;002044;002049;002065;002131;002212;002230;002236;002279;002315;002361;002373;002396;002410;002446;002544;002558;002757;002792;002881;002929;002935;002987;300002;300017;300033;300047;300058;300101;300113;300133;300170;300182;300339;300348;300378;300413;300454;300458;300496;300627;300629;300634;300674;300857;300996;301050;301110,301165;301171,0.9642857142857143,true,0,,true,false,0.11324544322647587,,false,research_universe_v1_2,0.001,headline,true,false,0.03395746042380583,3.395746042380583e-05,0.11321148576605206,1.1070023150779806,,true,qfq,true,false,true,true,false,false,true
2022-06-28,2022-07-26,20,full,56,54,000063;000681;000901;000938;000977;001208;002015;002044;002049;002065;002131;002212;002230;002236;002279;002315;002361;002373;002396;002410;002446;002544;002558;002757;002792;002881;002929;002935;002987;300002;300017;300033;300047;300058;300101;300113;300133;300170;300182;300339;300348;300378;300413;300454;300458;300496;300627;300629;300634;300674;300857;300996;301050;301110,301165;301171,0.9642857142857143,true,0,,true,false,-0.016240284351261985,,false,research_universe_v1_2,0.001,headline,true,false,0.03133731834993901,3.133731834993901e-05,-0.016271621669611925,1.088989592219647,,true,qfq,true,false,true,true,false,false,true
2022-07-26,2022-08-23,20,full,56,54,000063;000681;000901;000938;000977;001208;002015;002044;002049;002065;002131;002212;002230;002236;002279;002315;002361;002373;002396;002410;002446;002544;002558;002757;002792;002881;002929;002935;002987;300002;300017;300033;300047;300058;300101;300113;300133;300170;300182;300339;300348;300378;300413;300454;300458;300496;300627;300629;300634;300674;300857;300996;301050;301110,301165;301171,0.9642857142857143,true,0,,true,false,0.027327716488126933,,false,research_universe_v1_2,0.001,headline,true,false,0.027218735770615426,2.7218735770615427e-05,0.027300497752356316,1.118719550134379,,true,qfq,true,false,true,true,false,false,true
2022-08-23,2022-09-21,20,full,56,55,000063;000681;000901;000938;000977;001208;002015;002044;002049;002065;002131;002212;002230;002236;002279;002315;002361;002373;002396;002410;002446;002544;002558;002757;002792;002881;002929;002935;002987;300002;300017;300033;300047;300058;300101;300113;300133;300170;300182;300339;300348;300378;300413;300454;300458;300496;300627;300629;300634;300674;300857;300996;301050;301110;301171,301165,0.9821428571428571,true,0,,true,false,-0.08647464354612136,,false,research_universe_v1_2,0.001,headline,true,false,0.038491781150055415,3.8491781150055415e-05,-0.08651313532727141,1.0219356143003393,,true,qfq,true,false,true,true,false,false,true
2022-09-21,2022-10-26,20,full,56,55,000063;000681;000901;000938;000977;001208;002015;002044;002049;002065;002131;002212;002230;002236;002279;002315;002361;002373;002396;002410;002446;002544;002558;002757;002792;002881;002929;002935;002987;300002;300017;300033;300047;300058;300101;300113;300133;300170;300182;300339;300348;300378;300413;300454;300458;300496;300627;300629;300634;300674;300857;300996;301050;301110;301171,301165,0.9821428571428571,true,0,,true,false,0.03227014154957331,,false,research_universe_v1_2,0.001,headline,true,false,0.03127724996492081,3.127724996492081e-05,0.03223886429960839,1.0548816578927047,,true,qfq,true,false,true,true,false,false,true
2022-10-26,2022-11-23,20,full,56,55,000063;000681;000901;000938;000977;001208;002015;002044;002049;002065;002131;002212;002230;002236;002279;002315;002361;002373;002396;002410;002446;002544;002558;002757;002792;002881;002929;002935;002987;300002;300017;300033;300047;300058;300101;300113;300133;300170;300182;300339;300348;300378;300413;300454;300458;300496;300627;300629;300634;300674;300857;300996;301050;301110;301171,301165,0.9821428571428571,true,0,,true,false,0.04424245306464205,,false,research_universe_v1_2,0.001,headline,true,false,0.038482614527005965,3.8482614527005964e-05,0.044203970450115045,1.1015116155265623,,true,qfq,true,false,true,true,false,false,true
2022-11-23,2022-12-21,20,full,56,56,000063;000681;000901;000938;000977;001208;002015;002044;002049;002065;002131;002212;002230;002236;002279;002315;002361;002373;002396;002410;002446;002544;002558;002757;002792;002881;002929;002935;002987;300002;300017;300033;300047;300058;300101;300113;300133;300170;300182;300339;300348;300378;300413;300454;300458;300496;300627;300629;300634;300674;300857;300996;301050;301110;301165;301171,,1.0,true,0,,true,false,-0.06275757890989693,,false,research_universe_v1_2,0.001,headline,true,false,0.041749924981356885,4.1749924981356886e-05,-0.06279932883487829,1.0323374253676718,,true,qfq,true,false,true,true,false,false,true
2022-12-21,2023-01-19,20,full,56,56,000063;000681;000901;000938;000977;001208;002015;002044;002049;002065;002131;002212;002230;002236;002279;002315;002361;002373;002396;002410;002446;002544;002558;002757;002792;002881;002929;002935;002987;300002;300017;300033;300047;300058;300101;300113;300133;300170;300182;300339;300348;300378;300413;300454;300458;300496;300627;300629;300634;300674;300857;300996;301050;301110;301165;301171,,1.0,true,0,,true,false,0.12420758365445138,002279,false,research_universe_v1_2,0.001,headline,true,false,0.03032318796490417,3.0323187964904167e-05,0.12417726046648647,1.1605302587268553,,true,qfq,true,false,true,true,false,false,true
2023-01-19,2023-02-23,20,full,56,56,000063;000681;000901;000938;000977;001208;002015;002044;002049;002065;002131;002212;002230;002236;002279;002315;002361;002373;002396;002410;002446;002544;002558;002757;002792;002881;002929;002935;002987;300002;300017;300033;300047;300058;300101;300113;300133;300170;300182;300339;300348;300378;300413;300454;300458;300496;300627;300629;300634;300674;300857;300996;301050;301110;301165;301171,,1.0,true,0,,true,false,0.07399346849217937,000977,false,research_universe_v1_2,0.001,headline,true,false,0.0356627781174078,3.56627781174078e-05,0.07395780571406196,1.2463605301270662,,true,qfq,true,false,true,true,false,false,true
2023-02-23,2023-03-23,20,full,56,56,000063;000681;000901;000938;000977;001208;002015;002044;002049;002065;002131;002212;002230;002236;002279;002315;002361;002373;002396;002410;002446;002544;002558;002757;002792;002881;002929;002935;002987;300002;300017;300033;300047;300058;300101;300113;300133;300170;300182;300339;300348;300378;300413;300454;300458;300496;300627;300629;300634;300674;300857;300996;301050;301110;301165;301171,,1.0,true,0,,true,false,0.1658062418563168,002236;300058;300634;301110,false,research_universe_v1_2,0.001,headline,true,false,0.03611986806510817,3.611986806510817e-05,0.16577012198825167,1.452969867247572,,true,qfq,true,false,true,true,false,false,true
2023-03-23,2023-04-21,20,full,56,56,000063;000681;000901;000938;000977;001208;002015;002044;002049;002065;002131;002212;002230;002236;002279;002315;002361;002373;002396;002410;002446;002544;002558;002757;002792;002881;002929;002935;002987;300002;300017;300033;300047;300058;300101;300113;300133;300170;300182;300339;300348;300378;300413;300454;300458;300496;300627;300629;300634;300674;300857;300996;301050;301110;301165;301171,,1.0,true,0,,true,false,-0.0033208531672699955,300002,false,research_universe_v1_2,0.001,headline,true,false,0.059107816939322134,5.9107816939322134e-05,-0.0033799609842093178,1.4480588857850434,,true,qfq,true,false,true,true,false,false,true
2023-04-21,2023-05-24,20,full,56,56,000063;000681;000901;000938;000977;001208;002015;002044;002049;002065;002131;002212;002230;002236;002279;002315;002361;002373;002396;002410;002446;002544;002558;002757;002792;002881;002929;002935;002987;300002;300017;300033;300047;300058;300101;300113;300133;300170;300182;300339;300348;300378;300413;300454;300458;300496;300627;300629;300634;300674;300857;300996;301050;301110;301165;301171,,1.0,true,0,,true,false,-0.05483119735482222,002315,false,research_universe_v1_2,0.001,headline,true,false,0.055888039744278514,5.588803974427852e-05,-0.0548870853945665,1.3685791540645988,,true,qfq,true,false,true,true,false,false,true
2023-05-24,2023-06-21,20,full,56,56,000063;000681;000901;000938;000977;001208;002015;002044;002049;002065;002131;002212;002230;002236;002279;002315;002361;002373;002396;002410;002446;002544;002558;002757;002792;002881;002929;002935;002987;300002;300017;300033;300047;300058;300101;300113;300133;300170;300182;300339;300348;300378;300413;300454;300458;300496;300627;300629;300634;300674;300857;300996;301050;301110;301165;301171,,1.0,true,0,,true,false,0.14097383121270685,000977;300378,false,research_universe_v1_2,0.001,headline,true,false,0.047509364724788374,4.750936472478838e-05,0.14092632184798207,1.5614479804047456,,true,qfq,true,false,true,true,false,false,true
2023-06-21,2023-07-21,20,full,56,56,000063;000681;000901;000938;000977;001208;002015;002044;002049;002065;002131;002212;002230;002236;002279;002315;002361;002373;002396;002410;002446;002544;002558;002757;002792;002881;002929;002935;002987;300002;300017;300033;300047;300058;300101;300113;300133;300170;300182;300339;300348;300378;300413;300454;300458;300496;300627;300629;300634;300674;300857;300996;301050;301110;301165;301171,,1.0,true,0,,true,false,-0.11066249504993647,,false,research_universe_v1_2,0.001,headline,true,false,0.0530169288055071,5.30169288055071e-05,-0.11071551197874198,1.3885714678260617,,true,qfq,true,false,true,true,false,false,true
2023-07-21,2023-08-18,20,full,56,56,000063;000681;000901;000938;000977;001208;002015;002044;002049;002065;002131;002212;002230;002236;002279;002315;002361;002373;002396;002410;002446;002544;002558;002757;002792;002881;002929;002935;002987;300002;300017;300033;300047;300058;300101;300113;300133;300170;300182;300339;300348;300378;300413;300454;300458;300496;300627;300629;300634;300674;300857;300996;301050;301110;301165;301171,,1.0,true,0,,true,false,-0.05692473586207752,,false,research_universe_v1_2,0.001,headline,true,false,0.03729448317794483,3.729448317794483e-05,-0.05696203034525546,1.3094756177391975,,true,qfq,true,false,true,true,false,false,true
2023-08-18,2023-09-15,20,full,56,56,000063;000681;000901;000938;000977;001208;002015;002044;002049;002065;002131;002212;002230;002236;002279;002315;002361;002373;002396;002410;002446;002544;002558;002757;002792;002881;002929;002935;002987;300002;300017;300033;300047;300058;300101;300113;300133;300170;300182;300339;300348;300378;300413;300454;300458;300496;300627;300629;300634;300674;300857;300996;301050;301110;301165;301171,,1.0,true,0,,true,false,-0.021475391509372596,,false,research_universe_v1_2,0.001,headline,true,false,0.029083146245893664,2.9083146245893663e-05,-0.02150447465561849,1.2813160325053747,,true,qfq,true,false,true,true,false,false,true
2023-09-15,2023-10-23,20,full,56,56,000063;000681;000901;000938;000977;001208;002015;002044;002049;002065;002131;002212;002230;002236;002279;002315;002361;002373;002396;002410;002446;002544;002558;002757;002792;002881;002929;002935;002987;300002;300017;300033;300047;300058;300101;300113;300133;300170;300182;300339;300348;300378;300413;300454;300458;300496;300627;300629;300634;300674;300857;300996;301050;301110;301165;301171,,1.0,true,0,,true,false,-0.07628915573011731,,false,research_universe_v1_2,0.001,headline,true,false,0.028381905445584162,2.8381905445584162e-05,-0.0763175376355629,1.1835291479715957,,true,qfq,true,false,true,true,false,false,true
2023-10-23,2023-11-20,20,full,56,56,000063;000681;000901;000938;000977;001208;002015;002044;002049;002065;002131;002212;002230;002236;002279;002315;002361;002373;002396;002410;002446;002544;002558;002757;002792;002881;002929;002935;002987;300002;300017;300033;300047;300058;300101;300113;300133;300170;300182;300339;300348;300378;300413;300454;300458;300496;300627;300629;300634;300674;300857;300996;301050;301110;301165;301171,,1.0,true,0,,true,false,0.17656587414065159,300857,false,research_universe_v1_2,0.001,headline,true,false,0.029861520620649524,2.9861520620649524e-05,0.17653601262003094,1.3924646645740837,,true,qfq,true,false,true,true,false,false,true
2023-11-20,2023-12-18,20,full,56,56,000063;000681;000901;000938;000977;001208;002015;002044;002049;002065;002131;002212;002230;002236;002279;002315;002361;002373;002396;002410;002446;002544;002558;002757;002792;002881;002929;002935;002987;300002;300017;300033;300047;300058;300101;300113;300133;300170;300182;300339;300348;300378;300413;300454;300458;300496;300627;300629;300634;300674;300857;300996;301050;301110;301165;301171,,1.0,true,0,,true,false,-0.05666157503579148,,false,research_universe_v1_2,0.001,headline,true,false,0.03863315891905007,3.8633158919050073e-05,-0.05670020819471053,1.3135116281889554,,true,qfq,true,false,true,true,false,false,true
2023-12-18,2024-01-16,20,full,56,56,000063;000681;000901;000938;000977;001208;002015;002044;002049;002065;002131;002212;002230;002236;002279;002315;002361;002373;002396;002410;002446;002544;002558;002757;002792;002881;002929;002935;002987;300002;300017;300033;300047;300058;300101;300113;300133;300170;300182;300339;300348;300378;300413;300454;300458;300496;300627;300629;300634;300674;300857;300996;301050;301110;301165;301171,,1.0,true,0,,true,false,-0.11205089735541264,,false,research_universe_v1_2,0.001,headline,true,false,0.02892352633903711,2.892352633903711e-05,-0.11207982088175168,1.1662934801754392,,true,qfq,true,false,true,true,false,false,true
2024-01-16,2024-02-21,20,full,56,56,000063;000681;000901;000938;000977;001208;002015;002044;002049;002065;002131;002212;002230;002236;002279;002315;002361;002373;002396;002410;002446;002544;002558;002757;002792;002881;002929;002935;002987;300002;300017;300033;300047;300058;300101;300113;300133;300170;300182;300339;300348;300378;300413;300454;300458;300496;300627;300629;300634;300674;300857;300996;301050;301110;301165;301171,,1.0,true,0,,true,false,-0.08317335919871677,,false,research_universe_v1_2,0.001,headline,true,false,0.02883623203473444,2.883623203473444e-05,-0.0832021954307515,1.0692553021082711,,true,qfq,true,false,true,true,false,false,true
2024-02-21,2024-03-20,20,full,56,56,000063;000681;000901;000938;000977;001208;002015;002044;002049;002065;002131;002212;002230;002236;002279;002315;002361;002373;002396;002410;002446;002544;002558;002757;002792;002881;002929;002935;002987;300002;300017;300033;300047;300058;300101;300113;300133;300170;300182;300339;300348;300378;300413;300454;300458;300496;300627;300629;300634;300674;300857;300996;301050;301110;301165;301171,,1.0,true,0,,true,false,0.1995777043829181,002544,false,research_universe_v1_2,0.001,headline,true,false,0.04581423069312184,4.5814230693121844e-05,0.199531890152225,1.2826058335932229,,true,qfq,true,false,true,true,false,false,true
2024-03-20,2024-04-19,20,full,56,56,000063;000681;000901;000938;000977;001208;002015;002044;002049;002065;002131;002212;002230;002236;002279;002315;002361;002373;002396;002410;002446;002544;002558;002757;002792;002881;002929;002935;002987;300002;300017;300033;300047;300058;300101;300113;300133;300170;300182;300339;300348;300378;300413;300454;300458;300496;300627;300629;300634;300674;300857;300996;301050;301110;301165;301171,,1.0,true,0,,true,false,-0.15368606609340832,,false,research_universe_v1_2,0.001,headline,true,false,0.03697601819936965,3.697601819936965e-05,-0.1537230421116077,1.0854397630231782,,true,qfq,true,false,true,true,false,false,true
2024-04-19,2024-05-22,20,full,56,56,000063;000681;000901;000938;000977;001208;002015;002044;002049;002065;002131;002212;002230;002236;002279;002315;002361;002373;002396;002410;002446;002544;002558;002757;002792;002881;002929;002935;002987;300002;300017;300033;300047;300058;300101;300113;300133;300170;300182;300339;300348;300378;300413;300454;300458;300496;300627;300629;300634;300674;300857;300996;301050;301110;301165;301171,,1.0,true,0,,true,false,0.05757912758518515,,false,research_universe_v1_2,0.001,headline,true,false,0.034083796651839735,3.408379665183974e-05,0.05754504378853331,1.1479014417161624,,true,qfq,true,false,true,true,false,false,true
2024-05-22,2024-06-20,20,full,56,56,000063;000681;000901;000938;000977;001208;002015;002044;002049;002065;002131;002212;002230;002236;002279;002315;002361;002373;002396;002410;002446;002544;002558;002757;002792;002881;002929;002935;002987;300002;300017;300033;300047;300058;300101;300113;300133;300170;300182;300339;300348;300378;300413;300454;300458;300496;300627;300629;300634;300674;300857;300996;301050;301110;301165;301171,,1.0,true,0,,true,false,-0.07770880956230873,,false,research_universe_v1_2,0.001,headline,true,false,0.027130843420042784,2.7130843420042784e-05,-0.07773594040572877,1.0586682436512647,,true,qfq,true,false,true,true,false,false,true
2024-06-20,2024-07-18,20,full,56,56,000063;000681;000901;000938;000977;001208;002015;002044;002049;002065;002131;002212;002230;002236;002279;002315;002361;002373;002396;002410;002446;002544;002558;002757;002792;002881;002929;002935;002987;300002;300017;300033;300047;300058;300101;300113;300133;300170;300182;300339;300348;300378;300413;300454;300458;300496;300627;300629;300634;300674;300857;300996;301050;301110;301165;301171,,1.0,true,0,,true,false,-0.03887293521767639,,false,research_universe_v1_2,0.001,headline,true,false,0.029644070993917273,2.9644070993917274e-05,-0.0389025792886703,1.017483318362224,,true,qfq,true,false,true,true,false,false,true
2024-07-18,2024-08-15,20,full,56,56,000063;000681;000901;000938;000977;001208;002015;002044;002049;002065;002131;002212;002230;002236;002279;002315;002361;002373;002396;002410;002446;002544;002558;002757;002792;002881;002929;002935;002987;300002;300017;300033;300047;300058;300101;300113;300133;300170;300182;300339;300348;300378;300413;300454;300458;300496;300627;300629;300634;300674;300857;300996;301050;301110;301165;301171,,1.0,true,0,,true,false,-0.006208754735984358,,false,research_universe_v1_2,0.001,headline,true,false,0.033326260345188236,3.332626034518824e-05,-0.006242080996329546,1.011132105076593,,true,qfq,true,false,true,true,false,false,true
2024-08-15,2024-09-12,20,full,56,56,000063;000681;000901;000938;000977;001208;002015;002044;002049;002065;002131;002212;002230;002236;002279;002315;002361;002373;002396;002410;002446;002544;002558;002757;002792;002881;002929;002935;002987;300002;300017;300033;300047;300058;300101;300113;300133;300170;300182;300339;300348;300378;300413;300454;300458;300496;300627;300629;300634;300674;300857;300996;301050;301110;301165;301171,,1.0,true,0,,true,false,-0.017572585028223214,,false,research_universe_v1_2,0.001,headline,true,false,0.030209672695915468,3.020967269591547e-05,-0.01760279470091913,0.9933333542154215,,true,qfq,true,false,true,true,false,false,true
2024-09-12,2024-10-21,20,full,56,56,000063;000681;000901;000938;000977;001208;002015;002044;002049;002065;002131;002212;002230;002236;002279;002315;002361;002373;002396;002410;002446;002544;002558;002757;002792;002881;002929;002935;002987;300002;300017;300033;300047;300058;300101;300113;300133;300170;300182;300339;300348;300378;300413;300454;300458;300496;300627;300629;300634;300674;300857;300996;301050;301110;301165;301171,,1.0,true,0,,true,false,0.5003483077501091,002049;002410;002544;002987;300002;300033;300047;300339;300348;300458;300496;300674;300857;301050;301110;301165;301171,true,research_universe_v1_2,0.001,headline,true,false,0.03341653168668516,3.341653168668516e-05,0.5003148912184224,1.490312823273341,,true,qfq,true,false,true,true,false,false,true
2024-10-21,2024-11-18,20,full,56,56,000063;000681;000901;000938;000977;001208;002015;002044;002049;002065;002131;002212;002230;002236;002279;002315;002361;002373;002396;002410;002446;002544;002558;002757;002792;002881;002929;002935;002987;300002;300017;300033;300047;300058;300101;300113;300133;300170;300182;300339;300348;300378;300413;300454;300458;300496;300627;300629;300634;300674;300857;300996;301050;301110;301165;301171,,1.0,true,0,,true,false,0.022217976610154396,301171,false,research_universe_v1_2,0.001,headline,true,false,0.0878363072135408,8.78363072135408e-05,0.022130140302940856,1.5232936551476517,,true,qfq,true,false,true,true,false,false,true
2024-11-18,2024-12-16,20,full,56,56,000063;000681;000901;000938;000977;001208;002015;002044;002049;002065;002131;002212;002230;002236;002279;002315;002361;002373;002396;002410;002446;002544;002558;002757;002792;002881;002929;002935;002987;300002;300017;300033;300047;300058;300101;300113;300133;300170;300182;300339;300348;300378;300413;300454;300458;300496;300627;300629;300634;300674;300857;300996;301050;301110;301165;301171,,1.0,true,0,,true,false,0.11989851294001076,000681;002131,false,research_universe_v1_2,0.001,headline,true,false,0.05567688827386761,5.567688827386761e-05,0.1198428360517369,1.7058494869201628,,true,qfq,true,false,true,true,false,false,true
2024-12-16,2025-01-14,20,full,56,56,000063;000681;000901;000938;000977;001208;002015;002044;002049;002065;002131;002212;002230;002236;002279;002315;002361;002373;002396;002410;002446;002544;002558;002757;002792;002881;002929;002935;002987;300002;300017;300033;300047;300058;300101;300113;300133;300170;300182;300339;300348;300378;300413;300454;300458;300496;300627;300629;300634;300674;300857;300996;301050;301110;301165;301171,,1.0,true,0,,true,false,-0.07565695146073331,,false,research_universe_v1_2,0.001,headline,true,false,0.05702694765521937,5.702694765521937e-05,-0.07571397840838853,1.576692835699529,,true,qfq,true,false,true,true,false,false,true
2025-01-14,2025-02-19,20,full,56,56,000063;000681;000901;000938;000977;001208;002015;002044;002049;002065;002131;002212;002230;002236;002279;002315;002361;002373;002396;002410;002446;002544;002558;002757;002792;002881;002929;002935;002987;300002;300017;300033;300047;300058;300101;300113;300133;300170;300182;300339;300348;300378;300413;300454;300458;300496;300627;300629;300634;300674;300857;300996;301050;301110;301165;301171,,1.0,true,0,,true,false,0.25327305682073076,002044;002065;002757;002881;002929;300113;300170;300378;300454;300674;300996,false,research_universe_v1_2,0.001,headline,true,false,0.04534591265160792,4.534591265160793e-05,0.25322771090807916,1.9759551532888888,,true,qfq,true,false,true,true,false,false,true
2025-02-19,2025-03-19,20,full,56,56,000063;000681;000901;000938;000977;001208;002015;002044;002049;002065;002131;002212;002230;002236;002279;002315;002361;002373;002396;002410;002446;002544;002558;002757;002792;002881;002929;002935;002987;300002;300017;300033;300047;300058;300101;300113;300133;300170;300182;300339;300348;300378;300413;300454;300458;300496;300627;300629;300634;300674;300857;300996;301050;301110;301165;301171,,1.0,true,0,,true,false,0.007317632058916665,,false,research_universe_v1_2,0.001,headline,true,false,0.08103500386732972,8.103500386732971e-05,0.007236597055049336,1.9902543445320888,,true,qfq,true,false,true,true,false,false,true
2025-03-19,2025-04-17,20,full,56,56,000063;000681;000901;000938;000977;001208;002015;002044;002049;002065;002131;002212;002230;002236;002279;002315;002361;002373;002396;002410;002446;002544;002558;002757;002792;002881;002929;002935;002987;300002;300017;300033;300047;300058;300101;300113;300133;300170;300182;300339;300348;300378;300413;300454;300458;300496;300627;300629;300634;300674;300857;300996;301050;301110;301165;301171,,1.0,true,0,,true,false,-0.1556455554321958,,false,research_universe_v1_2,0.001,headline,true,false,0.03528871218080864,3.528871218080864e-05,-0.1556808441443766,1.6804098681133202,,true,qfq,true,false,true,true,false,false,true
2025-04-17,2025-05-20,20,full,56,56,000063;000681;000901;000938;000977;001208;002015;002044;002049;002065;002131;002212;002230;002236;002279;002315;002361;002373;002396;002410;002446;002544;002558;002757;002792;002881;002929;002935;002987;300002;300017;300033;300047;300058;300101;300113;300133;300170;300182;300339;300348;300378;300413;300454;300458;300496;300627;300629;300634;300674;300857;300996;301050;301110;301165;301171,,1.0,true,0,,true,false,0.06554272940311955,,false,research_universe_v1_2,0.001,headline,true,false,0.02899612002661269,2.899612002661269e-05,0.06551373328309293,1.7904997920191734,,true,qfq,true,false,true,true,false,false,true
2025-05-20,2025-06-18,20,full,56,56,000063;000681;000901;000938;000977;001208;002015;002044;002049;002065;002131;002212;002230;002236;002279;002315;002361;002373;002396;002410;002446;002544;002558;002757;002792;002881;002929;002935;002987;300002;300017;300033;300047;300058;300101;300113;300133;300170;300182;300339;300348;300378;300413;300454;300458;300496;300627;300629;300634;300674;300857;300996;301050;301110;301165;301171,,1.0,true,0,,true,false,0.018664184125683218,002015,false,research_universe_v1_2,0.001,headline,true,false,0.026588791319870946,2.6588791319870948e-05,0.018637595334363346,1.8238704025890886,,true,qfq,true,false,true,true,false,false,true
2025-06-18,2025-07-16,20,full,56,56,000063;000681;000901;000938;000977;001208;002015;002044;002049;002065;002131;002212;002230;002236;002279;002315;002361;002373;002396;002410;002446;002544;002558;002757;002792;002881;002929;002935;002987;300002;300017;300033;300047;300058;300101;300113;300133;300170;300182;300339;300348;300378;300413;300454;300458;300496;300627;300629;300634;300674;300857;300996;301050;301110;301165;301171,,1.0,true,0,,true,false,0.08510675454075069,,false,research_universe_v1_2,0.001,headline,true,false,0.04150571813716154,4.150571813716154e-05,0.08506524882261353,1.9790183922055298,,true,qfq,true,false,true,true,false,false,true
2025-07-16,2025-08-13,20,full,56,56,000063;000681;000901;000938;000977;001208;002015;002044;002049;002065;002131;002212;002230;002236;002279;002315;002361;002373;002396;002410;002446;002544;002558;002757;002792;002881;002929;002935;002987;300002;300017;300033;300047;300058;300101;300113;300133;300170;300182;300339;300348;300378;300413;300454;300458;300496;300627;300629;300634;300674;300857;300996;301050;301110;301165;301171,,1.0,true,0,,true,false,0.07789432298799008,000901,false,research_universe_v1_2,0.001,headline,true,false,0.035008784080736835,3.5008784080736835e-05,0.07785931420390935,2.1331034070195756,,true,qfq,true,false,true,true,false,false,true
2025-08-13,2025-09-10,20,full,56,56,000063;000681;000901;000938;000977;001208;002015;002044;002049;002065;002131;002212;002230;002236;002279;002315;002361;002373;002396;002410;002446;002544;002558;002757;002792;002881;002929;002935;002987;300002;300017;300033;300047;300058;300101;300113;300133;300170;300182;300339;300348;300378;300413;300454;300458;300496;300627;300629;300634;300674;300857;300996;301050;301110;301165;301171,,1.0,true,0,,true,false,0.03149998037717328,002558,false,research_universe_v1_2,0.001,headline,true,false,0.03256031116743902,3.2560311167439024e-05,0.03146742006600584,2.200226667972489,,true,qfq,true,false,true,true,false,false,true
2025-09-10,2025-10-16,20,full,56,56,000063;000681;000901;000938;000977;001208;002015;002044;002049;002065;002131;002212;002230;002236;002279;002315;002361;002373;002396;002410;002446;002544;002558;002757;002792;002881;002929;002935;002987;300002;300017;300033;300047;300058;300101;300113;300133;300170;300182;300339;300348;300378;300413;300454;300458;300496;300627;300629;300634;300674;300857;300996;301050;301110;301165;301171,,1.0,true,0,,true,false,0.015776558463768738,,false,research_universe_v1_2,0.001,headline,true,false,0.05365830856680215,5.365830856680215e-05,0.015722900155201936,2.2348206121918333,,true,qfq,true,false,true,true,false,false,true
2025-10-16,2025-11-13,20,full,56,56,000063;000681;000901;000938;000977;001208;002015;002044;002049;002065;002131;002212;002230;002236;002279;002315;002361;002373;002396;002410;002446;002544;002558;002757;002792;002881;002929;002935;002987;300002;300017;300033;300047;300058;300101;300113;300133;300170;300182;300339;300348;300378;300413;300454;300458;300496;300627;300629;300634;300674;300857;300996;301050;301110;301165;301171,,1.0,true,0,,true,false,-0.01808374650445291,,false,research_universe_v1_2,0.001,headline,true,false,0.032505356955019896,3.25053569550199e-05,-0.01811625186140793,2.1943340391163,,true,qfq,true,false,true,true,false,false,true
2025-11-13,2025-12-11,20,full,56,56,000063;000681;000901;000938;000977;001208;002015;002044;002049;002065;002131;002212;002230;002236;002279;002315;002361;002373;002396;002410;002446;002544;002558;002757;002792;002881;002929;002935;002987;300002;300017;300033;300047;300058;300101;300113;300133;300170;300182;300339;300348;300378;300413;300454;300458;300496;300627;300629;300634;300674;300857;300996;301050;301110;301165;301171,,1.0,true,0,,true,false,-0.010102586639003019,,false,research_universe_v1_2,0.001,headline,true,false,0.034690340552038415,3.4690340552038414e-05,-0.010137276979555057,2.172089467176112,,true,qfq,true,false,true,true,false,false,true
2021-03-31,2021-04-29,20,full,55,48,000681;000901;000938;000977;002015;002044;002049;002065;002131;002212;002230;002236;002279;002315;002361;002373;002396;002410;002446;002544;002558;002757;002792;002881;002929;002935;002987;300002;300017;300033;300047;300058;300101;300113;300133;300170;300182;300339;300348;300378;300413;300454;300458;300496;300629;300634;300674;300857,000063;001208;300996;301050;301110;301165;301171,0.8727272727272727,true,0,,true,false,-0.00433664415763516,,false,expanded_only_v1_2,0.0,headline,true,false,1.0,0.0,-0.00433664415763516,0.9956633558423649,,true,qfq,true,false,true,true,false,false,true
2021-04-29,2021-06-01,20,full,55,49,000063;000681;000901;000938;000977;002015;002044;002049;002065;002131;002212;002230;002236;002279;002315;002361;002373;002396;002410;002446;002544;002558;002757;002792;002881;002929;002935;002987;300002;300017;300033;300047;300058;300101;300113;300133;300170;300182;300339;300348;300378;300413;300454;300458;300496;300629;300634;300674;300857,001208;300996;301050;301110;301165;301171,0.8909090909090909,true,0,,true,false,0.07877352137917676,300339,false,expanded_only_v1_2,0.0,headline,true,false,0.04606625631129961,0.0,0.07877352137917676,1.0740952644902761,,true,qfq,true,false,true,true,false,false,true
2021-06-01,2021-06-30,20,full,55,49,000063;000681;000901;000938;000977;002015;002044;002049;002065;002131;002212;002230;002236;002279;002315;002361;002373;002396;002410;002446;002544;002558;002757;002792;002881;002929;002935;002987;300002;300017;300033;300047;300058;300101;300113;300133;300170;300182;300339;300348;300378;300413;300454;300458;300496;300629;300634;300674;300857,001208;300996;301050;301110;301165;301171,0.8909090909090909,true,0,,true,false,0.06132806622888898,300339;300458,false,expanded_only_v1_2,0.0,headline,true,false,0.042761940156509,0.0,0.06132806622888898,1.139967450007072,,true,qfq,true,false,true,true,false,false,true
2021-06-30,2021-07-28,20,full,55,51,000063;000681;000901;000938;000977;001208;002015;002044;002049;002065;002131;002212;002230;002236;002279;002315;002361;002373;002396;002410;002446;002544;002558;002757;002792;002881;002929;002935;002987;300002;300017;300033;300047;300058;300101;300113;300133;300170;300182;300339;300348;300378;300413;300454;300458;300496;300629;300634;300674;300857;300996,301050;301110;301165;301171,0.9272727272727272,true,0,,true,false,-0.04212781595756304,,false,expanded_only_v1_2,0.0,headline,true,false,0.06905485146262735,0.0,-0.04212781595756304,1.0919431110755615,,true,qfq,true,false,true,true,false,false,true
2021-07-28,2021-08-25,20,full,55,51,000063;000681;000901;000938;000977;001208;002015;002044;002049;002065;002131;002212;002230;002236;002279;002315;002361;002373;002396;002410;002446;002544;002558;002757;002792;002881;002929;002935;002987;300002;300017;300033;300047;300058;300101;300113;300133;300170;300182;300339;300348;300378;300413;300454;300458;300496;300629;300634;300674;300857;300996,301050;301110;301165;301171,0.9272727272727272,true,0,,true,false,0.10386807890796264,001208;002015,false,expanded_only_v1_2,0.0,headline,true,false,0.056324247592445,0.0,0.10386807890796264,1.2053611442997643,,true,qfq,true,false,true,true,false,false,true
2021-08-25,2021-09-24,20,full,55,52,000063;000681;000901;000938;000977;001208;002015;002044;002049;002065;002131;002212;002230;002236;002279;002315;002361;002373;002396;002410;002446;002544;002558;002757;002792;002881;002929;002935;002987;300002;300017;300033;300047;300058;300101;300113;300133;300170;300182;300339;300348;300378;300413;300454;300458;300496;300629;300634;300674;300857;300996;301050,301110;301165;301171,0.9454545454545454,true,0,,true,false,-0.018384606370040264,,false,expanded_only_v1_2,0.0,headline,true,false,0.0720697244693299,0.0,-0.018384606370040264,1.1832010541280717,,true,qfq,true,false,true,true,false,false,true
2021-09-24,2021-10-29,20,full,55,52,000063;000681;000901;000938;000977;001208;002015;002044;002049;002065;002131;002212;002230;002236;002279;002315;002361;002373;002396;002410;002446;002544;002558;002757;002792;002881;002929;002935;002987;300002;300017;300033;300047;300058;300101;300113;300133;300170;300182;300339;300348;300378;300413;300454;300458;300496;300629;300634;300674;300857;300996;301050,301110;301165;301171,0.9454545454545454,true,0,,true,false,-0.02683199920949837,,false,expanded_only_v1_2,0.0,headline,true,false,0.03884580749562267,0.0,-0.02683199920949837,1.1514534043790297,,true,qfq,true,false,true,true,false,false,true
2021-10-29,2021-11-26,20,full,55,52,000063;000681;000901;000938;000977;001208;002015;002044;002049;002065;002131;002212;002230;002236;002279;002315;002361;002373;002396;002410;002446;002544;002558;002757;002792;002881;002929;002935;002987;300002;300017;300033;300047;300058;300101;300113;300133;300170;300182;300339;300348;300378;300413;300454;300458;300496;300629;300634;300674;300857;300996;301050,301110;301165;301171,0.9454545454545454,true,0,,true,false,0.11236631146925953,,false,expanded_only_v1_2,0.0,headline,true,false,0.0496092123580006,0.0,0.11236631146925953,1.2808379762578228,,true,qfq,true,false,true,true,false,false,true
2021-11-26,2021-12-24,20,full,55,52,000063;000681;000901;000938;000977;001208;002015;002044;002049;002065;002131;002212;002230;002236;002279;002315;002361;002373;002396;002410;002446;002544;002558;002757;002792;002881;002929;002935;002987;300002;300017;300033;300047;300058;300101;300113;300133;300170;300182;300339;300348;300378;300413;300454;300458;300496;300629;300634;300674;300857;300996;301050,301110;301165;301171,0.9454545454545454,true,0,,true,false,0.0033910707159160508,,false,expanded_only_v1_2,0.0,headline,true,false,0.04127859617203211,0.0,0.0033910707159160508,1.285181388410944,,true,qfq,true,false,true,true,false,false,true
2021-12-24,2022-01-24,20,full,55,52,000063;000681;000901;000938;000977;001208;002015;002044;002049;002065;002131;002212;002230;002236;002279;002315;002361;002373;002396;002410;002446;002544;002558;002757;002792;002881;002929;002935;002987;300002;300017;300033;300047;300058;300101;300113;300133;300170;300182;300339;300348;300378;300413;300454;300458;300496;300629;300634;300674;300857;300996;301050,301110;301165;301171,0.9454545454545454,true,0,,true,false,0.030945336325520812,002987;300047,false,expanded_only_v1_2,0.0,headline,true,false,0.046906156007037236,0.0,0.030945336325520812,1.3249517587146205,,true,qfq,true,false,true,true,false,false,true
2022-01-24,2022-02-28,20,full,55,52,000063;000681;000901;000938;000977;001208;002015;002044;002049;002065;002131;002212;002230;002236;002279;002315;002361;002373;002396;002410;002446;002544;002558;002757;002792;002881;002929;002935;002987;300002;300017;300033;300047;300058;300101;300113;300133;300170;300182;300339;300348;300378;300413;300454;300458;300496;300629;300634;300674;300857;300996;301050,301110;301165;301171,0.9454545454545454,true,0,,true,false,-0.06127012139210775,,false,expanded_only_v1_2,0.0,headline,true,false,0.054978725801615586,0.0,-0.06127012139210775,1.243771803619489,,true,qfq,true,false,true,true,false,false,true
2022-02-28,2022-03-28,20,full,55,52,000063;000681;000901;000938;000977;001208;002015;002044;002049;002065;002131;002212;002230;002236;002279;002315;002361;002373;002396;002410;002446;002544;002558;002757;002792;002881;002929;002935;002987;300002;300017;300033;300047;300058;300101;300113;300133;300170;300182;300339;300348;300378;300413;300454;300458;300496;300629;300634;300674;300857;300996;301050,301110;301165;301171,0.9454545454545454,true,0,,true,false,-0.11332920553535566,,false,expanded_only_v1_2,0.0,headline,true,false,0.04161346352185708,0.0,-0.11332920553535566,1.102816133248016,,true,qfq,true,false,true,true,false,false,true
2022-03-28,2022-04-27,20,full,55,53,000063;000681;000901;000938;000977;001208;002015;002044;002049;002065;002131;002212;002230;002236;002279;002315;002361;002373;002396;002410;002446;002544;002558;002757;002792;002881;002929;002935;002987;300002;300017;300033;300047;300058;300101;300113;300133;300170;300182;300339;300348;300378;300413;300454;300458;300496;300629;300634;300674;300857;300996;301050;301110,301165;301171,0.9636363636363636,true,0,,true,false,-0.20212124377680685,,false,expanded_only_v1_2,0.0,headline,true,false,0.04246820894532204,0.0,-0.20212124377680685,0.8799135647387982,,true,qfq,true,false,true,true,false,false,true
2022-04-27,2022-05-30,20,full,55,53,000063;000681;000901;000938;000977;001208;002015;002044;002049;002065;002131;002212;002230;002236;002279;002315;002361;002373;002396;002410;002446;002544;002558;002757;002792;002881;002929;002935;002987;300002;300017;300033;300047;300058;300101;300113;300133;300170;300182;300339;300348;300378;300413;300454;300458;300496;300629;300634;300674;300857;300996;301050;301110,301165;301171,0.9636363636363636,true,0,,true,false,0.12222325635483007,,false,expanded_only_v1_2,0.0,headline,true,false,0.049086971162312615,0.0,0.12222325635483007,0.9874594659319607,,true,qfq,true,false,true,true,false,false,true
2022-05-30,2022-06-28,20,full,55,53,000063;000681;000901;000938;000977;001208;002015;002044;002049;002065;002131;002212;002230;002236;002279;002315;002361;002373;002396;002410;002446;002544;002558;002757;002792;002881;002929;002935;002987;300002;300017;300033;300047;300058;300101;300113;300133;300170;300182;300339;300348;300378;300413;300454;300458;300496;300629;300634;300674;300857;300996;301050;301110,301165;301171,0.9636363636363636,true,0,,true,false,0.10905511322295056,,false,expanded_only_v1_2,0.0,headline,true,false,0.034276438516635005,0.0,0.10905511322295056,1.095146969792245,,true,qfq,true,false,true,true,false,false,true
2022-06-28,2022-07-26,20,full,55,53,000063;000681;000901;000938;000977;001208;002015;002044;002049;002065;002131;002212;002230;002236;002279;002315;002361;002373;002396;002410;002446;002544;002558;002757;002792;002881;002929;002935;002987;300002;300017;300033;300047;300058;300101;300113;300133;300170;300182;300339;300348;300378;300413;300454;300458;300496;300629;300634;300674;300857;300996;301050;301110,301165;301171,0.9636363636363636,true,0,,true,false,-0.016292420113572837,,false,expanded_only_v1_2,0.0,headline,true,false,0.029766607191376908,0.0,-0.016292420113572837,1.0773043752742835,,true,qfq,true,false,true,true,false,false,true
2022-07-26,2022-08-23,20,full,55,53,000063;000681;000901;000938;000977;001208;002015;002044;002049;002065;002131;002212;002230;002236;002279;002315;002361;002373;002396;002410;002446;002544;002558;002757;002792;002881;002929;002935;002987;300002;300017;300033;300047;300058;300101;300113;300133;300170;300182;300339;300348;300378;300413;300454;300458;300496;300629;300634;300674;300857;300996;301050;301110,301165;301171,0.9636363636363636,true,0,,true,false,0.028247155480187344,,false,expanded_only_v1_2,0.0,headline,true,false,0.027706766996703318,0.0,0.028247155480187344,1.1077351594621423,,true,qfq,true,false,true,true,false,false,true
2022-08-23,2022-09-21,20,full,55,54,000063;000681;000901;000938;000977;001208;002015;002044;002049;002065;002131;002212;002230;002236;002279;002315;002361;002373;002396;002410;002446;002544;002558;002757;002792;002881;002929;002935;002987;300002;300017;300033;300047;300058;300101;300113;300133;300170;300182;300339;300348;300378;300413;300454;300458;300496;300629;300634;300674;300857;300996;301050;301110;301171,301165,0.9818181818181818,true,0,,true,false,-0.08837763037014472,,false,expanded_only_v1_2,0.0,headline,true,false,0.03890725589603335,0.0,-0.08837763037014472,1.0098361509911837,,true,qfq,true,false,true,true,false,false,true
2022-09-21,2022-10-26,20,full,55,54,000063;000681;000901;000938;000977;001208;002015;002044;002049;002065;002131;002212;002230;002236;002279;002315;002361;002373;002396;002410;002446;002544;002558;002757;002792;002881;002929;002935;002987;300002;300017;300033;300047;300058;300101;300113;300133;300170;300182;300339;300348;300378;300413;300454;300458;300496;300629;300634;300674;300857;300996;301050;301110;301171,301165,0.9818181818181818,true,0,,true,false,0.032664236559954096,,false,expanded_only_v1_2,0.0,headline,true,false,0.030840564524913863,0.0,0.032664236559954096,1.0428216779139532,,true,qfq,true,false,true,true,false,false,true
2022-10-26,2022-11-23,20,full,55,54,000063;000681;000901;000938;000977;001208;002015;002044;002049;002065;002131;002212;002230;002236;002279;002315;002361;002373;002396;002410;002446;002544;002558;002757;002792;002881;002929;002935;002987;300002;300017;300033;300047;300058;300101;300113;300133;300170;300182;300339;300348;300378;300413;300454;300458;300496;300629;300634;300674;300857;300996;301050;301110;301171,301165,0.9818181818181818,true,0,,true,false,0.04659658061736891,,false,expanded_only_v1_2,0.0,headline,true,false,0.03899654999742778,0.0,0.04659658061736891,1.0914136022984107,,true,qfq,true,false,true,true,false,false,true
2022-11-23,2022-12-21,20,full,55,55,000063;000681;000901;000938;000977;001208;002015;002044;002049;002065;002131;002212;002230;002236;002279;002315;002361;002373;002396;002410;002446;002544;002558;002757;002792;002881;002929;002935;002987;300002;300017;300033;300047;300058;300101;300113;300133;300170;300182;300339;300348;300378;300413;300454;300458;300496;300629;300634;300674;300857;300996;301050;301110;301165;301171,,1.0,true,0,,true,false,-0.06371007361061559,,false,expanded_only_v1_2,0.0,headline,true,false,0.04131069772537069,0.0,-0.06371007361061559,1.0218795613563518,,true,qfq,true,false,true,true,false,false,true
2022-12-21,2023-01-19,20,full,55,55,000063;000681;000901;000938;000977;001208;002015;002044;002049;002065;002131;002212;002230;002236;002279;002315;002361;002373;002396;002410;002446;002544;002558;002757;002792;002881;002929;002935;002987;300002;300017;300033;300047;300058;300101;300113;300133;300170;300182;300339;300348;300378;300413;300454;300458;300496;300629;300634;300674;300857;300996;301050;301110;301165;301171,,1.0,true,0,,true,false,0.12619372045034613,002279,false,expanded_only_v1_2,0.0,headline,true,false,0.03029554307320414,0.0,0.12619372045034613,1.1508343450560776,,true,qfq,true,false,true,true,false,false,true
2023-01-19,2023-02-23,20,full,55,55,000063;000681;000901;000938;000977;001208;002015;002044;002049;002065;002131;002212;002230;002236;002279;002315;002361;002373;002396;002410;002446;002544;002558;002757;002792;002881;002929;002935;002987;300002;300017;300033;300047;300058;300101;300113;300133;300170;300182;300339;300348;300378;300413;300454;300458;300496;300629;300634;300674;300857;300996;301050;301110;301165;301171,,1.0,true,0,,true,false,0.07543713269985876,000977,false,expanded_only_v1_2,0.0,headline,true,false,0.03551133240797051,0.0,0.07543713269985876,1.2376499882596281,,true,qfq,true,false,true,true,false,false,true
2023-02-23,2023-03-23,20,full,55,55,000063;000681;000901;000938;000977;001208;002015;002044;002049;002065;002131;002212;002230;002236;002279;002315;002361;002373;002396;002410;002446;002544;002558;002757;002792;002881;002929;002935;002987;300002;300017;300033;300047;300058;300101;300113;300133;300170;300182;300339;300348;300378;300413;300454;300458;300496;300629;300634;300674;300857;300996;301050;301110;301165;301171,,1.0,true,0,,true,false,0.1686681124110764,002236;300058;300634;301110,false,expanded_only_v1_2,0.0,headline,true,false,0.03614118085861623,0.0,0.1686681124110764,1.4464020756049707,,true,qfq,true,false,true,true,false,false,true
2023-03-23,2023-04-21,20,full,55,55,000063;000681;000901;000938;000977;001208;002015;002044;002049;002065;002131;002212;002230;002236;002279;002315;002361;002373;002396;002410;002446;002544;002558;002757;002792;002881;002929;002935;002987;300002;300017;300033;300047;300058;300101;300113;300133;300170;300182;300339;300348;300378;300413;300454;300458;300496;300629;300634;300674;300857;300996;301050;301110;301165;301171,,1.0,true,0,,true,false,-0.0012332822266392543,300002,false,expanded_only_v1_2,0.0,headline,true,false,0.05901107119773692,0.0,-0.0012332822266392543,1.444618253632553,,true,qfq,true,false,true,true,false,false,true
2023-04-21,2023-05-24,20,full,55,55,000063;000681;000901;000938;000977;001208;002015;002044;002049;002065;002131;002212;002230;002236;002279;002315;002361;002373;002396;002410;002446;002544;002558;002757;002792;002881;002929;002935;002987;300002;300017;300033;300047;300058;300101;300113;300133;300170;300182;300339;300348;300378;300413;300454;300458;300496;300629;300634;300674;300857;300996;301050;301110;301165;301171,,1.0,true,0,,true,false,-0.05761700082181222,002315,false,expanded_only_v1_2,0.0,headline,true,false,0.05584031135297054,0.0,-0.05761700082181222,1.3613836825258012,,true,qfq,true,false,true,true,false,false,true
2023-05-24,2023-06-21,20,full,55,55,000063;000681;000901;000938;000977;001208;002015;002044;002049;002065;002131;002212;002230;002236;002279;002315;002361;002373;002396;002410;002446;002544;002558;002757;002792;002881;002929;002935;002987;300002;300017;300033;300047;300058;300101;300113;300133;300170;300182;300339;300348;300378;300413;300454;300458;300496;300629;300634;300674;300857;300996;301050;301110;301165;301171,,1.0,true,0,,true,false,0.14189915593184843,000977;300378,false,expanded_only_v1_2,0.0,headline,true,false,0.04688729078811259,0.0,0.14189915593184843,1.5545628779756038,,true,qfq,true,false,true,true,false,false,true
2023-06-21,2023-07-21,20,full,55,55,000063;000681;000901;000938;000977;001208;002015;002044;002049;002065;002131;002212;002230;002236;002279;002315;002361;002373;002396;002410;002446;002544;002558;002757;002792;002881;002929;002935;002987;300002;300017;300033;300047;300058;300101;300113;300133;300170;300182;300339;300348;300378;300413;300454;300458;300496;300629;300634;300674;300857;300996;301050;301110;301165;301171,,1.0,true,0,,true,false,-0.11302061959064351,,false,expanded_only_v1_2,0.0,headline,true,false,0.05361299483767415,0.0,-0.11302061959064351,1.3788652183141872,,true,qfq,true,false,true,true,false,false,true
2023-07-21,2023-08-18,20,full,55,55,000063;000681;000901;000938;000977;001208;002015;002044;002049;002065;002131;002212;002230;002236;002279;002315;002361;002373;002396;002410;002446;002544;002558;002757;002792;002881;002929;002935;002987;300002;300017;300033;300047;300058;300101;300113;300133;300170;300182;300339;300348;300378;300413;300454;300458;300496;300629;300634;300674;300857;300996;301050;301110;301165;301171,,1.0,true,0,,true,false,-0.05746273375163859,,false,expanded_only_v1_2,0.0,headline,true,false,0.03676838704933624,0.0,-0.05746273375163859,1.2996318533948041,,true,qfq,true,false,true,true,false,false,true
2023-08-18,2023-09-15,20,full,55,55,000063;000681;000901;000938;000977;001208;002015;002044;002049;002065;002131;002212;002230;002236;002279;002315;002361;002373;002396;002410;002446;002544;002558;002757;002792;002881;002929;002935;002987;300002;300017;300033;300047;300058;300101;300113;300133;300170;300182;300339;300348;300378;300413;300454;300458;300496;300629;300634;300674;300857;300996;301050;301110;301165;301171,,1.0,true,0,,true,false,-0.02108237435691367,,false,expanded_only_v1_2,0.0,headline,true,false,0.029359001605732512,0.0,-0.02108237435691367,1.2722325281353655,,true,qfq,true,false,true,true,false,false,true
2023-09-15,2023-10-23,20,full,55,55,000063;000681;000901;000938;000977;001208;002015;002044;002049;002065;002131;002212;002230;002236;002279;002315;002361;002373;002396;002410;002446;002544;002558;002757;002792;002881;002929;002935;002987;300002;300017;300033;300047;300058;300101;300113;300133;300170;300182;300339;300348;300378;300413;300454;300458;300496;300629;300634;300674;300857;300996;301050;301110;301165;301171,,1.0,true,0,,true,false,-0.07640359301180315,,false,expanded_only_v1_2,0.0,headline,true,false,0.028715174452332272,0.0,-0.07640359301180315,1.1750293918393337,,true,qfq,true,false,true,true,false,false,true
2023-10-23,2023-11-20,20,full,55,55,000063;000681;000901;000938;000977;001208;002015;002044;002049;002065;002131;002212;002230;002236;002279;002315;002361;002373;002396;002410;002446;002544;002558;002757;002792;002881;002929;002935;002987;300002;300017;300033;300047;300058;300101;300113;300133;300170;300182;300339;300348;300378;300413;300454;300458;300496;300629;300634;300674;300857;300996;301050;301110;301165;301171,,1.0,true,0,,true,false,0.1768096555843572,300857,false,expanded_only_v1_2,0.0,headline,true,false,0.030336134997584446,0.0,0.1768096555843572,1.382785933911943,,true,qfq,true,false,true,true,false,false,true
2023-11-20,2023-12-18,20,full,55,55,000063;000681;000901;000938;000977;001208;002015;002044;002049;002065;002131;002212;002230;002236;002279;002315;002361;002373;002396;002410;002446;002544;002558;002757;002792;002881;002929;002935;002987;300002;300017;300033;300047;300058;300101;300113;300133;300170;300182;300339;300348;300378;300413;300454;300458;300496;300629;300634;300674;300857;300996;301050;301110;301165;301171,,1.0,true,0,,true,false,-0.05652354196980299,,false,expanded_only_v1_2,0.0,headline,true,false,0.03924456963748165,0.0,-0.05652354196980299,1.3046259751412181,,true,qfq,true,false,true,true,false,false,true
2023-12-18,2024-01-16,20,full,55,55,000063;000681;000901;000938;000977;001208;002015;002044;002049;002065;002131;002212;002230;002236;002279;002315;002361;002373;002396;002410;002446;002544;002558;002757;002792;002881;002929;002935;002987;300002;300017;300033;300047;300058;300101;300113;300133;300170;300182;300339;300348;300378;300413;300454;300458;300496;300629;300634;300674;300857;300996;301050;301110;301165;301171,,1.0,true,0,,true,false,-0.11232099807399004,,false,expanded_only_v1_2,0.0,headline,true,false,0.029376381103274327,0.0,-0.11232099807399004,1.1580890835001039,,true,qfq,true,false,true,true,false,false,true
2024-01-16,2024-02-21,20,full,55,55,000063;000681;000901;000938;000977;001208;002015;002044;002049;002065;002131;002212;002230;002236;002279;002315;002361;002373;002396;002410;002446;002544;002558;002757;002792;002881;002929;002935;002987;300002;300017;300033;300047;300058;300101;300113;300133;300170;300182;300339;300348;300378;300413;300454;300458;300496;300629;300634;300674;300857;300996;301050;301110;301165;301171,,1.0,true,0,,true,false,-0.08394547451861747,,false,expanded_only_v1_2,0.0,headline,true,false,0.029186894429040662,0.0,-0.08394547451861747,1.060872745850857,,true,qfq,true,false,true,true,false,false,true
2024-02-21,2024-03-20,20,full,55,55,000063;000681;000901;000938;000977;001208;002015;002044;002049;002065;002131;002212;002230;002236;002279;002315;002361;002373;002396;002410;002446;002544;002558;002757;002792;002881;002929;002935;002987;300002;300017;300033;300047;300058;300101;300113;300133;300170;300182;300339;300348;300378;300413;300454;300458;300496;300629;300634;300674;300857;300996;301050;301110;301165;301171,,1.0,true,0,,true,false,0.20304396161402116,002544,false,expanded_only_v1_2,0.0,headline,true,false,0.04619613689613278,0.0,0.20304396161402116,1.2762765509367595,,true,qfq,true,false,true,true,false,false,true
2024-03-20,2024-04-19,20,full,55,55,000063;000681;000901;000938;000977;001208;002015;002044;002049;002065;002131;002212;002230;002236;002279;002315;002361;002373;002396;002410;002446;002544;002558;002757;002792;002881;002929;002935;002987;300002;300017;300033;300047;300058;300101;300113;300133;300170;300182;300339;300348;300378;300413;300454;300458;300496;300629;300634;300674;300857;300996;301050;301110;301165;301171,,1.0,true,0,,true,false,-0.15765759823035844,,false,expanded_only_v1_2,0.0,headline,true,false,0.03633495387926565,0.0,-0.15765759823035844,1.0750618552383444,,true,qfq,true,false,true,true,false,false,true
2024-04-19,2024-05-22,20,full,55,55,000063;000681;000901;000938;000977;001208;002015;002044;002049;002065;002131;002212;002230;002236;002279;002315;002361;002373;002396;002410;002446;002544;002558;002757;002792;002881;002929;002935;002987;300002;300017;300033;300047;300058;300101;300113;300133;300170;300182;300339;300348;300378;300413;300454;300458;300496;300629;300634;300674;300857;300996;301050;301110;301165;301171,,1.0,true,0,,true,false,0.05729356948155537,,false,expanded_only_v1_2,0.0,headline,true,false,0.03246682865890674,0.0,0.05729356948155537,1.1366559863384122,,true,qfq,true,false,true,true,false,false,true
2024-05-22,2024-06-20,20,full,55,55,000063;000681;000901;000938;000977;001208;002015;002044;002049;002065;002131;002212;002230;002236;002279;002315;002361;002373;002396;002410;002446;002544;002558;002757;002792;002881;002929;002935;002987;300002;300017;300033;300047;300058;300101;300113;300133;300170;300182;300339;300348;300378;300413;300454;300458;300496;300629;300634;300674;300857;300996;301050;301110;301165;301171,,1.0,true,0,,true,false,-0.07868145928052285,,false,expanded_only_v1_2,0.0,headline,true,false,0.027489184378021215,0.0,-0.07868145928052285,1.047222234633364,,true,qfq,true,false,true,true,false,false,true
2024-06-20,2024-07-18,20,full,55,55,000063;000681;000901;000938;000977;001208;002015;002044;002049;002065;002131;002212;002230;002236;002279;002315;002361;002373;002396;002410;002446;002544;002558;002757;002792;002881;002929;002935;002987;300002;300017;300033;300047;300058;300101;300113;300133;300170;300182;300339;300348;300378;300413;300454;300458;300496;300629;300634;300674;300857;300996;301050;301110;301165;301171,,1.0,true,0,,true,false,-0.04059031815892266,,false,expanded_only_v1_2,0.0,headline,true,false,0.029677463940953334,0.0,-0.04059031815892266,1.0047151509464978,,true,qfq,true,false,true,true,false,false,true
2024-07-18,2024-08-15,20,full,55,55,000063;000681;000901;000938;000977;001208;002015;002044;002049;002065;002131;002212;002230;002236;002279;002315;002361;002373;002396;002410;002446;002544;002558;002757;002792;002881;002929;002935;002987;300002;300017;300033;300047;300058;300101;300113;300133;300170;300182;300339;300348;300378;300413;300454;300458;300496;300629;300634;300674;300857;300996;301050;301110;301165;301171,,1.0,true,0,,true,false,-0.004800078592234633,,false,expanded_only_v1_2,0.0,headline,true,false,0.032788722783923405,0.0,-0.004800078592234633,0.9998924392591457,,true,qfq,true,false,true,true,false,false,true
2024-08-15,2024-09-12,20,full,55,55,000063;000681;000901;000938;000977;001208;002015;002044;002049;002065;002131;002212;002230;002236;002279;002315;002361;002373;002396;002410;002446;002544;002558;002757;002792;002881;002929;002935;002987;300002;300017;300033;300047;300058;300101;300113;300133;300170;300182;300339;300348;300378;300413;300454;300458;300496;300629;300634;300674;300857;300996;301050;301110;301165;301171,,1.0,true,0,,true,false,-0.018395841413502447,,false,expanded_only_v1_2,0.0,headline,true,false,0.030098571946675676,0.0,-0.018395841413502447,0.9814985765159743,,true,qfq,true,false,true,true,false,false,true
2024-09-12,2024-10-21,20,full,55,55,000063;000681;000901;000938;000977;001208;002015;002044;002049;002065;002131;002212;002230;002236;002279;002315;002361;002373;002396;002410;002446;002544;002558;002757;002792;002881;002929;002935;002987;300002;300017;300033;300047;300058;300101;300113;300133;300170;300182;300339;300348;300378;300413;300454;300458;300496;300629;300634;300674;300857;300996;301050;301110;301165;301171,,1.0,true,0,,true,false,0.5039900965253414,002049;002410;002544;002987;300002;300033;300047;300339;300348;300458;300496;300674;300857;301050;301110;301165;301171,true,expanded_only_v1_2,0.0,headline,true,false,0.033595176106623166,0.0,0.5039900965253414,1.4761641388337454,,true,qfq,true,false,true,true,false,false,true
2024-10-21,2024-11-18,20,full,55,55,000063;000681;000901;000938;000977;001208;002015;002044;002049;002065;002131;002212;002230;002236;002279;002315;002361;002373;002396;002410;002446;002544;002558;002757;002792;002881;002929;002935;002987;300002;300017;300033;300047;300058;300101;300113;300133;300170;300182;300339;300348;300378;300413;300454;300458;300496;300629;300634;300674;300857;300996;301050;301110;301165;301171,,1.0,true,0,,true,false,0.022524188110593178,301171,false,expanded_only_v1_2,0.0,headline,true,false,0.0884683371905387,0.0,0.022524188110593178,1.5094135375789484,,true,qfq,true,false,true,true,false,false,true
2024-11-18,2024-12-16,20,full,55,55,000063;000681;000901;000938;000977;001208;002015;002044;002049;002065;002131;002212;002230;002236;002279;002315;002361;002373;002396;002410;002446;002544;002558;002757;002792;002881;002929;002935;002987;300002;300017;300033;300047;300058;300101;300113;300133;300170;300182;300339;300348;300378;300413;300454;300458;300496;300629;300634;300674;300857;300996;301050;301110;301165;301171,,1.0,true,0,,true,false,0.12058532665538647,000681;002131,false,expanded_only_v1_2,0.0,headline,true,false,0.05653065296057935,0.0,0.12058532665538647,1.6914266620659684,,true,qfq,true,false,true,true,false,false,true
2024-12-16,2025-01-14,20,full,55,55,000063;000681;000901;000938;000977;001208;002015;002044;002049;002065;002131;002212;002230;002236;002279;002315;002361;002373;002396;002410;002446;002544;002558;002757;002792;002881;002929;002935;002987;300002;300017;300033;300047;300058;300101;300113;300133;300170;300182;300339;300348;300378;300413;300454;300458;300496;300629;300634;300674;300857;300996;301050;301110;301165;301171,,1.0,true,0,,true,false,-0.07610194163169412,,false,expanded_only_v1_2,0.0,headline,true,false,0.057805338595433756,0.0,-0.07610194163169412,1.562705808955133,,true,qfq,true,false,true,true,false,false,true
2025-01-14,2025-02-19,20,full,55,55,000063;000681;000901;000938;000977;001208;002015;002044;002049;002065;002131;002212;002230;002236;002279;002315;002361;002373;002396;002410;002446;002544;002558;002757;002792;002881;002929;002935;002987;300002;300017;300033;300047;300058;300101;300113;300133;300170;300182;300339;300348;300378;300413;300454;300458;300496;300629;300634;300674;300857;300996;301050;301110;301165;301171,,1.0,true,0,,true,false,0.25539560807028516,002044;002065;002757;002881;002929;300113;300170;300378;300454;300674;300996,false,expanded_only_v1_2,0.0,headline,true,false,0.04587736344688021,0.0,0.25539560807028516,1.9618140092681962,,true,qfq,true,false,true,true,false,false,true
2025-02-19,2025-03-19,20,full,55,55,000063;000681;000901;000938;000977;001208;002015;002044;002049;002065;002131;002212;002230;002236;002279;002315;002361;002373;002396;002410;002446;002544;002558;002757;002792;002881;002929;002935;002987;300002;300017;300033;300047;300058;300101;300113;300133;300170;300182;300339;300348;300378;300413;300454;300458;300496;300629;300634;300674;300857;300996;301050;301110;301165;301171,,1.0,true,0,,true,false,0.008385064678705331,,false,expanded_only_v1_2,0.0,headline,true,false,0.08175946486987806,0.0,0.008385064678705331,1.9782639466235004,,true,qfq,true,false,true,true,false,false,true
2025-03-19,2025-04-17,20,full,55,55,000063;000681;000901;000938;000977;001208;002015;002044;002049;002065;002131;002212;002230;002236;002279;002315;002361;002373;002396;002410;002446;002544;002558;002757;002792;002881;002929;002935;002987;300002;300017;300033;300047;300058;300101;300113;300133;300170;300182;300339;300348;300378;300413;300454;300458;300496;300629;300634;300674;300857;300996;301050;301110;301165;301171,,1.0,true,0,,true,false,-0.15757830415948423,,false,expanded_only_v1_2,0.0,headline,true,false,0.03543037526090825,0.0,-0.15757830415948423,1.6665324687347207,,true,qfq,true,false,true,true,false,false,true
2025-04-17,2025-05-20,20,full,55,55,000063;000681;000901;000938;000977;001208;002015;002044;002049;002065;002131;002212;002230;002236;002279;002315;002361;002373;002396;002410;002446;002544;002558;002757;002792;002881;002929;002935;002987;300002;300017;300033;300047;300058;300101;300113;300133;300170;300182;300339;300348;300378;300413;300454;300458;300496;300629;300634;300674;300857;300996;301050;301110;301165;301171,,1.0,true,0,,true,false,0.06517691662968673,,false,expanded_only_v1_2,0.0,headline,true,false,0.02828678608904485,0.0,0.06517691662968673,1.7751519165101095,,true,qfq,true,false,true,true,false,false,true
2025-05-20,2025-06-18,20,full,55,55,000063;000681;000901;000938;000977;001208;002015;002044;002049;002065;002131;002212;002230;002236;002279;002315;002361;002373;002396;002410;002446;002544;002558;002757;002792;002881;002929;002935;002987;300002;300017;300033;300047;300058;300101;300113;300133;300170;300182;300339;300348;300378;300413;300454;300458;300496;300629;300634;300674;300857;300996;301050;301110;301165;301171,,1.0,true,0,,true,false,0.017739133669587164,002015,false,expanded_only_v1_2,0.0,headline,true,false,0.026900440469537688,0.0,0.017739133669587164,1.806641573640906,,true,qfq,true,false,true,true,false,false,true
2025-06-18,2025-07-16,20,full,55,55,000063;000681;000901;000938;000977;001208;002015;002044;002049;002065;002131;002212;002230;002236;002279;002315;002361;002373;002396;002410;002446;002544;002558;002757;002792;002881;002929;002935;002987;300002;300017;300033;300047;300058;300101;300113;300133;300170;300182;300339;300348;300378;300413;300454;300458;300496;300629;300634;300674;300857;300996;301050;301110;301165;301171,,1.0,true,0,,true,false,0.08586413046945489,,false,expanded_only_v1_2,0.0,headline,true,false,0.04167079329707482,0.0,0.08586413046945489,1.9617672814315503,,true,qfq,true,false,true,true,false,false,true
2025-07-16,2025-08-13,20,full,55,55,000063;000681;000901;000938;000977;001208;002015;002044;002049;002065;002131;002212;002230;002236;002279;002315;002361;002373;002396;002410;002446;002544;002558;002757;002792;002881;002929;002935;002987;300002;300017;300033;300047;300058;300101;300113;300133;300170;300182;300339;300348;300378;300413;300454;300458;300496;300629;300634;300674;300857;300996;301050;301110;301165;301171,,1.0,true,0,,true,false,0.07753488756195331,000901,false,expanded_only_v1_2,0.0,headline,true,false,0.03536698906426833,0.0,0.07753488756195331,2.113872687020064,,true,qfq,true,false,true,true,false,false,true
2025-08-13,2025-09-10,20,full,55,55,000063;000681;000901;000938;000977;001208;002015;002044;002049;002065;002131;002212;002230;002236;002279;002315;002361;002373;002396;002410;002446;002544;002558;002757;002792;002881;002929;002935;002987;300002;300017;300033;300047;300058;300101;300113;300133;300170;300182;300339;300348;300378;300413;300454;300458;300496;300629;300634;300674;300857;300996;301050;301110;301165;301171,,1.0,true,0,,true,false,0.03304035318434857,002558,false,expanded_only_v1_2,0.0,headline,true,false,0.032981427165740235,0.0,0.03304035318434857,2.183715787185955,,true,qfq,true,false,true,true,false,false,true
2025-09-10,2025-10-16,20,full,55,55,000063;000681;000901;000938;000977;001208;002015;002044;002049;002065;002131;002212;002230;002236;002279;002315;002361;002373;002396;002410;002446;002544;002558;002757;002792;002881;002929;002935;002987;300002;300017;300033;300047;300058;300101;300113;300133;300170;300182;300339;300348;300378;300413;300454;300458;300496;300629;300634;300674;300857;300996;301050;301110;301165;301171,,1.0,true,0,,true,false,0.017557154817503445,,false,expanded_only_v1_2,0.0,headline,true,false,0.053956006759009814,0.0,0.017557154817503445,2.2220556233390054,,true,qfq,true,false,true,true,false,false,true
2025-10-16,2025-11-13,20,full,55,55,000063;000681;000901;000938;000977;001208;002015;002044;002049;002065;002131;002212;002230;002236;002279;002315;002361;002373;002396;002410;002446;002544;002558;002757;002792;002881;002929;002935;002987;300002;300017;300033;300047;300058;300101;300113;300133;300170;300182;300339;300348;300378;300413;300454;300458;300496;300629;300634;300674;300857;300996;301050;301110;301165;301171,,1.0,true,0,,true,false,-0.018383990045283072,,false,expanded_only_v1_2,0.0,headline,true,false,0.03230668369010118,0.0,-0.018383990045283072,2.1812053748794757,,true,qfq,true,false,true,true,false,false,true
2025-11-13,2025-12-11,20,full,55,55,000063;000681;000901;000938;000977;001208;002015;002044;002049;002065;002131;002212;002230;002236;002279;002315;002361;002373;002396;002410;002446;002544;002558;002757;002792;002881;002929;002935;002987;300002;300017;300033;300047;300058;300101;300113;300133;300170;300182;300339;300348;300378;300413;300454;300458;300496;300629;300634;300674;300857;300996;301050;301110;301165;301171,,1.0,true,0,,true,false,-0.00941120926433054,,false,expanded_only_v1_2,0.0,headline,true,false,0.0351539188102716,0.0,-0.00941120926433054,2.160677594648002,,true,qfq,true,false,true,true,false,false,true
2021-03-31,2021-04-29,20,full,55,48,000681;000901;000938;000977;002015;002044;002049;002065;002131;002212;002230;002236;002279;002315;002361;002373;002396;002410;002446;002544;002558;002757;002792;002881;002929;002935;002987;300002;300017;300033;300047;300058;300101;300113;300133;300170;300182;300339;300348;300378;300413;300454;300458;300496;300629;300634;300674;300857,000063;001208;300996;301050;301110;301165;301171,0.8727272727272727,true,0,,true,false,-0.00433664415763516,,false,expanded_only_v1_2,0.001,headline,true,false,1.0,0.001,-0.00533664415763516,0.9946633558423649,,true,qfq,true,false,true,true,false,false,true
2021-04-29,2021-06-01,20,full,55,49,000063;000681;000901;000938;000977;002015;002044;002049;002065;002131;002212;002230;002236;002279;002315;002361;002373;002396;002410;002446;002544;002558;002757;002792;002881;002929;002935;002987;300002;300017;300033;300047;300058;300101;300113;300133;300170;300182;300339;300348;300378;300413;300454;300458;300496;300629;300634;300674;300857,001208;300996;301050;301110;301165;301171,0.8909090909090909,true,0,,true,false,0.07877352137917676,300339,false,expanded_only_v1_2,0.001,headline,true,false,0.04606625631129961,4.6066256311299614e-05,0.07872745512286546,1.0729706705518034,,true,qfq,true,false,true,true,false,false,true
2021-06-01,2021-06-30,20,full,55,49,000063;000681;000901;000938;000977;002015;002044;002049;002065;002131;002212;002230;002236;002279;002315;002361;002373;002396;002410;002446;002544;002558;002757;002792;002881;002929;002935;002987;300002;300017;300033;300047;300058;300101;300113;300133;300170;300182;300339;300348;300378;300413;300454;300458;300496;300629;300634;300674;300857,001208;300996;301050;301110;301165;301171,0.8909090909090909,true,0,,true,false,0.06132806622888898,300339;300458,false,expanded_only_v1_2,0.001,headline,true,false,0.042761940156509,4.2761940156509e-05,0.06128530428873247,1.1387280045894559,,true,qfq,true,false,true,true,false,false,true
2021-06-30,2021-07-28,20,full,55,51,000063;000681;000901;000938;000977;001208;002015;002044;002049;002065;002131;002212;002230;002236;002279;002315;002361;002373;002396;002410;002446;002544;002558;002757;002792;002881;002929;002935;002987;300002;300017;300033;300047;300058;300101;300113;300133;300170;300182;300339;300348;300378;300413;300454;300458;300496;300629;300634;300674;300857;300996,301050;301110;301165;301171,0.9272727272727272,true,0,,true,false,-0.04212781595756304,,false,expanded_only_v1_2,0.001,headline,true,false,0.06905485146262735,6.905485146262735e-05,-0.04219687080902567,1.090677246093175,,true,qfq,true,false,true,true,false,false,true
2021-07-28,2021-08-25,20,full,55,51,000063;000681;000901;000938;000977;001208;002015;002044;002049;002065;002131;002212;002230;002236;002279;002315;002361;002373;002396;002410;002446;002544;002558;002757;002792;002881;002929;002935;002987;300002;300017;300033;300047;300058;300101;300113;300133;300170;300182;300339;300348;300378;300413;300454;300458;300496;300629;300634;300674;300857;300996,301050;301110;301165;301171,0.9272727272727272,true,0,,true,false,0.10386807890796264,001208;002015,false,expanded_only_v1_2,0.001,headline,true,false,0.056324247592445,5.6324247592445e-05,0.1038117546603702,1.203902364778248,,true,qfq,true,false,true,true,false,false,true
2021-08-25,2021-09-24,20,full,55,52,000063;000681;000901;000938;000977;001208;002015;002044;002049;002065;002131;002212;002230;002236;002279;002315;002361;002373;002396;002410;002446;002544;002558;002757;002792;002881;002929;002935;002987;300002;300017;300033;300047;300058;300101;300113;300133;300170;300182;300339;300348;300378;300413;300454;300458;300496;300629;300634;300674;300857;300996;301050,301110;301165;301171,0.9454545454545454,true,0,,true,false,-0.018384606370040264,,false,expanded_only_v1_2,0.001,headline,true,false,0.0720697244693299,7.20697244693299e-05,-0.018456676094509593,1.1816823287821219,,true,qfq,true,false,true,true,false,false,true
2021-09-24,2021-10-29,20,full,55,52,000063;000681;000901;000938;000977;001208;002015;002044;002049;002065;002131;002212;002230;002236;002279;002315;002361;002373;002396;002410;002446;002544;002558;002757;002792;002881;002929;002935;002987;300002;300017;300033;300047;300058;300101;300113;300133;300170;300182;300339;300348;300378;300413;300454;300458;300496;300629;300634;300674;300857;300996;301050,301110;301165;301171,0.9454545454545454,true,0,,true,false,-0.02683199920949837,,false,expanded_only_v1_2,0.001,headline,true,false,0.03884580749562267,3.884580749562267e-05,-0.02687084501699399,1.1499295260660969,,true,qfq,true,false,true,true,false,false,true
2021-10-29,2021-11-26,20,full,55,52,000063;000681;000901;000938;000977;001208;002015;002044;002049;002065;002131;002212;002230;002236;002279;002315;002361;002373;002396;002410;002446;002544;002558;002757;002792;002881;002929;002935;002987;300002;300017;300033;300047;300058;300101;300113;300133;300170;300182;300339;300348;300378;300413;300454;300458;300496;300629;300634;300674;300857;300996;301050,301110;301165;301171,0.9454545454545454,true,0,,true,false,0.11236631146925953,,false,expanded_only_v1_2,0.001,headline,true,false,0.0496092123580006,4.96092123580006e-05,0.11231670225690153,1.2790858182616827,,true,qfq,true,false,true,true,false,false,true
2021-11-26,2021-12-24,20,full,55,52,000063;000681;000901;000938;000977;001208;002015;002044;002049;002065;002131;002212;002230;002236;002279;002315;002361;002373;002396;002410;002446;002544;002558;002757;002792;002881;002929;002935;002987;300002;300017;300033;300047;300058;300101;300113;300133;300170;300182;300339;300348;300378;300413;300454;300458;300496;300629;300634;300674;300857;300996;301050,301110;301165;301171,0.9454545454545454,true,0,,true,false,0.0033910707159160508,,false,expanded_only_v1_2,0.001,headline,true,false,0.04127859617203211,4.127859617203211e-05,0.003349792119744019,1.283370489856172,,true,qfq,true,false,true,true,false,false,true
2021-12-24,2022-01-24,20,full,55,52,000063;000681;000901;000938;000977;001208;002015;002044;002049;002065;002131;002212;002230;002236;002279;002315;002361;002373;002396;002410;002446;002544;002558;002757;002792;002881;002929;002935;002987;300002;300017;300033;300047;300058;300101;300113;300133;300170;300182;300339;300348;300378;300413;300454;300458;300496;300629;300634;300674;300857;300996;301050,301110;301165;301171,0.9454545454545454,true,0,,true,false,0.030945336325520812,002987;300047,false,expanded_only_v1_2,0.001,headline,true,false,0.046906156007037236,4.690615600703724e-05,0.030898430169513776,1.3230246233186078,,true,qfq,true,false,true,true,false,false,true
2022-01-24,2022-02-28,20,full,55,52,000063;000681;000901;000938;000977;001208;002015;002044;002049;002065;002131;002212;002230;002236;002279;002315;002361;002373;002396;002410;002446;002544;002558;002757;002792;002881;002929;002935;002987;300002;300017;300033;300047;300058;300101;300113;300133;300170;300182;300339;300348;300378;300413;300454;300458;300496;300629;300634;300674;300857;300996;301050,301110;301165;301171,0.9454545454545454,true,0,,true,false,-0.06127012139210775,,false,expanded_only_v1_2,0.001,headline,true,false,0.054978725801615586,5.497872580161559e-05,-0.06132510011790937,1.2418900058351348,,true,qfq,true,false,true,true,false,false,true
2022-02-28,2022-03-28,20,full,55,52,000063;000681;000901;000938;000977;001208;002015;002044;002049;002065;002131;002212;002230;002236;002279;002315;002361;002373;002396;002410;002446;002544;002558;002757;002792;002881;002929;002935;002987;300002;300017;300033;300047;300058;300101;300113;300133;300170;300182;300339;300348;300378;300413;300454;300458;300496;300629;300634;300674;300857;300996;301050,301110;301165;301171,0.9454545454545454,true,0,,true,false,-0.11332920553535566,,false,expanded_only_v1_2,0.001,headline,true,false,0.04161346352185708,4.161346352185708e-05,-0.11337081899887752,1.1010959187670846,,true,qfq,true,false,true,true,false,false,true
2022-03-28,2022-04-27,20,full,55,53,000063;000681;000901;000938;000977;001208;002015;002044;002049;002065;002131;002212;002230;002236;002279;002315;002361;002373;002396;002410;002446;002544;002558;002757;002792;002881;002929;002935;002987;300002;300017;300033;300047;300058;300101;300113;300133;300170;300182;300339;300348;300378;300413;300454;300458;300496;300629;300634;300674;300857;300996;301050;301110,301165;301171,0.9636363636363636,true,0,,true,false,-0.20212124377680685,,false,expanded_only_v1_2,0.001,headline,true,false,0.04246820894532204,4.2468208945322044e-05,-0.20216371198575217,0.8784942805767685,,true,qfq,true,false,true,true,false,false,true
2022-04-27,2022-05-30,20,full,55,53,000063;000681;000901;000938;000977;001208;002015;002044;002049;002065;002131;002212;002230;002236;002279;002315;002361;002373;002396;002410;002446;002544;002558;002757;002792;002881;002929;002935;002987;300002;300017;300033;300047;300058;300101;300113;300133;300170;300182;300339;300348;300378;300413;300454;300458;300496;300629;300634;300674;300857;300996;301050;301110,301165;301171,0.9636363636363636,true,0,,true,false,0.12222325635483007,,false,expanded_only_v1_2,0.001,headline,true,false,0.049086971162312615,4.9086971162312614e-05,0.12217416938366776,0.985823589614538,,true,qfq,true,false,true,true,false,false,true
2022-05-30,2022-06-28,20,full,55,53,000063;000681;000901;000938;000977;001208;002015;002044;002049;002065;002131;002212;002230;002236;002279;002315;002361;002373;002396;002410;002446;002544;002558;002757;002792;002881;002929;002935;002987;300002;300017;300033;300047;300058;300101;300113;300133;300170;300182;300339;300348;300378;300413;300454;300458;300496;300629;300634;300674;300857;300996;301050;301110,301165;301171,0.9636363636363636,true,0,,true,false,0.10905511322295056,,false,expanded_only_v1_2,0.001,headline,true,false,0.034276438516635005,3.427643851663501e-05,0.10902083678443392,1.0932989022761492,,true,qfq,true,false,true,true,false,false,true
2022-06-28,2022-07-26,20,full,55,53,000063;000681;000901;000938;000977;001208;002015;002044;002049;002065;002131;002212;002230;002236;002279;002315;002361;002373;002396;002410;002446;002544;002558;002757;002792;002881;002929;002935;002987;300002;300017;300033;300047;300058;300101;300113;300133;300170;300182;300339;300348;300378;300413;300454;300458;300496;300629;300634;300674;300857;300996;301050;301110,301165;301171,0.9636363636363636,true,0,,true,false,-0.016292420113572837,,false,expanded_only_v1_2,0.001,headline,true,false,0.029766607191376908,2.976660719137691e-05,-0.016322186720764215,1.0754538734515913,,true,qfq,true,false,true,true,false,false,true
2022-07-26,2022-08-23,20,full,55,53,000063;000681;000901;000938;000977;001208;002015;002044;002049;002065;002131;002212;002230;002236;002279;002315;002361;002373;002396;002410;002446;002544;002558;002757;002792;002881;002929;002935;002987;300002;300017;300033;300047;300058;300101;300113;300133;300170;300182;300339;300348;300378;300413;300454;300458;300496;300629;300634;300674;300857;300996;301050;301110,301165;301171,0.9636363636363636,true,0,,true,false,0.028247155480187344,,false,expanded_only_v1_2,0.001,headline,true,false,0.027706766996703318,2.7706766996703317e-05,0.02821944871319064,1.1058025888768606,,true,qfq,true,false,true,true,false,false,true
2022-08-23,2022-09-21,20,full,55,54,000063;000681;000901;000938;000977;001208;002015;002044;002049;002065;002131;002212;002230;002236;002279;002315;002361;002373;002396;002410;002446;002544;002558;002757;002792;002881;002929;002935;002987;300002;300017;300033;300047;300058;300101;300113;300133;300170;300182;300339;300348;300378;300413;300454;300458;300496;300629;300634;300674;300857;300996;301050;301110;301171,301165,0.9818181818181818,true,0,,true,false,-0.08837763037014472,,false,expanded_only_v1_2,0.001,headline,true,false,0.03890725589603335,3.890725589603335e-05,-0.08841653762604075,1.0080313526704563,,true,qfq,true,false,true,true,false,false,true
2022-09-21,2022-10-26,20,full,55,54,000063;000681;000901;000938;000977;001208;002015;002044;002049;002065;002131;002212;002230;002236;002279;002315;002361;002373;002396;002410;002446;002544;002558;002757;002792;002881;002929;002935;002987;300002;300017;300033;300047;300058;300101;300113;300133;300170;300182;300339;300348;300378;300413;300454;300458;300496;300629;300634;300674;300857;300996;301050;301110;301171,301165,0.9818181818181818,true,0,,true,false,0.032664236559954096,,false,expanded_only_v1_2,0.001,headline,true,false,0.030840564524913863,3.0840564524913865e-05,0.03263339599542918,1.0409268389779596,,true,qfq,true,false,true,true,false,false,true
2022-10-26,2022-11-23,20,full,55,54,000063;000681;000901;000938;000977;001208;002015;002044;002049;002065;002131;002212;002230;002236;002279;002315;002361;002373;002396;002410;002446;002544;002558;002757;002792;002881;002929;002935;002987;300002;300017;300033;300047;300058;300101;300113;300133;300170;300182;300339;300348;300378;300413;300454;300458;300496;300629;300634;300674;300857;300996;301050;301110;301171,301165,0.9818181818181818,true,0,,true,false,0.04659658061736891,,false,expanded_only_v1_2,0.001,headline,true,false,0.03899654999742778,3.899654999742778e-05,0.04655758406737148,1.0893898777916593,,true,qfq,true,false,true,true,false,false,true
2022-11-23,2022-12-21,20,full,55,55,000063;000681;000901;000938;000977;001208;002015;002044;002049;002065;002131;002212;002230;002236;002279;002315;002361;002373;002396;002410;002446;002544;002558;002757;002792;002881;002929;002935;002987;300002;300017;300033;300047;300058;300101;300113;300133;300170;300182;300339;300348;300378;300413;300454;300458;300496;300629;300634;300674;300857;300996;301050;301110;301165;301171,,1.0,true,0,,true,false,-0.06371007361061559,,false,expanded_only_v1_2,0.001,headline,true,false,0.04131069772537069,4.131069772537069e-05,-0.06375138430834096,1.0199397650309467,,true,qfq,true,false,true,true,false,false,true
2022-12-21,2023-01-19,20,full,55,55,000063;000681;000901;000938;000977;001208;002015;002044;002049;002065;002131;002212;002230;002236;002279;002315;002361;002373;002396;002410;002446;002544;002558;002757;002792;002881;002929;002935;002987;300002;300017;300033;300047;300058;300101;300113;300133;300170;300182;300339;300348;300378;300413;300454;300458;300496;300629;300634;300674;300857;300996;301050;301110;301165;301171,,1.0,true,0,,true,false,0.12619372045034613,002279,false,expanded_only_v1_2,0.001,headline,true,false,0.03029554307320414,3.029554307320414e-05,0.12616342490727292,1.1486188589863702,,true,qfq,true,false,true,true,false,false,true
2023-01-19,2023-02-23,20,full,55,55,000063;000681;000901;000938;000977;001208;002015;002044;002049;002065;002131;002212;002230;002236;002279;002315;002361;002373;002396;002410;002446;002544;002558;002757;002792;002881;002929;002935;002987;300002;300017;300033;300047;300058;300101;300113;300133;300170;300182;300339;300348;300378;300413;300454;300458;300496;300629;300634;300674;300857;300996;301050;301110;301165;301171,,1.0,true,0,,true,false,0.07543713269985876,000977,false,expanded_only_v1_2,0.001,headline,true,false,0.03551133240797051,3.551133240797051e-05,0.0754016213674508,1.2352265832871738,,true,qfq,true,false,true,true,false,false,true
2023-02-23,2023-03-23,20,full,55,55,000063;000681;000901;000938;000977;001208;002015;002044;002049;002065;002131;002212;002230;002236;002279;002315;002361;002373;002396;002410;002446;002544;002558;002757;002792;002881;002929;002935;002987;300002;300017;300033;300047;300058;300101;300113;300133;300170;300182;300339;300348;300378;300413;300454;300458;300496;300629;300634;300674;300857;300996;301050;301110;301165;301171,,1.0,true,0,,true,false,0.1686681124110764,002236;300058;300634;301110,false,expanded_only_v1_2,0.001,headline,true,false,0.03614118085861623,3.614118085861623e-05,0.16863197123021778,1.4435252769428568,,true,qfq,true,false,true,true,false,false,true
2023-03-23,2023-04-21,20,full,55,55,000063;000681;000901;000938;000977;001208;002015;002044;002049;002065;002131;002212;002230;002236;002279;002315;002361;002373;002396;002410;002446;002544;002558;002757;002792;002881;002929;002935;002987;300002;300017;300033;300047;300058;300101;300113;300133;300170;300182;300339;300348;300378;300413;300454;300458;300496;300629;300634;300674;300857;300996;301050;301110;301165;301171,,1.0,true,0,,true,false,-0.0012332822266392543,300002,false,expanded_only_v1_2,0.001,headline,true,false,0.05901107119773692,5.901107119773692e-05,-0.001292293297836991,1.4416598189022054,,true,qfq,true,false,true,true,false,false,true
2023-04-21,2023-05-24,20,full,55,55,000063;000681;000901;000938;000977;001208;002015;002044;002049;002065;002131;002212;002230;002236;002279;002315;002361;002373;002396;002410;002446;002544;002558;002757;002792;002881;002929;002935;002987;300002;300017;300033;300047;300058;300101;300113;300133;300170;300182;300339;300348;300378;300413;300454;300458;300496;300629;300634;300674;300857;300996;301050;301110;301165;301171,,1.0,true,0,,true,false,-0.05761700082181222,002315,false,expanded_only_v1_2,0.001,headline,true,false,0.05584031135297054,5.584031135297054e-05,-0.05767284113316519,1.3585152011985908,,true,qfq,true,false,true,true,false,false,true
2023-05-24,2023-06-21,20,full,55,55,000063;000681;000901;000938;000977;001208;002015;002044;002049;002065;002131;002212;002230;002236;002279;002315;002361;002373;002396;002410;002446;002544;002558;002757;002792;002881;002929;002935;002987;300002;300017;300033;300047;300058;300101;300113;300133;300170;300182;300339;300348;300378;300413;300454;300458;300496;300629;300634;300674;300857;300996;301050;301110;301165;301171,,1.0,true,0,,true,false,0.14189915593184843,000977;300378,false,expanded_only_v1_2,0.001,headline,true,false,0.04688729078811259,4.688729078811259e-05,0.14185226864106032,1.5512236644719775,,true,qfq,true,false,true,true,false,false,true
2023-06-21,2023-07-21,20,full,55,55,000063;000681;000901;000938;000977;001208;002015;002044;002049;002065;002131;002212;002230;002236;002279;002315;002361;002373;002396;002410;002446;002544;002558;002757;002792;002881;002929;002935;002987;300002;300017;300033;300047;300058;300101;300113;300133;300170;300182;300339;300348;300378;300413;300454;300458;300496;300629;300634;300674;300857;300996;301050;301110;301165;301171,,1.0,true,0,,true,false,-0.11302061959064351,,false,expanded_only_v1_2,0.001,headline,true,false,0.05361299483767415,5.361299483767415e-05,-0.11307423258548119,1.3758202390433707,,true,qfq,true,false,true,true,false,false,true
2023-07-21,2023-08-18,20,full,55,55,000063;000681;000901;000938;000977;001208;002015;002044;002049;002065;002131;002212;002230;002236;002279;002315;002361;002373;002396;002410;002446;002544;002558;002757;002792;002881;002929;002935;002987;300002;300017;300033;300047;300058;300101;300113;300133;300170;300182;300339;300348;300378;300413;300454;300458;300496;300629;300634;300674;300857;300996;301050;301110;301165;301171,,1.0,true,0,,true,false,-0.05746273375163859,,false,expanded_only_v1_2,0.001,headline,true,false,0.03676838704933624,3.6768387049336243e-05,-0.05749950213868792,1.2967112602660462,,true,qfq,true,false,true,true,false,false,true
2023-08-18,2023-09-15,20,full,55,55,000063;000681;000901;000938;000977;001208;002015;002044;002049;002065;002131;002212;002230;002236;002279;002315;002361;002373;002396;002410;002446;002544;002558;002757;002792;002881;002929;002935;002987;300002;300017;300033;300047;300058;300101;300113;300133;300170;300182;300339;300348;300378;300413;300454;300458;300496;300629;300634;300674;300857;300996;301050;301110;301165;301171,,1.0,true,0,,true,false,-0.02108237435691367,,false,expanded_only_v1_2,0.001,headline,true,false,0.029359001605732512,2.9359001605732513e-05,-0.021111733358519402,1.26933543789632,,true,qfq,true,false,true,true,false,false,true
2023-09-15,2023-10-23,20,full,55,55,000063;000681;000901;000938;000977;001208;002015;002044;002049;002065;002131;002212;002230;002236;002279;002315;002361;002373;002396;002410;002446;002544;002558;002757;002792;002881;002929;002935;002987;300002;300017;300033;300047;300058;300101;300113;300133;300170;300182;300339;300348;300378;300413;300454;300458;300496;300629;300634;300674;300857;300996;301050;301110;301165;301171,,1.0,true,0,,true,false,-0.07640359301180315,,false,expanded_only_v1_2,0.001,headline,true,false,0.028715174452332272,2.871517445233227e-05,-0.07643230818625547,1.1723172005152929,,true,qfq,true,false,true,true,false,false,true
2023-10-23,2023-11-20,20,full,55,55,000063;000681;000901;000938;000977;001208;002015;002044;002049;002065;002131;002212;002230;002236;002279;002315;002361;002373;002396;002410;002446;002544;002558;002757;002792;002881;002929;002935;002987;300002;300017;300033;300047;300058;300101;300113;300133;300170;300182;300339;300348;300378;300413;300454;300458;300496;300629;300634;300674;300857;300996;301050;301110;301165;301171,,1.0,true,0,,true,false,0.1768096555843572,300857,false,expanded_only_v1_2,0.001,headline,true,false,0.030336134997584446,3.0336134997584447e-05,0.17677931944935962,1.3795586374011648,,true,qfq,true,false,true,true,false,false,true
2023-11-20,2023-12-18,20,full,55,55,000063;000681;000901;000938;000977;001208;002015;002044;002049;002065;002131;002212;002230;002236;002279;002315;002361;002373;002396;002410;002446;002544;002558;002757;002792;002881;002929;002935;002987;300002;300017;300033;300047;300058;300101;300113;300133;300170;300182;300339;300348;300378;300413;300454;300458;300496;300629;300634;300674;300857;300996;301050;301110;301165;301171,,1.0,true,0,,true,false,-0.05652354196980299,,false,expanded_only_v1_2,0.001,headline,true,false,0.03924456963748165,3.9244569637481654e-05,-0.056562786539440475,1.3015269566752015,,true,qfq,true,false,true,true,false,false,true
2023-12-18,2024-01-16,20,full,55,55,000063;000681;000901;000938;000977;001208;002015;002044;002049;002065;002131;002212;002230;002236;002279;002315;002361;002373;002396;002410;002446;002544;002558;002757;002792;002881;002929;002935;002987;300002;300017;300033;300047;300058;300101;300113;300133;300170;300182;300339;300348;300378;300413;300454;300458;300496;300629;300634;300674;300857;300996;301050;301110;301165;301171,,1.0,true,0,,true,false,-0.11232099807399004,,false,expanded_only_v1_2,0.001,headline,true,false,0.029376381103274327,2.9376381103274326e-05,-0.11235037445509331,1.1552999157293447,,true,qfq,true,false,true,true,false,false,true
2024-01-16,2024-02-21,20,full,55,55,000063;000681;000901;000938;000977;001208;002015;002044;002049;002065;002131;002212;002230;002236;002279;002315;002361;002373;002396;002410;002446;002544;002558;002757;002792;002881;002929;002935;002987;300002;300017;300033;300047;300058;300101;300113;300133;300170;300182;300339;300348;300378;300413;300454;300458;300496;300629;300634;300674;300857;300996;301050;301110;301165;301171,,1.0,true,0,,true,false,-0.08394547451861747,,false,expanded_only_v1_2,0.001,headline,true,false,0.029186894429040662,2.9186894429040664e-05,-0.08397466141304652,1.0582839964754518,,true,qfq,true,false,true,true,false,false,true
2024-02-21,2024-03-20,20,full,55,55,000063;000681;000901;000938;000977;001208;002015;002044;002049;002065;002131;002212;002230;002236;002279;002315;002361;002373;002396;002410;002446;002544;002558;002757;002792;002881;002929;002935;002987;300002;300017;300033;300047;300058;300101;300113;300133;300170;300182;300339;300348;300378;300413;300454;300458;300496;300629;300634;300674;300857;300996;301050;301110;301165;301171,,1.0,true,0,,true,false,0.20304396161402116,002544,false,expanded_only_v1_2,0.001,headline,true,false,0.04619613689613278,4.619613689613278e-05,0.20299776547712503,1.2731132830001703,,true,qfq,true,false,true,true,false,false,true
2024-03-20,2024-04-19,20,full,55,55,000063;000681;000901;000938;000977;001208;002015;002044;002049;002065;002131;002212;002230;002236;002279;002315;002361;002373;002396;002410;002446;002544;002558;002757;002792;002881;002929;002935;002987;300002;300017;300033;300047;300058;300101;300113;300133;300170;300182;300339;300348;300378;300413;300454;300458;300496;300629;300634;300674;300857;300996;301050;301110;301165;301171,,1.0,true,0,,true,false,-0.15765759823035844,,false,expanded_only_v1_2,0.001,headline,true,false,0.03633495387926565,3.633495387926565e-05,-0.1576939331842377,1.072351042014776,,true,qfq,true,false,true,true,false,false,true
2024-04-19,2024-05-22,20,full,55,55,000063;000681;000901;000938;000977;001208;002015;002044;002049;002065;002131;002212;002230;002236;002279;002315;002361;002373;002396;002410;002446;002544;002558;002757;002792;002881;002929;002935;002987;300002;300017;300033;300047;300058;300101;300113;300133;300170;300182;300339;300348;300378;300413;300454;300458;300496;300629;300634;300674;300857;300996;301050;301110;301165;301171,,1.0,true,0,,true,false,0.05729356948155537,,false,expanded_only_v1_2,0.001,headline,true,false,0.03246682865890674,3.2466828658906735e-05,0.05726110265289646,1.1337550451115244,,true,qfq,true,false,true,true,false,false,true
2024-05-22,2024-06-20,20,full,55,55,000063;000681;000901;000938;000977;001208;002015;002044;002049;002065;002131;002212;002230;002236;002279;002315;002361;002373;002396;002410;002446;002544;002558;002757;002792;002881;002929;002935;002987;300002;300017;300033;300047;300058;300101;300113;300133;300170;300182;300339;300348;300378;300413;300454;300458;300496;300629;300634;300674;300857;300996;301050;301110;301165;301171,,1.0,true,0,,true,false,-0.07868145928052285,,false,expanded_only_v1_2,0.001,headline,true,false,0.027489184378021215,2.7489184378021217e-05,-0.07870894846490087,1.0445183776940201,,true,qfq,true,false,true,true,false,false,true
2024-06-20,2024-07-18,20,full,55,55,000063;000681;000901;000938;000977;001208;002015;002044;002049;002065;002131;002212;002230;002236;002279;002315;002361;002373;002396;002410;002446;002544;002558;002757;002792;002881;002929;002935;002987;300002;300017;300033;300047;300058;300101;300113;300133;300170;300182;300339;300348;300378;300413;300454;300458;300496;300629;300634;300674;300857;300996;301050;301110;301165;301171,,1.0,true,0,,true,false,-0.04059031815892266,,false,expanded_only_v1_2,0.001,headline,true,false,0.029677463940953334,2.9677463940953333e-05,-0.040619995622863614,1.0020900457640884,,true,qfq,true,false,true,true,false,false,true
2024-07-18,2024-08-15,20,full,55,55,000063;000681;000901;000938;000977;001208;002015;002044;002049;002065;002131;002212;002230;002236;002279;002315;002361;002373;002396;002410;002446;002544;002558;002757;002792;002881;002929;002935;002987;300002;300017;300033;300047;300058;300101;300113;300133;300170;300182;300339;300348;300378;300413;300454;300458;300496;300629;300634;300674;300857;300996;301050;301110;301165;301171,,1.0,true,0,,true,false,-0.004800078592234633,,false,expanded_only_v1_2,0.001,headline,true,false,0.032788722783923405,3.27887227839234e-05,-0.004832867315018557,0.9972470775352098,,true,qfq,true,false,true,true,false,false,true
2024-08-15,2024-09-12,20,full,55,55,000063;000681;000901;000938;000977;001208;002015;002044;002049;002065;002131;002212;002230;002236;002279;002315;002361;002373;002396;002410;002446;002544;002558;002757;002792;002881;002929;002935;002987;300002;300017;300033;300047;300058;300101;300113;300133;300170;300182;300339;300348;300378;300413;300454;300458;300496;300629;300634;300674;300857;300996;301050;301110;301165;301171,,1.0,true,0,,true,false,-0.018395841413502447,,false,expanded_only_v1_2,0.001,headline,true,false,0.030098571946675676,3.0098571946675678e-05,-0.018425939985449124,0.9788718627338815,,true,qfq,true,false,true,true,false,false,true
2024-09-12,2024-10-21,20,full,55,55,000063;000681;000901;000938;000977;001208;002015;002044;002049;002065;002131;002212;002230;002236;002279;002315;002361;002373;002396;002410;002446;002544;002558;002757;002792;002881;002929;002935;002987;300002;300017;300033;300047;300058;300101;300113;300133;300170;300182;300339;300348;300378;300413;300454;300458;300496;300629;300634;300674;300857;300996;301050;301110;301165;301171,,1.0,true,0,,true,false,0.5039900965253414,002049;002410;002544;002987;300002;300033;300047;300339;300348;300458;300496;300674;300857;301050;301110;301165;301171,true,expanded_only_v1_2,0.001,headline,true,false,0.033595176106623166,3.3595176106623167e-05,0.5039565013492349,1.4721807019464568,,true,qfq,true,false,true,true,false,false,true
2024-10-21,2024-11-18,20,full,55,55,000063;000681;000901;000938;000977;001208;002015;002044;002049;002065;002131;002212;002230;002236;002279;002315;002361;002373;002396;002410;002446;002544;002558;002757;002792;002881;002929;002935;002987;300002;300017;300033;300047;300058;300101;300113;300133;300170;300182;300339;300348;300378;300413;300454;300458;300496;300629;300634;300674;300857;300996;301050;301110;301165;301171,,1.0,true,0,,true,false,0.022524188110593178,301171,false,expanded_only_v1_2,0.001,headline,true,false,0.0884683371905387,8.846833719053871e-05,0.02243571977340264,1.5052101356311387,,true,qfq,true,false,true,true,false,false,true
2024-11-18,2024-12-16,20,full,55,55,000063;000681;000901;000938;000977;001208;002015;002044;002049;002065;002131;002212;002230;002236;002279;002315;002361;002373;002396;002410;002446;002544;002558;002757;002792;002881;002929;002935;002987;300002;300017;300033;300047;300058;300101;300113;300133;300170;300182;300339;300348;300378;300413;300454;300458;300496;300629;300634;300674;300857;300996;301050;301110;301165;301171,,1.0,true,0,,true,false,0.12058532665538647,000681;002131,false,expanded_only_v1_2,0.001,headline,true,false,0.05653065296057935,5.653065296057935e-05,0.1205287960024259,1.686631301009408,,true,qfq,true,false,true,true,false,false,true
2024-12-16,2025-01-14,20,full,55,55,000063;000681;000901;000938;000977;001208;002015;002044;002049;002065;002131;002212;002230;002236;002279;002315;002361;002373;002396;002410;002446;002544;002558;002757;002792;002881;002929;002935;002987;300002;300017;300033;300047;300058;300101;300113;300133;300170;300182;300339;300348;300378;300413;300454;300458;300496;300629;300634;300674;300857;300996;301050;301110;301165;301171,,1.0,true,0,,true,false,-0.07610194163169412,,false,expanded_only_v1_2,0.001,headline,true,false,0.057805338595433756,5.7805338595433754e-05,-0.07615974697028956,1.5581778878923611,,true,qfq,true,false,true,true,false,false,true
2025-01-14,2025-02-19,20,full,55,55,000063;000681;000901;000938;000977;001208;002015;002044;002049;002065;002131;002212;002230;002236;002279;002315;002361;002373;002396;002410;002446;002544;002558;002757;002792;002881;002929;002935;002987;300002;300017;300033;300047;300058;300101;300113;300133;300170;300182;300339;300348;300378;300413;300454;300458;300496;300629;300634;300674;300857;300996;301050;301110;301165;301171,,1.0,true,0,,true,false,0.25539560807028516,002044;002065;002757;002881;002929;300113;300170;300378;300454;300674;300996,false,expanded_only_v1_2,0.001,headline,true,false,0.04587736344688021,4.587736344688021e-05,0.2553497307068383,1.9560581919590259,,true,qfq,true,false,true,true,false,false,true
2025-02-19,2025-03-19,20,full,55,55,000063;000681;000901;000938;000977;001208;002015;002044;002049;002065;002131;002212;002230;002236;002279;002315;002361;002373;002396;002410;002446;002544;002558;002757;002792;002881;002929;002935;002987;300002;300017;300033;300047;300058;300101;300113;300133;300170;300182;300339;300348;300378;300413;300454;300458;300496;300629;300634;300674;300857;300996;301050;301110;301165;301171,,1.0,true,0,,true,false,0.008385064678705331,,false,expanded_only_v1_2,0.001,headline,true,false,0.08175946486987806,8.175946486987807e-05,0.008303305213835453,1.972299940142885,,true,qfq,true,false,true,true,false,false,true
2025-03-19,2025-04-17,20,full,55,55,000063;000681;000901;000938;000977;001208;002015;002044;002049;002065;002131;002212;002230;002236;002279;002315;002361;002373;002396;002410;002446;002544;002558;002757;002792;002881;002929;002935;002987;300002;300017;300033;300047;300058;300101;300113;300133;300170;300182;300339;300348;300378;300413;300454;300458;300496;300629;300634;300674;300857;300996;301050;301110;301165;301171,,1.0,true,0,,true,false,-0.15757830415948423,,false,expanded_only_v1_2,0.001,headline,true,false,0.03543037526090825,3.5430375260908256e-05,-0.15761373453474514,1.6614383809543105,,true,qfq,true,false,true,true,false,false,true
2025-04-17,2025-05-20,20,full,55,55,000063;000681;000901;000938;000977;001208;002015;002044;002049;002065;002131;002212;002230;002236;002279;002315;002361;002373;002396;002410;002446;002544;002558;002757;002792;002881;002929;002935;002987;300002;300017;300033;300047;300058;300101;300113;300133;300170;300182;300339;300348;300378;300413;300454;300458;300496;300629;300634;300674;300857;300996;301050;301110;301165;301171,,1.0,true,0,,true,false,0.06517691662968673,,false,expanded_only_v1_2,0.001,headline,true,false,0.02828678608904485,2.828678608904485e-05,0.06514862984359769,1.7696788150430491,,true,qfq,true,false,true,true,false,false,true
2025-05-20,2025-06-18,20,full,55,55,000063;000681;000901;000938;000977;001208;002015;002044;002049;002065;002131;002212;002230;002236;002279;002315;002361;002373;002396;002410;002446;002544;002558;002757;002792;002881;002929;002935;002987;300002;300017;300033;300047;300058;300101;300113;300133;300170;300182;300339;300348;300378;300413;300454;300458;300496;300629;300634;300674;300857;300996;301050;301110;301165;301171,,1.0,true,0,,true,false,0.017739133669587164,002015,false,expanded_only_v1_2,0.001,headline,true,false,0.026900440469537688,2.6900440469537688e-05,0.017712233229117625,1.80102377895572,,true,qfq,true,false,true,true,false,false,true
2025-06-18,2025-07-16,20,full,55,55,000063;000681;000901;000938;000977;001208;002015;002044;002049;002065;002131;002212;002230;002236;002279;002315;002361;002373;002396;002410;002446;002544;002558;002757;002792;002881;002929;002935;002987;300002;300017;300033;300047;300058;300101;300113;300133;300170;300182;300339;300348;300378;300413;300454;300458;300496;300629;300634;300674;300857;300996;301050;301110;301165;301171,,1.0,true,0,,true,false,0.08586413046945489,,false,expanded_only_v1_2,0.001,headline,true,false,0.04167079329707482,4.167079329707482e-05,0.08582245967615781,1.9555920696009488,,true,qfq,true,false,true,true,false,false,true
2025-07-16,2025-08-13,20,full,55,55,000063;000681;000901;000938;000977;001208;002015;002044;002049;002065;002131;002212;002230;002236;002279;002315;002361;002373;002396;002410;002446;002544;002558;002757;002792;002881;002929;002935;002987;300002;300017;300033;300047;300058;300101;300113;300133;300170;300182;300339;300348;300378;300413;300454;300458;300496;300629;300634;300674;300857;300996;301050;301110;301165;301171,,1.0,true,0,,true,false,0.07753488756195331,000901,false,expanded_only_v1_2,0.001,headline,true,false,0.03536698906426833,3.536698906426833e-05,0.07749952057288904,2.107149517431166,,true,qfq,true,false,true,true,false,false,true
2025-08-13,2025-09-10,20,full,55,55,000063;000681;000901;000938;000977;001208;002015;002044;002049;002065;002131;002212;002230;002236;002279;002315;002361;002373;002396;002410;002446;002544;002558;002757;002792;002881;002929;002935;002987;300002;300017;300033;300047;300058;300101;300113;300133;300170;300182;300339;300348;300378;300413;300454;300458;300496;300629;300634;300674;300857;300996;301050;301110;301165;301171,,1.0,true,0,,true,false,0.03304035318434857,002558,false,expanded_only_v1_2,0.001,headline,true,false,0.032981427165740235,3.2981427165740234e-05,0.03300737175718283,2.176700984900985,,true,qfq,true,false,true,true,false,false,true
2025-09-10,2025-10-16,20,full,55,55,000063;000681;000901;000938;000977;001208;002015;002044;002049;002065;002131;002212;002230;002236;002279;002315;002361;002373;002396;002410;002446;002544;002558;002757;002792;002881;002929;002935;002987;300002;300017;300033;300047;300058;300101;300113;300133;300170;300182;300339;300348;300378;300413;300454;300458;300496;300629;300634;300674;300857;300996;301050;301110;301165;301171,,1.0,true,0,,true,false,0.017557154817503445,,false,expanded_only_v1_2,0.001,headline,true,false,0.053956006759009814,5.395600675900982e-05,0.017503198810744434,2.21480021499125,,true,qfq,true,false,true,true,false,false,true
2025-10-16,2025-11-13,20,full,55,55,000063;000681;000901;000938;000977;001208;002015;002044;002049;002065;002131;002212;002230;002236;002279;002315;002361;002373;002396;002410;002446;002544;002558;002757;002792;002881;002929;002935;002987;300002;300017;300033;300047;300058;300101;300113;300133;300170;300182;300339;300348;300378;300413;300454;300458;300496;300629;300634;300674;300857;300996;301050;301110;301165;301171,,1.0,true,0,,true,false,-0.018383990045283072,,false,expanded_only_v1_2,0.001,headline,true,false,0.03230668369010118,3.230668369010118e-05,-0.018416296728973172,2.1740117970365778,,true,qfq,true,false,true,true,false,false,true
2025-11-13,2025-12-11,20,full,55,55,000063;000681;000901;000938;000977;001208;002015;002044;002049;002065;002131;002212;002230;002236;002279;002315;002361;002373;002396;002410;002446;002544;002558;002757;002792;002881;002929;002935;002987;300002;300017;300033;300047;300058;300101;300113;300133;300170;300182;300339;300348;300378;300413;300454;300458;300496;300629;300634;300674;300857;300996;301050;301110;301165;301171,,1.0,true,0,,true,false,-0.00941120926433054,,false,expanded_only_v1_2,0.001,headline,true,false,0.0351539188102716,3.51539188102716e-05,-0.009446363183140813,2.1534752920373377,,true,qfq,true,false,true,true,false,false,true
