rebalance_date,next_rebalance_date,period_trading_days,period_type,universe_count,eligible_count,eligible_codes,start_ineligible_codes,coverage_ratio,coverage_pass,end_price_missing_count,end_price_missing_codes,period_valid,invalid_period,gross_return,stock_return_outlier_codes,portfolio_return_outlier,universe_name,transaction_cost,period_phase,headline_included,provisional,turnover,cost_drag,net_return,nav,termination_reason,research_baseline_only,adjusted_return_source,current_universe_historical_performance,point_in_time_strategy_backtest,survivorship_or_future_universe_bias,close_to_close_execution_assumption,execution_sim_ready,formal_performance_conclusion_allowed,no_investment_conclusion
2020-01-02,2020-02-07,20,full,56,1,300378,000063;000681;000901;000938;000977;001208;002015;002044;002049;002065;002131;002212;002230;002236;002279;002315;002361;002373;002396;002410;002446;002544;002558;002757;002792;002881;002929;002935;002987;300002;300017;300033;300047;300058;300101;300113;300133;300170;300182;300339;300348;300413;300454;300458;300496;300627;300629;300634;300674;300857;300996;301050;301110;301165;301171,0.017857142857142856,false,0,,false,true,,,false,research_universe_v1_2,0.0,pre_start_diagnostic,false,false,,,,,,true,qfq,true,false,true,true,false,false,true
2020-02-07,2020-03-06,20,full,56,1,300378,000063;000681;000901;000938;000977;001208;002015;002044;002049;002065;002131;002212;002230;002236;002279;002315;002361;002373;002396;002410;002446;002544;002558;002757;002792;002881;002929;002935;002987;300002;300017;300033;300047;300058;300101;300113;300133;300170;300182;300339;300348;300413;300454;300458;300496;300627;300629;300634;300674;300857;300996;301050;301110;301165;301171,0.017857142857142856,false,0,,false,true,,,false,research_universe_v1_2,0.0,pre_start_diagnostic,false,false,,,,,,true,qfq,true,false,true,true,false,false,true
2020-03-06,2020-04-03,20,full,56,1,300378,000063;000681;000901;000938;000977;001208;002015;002044;002049;002065;002131;002212;002230;002236;002279;002315;002361;002373;002396;002410;002446;002544;002558;002757;002792;002881;002929;002935;002987;300002;300017;300033;300047;300058;300101;300113;300133;300170;300182;300339;300348;300413;300454;300458;300496;300627;300629;300634;300674;300857;300996;301050;301110;301165;301171,0.017857142857142856,false,0,,false,true,,,false,research_universe_v1_2,0.0,pre_start_diagnostic,false,false,,,,,,true,qfq,true,false,true,true,false,false,true
2020-04-03,2020-05-07,20,full,56,1,300378,000063;000681;000901;000938;000977;001208;002015;002044;002049;002065;002131;002212;002230;002236;002279;002315;002361;002373;002396;002410;002446;002544;002558;002757;002792;002881;002929;002935;002987;300002;300017;300033;300047;300058;300101;300113;300133;300170;300182;300339;300348;300413;300454;300458;300496;300627;300629;300634;300674;300857;300996;301050;301110;301165;301171,0.017857142857142856,false,0,,false,true,,,false,research_universe_v1_2,0.0,pre_start_diagnostic,false,false,,,,,,true,qfq,true,false,true,true,false,false,true
2020-05-07,2020-06-04,20,full,56,1,300378,000063;000681;000901;000938;000977;001208;002015;002044;002049;002065;002131;002212;002230;002236;002279;002315;002361;002373;002396;002410;002446;002544;002558;002757;002792;002881;002929;002935;002987;300002;300017;300033;300047;300058;300101;300113;300133;300170;300182;300339;300348;300413;300454;300458;300496;300627;300629;300634;300674;300857;300996;301050;301110;301165;301171,0.017857142857142856,false,0,,false,true,,,false,research_universe_v1_2,0.0,pre_start_diagnostic,false,false,,,,,,true,qfq,true,false,true,true,false,false,true
2020-06-04,2020-07-06,20,full,56,1,300378,000063;000681;000901;000938;000977;001208;002015;002044;002049;002065;002131;002212;002230;002236;002279;002315;002361;002373;002396;002410;002446;002544;002558;002757;002792;002881;002929;002935;002987;300002;300017;300033;300047;300058;300101;300113;300133;300170;300182;300339;300348;300413;300454;300458;300496;300627;300629;300634;300674;300857;300996;301050;301110;301165;301171,0.017857142857142856,false,0,,false,true,,,false,research_universe_v1_2,0.0,pre_start_diagnostic,false,false,,,,,,true,qfq,true,false,true,true,false,false,true
2020-07-06,2020-08-03,20,full,56,1,300378,000063;000681;000901;000938;000977;001208;002015;002044;002049;002065;002131;002212;002230;002236;002279;002315;002361;002373;002396;002410;002446;002544;002558;002757;002792;002881;002929;002935;002987;300002;300017;300033;300047;300058;300101;300113;300133;300170;300182;300339;300348;300413;300454;300458;300496;300627;300629;300634;300674;300857;300996;301050;301110;301165;301171,0.017857142857142856,false,0,,false,true,,300378,false,research_universe_v1_2,0.0,pre_start_diagnostic,false,false,,,,,,true,qfq,true,false,true,true,false,false,true
2020-08-03,2020-08-31,20,full,56,1,300378,000063;000681;000901;000938;000977;001208;002015;002044;002049;002065;002131;002212;002230;002236;002279;002315;002361;002373;002396;002410;002446;002544;002558;002757;002792;002881;002929;002935;002987;300002;300017;300033;300047;300058;300101;300113;300133;300170;300182;300339;300348;300413;300454;300458;300496;300627;300629;300634;300674;300857;300996;301050;301110;301165;301171,0.017857142857142856,false,0,,false,true,,,false,research_universe_v1_2,0.0,pre_start_diagnostic,false,false,,,,,,true,qfq,true,false,true,true,false,false,true
2020-08-31,2020-09-28,20,full,56,1,300378,000063;000681;000901;000938;000977;001208;002015;002044;002049;002065;002131;002212;002230;002236;002279;002315;002361;002373;002396;002410;002446;002544;002558;002757;002792;002881;002929;002935;002987;300002;300017;300033;300047;300058;300101;300113;300133;300170;300182;300339;300348;300413;300454;300458;300496;300627;300629;300634;300674;300857;300996;301050;301110;301165;301171,0.017857142857142856,false,0,,false,true,,,false,research_universe_v1_2,0.0,pre_start_diagnostic,false,false,,,,,,true,qfq,true,false,true,true,false,false,true
2020-09-28,2020-11-03,20,full,56,1,300378,000063;000681;000901;000938;000977;001208;002015;002044;002049;002065;002131;002212;002230;002236;002279;002315;002361;002373;002396;002410;002446;002544;002558;002757;002792;002881;002929;002935;002987;300002;300017;300033;300047;300058;300101;300113;300133;300170;300182;300339;300348;300413;300454;300458;300496;300627;300629;300634;300674;300857;300996;301050;301110;301165;301171,0.017857142857142856,false,0,,false,true,,,false,research_universe_v1_2,0.0,pre_start_diagnostic,false,false,,,,,,true,qfq,true,false,true,true,false,false,true
2020-11-03,2020-12-01,20,full,56,1,300378,000063;000681;000901;000938;000977;001208;002015;002044;002049;002065;002131;002212;002230;002236;002279;002315;002361;002373;002396;002410;002446;002544;002558;002757;002792;002881;002929;002935;002987;300002;300017;300033;300047;300058;300101;300113;300133;300170;300182;300339;300348;300413;300454;300458;300496;300627;300629;300634;300674;300857;300996;301050;301110;301165;301171,0.017857142857142856,false,0,,false,true,,,false,research_universe_v1_2,0.0,pre_start_diagnostic,false,false,,,,,,true,qfq,true,false,true,true,false,false,true
2020-12-01,2020-12-29,20,full,56,1,300378,000063;000681;000901;000938;000977;001208;002015;002044;002049;002065;002131;002212;002230;002236;002279;002315;002361;002373;002396;002410;002446;002544;002558;002757;002792;002881;002929;002935;002987;300002;300017;300033;300047;300058;300101;300113;300133;300170;300182;300339;300348;300413;300454;300458;300496;300627;300629;300634;300674;300857;300996;301050;301110;301165;301171,0.017857142857142856,false,0,,false,true,,,false,research_universe_v1_2,0.0,pre_start_diagnostic,false,false,,,,,,true,qfq,true,false,true,true,false,false,true
2020-12-29,2021-01-27,20,full,56,1,300378,000063;000681;000901;000938;000977;001208;002015;002044;002049;002065;002131;002212;002230;002236;002279;002315;002361;002373;002396;002410;002446;002544;002558;002757;002792;002881;002929;002935;002987;300002;300017;300033;300047;300058;300101;300113;300133;300170;300182;300339;300348;300413;300454;300458;300496;300627;300629;300634;300674;300857;300996;301050;301110;301165;301171,0.017857142857142856,false,0,,false,true,,,false,research_universe_v1_2,0.0,pre_start_diagnostic,false,false,,,,,,true,qfq,true,false,true,true,false,false,true
2021-01-27,2021-03-03,20,full,56,1,300378,000063;000681;000901;000938;000977;001208;002015;002044;002049;002065;002131;002212;002230;002236;002279;002315;002361;002373;002396;002410;002446;002544;002558;002757;002792;002881;002929;002935;002987;300002;300017;300033;300047;300058;300101;300113;300133;300170;300182;300339;300348;300413;300454;300458;300496;300627;300629;300634;300674;300857;300996;301050;301110;301165;301171,0.017857142857142856,false,0,,false,true,,,false,research_universe_v1_2,0.0,pre_start_diagnostic,false,false,,,,,,true,qfq,true,false,true,true,false,false,true
2021-03-03,2021-03-31,20,full,56,1,300378,000063;000681;000901;000938;000977;001208;002015;002044;002049;002065;002131;002212;002230;002236;002279;002315;002361;002373;002396;002410;002446;002544;002558;002757;002792;002881;002929;002935;002987;300002;300017;300033;300047;300058;300101;300113;300133;300170;300182;300339;300348;300413;300454;300458;300496;300627;300629;300634;300674;300857;300996;301050;301110;301165;301171,0.017857142857142856,false,0,,false,true,,,false,research_universe_v1_2,0.0,pre_start_diagnostic,false,false,,,,,,true,qfq,true,false,true,true,false,false,true
2021-03-31,2021-04-29,20,full,56,47,000681;000901;000938;000977;002015;002044;002049;002065;002131;002212;002230;002236;002279;002315;002361;002373;002396;002410;002446;002558;002757;002792;002881;002929;002935;002987;300002;300017;300033;300047;300058;300101;300113;300170;300182;300339;300348;300378;300413;300454;300458;300496;300627;300629;300634;300674;300857,000063;001208;002544;300133;300996;301050;301110;301165;301171,0.8392857142857143,true,0,,true,false,-0.004772717177438106,,false,research_universe_v1_2,0.0,headline,true,false,1.0,0.0,-0.004772717177438106,0.9952272828225619,,true,qfq,true,false,true,true,false,false,true
2021-04-29,2021-06-01,20,full,56,48,000063;000681;000901;000938;000977;002015;002044;002049;002065;002131;002212;002230;002236;002279;002315;002361;002373;002396;002410;002446;002558;002757;002792;002881;002929;002935;002987;300002;300017;300033;300047;300058;300101;300113;300170;300182;300339;300348;300378;300413;300454;300458;300496;300627;300629;300634;300674;300857,001208;002544;300133;300996;301050;301110;301165;301171,0.8571428571428571,true,0,,true,false,0.08643289453063441,300339,false,research_universe_v1_2,0.0,headline,true,false,0.04640366279790625,0.0,0.08643289453063441,1.081247657592774,,true,qfq,true,false,true,true,false,false,true
2021-06-01,2021-06-30,20,full,56,48,000063;000681;000901;000938;000977;002015;002044;002049;002065;002131;002212;002230;002236;002279;002315;002361;002373;002396;002410;002446;002558;002757;002792;002881;002929;002935;002987;300002;300017;300033;300047;300058;300101;300113;300170;300182;300339;300348;300378;300413;300454;300458;300496;300627;300629;300634;300674;300857,001208;002544;300133;300996;301050;301110;301165;301171,0.8571428571428571,true,0,,true,false,0.06447763190670813,300339;300458,false,research_universe_v1_2,0.0,headline,true,false,0.04368555455113968,0.0,0.06447763190670813,1.1509639460590315,,true,qfq,true,false,true,true,false,false,true
2021-06-30,2021-07-28,20,full,56,50,000063;000681;000901;000938;000977;001208;002015;002044;002049;002065;002131;002212;002230;002236;002279;002315;002361;002373;002396;002410;002446;002558;002757;002792;002881;002929;002935;002987;300002;300017;300033;300047;300058;300101;300113;300170;300182;300339;300348;300378;300413;300454;300458;300496;300627;300629;300634;300674;300857;300996,002544;300133;301050;301110;301165;301171,0.8928571428571429,true,0,,true,false,-0.042991091932176345,,false,research_universe_v1_2,0.0,headline,true,false,0.07032875359251123,0.0,-0.042991091932176345,1.1014827492433872,,true,qfq,true,false,true,true,false,false,true
2021-07-28,2021-08-25,20,full,56,50,000063;000681;000901;000938;000977;001208;002015;002044;002049;002065;002131;002212;002230;002236;002279;002315;002361;002373;002396;002410;002446;002558;002757;002792;002881;002929;002935;002987;300002;300017;300033;300047;300058;300101;300113;300170;300182;300339;300348;300378;300413;300454;300458;300496;300627;300629;300634;300674;300857;300996,002544;300133;301050;301110;301165;301171,0.8928571428571429,true,0,,true,false,0.11706928337371686,001208;002015,false,research_universe_v1_2,0.0,headline,true,false,0.05688029765279044,0.0,0.11706928337371686,1.230432545345822,,true,qfq,true,false,true,true,false,false,true
2021-08-25,2021-09-24,20,full,56,51,000063;000681;000901;000938;000977;001208;002015;002044;002049;002065;002131;002212;002230;002236;002279;002315;002361;002373;002396;002410;002446;002558;002757;002792;002881;002929;002935;002987;300002;300017;300033;300047;300058;300101;300113;300170;300182;300339;300348;300378;300413;300454;300458;300496;300627;300629;300634;300674;300857;300996;301050,002544;300133;301110;301165;301171,0.9107142857142857,true,0,,true,false,-0.02580027706009327,,false,research_universe_v1_2,0.0,headline,true,false,0.07522560849286504,0.0,-0.02580027706009327,1.198687044772144,,true,qfq,true,false,true,true,false,false,true
2021-09-24,2021-10-29,20,full,56,51,000063;000681;000901;000938;000977;001208;002015;002044;002049;002065;002131;002212;002230;002236;002279;002315;002361;002373;002396;002410;002446;002558;002757;002792;002881;002929;002935;002987;300002;300017;300033;300047;300058;300101;300113;300170;300182;300339;300348;300378;300413;300454;300458;300496;300627;300629;300634;300674;300857;300996;301050,002544;300133;301110;301165;301171,0.9107142857142857,true,0,,true,false,-0.03605620678726383,,false,research_universe_v1_2,0.0,headline,true,false,0.03864315056361777,0.0,-0.03605620678726383,1.1554669368126254,,true,qfq,true,false,true,true,false,false,true
2021-10-29,2021-11-26,20,full,56,51,000063;000681;000901;000938;000977;001208;002015;002044;002049;002065;002131;002212;002230;002236;002279;002315;002361;002373;002396;002410;002446;002558;002757;002792;002881;002929;002935;002987;300002;300017;300033;300047;300058;300101;300113;300170;300182;300339;300348;300378;300413;300454;300458;300496;300627;300629;300634;300674;300857;300996;301050,002544;300133;301110;301165;301171,0.9107142857142857,true,0,,true,false,0.10759245537910038,,false,research_universe_v1_2,0.0,headline,true,false,0.04449084602446557,0.0,0.10759245537910038,1.2797864616536636,,true,qfq,true,false,true,true,false,false,true
2021-11-26,2021-12-24,20,full,56,51,000063;000681;000901;000938;000977;001208;002015;002044;002049;002065;002131;002212;002230;002236;002279;002315;002361;002373;002396;002410;002446;002558;002757;002792;002881;002929;002935;002987;300002;300017;300033;300047;300058;300101;300113;300170;300182;300339;300348;300378;300413;300454;300458;300496;300627;300629;300634;300674;300857;300996;301050,002544;300133;301110;301165;301171,0.9107142857142857,true,0,,true,false,0.0052252959628975556,,false,research_universe_v1_2,0.0,headline,true,false,0.03988494570926011,0.0,0.0052252959628975556,1.2864737246851135,,true,qfq,true,false,true,true,false,false,true
2021-12-24,2022-01-24,20,full,56,51,000063;000681;000901;000938;000977;001208;002015;002044;002049;002065;002131;002212;002230;002236;002279;002315;002361;002373;002396;002410;002446;002558;002757;002792;002881;002929;002935;002987;300002;300017;300033;300047;300058;300101;300113;300170;300182;300339;300348;300378;300413;300454;300458;300496;300627;300629;300634;300674;300857;300996;301050,002544;300133;301110;301165;301171,0.9107142857142857,true,0,,true,false,0.031443396141302586,002987;300047,false,research_universe_v1_2,0.0,headline,true,false,0.04487695082139553,0.0,0.031443396141302586,1.3269248276357644,,true,qfq,true,false,true,true,false,false,true
2022-01-24,2022-02-28,20,full,56,51,000063;000681;000901;000938;000977;001208;002015;002044;002049;002065;002131;002212;002230;002236;002279;002315;002361;002373;002396;002410;002446;002558;002757;002792;002881;002929;002935;002987;300002;300017;300033;300047;300058;300101;300113;300170;300182;300339;300348;300378;300413;300454;300458;300496;300627;300629;300634;300674;300857;300996;301050,002544;300133;301110;301165;301171,0.9107142857142857,true,0,,true,false,-0.06276158147342803,,false,research_universe_v1_2,0.0,headline,true,false,0.05586525468036438,0.0,-0.06276158147342803,1.2436449269569878,,true,qfq,true,false,true,true,false,false,true
2022-02-28,2022-03-28,20,full,56,51,000063;000681;000901;000938;000977;001208;002015;002044;002049;002065;002131;002212;002230;002236;002279;002315;002361;002373;002396;002410;002446;002558;002757;002792;002881;002929;002935;002987;300002;300017;300033;300047;300058;300101;300113;300170;300182;300339;300348;300378;300413;300454;300458;300496;300627;300629;300634;300674;300857;300996;301050,002544;300133;301110;301165;301171,0.9107142857142857,true,0,,true,false,-0.11312199539911606,,false,research_universe_v1_2,0.0,headline,true,false,0.03998977444484202,0.0,-0.11312199539911606,1.1029613312516253,,true,qfq,true,false,true,true,false,false,true
2022-03-28,2022-04-27,20,full,56,52,000063;000681;000901;000938;000977;001208;002015;002044;002049;002065;002131;002212;002230;002236;002279;002315;002361;002373;002396;002410;002446;002558;002757;002792;002881;002929;002935;002987;300002;300017;300033;300047;300058;300101;300113;300170;300182;300339;300348;300378;300413;300454;300458;300496;300627;300629;300634;300674;300857;300996;301050;301110,002544;300133;301165;301171,0.9285714285714286,true,0,,true,false,-0.2020128408499735,,false,research_universe_v1_2,0.0,headline,true,false,0.04298503672489594,0.0,-0.2020128408499735,0.8801489793778158,,true,qfq,true,false,true,true,false,false,true
2022-04-27,2022-05-30,20,full,56,52,000063;000681;000901;000938;000977;001208;002015;002044;002049;002065;002131;002212;002230;002236;002279;002315;002361;002373;002396;002410;002446;002558;002757;002792;002881;002929;002935;002987;300002;300017;300033;300047;300058;300101;300113;300170;300182;300339;300348;300378;300413;300454;300458;300496;300627;300629;300634;300674;300857;300996;301050;301110,002544;300133;301165;301171,0.9285714285714286,true,0,,true,false,0.11840047198055184,,false,research_universe_v1_2,0.0,headline,true,false,0.04971009921267409,0.0,0.11840047198055184,0.9843590339493501,,true,qfq,true,false,true,true,false,false,true
2022-05-30,2022-06-28,20,full,56,52,000063;000681;000901;000938;000977;001208;002015;002044;002049;002065;002131;002212;002230;002236;002279;002315;002361;002373;002396;002410;002446;002558;002757;002792;002881;002929;002935;002987;300002;300017;300033;300047;300058;300101;300113;300170;300182;300339;300348;300378;300413;300454;300458;300496;300627;300629;300634;300674;300857;300996;301050;301110,002544;300133;301165;301171,0.9285714285714286,true,0,,true,false,0.11642151156075274,,false,research_universe_v1_2,0.0,headline,true,false,0.031673911284392196,0.0,0.11642151156075274,1.0989596006002158,,true,qfq,true,false,true,true,false,false,true
2022-06-28,2022-07-26,20,full,56,52,000063;000681;000901;000938;000977;001208;002015;002044;002049;002065;002131;002212;002230;002236;002279;002315;002361;002373;002396;002410;002446;002558;002757;002792;002881;002929;002935;002987;300002;300017;300033;300047;300058;300101;300113;300170;300182;300339;300348;300378;300413;300454;300458;300496;300627;300629;300634;300674;300857;300996;301050;301110,002544;300133;301165;301171,0.9285714285714286,true,0,,true,false,-0.016252818458615335,,false,research_universe_v1_2,0.0,headline,true,false,0.031301132791547406,0.0,-0.016252818458615335,1.081098409718308,,true,qfq,true,false,true,true,false,false,true
2022-07-26,2022-08-23,20,full,56,52,000063;000681;000901;000938;000977;001208;002015;002044;002049;002065;002131;002212;002230;002236;002279;002315;002361;002373;002396;002410;002446;002558;002757;002792;002881;002929;002935;002987;300002;300017;300033;300047;300058;300101;300113;300170;300182;300339;300348;300378;300413;300454;300458;300496;300627;300629;300634;300674;300857;300996;301050;301110,002544;300133;301165;301171,0.9285714285714286,true,0,,true,false,0.02894177489280025,,false,research_universe_v1_2,0.0,headline,true,false,0.027705179853762,0.0,0.02894177489280025,1.1123873165293396,,true,qfq,true,false,true,true,false,false,true
2022-08-23,2022-09-21,20,full,56,53,000063;000681;000901;000938;000977;001208;002015;002044;002049;002065;002131;002212;002230;002236;002279;002315;002361;002373;002396;002410;002446;002558;002757;002792;002881;002929;002935;002987;300002;300017;300033;300047;300058;300101;300113;300170;300182;300339;300348;300378;300413;300454;300458;300496;300627;300629;300634;300674;300857;300996;301050;301110;301171,002544;300133;301165,0.9464285714285714,true,0,,true,false,-0.08985352886419753,,false,research_universe_v1_2,0.0,headline,true,false,0.03895446328679718,0.0,-0.08985352886419753,1.0124353906754033,,true,qfq,true,false,true,true,false,false,true
2022-09-21,2022-10-26,20,full,56,53,000063;000681;000901;000938;000977;001208;002015;002044;002049;002065;002131;002212;002230;002236;002279;002315;002361;002373;002396;002410;002446;002558;002757;002792;002881;002929;002935;002987;300002;300017;300033;300047;300058;300101;300113;300170;300182;300339;300348;300378;300413;300454;300458;300496;300627;300629;300634;300674;300857;300996;301050;301110;301171,002544;300133;301165,0.9464285714285714,true,0,,true,false,0.03628060929696734,,false,research_universe_v1_2,0.0,headline,true,false,0.030803557848782026,0.0,0.03628060929696734,1.0491671635229203,,true,qfq,true,false,true,true,false,false,true
2022-10-26,2022-11-23,20,full,56,53,000063;000681;000901;000938;000977;001208;002015;002044;002049;002065;002131;002212;002230;002236;002279;002315;002361;002373;002396;002410;002446;002558;002757;002792;002881;002929;002935;002987;300002;300017;300033;300047;300058;300101;300113;300170;300182;300339;300348;300378;300413;300454;300458;300496;300627;300629;300634;300674;300857;300996;301050;301110;301171,002544;300133;301165,0.9464285714285714,true,0,,true,false,0.045780505311801604,,false,research_universe_v1_2,0.0,headline,true,false,0.03800020501689297,0.0,0.045780505311801604,1.0971985664255492,,true,qfq,true,false,true,true,false,false,true
2022-11-23,2022-12-21,20,full,56,54,000063;000681;000901;000938;000977;001208;002015;002044;002049;002065;002131;002212;002230;002236;002279;002315;002361;002373;002396;002410;002446;002558;002757;002792;002881;002929;002935;002987;300002;300017;300033;300047;300058;300101;300113;300170;300182;300339;300348;300378;300413;300454;300458;300496;300627;300629;300634;300674;300857;300996;301050;301110;301165;301171,002544;300133,0.9642857142857143,true,0,,true,false,-0.06347093812438281,,false,research_universe_v1_2,0.0,headline,true,false,0.04182609301714813,0.0,-0.06347093812438281,1.0275583441057918,,true,qfq,true,false,true,true,false,false,true
2022-12-21,2023-01-19,20,full,56,54,000063;000681;000901;000938;000977;001208;002015;002044;002049;002065;002131;002212;002230;002236;002279;002315;002361;002373;002396;002410;002446;002558;002757;002792;002881;002929;002935;002987;300002;300017;300033;300047;300058;300101;300113;300170;300182;300339;300348;300378;300413;300454;300458;300496;300627;300629;300634;300674;300857;300996;301050;301110;301165;301171,002544;300133,0.9642857142857143,true,0,,true,false,0.12443433530364889,002279,false,research_universe_v1_2,0.0,headline,true,false,0.0295471891150211,0.0,0.12443433530364889,1.155421883640314,,true,qfq,true,false,true,true,false,false,true
2023-01-19,2023-02-23,20,full,56,54,000063;000681;000901;000938;000977;001208;002015;002044;002049;002065;002131;002212;002230;002236;002279;002315;002361;002373;002396;002410;002446;002558;002757;002792;002881;002929;002935;002987;300002;300017;300033;300047;300058;300101;300113;300170;300182;300339;300348;300378;300413;300454;300458;300496;300627;300629;300634;300674;300857;300996;301050;301110;301165;301171,002544;300133,0.9642857142857143,true,0,,true,false,0.07268142801150121,000977,false,research_universe_v1_2,0.0,headline,true,false,0.03640871247205346,0.0,0.07268142801150121,1.2393995960990305,,true,qfq,true,false,true,true,false,false,true
2023-02-23,2023-03-23,20,full,56,54,000063;000681;000901;000938;000977;001208;002015;002044;002049;002065;002131;002212;002230;002236;002279;002315;002361;002373;002396;002410;002446;002558;002757;002792;002881;002929;002935;002987;300002;300017;300033;300047;300058;300101;300113;300170;300182;300339;300348;300378;300413;300454;300458;300496;300627;300629;300634;300674;300857;300996;301050;301110;301165;301171,002544;300133,0.9642857142857143,true,0,,true,false,0.16604526462497646,002236;300058;300634;301110,false,research_universe_v1_2,0.0,headline,true,false,0.03458147890768302,0.0,0.16604526462497646,1.445196030009383,,true,qfq,true,false,true,true,false,false,true
2023-03-23,2023-04-21,20,full,56,54,000063;000681;000901;000938;000977;001208;002015;002044;002049;002065;002131;002212;002230;002236;002279;002315;002361;002373;002396;002410;002446;002558;002757;002792;002881;002929;002935;002987;300002;300017;300033;300047;300058;300101;300113;300170;300182;300339;300348;300378;300413;300454;300458;300496;300627;300629;300634;300674;300857;300996;301050;301110;301165;301171,002544;300133,0.9642857142857143,true,0,,true,false,-0.007583156388096999,300002,false,research_universe_v1_2,0.0,headline,true,false,0.05869159243343572,0.0,-0.007583156388096999,1.4342368825023648,,true,qfq,true,false,true,true,false,false,true
2023-04-21,2023-05-24,20,full,56,54,000063;000681;000901;000938;000977;001208;002015;002044;002049;002065;002131;002212;002230;002236;002279;002315;002361;002373;002396;002410;002446;002558;002757;002792;002881;002929;002935;002987;300002;300017;300033;300047;300058;300101;300113;300170;300182;300339;300348;300378;300413;300454;300458;300496;300627;300629;300634;300674;300857;300996;301050;301110;301165;301171,002544;300133,0.9642857142857143,true,0,,true,false,-0.05086362465834278,002315,false,research_universe_v1_2,0.0,headline,true,false,0.05466784118645264,0.0,-0.05086362465834278,1.3612863960396129,,true,qfq,true,false,true,true,false,false,true
2023-05-24,2023-06-21,20,full,56,54,000063;000681;000901;000938;000977;001208;002015;002044;002049;002065;002131;002212;002230;002236;002279;002315;002361;002373;002396;002410;002446;002558;002757;002792;002881;002929;002935;002987;300002;300017;300033;300047;300058;300101;300113;300170;300182;300339;300348;300378;300413;300454;300458;300496;300627;300629;300634;300674;300857;300996;301050;301110;301165;301171,002544;300133,0.9642857142857143,true,0,,true,false,0.14131977445953642,000977;300378,false,research_universe_v1_2,0.0,headline,true,false,0.04725829568298065,0.0,0.14131977445953642,1.5536630825027662,,true,qfq,true,false,true,true,false,false,true
2023-06-21,2023-07-21,20,full,56,54,000063;000681;000901;000938;000977;001208;002015;002044;002049;002065;002131;002212;002230;002236;002279;002315;002361;002373;002396;002410;002446;002558;002757;002792;002881;002929;002935;002987;300002;300017;300033;300047;300058;300101;300113;300170;300182;300339;300348;300378;300413;300454;300458;300496;300627;300629;300634;300674;300857;300996;301050;301110;301165;301171,002544;300133,0.9642857142857143,true,0,,true,false,-0.11117555706453135,,false,research_universe_v1_2,0.0,headline,true,false,0.05405225154172542,0.0,-0.11117555706453135,1.3809337238149244,,true,qfq,true,false,true,true,false,false,true
2023-07-21,2023-08-18,20,full,56,54,000063;000681;000901;000938;000977;001208;002015;002044;002049;002065;002131;002212;002230;002236;002279;002315;002361;002373;002396;002410;002446;002558;002757;002792;002881;002929;002935;002987;300002;300017;300033;300047;300058;300101;300113;300170;300182;300339;300348;300378;300413;300454;300458;300496;300627;300629;300634;300674;300857;300996;301050;301110;301165;301171,002544;300133,0.9642857142857143,true,0,,true,false,-0.058081307541893425,,false,research_universe_v1_2,0.0,headline,true,false,0.03841488334396654,0.0,-0.058081307541893425,1.3007272875070577,,true,qfq,true,false,true,true,false,false,true
2023-08-18,2023-09-15,20,full,56,54,000063;000681;000901;000938;000977;001208;002015;002044;002049;002065;002131;002212;002230;002236;002279;002315;002361;002373;002396;002410;002446;002558;002757;002792;002881;002929;002935;002987;300002;300017;300033;300047;300058;300101;300113;300170;300182;300339;300348;300378;300413;300454;300458;300496;300627;300629;300634;300674;300857;300996;301050;301110;301165;301171,002544;300133,0.9642857142857143,true,0,,true,false,-0.020715099730727302,,false,research_universe_v1_2,0.0,headline,true,false,0.02854472019061514,0.0,-0.020715099730727302,1.2737825920238706,,true,qfq,true,false,true,true,false,false,true
2023-09-15,2023-10-23,20,full,56,54,000063;000681;000901;000938;000977;001208;002015;002044;002049;002065;002131;002212;002230;002236;002279;002315;002361;002373;002396;002410;002446;002558;002757;002792;002881;002929;002935;002987;300002;300017;300033;300047;300058;300101;300113;300170;300182;300339;300348;300378;300413;300454;300458;300496;300627;300629;300634;300674;300857;300996;301050;301110;301165;301171,002544;300133,0.9642857142857143,true,0,,true,false,-0.07702817956246748,,false,research_universe_v1_2,0.0,headline,true,false,0.029076227230426,0.0,-0.07702817956246748,1.1756654378019107,,true,qfq,true,false,true,true,false,false,true
2023-10-23,2023-11-20,20,full,56,54,000063;000681;000901;000938;000977;001208;002015;002044;002049;002065;002131;002212;002230;002236;002279;002315;002361;002373;002396;002410;002446;002558;002757;002792;002881;002929;002935;002987;300002;300017;300033;300047;300058;300101;300113;300170;300182;300339;300348;300378;300413;300454;300458;300496;300627;300629;300634;300674;300857;300996;301050;301110;301165;301171,002544;300133,0.9642857142857143,true,0,,true,false,0.17704637975803175,300857,false,research_universe_v1_2,0.0,headline,true,false,0.02965461677645707,0.0,0.17704637975803175,1.3838127473713804,,true,qfq,true,false,true,true,false,false,true
2023-11-20,2023-12-18,20,full,56,54,000063;000681;000901;000938;000977;001208;002015;002044;002049;002065;002131;002212;002230;002236;002279;002315;002361;002373;002396;002410;002446;002558;002757;002792;002881;002929;002935;002987;300002;300017;300033;300047;300058;300101;300113;300170;300182;300339;300348;300378;300413;300454;300458;300496;300627;300629;300634;300674;300857;300996;301050;301110;301165;301171,002544;300133,0.9642857142857143,true,0,,true,false,-0.057401709057880515,,false,research_universe_v1_2,0.0,headline,true,false,0.03923270632684634,0.0,-0.057401709057880515,1.304379530656182,,true,qfq,true,false,true,true,false,false,true
2023-12-18,2024-01-16,20,full,56,54,000063;000681;000901;000938;000977;001208;002015;002044;002049;002065;002131;002212;002230;002236;002279;002315;002361;002373;002396;002410;002446;002558;002757;002792;002881;002929;002935;002987;300002;300017;300033;300047;300058;300101;300113;300170;300182;300339;300348;300378;300413;300454;300458;300496;300627;300629;300634;300674;300857;300996;301050;301110;301165;301171,002544;300133,0.9642857142857143,true,0,,true,false,-0.10964577215852353,,false,research_universe_v1_2,0.0,headline,true,false,0.028146443727354455,0.0,-0.10964577215852353,1.1613598298296124,,true,qfq,true,false,true,true,false,false,true
2024-01-16,2024-02-21,20,full,56,54,000063;000681;000901;000938;000977;001208;002015;002044;002049;002065;002131;002212;002230;002236;002279;002315;002361;002373;002396;002410;002446;002558;002757;002792;002881;002929;002935;002987;300002;300017;300033;300047;300058;300101;300113;300170;300182;300339;300348;300378;300413;300454;300458;300496;300627;300629;300634;300674;300857;300996;301050;301110;301165;301171,002544;300133,0.9642857142857143,true,0,,true,false,-0.08222460707311988,,false,research_universe_v1_2,0.0,headline,true,false,0.028674069702341924,0.0,-0.08222460707311988,1.0658674741513672,,true,qfq,true,false,true,true,false,false,true
2024-02-21,2024-03-20,20,full,56,54,000063;000681;000901;000938;000977;001208;002015;002044;002049;002065;002131;002212;002230;002236;002279;002315;002361;002373;002396;002410;002446;002558;002757;002792;002881;002929;002935;002987;300002;300017;300033;300047;300058;300101;300113;300170;300182;300339;300348;300378;300413;300454;300458;300496;300627;300629;300634;300674;300857;300996;301050;301110;301165;301171,002544;300133,0.9642857142857143,true,0,,true,false,0.18496620081678442,,false,research_universe_v1_2,0.0,headline,true,false,0.04614273242719995,0.0,0.18496620081678442,1.2630169314193278,,true,qfq,true,false,true,true,false,false,true
2024-03-20,2024-04-19,20,full,56,54,000063;000681;000901;000938;000977;001208;002015;002044;002049;002065;002131;002212;002230;002236;002279;002315;002361;002373;002396;002410;002446;002558;002757;002792;002881;002929;002935;002987;300002;300017;300033;300047;300058;300101;300113;300170;300182;300339;300348;300378;300413;300454;300458;300496;300627;300629;300634;300674;300857;300996;301050;301110;301165;301171,002544;300133,0.9642857142857143,true,0,,true,false,-0.1570783159549,,false,research_universe_v1_2,0.0,headline,true,false,0.031669603792159724,0.0,-0.1570783159549,1.0646243588094544,,true,qfq,true,false,true,true,false,false,true
2024-04-19,2024-05-22,20,full,56,54,000063;000681;000901;000938;000977;001208;002015;002044;002049;002065;002131;002212;002230;002236;002279;002315;002361;002373;002396;002410;002446;002558;002757;002792;002881;002929;002935;002987;300002;300017;300033;300047;300058;300101;300113;300170;300182;300339;300348;300378;300413;300454;300458;300496;300627;300629;300634;300674;300857;300996;301050;301110;301165;301171,002544;300133,0.9642857142857143,true,0,,true,false,0.056874458143712274,,false,research_universe_v1_2,0.0,headline,true,false,0.03340168303585162,0.0,0.056874458143712274,1.1251742923433392,,true,qfq,true,false,true,true,false,false,true
2024-05-22,2024-06-20,20,full,56,54,000063;000681;000901;000938;000977;001208;002015;002044;002049;002065;002131;002212;002230;002236;002279;002315;002361;002373;002396;002410;002446;002558;002757;002792;002881;002929;002935;002987;300002;300017;300033;300047;300058;300101;300113;300170;300182;300339;300348;300378;300413;300454;300458;300496;300627;300629;300634;300674;300857;300996;301050;301110;301165;301171,002544;300133,0.9642857142857143,true,0,,true,false,-0.07265983999246563,,false,research_universe_v1_2,0.0,headline,true,false,0.025673961304486258,0.0,-0.07265983999246563,1.0434193082980365,,true,qfq,true,false,true,true,false,false,true
2024-06-20,2024-07-18,20,full,56,54,000063;000681;000901;000938;000977;001208;002015;002044;002049;002065;002131;002212;002230;002236;002279;002315;002361;002373;002396;002410;002446;002558;002757;002792;002881;002929;002935;002987;300002;300017;300033;300047;300058;300101;300113;300170;300182;300339;300348;300378;300413;300454;300458;300496;300627;300629;300634;300674;300857;300996;301050;301110;301165;301171,002544;300133,0.9642857142857143,true,0,,true,false,-0.037439922185547175,,false,research_universe_v1_2,0.0,headline,true,false,0.02799578145765926,0.0,-0.037439922185547175,1.0043537705884606,,true,qfq,true,false,true,true,false,false,true
2024-07-18,2024-08-15,20,full,56,54,000063;000681;000901;000938;000977;001208;002015;002044;002049;002065;002131;002212;002230;002236;002279;002315;002361;002373;002396;002410;002446;002558;002757;002792;002881;002929;002935;002987;300002;300017;300033;300047;300058;300101;300113;300170;300182;300339;300348;300378;300413;300454;300458;300496;300627;300629;300634;300674;300857;300996;301050;301110;301165;301171,002544;300133,0.9642857142857143,true,0,,true,false,-0.005948951320834037,,false,research_universe_v1_2,0.0,headline,true,false,0.034044108322285334,0.0,-0.005948951320834037,0.9983789188983337,,true,qfq,true,false,true,true,false,false,true
2024-08-15,2024-09-12,20,full,56,54,000063;000681;000901;000938;000977;001208;002015;002044;002049;002065;002131;002212;002230;002236;002279;002315;002361;002373;002396;002410;002446;002558;002757;002792;002881;002929;002935;002987;300002;300017;300033;300047;300058;300101;300113;300170;300182;300339;300348;300378;300413;300454;300458;300496;300627;300629;300634;300674;300857;300996;301050;301110;301165;301171,002544;300133,0.9642857142857143,true,0,,true,false,-0.01537427138669485,,false,research_universe_v1_2,0.0,headline,true,false,0.03125119046651613,0.0,-0.01537427138669485,0.9830295704524357,,true,qfq,true,false,true,true,false,false,true
2024-09-12,2024-10-21,20,full,56,54,000063;000681;000901;000938;000977;001208;002015;002044;002049;002065;002131;002212;002230;002236;002279;002315;002361;002373;002396;002410;002446;002558;002757;002792;002881;002929;002935;002987;300002;300017;300033;300047;300058;300101;300113;300170;300182;300339;300348;300378;300413;300454;300458;300496;300627;300629;300634;300674;300857;300996;301050;301110;301165;301171,002544;300133,0.9642857142857143,true,0,,true,false,0.5007365136502294,002049;002410;002987;300002;300033;300047;300339;300348;300458;300496;300674;300857;301050;301110;301165;301171,true,research_universe_v1_2,0.0,headline,true,false,0.033534132387807516,0.0,0.5007365136502294,1.4752683703758707,,true,qfq,true,false,true,true,false,false,true
2024-10-21,2024-11-18,20,full,56,54,000063;000681;000901;000938;000977;001208;002015;002044;002049;002065;002131;002212;002230;002236;002279;002315;002361;002373;002396;002410;002446;002558;002757;002792;002881;002929;002935;002987;300002;300017;300033;300047;300058;300101;300113;300170;300182;300339;300348;300378;300413;300454;300458;300496;300627;300629;300634;300674;300857;300996;301050;301110;301165;301171,002544;300133,0.9642857142857143,true,0,,true,false,0.025471309412948576,301171,false,research_universe_v1_2,0.0,headline,true,false,0.09018361759939948,0.0,0.025471309412948576,1.5128453875048509,,true,qfq,true,false,true,true,false,false,true
2024-11-18,2024-12-16,20,full,56,54,000063;000681;000901;000938;000977;001208;002015;002044;002049;002065;002131;002212;002230;002236;002279;002315;002361;002373;002396;002410;002446;002558;002757;002792;002881;002929;002935;002987;300002;300017;300033;300047;300058;300101;300113;300170;300182;300339;300348;300378;300413;300454;300458;300496;300627;300629;300634;300674;300857;300996;301050;301110;301165;301171,002544;300133,0.9642857142857143,true,0,,true,false,0.11851548692373935,000681;002131,false,research_universe_v1_2,0.0,headline,true,false,0.05601318296438591,0.0,0.11851548692373935,1.6921409952453212,,true,qfq,true,false,true,true,false,false,true
2024-12-16,2025-01-14,20,full,56,54,000063;000681;000901;000938;000977;001208;002015;002044;002049;002065;002131;002212;002230;002236;002279;002315;002361;002373;002396;002410;002446;002558;002757;002792;002881;002929;002935;002987;300002;300017;300033;300047;300058;300101;300113;300170;300182;300339;300348;300378;300413;300454;300458;300496;300627;300629;300634;300674;300857;300996;301050;301110;301165;301171,002544;300133,0.9642857142857143,true,0,,true,false,-0.07117512904918186,,false,research_universe_v1_2,0.0,headline,true,false,0.056916064093259375,0.0,-0.07117512904918186,1.5717026415393245,,true,qfq,true,false,true,true,false,false,true
2025-01-14,2025-02-19,20,full,56,54,000063;000681;000901;000938;000977;001208;002015;002044;002049;002065;002131;002212;002230;002236;002279;002315;002361;002373;002396;002410;002446;002558;002757;002792;002881;002929;002935;002987;300002;300017;300033;300047;300058;300101;300113;300170;300182;300339;300348;300378;300413;300454;300458;300496;300627;300629;300634;300674;300857;300996;301050;301110;301165;301171,002544;300133,0.9642857142857143,true,0,,true,false,0.2570526936194673,002044;002065;002757;002881;002929;300113;300170;300378;300454;300674;300996,false,research_universe_v1_2,0.0,headline,true,false,0.045032100936495706,0.0,0.2570526936194673,1.9757130391158397,,true,qfq,true,false,true,true,false,false,true
2025-02-19,2025-03-19,20,full,56,54,000063;000681;000901;000938;000977;001208;002015;002044;002049;002065;002131;002212;002230;002236;002279;002315;002361;002373;002396;002410;002446;002558;002757;002792;002881;002929;002935;002987;300002;300017;300033;300047;300058;300101;300113;300170;300182;300339;300348;300378;300413;300454;300458;300496;300627;300629;300634;300674;300857;300996;301050;301110;301165;301171,002544;300133,0.9642857142857143,true,0,,true,false,0.00795547153227607,,false,research_universe_v1_2,0.0,headline,true,false,0.08270269685264056,0.0,0.00795547153227607,1.9914307679544725,,true,qfq,true,false,true,true,false,false,true
2025-03-19,2025-04-17,20,full,56,54,000063;000681;000901;000938;000977;001208;002015;002044;002049;002065;002131;002212;002230;002236;002279;002315;002361;002373;002396;002410;002446;002558;002757;002792;002881;002929;002935;002987;300002;300017;300033;300047;300058;300101;300113;300170;300182;300339;300348;300378;300413;300454;300458;300496;300627;300629;300634;300674;300857;300996;301050;301110;301165;301171,002544;300133,0.9642857142857143,true,0,,true,false,-0.1572047395224472,,false,research_universe_v1_2,0.0,headline,true,false,0.0352377281731843,0.0,-0.1572047395224472,1.6783684128012026,,true,qfq,true,false,true,true,false,false,true
2025-04-17,2025-05-20,20,full,56,54,000063;000681;000901;000938;000977;001208;002015;002044;002049;002065;002131;002212;002230;002236;002279;002315;002361;002373;002396;002410;002446;002558;002757;002792;002881;002929;002935;002987;300002;300017;300033;300047;300058;300101;300113;300170;300182;300339;300348;300378;300413;300454;300458;300496;300627;300629;300634;300674;300857;300996;301050;301110;301165;301171,002544;300133,0.9642857142857143,true,0,,true,false,0.06553421761923052,,false,research_universe_v1_2,0.0,headline,true,false,0.029085400263996856,0.0,0.06553421761923052,1.7883589736109593,,true,qfq,true,false,true,true,false,false,true
2025-05-20,2025-06-18,20,full,56,54,000063;000681;000901;000938;000977;001208;002015;002044;002049;002065;002131;002212;002230;002236;002279;002315;002361;002373;002396;002410;002446;002558;002757;002792;002881;002929;002935;002987;300002;300017;300033;300047;300058;300101;300113;300170;300182;300339;300348;300378;300413;300454;300458;300496;300627;300629;300634;300674;300857;300996;301050;301110;301165;301171,002544;300133,0.9642857142857143,true,0,,true,false,0.018371682573374327,002015,false,research_universe_v1_2,0.0,headline,true,false,0.026795881082210718,0.0,0.018371682573374327,1.8212141370013855,,true,qfq,true,false,true,true,false,false,true
2025-06-18,2025-07-16,20,full,56,54,000063;000681;000901;000938;000977;001208;002015;002044;002049;002065;002131;002212;002230;002236;002279;002315;002361;002373;002396;002410;002446;002558;002757;002792;002881;002929;002935;002987;300002;300017;300033;300047;300058;300101;300113;300170;300182;300339;300348;300378;300413;300454;300458;300496;300627;300629;300634;300674;300857;300996;301050;301110;301165;301171,002544;300133,0.9642857142857143,true,0,,true,false,0.08736506062366242,,false,research_universe_v1_2,0.0,headline,true,false,0.04272212623962268,0.0,0.08736506062366242,1.9803246204891827,,true,qfq,true,false,true,true,false,false,true
2025-07-16,2025-08-13,20,full,56,54,000063;000681;000901;000938;000977;001208;002015;002044;002049;002065;002131;002212;002230;002236;002279;002315;002361;002373;002396;002410;002446;002558;002757;002792;002881;002929;002935;002987;300002;300017;300033;300047;300058;300101;300113;300170;300182;300339;300348;300378;300413;300454;300458;300496;300627;300629;300634;300674;300857;300996;301050;301110;301165;301171,002544;300133,0.9642857142857143,true,0,,true,false,0.07875441028911428,000901,false,research_universe_v1_2,0.0,headline,true,false,0.035486536794712635,0.0,0.07875441028911428,2.1362839181568223,,true,qfq,true,false,true,true,false,false,true
2025-08-13,2025-09-10,20,full,56,54,000063;000681;000901;000938;000977;001208;002015;002044;002049;002065;002131;002212;002230;002236;002279;002315;002361;002373;002396;002410;002446;002558;002757;002792;002881;002929;002935;002987;300002;300017;300033;300047;300058;300101;300113;300170;300182;300339;300348;300378;300413;300454;300458;300496;300627;300629;300634;300674;300857;300996;301050;301110;301165;301171,002544;300133,0.9642857142857143,true,0,,true,false,0.030348844803524927,002558,false,research_universe_v1_2,0.0,headline,true,false,0.03326932934615187,0.0,0.030348844803524927,2.2011176672452297,,true,qfq,true,false,true,true,false,false,true
2025-09-10,2025-10-16,20,full,56,54,000063;000681;000901;000938;000977;001208;002015;002044;002049;002065;002131;002212;002230;002236;002279;002315;002361;002373;002396;002410;002446;002558;002757;002792;002881;002929;002935;002987;300002;300017;300033;300047;300058;300101;300113;300170;300182;300339;300348;300378;300413;300454;300458;300496;300627;300629;300634;300674;300857;300996;301050;301110;301165;301171,002544;300133,0.9642857142857143,true,0,,true,false,0.018716929629414764,,false,research_universe_v1_2,0.0,headline,true,false,0.05395031942315226,0.0,0.018716929629414764,2.2423158317291203,,true,qfq,true,false,true,true,false,false,true
2025-10-16,2025-11-13,20,full,56,54,000063;000681;000901;000938;000977;001208;002015;002044;002049;002065;002131;002212;002230;002236;002279;002315;002361;002373;002396;002410;002446;002558;002757;002792;002881;002929;002935;002987;300002;300017;300033;300047;300058;300101;300113;300170;300182;300339;300348;300378;300413;300454;300458;300496;300627;300629;300634;300674;300857;300996;301050;301110;301165;301171,002544;300133,0.9642857142857143,true,0,,true,false,-0.022123321746903395,,false,research_universe_v1_2,0.0,headline,true,false,0.031995754333552666,0.0,-0.022123321746903395,2.1927083571256016,,true,qfq,true,false,true,true,false,false,true
2025-11-13,2025-12-11,20,full,56,54,000063;000681;000901;000938;000977;001208;002015;002044;002049;002065;002131;002212;002230;002236;002279;002315;002361;002373;002396;002410;002446;002558;002757;002792;002881;002929;002935;002987;300002;300017;300033;300047;300058;300101;300113;300170;300182;300339;300348;300378;300413;300454;300458;300496;300627;300629;300634;300674;300857;300996;301050;301110;301165;301171,002544;300133,0.9642857142857143,true,0,,true,false,-0.013970361229041044,,false,research_universe_v1_2,0.0,headline,true,false,0.033690627788818005,0.0,-0.013970361229041044,2.16207542930662,,true,qfq,true,false,true,true,false,false,true
2025-12-11,2026-01-12,20,full,56,54,000063;000681;000901;000938;000977;001208;002015;002044;002049;002065;002131;002212;002230;002236;002279;002315;002361;002373;002396;002410;002446;002558;002757;002792;002881;002929;002935;002987;300002;300017;300033;300047;300058;300101;300113;300170;300182;300339;300348;300378;300413;300454;300458;300496;300627;300629;300634;300674;300857;300996;301050;301110;301165;301171,002544;300133,0.9642857142857143,true,1,002049,false,true,,000901;001208;002131;002361;002757;002792;300058;300170;300627;300629;301050;301110;301171,false,research_universe_v1_2,0.0,termination_period,false,false,,,,,end_price_missing,true,qfq,true,false,true,true,false,false,true
2026-01-12,2026-02-09,20,full,56,53,000063;000681;000901;000938;000977;001208;002015;002044;002065;002131;002212;002230;002236;002279;002315;002361;002373;002396;002410;002446;002558;002757;002792;002881;002929;002935;002987;300002;300017;300033;300047;300058;300101;300113;300170;300182;300339;300348;300378;300413;300454;300458;300496;300627;300629;300634;300674;300857;300996;301050;301110;301165;301171,002049;002544;300133,0.9464285714285714,true,0,,true,false,-0.08105135082512073,300017,false,research_universe_v1_2,0.0,post_termination_diagnostic,false,false,,,,,,true,qfq,true,false,true,true,false,false,true
2026-02-09,2026-03-17,20,full,56,54,000063;000681;000901;000938;000977;001208;002015;002044;002049;002065;002131;002212;002230;002236;002279;002315;002361;002373;002396;002410;002446;002558;002757;002792;002881;002929;002935;002987;300002;300017;300033;300047;300058;300101;300113;300170;300182;300339;300348;300378;300413;300454;300458;300496;300627;300629;300634;300674;300857;300996;301050;301110;301165;301171,002544;300133,0.9642857142857143,true,0,,true,false,-0.09612101628033805,002015,false,research_universe_v1_2,0.0,post_termination_diagnostic,false,false,,,,,,true,qfq,true,false,true,true,false,false,true
2026-03-17,2026-04-15,20,full,56,54,000063;000681;000901;000938;000977;001208;002015;002044;002049;002065;002131;002212;002230;002236;002279;002315;002361;002373;002396;002410;002446;002558;002757;002792;002881;002929;002935;002987;300002;300017;300033;300047;300058;300101;300113;300170;300182;300339;300348;300378;300413;300454;300458;300496;300627;300629;300634;300674;300857;300996;301050;301110;301165;301171,002544;300133,0.9642857142857143,true,0,,true,false,0.005936793249141479,002361,false,research_universe_v1_2,0.0,post_termination_diagnostic,false,false,,,,,,true,qfq,true,false,true,true,false,false,true
2026-04-15,2026-05-18,20,full,56,54,000063;000681;000901;000938;000977;001208;002015;002044;002049;002065;002131;002212;002230;002236;002279;002315;002361;002373;002396;002410;002446;002558;002757;002792;002881;002929;002935;002987;300002;300017;300033;300047;300058;300101;300113;300170;300182;300339;300348;300378;300413;300454;300458;300496;300627;300629;300634;300674;300857;300996;301050;301110;301165;301171,002544;300133,0.9642857142857143,true,0,,true,false,0.046231698833179305,002929,false,research_universe_v1_2,0.0,post_termination_diagnostic,false,false,,,,,,true,qfq,true,false,true,true,false,false,true
2026-05-18,2026-06-15,20,full,56,54,000063;000681;000901;000938;000977;001208;002015;002044;002049;002065;002131;002212;002230;002236;002279;002315;002361;002373;002396;002410;002446;002558;002757;002792;002881;002929;002935;002987;300002;300017;300033;300047;300058;300101;300113;300170;300182;300339;300348;300378;300413;300454;300458;300496;300627;300629;300634;300674;300857;300996;301050;301110;301165;301171,002544;300133,0.9642857142857143,true,1,300378,false,true,,,false,research_universe_v1_2,0.0,post_termination_diagnostic,false,false,,,,,,true,qfq,true,false,true,true,false,false,true
2026-06-15,2026-06-16,1,partial,56,53,000063;000681;000901;000938;000977;001208;002015;002044;002049;002065;002131;002212;002230;002236;002279;002315;002361;002373;002396;002410;002446;002558;002757;002792;002881;002929;002935;002987;300002;300017;300033;300047;300058;300101;300113;300170;300182;300339;300348;300413;300454;300458;300496;300627;300629;300634;300674;300857;300996;301050;301110;301165;301171,002544;300133;300378,0.9464285714285714,true,0,,true,false,0.0019154617585816272,,false,research_universe_v1_2,0.0,post_termination_diagnostic,false,true,,,,,,true,qfq,true,false,true,true,false,false,true
2020-01-02,2020-02-07,20,full,56,1,300378,000063;000681;000901;000938;000977;001208;002015;002044;002049;002065;002131;002212;002230;002236;002279;002315;002361;002373;002396;002410;002446;002544;002558;002757;002792;002881;002929;002935;002987;300002;300017;300033;300047;300058;300101;300113;300133;300170;300182;300339;300348;300413;300454;300458;300496;300627;300629;300634;300674;300857;300996;301050;301110;301165;301171,0.017857142857142856,false,0,,false,true,,,false,research_universe_v1_2,0.001,pre_start_diagnostic,false,false,,,,,,true,qfq,true,false,true,true,false,false,true
2020-02-07,2020-03-06,20,full,56,1,300378,000063;000681;000901;000938;000977;001208;002015;002044;002049;002065;002131;002212;002230;002236;002279;002315;002361;002373;002396;002410;002446;002544;002558;002757;002792;002881;002929;002935;002987;300002;300017;300033;300047;300058;300101;300113;300133;300170;300182;300339;300348;300413;300454;300458;300496;300627;300629;300634;300674;300857;300996;301050;301110;301165;301171,0.017857142857142856,false,0,,false,true,,,false,research_universe_v1_2,0.001,pre_start_diagnostic,false,false,,,,,,true,qfq,true,false,true,true,false,false,true
2020-03-06,2020-04-03,20,full,56,1,300378,000063;000681;000901;000938;000977;001208;002015;002044;002049;002065;002131;002212;002230;002236;002279;002315;002361;002373;002396;002410;002446;002544;002558;002757;002792;002881;002929;002935;002987;300002;300017;300033;300047;300058;300101;300113;300133;300170;300182;300339;300348;300413;300454;300458;300496;300627;300629;300634;300674;300857;300996;301050;301110;301165;301171,0.017857142857142856,false,0,,false,true,,,false,research_universe_v1_2,0.001,pre_start_diagnostic,false,false,,,,,,true,qfq,true,false,true,true,false,false,true
2020-04-03,2020-05-07,20,full,56,1,300378,000063;000681;000901;000938;000977;001208;002015;002044;002049;002065;002131;002212;002230;002236;002279;002315;002361;002373;002396;002410;002446;002544;002558;002757;002792;002881;002929;002935;002987;300002;300017;300033;300047;300058;300101;300113;300133;300170;300182;300339;300348;300413;300454;300458;300496;300627;300629;300634;300674;300857;300996;301050;301110;301165;301171,0.017857142857142856,false,0,,false,true,,,false,research_universe_v1_2,0.001,pre_start_diagnostic,false,false,,,,,,true,qfq,true,false,true,true,false,false,true
2020-05-07,2020-06-04,20,full,56,1,300378,000063;000681;000901;000938;000977;001208;002015;002044;002049;002065;002131;002212;002230;002236;002279;002315;002361;002373;002396;002410;002446;002544;002558;002757;002792;002881;002929;002935;002987;300002;300017;300033;300047;300058;300101;300113;300133;300170;300182;300339;300348;300413;300454;300458;300496;300627;300629;300634;300674;300857;300996;301050;301110;301165;301171,0.017857142857142856,false,0,,false,true,,,false,research_universe_v1_2,0.001,pre_start_diagnostic,false,false,,,,,,true,qfq,true,false,true,true,false,false,true
2020-06-04,2020-07-06,20,full,56,1,300378,000063;000681;000901;000938;000977;001208;002015;002044;002049;002065;002131;002212;002230;002236;002279;002315;002361;002373;002396;002410;002446;002544;002558;002757;002792;002881;002929;002935;002987;300002;300017;300033;300047;300058;300101;300113;300133;300170;300182;300339;300348;300413;300454;300458;300496;300627;300629;300634;300674;300857;300996;301050;301110;301165;301171,0.017857142857142856,false,0,,false,true,,,false,research_universe_v1_2,0.001,pre_start_diagnostic,false,false,,,,,,true,qfq,true,false,true,true,false,false,true
2020-07-06,2020-08-03,20,full,56,1,300378,000063;000681;000901;000938;000977;001208;002015;002044;002049;002065;002131;002212;002230;002236;002279;002315;002361;002373;002396;002410;002446;002544;002558;002757;002792;002881;002929;002935;002987;300002;300017;300033;300047;300058;300101;300113;300133;300170;300182;300339;300348;300413;300454;300458;300496;300627;300629;300634;300674;300857;300996;301050;301110;301165;301171,0.017857142857142856,false,0,,false,true,,300378,false,research_universe_v1_2,0.001,pre_start_diagnostic,false,false,,,,,,true,qfq,true,false,true,true,false,false,true
2020-08-03,2020-08-31,20,full,56,1,300378,000063;000681;000901;000938;000977;001208;002015;002044;002049;002065;002131;002212;002230;002236;002279;002315;002361;002373;002396;002410;002446;002544;002558;002757;002792;002881;002929;002935;002987;300002;300017;300033;300047;300058;300101;300113;300133;300170;300182;300339;300348;300413;300454;300458;300496;300627;300629;300634;300674;300857;300996;301050;301110;301165;301171,0.017857142857142856,false,0,,false,true,,,false,research_universe_v1_2,0.001,pre_start_diagnostic,false,false,,,,,,true,qfq,true,false,true,true,false,false,true
2020-08-31,2020-09-28,20,full,56,1,300378,000063;000681;000901;000938;000977;001208;002015;002044;002049;002065;002131;002212;002230;002236;002279;002315;002361;002373;002396;002410;002446;002544;002558;002757;002792;002881;002929;002935;002987;300002;300017;300033;300047;300058;300101;300113;300133;300170;300182;300339;300348;300413;300454;300458;300496;300627;300629;300634;300674;300857;300996;301050;301110;301165;301171,0.017857142857142856,false,0,,false,true,,,false,research_universe_v1_2,0.001,pre_start_diagnostic,false,false,,,,,,true,qfq,true,false,true,true,false,false,true
2020-09-28,2020-11-03,20,full,56,1,300378,000063;000681;000901;000938;000977;001208;002015;002044;002049;002065;002131;002212;002230;002236;002279;002315;002361;002373;002396;002410;002446;002544;002558;002757;002792;002881;002929;002935;002987;300002;300017;300033;300047;300058;300101;300113;300133;300170;300182;300339;300348;300413;300454;300458;300496;300627;300629;300634;300674;300857;300996;301050;301110;301165;301171,0.017857142857142856,false,0,,false,true,,,false,research_universe_v1_2,0.001,pre_start_diagnostic,false,false,,,,,,true,qfq,true,false,true,true,false,false,true
2020-11-03,2020-12-01,20,full,56,1,300378,000063;000681;000901;000938;000977;001208;002015;002044;002049;002065;002131;002212;002230;002236;002279;002315;002361;002373;002396;002410;002446;002544;002558;002757;002792;002881;002929;002935;002987;300002;300017;300033;300047;300058;300101;300113;300133;300170;300182;300339;300348;300413;300454;300458;300496;300627;300629;300634;300674;300857;300996;301050;301110;301165;301171,0.017857142857142856,false,0,,false,true,,,false,research_universe_v1_2,0.001,pre_start_diagnostic,false,false,,,,,,true,qfq,true,false,true,true,false,false,true
2020-12-01,2020-12-29,20,full,56,1,300378,000063;000681;000901;000938;000977;001208;002015;002044;002049;002065;002131;002212;002230;002236;002279;002315;002361;002373;002396;002410;002446;002544;002558;002757;002792;002881;002929;002935;002987;300002;300017;300033;300047;300058;300101;300113;300133;300170;300182;300339;300348;300413;300454;300458;300496;300627;300629;300634;300674;300857;300996;301050;301110;301165;301171,0.017857142857142856,false,0,,false,true,,,false,research_universe_v1_2,0.001,pre_start_diagnostic,false,false,,,,,,true,qfq,true,false,true,true,false,false,true
2020-12-29,2021-01-27,20,full,56,1,300378,000063;000681;000901;000938;000977;001208;002015;002044;002049;002065;002131;002212;002230;002236;002279;002315;002361;002373;002396;002410;002446;002544;002558;002757;002792;002881;002929;002935;002987;300002;300017;300033;300047;300058;300101;300113;300133;300170;300182;300339;300348;300413;300454;300458;300496;300627;300629;300634;300674;300857;300996;301050;301110;301165;301171,0.017857142857142856,false,0,,false,true,,,false,research_universe_v1_2,0.001,pre_start_diagnostic,false,false,,,,,,true,qfq,true,false,true,true,false,false,true
2021-01-27,2021-03-03,20,full,56,1,300378,000063;000681;000901;000938;000977;001208;002015;002044;002049;002065;002131;002212;002230;002236;002279;002315;002361;002373;002396;002410;002446;002544;002558;002757;002792;002881;002929;002935;002987;300002;300017;300033;300047;300058;300101;300113;300133;300170;300182;300339;300348;300413;300454;300458;300496;300627;300629;300634;300674;300857;300996;301050;301110;301165;301171,0.017857142857142856,false,0,,false,true,,,false,research_universe_v1_2,0.001,pre_start_diagnostic,false,false,,,,,,true,qfq,true,false,true,true,false,false,true
2021-03-03,2021-03-31,20,full,56,1,300378,000063;000681;000901;000938;000977;001208;002015;002044;002049;002065;002131;002212;002230;002236;002279;002315;002361;002373;002396;002410;002446;002544;002558;002757;002792;002881;002929;002935;002987;300002;300017;300033;300047;300058;300101;300113;300133;300170;300182;300339;300348;300413;300454;300458;300496;300627;300629;300634;300674;300857;300996;301050;301110;301165;301171,0.017857142857142856,false,0,,false,true,,,false,research_universe_v1_2,0.001,pre_start_diagnostic,false,false,,,,,,true,qfq,true,false,true,true,false,false,true
2021-03-31,2021-04-29,20,full,56,47,000681;000901;000938;000977;002015;002044;002049;002065;002131;002212;002230;002236;002279;002315;002361;002373;002396;002410;002446;002558;002757;002792;002881;002929;002935;002987;300002;300017;300033;300047;300058;300101;300113;300170;300182;300339;300348;300378;300413;300454;300458;300496;300627;300629;300634;300674;300857,000063;001208;002544;300133;300996;301050;301110;301165;301171,0.8392857142857143,true,0,,true,false,-0.004772717177438106,,false,research_universe_v1_2,0.001,headline,true,false,1.0,0.001,-0.005772717177438106,0.9942272828225619,,true,qfq,true,false,true,true,false,false,true
2021-04-29,2021-06-01,20,full,56,48,000063;000681;000901;000938;000977;002015;002044;002049;002065;002131;002212;002230;002236;002279;002315;002361;002373;002396;002410;002446;002558;002757;002792;002881;002929;002935;002987;300002;300017;300033;300047;300058;300101;300113;300170;300182;300339;300348;300378;300413;300454;300458;300496;300627;300629;300634;300674;300857,001208;002544;300133;300996;301050;301110;301165;301171,0.8571428571428571,true,0,,true,false,0.08643289453063441,300339,false,research_universe_v1_2,0.001,headline,true,false,0.04640366279790625,4.6403662797906256e-05,0.08638649086783651,1.080115088910667,,true,qfq,true,false,true,true,false,false,true
2021-06-01,2021-06-30,20,full,56,48,000063;000681;000901;000938;000977;002015;002044;002049;002065;002131;002212;002230;002236;002279;002315;002361;002373;002396;002410;002446;002558;002757;002792;002881;002929;002935;002987;300002;300017;300033;300047;300058;300101;300113;300170;300182;300339;300348;300378;300413;300454;300458;300496;300627;300629;300634;300674;300857,001208;002544;300133;300996;301050;301110;301165;301171,0.8571428571428571,true,0,,true,false,0.06447763190670813,300339;300458,false,research_universe_v1_2,0.001,headline,true,false,0.04368555455113968,4.3685554551139675e-05,0.06443394635215699,1.1497111666036923,,true,qfq,true,false,true,true,false,false,true
2021-06-30,2021-07-28,20,full,56,50,000063;000681;000901;000938;000977;001208;002015;002044;002049;002065;002131;002212;002230;002236;002279;002315;002361;002373;002396;002410;002446;002558;002757;002792;002881;002929;002935;002987;300002;300017;300033;300047;300058;300101;300113;300170;300182;300339;300348;300378;300413;300454;300458;300496;300627;300629;300634;300674;300857;300996,002544;300133;301050;301110;301165;301171,0.8928571428571429,true,0,,true,false,-0.042991091932176345,,false,research_universe_v1_2,0.001,headline,true,false,0.07032875359251123,7.032875359251122e-05,-0.043061420685768854,1.1002029703914447,,true,qfq,true,false,true,true,false,false,true
2021-07-28,2021-08-25,20,full,56,50,000063;000681;000901;000938;000977;001208;002015;002044;002049;002065;002131;002212;002230;002236;002279;002315;002361;002373;002396;002410;002446;002558;002757;002792;002881;002929;002935;002987;300002;300017;300033;300047;300058;300101;300113;300170;300182;300339;300348;300378;300413;300454;300458;300496;300627;300629;300634;300674;300857;300996,002544;300133;301050;301110;301165;301171,0.8928571428571429,true,0,,true,false,0.11706928337371686,001208;002015,false,research_universe_v1_2,0.001,headline,true,false,0.05688029765279044,5.688029765279045e-05,0.11701240307606407,1.2289403638283714,,true,qfq,true,false,true,true,false,false,true
2021-08-25,2021-09-24,20,full,56,51,000063;000681;000901;000938;000977;001208;002015;002044;002049;002065;002131;002212;002230;002236;002279;002315;002361;002373;002396;002410;002446;002558;002757;002792;002881;002929;002935;002987;300002;300017;300033;300047;300058;300101;300113;300170;300182;300339;300348;300378;300413;300454;300458;300496;300627;300629;300634;300674;300857;300996;301050,002544;300133;301110;301165;301171,0.9107142857142857,true,0,,true,false,-0.02580027706009327,,false,research_universe_v1_2,0.001,headline,true,false,0.07522560849286504,7.522560849286504e-05,-0.025875502668586136,1.197140914164597,,true,qfq,true,false,true,true,false,false,true
2021-09-24,2021-10-29,20,full,56,51,000063;000681;000901;000938;000977;001208;002015;002044;002049;002065;002131;002212;002230;002236;002279;002315;002361;002373;002396;002410;002446;002558;002757;002792;002881;002929;002935;002987;300002;300017;300033;300047;300058;300101;300113;300170;300182;300339;300348;300378;300413;300454;300458;300496;300627;300629;300634;300674;300857;300996;301050,002544;300133;301110;301165;301171,0.9107142857142857,true,0,,true,false,-0.03605620678726383,,false,research_universe_v1_2,0.001,headline,true,false,0.03864315056361777,3.8643150563617776e-05,-0.036094849937827446,1.1539302925133923,,true,qfq,true,false,true,true,false,false,true
2021-10-29,2021-11-26,20,full,56,51,000063;000681;000901;000938;000977;001208;002015;002044;002049;002065;002131;002212;002230;002236;002279;002315;002361;002373;002396;002410;002446;002558;002757;002792;002881;002929;002935;002987;300002;300017;300033;300047;300058;300101;300113;300170;300182;300339;300348;300378;300413;300454;300458;300496;300627;300629;300634;300674;300857;300996;301050,002544;300133;301110;301165;301171,0.9107142857142857,true,0,,true,false,0.10759245537910038,,false,research_universe_v1_2,0.001,headline,true,false,0.04449084602446557,4.449084602446557e-05,0.10754796453307591,1.2780331466862644,,true,qfq,true,false,true,true,false,false,true
2021-11-26,2021-12-24,20,full,56,51,000063;000681;000901;000938;000977;001208;002015;002044;002049;002065;002131;002212;002230;002236;002279;002315;002361;002373;002396;002410;002446;002558;002757;002792;002881;002929;002935;002987;300002;300017;300033;300047;300058;300101;300113;300170;300182;300339;300348;300378;300413;300454;300458;300496;300627;300629;300634;300674;300857;300996;301050,002544;300133;301110;301165;301171,0.9107142857142857,true,0,,true,false,0.0052252959628975556,,false,research_universe_v1_2,0.001,headline,true,false,0.03988494570926011,3.988494570926011e-05,0.005185411017188295,1.2846602738454231,,true,qfq,true,false,true,true,false,false,true
2021-12-24,2022-01-24,20,full,56,51,000063;000681;000901;000938;000977;001208;002015;002044;002049;002065;002131;002212;002230;002236;002279;002315;002361;002373;002396;002410;002446;002558;002757;002792;002881;002929;002935;002987;300002;300017;300033;300047;300058;300101;300113;300170;300182;300339;300348;300378;300413;300454;300458;300496;300627;300629;300634;300674;300857;300996;301050,002544;300133;301110;301165;301171,0.9107142857142857,true,0,,true,false,0.031443396141302586,002987;300047,false,research_universe_v1_2,0.001,headline,true,false,0.04487695082139553,4.487695082139553e-05,0.03139851919048119,1.3249967041070074,,true,qfq,true,false,true,true,false,false,true
2022-01-24,2022-02-28,20,full,56,51,000063;000681;000901;000938;000977;001208;002015;002044;002049;002065;002131;002212;002230;002236;002279;002315;002361;002373;002396;002410;002446;002558;002757;002792;002881;002929;002935;002987;300002;300017;300033;300047;300058;300101;300113;300170;300182;300339;300348;300378;300413;300454;300458;300496;300627;300629;300634;300674;300857;300996;301050,002544;300133;301110;301165;301171,0.9107142857142857,true,0,,true,false,-0.06276158147342803,,false,research_universe_v1_2,0.001,headline,true,false,0.05586525468036438,5.586525468036438e-05,-0.06281744672810839,1.2417637942318462,,true,qfq,true,false,true,true,false,false,true
2022-02-28,2022-03-28,20,full,56,51,000063;000681;000901;000938;000977;001208;002015;002044;002049;002065;002131;002212;002230;002236;002279;002315;002361;002373;002396;002410;002446;002558;002757;002792;002881;002929;002935;002987;300002;300017;300033;300047;300058;300101;300113;300170;300182;300339;300348;300378;300413;300454;300458;300496;300627;300629;300634;300674;300857;300996;301050,002544;300133;301110;301165;301171,0.9107142857142857,true,0,,true,false,-0.11312199539911606,,false,research_universe_v1_2,0.001,headline,true,false,0.03998977444484202,3.998977444484202e-05,-0.11316198517356091,1.1012433381599174,,true,qfq,true,false,true,true,false,false,true
2022-03-28,2022-04-27,20,full,56,52,000063;000681;000901;000938;000977;001208;002015;002044;002049;002065;002131;002212;002230;002236;002279;002315;002361;002373;002396;002410;002446;002558;002757;002792;002881;002929;002935;002987;300002;300017;300033;300047;300058;300101;300113;300170;300182;300339;300348;300378;300413;300454;300458;300496;300627;300629;300634;300674;300857;300996;301050;301110,002544;300133;301165;301171,0.9285714285714286,true,0,,true,false,-0.2020128408499735,,false,research_universe_v1_2,0.001,headline,true,false,0.04298503672489594,4.298503672489594e-05,-0.2020558258866984,0.8787307059657905,,true,qfq,true,false,true,true,false,false,true
2022-04-27,2022-05-30,20,full,56,52,000063;000681;000901;000938;000977;001208;002015;002044;002049;002065;002131;002212;002230;002236;002279;002315;002361;002373;002396;002410;002446;002558;002757;002792;002881;002929;002935;002987;300002;300017;300033;300047;300058;300101;300113;300170;300182;300339;300348;300378;300413;300454;300458;300496;300627;300629;300634;300674;300857;300996;301050;301110,002544;300133;301165;301171,0.9285714285714286,true,0,,true,false,0.11840047198055184,,false,research_universe_v1_2,0.001,headline,true,false,0.04971009921267409,4.971009921267409e-05,0.11835076188133917,0.9827291545053688,,true,qfq,true,false,true,true,false,false,true
2022-05-30,2022-06-28,20,full,56,52,000063;000681;000901;000938;000977;001208;002015;002044;002049;002065;002131;002212;002230;002236;002279;002315;002361;002373;002396;002410;002446;002558;002757;002792;002881;002929;002935;002987;300002;300017;300033;300047;300058;300101;300113;300170;300182;300339;300348;300378;300413;300454;300458;300496;300627;300629;300634;300674;300857;300996;301050;301110,002544;300133;301165;301171,0.9285714285714286,true,0,,true,false,0.11642151156075274,,false,research_universe_v1_2,0.001,headline,true,false,0.031673911284392196,3.16739112843922e-05,0.11638983764946835,1.0971088412516479,,true,qfq,true,false,true,true,false,false,true
2022-06-28,2022-07-26,20,full,56,52,000063;000681;000901;000938;000977;001208;002015;002044;002049;002065;002131;002212;002230;002236;002279;002315;002361;002373;002396;002410;002446;002558;002757;002792;002881;002929;002935;002987;300002;300017;300033;300047;300058;300101;300113;300170;300182;300339;300348;300378;300413;300454;300458;300496;300627;300629;300634;300674;300857;300996;301050;301110,002544;300133;301165;301171,0.9285714285714286,true,0,,true,false,-0.016252818458615335,,false,research_universe_v1_2,0.001,headline,true,false,0.031301132791547406,3.130113279154741e-05,-0.01628411959140688,1.0792433896759162,,true,qfq,true,false,true,true,false,false,true
2022-07-26,2022-08-23,20,full,56,52,000063;000681;000901;000938;000977;001208;002015;002044;002049;002065;002131;002212;002230;002236;002279;002315;002361;002373;002396;002410;002446;002558;002757;002792;002881;002929;002935;002987;300002;300017;300033;300047;300058;300101;300113;300170;300182;300339;300348;300378;300413;300454;300458;300496;300627;300629;300634;300674;300857;300996;301050;301110,002544;300133;301165;301171,0.9285714285714286,true,0,,true,false,0.02894177489280025,,false,research_universe_v1_2,0.001,headline,true,false,0.027705179853762,2.7705179853762e-05,0.028914069712946487,1.1104487082822423,,true,qfq,true,false,true,true,false,false,true
2022-08-23,2022-09-21,20,full,56,53,000063;000681;000901;000938;000977;001208;002015;002044;002049;002065;002131;002212;002230;002236;002279;002315;002361;002373;002396;002410;002446;002558;002757;002792;002881;002929;002935;002987;300002;300017;300033;300047;300058;300101;300113;300170;300182;300339;300348;300378;300413;300454;300458;300496;300627;300629;300634;300674;300857;300996;301050;301110;301171,002544;300133;301165,0.9464285714285714,true,0,,true,false,-0.08985352886419753,,false,research_universe_v1_2,0.001,headline,true,false,0.03895446328679718,3.895446328679718e-05,-0.08989248332748433,1.0106277162869544,,true,qfq,true,false,true,true,false,false,true
2022-09-21,2022-10-26,20,full,56,53,000063;000681;000901;000938;000977;001208;002015;002044;002049;002065;002131;002212;002230;002236;002279;002315;002361;002373;002396;002410;002446;002558;002757;002792;002881;002929;002935;002987;300002;300017;300033;300047;300058;300101;300113;300170;300182;300339;300348;300378;300413;300454;300458;300496;300627;300629;300634;300674;300857;300996;301050;301110;301171,002544;300133;301165,0.9464285714285714,true,0,,true,false,0.03628060929696734,,false,research_universe_v1_2,0.001,headline,true,false,0.030803557848782026,3.080355784878203e-05,0.036249805739118554,1.0472627746769254,,true,qfq,true,false,true,true,false,false,true
2022-10-26,2022-11-23,20,full,56,53,000063;000681;000901;000938;000977;001208;002015;002044;002049;002065;002131;002212;002230;002236;002279;002315;002361;002373;002396;002410;002446;002558;002757;002792;002881;002929;002935;002987;300002;300017;300033;300047;300058;300101;300113;300170;300182;300339;300348;300378;300413;300454;300458;300496;300627;300629;300634;300674;300857;300996;301050;301110;301171,002544;300133;301165,0.9464285714285714,true,0,,true,false,0.045780505311801604,,false,research_universe_v1_2,0.001,headline,true,false,0.03800020501689297,3.800020501689297e-05,0.04574250510678471,1.0951671974957302,,true,qfq,true,false,true,true,false,false,true
2022-11-23,2022-12-21,20,full,56,54,000063;000681;000901;000938;000977;001208;002015;002044;002049;002065;002131;002212;002230;002236;002279;002315;002361;002373;002396;002410;002446;002558;002757;002792;002881;002929;002935;002987;300002;300017;300033;300047;300058;300101;300113;300170;300182;300339;300348;300378;300413;300454;300458;300496;300627;300629;300634;300674;300857;300996;301050;301110;301165;301171,002544;300133,0.9642857142857143,true,0,,true,false,-0.06347093812438281,,false,research_universe_v1_2,0.001,headline,true,false,0.04182609301714813,4.182609301714813e-05,-0.06351276421739996,1.0256101015025532,,true,qfq,true,false,true,true,false,false,true
2022-12-21,2023-01-19,20,full,56,54,000063;000681;000901;000938;000977;001208;002015;002044;002049;002065;002131;002212;002230;002236;002279;002315;002361;002373;002396;002410;002446;002558;002757;002792;002881;002929;002935;002987;300002;300017;300033;300047;300058;300101;300113;300170;300182;300339;300348;300378;300413;300454;300458;300496;300627;300629;300634;300674;300857;300996;301050;301110;301165;301171,002544;300133,0.9642857142857143,true,0,,true,false,0.12443433530364889,002279,false,research_universe_v1_2,0.001,headline,true,false,0.0295471891150211,2.9547189115021098e-05,0.12440478811453387,1.153200908868104,,true,qfq,true,false,true,true,false,false,true
2023-01-19,2023-02-23,20,full,56,54,000063;000681;000901;000938;000977;001208;002015;002044;002049;002065;002131;002212;002230;002236;002279;002315;002361;002373;002396;002410;002446;002558;002757;002792;002881;002929;002935;002987;300002;300017;300033;300047;300058;300101;300113;300170;300182;300339;300348;300378;300413;300454;300458;300496;300627;300629;300634;300674;300857;300996;301050;301110;301165;301171,002544;300133,0.9642857142857143,true,0,,true,false,0.07268142801150121,000977,false,research_universe_v1_2,0.001,headline,true,false,0.03640871247205346,3.640871247205346e-05,0.07264501929902915,1.2369752111484853,,true,qfq,true,false,true,true,false,false,true
2023-02-23,2023-03-23,20,full,56,54,000063;000681;000901;000938;000977;001208;002015;002044;002049;002065;002131;002212;002230;002236;002279;002315;002361;002373;002396;002410;002446;002558;002757;002792;002881;002929;002935;002987;300002;300017;300033;300047;300058;300101;300113;300170;300182;300339;300348;300378;300413;300454;300458;300496;300627;300629;300634;300674;300857;300996;301050;301110;301165;301171,002544;300133,0.9642857142857143,true,0,,true,false,0.16604526462497646,002236;300058;300634;301110,false,research_universe_v1_2,0.001,headline,true,false,0.03458147890768302,3.458147890768302e-05,0.1660106831460688,1.442326310985998,,true,qfq,true,false,true,true,false,false,true
2023-03-23,2023-04-21,20,full,56,54,000063;000681;000901;000938;000977;001208;002015;002044;002049;002065;002131;002212;002230;002236;002279;002315;002361;002373;002396;002410;002446;002558;002757;002792;002881;002929;002935;002987;300002;300017;300033;300047;300058;300101;300113;300170;300182;300339;300348;300378;300413;300454;300458;300496;300627;300629;300634;300674;300857;300996;301050;301110;301165;301171,002544;300133,0.9642857142857143,true,0,,true,false,-0.007583156388096999,300002,false,research_universe_v1_2,0.001,headline,true,false,0.05869159243343572,5.869159243343572e-05,-0.007641847980530435,1.4313042725791238,,true,qfq,true,false,true,true,false,false,true
2023-04-21,2023-05-24,20,full,56,54,000063;000681;000901;000938;000977;001208;002015;002044;002049;002065;002131;002212;002230;002236;002279;002315;002361;002373;002396;002410;002446;002558;002757;002792;002881;002929;002935;002987;300002;300017;300033;300047;300058;300101;300113;300170;300182;300339;300348;300378;300413;300454;300458;300496;300627;300629;300634;300674;300857;300996;301050;301110;301165;301171,002544;300133,0.9642857142857143,true,0,,true,false,-0.05086362465834278,002315,false,research_universe_v1_2,0.001,headline,true,false,0.05466784118645264,5.4667841186452644e-05,-0.050918292499529234,1.358424702972114,,true,qfq,true,false,true,true,false,false,true
2023-05-24,2023-06-21,20,full,56,54,000063;000681;000901;000938;000977;001208;002015;002044;002049;002065;002131;002212;002230;002236;002279;002315;002361;002373;002396;002410;002446;002558;002757;002792;002881;002929;002935;002987;300002;300017;300033;300047;300058;300101;300113;300170;300182;300339;300348;300378;300413;300454;300458;300496;300627;300629;300634;300674;300857;300996;301050;301110;301165;301171,002544;300133,0.9642857142857143,true,0,,true,false,0.14131977445953642,000977;300378,false,research_universe_v1_2,0.001,headline,true,false,0.04725829568298065,4.725829568298065e-05,0.14127251616385345,1.5503327787801198,,true,qfq,true,false,true,true,false,false,true
2023-06-21,2023-07-21,20,full,56,54,000063;000681;000901;000938;000977;001208;002015;002044;002049;002065;002131;002212;002230;002236;002279;002315;002361;002373;002396;002410;002446;002558;002757;002792;002881;002929;002935;002987;300002;300017;300033;300047;300058;300101;300113;300170;300182;300339;300348;300378;300413;300454;300458;300496;300627;300629;300634;300674;300857;300996;301050;301110;301165;301171,002544;300133,0.9642857142857143,true,0,,true,false,-0.11117555706453135,,false,research_universe_v1_2,0.001,headline,true,false,0.05405225154172542,5.405225154172542e-05,-0.11122960931607308,1.3778898694865052,,true,qfq,true,false,true,true,false,false,true
2023-07-21,2023-08-18,20,full,56,54,000063;000681;000901;000938;000977;001208;002015;002044;002049;002065;002131;002212;002230;002236;002279;002315;002361;002373;002396;002410;002446;002558;002757;002792;002881;002929;002935;002987;300002;300017;300033;300047;300058;300101;300113;300170;300182;300339;300348;300378;300413;300454;300458;300496;300627;300629;300634;300674;300857;300996;301050;301110;301165;301171,002544;300133,0.9642857142857143,true,0,,true,false,-0.058081307541893425,,false,research_universe_v1_2,0.001,headline,true,false,0.03841488334396654,3.841488334396654e-05,-0.05811972242523739,1.2978072927394029,,true,qfq,true,false,true,true,false,false,true
2023-08-18,2023-09-15,20,full,56,54,000063;000681;000901;000938;000977;001208;002015;002044;002049;002065;002131;002212;002230;002236;002279;002315;002361;002373;002396;002410;002446;002558;002757;002792;002881;002929;002935;002987;300002;300017;300033;300047;300058;300101;300113;300170;300182;300339;300348;300378;300413;300454;300458;300496;300627;300629;300634;300674;300857;300996;301050;301110;301165;301171,002544;300133,0.9642857142857143,true,0,,true,false,-0.020715099730727302,,false,research_universe_v1_2,0.001,headline,true,false,0.02854472019061514,2.8544720190615142e-05,-0.020743644450917916,1.2708860396930084,,true,qfq,true,false,true,true,false,false,true
2023-09-15,2023-10-23,20,full,56,54,000063;000681;000901;000938;000977;001208;002015;002044;002049;002065;002131;002212;002230;002236;002279;002315;002361;002373;002396;002410;002446;002558;002757;002792;002881;002929;002935;002987;300002;300017;300033;300047;300058;300101;300113;300170;300182;300339;300348;300378;300413;300454;300458;300496;300627;300629;300634;300674;300857;300996;301050;301110;301165;301171,002544;300133,0.9642857142857143,true,0,,true,false,-0.07702817956246748,,false,research_universe_v1_2,0.001,headline,true,false,0.029076227230426,2.9076227230426e-05,-0.07705725578969791,1.172955049052828,,true,qfq,true,false,true,true,false,false,true
2023-10-23,2023-11-20,20,full,56,54,000063;000681;000901;000938;000977;001208;002015;002044;002049;002065;002131;002212;002230;002236;002279;002315;002361;002373;002396;002410;002446;002558;002757;002792;002881;002929;002935;002987;300002;300017;300033;300047;300058;300101;300113;300170;300182;300339;300348;300378;300413;300454;300458;300496;300627;300629;300634;300674;300857;300996;301050;301110;301165;301171,002544;300133,0.9642857142857143,true,0,,true,false,0.17704637975803175,300857,false,research_universe_v1_2,0.001,headline,true,false,0.02965461677645707,2.965461677645707e-05,0.1770167251412553,1.38058771057406,,true,qfq,true,false,true,true,false,false,true
2023-11-20,2023-12-18,20,full,56,54,000063;000681;000901;000938;000977;001208;002015;002044;002049;002065;002131;002212;002230;002236;002279;002315;002361;002373;002396;002410;002446;002558;002757;002792;002881;002929;002935;002987;300002;300017;300033;300047;300058;300101;300113;300170;300182;300339;300348;300378;300413;300454;300458;300496;300627;300629;300634;300674;300857;300996;301050;301110;301165;301171,002544;300133,0.9642857142857143,true,0,,true,false,-0.057401709057880515,,false,research_universe_v1_2,0.001,headline,true,false,0.03923270632684634,3.923270632684634e-05,-0.05744094176420736,1.3012854522905952,,true,qfq,true,false,true,true,false,false,true
2023-12-18,2024-01-16,20,full,56,54,000063;000681;000901;000938;000977;001208;002015;002044;002049;002065;002131;002212;002230;002236;002279;002315;002361;002373;002396;002410;002446;002558;002757;002792;002881;002929;002935;002987;300002;300017;300033;300047;300058;300101;300113;300170;300182;300339;300348;300378;300413;300454;300458;300496;300627;300629;300634;300674;300857;300996;301050;301110;301165;301171,002544;300133,0.9642857142857143,true,0,,true,false,-0.10964577215852353,,false,research_universe_v1_2,0.001,headline,true,false,0.028146443727354455,2.8146443727354456e-05,-0.10967391860225088,1.1585683775177833,,true,qfq,true,false,true,true,false,false,true
2024-01-16,2024-02-21,20,full,56,54,000063;000681;000901;000938;000977;001208;002015;002044;002049;002065;002131;002212;002230;002236;002279;002315;002361;002373;002396;002410;002446;002558;002757;002792;002881;002929;002935;002987;300002;300017;300033;300047;300058;300101;300113;300170;300182;300339;300348;300378;300413;300454;300458;300496;300627;300629;300634;300674;300857;300996;301050;301110;301165;301171,002544;300133,0.9642857142857143,true,0,,true,false,-0.08222460707311988,,false,research_universe_v1_2,0.001,headline,true,false,0.028674069702341924,2.8674069702341924e-05,-0.08225328114282222,1.0632723270386297,,true,qfq,true,false,true,true,false,false,true
2024-02-21,2024-03-20,20,full,56,54,000063;000681;000901;000938;000977;001208;002015;002044;002049;002065;002131;002212;002230;002236;002279;002315;002361;002373;002396;002410;002446;002558;002757;002792;002881;002929;002935;002987;300002;300017;300033;300047;300058;300101;300113;300170;300182;300339;300348;300378;300413;300454;300458;300496;300627;300629;300634;300674;300857;300996;301050;301110;301165;301171,002544;300133,0.9642857142857143,true,0,,true,false,0.18496620081678442,,false,research_universe_v1_2,0.001,headline,true,false,0.04614273242719995,4.614273242719995e-05,0.18492005808435721,1.2598927075141029,,true,qfq,true,false,true,true,false,false,true
2024-03-20,2024-04-19,20,full,56,54,000063;000681;000901;000938;000977;001208;002015;002044;002049;002065;002131;002212;002230;002236;002279;002315;002361;002373;002396;002410;002446;002558;002757;002792;002881;002929;002935;002987;300002;300017;300033;300047;300058;300101;300113;300170;300182;300339;300348;300378;300413;300454;300458;300496;300627;300629;300634;300674;300857;300996;301050;301110;301165;301171,002544;300133,0.9642857142857143,true,0,,true,false,-0.1570783159549,,false,research_universe_v1_2,0.001,headline,true,false,0.031669603792159724,3.166960379215973e-05,-0.15710998555869216,1.0619509824310607,,true,qfq,true,false,true,true,false,false,true
2024-04-19,2024-05-22,20,full,56,54,000063;000681;000901;000938;000977;001208;002015;002044;002049;002065;002131;002212;002230;002236;002279;002315;002361;002373;002396;002410;002446;002558;002757;002792;002881;002929;002935;002987;300002;300017;300033;300047;300058;300101;300113;300170;300182;300339;300348;300378;300413;300454;300458;300496;300627;300629;300634;300674;300857;300996;301050;301110;301165;301171,002544;300133,0.9642857142857143,true,0,,true,false,0.056874458143712274,,false,research_universe_v1_2,0.001,headline,true,false,0.03340168303585162,3.340168303585162e-05,0.05684105646067642,1.1223133981818956,,true,qfq,true,false,true,true,false,false,true
2024-05-22,2024-06-20,20,full,56,54,000063;000681;000901;000938;000977;001208;002015;002044;002049;002065;002131;002212;002230;002236;002279;002315;002361;002373;002396;002410;002446;002558;002757;002792;002881;002929;002935;002987;300002;300017;300033;300047;300058;300101;300113;300170;300182;300339;300348;300378;300413;300454;300458;300496;300627;300629;300634;300674;300857;300996;301050;301110;301165;301171,002544;300133,0.9642857142857143,true,0,,true,false,-0.07265983999246563,,false,research_universe_v1_2,0.001,headline,true,false,0.025673961304486258,2.567396130448626e-05,-0.07268551395377011,1.0407374720178422,,true,qfq,true,false,true,true,false,false,true
2024-06-20,2024-07-18,20,full,56,54,000063;000681;000901;000938;000977;001208;002015;002044;002049;002065;002131;002212;002230;002236;002279;002315;002361;002373;002396;002410;002446;002558;002757;002792;002881;002929;002935;002987;300002;300017;300033;300047;300058;300101;300113;300170;300182;300339;300348;300378;300413;300454;300458;300496;300627;300629;300634;300674;300857;300996;301050;301110;301165;301171,002544;300133,0.9642857142857143,true,0,,true,false,-0.037439922185547175,,false,research_universe_v1_2,0.001,headline,true,false,0.02799578145765926,2.799578145765926e-05,-0.037467917967004834,1.0017432057910896,,true,qfq,true,false,true,true,false,false,true
2024-07-18,2024-08-15,20,full,56,54,000063;000681;000901;000938;000977;001208;002015;002044;002049;002065;002131;002212;002230;002236;002279;002315;002361;002373;002396;002410;002446;002558;002757;002792;002881;002929;002935;002987;300002;300017;300033;300047;300058;300101;300113;300170;300182;300339;300348;300378;300413;300454;300458;300496;300627;300629;300634;300674;300857;300996;301050;301110;301165;301171,002544;300133,0.9642857142857143,true,0,,true,false,-0.005948951320834037,,false,research_universe_v1_2,0.001,headline,true,false,0.034044108322285334,3.4044108322285333e-05,-0.005982995429156323,0.995749780769653,,true,qfq,true,false,true,true,false,false,true
2024-08-15,2024-09-12,20,full,56,54,000063;000681;000901;000938;000977;001208;002015;002044;002049;002065;002131;002212;002230;002236;002279;002315;002361;002373;002396;002410;002446;002558;002757;002792;002881;002929;002935;002987;300002;300017;300033;300047;300058;300101;300113;300170;300182;300339;300348;300378;300413;300454;300458;300496;300627;300629;300634;300674;300857;300996;301050;301110;301165;301171,002544;300133,0.9642857142857143,true,0,,true,false,-0.01537427138669485,,false,research_universe_v1_2,0.001,headline,true,false,0.03125119046651613,3.125119046651613e-05,-0.015405522577161365,0.9804097350408028,,true,qfq,true,false,true,true,false,false,true
2024-09-12,2024-10-21,20,full,56,54,000063;000681;000901;000938;000977;001208;002015;002044;002049;002065;002131;002212;002230;002236;002279;002315;002361;002373;002396;002410;002446;002558;002757;002792;002881;002929;002935;002987;300002;300017;300033;300047;300058;300101;300113;300170;300182;300339;300348;300378;300413;300454;300458;300496;300627;300629;300634;300674;300857;300996;301050;301110;301165;301171,002544;300133,0.9642857142857143,true,0,,true,false,0.5007365136502294,002049;002410;002987;300002;300033;300047;300339;300348;300458;300496;300674;300857;301050;301110;301165;301171,true,research_universe_v1_2,0.001,headline,true,false,0.033534132387807516,3.353413238780752e-05,0.5007029795178416,1.4713038105240301,,true,qfq,true,false,true,true,false,false,true
2024-10-21,2024-11-18,20,full,56,54,000063;000681;000901;000938;000977;001208;002015;002044;002049;002065;002131;002212;002230;002236;002279;002315;002361;002373;002396;002410;002446;002558;002757;002792;002881;002929;002935;002987;300002;300017;300033;300047;300058;300101;300113;300170;300182;300339;300348;300378;300413;300454;300458;300496;300627;300629;300634;300674;300857;300996;301050;301110;301165;301171,002544;300133,0.9642857142857143,true,0,,true,false,0.025471309412948576,301171,false,research_universe_v1_2,0.001,headline,true,false,0.09018361759939948,9.018361759939948e-05,0.025381125795349176,1.508647157622117,,true,qfq,true,false,true,true,false,false,true
2024-11-18,2024-12-16,20,full,56,54,000063;000681;000901;000938;000977;001208;002015;002044;002049;002065;002131;002212;002230;002236;002279;002315;002361;002373;002396;002410;002446;002558;002757;002792;002881;002929;002935;002987;300002;300017;300033;300047;300058;300101;300113;300170;300182;300339;300348;300378;300413;300454;300458;300496;300627;300629;300634;300674;300857;300996;301050;301110;301165;301171,002544;300133,0.9642857142857143,true,0,,true,false,0.11851548692373935,000681;002131,false,research_universe_v1_2,0.001,headline,true,false,0.05601318296438591,5.601318296438591e-05,0.11845947374077496,1.6873607059745488,,true,qfq,true,false,true,true,false,false,true
2024-12-16,2025-01-14,20,full,56,54,000063;000681;000901;000938;000977;001208;002015;002044;002049;002065;002131;002212;002230;002236;002279;002315;002361;002373;002396;002410;002446;002558;002757;002792;002881;002929;002935;002987;300002;300017;300033;300047;300058;300101;300113;300170;300182;300339;300348;300378;300413;300454;300458;300496;300627;300629;300634;300674;300857;300996;301050;301110;301165;301171,002544;300133,0.9642857142857143,true,0,,true,false,-0.07117512904918186,,false,research_universe_v1_2,0.001,headline,true,false,0.056916064093259375,5.6916064093259375e-05,-0.07123204511327512,1.567166552044202,,true,qfq,true,false,true,true,false,false,true
2025-01-14,2025-02-19,20,full,56,54,000063;000681;000901;000938;000977;001208;002015;002044;002049;002065;002131;002212;002230;002236;002279;002315;002361;002373;002396;002410;002446;002558;002757;002792;002881;002929;002935;002987;300002;300017;300033;300047;300058;300101;300113;300170;300182;300339;300348;300378;300413;300454;300458;300496;300627;300629;300634;300674;300857;300996;301050;301110;301165;301171,002544;300133,0.9642857142857143,true,0,,true,false,0.2570526936194673,002044;002065;002757;002881;002929;300113;300170;300378;300454;300674;300996,false,research_universe_v1_2,0.001,headline,true,false,0.045032100936495706,4.5032100936495705e-05,0.2570076615185308,1.9699403627951413,,true,qfq,true,false,true,true,false,false,true
2025-02-19,2025-03-19,20,full,56,54,000063;000681;000901;000938;000977;001208;002015;002044;002049;002065;002131;002212;002230;002236;002279;002315;002361;002373;002396;002410;002446;002558;002757;002792;002881;002929;002935;002987;300002;300017;300033;300047;300058;300101;300113;300170;300182;300339;300348;300378;300413;300454;300458;300496;300627;300629;300634;300674;300857;300996;301050;301110;301165;301171,002544;300133,0.9642857142857143,true,0,,true,false,0.00795547153227607,,false,research_universe_v1_2,0.001,headline,true,false,0.08270269685264056,8.270269685264057e-05,0.00787276883542343,1.9854492478909975,,true,qfq,true,false,true,true,false,false,true
2025-03-19,2025-04-17,20,full,56,54,000063;000681;000901;000938;000977;001208;002015;002044;002049;002065;002131;002212;002230;002236;002279;002315;002361;002373;002396;002410;002446;002558;002757;002792;002881;002929;002935;002987;300002;300017;300033;300047;300058;300101;300113;300170;300182;300339;300348;300378;300413;300454;300458;300496;300627;300629;300634;300674;300857;300996;301050;301110;301165;301171,002544;300133,0.9642857142857143,true,0,,true,false,-0.1572047395224472,,false,research_universe_v1_2,0.001,headline,true,false,0.0352377281731843,3.52377281731843e-05,-0.1572399772506204,1.6732572533203558,,true,qfq,true,false,true,true,false,false,true
2025-04-17,2025-05-20,20,full,56,54,000063;000681;000901;000938;000977;001208;002015;002044;002049;002065;002131;002212;002230;002236;002279;002315;002361;002373;002396;002410;002446;002558;002757;002792;002881;002929;002935;002987;300002;300017;300033;300047;300058;300101;300113;300170;300182;300339;300348;300378;300413;300454;300458;300496;300627;300629;300634;300674;300857;300996;301050;301110;301165;301171,002544;300133,0.9642857142857143,true,0,,true,false,0.06553421761923052,,false,research_universe_v1_2,0.001,headline,true,false,0.029085400263996856,2.9085400263996857e-05,0.06550513221896652,1.7828641909354506,,true,qfq,true,false,true,true,false,false,true
2025-05-20,2025-06-18,20,full,56,54,000063;000681;000901;000938;000977;001208;002015;002044;002049;002065;002131;002212;002230;002236;002279;002315;002361;002373;002396;002410;002446;002558;002757;002792;002881;002929;002935;002987;300002;300017;300033;300047;300058;300101;300113;300170;300182;300339;300348;300378;300413;300454;300458;300496;300627;300629;300634;300674;300857;300996;301050;301110;301165;301171,002544;300133,0.9642857142857143,true,0,,true,false,0.018371682573374327,002015,false,research_universe_v1_2,0.001,headline,true,false,0.026795881082210718,2.6795881082210717e-05,0.018344886692292117,1.8155706325059067,,true,qfq,true,false,true,true,false,false,true
2025-06-18,2025-07-16,20,full,56,54,000063;000681;000901;000938;000977;001208;002015;002044;002049;002065;002131;002212;002230;002236;002279;002315;002361;002373;002396;002410;002446;002558;002757;002792;002881;002929;002935;002987;300002;300017;300033;300047;300058;300101;300113;300170;300182;300339;300348;300378;300413;300454;300458;300496;300627;300629;300634;300674;300857;300996;301050;301110;301165;301171,002544;300133,0.9642857142857143,true,0,,true,false,0.08736506062366242,,false,research_universe_v1_2,0.001,headline,true,false,0.04272212623962268,4.272212623962268e-05,0.0873223384974228,1.9741105058435675,,true,qfq,true,false,true,true,false,false,true
2025-07-16,2025-08-13,20,full,56,54,000063;000681;000901;000938;000977;001208;002015;002044;002049;002065;002131;002212;002230;002236;002279;002315;002361;002373;002396;002410;002446;002558;002757;002792;002881;002929;002935;002987;300002;300017;300033;300047;300058;300101;300113;300170;300182;300339;300348;300378;300413;300454;300458;300496;300627;300629;300634;300674;300857;300996;301050;301110;301165;301171,002544;300133,0.9642857142857143,true,0,,true,false,0.07875441028911428,000901,false,research_universe_v1_2,0.001,headline,true,false,0.035486536794712635,3.5486536794712635e-05,0.07871892375231958,2.1295103602317202,,true,qfq,true,false,true,true,false,false,true
2025-08-13,2025-09-10,20,full,56,54,000063;000681;000901;000938;000977;001208;002015;002044;002049;002065;002131;002212;002230;002236;002279;002315;002361;002373;002396;002410;002446;002558;002757;002792;002881;002929;002935;002987;300002;300017;300033;300047;300058;300101;300113;300170;300182;300339;300348;300378;300413;300454;300458;300496;300627;300629;300634;300674;300857;300996;301050;301110;301165;301171,002544;300133,0.9642857142857143,true,0,,true,false,0.030348844803524927,002558,false,research_universe_v1_2,0.001,headline,true,false,0.03326932934615187,3.3269329346151875e-05,0.030315575474178773,2.194067692280371,,true,qfq,true,false,true,true,false,false,true
2025-09-10,2025-10-16,20,full,56,54,000063;000681;000901;000938;000977;001208;002015;002044;002049;002065;002131;002212;002230;002236;002279;002315;002361;002373;002396;002410;002446;002558;002757;002792;002881;002929;002935;002987;300002;300017;300033;300047;300058;300101;300113;300170;300182;300339;300348;300378;300413;300454;300458;300496;300627;300629;300634;300674;300857;300996;301050;301110;301165;301171,002544;300133,0.9642857142857143,true,0,,true,false,0.018716929629414764,,false,research_universe_v1_2,0.001,headline,true,false,0.05395031942315226,5.395031942315226e-05,0.018662979309991612,2.2350155322261207,,true,qfq,true,false,true,true,false,false,true
2025-10-16,2025-11-13,20,full,56,54,000063;000681;000901;000938;000977;001208;002015;002044;002049;002065;002131;002212;002230;002236;002279;002315;002361;002373;002396;002410;002446;002558;002757;002792;002881;002929;002935;002987;300002;300017;300033;300047;300058;300101;300113;300170;300182;300339;300348;300378;300413;300454;300458;300496;300627;300629;300634;300674;300857;300996;301050;301110;301165;301171,002544;300133,0.9642857142857143,true,0,,true,false,-0.022123321746903395,,false,research_universe_v1_2,0.001,headline,true,false,0.031995754333552666,3.199575433355267e-05,-0.02215531750123695,2.1854980534894546,,true,qfq,true,false,true,true,false,false,true
2025-11-13,2025-12-11,20,full,56,54,000063;000681;000901;000938;000977;001208;002015;002044;002049;002065;002131;002212;002230;002236;002279;002315;002361;002373;002396;002410;002446;002558;002757;002792;002881;002929;002935;002987;300002;300017;300033;300047;300058;300101;300113;300170;300182;300339;300348;300378;300413;300454;300458;300496;300627;300629;300634;300674;300857;300996;301050;301110;301165;301171,002544;300133,0.9642857142857143,true,0,,true,false,-0.013970361229041044,,false,research_universe_v1_2,0.001,headline,true,false,0.033690627788818005,3.3690627788818005e-05,-0.014004051856829862,2.1548922254153875,,true,qfq,true,false,true,true,false,false,true
2025-12-11,2026-01-12,20,full,56,54,000063;000681;000901;000938;000977;001208;002015;002044;002049;002065;002131;002212;002230;002236;002279;002315;002361;002373;002396;002410;002446;002558;002757;002792;002881;002929;002935;002987;300002;300017;300033;300047;300058;300101;300113;300170;300182;300339;300348;300378;300413;300454;300458;300496;300627;300629;300634;300674;300857;300996;301050;301110;301165;301171,002544;300133,0.9642857142857143,true,1,002049,false,true,,000901;001208;002131;002361;002757;002792;300058;300170;300627;300629;301050;301110;301171,false,research_universe_v1_2,0.001,termination_period,false,false,,,,,end_price_missing,true,qfq,true,false,true,true,false,false,true
2026-01-12,2026-02-09,20,full,56,53,000063;000681;000901;000938;000977;001208;002015;002044;002065;002131;002212;002230;002236;002279;002315;002361;002373;002396;002410;002446;002558;002757;002792;002881;002929;002935;002987;300002;300017;300033;300047;300058;300101;300113;300170;300182;300339;300348;300378;300413;300454;300458;300496;300627;300629;300634;300674;300857;300996;301050;301110;301165;301171,002049;002544;300133,0.9464285714285714,true,0,,true,false,-0.08105135082512073,300017,false,research_universe_v1_2,0.001,post_termination_diagnostic,false,false,,,,,,true,qfq,true,false,true,true,false,false,true
2026-02-09,2026-03-17,20,full,56,54,000063;000681;000901;000938;000977;001208;002015;002044;002049;002065;002131;002212;002230;002236;002279;002315;002361;002373;002396;002410;002446;002558;002757;002792;002881;002929;002935;002987;300002;300017;300033;300047;300058;300101;300113;300170;300182;300339;300348;300378;300413;300454;300458;300496;300627;300629;300634;300674;300857;300996;301050;301110;301165;301171,002544;300133,0.9642857142857143,true,0,,true,false,-0.09612101628033805,002015,false,research_universe_v1_2,0.001,post_termination_diagnostic,false,false,,,,,,true,qfq,true,false,true,true,false,false,true
2026-03-17,2026-04-15,20,full,56,54,000063;000681;000901;000938;000977;001208;002015;002044;002049;002065;002131;002212;002230;002236;002279;002315;002361;002373;002396;002410;002446;002558;002757;002792;002881;002929;002935;002987;300002;300017;300033;300047;300058;300101;300113;300170;300182;300339;300348;300378;300413;300454;300458;300496;300627;300629;300634;300674;300857;300996;301050;301110;301165;301171,002544;300133,0.9642857142857143,true,0,,true,false,0.005936793249141479,002361,false,research_universe_v1_2,0.001,post_termination_diagnostic,false,false,,,,,,true,qfq,true,false,true,true,false,false,true
2026-04-15,2026-05-18,20,full,56,54,000063;000681;000901;000938;000977;001208;002015;002044;002049;002065;002131;002212;002230;002236;002279;002315;002361;002373;002396;002410;002446;002558;002757;002792;002881;002929;002935;002987;300002;300017;300033;300047;300058;300101;300113;300170;300182;300339;300348;300378;300413;300454;300458;300496;300627;300629;300634;300674;300857;300996;301050;301110;301165;301171,002544;300133,0.9642857142857143,true,0,,true,false,0.046231698833179305,002929,false,research_universe_v1_2,0.001,post_termination_diagnostic,false,false,,,,,,true,qfq,true,false,true,true,false,false,true
2026-05-18,2026-06-15,20,full,56,54,000063;000681;000901;000938;000977;001208;002015;002044;002049;002065;002131;002212;002230;002236;002279;002315;002361;002373;002396;002410;002446;002558;002757;002792;002881;002929;002935;002987;300002;300017;300033;300047;300058;300101;300113;300170;300182;300339;300348;300378;300413;300454;300458;300496;300627;300629;300634;300674;300857;300996;301050;301110;301165;301171,002544;300133,0.9642857142857143,true,1,300378,false,true,,,false,research_universe_v1_2,0.001,post_termination_diagnostic,false,false,,,,,,true,qfq,true,false,true,true,false,false,true
2026-06-15,2026-06-16,1,partial,56,53,000063;000681;000901;000938;000977;001208;002015;002044;002049;002065;002131;002212;002230;002236;002279;002315;002361;002373;002396;002410;002446;002558;002757;002792;002881;002929;002935;002987;300002;300017;300033;300047;300058;300101;300113;300170;300182;300339;300348;300413;300454;300458;300496;300627;300629;300634;300674;300857;300996;301050;301110;301165;301171,002544;300133;300378,0.9464285714285714,true,0,,true,false,0.0019154617585816272,,false,research_universe_v1_2,0.001,post_termination_diagnostic,false,true,,,,,,true,qfq,true,false,true,true,false,false,true
2020-01-02,2020-02-07,20,full,55,1,300378,000063;000681;000901;000938;000977;001208;002015;002044;002049;002065;002131;002212;002230;002236;002279;002315;002361;002373;002396;002410;002446;002544;002558;002757;002792;002881;002929;002935;002987;300002;300017;300033;300047;300058;300101;300113;300133;300170;300182;300339;300348;300413;300454;300458;300496;300629;300634;300674;300857;300996;301050;301110;301165;301171,0.01818181818181818,false,0,,false,true,,,false,expanded_only_v1_2,0.0,pre_start_diagnostic,false,false,,,,,,true,qfq,true,false,true,true,false,false,true
2020-02-07,2020-03-06,20,full,55,1,300378,000063;000681;000901;000938;000977;001208;002015;002044;002049;002065;002131;002212;002230;002236;002279;002315;002361;002373;002396;002410;002446;002544;002558;002757;002792;002881;002929;002935;002987;300002;300017;300033;300047;300058;300101;300113;300133;300170;300182;300339;300348;300413;300454;300458;300496;300629;300634;300674;300857;300996;301050;301110;301165;301171,0.01818181818181818,false,0,,false,true,,,false,expanded_only_v1_2,0.0,pre_start_diagnostic,false,false,,,,,,true,qfq,true,false,true,true,false,false,true
2020-03-06,2020-04-03,20,full,55,1,300378,000063;000681;000901;000938;000977;001208;002015;002044;002049;002065;002131;002212;002230;002236;002279;002315;002361;002373;002396;002410;002446;002544;002558;002757;002792;002881;002929;002935;002987;300002;300017;300033;300047;300058;300101;300113;300133;300170;300182;300339;300348;300413;300454;300458;300496;300629;300634;300674;300857;300996;301050;301110;301165;301171,0.01818181818181818,false,0,,false,true,,,false,expanded_only_v1_2,0.0,pre_start_diagnostic,false,false,,,,,,true,qfq,true,false,true,true,false,false,true
2020-04-03,2020-05-07,20,full,55,1,300378,000063;000681;000901;000938;000977;001208;002015;002044;002049;002065;002131;002212;002230;002236;002279;002315;002361;002373;002396;002410;002446;002544;002558;002757;002792;002881;002929;002935;002987;300002;300017;300033;300047;300058;300101;300113;300133;300170;300182;300339;300348;300413;300454;300458;300496;300629;300634;300674;300857;300996;301050;301110;301165;301171,0.01818181818181818,false,0,,false,true,,,false,expanded_only_v1_2,0.0,pre_start_diagnostic,false,false,,,,,,true,qfq,true,false,true,true,false,false,true
2020-05-07,2020-06-04,20,full,55,1,300378,000063;000681;000901;000938;000977;001208;002015;002044;002049;002065;002131;002212;002230;002236;002279;002315;002361;002373;002396;002410;002446;002544;002558;002757;002792;002881;002929;002935;002987;300002;300017;300033;300047;300058;300101;300113;300133;300170;300182;300339;300348;300413;300454;300458;300496;300629;300634;300674;300857;300996;301050;301110;301165;301171,0.01818181818181818,false,0,,false,true,,,false,expanded_only_v1_2,0.0,pre_start_diagnostic,false,false,,,,,,true,qfq,true,false,true,true,false,false,true
2020-06-04,2020-07-06,20,full,55,1,300378,000063;000681;000901;000938;000977;001208;002015;002044;002049;002065;002131;002212;002230;002236;002279;002315;002361;002373;002396;002410;002446;002544;002558;002757;002792;002881;002929;002935;002987;300002;300017;300033;300047;300058;300101;300113;300133;300170;300182;300339;300348;300413;300454;300458;300496;300629;300634;300674;300857;300996;301050;301110;301165;301171,0.01818181818181818,false,0,,false,true,,,false,expanded_only_v1_2,0.0,pre_start_diagnostic,false,false,,,,,,true,qfq,true,false,true,true,false,false,true
2020-07-06,2020-08-03,20,full,55,1,300378,000063;000681;000901;000938;000977;001208;002015;002044;002049;002065;002131;002212;002230;002236;002279;002315;002361;002373;002396;002410;002446;002544;002558;002757;002792;002881;002929;002935;002987;300002;300017;300033;300047;300058;300101;300113;300133;300170;300182;300339;300348;300413;300454;300458;300496;300629;300634;300674;300857;300996;301050;301110;301165;301171,0.01818181818181818,false,0,,false,true,,300378,false,expanded_only_v1_2,0.0,pre_start_diagnostic,false,false,,,,,,true,qfq,true,false,true,true,false,false,true
2020-08-03,2020-08-31,20,full,55,1,300378,000063;000681;000901;000938;000977;001208;002015;002044;002049;002065;002131;002212;002230;002236;002279;002315;002361;002373;002396;002410;002446;002544;002558;002757;002792;002881;002929;002935;002987;300002;300017;300033;300047;300058;300101;300113;300133;300170;300182;300339;300348;300413;300454;300458;300496;300629;300634;300674;300857;300996;301050;301110;301165;301171,0.01818181818181818,false,0,,false,true,,,false,expanded_only_v1_2,0.0,pre_start_diagnostic,false,false,,,,,,true,qfq,true,false,true,true,false,false,true
2020-08-31,2020-09-28,20,full,55,1,300378,000063;000681;000901;000938;000977;001208;002015;002044;002049;002065;002131;002212;002230;002236;002279;002315;002361;002373;002396;002410;002446;002544;002558;002757;002792;002881;002929;002935;002987;300002;300017;300033;300047;300058;300101;300113;300133;300170;300182;300339;300348;300413;300454;300458;300496;300629;300634;300674;300857;300996;301050;301110;301165;301171,0.01818181818181818,false,0,,false,true,,,false,expanded_only_v1_2,0.0,pre_start_diagnostic,false,false,,,,,,true,qfq,true,false,true,true,false,false,true
2020-09-28,2020-11-03,20,full,55,1,300378,000063;000681;000901;000938;000977;001208;002015;002044;002049;002065;002131;002212;002230;002236;002279;002315;002361;002373;002396;002410;002446;002544;002558;002757;002792;002881;002929;002935;002987;300002;300017;300033;300047;300058;300101;300113;300133;300170;300182;300339;300348;300413;300454;300458;300496;300629;300634;300674;300857;300996;301050;301110;301165;301171,0.01818181818181818,false,0,,false,true,,,false,expanded_only_v1_2,0.0,pre_start_diagnostic,false,false,,,,,,true,qfq,true,false,true,true,false,false,true
2020-11-03,2020-12-01,20,full,55,1,300378,000063;000681;000901;000938;000977;001208;002015;002044;002049;002065;002131;002212;002230;002236;002279;002315;002361;002373;002396;002410;002446;002544;002558;002757;002792;002881;002929;002935;002987;300002;300017;300033;300047;300058;300101;300113;300133;300170;300182;300339;300348;300413;300454;300458;300496;300629;300634;300674;300857;300996;301050;301110;301165;301171,0.01818181818181818,false,0,,false,true,,,false,expanded_only_v1_2,0.0,pre_start_diagnostic,false,false,,,,,,true,qfq,true,false,true,true,false,false,true
2020-12-01,2020-12-29,20,full,55,1,300378,000063;000681;000901;000938;000977;001208;002015;002044;002049;002065;002131;002212;002230;002236;002279;002315;002361;002373;002396;002410;002446;002544;002558;002757;002792;002881;002929;002935;002987;300002;300017;300033;300047;300058;300101;300113;300133;300170;300182;300339;300348;300413;300454;300458;300496;300629;300634;300674;300857;300996;301050;301110;301165;301171,0.01818181818181818,false,0,,false,true,,,false,expanded_only_v1_2,0.0,pre_start_diagnostic,false,false,,,,,,true,qfq,true,false,true,true,false,false,true
2020-12-29,2021-01-27,20,full,55,1,300378,000063;000681;000901;000938;000977;001208;002015;002044;002049;002065;002131;002212;002230;002236;002279;002315;002361;002373;002396;002410;002446;002544;002558;002757;002792;002881;002929;002935;002987;300002;300017;300033;300047;300058;300101;300113;300133;300170;300182;300339;300348;300413;300454;300458;300496;300629;300634;300674;300857;300996;301050;301110;301165;301171,0.01818181818181818,false,0,,false,true,,,false,expanded_only_v1_2,0.0,pre_start_diagnostic,false,false,,,,,,true,qfq,true,false,true,true,false,false,true
2021-01-27,2021-03-03,20,full,55,1,300378,000063;000681;000901;000938;000977;001208;002015;002044;002049;002065;002131;002212;002230;002236;002279;002315;002361;002373;002396;002410;002446;002544;002558;002757;002792;002881;002929;002935;002987;300002;300017;300033;300047;300058;300101;300113;300133;300170;300182;300339;300348;300413;300454;300458;300496;300629;300634;300674;300857;300996;301050;301110;301165;301171,0.01818181818181818,false,0,,false,true,,,false,expanded_only_v1_2,0.0,pre_start_diagnostic,false,false,,,,,,true,qfq,true,false,true,true,false,false,true
2021-03-03,2021-03-31,20,full,55,1,300378,000063;000681;000901;000938;000977;001208;002015;002044;002049;002065;002131;002212;002230;002236;002279;002315;002361;002373;002396;002410;002446;002544;002558;002757;002792;002881;002929;002935;002987;300002;300017;300033;300047;300058;300101;300113;300133;300170;300182;300339;300348;300413;300454;300458;300496;300629;300634;300674;300857;300996;301050;301110;301165;301171,0.01818181818181818,false,0,,false,true,,,false,expanded_only_v1_2,0.0,pre_start_diagnostic,false,false,,,,,,true,qfq,true,false,true,true,false,false,true
2021-03-31,2021-04-29,20,full,55,46,000681;000901;000938;000977;002015;002044;002049;002065;002131;002212;002230;002236;002279;002315;002361;002373;002396;002410;002446;002558;002757;002792;002881;002929;002935;002987;300002;300017;300033;300047;300058;300101;300113;300170;300182;300339;300348;300378;300413;300454;300458;300496;300629;300634;300674;300857,000063;001208;002544;300133;300996;301050;301110;301165;301171,0.8363636363636363,true,0,,true,false,-0.0056508938480174424,,false,expanded_only_v1_2,0.0,headline,true,false,1.0,0.0,-0.0056508938480174424,0.9943491061519826,,true,qfq,true,false,true,true,false,false,true
2021-04-29,2021-06-01,20,full,55,47,000063;000681;000901;000938;000977;002015;002044;002049;002065;002131;002212;002230;002236;002279;002315;002361;002373;002396;002410;002446;002558;002757;002792;002881;002929;002935;002987;300002;300017;300033;300047;300058;300101;300113;300170;300182;300339;300348;300378;300413;300454;300458;300496;300629;300634;300674;300857,001208;002544;300133;300996;301050;301110;301165;301171,0.8545454545454545,true,0,,true,false,0.08374124945809018,300339,false,expanded_only_v1_2,0.0,headline,true,false,0.046827898789434524,0.0,0.08374124945809018,1.077617142698685,,true,qfq,true,false,true,true,false,false,true
2021-06-01,2021-06-30,20,full,55,47,000063;000681;000901;000938;000977;002015;002044;002049;002065;002131;002212;002230;002236;002279;002315;002361;002373;002396;002410;002446;002558;002757;002792;002881;002929;002935;002987;300002;300017;300033;300047;300058;300101;300113;300170;300182;300339;300348;300378;300413;300454;300458;300496;300629;300634;300674;300857,001208;002544;300133;300996;301050;301110;301165;301171,0.8545454545454545,true,0,,true,false,0.06347904516764216,300339;300458,false,expanded_only_v1_2,0.0,headline,true,false,0.042981996458220144,0.0,0.06347904516764216,1.1460232499734802,,true,qfq,true,false,true,true,false,false,true
2021-06-30,2021-07-28,20,full,55,49,000063;000681;000901;000938;000977;001208;002015;002044;002049;002065;002131;002212;002230;002236;002279;002315;002361;002373;002396;002410;002446;002558;002757;002792;002881;002929;002935;002987;300002;300017;300033;300047;300058;300101;300113;300170;300182;300339;300348;300378;300413;300454;300458;300496;300629;300634;300674;300857;300996,002544;300133;301050;301110;301165;301171,0.8909090909090909,true,0,,true,false,-0.04295096171322083,,false,expanded_only_v1_2,0.0,headline,true,false,0.07094230867777847,0.0,-0.04295096171322083,1.0968004492414083,,true,qfq,true,false,true,true,false,false,true
2021-07-28,2021-08-25,20,full,55,49,000063;000681;000901;000938;000977;001208;002015;002044;002049;002065;002131;002212;002230;002236;002279;002315;002361;002373;002396;002410;002446;002558;002757;002792;002881;002929;002935;002987;300002;300017;300033;300047;300058;300101;300113;300170;300182;300339;300348;300378;300413;300454;300458;300496;300629;300634;300674;300857;300996,002544;300133;301050;301110;301165;301171,0.8909090909090909,true,0,,true,false,0.1092673530816605,001208;002015,false,expanded_only_v1_2,0.0,headline,true,false,0.05802157154243937,0.0,0.1092673530816605,1.2166449311887932,,true,qfq,true,false,true,true,false,false,true
2021-08-25,2021-09-24,20,full,55,50,000063;000681;000901;000938;000977;001208;002015;002044;002049;002065;002131;002212;002230;002236;002279;002315;002361;002373;002396;002410;002446;002558;002757;002792;002881;002929;002935;002987;300002;300017;300033;300047;300058;300101;300113;300170;300182;300339;300348;300378;300413;300454;300458;300496;300629;300634;300674;300857;300996;301050,002544;300133;301110;301165;301171,0.9090909090909091,true,0,,true,false,-0.023329434913556487,,false,expanded_only_v1_2,0.0,headline,true,false,0.07289850515510055,0.0,-0.023329434913556487,1.188261292453716,,true,qfq,true,false,true,true,false,false,true
2021-09-24,2021-10-29,20,full,55,50,000063;000681;000901;000938;000977;001208;002015;002044;002049;002065;002131;002212;002230;002236;002279;002315;002361;002373;002396;002410;002446;002558;002757;002792;002881;002929;002935;002987;300002;300017;300033;300047;300058;300101;300113;300170;300182;300339;300348;300378;300413;300454;300458;300496;300629;300634;300674;300857;300996;301050,002544;300133;301110;301165;301171,0.9090909090909091,true,0,,true,false,-0.03621872743173729,,false,expanded_only_v1_2,0.0,headline,true,false,0.03800796496849324,0.0,-0.03621872743173729,1.145223980584651,,true,qfq,true,false,true,true,false,false,true
2021-10-29,2021-11-26,20,full,55,50,000063;000681;000901;000938;000977;001208;002015;002044;002049;002065;002131;002212;002230;002236;002279;002315;002361;002373;002396;002410;002446;002558;002757;002792;002881;002929;002935;002987;300002;300017;300033;300047;300058;300101;300113;300170;300182;300339;300348;300378;300413;300454;300458;300496;300629;300634;300674;300857;300996;301050,002544;300133;301110;301165;301171,0.9090909090909091,true,0,,true,false,0.10912860412752384,,false,expanded_only_v1_2,0.0,headline,true,false,0.04528376595427542,0.0,0.10912860412752384,1.2702006749992203,,true,qfq,true,false,true,true,false,false,true
2021-11-26,2021-12-24,20,full,55,50,000063;000681;000901;000938;000977;001208;002015;002044;002049;002065;002131;002212;002230;002236;002279;002315;002361;002373;002396;002410;002446;002558;002757;002792;002881;002929;002935;002987;300002;300017;300033;300047;300058;300101;300113;300170;300182;300339;300348;300378;300413;300454;300458;300496;300629;300634;300674;300857;300996;301050,002544;300133;301110;301165;301171,0.9090909090909091,true,0,,true,false,0.004573206561100252,,false,expanded_only_v1_2,0.0,headline,true,false,0.040016896719929626,0.0,0.004573206561100252,1.2760095650600405,,true,qfq,true,false,true,true,false,false,true
2021-12-24,2022-01-24,20,full,55,50,000063;000681;000901;000938;000977;001208;002015;002044;002049;002065;002131;002212;002230;002236;002279;002315;002361;002373;002396;002410;002446;002558;002757;002792;002881;002929;002935;002987;300002;300017;300033;300047;300058;300101;300113;300170;300182;300339;300348;300378;300413;300454;300458;300496;300629;300634;300674;300857;300996;301050,002544;300133;301110;301165;301171,0.9090909090909091,true,0,,true,false,0.033511112984991945,002987;300047,false,expanded_only_v1_2,0.0,headline,true,false,0.04545367776044596,0.0,0.033511112984991945,1.318770065764698,,true,qfq,true,false,true,true,false,false,true
2022-01-24,2022-02-28,20,full,55,50,000063;000681;000901;000938;000977;001208;002015;002044;002049;002065;002131;002212;002230;002236;002279;002315;002361;002373;002396;002410;002446;002558;002757;002792;002881;002929;002935;002987;300002;300017;300033;300047;300058;300101;300113;300170;300182;300339;300348;300378;300413;300454;300458;300496;300629;300634;300674;300857;300996;301050,002544;300133;301110;301165;301171,0.9090909090909091,true,0,,true,false,-0.06426487511840047,,false,expanded_only_v1_2,0.0,headline,true,false,0.05602790274276153,0.0,-0.06426487511840047,1.2340194721784448,,true,qfq,true,false,true,true,false,false,true
2022-02-28,2022-03-28,20,full,55,50,000063;000681;000901;000938;000977;001208;002015;002044;002049;002065;002131;002212;002230;002236;002279;002315;002361;002373;002396;002410;002446;002558;002757;002792;002881;002929;002935;002987;300002;300017;300033;300047;300058;300101;300113;300170;300182;300339;300348;300378;300413;300454;300458;300496;300629;300634;300674;300857;300996;301050,002544;300133;301110;301165;301171,0.9090909090909091,true,0,,true,false,-0.11299546134078906,,false,expanded_only_v1_2,0.0,headline,true,false,0.04001970036812406,0.0,-0.11299546134078906,1.0945808726161244,,true,qfq,true,false,true,true,false,false,true
2022-03-28,2022-04-27,20,full,55,51,000063;000681;000901;000938;000977;001208;002015;002044;002049;002065;002131;002212;002230;002236;002279;002315;002361;002373;002396;002410;002446;002558;002757;002792;002881;002929;002935;002987;300002;300017;300033;300047;300058;300101;300113;300170;300182;300339;300348;300378;300413;300454;300458;300496;300629;300634;300674;300857;300996;301050;301110,002544;300133;301165;301171,0.9272727272727272,true,0,,true,false,-0.2027343202528289,,false,expanded_only_v1_2,0.0,headline,true,false,0.04371990085997801,0.0,-0.2027343202528289,0.8726717634445461,,true,qfq,true,false,true,true,false,false,true
2022-04-27,2022-05-30,20,full,55,51,000063;000681;000901;000938;000977;001208;002015;002044;002049;002065;002131;002212;002230;002236;002279;002315;002361;002373;002396;002410;002446;002558;002757;002792;002881;002929;002935;002987;300002;300017;300033;300047;300058;300101;300113;300170;300182;300339;300348;300378;300413;300454;300458;300496;300629;300634;300674;300857;300996;301050;301110,002544;300133;301165;301171,0.9272727272727272,true,0,,true,false,0.11763109125685894,,false,expanded_only_v1_2,0.0,headline,true,false,0.05023384282149579,0.0,0.11763109125685894,0.9753250952875756,,true,qfq,true,false,true,true,false,false,true
2022-05-30,2022-06-28,20,full,55,51,000063;000681;000901;000938;000977;001208;002015;002044;002049;002065;002131;002212;002230;002236;002279;002315;002361;002373;002396;002410;002446;002558;002757;002792;002881;002929;002935;002987;300002;300017;300033;300047;300058;300101;300113;300170;300182;300339;300348;300378;300413;300454;300458;300496;300629;300634;300674;300857;300996;301050;301110,002544;300133;301165;301171,0.9272727272727272,true,0,,true,false,0.11212913074011421,,false,expanded_only_v1_2,0.0,headline,true,false,0.0319257554171496,0.0,0.11212913074011421,1.0846874504111905,,true,qfq,true,false,true,true,false,false,true
2022-06-28,2022-07-26,20,full,55,51,000063;000681;000901;000938;000977;001208;002015;002044;002049;002065;002131;002212;002230;002236;002279;002315;002361;002373;002396;002410;002446;002558;002757;002792;002881;002929;002935;002987;300002;300017;300033;300047;300058;300101;300113;300170;300182;300339;300348;300378;300413;300454;300458;300496;300629;300634;300674;300857;300996;301050;301110,002544;300133;301165;301171,0.9272727272727272,true,0,,true,false,-0.016307244527435497,,false,expanded_only_v1_2,0.0,headline,true,false,0.029692024050636076,0.0,-0.016307244527435497,1.0669991869214948,,true,qfq,true,false,true,true,false,false,true
2022-07-26,2022-08-23,20,full,55,51,000063;000681;000901;000938;000977;001208;002015;002044;002049;002065;002131;002212;002230;002236;002279;002315;002361;002373;002396;002410;002446;002558;002757;002792;002881;002929;002935;002987;300002;300017;300033;300047;300058;300101;300113;300170;300182;300339;300348;300378;300413;300454;300458;300496;300629;300634;300674;300857;300996;301050;301110,002544;300133;301165;301171,0.9272727272727272,true,0,,true,false,0.029928918519935052,,false,expanded_only_v1_2,0.0,headline,true,false,0.028221775016843482,0.0,0.029928918519935052,1.098933318647705,,true,qfq,true,false,true,true,false,false,true
2022-08-23,2022-09-21,20,full,55,52,000063;000681;000901;000938;000977;001208;002015;002044;002049;002065;002131;002212;002230;002236;002279;002315;002361;002373;002396;002410;002446;002558;002757;002792;002881;002929;002935;002987;300002;300017;300033;300047;300058;300101;300113;300170;300182;300339;300348;300378;300413;300454;300458;300496;300629;300634;300674;300857;300996;301050;301110;301171,002544;300133;301165,0.9454545454545454,true,0,,true,false,-0.09189468605295405,,false,expanded_only_v1_2,0.0,headline,true,false,0.03938578134151737,0.0,-0.09189468605295405,0.9979471863374433,,true,qfq,true,false,true,true,false,false,true
2022-09-21,2022-10-26,20,full,55,52,000063;000681;000901;000938;000977;001208;002015;002044;002049;002065;002131;002212;002230;002236;002279;002315;002361;002373;002396;002410;002446;002558;002757;002792;002881;002929;002935;002987;300002;300017;300033;300047;300058;300101;300113;300170;300182;300339;300348;300378;300413;300454;300458;300496;300629;300634;300674;300857;300996;301050;301110;301171,002544;300133;301165,0.9454545454545454,true,0,,true,false,0.03676698618750497,,false,expanded_only_v1_2,0.0,headline,true,false,0.030286002878998453,0.0,0.03676698618750497,1.0346386967533716,,true,qfq,true,false,true,true,false,false,true
2022-10-26,2022-11-23,20,full,55,52,000063;000681;000901;000938;000977;001208;002015;002044;002049;002065;002131;002212;002230;002236;002279;002315;002361;002373;002396;002410;002446;002558;002757;002792;002881;002929;002935;002987;300002;300017;300033;300047;300058;300101;300113;300170;300182;300339;300348;300378;300413;300454;300458;300496;300629;300634;300674;300857;300996;301050;301110;301171,002544;300133;301165,0.9454545454545454,true,0,,true,false,0.04825475415977104,,false,expanded_only_v1_2,0.0,headline,true,false,0.03849628756282693,0.0,0.04825475415977104,1.0845649327093916,,true,qfq,true,false,true,true,false,false,true
2022-11-23,2022-12-21,20,full,55,53,000063;000681;000901;000938;000977;001208;002015;002044;002049;002065;002131;002212;002230;002236;002279;002315;002361;002373;002396;002410;002446;002558;002757;002792;002881;002929;002935;002987;300002;300017;300033;300047;300058;300101;300113;300170;300182;300339;300348;300378;300413;300454;300458;300496;300629;300634;300674;300857;300996;301050;301110;301165;301171,002544;300133,0.9636363636363636,true,0,,true,false,-0.06447283562917551,,false,expanded_only_v1_2,0.0,headline,true,false,0.04135704375677168,0.0,-0.06447283562917551,1.0146399560736512,,true,qfq,true,false,true,true,false,false,true
2022-12-21,2023-01-19,20,full,55,53,000063;000681;000901;000938;000977;001208;002015;002044;002049;002065;002131;002212;002230;002236;002279;002315;002361;002373;002396;002410;002446;002558;002757;002792;002881;002929;002935;002987;300002;300017;300033;300047;300058;300101;300113;300170;300182;300339;300348;300378;300413;300454;300458;300496;300629;300634;300674;300857;300996;301050;301110;301165;301171,002544;300133,0.9636363636363636,true,0,,true,false,0.12649969899088304,002279,false,expanded_only_v1_2,0.0,headline,true,false,0.029490315796309657,0.0,0.12649969899088304,1.1429916051010909,,true,qfq,true,false,true,true,false,false,true
2023-01-19,2023-02-23,20,full,55,53,000063;000681;000901;000938;000977;001208;002015;002044;002049;002065;002131;002212;002230;002236;002279;002315;002361;002373;002396;002410;002446;002558;002757;002792;002881;002929;002935;002987;300002;300017;300033;300047;300058;300101;300113;300170;300182;300339;300348;300378;300413;300454;300458;300496;300629;300634;300674;300857;300996;301050;301110;301165;301171,002544;300133,0.9636363636363636,true,0,,true,false,0.07415481463304249,000977,false,expanded_only_v1_2,0.0,headline,true,false,0.03627347268649901,0.0,0.07415481463304249,1.2277499357044859,,true,qfq,true,false,true,true,false,false,true
2023-02-23,2023-03-23,20,full,55,53,000063;000681;000901;000938;000977;001208;002015;002044;002049;002065;002131;002212;002230;002236;002279;002315;002361;002373;002396;002410;002446;002558;002757;002792;002881;002929;002935;002987;300002;300017;300033;300047;300058;300101;300113;300170;300182;300339;300348;300378;300413;300454;300458;300496;300629;300634;300674;300857;300996;301050;301110;301165;301171,002544;300133,0.9636363636363636,true,0,,true,false,0.16901964015856963,002236;300058;300634;301110,false,expanded_only_v1_2,0.0,headline,true,false,0.03456705018892761,0.0,0.16901964015856963,1.4352637880419652,,true,qfq,true,false,true,true,false,false,true
2023-03-23,2023-04-21,20,full,55,53,000063;000681;000901;000938;000977;001208;002015;002044;002049;002065;002131;002212;002230;002236;002279;002315;002361;002373;002396;002410;002446;002558;002757;002792;002881;002929;002935;002987;300002;300017;300033;300047;300058;300101;300113;300170;300182;300339;300348;300378;300413;300454;300458;300496;300629;300634;300674;300857;300996;301050;301110;301165;301171,002544;300133,0.9636363636363636,true,0,,true,false,-0.005497230001042965,300002,false,expanded_only_v1_2,0.0,headline,true,false,0.05859069410687737,0.0,-0.005497230001042965,1.4273738128869304,,true,qfq,true,false,true,true,false,false,true
2023-04-21,2023-05-24,20,full,55,53,000063;000681;000901;000938;000977;001208;002015;002044;002049;002065;002131;002212;002230;002236;002279;002315;002361;002373;002396;002410;002446;002558;002757;002792;002881;002929;002935;002987;300002;300017;300033;300047;300058;300101;300113;300170;300182;300339;300348;300378;300413;300454;300458;300496;300629;300634;300674;300857;300996;301050;301110;301165;301171,002544;300133,0.9636363636363636,true,0,,true,false,-0.05367969292226676,002315,false,expanded_only_v1_2,0.0,headline,true,false,0.054632691340949904,0.0,-0.05367969292226676,1.3507528249258751,,true,qfq,true,false,true,true,false,false,true
2023-05-24,2023-06-21,20,full,55,53,000063;000681;000901;000938;000977;001208;002015;002044;002049;002065;002131;002212;002230;002236;002279;002315;002361;002373;002396;002410;002446;002558;002757;002792;002881;002929;002935;002987;300002;300017;300033;300047;300058;300101;300113;300170;300182;300339;300348;300378;300413;300454;300458;300496;300629;300634;300674;300857;300996;301050;301110;301165;301171,002544;300133,0.9636363636363636,true,0,,true,false,0.14228654432368015,000977;300378,false,expanded_only_v1_2,0.0,headline,true,false,0.04664260463311467,0.0,0.14228654432368015,1.5429467766200269,,true,qfq,true,false,true,true,false,false,true
2023-06-21,2023-07-21,20,full,55,53,000063;000681;000901;000938;000977;001208;002015;002044;002049;002065;002131;002212;002230;002236;002279;002315;002361;002373;002396;002410;002446;002558;002757;002792;002881;002929;002935;002987;300002;300017;300033;300047;300058;300101;300113;300170;300182;300339;300348;300378;300413;300454;300458;300496;300629;300634;300674;300857;300996;301050;301110;301165;301171,002544;300133,0.9636363636363636,true,0,,true,false,-0.1136323478523329,,false,expanded_only_v1_2,0.0,headline,true,false,0.05469175208602955,0.0,-0.1136323478523329,1.3676181117815043,,true,qfq,true,false,true,true,false,false,true
2023-07-21,2023-08-18,20,full,55,53,000063;000681;000901;000938;000977;001208;002015;002044;002049;002065;002131;002212;002230;002236;002279;002315;002361;002373;002396;002410;002446;002558;002757;002792;002881;002929;002935;002987;300002;300017;300033;300047;300058;300101;300113;300170;300182;300339;300348;300378;300413;300454;300458;300496;300629;300634;300674;300857;300996;301050;301110;301165;301171,002544;300133,0.9636363636363636,true,0,,true,false,-0.05866142934577409,,false,expanded_only_v1_2,0.0,headline,true,false,0.037836153659193725,0.0,-0.05866142934577409,1.2873916785452326,,true,qfq,true,false,true,true,false,false,true
2023-08-18,2023-09-15,20,full,55,53,000063;000681;000901;000938;000977;001208;002015;002044;002049;002065;002131;002212;002230;002236;002279;002315;002361;002373;002396;002410;002446;002558;002757;002792;002881;002929;002935;002987;300002;300017;300033;300047;300058;300101;300113;300170;300182;300339;300348;300378;300413;300454;300458;300496;300629;300634;300674;300857;300996;301050;301110;301165;301171,002544;300133,0.9636363636363636,true,0,,true,false,-0.02029290661442756,,false,expanded_only_v1_2,0.0,headline,true,false,0.028810528136213258,0.0,-0.02029290661442756,1.2612667594363232,,true,qfq,true,false,true,true,false,false,true
2023-09-15,2023-10-23,20,full,55,53,000063;000681;000901;000938;000977;001208;002015;002044;002049;002065;002131;002212;002230;002236;002279;002315;002361;002373;002396;002410;002446;002558;002757;002792;002881;002929;002935;002987;300002;300017;300033;300047;300058;300101;300113;300170;300182;300339;300348;300378;300413;300454;300458;300496;300629;300634;300674;300857;300996;301050;301110;301165;301171,002544;300133,0.9636363636363636,true,0,,true,false,-0.07716087907803487,,false,expanded_only_v1_2,0.0,headline,true,false,0.02942505794617771,0.0,-0.07716087907803487,1.1639463075263121,,true,qfq,true,false,true,true,false,false,true
2023-10-23,2023-11-20,20,full,55,53,000063;000681;000901;000938;000977;001208;002015;002044;002049;002065;002131;002212;002230;002236;002279;002315;002361;002373;002396;002410;002446;002558;002757;002792;002881;002929;002935;002987;300002;300017;300033;300047;300058;300101;300113;300170;300182;300339;300348;300378;300413;300454;300458;300496;300629;300634;300674;300857;300996;301050;301110;301165;301171,002544;300133,0.9636363636363636,true,0,,true,false,0.177308426645224,300857,false,expanded_only_v1_2,0.0,headline,true,false,0.03013437606186961,0.0,0.177308426645224,1.3703237960133205,,true,qfq,true,false,true,true,false,false,true
2023-11-20,2023-12-18,20,full,55,53,000063;000681;000901;000938;000977;001208;002015;002044;002049;002065;002131;002212;002230;002236;002279;002315;002361;002373;002396;002410;002446;002558;002757;002792;002881;002929;002935;002987;300002;300017;300033;300047;300058;300101;300113;300170;300182;300339;300348;300378;300413;300454;300458;300496;300629;300634;300674;300857;300996;301050;301110;301165;301171,002544;300133,0.9636363636363636,true,0,,true,false,-0.05727243198981866,,false,expanded_only_v1_2,0.0,headline,true,false,0.03987585623054883,0.0,-0.05727243198981866,1.2918420196021174,,true,qfq,true,false,true,true,false,false,true
2023-12-18,2024-01-16,20,full,55,53,000063;000681;000901;000938;000977;001208;002015;002044;002049;002065;002131;002212;002230;002236;002279;002315;002361;002373;002396;002410;002446;002558;002757;002792;002881;002929;002935;002987;300002;300017;300033;300047;300058;300101;300113;300170;300182;300339;300348;300378;300413;300454;300458;300496;300629;300634;300674;300857;300996;301050;301110;301165;301171,002544;300133,0.9636363636363636,true,0,,true,false,-0.10988068563635123,,false,expanded_only_v1_2,0.0,headline,true,false,0.028608891750231652,0.0,-0.10988068563635123,1.149893532754388,,true,qfq,true,false,true,true,false,false,true
2024-01-16,2024-02-21,20,full,55,53,000063;000681;000901;000938;000977;001208;002015;002044;002049;002065;002131;002212;002230;002236;002279;002315;002361;002373;002396;002410;002446;002558;002757;002792;002881;002929;002935;002987;300002;300017;300033;300047;300058;300101;300113;300170;300182;300339;300348;300378;300413;300454;300458;300496;300629;300634;300674;300857;300996;301050;301110;301165;301171,002544;300133,0.9636363636363636,true,0,,true,false,-0.08300795783668483,,false,expanded_only_v1_2,0.0,headline,true,false,0.029068436282451038,0.0,-0.08300795783668483,1.0544432188708353,,true,qfq,true,false,true,true,false,false,true
2024-02-21,2024-03-20,20,full,55,53,000063;000681;000901;000938;000977;001208;002015;002044;002049;002065;002131;002212;002230;002236;002279;002315;002361;002373;002396;002410;002446;002558;002757;002792;002881;002929;002935;002987;300002;300017;300033;300047;300058;300101;300113;300170;300182;300339;300348;300378;300413;300454;300458;300496;300629;300634;300674;300857;300996;301050;301110;301165;301171,002544;300133,0.9636363636363636,true,0,,true,false,0.1882875714610209,,false,expanded_only_v1_2,0.0,headline,true,false,0.046553849465461095,0.0,0.1882875714610209,1.2529817717955665,,true,qfq,true,false,true,true,false,false,true
2024-03-20,2024-04-19,20,full,55,53,000063;000681;000901;000938;000977;001208;002015;002044;002049;002065;002131;002212;002230;002236;002279;002315;002361;002373;002396;002410;002446;002558;002757;002792;002881;002929;002935;002987;300002;300017;300033;300047;300058;300101;300113;300170;300182;300339;300348;300378;300413;300454;300458;300496;300629;300634;300674;300857;300996;301050;301110;301165;301171,002544;300133,0.9636363636363636,true,0,,true,false,-0.16126372194346128,,false,expanded_only_v1_2,0.0,headline,true,false,0.030860904784523496,0.0,-0.16126372194346128,1.0509212677485007,,true,qfq,true,false,true,true,false,false,true
2024-04-19,2024-05-22,20,full,55,53,000063;000681;000901;000938;000977;001208;002015;002044;002049;002065;002131;002212;002230;002236;002279;002315;002361;002373;002396;002410;002446;002558;002757;002792;002881;002929;002935;002987;300002;300017;300033;300047;300058;300101;300113;300170;300182;300339;300348;300378;300413;300454;300458;300496;300629;300634;300674;300857;300996;301050;301110;301165;301171,002544;300133,0.9636363636363636,true,0,,true,false,0.05656482861274792,,false,expanded_only_v1_2,0.0,headline,true,false,0.031565430274701864,0.0,0.05656482861274792,1.1103664491441865,,true,qfq,true,false,true,true,false,false,true
2024-05-22,2024-06-20,20,full,55,53,000063;000681;000901;000938;000977;001208;002015;002044;002049;002065;002131;002212;002230;002236;002279;002315;002361;002373;002396;002410;002446;002558;002757;002792;002881;002929;002935;002987;300002;300017;300033;300047;300058;300101;300113;300170;300182;300339;300348;300378;300413;300454;300458;300496;300629;300634;300674;300857;300996;301050;301110;301165;301171,002544;300133,0.9636363636363636,true,0,,true,false,-0.07357392989684172,,false,expanded_only_v1_2,0.0,headline,true,false,0.026011220988180213,0.0,-0.07357392989684172,1.028672425855047,,true,qfq,true,false,true,true,false,false,true
2024-06-20,2024-07-18,20,full,55,53,000063;000681;000901;000938;000977;001208;002015;002044;002049;002065;002131;002212;002230;002236;002279;002315;002361;002373;002396;002410;002446;002558;002757;002792;002881;002929;002935;002987;300002;300017;300033;300047;300058;300101;300113;300170;300182;300339;300348;300378;300413;300454;300458;300496;300629;300634;300674;300857;300996;301050;301110;301165;301171,002544;300133,0.9636363636363636,true,0,,true,false,-0.03919507404849842,,false,expanded_only_v1_2,0.0,headline,true,false,0.028012264159995245,0.0,-0.03919507404849842,0.98835353395201,,true,qfq,true,false,true,true,false,false,true
2024-07-18,2024-08-15,20,full,55,53,000063;000681;000901;000938;000977;001208;002015;002044;002049;002065;002131;002212;002230;002236;002279;002315;002361;002373;002396;002410;002446;002558;002757;002792;002881;002929;002935;002987;300002;300017;300033;300047;300058;300101;300113;300170;300182;300339;300348;300378;300413;300454;300458;300496;300629;300634;300674;300857;300996;301050;301110;301165;301171,002544;300133,0.9636363636363636,true,0,,true,false,-0.004482215635524883,,false,expanded_only_v1_2,0.0,headline,true,false,0.03352266045271066,0.0,-0.004482215635524883,0.983923520288704,,true,qfq,true,false,true,true,false,false,true
2024-08-15,2024-09-12,20,full,55,53,000063;000681;000901;000938;000977;001208;002015;002044;002049;002065;002131;002212;002230;002236;002279;002315;002361;002373;002396;002410;002446;002558;002757;002792;002881;002929;002935;002987;300002;300017;300033;300047;300058;300101;300113;300170;300182;300339;300348;300378;300413;300454;300458;300496;300629;300634;300674;300857;300996;301050;301110;301165;301171,002544;300133,0.9636363636363636,true,0,,true,false,-0.016187116434785973,,false,expanded_only_v1_2,0.0,headline,true,false,0.031133636795866927,0.0,-0.016187116434785973,0.9679966357028662,,true,qfq,true,false,true,true,false,false,true
2024-09-12,2024-10-21,20,full,55,53,000063;000681;000901;000938;000977;001208;002015;002044;002049;002065;002131;002212;002230;002236;002279;002315;002361;002373;002396;002410;002446;002558;002757;002792;002881;002929;002935;002987;300002;300017;300033;300047;300058;300101;300113;300170;300182;300339;300348;300378;300413;300454;300458;300496;300629;300634;300674;300857;300996;301050;301110;301165;301171,002544;300133,0.9636363636363636,true,0,,true,false,0.5045230530566049,002049;002410;002987;300002;300033;300047;300339;300348;300458;300496;300674;300857;301050;301110;301165;301171,true,expanded_only_v1_2,0.0,headline,true,false,0.03374299899580007,0.0,0.5045230530566049,1.4563732536961984,,true,qfq,true,false,true,true,false,false,true
2024-10-21,2024-11-18,20,full,55,53,000063;000681;000901;000938;000977;001208;002015;002044;002049;002065;002131;002212;002230;002236;002279;002315;002361;002373;002396;002410;002446;002558;002757;002792;002881;002929;002935;002987;300002;300017;300033;300047;300058;300101;300113;300170;300182;300339;300348;300378;300413;300454;300458;300496;300629;300634;300674;300857;300996;301050;301110;301165;301171,002544;300133,0.9636363636363636,true,0,,true,false,0.025850459702135876,301171,false,expanded_only_v1_2,0.0,headline,true,false,0.09089416152301683,0.0,0.025850459702135876,1.4940211718021406,,true,qfq,true,false,true,true,false,false,true
2024-11-18,2024-12-16,20,full,55,53,000063;000681;000901;000938;000977;001208;002015;002044;002049;002065;002131;002212;002230;002236;002279;002315;002361;002373;002396;002410;002446;002558;002757;002792;002881;002929;002935;002987;300002;300017;300033;300047;300058;300101;300113;300170;300182;300339;300348;300378;300413;300454;300458;300496;300629;300634;300674;300857;300996;301050;301110;301165;301171,002544;300133,0.9636363636363636,true,0,,true,false,0.1192021233073128,000681;002131,false,expanded_only_v1_2,0.0,headline,true,false,0.0568676313375716,0.0,0.1192021233073128,1.6721116677470353,,true,qfq,true,false,true,true,false,false,true
2024-12-16,2025-01-14,20,full,55,53,000063;000681;000901;000938;000977;001208;002015;002044;002049;002065;002131;002212;002230;002236;002279;002315;002361;002373;002396;002410;002446;002558;002757;002792;002881;002929;002935;002987;300002;300017;300033;300047;300058;300101;300113;300170;300182;300339;300348;300378;300413;300454;300458;300496;300629;300634;300674;300857;300996;301050;301110;301165;301171,002544;300133,0.9636363636363636,true,0,,true,false,-0.07155234861505531,,false,expanded_only_v1_2,0.0,headline,true,false,0.057722863537878144,0.0,-0.07155234861505531,1.552468150773098,,true,qfq,true,false,true,true,false,false,true
2025-01-14,2025-02-19,20,full,55,53,000063;000681;000901;000938;000977;001208;002015;002044;002049;002065;002131;002212;002230;002236;002279;002315;002361;002373;002396;002410;002446;002558;002757;002792;002881;002929;002935;002987;300002;300017;300033;300047;300058;300101;300113;300170;300182;300339;300348;300378;300413;300454;300458;300496;300629;300634;300674;300857;300996;301050;301110;301165;301171,002544;300133,0.9636363636363636,true,0,,true,false,0.2593266550444528,002044;002065;002757;002881;002929;300113;300170;300378;300454;300674;300996,false,expanded_only_v1_2,0.0,headline,true,false,0.04563209942592704,0.0,0.2593266550444528,1.9550645233761328,,true,qfq,true,false,true,true,false,false,true
2025-02-19,2025-03-19,20,full,55,53,000063;000681;000901;000938;000977;001208;002015;002044;002049;002065;002131;002212;002230;002236;002279;002315;002361;002373;002396;002410;002446;002558;002757;002792;002881;002929;002935;002987;300002;300017;300033;300047;300058;300101;300113;300170;300182;300339;300348;300378;300413;300454;300458;300496;300629;300634;300674;300857;300996;301050;301110;301165;301171,002544;300133,0.9636363636363636,true,0,,true,false,0.009075219335327692,,false,expanded_only_v1_2,0.0,headline,true,false,0.08346364641312441,0.0,0.009075219335327692,1.972807162740489,,true,qfq,true,false,true,true,false,false,true
2025-03-19,2025-04-17,20,full,55,53,000063;000681;000901;000938;000977;001208;002015;002044;002049;002065;002131;002212;002230;002236;002279;002315;002361;002373;002396;002410;002446;002558;002757;002792;002881;002929;002935;002987;300002;300017;300033;300047;300058;300101;300113;300170;300182;300339;300348;300378;300413;300454;300458;300496;300629;300634;300674;300857;300996;301050;301110;301165;301171,002544;300133,0.9636363636363636,true,0,,true,false,-0.15923984073171352,,false,expanded_only_v1_2,0.0,headline,true,false,0.03538119263390435,0.0,-0.15923984073171352,1.65865766435131,,true,qfq,true,false,true,true,false,false,true
2025-04-17,2025-05-20,20,full,55,53,000063;000681;000901;000938;000977;001208;002015;002044;002049;002065;002131;002212;002230;002236;002279;002315;002361;002373;002396;002410;002446;002558;002757;002792;002881;002929;002935;002987;300002;300017;300033;300047;300058;300101;300113;300170;300182;300339;300348;300378;300413;300454;300458;300496;300629;300634;300674;300857;300996;301050;301110;301165;301171,002544;300133,0.9636363636363636,true,0,,true,false,0.06515443999050047,,false,expanded_only_v1_2,0.0,headline,true,false,0.028290425879469193,0.0,0.06515443999050047,1.766726575608071,,true,qfq,true,false,true,true,false,false,true
2025-05-20,2025-06-18,20,full,55,53,000063;000681;000901;000938;000977;001208;002015;002044;002049;002065;002131;002212;002230;002236;002279;002315;002361;002373;002396;002410;002446;002558;002757;002792;002881;002929;002935;002987;300002;300017;300033;300047;300058;300101;300113;300170;300182;300339;300348;300378;300413;300454;300458;300496;300629;300634;300674;300857;300996;301050;301110;301165;301171,002544;300133,0.9636363636363636,true,0,,true,false,0.017406205655683914,002015,false,expanded_only_v1_2,0.0,headline,true,false,0.02712283354225063,0.0,0.017406205655683914,1.7974785817204673,,true,qfq,true,false,true,true,false,false,true
2025-06-18,2025-07-16,20,full,55,53,000063;000681;000901;000938;000977;001208;002015;002044;002049;002065;002131;002212;002230;002236;002279;002315;002361;002373;002396;002410;002446;002558;002757;002792;002881;002929;002935;002987;300002;300017;300033;300047;300058;300101;300113;300170;300182;300339;300348;300378;300413;300454;300458;300496;300629;300634;300674;300857;300996;301050;301110;301165;301171,002544;300133,0.9636363636363636,true,0,,true,false,0.0881936263248255,,false,expanded_only_v1_2,0.0,headline,true,false,0.042907029671432714,0.0,0.0881936263248255,1.9560047360835995,,true,qfq,true,false,true,true,false,false,true
2025-07-16,2025-08-13,20,full,55,53,000063;000681;000901;000938;000977;001208;002015;002044;002049;002065;002131;002212;002230;002236;002279;002315;002361;002373;002396;002410;002446;002558;002757;002792;002881;002929;002935;002987;300002;300017;300033;300047;300058;300101;300113;300170;300182;300339;300348;300378;300413;300454;300458;300496;300629;300634;300674;300857;300996;301050;301110;301165;301171,002544;300133,0.9636363636363636,true,0,,true,false,0.07839763932438037,000901,false,expanded_only_v1_2,0.0,headline,true,false,0.03585560465890443,0.0,0.07839763932438037,2.1093508898998614,,true,qfq,true,false,true,true,false,false,true
2025-08-13,2025-09-10,20,full,55,53,000063;000681;000901;000938;000977;001208;002015;002044;002049;002065;002131;002212;002230;002236;002279;002315;002361;002373;002396;002410;002446;002558;002757;002792;002881;002929;002935;002987;300002;300017;300033;300047;300058;300101;300113;300170;300182;300339;300348;300378;300413;300454;300458;300496;300629;300634;300674;300857;300996;301050;301110;301165;301171,002544;300133,0.9636363636363636,true,0,,true,false,0.03192562534731724,002558,false,expanded_only_v1_2,0.0,headline,true,false,0.03372100213283506,0.0,0.03192562534731724,2.1766932361368347,,true,qfq,true,false,true,true,false,false,true
2025-09-10,2025-10-16,20,full,55,53,000063;000681;000901;000938;000977;001208;002015;002044;002049;002065;002131;002212;002230;002236;002279;002315;002361;002373;002396;002410;002446;002558;002757;002792;002881;002929;002935;002987;300002;300017;300033;300047;300058;300101;300113;300170;300182;300339;300348;300378;300413;300454;300458;300496;300629;300634;300674;300857;300996;301050;301110;301165;301171,002544;300133,0.9636363636363636,true,0,,true,false,0.020620196999623346,,false,expanded_only_v1_2,0.0,headline,true,false,0.05427882532223168,0.0,0.020620196999623346,2.221577079473724,,true,qfq,true,false,true,true,false,false,true
2025-10-16,2025-11-13,20,full,55,53,000063;000681;000901;000938;000977;001208;002015;002044;002049;002065;002131;002212;002230;002236;002279;002315;002361;002373;002396;002410;002446;002558;002757;002792;002881;002929;002935;002987;300002;300017;300033;300047;300058;300101;300113;300170;300182;300339;300348;300378;300413;300454;300458;300496;300629;300634;300674;300857;300996;301050;301110;301165;301171,002544;300133,0.9636363636363636,true,0,,true,false,-0.022511113633471493,,false,expanded_only_v1_2,0.0,headline,true,false,0.03176458193296031,0.0,-0.022511113633471493,2.1715669053921753,,true,qfq,true,false,true,true,false,false,true
2025-11-13,2025-12-11,20,full,55,53,000063;000681;000901;000938;000977;001208;002015;002044;002049;002065;002131;002212;002230;002236;002279;002315;002361;002373;002396;002410;002446;002558;002757;002792;002881;002929;002935;002987;300002;300017;300033;300047;300058;300101;300113;300170;300182;300339;300348;300378;300413;300454;300458;300496;300629;300634;300674;300857;300996;301050;301110;301165;301171,002544;300133,0.9636363636363636,true,0,,true,false,-0.013325871021174097,,false,expanded_only_v1_2,0.0,headline,true,false,0.0341003874305632,0.0,-0.013325871021174097,2.142628884897069,,true,qfq,true,false,true,true,false,false,true
2025-12-11,2026-01-12,20,full,55,53,000063;000681;000901;000938;000977;001208;002015;002044;002049;002065;002131;002212;002230;002236;002279;002315;002361;002373;002396;002410;002446;002558;002757;002792;002881;002929;002935;002987;300002;300017;300033;300047;300058;300101;300113;300170;300182;300339;300348;300378;300413;300454;300458;300496;300629;300634;300674;300857;300996;301050;301110;301165;301171,002544;300133,0.9636363636363636,true,1,002049,false,true,,000901;001208;002131;002361;002757;002792;300058;300170;300629;301050;301110;301171,false,expanded_only_v1_2,0.0,termination_period,false,false,,,,,end_price_missing,true,qfq,true,false,true,true,false,false,true
2026-01-12,2026-02-09,20,full,55,52,000063;000681;000901;000938;000977;001208;002015;002044;002065;002131;002212;002230;002236;002279;002315;002361;002373;002396;002410;002446;002558;002757;002792;002881;002929;002935;002987;300002;300017;300033;300047;300058;300101;300113;300170;300182;300339;300348;300378;300413;300454;300458;300496;300629;300634;300674;300857;300996;301050;301110;301165;301171,002049;002544;300133,0.9454545454545454,true,0,,true,false,-0.07914571061631338,300017,false,expanded_only_v1_2,0.0,post_termination_diagnostic,false,false,,,,,,true,qfq,true,false,true,true,false,false,true
2026-02-09,2026-03-17,20,full,55,53,000063;000681;000901;000938;000977;001208;002015;002044;002049;002065;002131;002212;002230;002236;002279;002315;002361;002373;002396;002410;002446;002558;002757;002792;002881;002929;002935;002987;300002;300017;300033;300047;300058;300101;300113;300170;300182;300339;300348;300378;300413;300454;300458;300496;300629;300634;300674;300857;300996;301050;301110;301165;301171,002544;300133,0.9636363636363636,true,0,,true,false,-0.09616433393783425,002015,false,expanded_only_v1_2,0.0,post_termination_diagnostic,false,false,,,,,,true,qfq,true,false,true,true,false,false,true
2026-03-17,2026-04-15,20,full,55,53,000063;000681;000901;000938;000977;001208;002015;002044;002049;002065;002131;002212;002230;002236;002279;002315;002361;002373;002396;002410;002446;002558;002757;002792;002881;002929;002935;002987;300002;300017;300033;300047;300058;300101;300113;300170;300182;300339;300348;300378;300413;300454;300458;300496;300629;300634;300674;300857;300996;301050;301110;301165;301171,002544;300133,0.9636363636363636,true,0,,true,false,0.006254741315677847,002361,false,expanded_only_v1_2,0.0,post_termination_diagnostic,false,false,,,,,,true,qfq,true,false,true,true,false,false,true
2026-04-15,2026-05-18,20,full,55,53,000063;000681;000901;000938;000977;001208;002015;002044;002049;002065;002131;002212;002230;002236;002279;002315;002361;002373;002396;002410;002446;002558;002757;002792;002881;002929;002935;002987;300002;300017;300033;300047;300058;300101;300113;300170;300182;300339;300348;300378;300413;300454;300458;300496;300629;300634;300674;300857;300996;301050;301110;301165;301171,002544;300133,0.9636363636363636,true,0,,true,false,0.048623332831387894,002929,false,expanded_only_v1_2,0.0,post_termination_diagnostic,false,false,,,,,,true,qfq,true,false,true,true,false,false,true
2026-05-18,2026-06-15,20,full,55,53,000063;000681;000901;000938;000977;001208;002015;002044;002049;002065;002131;002212;002230;002236;002279;002315;002361;002373;002396;002410;002446;002558;002757;002792;002881;002929;002935;002987;300002;300017;300033;300047;300058;300101;300113;300170;300182;300339;300348;300378;300413;300454;300458;300496;300629;300634;300674;300857;300996;301050;301110;301165;301171,002544;300133,0.9636363636363636,true,1,300378,false,true,,,false,expanded_only_v1_2,0.0,post_termination_diagnostic,false,false,,,,,,true,qfq,true,false,true,true,false,false,true
2026-06-15,2026-06-16,1,partial,55,52,000063;000681;000901;000938;000977;001208;002015;002044;002049;002065;002131;002212;002230;002236;002279;002315;002361;002373;002396;002410;002446;002558;002757;002792;002881;002929;002935;002987;300002;300017;300033;300047;300058;300101;300113;300170;300182;300339;300348;300413;300454;300458;300496;300629;300634;300674;300857;300996;301050;301110;301165;301171,002544;300133;300378,0.9454545454545454,true,0,,true,false,0.0024555907143589987,,false,expanded_only_v1_2,0.0,post_termination_diagnostic,false,true,,,,,,true,qfq,true,false,true,true,false,false,true
2020-01-02,2020-02-07,20,full,55,1,300378,000063;000681;000901;000938;000977;001208;002015;002044;002049;002065;002131;002212;002230;002236;002279;002315;002361;002373;002396;002410;002446;002544;002558;002757;002792;002881;002929;002935;002987;300002;300017;300033;300047;300058;300101;300113;300133;300170;300182;300339;300348;300413;300454;300458;300496;300629;300634;300674;300857;300996;301050;301110;301165;301171,0.01818181818181818,false,0,,false,true,,,false,expanded_only_v1_2,0.001,pre_start_diagnostic,false,false,,,,,,true,qfq,true,false,true,true,false,false,true
2020-02-07,2020-03-06,20,full,55,1,300378,000063;000681;000901;000938;000977;001208;002015;002044;002049;002065;002131;002212;002230;002236;002279;002315;002361;002373;002396;002410;002446;002544;002558;002757;002792;002881;002929;002935;002987;300002;300017;300033;300047;300058;300101;300113;300133;300170;300182;300339;300348;300413;300454;300458;300496;300629;300634;300674;300857;300996;301050;301110;301165;301171,0.01818181818181818,false,0,,false,true,,,false,expanded_only_v1_2,0.001,pre_start_diagnostic,false,false,,,,,,true,qfq,true,false,true,true,false,false,true
2020-03-06,2020-04-03,20,full,55,1,300378,000063;000681;000901;000938;000977;001208;002015;002044;002049;002065;002131;002212;002230;002236;002279;002315;002361;002373;002396;002410;002446;002544;002558;002757;002792;002881;002929;002935;002987;300002;300017;300033;300047;300058;300101;300113;300133;300170;300182;300339;300348;300413;300454;300458;300496;300629;300634;300674;300857;300996;301050;301110;301165;301171,0.01818181818181818,false,0,,false,true,,,false,expanded_only_v1_2,0.001,pre_start_diagnostic,false,false,,,,,,true,qfq,true,false,true,true,false,false,true
2020-04-03,2020-05-07,20,full,55,1,300378,000063;000681;000901;000938;000977;001208;002015;002044;002049;002065;002131;002212;002230;002236;002279;002315;002361;002373;002396;002410;002446;002544;002558;002757;002792;002881;002929;002935;002987;300002;300017;300033;300047;300058;300101;300113;300133;300170;300182;300339;300348;300413;300454;300458;300496;300629;300634;300674;300857;300996;301050;301110;301165;301171,0.01818181818181818,false,0,,false,true,,,false,expanded_only_v1_2,0.001,pre_start_diagnostic,false,false,,,,,,true,qfq,true,false,true,true,false,false,true
2020-05-07,2020-06-04,20,full,55,1,300378,000063;000681;000901;000938;000977;001208;002015;002044;002049;002065;002131;002212;002230;002236;002279;002315;002361;002373;002396;002410;002446;002544;002558;002757;002792;002881;002929;002935;002987;300002;300017;300033;300047;300058;300101;300113;300133;300170;300182;300339;300348;300413;300454;300458;300496;300629;300634;300674;300857;300996;301050;301110;301165;301171,0.01818181818181818,false,0,,false,true,,,false,expanded_only_v1_2,0.001,pre_start_diagnostic,false,false,,,,,,true,qfq,true,false,true,true,false,false,true
2020-06-04,2020-07-06,20,full,55,1,300378,000063;000681;000901;000938;000977;001208;002015;002044;002049;002065;002131;002212;002230;002236;002279;002315;002361;002373;002396;002410;002446;002544;002558;002757;002792;002881;002929;002935;002987;300002;300017;300033;300047;300058;300101;300113;300133;300170;300182;300339;300348;300413;300454;300458;300496;300629;300634;300674;300857;300996;301050;301110;301165;301171,0.01818181818181818,false,0,,false,true,,,false,expanded_only_v1_2,0.001,pre_start_diagnostic,false,false,,,,,,true,qfq,true,false,true,true,false,false,true
2020-07-06,2020-08-03,20,full,55,1,300378,000063;000681;000901;000938;000977;001208;002015;002044;002049;002065;002131;002212;002230;002236;002279;002315;002361;002373;002396;002410;002446;002544;002558;002757;002792;002881;002929;002935;002987;300002;300017;300033;300047;300058;300101;300113;300133;300170;300182;300339;300348;300413;300454;300458;300496;300629;300634;300674;300857;300996;301050;301110;301165;301171,0.01818181818181818,false,0,,false,true,,300378,false,expanded_only_v1_2,0.001,pre_start_diagnostic,false,false,,,,,,true,qfq,true,false,true,true,false,false,true
2020-08-03,2020-08-31,20,full,55,1,300378,000063;000681;000901;000938;000977;001208;002015;002044;002049;002065;002131;002212;002230;002236;002279;002315;002361;002373;002396;002410;002446;002544;002558;002757;002792;002881;002929;002935;002987;300002;300017;300033;300047;300058;300101;300113;300133;300170;300182;300339;300348;300413;300454;300458;300496;300629;300634;300674;300857;300996;301050;301110;301165;301171,0.01818181818181818,false,0,,false,true,,,false,expanded_only_v1_2,0.001,pre_start_diagnostic,false,false,,,,,,true,qfq,true,false,true,true,false,false,true
2020-08-31,2020-09-28,20,full,55,1,300378,000063;000681;000901;000938;000977;001208;002015;002044;002049;002065;002131;002212;002230;002236;002279;002315;002361;002373;002396;002410;002446;002544;002558;002757;002792;002881;002929;002935;002987;300002;300017;300033;300047;300058;300101;300113;300133;300170;300182;300339;300348;300413;300454;300458;300496;300629;300634;300674;300857;300996;301050;301110;301165;301171,0.01818181818181818,false,0,,false,true,,,false,expanded_only_v1_2,0.001,pre_start_diagnostic,false,false,,,,,,true,qfq,true,false,true,true,false,false,true
2020-09-28,2020-11-03,20,full,55,1,300378,000063;000681;000901;000938;000977;001208;002015;002044;002049;002065;002131;002212;002230;002236;002279;002315;002361;002373;002396;002410;002446;002544;002558;002757;002792;002881;002929;002935;002987;300002;300017;300033;300047;300058;300101;300113;300133;300170;300182;300339;300348;300413;300454;300458;300496;300629;300634;300674;300857;300996;301050;301110;301165;301171,0.01818181818181818,false,0,,false,true,,,false,expanded_only_v1_2,0.001,pre_start_diagnostic,false,false,,,,,,true,qfq,true,false,true,true,false,false,true
2020-11-03,2020-12-01,20,full,55,1,300378,000063;000681;000901;000938;000977;001208;002015;002044;002049;002065;002131;002212;002230;002236;002279;002315;002361;002373;002396;002410;002446;002544;002558;002757;002792;002881;002929;002935;002987;300002;300017;300033;300047;300058;300101;300113;300133;300170;300182;300339;300348;300413;300454;300458;300496;300629;300634;300674;300857;300996;301050;301110;301165;301171,0.01818181818181818,false,0,,false,true,,,false,expanded_only_v1_2,0.001,pre_start_diagnostic,false,false,,,,,,true,qfq,true,false,true,true,false,false,true
2020-12-01,2020-12-29,20,full,55,1,300378,000063;000681;000901;000938;000977;001208;002015;002044;002049;002065;002131;002212;002230;002236;002279;002315;002361;002373;002396;002410;002446;002544;002558;002757;002792;002881;002929;002935;002987;300002;300017;300033;300047;300058;300101;300113;300133;300170;300182;300339;300348;300413;300454;300458;300496;300629;300634;300674;300857;300996;301050;301110;301165;301171,0.01818181818181818,false,0,,false,true,,,false,expanded_only_v1_2,0.001,pre_start_diagnostic,false,false,,,,,,true,qfq,true,false,true,true,false,false,true
2020-12-29,2021-01-27,20,full,55,1,300378,000063;000681;000901;000938;000977;001208;002015;002044;002049;002065;002131;002212;002230;002236;002279;002315;002361;002373;002396;002410;002446;002544;002558;002757;002792;002881;002929;002935;002987;300002;300017;300033;300047;300058;300101;300113;300133;300170;300182;300339;300348;300413;300454;300458;300496;300629;300634;300674;300857;300996;301050;301110;301165;301171,0.01818181818181818,false,0,,false,true,,,false,expanded_only_v1_2,0.001,pre_start_diagnostic,false,false,,,,,,true,qfq,true,false,true,true,false,false,true
2021-01-27,2021-03-03,20,full,55,1,300378,000063;000681;000901;000938;000977;001208;002015;002044;002049;002065;002131;002212;002230;002236;002279;002315;002361;002373;002396;002410;002446;002544;002558;002757;002792;002881;002929;002935;002987;300002;300017;300033;300047;300058;300101;300113;300133;300170;300182;300339;300348;300413;300454;300458;300496;300629;300634;300674;300857;300996;301050;301110;301165;301171,0.01818181818181818,false,0,,false,true,,,false,expanded_only_v1_2,0.001,pre_start_diagnostic,false,false,,,,,,true,qfq,true,false,true,true,false,false,true
2021-03-03,2021-03-31,20,full,55,1,300378,000063;000681;000901;000938;000977;001208;002015;002044;002049;002065;002131;002212;002230;002236;002279;002315;002361;002373;002396;002410;002446;002544;002558;002757;002792;002881;002929;002935;002987;300002;300017;300033;300047;300058;300101;300113;300133;300170;300182;300339;300348;300413;300454;300458;300496;300629;300634;300674;300857;300996;301050;301110;301165;301171,0.01818181818181818,false,0,,false,true,,,false,expanded_only_v1_2,0.001,pre_start_diagnostic,false,false,,,,,,true,qfq,true,false,true,true,false,false,true
2021-03-31,2021-04-29,20,full,55,46,000681;000901;000938;000977;002015;002044;002049;002065;002131;002212;002230;002236;002279;002315;002361;002373;002396;002410;002446;002558;002757;002792;002881;002929;002935;002987;300002;300017;300033;300047;300058;300101;300113;300170;300182;300339;300348;300378;300413;300454;300458;300496;300629;300634;300674;300857,000063;001208;002544;300133;300996;301050;301110;301165;301171,0.8363636363636363,true,0,,true,false,-0.0056508938480174424,,false,expanded_only_v1_2,0.001,headline,true,false,1.0,0.001,-0.0066508938480174425,0.9933491061519826,,true,qfq,true,false,true,true,false,false,true
2021-04-29,2021-06-01,20,full,55,47,000063;000681;000901;000938;000977;002015;002044;002049;002065;002131;002212;002230;002236;002279;002315;002361;002373;002396;002410;002446;002558;002757;002792;002881;002929;002935;002987;300002;300017;300033;300047;300058;300101;300113;300170;300182;300339;300348;300378;300413;300454;300458;300496;300629;300634;300674;300857,001208;002544;300133;300996;301050;301110;301165;301171,0.8545454545454545,true,0,,true,false,0.08374124945809018,300339,false,expanded_only_v1_2,0.001,headline,true,false,0.046827898789434524,4.6827898789434524e-05,0.08369442155930075,1.076486884997821,,true,qfq,true,false,true,true,false,false,true
2021-06-01,2021-06-30,20,full,55,47,000063;000681;000901;000938;000977;002015;002044;002049;002065;002131;002212;002230;002236;002279;002315;002361;002373;002396;002410;002446;002558;002757;002792;002881;002929;002935;002987;300002;300017;300033;300047;300058;300101;300113;300170;300182;300339;300348;300378;300413;300454;300458;300496;300629;300634;300674;300857,001208;002544;300133;300996;301050;301110;301165;301171,0.8545454545454545,true,0,,true,false,0.06347904516764216,300339;300458,false,expanded_only_v1_2,0.001,headline,true,false,0.042981996458220144,4.2981996458220144e-05,0.06343606317118394,1.1447749750374938,,true,qfq,true,false,true,true,false,false,true
2021-06-30,2021-07-28,20,full,55,49,000063;000681;000901;000938;000977;001208;002015;002044;002049;002065;002131;002212;002230;002236;002279;002315;002361;002373;002396;002410;002446;002558;002757;002792;002881;002929;002935;002987;300002;300017;300033;300047;300058;300101;300113;300170;300182;300339;300348;300378;300413;300454;300458;300496;300629;300634;300674;300857;300996,002544;300133;301050;301110;301165;301171,0.8909090909090909,true,0,,true,false,-0.04295096171322083,,false,expanded_only_v1_2,0.001,headline,true,false,0.07094230867777847,7.094230867777847e-05,-0.04302190402189861,1.0955245759347594,,true,qfq,true,false,true,true,false,false,true
2021-07-28,2021-08-25,20,full,55,49,000063;000681;000901;000938;000977;001208;002015;002044;002049;002065;002131;002212;002230;002236;002279;002315;002361;002373;002396;002410;002446;002558;002757;002792;002881;002929;002935;002987;300002;300017;300033;300047;300058;300101;300113;300170;300182;300339;300348;300378;300413;300454;300458;300496;300629;300634;300674;300857;300996,002544;300133;301050;301110;301165;301171,0.8909090909090909,true,0,,true,false,0.1092673530816605,001208;002015,false,expanded_only_v1_2,0.001,headline,true,false,0.05802157154243937,5.802157154243937e-05,0.10920933151011805,1.2151660825255002,,true,qfq,true,false,true,true,false,false,true
2021-08-25,2021-09-24,20,full,55,50,000063;000681;000901;000938;000977;001208;002015;002044;002049;002065;002131;002212;002230;002236;002279;002315;002361;002373;002396;002410;002446;002558;002757;002792;002881;002929;002935;002987;300002;300017;300033;300047;300058;300101;300113;300170;300182;300339;300348;300378;300413;300454;300458;300496;300629;300634;300674;300857;300996;301050,002544;300133;301110;301165;301171,0.9090909090909091,true,0,,true,false,-0.023329434913556487,,false,expanded_only_v1_2,0.001,headline,true,false,0.07289850515510055,7.289850515510055e-05,-0.023402333418711587,1.186728360703129,,true,qfq,true,false,true,true,false,false,true
2021-09-24,2021-10-29,20,full,55,50,000063;000681;000901;000938;000977;001208;002015;002044;002049;002065;002131;002212;002230;002236;002279;002315;002361;002373;002396;002410;002446;002558;002757;002792;002881;002929;002935;002987;300002;300017;300033;300047;300058;300101;300113;300170;300182;300339;300348;300378;300413;300454;300458;300496;300629;300634;300674;300857;300996;301050,002544;300133;301110;301165;301171,0.9090909090909091,true,0,,true,false,-0.03621872743173729,,false,expanded_only_v1_2,0.001,headline,true,false,0.03800796496849324,3.8007964968493244e-05,-0.036256735396705785,1.143701464541349,,true,qfq,true,false,true,true,false,false,true
2021-10-29,2021-11-26,20,full,55,50,000063;000681;000901;000938;000977;001208;002015;002044;002049;002065;002131;002212;002230;002236;002279;002315;002361;002373;002396;002410;002446;002558;002757;002792;002881;002929;002935;002987;300002;300017;300033;300047;300058;300101;300113;300170;300182;300339;300348;300378;300413;300454;300458;300496;300629;300634;300674;300857;300996;301050,002544;300133;301110;301165;301171,0.9090909090909091,true,0,,true,false,0.10912860412752384,,false,expanded_only_v1_2,0.001,headline,true,false,0.04528376595427542,4.528376595427542e-05,0.10908332036156956,1.2684602177959092,,true,qfq,true,false,true,true,false,false,true
2021-11-26,2021-12-24,20,full,55,50,000063;000681;000901;000938;000977;001208;002015;002044;002049;002065;002131;002212;002230;002236;002279;002315;002361;002373;002396;002410;002446;002558;002757;002792;002881;002929;002935;002987;300002;300017;300033;300047;300058;300101;300113;300170;300182;300339;300348;300378;300413;300454;300458;300496;300629;300634;300674;300857;300996;301050,002544;300133;301110;301165;301171,0.9090909090909091,true,0,,true,false,0.004573206561100252,,false,expanded_only_v1_2,0.001,headline,true,false,0.040016896719929626,4.0016896719929625e-05,0.004533189664380322,1.2742103885448992,,true,qfq,true,false,true,true,false,false,true
2021-12-24,2022-01-24,20,full,55,50,000063;000681;000901;000938;000977;001208;002015;002044;002049;002065;002131;002212;002230;002236;002279;002315;002361;002373;002396;002410;002446;002558;002757;002792;002881;002929;002935;002987;300002;300017;300033;300047;300058;300101;300113;300170;300182;300339;300348;300378;300413;300454;300458;300496;300629;300634;300674;300857;300996;301050,002544;300133;301110;301165;301171,0.9090909090909091,true,0,,true,false,0.033511112984991945,002987;300047,false,expanded_only_v1_2,0.001,headline,true,false,0.04545367776044596,4.5453677760445965e-05,0.0334656593072315,1.3168526792936779,,true,qfq,true,false,true,true,false,false,true
2022-01-24,2022-02-28,20,full,55,50,000063;000681;000901;000938;000977;001208;002015;002044;002049;002065;002131;002212;002230;002236;002279;002315;002361;002373;002396;002410;002446;002558;002757;002792;002881;002929;002935;002987;300002;300017;300033;300047;300058;300101;300113;300170;300182;300339;300348;300378;300413;300454;300458;300496;300629;300634;300674;300857;300996;301050,002544;300133;301110;301165;301171,0.9090909090909091,true,0,,true,false,-0.06426487511840047,,false,expanded_only_v1_2,0.001,headline,true,false,0.05602790274276153,5.602790274276153e-05,-0.06432090302114322,1.2321515258156965,,true,qfq,true,false,true,true,false,false,true
2022-02-28,2022-03-28,20,full,55,50,000063;000681;000901;000938;000977;001208;002015;002044;002049;002065;002131;002212;002230;002236;002279;002315;002361;002373;002396;002410;002446;002558;002757;002792;002881;002929;002935;002987;300002;300017;300033;300047;300058;300101;300113;300170;300182;300339;300348;300378;300413;300454;300458;300496;300629;300634;300674;300857;300996;301050,002544;300133;301110;301165;301171,0.9090909090909091,true,0,,true,false,-0.11299546134078906,,false,expanded_only_v1_2,0.001,headline,true,false,0.04001970036812406,4.0019700368124055e-05,-0.11303548104115718,1.0928746853795235,,true,qfq,true,false,true,true,false,false,true
2022-03-28,2022-04-27,20,full,55,51,000063;000681;000901;000938;000977;001208;002015;002044;002049;002065;002131;002212;002230;002236;002279;002315;002361;002373;002396;002410;002446;002558;002757;002792;002881;002929;002935;002987;300002;300017;300033;300047;300058;300101;300113;300170;300182;300339;300348;300378;300413;300454;300458;300496;300629;300634;300674;300857;300996;301050;301110,002544;300133;301165;301171,0.9272727272727272,true,0,,true,false,-0.2027343202528289,,false,expanded_only_v1_2,0.001,headline,true,false,0.04371990085997801,4.371990085997801e-05,-0.20277804015368886,0.8712636985446844,,true,qfq,true,false,true,true,false,false,true
2022-04-27,2022-05-30,20,full,55,51,000063;000681;000901;000938;000977;001208;002015;002044;002049;002065;002131;002212;002230;002236;002279;002315;002361;002373;002396;002410;002446;002558;002757;002792;002881;002929;002935;002987;300002;300017;300033;300047;300058;300101;300113;300170;300182;300339;300348;300378;300413;300454;300458;300496;300629;300634;300674;300857;300996;301050;301110,002544;300133;301165;301171,0.9272727272727272,true,0,,true,false,0.11763109125685894,,false,expanded_only_v1_2,0.001,headline,true,false,0.05023384282149579,5.023384282149579e-05,0.11758085741403745,0.9737076312532938,,true,qfq,true,false,true,true,false,false,true
2022-05-30,2022-06-28,20,full,55,51,000063;000681;000901;000938;000977;001208;002015;002044;002049;002065;002131;002212;002230;002236;002279;002315;002361;002373;002396;002410;002446;002558;002757;002792;002881;002929;002935;002987;300002;300017;300033;300047;300058;300101;300113;300170;300182;300339;300348;300378;300413;300454;300458;300496;300629;300634;300674;300857;300996;301050;301110,002544;300133;301165;301171,0.9272727272727272,true,0,,true,false,0.11212913074011421,,false,expanded_only_v1_2,0.001,headline,true,false,0.0319257554171496,3.19257554171496e-05,0.11209720498469707,1.0828575351890581,,true,qfq,true,false,true,true,false,false,true
2022-06-28,2022-07-26,20,full,55,51,000063;000681;000901;000938;000977;001208;002015;002044;002049;002065;002131;002212;002230;002236;002279;002315;002361;002373;002396;002410;002446;002558;002757;002792;002881;002929;002935;002987;300002;300017;300033;300047;300058;300101;300113;300170;300182;300339;300348;300378;300413;300454;300458;300496;300629;300634;300674;300857;300996;301050;301110,002544;300133;301165;301171,0.9272727272727272,true,0,,true,false,-0.016307244527435497,,false,expanded_only_v1_2,0.001,headline,true,false,0.029692024050636076,2.9692024050636075e-05,-0.016336936551486134,1.065166960342376,,true,qfq,true,false,true,true,false,false,true
2022-07-26,2022-08-23,20,full,55,51,000063;000681;000901;000938;000977;001208;002015;002044;002049;002065;002131;002212;002230;002236;002279;002315;002361;002373;002396;002410;002446;002558;002757;002792;002881;002929;002935;002987;300002;300017;300033;300047;300058;300101;300113;300170;300182;300339;300348;300378;300413;300454;300458;300496;300629;300634;300674;300857;300996;301050;301110,002544;300133;301165;301171,0.9272727272727272,true,0,,true,false,0.029928918519935052,,false,expanded_only_v1_2,0.001,headline,true,false,0.028221775016843482,2.8221775016843484e-05,0.029900696744918208,1.0970161946062797,,true,qfq,true,false,true,true,false,false,true
2022-08-23,2022-09-21,20,full,55,52,000063;000681;000901;000938;000977;001208;002015;002044;002049;002065;002131;002212;002230;002236;002279;002315;002361;002373;002396;002410;002446;002558;002757;002792;002881;002929;002935;002987;300002;300017;300033;300047;300058;300101;300113;300170;300182;300339;300348;300378;300413;300454;300458;300496;300629;300634;300674;300857;300996;301050;301110;301171,002544;300133;301165,0.9454545454545454,true,0,,true,false,-0.09189468605295405,,false,expanded_only_v1_2,0.001,headline,true,false,0.03938578134151737,3.9385781341517375e-05,-0.09193407183429557,0.9961630289679605,,true,qfq,true,false,true,true,false,false,true
2022-09-21,2022-10-26,20,full,55,52,000063;000681;000901;000938;000977;001208;002015;002044;002049;002065;002131;002212;002230;002236;002279;002315;002361;002373;002396;002410;002446;002558;002757;002792;002881;002929;002935;002987;300002;300017;300033;300047;300058;300101;300113;300170;300182;300339;300348;300378;300413;300454;300458;300496;300629;300634;300674;300857;300996;301050;301110;301171,002544;300133;301165,0.9454545454545454,true,0,,true,false,0.03676698618750497,,false,expanded_only_v1_2,0.001,headline,true,false,0.030286002878998453,3.0286002878998453e-05,0.03673670018462597,1.0327587714981652,,true,qfq,true,false,true,true,false,false,true
2022-10-26,2022-11-23,20,full,55,52,000063;000681;000901;000938;000977;001208;002015;002044;002049;002065;002131;002212;002230;002236;002279;002315;002361;002373;002396;002410;002446;002558;002757;002792;002881;002929;002935;002987;300002;300017;300033;300047;300058;300101;300113;300170;300182;300339;300348;300378;300413;300454;300458;300496;300629;300634;300674;300857;300996;301050;301110;301171,002544;300133;301165,0.9454545454545454,true,0,,true,false,0.04825475415977104,,false,expanded_only_v1_2,0.001,headline,true,false,0.03849628756282693,3.849628756282693e-05,0.048216257872208214,1.0825545347445058,,true,qfq,true,false,true,true,false,false,true
2022-11-23,2022-12-21,20,full,55,53,000063;000681;000901;000938;000977;001208;002015;002044;002049;002065;002131;002212;002230;002236;002279;002315;002361;002373;002396;002410;002446;002558;002757;002792;002881;002929;002935;002987;300002;300017;300033;300047;300058;300101;300113;300170;300182;300339;300348;300378;300413;300454;300458;300496;300629;300634;300674;300857;300996;301050;301110;301165;301171,002544;300133,0.9636363636363636,true,0,,true,false,-0.06447283562917551,,false,expanded_only_v1_2,0.001,headline,true,false,0.04135704375677168,4.135704375677168e-05,-0.06451419267293228,1.0127144029110422,,true,qfq,true,false,true,true,false,false,true
2022-12-21,2023-01-19,20,full,55,53,000063;000681;000901;000938;000977;001208;002015;002044;002049;002065;002131;002212;002230;002236;002279;002315;002361;002373;002396;002410;002446;002558;002757;002792;002881;002929;002935;002987;300002;300017;300033;300047;300058;300101;300113;300170;300182;300339;300348;300378;300413;300454;300458;300496;300629;300634;300674;300857;300996;301050;301110;301165;301171,002544;300133,0.9636363636363636,true,0,,true,false,0.12649969899088304,002279,false,expanded_only_v1_2,0.001,headline,true,false,0.029490315796309657,2.949031579630966e-05,0.12647020867508674,1.1407926047754677,,true,qfq,true,false,true,true,false,false,true
2023-01-19,2023-02-23,20,full,55,53,000063;000681;000901;000938;000977;001208;002015;002044;002049;002065;002131;002212;002230;002236;002279;002315;002361;002373;002396;002410;002446;002558;002757;002792;002881;002929;002935;002987;300002;300017;300033;300047;300058;300101;300113;300170;300182;300339;300348;300378;300413;300454;300458;300496;300629;300634;300674;300857;300996;301050;301110;301165;301171,002544;300133,0.9636363636363636,true,0,,true,false,0.07415481463304249,000977,false,expanded_only_v1_2,0.001,headline,true,false,0.03627347268649901,3.6273472686499015e-05,0.07411854116035599,1.225346488407948,,true,qfq,true,false,true,true,false,false,true
2023-02-23,2023-03-23,20,full,55,53,000063;000681;000901;000938;000977;001208;002015;002044;002049;002065;002131;002212;002230;002236;002279;002315;002361;002373;002396;002410;002446;002558;002757;002792;002881;002929;002935;002987;300002;300017;300033;300047;300058;300101;300113;300170;300182;300339;300348;300378;300413;300454;300458;300496;300629;300634;300674;300857;300996;301050;301110;301165;301171,002544;300133,0.9636363636363636,true,0,,true,false,0.16901964015856963,002236;300058;300634;301110,false,expanded_only_v1_2,0.001,headline,true,false,0.03456705018892761,3.4567050188927615e-05,0.1689850731083807,1.4324117543346624,,true,qfq,true,false,true,true,false,false,true
2023-03-23,2023-04-21,20,full,55,53,000063;000681;000901;000938;000977;001208;002015;002044;002049;002065;002131;002212;002230;002236;002279;002315;002361;002373;002396;002410;002446;002558;002757;002792;002881;002929;002935;002987;300002;300017;300033;300047;300058;300101;300113;300170;300182;300339;300348;300378;300413;300454;300458;300496;300629;300634;300674;300857;300996;301050;301110;301165;301171,002544;300133,0.9636363636363636,true,0,,true,false,-0.005497230001042965,300002,false,expanded_only_v1_2,0.001,headline,true,false,0.05859069410687737,5.859069410687737e-05,-0.005555820695149843,1.424453531465954,,true,qfq,true,false,true,true,false,false,true
2023-04-21,2023-05-24,20,full,55,53,000063;000681;000901;000938;000977;001208;002015;002044;002049;002065;002131;002212;002230;002236;002279;002315;002361;002373;002396;002410;002446;002558;002757;002792;002881;002929;002935;002987;300002;300017;300033;300047;300058;300101;300113;300170;300182;300339;300348;300378;300413;300454;300458;300496;300629;300634;300674;300857;300996;301050;301110;301165;301171,002544;300133,0.9636363636363636,true,0,,true,false,-0.05367969292226676,002315,false,expanded_only_v1_2,0.001,headline,true,false,0.054632691340949904,5.46326913409499e-05,-0.053734325613607706,1.347911481584709,,true,qfq,true,false,true,true,false,false,true
2023-05-24,2023-06-21,20,full,55,53,000063;000681;000901;000938;000977;001208;002015;002044;002049;002065;002131;002212;002230;002236;002279;002315;002361;002373;002396;002410;002446;002558;002757;002792;002881;002929;002935;002987;300002;300017;300033;300047;300058;300101;300113;300170;300182;300339;300348;300378;300413;300454;300458;300496;300629;300634;300674;300857;300996;301050;301110;301165;301171,002544;300133,0.9636363636363636,true,0,,true,false,0.14228654432368015,000977;300378,false,expanded_only_v1_2,0.001,headline,true,false,0.04664260463311467,4.664260463311467e-05,0.14223990171904705,1.5396382782512932,,true,qfq,true,false,true,true,false,false,true
2023-06-21,2023-07-21,20,full,55,53,000063;000681;000901;000938;000977;001208;002015;002044;002049;002065;002131;002212;002230;002236;002279;002315;002361;002373;002396;002410;002446;002558;002757;002792;002881;002929;002935;002987;300002;300017;300033;300047;300058;300101;300113;300170;300182;300339;300348;300378;300413;300454;300458;300496;300629;300634;300674;300857;300996;301050;301110;301165;301171,002544;300133,0.9636363636363636,true,0,,true,false,-0.1136323478523329,,false,expanded_only_v1_2,0.001,headline,true,false,0.05469175208602955,5.469175208602955e-05,-0.11368703960441892,1.364601360335259,,true,qfq,true,false,true,true,false,false,true
2023-07-21,2023-08-18,20,full,55,53,000063;000681;000901;000938;000977;001208;002015;002044;002049;002065;002131;002212;002230;002236;002279;002315;002361;002373;002396;002410;002446;002558;002757;002792;002881;002929;002935;002987;300002;300017;300033;300047;300058;300101;300113;300170;300182;300339;300348;300378;300413;300454;300458;300496;300629;300634;300674;300857;300996;301050;301110;301165;301171,002544;300133,0.9636363636363636,true,0,,true,false,-0.05866142934577409,,false,expanded_only_v1_2,0.001,headline,true,false,0.037836153659193725,3.783615365919373e-05,-0.05869926549943329,1.2845002627840518,,true,qfq,true,false,true,true,false,false,true
2023-08-18,2023-09-15,20,full,55,53,000063;000681;000901;000938;000977;001208;002015;002044;002049;002065;002131;002212;002230;002236;002279;002315;002361;002373;002396;002410;002446;002558;002757;002792;002881;002929;002935;002987;300002;300017;300033;300047;300058;300101;300113;300170;300182;300339;300348;300378;300413;300454;300458;300496;300629;300634;300674;300857;300996;301050;301110;301165;301171,002544;300133,0.9636363636363636,true,0,,true,false,-0.02029290661442756,,false,expanded_only_v1_2,0.001,headline,true,false,0.028810528136213258,2.881052813621326e-05,-0.020321717142563773,1.2583970117742054,,true,qfq,true,false,true,true,false,false,true
2023-09-15,2023-10-23,20,full,55,53,000063;000681;000901;000938;000977;001208;002015;002044;002049;002065;002131;002212;002230;002236;002279;002315;002361;002373;002396;002410;002446;002558;002757;002792;002881;002929;002935;002987;300002;300017;300033;300047;300058;300101;300113;300170;300182;300339;300348;300378;300413;300454;300458;300496;300629;300634;300674;300857;300996;301050;301110;301165;301171,002544;300133,0.9636363636363636,true,0,,true,false,-0.07716087907803487,,false,expanded_only_v1_2,0.001,headline,true,false,0.02942505794617771,2.942505794617771e-05,-0.07719030413598105,1.1612609637115447,,true,qfq,true,false,true,true,false,false,true
2023-10-23,2023-11-20,20,full,55,53,000063;000681;000901;000938;000977;001208;002015;002044;002049;002065;002131;002212;002230;002236;002279;002315;002361;002373;002396;002410;002446;002558;002757;002792;002881;002929;002935;002987;300002;300017;300033;300047;300058;300101;300113;300170;300182;300339;300348;300378;300413;300454;300458;300496;300629;300634;300674;300857;300996;301050;301110;301165;301171,002544;300133,0.9636363636363636,true,0,,true,false,0.177308426645224,300857,false,expanded_only_v1_2,0.001,headline,true,false,0.03013437606186961,3.0134376061869612e-05,0.17727829226916214,1.3671273242371687,,true,qfq,true,false,true,true,false,false,true
2023-11-20,2023-12-18,20,full,55,53,000063;000681;000901;000938;000977;001208;002015;002044;002049;002065;002131;002212;002230;002236;002279;002315;002361;002373;002396;002410;002446;002558;002757;002792;002881;002929;002935;002987;300002;300017;300033;300047;300058;300101;300113;300170;300182;300339;300348;300378;300413;300454;300458;300496;300629;300634;300674;300857;300996;301050;301110;301165;301171,002544;300133,0.9636363636363636,true,0,,true,false,-0.05727243198981866,,false,expanded_only_v1_2,0.001,headline,true,false,0.03987585623054883,3.987585623054883e-05,-0.05731230784604921,1.2887741021657424,,true,qfq,true,false,true,true,false,false,true
2023-12-18,2024-01-16,20,full,55,53,000063;000681;000901;000938;000977;001208;002015;002044;002049;002065;002131;002212;002230;002236;002279;002315;002361;002373;002396;002410;002446;002558;002757;002792;002881;002929;002935;002987;300002;300017;300033;300047;300058;300101;300113;300170;300182;300339;300348;300378;300413;300454;300458;300496;300629;300634;300674;300857;300996;301050;301110;301165;301171,002544;300133,0.9636363636363636,true,0,,true,false,-0.10988068563635123,,false,expanded_only_v1_2,0.001,headline,true,false,0.028608891750231652,2.8608891750231652e-05,-0.10990929452810146,1.1471258497906183,,true,qfq,true,false,true,true,false,false,true
2024-01-16,2024-02-21,20,full,55,53,000063;000681;000901;000938;000977;001208;002015;002044;002049;002065;002131;002212;002230;002236;002279;002315;002361;002373;002396;002410;002446;002558;002757;002792;002881;002929;002935;002987;300002;300017;300033;300047;300058;300101;300113;300170;300182;300339;300348;300378;300413;300454;300458;300496;300629;300634;300674;300857;300996;301050;301110;301165;301171,002544;300133,0.9636363636363636,true,0,,true,false,-0.08300795783668483,,false,expanded_only_v1_2,0.001,headline,true,false,0.029068436282451038,2.9068436282451037e-05,-0.08303702627296727,1.0518719304631547,,true,qfq,true,false,true,true,false,false,true
2024-02-21,2024-03-20,20,full,55,53,000063;000681;000901;000938;000977;001208;002015;002044;002049;002065;002131;002212;002230;002236;002279;002315;002361;002373;002396;002410;002446;002558;002757;002792;002881;002929;002935;002987;300002;300017;300033;300047;300058;300101;300113;300170;300182;300339;300348;300378;300413;300454;300458;300496;300629;300634;300674;300857;300996;301050;301110;301165;301171,002544;300133,0.9636363636363636,true,0,,true,false,0.1882875714610209,,false,expanded_only_v1_2,0.001,headline,true,false,0.046553849465461095,4.655384946546109e-05,0.18824101761155543,1.2498773730505703,,true,qfq,true,false,true,true,false,false,true
2024-03-20,2024-04-19,20,full,55,53,000063;000681;000901;000938;000977;001208;002015;002044;002049;002065;002131;002212;002230;002236;002279;002315;002361;002373;002396;002410;002446;002558;002757;002792;002881;002929;002935;002987;300002;300017;300033;300047;300058;300101;300113;300170;300182;300339;300348;300378;300413;300454;300458;300496;300629;300634;300674;300857;300996;301050;301110;301165;301171,002544;300133,0.9636363636363636,true,0,,true,false,-0.16126372194346128,,false,expanded_only_v1_2,0.001,headline,true,false,0.030860904784523496,3.08609047845235e-05,-0.1612945828482458,1.0482789235529173,,true,qfq,true,false,true,true,false,false,true
2024-04-19,2024-05-22,20,full,55,53,000063;000681;000901;000938;000977;001208;002015;002044;002049;002065;002131;002212;002230;002236;002279;002315;002361;002373;002396;002410;002446;002558;002757;002792;002881;002929;002935;002987;300002;300017;300033;300047;300058;300101;300113;300170;300182;300339;300348;300378;300413;300454;300458;300496;300629;300634;300674;300857;300996;301050;301110;301165;301171,002544;300133,0.9636363636363636,true,0,,true,false,0.05656482861274792,,false,expanded_only_v1_2,0.001,headline,true,false,0.031565430274701864,3.156543027470186e-05,0.05653326318247322,1.1075415518267742,,true,qfq,true,false,true,true,false,false,true
2024-05-22,2024-06-20,20,full,55,53,000063;000681;000901;000938;000977;001208;002015;002044;002049;002065;002131;002212;002230;002236;002279;002315;002361;002373;002396;002410;002446;002558;002757;002792;002881;002929;002935;002987;300002;300017;300033;300047;300058;300101;300113;300170;300182;300339;300348;300378;300413;300454;300458;300496;300629;300634;300674;300857;300996;301050;301110;301165;301171,002544;300133,0.9636363636363636,true,0,,true,false,-0.07357392989684172,,false,expanded_only_v1_2,0.001,headline,true,false,0.026011220988180213,2.6011220988180214e-05,-0.0735999411178299,1.0260265588267736,,true,qfq,true,false,true,true,false,false,true
2024-06-20,2024-07-18,20,full,55,53,000063;000681;000901;000938;000977;001208;002015;002044;002049;002065;002131;002212;002230;002236;002279;002315;002361;002373;002396;002410;002446;002558;002757;002792;002881;002929;002935;002987;300002;300017;300033;300047;300058;300101;300113;300170;300182;300339;300348;300378;300413;300454;300458;300496;300629;300634;300674;300857;300996;301050;301110;301165;301171,002544;300133,0.9636363636363636,true,0,,true,false,-0.03919507404849842,,false,expanded_only_v1_2,0.001,headline,true,false,0.028012264159995245,2.8012264159995245e-05,-0.03922308631265841,0.9857826305508313,,true,qfq,true,false,true,true,false,false,true
2024-07-18,2024-08-15,20,full,55,53,000063;000681;000901;000938;000977;001208;002015;002044;002049;002065;002131;002212;002230;002236;002279;002315;002361;002373;002396;002410;002446;002558;002757;002792;002881;002929;002935;002987;300002;300017;300033;300047;300058;300101;300113;300170;300182;300339;300348;300378;300413;300454;300458;300496;300629;300634;300674;300857;300996;301050;301110;301165;301171,002544;300133,0.9636363636363636,true,0,,true,false,-0.004482215635524883,,false,expanded_only_v1_2,0.001,headline,true,false,0.03352266045271066,3.3522660452710664e-05,-0.004515738295977594,0.9813310941745433,,true,qfq,true,false,true,true,false,false,true
2024-08-15,2024-09-12,20,full,55,53,000063;000681;000901;000938;000977;001208;002015;002044;002049;002065;002131;002212;002230;002236;002279;002315;002361;002373;002396;002410;002446;002558;002757;002792;002881;002929;002935;002987;300002;300017;300033;300047;300058;300101;300113;300170;300182;300339;300348;300378;300413;300454;300458;300496;300629;300634;300674;300857;300996;301050;301110;301165;301171,002544;300133,0.9636363636363636,true,0,,true,false,-0.016187116434785973,,false,expanded_only_v1_2,0.001,headline,true,false,0.031133636795866927,3.113363679586693e-05,-0.016218250071581838,0.9654156210862016,,true,qfq,true,false,true,true,false,false,true
2024-09-12,2024-10-21,20,full,55,53,000063;000681;000901;000938;000977;001208;002015;002044;002049;002065;002131;002212;002230;002236;002279;002315;002361;002373;002396;002410;002446;002558;002757;002792;002881;002929;002935;002987;300002;300017;300033;300047;300058;300101;300113;300170;300182;300339;300348;300378;300413;300454;300458;300496;300629;300634;300674;300857;300996;301050;301110;301165;301171,002544;300133,0.9636363636363636,true,0,,true,false,0.5045230530566049,002049;002410;002987;300002;300033;300047;300339;300348;300458;300496;300674;300857;301050;301110;301165;301171,true,expanded_only_v1_2,0.001,headline,true,false,0.03374299899580007,3.3742998995800074e-05,0.5044893100576091,1.4524574816868177,,true,qfq,true,false,true,true,false,false,true
2024-10-21,2024-11-18,20,full,55,53,000063;000681;000901;000938;000977;001208;002015;002044;002049;002065;002131;002212;002230;002236;002279;002315;002361;002373;002396;002410;002446;002558;002757;002792;002881;002929;002935;002987;300002;300017;300033;300047;300058;300101;300113;300170;300182;300339;300348;300378;300413;300454;300458;300496;300629;300634;300674;300857;300996;301050;301110;301165;301171,002544;300133,0.9636363636363636,true,0,,true,false,0.025850459702135876,301171,false,expanded_only_v1_2,0.001,headline,true,false,0.09089416152301683,9.089416152301683e-05,0.025759565540612858,1.4898721553812828,,true,qfq,true,false,true,true,false,false,true
2024-11-18,2024-12-16,20,full,55,53,000063;000681;000901;000938;000977;001208;002015;002044;002049;002065;002131;002212;002230;002236;002279;002315;002361;002373;002396;002410;002446;002558;002757;002792;002881;002929;002935;002987;300002;300017;300033;300047;300058;300101;300113;300170;300182;300339;300348;300378;300413;300454;300458;300496;300629;300634;300674;300857;300996;301050;301110;301165;301171,002544;300133,0.9636363636363636,true,0,,true,false,0.1192021233073128,000681;002131,false,expanded_only_v1_2,0.001,headline,true,false,0.0568676313375716,5.68676313375716e-05,0.11914525567597523,1.667383354258702,,true,qfq,true,false,true,true,false,false,true
2024-12-16,2025-01-14,20,full,55,53,000063;000681;000901;000938;000977;001208;002015;002044;002049;002065;002131;002212;002230;002236;002279;002315;002361;002373;002396;002410;002446;002558;002757;002792;002881;002929;002935;002987;300002;300017;300033;300047;300058;300101;300113;300170;300182;300339;300348;300378;300413;300454;300458;300496;300629;300634;300674;300857;300996;301050;301110;301165;301171,002544;300133,0.9636363636363636,true,0,,true,false,-0.07155234861505531,,false,expanded_only_v1_2,0.001,headline,true,false,0.057722863537878144,5.772286353787815e-05,-0.07161007147859319,1.54798191307802,,true,qfq,true,false,true,true,false,false,true
2025-01-14,2025-02-19,20,full,55,53,000063;000681;000901;000938;000977;001208;002015;002044;002049;002065;002131;002212;002230;002236;002279;002315;002361;002373;002396;002410;002446;002558;002757;002792;002881;002929;002935;002987;300002;300017;300033;300047;300058;300101;300113;300170;300182;300339;300348;300378;300413;300454;300458;300496;300629;300634;300674;300857;300996;301050;301110;301165;301171,002544;300133,0.9636363636363636,true,0,,true,false,0.2593266550444528,002044;002065;002757;002881;002929;300113;300170;300378;300454;300674;300996,false,expanded_only_v1_2,0.001,headline,true,false,0.04563209942592704,4.563209942592704e-05,0.25928102294502686,1.9493442470012885,,true,qfq,true,false,true,true,false,false,true
2025-02-19,2025-03-19,20,full,55,53,000063;000681;000901;000938;000977;001208;002015;002044;002049;002065;002131;002212;002230;002236;002279;002315;002361;002373;002396;002410;002446;002558;002757;002792;002881;002929;002935;002987;300002;300017;300033;300047;300058;300101;300113;300170;300182;300339;300348;300378;300413;300454;300458;300496;300629;300634;300674;300857;300996;301050;301110;301165;301171,002544;300133,0.9636363636363636,true,0,,true,false,0.009075219335327692,,false,expanded_only_v1_2,0.001,headline,true,false,0.08346364641312441,8.346364641312441e-05,0.008991755688914567,1.966872274223915,,true,qfq,true,false,true,true,false,false,true
2025-03-19,2025-04-17,20,full,55,53,000063;000681;000901;000938;000977;001208;002015;002044;002049;002065;002131;002212;002230;002236;002279;002315;002361;002373;002396;002410;002446;002558;002757;002792;002881;002929;002935;002987;300002;300017;300033;300047;300058;300101;300113;300170;300182;300339;300348;300378;300413;300454;300458;300496;300629;300634;300674;300857;300996;301050;301110;301165;301171,002544;300133,0.9636363636363636,true,0,,true,false,-0.15923984073171352,,false,expanded_only_v1_2,0.001,headline,true,false,0.03538119263390435,3.538119263390435e-05,-0.15927522192434743,1.653598256250055,,true,qfq,true,false,true,true,false,false,true
2025-04-17,2025-05-20,20,full,55,53,000063;000681;000901;000938;000977;001208;002015;002044;002049;002065;002131;002212;002230;002236;002279;002315;002361;002373;002396;002410;002446;002558;002757;002792;002881;002929;002935;002987;300002;300017;300033;300047;300058;300101;300113;300170;300182;300339;300348;300378;300413;300454;300458;300496;300629;300634;300674;300857;300996;301050;301110;301165;301171,002544;300133,0.9636363636363636,true,0,,true,false,0.06515443999050047,,false,expanded_only_v1_2,0.001,headline,true,false,0.028290425879469193,2.8290425879469194e-05,0.065126149564621,1.7612907436063925,,true,qfq,true,false,true,true,false,false,true
2025-05-20,2025-06-18,20,full,55,53,000063;000681;000901;000938;000977;001208;002015;002044;002049;002065;002131;002212;002230;002236;002279;002315;002361;002373;002396;002410;002446;002558;002757;002792;002881;002929;002935;002987;300002;300017;300033;300047;300058;300101;300113;300170;300182;300339;300348;300378;300413;300454;300458;300496;300629;300634;300674;300857;300996;301050;301110;301165;301171,002544;300133,0.9636363636363636,true,0,,true,false,0.017406205655683914,002015,false,expanded_only_v1_2,0.001,headline,true,false,0.02712283354225063,2.712283354225063e-05,0.017379082822141664,1.7919003613133995,,true,qfq,true,false,true,true,false,false,true
2025-06-18,2025-07-16,20,full,55,53,000063;000681;000901;000938;000977;001208;002015;002044;002049;002065;002131;002212;002230;002236;002279;002315;002361;002373;002396;002410;002446;002558;002757;002792;002881;002929;002935;002987;300002;300017;300033;300047;300058;300101;300113;300170;300182;300339;300348;300378;300413;300454;300458;300496;300629;300634;300674;300857;300996;301050;301110;301165;301171,002544;300133,0.9636363636363636,true,0,,true,false,0.0881936263248255,,false,expanded_only_v1_2,0.001,headline,true,false,0.042907029671432714,4.290702967143272e-05,0.08815071929515407,1.949857667068422,,true,qfq,true,false,true,true,false,false,true
2025-07-16,2025-08-13,20,full,55,53,000063;000681;000901;000938;000977;001208;002015;002044;002049;002065;002131;002212;002230;002236;002279;002315;002361;002373;002396;002410;002446;002558;002757;002792;002881;002929;002935;002987;300002;300017;300033;300047;300058;300101;300113;300170;300182;300339;300348;300378;300413;300454;300458;300496;300629;300634;300674;300857;300996;301050;301110;301165;301171,002544;300133,0.9636363636363636,true,0,,true,false,0.07839763932438037,000901,false,expanded_only_v1_2,0.001,headline,true,false,0.03585560465890443,3.585560465890443e-05,0.07836178371972147,2.1026519918594784,,true,qfq,true,false,true,true,false,false,true
2025-08-13,2025-09-10,20,full,55,53,000063;000681;000901;000938;000977;001208;002015;002044;002049;002065;002131;002212;002230;002236;002279;002315;002361;002373;002396;002410;002446;002558;002757;002792;002881;002929;002935;002987;300002;300017;300033;300047;300058;300101;300113;300170;300182;300339;300348;300378;300413;300454;300458;300496;300629;300634;300674;300857;300996;301050;301110;301165;301171,002544;300133,0.9636363636363636,true,0,,true,false,0.03192562534731724,002558,false,expanded_only_v1_2,0.001,headline,true,false,0.03372100213283506,3.3721002132835064e-05,0.0318919043451844,2.1697095680550724,,true,qfq,true,false,true,true,false,false,true
2025-09-10,2025-10-16,20,full,55,53,000063;000681;000901;000938;000977;001208;002015;002044;002049;002065;002131;002212;002230;002236;002279;002315;002361;002373;002396;002410;002446;002558;002757;002792;002881;002929;002935;002987;300002;300017;300033;300047;300058;300101;300113;300170;300182;300339;300348;300378;300413;300454;300458;300496;300629;300634;300674;300857;300996;301050;301110;301165;301171,002544;300133,0.9636363636363636,true,0,,true,false,0.020620196999623346,,false,expanded_only_v1_2,0.001,headline,true,false,0.05427882532223168,5.4278825322231683e-05,0.020565918174301114,2.2143316374936917,,true,qfq,true,false,true,true,false,false,true
2025-10-16,2025-11-13,20,full,55,53,000063;000681;000901;000938;000977;001208;002015;002044;002049;002065;002131;002212;002230;002236;002279;002315;002361;002373;002396;002410;002446;002558;002757;002792;002881;002929;002935;002987;300002;300017;300033;300047;300058;300101;300113;300170;300182;300339;300348;300378;300413;300454;300458;300496;300629;300634;300674;300857;300996;301050;301110;301165;301171,002544;300133,0.9636363636363636,true,0,,true,false,-0.022511113633471493,,false,expanded_only_v1_2,0.001,headline,true,false,0.03176458193296031,3.176458193296031e-05,-0.022542878215404454,2.1644142290611543,,true,qfq,true,false,true,true,false,false,true
2025-11-13,2025-12-11,20,full,55,53,000063;000681;000901;000938;000977;001208;002015;002044;002049;002065;002131;002212;002230;002236;002279;002315;002361;002373;002396;002410;002446;002558;002757;002792;002881;002929;002935;002987;300002;300017;300033;300047;300058;300101;300113;300170;300182;300339;300348;300378;300413;300454;300458;300496;300629;300634;300674;300857;300996;301050;301110;301165;301171,002544;300133,0.9636363636363636,true,0,,true,false,-0.013325871021174097,,false,expanded_only_v1_2,0.001,headline,true,false,0.0341003874305632,3.41003874305632e-05,-0.01335997140860466,2.13549771684452,,true,qfq,true,false,true,true,false,false,true
2025-12-11,2026-01-12,20,full,55,53,000063;000681;000901;000938;000977;001208;002015;002044;002049;002065;002131;002212;002230;002236;002279;002315;002361;002373;002396;002410;002446;002558;002757;002792;002881;002929;002935;002987;300002;300017;300033;300047;300058;300101;300113;300170;300182;300339;300348;300378;300413;300454;300458;300496;300629;300634;300674;300857;300996;301050;301110;301165;301171,002544;300133,0.9636363636363636,true,1,002049,false,true,,000901;001208;002131;002361;002757;002792;300058;300170;300629;301050;301110;301171,false,expanded_only_v1_2,0.001,termination_period,false,false,,,,,end_price_missing,true,qfq,true,false,true,true,false,false,true
2026-01-12,2026-02-09,20,full,55,52,000063;000681;000901;000938;000977;001208;002015;002044;002065;002131;002212;002230;002236;002279;002315;002361;002373;002396;002410;002446;002558;002757;002792;002881;002929;002935;002987;300002;300017;300033;300047;300058;300101;300113;300170;300182;300339;300348;300378;300413;300454;300458;300496;300629;300634;300674;300857;300996;301050;301110;301165;301171,002049;002544;300133,0.9454545454545454,true,0,,true,false,-0.07914571061631338,300017,false,expanded_only_v1_2,0.001,post_termination_diagnostic,false,false,,,,,,true,qfq,true,false,true,true,false,false,true
2026-02-09,2026-03-17,20,full,55,53,000063;000681;000901;000938;000977;001208;002015;002044;002049;002065;002131;002212;002230;002236;002279;002315;002361;002373;002396;002410;002446;002558;002757;002792;002881;002929;002935;002987;300002;300017;300033;300047;300058;300101;300113;300170;300182;300339;300348;300378;300413;300454;300458;300496;300629;300634;300674;300857;300996;301050;301110;301165;301171,002544;300133,0.9636363636363636,true,0,,true,false,-0.09616433393783425,002015,false,expanded_only_v1_2,0.001,post_termination_diagnostic,false,false,,,,,,true,qfq,true,false,true,true,false,false,true
2026-03-17,2026-04-15,20,full,55,53,000063;000681;000901;000938;000977;001208;002015;002044;002049;002065;002131;002212;002230;002236;002279;002315;002361;002373;002396;002410;002446;002558;002757;002792;002881;002929;002935;002987;300002;300017;300033;300047;300058;300101;300113;300170;300182;300339;300348;300378;300413;300454;300458;300496;300629;300634;300674;300857;300996;301050;301110;301165;301171,002544;300133,0.9636363636363636,true,0,,true,false,0.006254741315677847,002361,false,expanded_only_v1_2,0.001,post_termination_diagnostic,false,false,,,,,,true,qfq,true,false,true,true,false,false,true
2026-04-15,2026-05-18,20,full,55,53,000063;000681;000901;000938;000977;001208;002015;002044;002049;002065;002131;002212;002230;002236;002279;002315;002361;002373;002396;002410;002446;002558;002757;002792;002881;002929;002935;002987;300002;300017;300033;300047;300058;300101;300113;300170;300182;300339;300348;300378;300413;300454;300458;300496;300629;300634;300674;300857;300996;301050;301110;301165;301171,002544;300133,0.9636363636363636,true,0,,true,false,0.048623332831387894,002929,false,expanded_only_v1_2,0.001,post_termination_diagnostic,false,false,,,,,,true,qfq,true,false,true,true,false,false,true
2026-05-18,2026-06-15,20,full,55,53,000063;000681;000901;000938;000977;001208;002015;002044;002049;002065;002131;002212;002230;002236;002279;002315;002361;002373;002396;002410;002446;002558;002757;002792;002881;002929;002935;002987;300002;300017;300033;300047;300058;300101;300113;300170;300182;300339;300348;300378;300413;300454;300458;300496;300629;300634;300674;300857;300996;301050;301110;301165;301171,002544;300133,0.9636363636363636,true,1,300378,false,true,,,false,expanded_only_v1_2,0.001,post_termination_diagnostic,false,false,,,,,,true,qfq,true,false,true,true,false,false,true
2026-06-15,2026-06-16,1,partial,55,52,000063;000681;000901;000938;000977;001208;002015;002044;002049;002065;002131;002212;002230;002236;002279;002315;002361;002373;002396;002410;002446;002558;002757;002792;002881;002929;002935;002987;300002;300017;300033;300047;300058;300101;300113;300170;300182;300339;300348;300413;300454;300458;300496;300629;300634;300674;300857;300996;301050;301110;301165;301171,002544;300133;300378,0.9454545454545454,true,0,,true,false,0.0024555907143589987,,false,expanded_only_v1_2,0.001,post_termination_diagnostic,false,true,,,,,,true,qfq,true,false,true,true,false,false,true
