rebalance_date,next_rebalance_date,period_trading_days,period_type,universe_count,eligible_count,eligible_codes,start_ineligible_codes,coverage_ratio,coverage_pass,end_price_missing_count,end_price_missing_codes,period_valid,invalid_period,gross_return,stock_return_outlier_codes,portfolio_return_outlier,universe_name,transaction_cost,period_phase,headline_included,provisional,turnover,cost_drag,net_return,nav,termination_reason,research_baseline_only,adjusted_return_source,current_universe_historical_performance,point_in_time_strategy_backtest,survivorship_or_future_universe_bias,close_to_close_execution_assumption,execution_sim_ready,formal_performance_conclusion_allowed,no_investment_conclusion,sample_regime,freeze_date,prospective_flag
2020-01-02,2020-02-07,20,full,56,48,000063;000681;000901;000938;000977;002015;002044;002049;002065;002131;002212;002230;002236;002279;002315;002361;002373;002396;002410;002446;002544;002558;002757;002792;002881;002929;002935;300002;300017;300033;300047;300058;300101;300113;300133;300170;300182;300339;300348;300378;300413;300454;300458;300496;300627;300629;300634;300674,001208;002987;300857;300996;301050;301110;301165;301171,0.8571428571428571,true,0,,true,false,0.10154335749330018,300182;300454,false,research_universe_v1_2,0.0,headline,true,false,1.0,0.0,0.10154335749330018,1.1015433574933002,,true,qfq,true,false,true,true,false,false,true,revised_history,2026-07-11,False
2020-02-07,2020-03-06,20,full,56,48,000063;000681;000901;000938;000977;002015;002044;002049;002065;002131;002212;002230;002236;002279;002315;002361;002373;002396;002410;002446;002544;002558;002757;002792;002881;002929;002935;300002;300017;300033;300047;300058;300101;300113;300133;300170;300182;300339;300348;300378;300413;300454;300458;300496;300627;300629;300634;300674,001208;002987;300857;300996;301050;301110;301165;301171,0.8571428571428571,true,0,,true,false,0.11490165847738444,002131,false,research_universe_v1_2,0.0,headline,true,false,0.07045107936030028,0.0,0.11490165847738444,1.228112516154027,,true,qfq,true,false,true,true,false,false,true,revised_history,2026-07-11,False
2020-03-06,2020-04-03,20,full,56,48,000063;000681;000901;000938;000977;002015;002044;002049;002065;002131;002212;002230;002236;002279;002315;002361;002373;002396;002410;002446;002544;002558;002757;002792;002881;002929;002935;300002;300017;300033;300047;300058;300101;300113;300133;300170;300182;300339;300348;300378;300413;300454;300458;300496;300627;300629;300634;300674,001208;002987;300857;300996;301050;301110;301165;301171,0.8571428571428571,true,0,,true,false,-0.1499251584882892,,false,research_universe_v1_2,0.0,headline,true,false,0.0594064840337518,0.0,-0.1499251584882892,1.0439875525281828,,true,qfq,true,false,true,true,false,false,true,revised_history,2026-07-11,False
2020-04-03,2020-05-07,20,full,56,48,000063;000681;000901;000938;000977;002015;002044;002049;002065;002131;002212;002230;002236;002279;002315;002361;002373;002396;002410;002446;002544;002558;002757;002792;002881;002929;002935;300002;300017;300033;300047;300058;300101;300113;300133;300170;300182;300339;300348;300378;300413;300454;300458;300496;300627;300629;300634;300674,001208;002987;300857;300996;301050;301110;301165;301171,0.8571428571428571,true,0,,true,false,0.06648719938613533,300002,false,research_universe_v1_2,0.0,headline,true,false,0.03133102945328968,0.0,0.06648719938613533,1.1133993610897674,,true,qfq,true,false,true,true,false,false,true,revised_history,2026-07-11,False
2020-05-07,2020-06-04,20,full,56,49,000063;000681;000901;000938;000977;002015;002044;002049;002065;002131;002212;002230;002236;002279;002315;002361;002373;002396;002410;002446;002544;002558;002757;002792;002881;002929;002935;002987;300002;300017;300033;300047;300058;300101;300113;300133;300170;300182;300339;300348;300378;300413;300454;300458;300496;300627;300629;300634;300674,001208;300857;300996;301050;301110;301165;301171,0.875,true,0,,true,false,0.017404092610972123,002987,false,research_universe_v1_2,0.0,headline,true,false,0.04586140856370281,0.0,0.017404092610972123,1.1327770666831711,,true,qfq,true,false,true,true,false,false,true,revised_history,2026-07-11,False
2020-06-04,2020-07-06,20,full,56,49,000063;000681;000901;000938;000977;002015;002044;002049;002065;002131;002212;002230;002236;002279;002315;002361;002373;002396;002410;002446;002544;002558;002757;002792;002881;002929;002935;002987;300002;300017;300033;300047;300058;300101;300113;300133;300170;300182;300339;300348;300378;300413;300454;300458;300496;300627;300629;300634;300674,001208;300857;300996;301050;301110;301165;301171,0.875,true,0,,true,false,0.14472413560327987,300033,false,research_universe_v1_2,0.0,headline,true,false,0.03888610188459358,0.0,0.14472413560327987,1.296717248490112,,true,qfq,true,false,true,true,false,false,true,revised_history,2026-07-11,False
2020-07-06,2020-08-03,20,full,56,49,000063;000681;000901;000938;000977;002015;002044;002049;002065;002131;002212;002230;002236;002279;002315;002361;002373;002396;002410;002446;002544;002558;002757;002792;002881;002929;002935;002987;300002;300017;300033;300047;300058;300101;300113;300133;300170;300182;300339;300348;300378;300413;300454;300458;300496;300627;300629;300634;300674,001208;300857;300996;301050;301110;301165;301171,0.875,true,0,,true,false,0.07522606527590829,300378,false,research_universe_v1_2,0.0,headline,true,false,0.04504114495142817,0.0,0.07522606527590829,1.3942641848694253,,true,qfq,true,false,true,true,false,false,true,revised_history,2026-07-11,False
2020-08-03,2020-08-31,20,full,56,50,000063;000681;000901;000938;000977;002015;002044;002049;002065;002131;002212;002230;002236;002279;002315;002361;002373;002396;002410;002446;002544;002558;002757;002792;002881;002929;002935;002987;300002;300017;300033;300047;300058;300101;300113;300133;300170;300182;300339;300348;300378;300413;300454;300458;300496;300627;300629;300634;300674;300857,001208;300996;301050;301110;301165;301171,0.8928571428571429,true,0,,true,false,0.006347168494141578,300857,false,research_universe_v1_2,0.0,headline,true,false,0.07356821279906645,0.0,0.006347168494141578,1.4031138145761386,,true,qfq,true,false,true,true,false,false,true,revised_history,2026-07-11,False
2020-08-31,2020-09-28,20,full,56,50,000063;000681;000901;000938;000977;002015;002044;002049;002065;002131;002212;002230;002236;002279;002315;002361;002373;002396;002410;002446;002544;002558;002757;002792;002881;002929;002935;002987;300002;300017;300033;300047;300058;300101;300113;300133;300170;300182;300339;300348;300378;300413;300454;300458;300496;300627;300629;300634;300674;300857,001208;300996;301050;301110;301165;301171,0.8928571428571429,true,0,,true,false,-0.10361505119489094,,false,research_universe_v1_2,0.0,headline,true,false,0.04410285493103662,0.0,-0.10361505119489094,1.2577301048465734,,true,qfq,true,false,true,true,false,false,true,revised_history,2026-07-11,False
2020-09-28,2020-11-03,20,full,56,50,000063;000681;000901;000938;000977;002015;002044;002049;002065;002131;002212;002230;002236;002279;002315;002361;002373;002396;002410;002446;002544;002558;002757;002792;002881;002929;002935;002987;300002;300017;300033;300047;300058;300101;300113;300133;300170;300182;300339;300348;300378;300413;300454;300458;300496;300627;300629;300634;300674;300857,001208;300996;301050;301110;301165;301171,0.8928571428571429,true,0,,true,false,0.01099685188391149,,false,research_universe_v1_2,0.0,headline,true,false,0.025732397372927894,0.0,0.01099685188391149,1.2715611765195076,,true,qfq,true,false,true,true,false,false,true,revised_history,2026-07-11,False
2020-11-03,2020-12-01,20,full,56,50,000063;000681;000901;000938;000977;002015;002044;002049;002065;002131;002212;002230;002236;002279;002315;002361;002373;002396;002410;002446;002544;002558;002757;002792;002881;002929;002935;002987;300002;300017;300033;300047;300058;300101;300113;300133;300170;300182;300339;300348;300378;300413;300454;300458;300496;300627;300629;300634;300674;300857,001208;300996;301050;301110;301165;301171,0.8928571428571429,true,0,,true,false,-0.006863184877291242,,false,research_universe_v1_2,0.0,headline,true,false,0.03466147115548626,0.0,-0.006863184877291242,1.2628342170822684,,true,qfq,true,false,true,true,false,false,true,revised_history,2026-07-11,False
2020-12-01,2020-12-29,20,full,56,50,000063;000681;000901;000938;000977;002015;002044;002049;002065;002131;002212;002230;002236;002279;002315;002361;002373;002396;002410;002446;002544;002558;002757;002792;002881;002929;002935;002987;300002;300017;300033;300047;300058;300101;300113;300133;300170;300182;300339;300348;300378;300413;300454;300458;300496;300627;300629;300634;300674;300857,001208;300996;301050;301110;301165;301171,0.8928571428571429,true,0,,true,false,-0.08454149127253054,,false,research_universe_v1_2,0.0,headline,true,false,0.026925283626747995,0.0,-0.08454149127253054,1.156072329140155,,true,qfq,true,false,true,true,false,false,true,revised_history,2026-07-11,False
2020-12-29,2021-01-27,20,full,56,50,000063;000681;000901;000938;000977;002015;002044;002049;002065;002131;002212;002230;002236;002279;002315;002361;002373;002396;002410;002446;002544;002558;002757;002792;002881;002929;002935;002987;300002;300017;300033;300047;300058;300101;300113;300133;300170;300182;300339;300348;300378;300413;300454;300458;300496;300627;300629;300634;300674;300857,001208;300996;301050;301110;301165;301171,0.8928571428571429,true,0,,true,false,0.022705460067826973,,false,research_universe_v1_2,0.0,headline,true,false,0.04405586623104485,0.0,0.022705460067826973,1.1823214832449664,,true,qfq,true,false,true,true,false,false,true,revised_history,2026-07-11,False
2021-01-27,2021-03-03,20,full,56,50,000063;000681;000901;000938;000977;002015;002044;002049;002065;002131;002212;002230;002236;002279;002315;002361;002373;002396;002410;002446;002544;002558;002757;002792;002881;002929;002935;002987;300002;300017;300033;300047;300058;300101;300113;300133;300170;300182;300339;300348;300378;300413;300454;300458;300496;300627;300629;300634;300674;300857,001208;300996;301050;301110;301165;301171,0.8928571428571429,true,0,,true,false,0.0007060284314080555,,false,research_universe_v1_2,0.0,headline,true,false,0.05084141314545536,0.0,0.0007060284314080555,1.1831562358272019,,true,qfq,true,false,true,true,false,false,true,revised_history,2026-07-11,False
2021-03-03,2021-03-31,20,full,56,50,000063;000681;000901;000938;000977;002015;002044;002049;002065;002131;002212;002230;002236;002279;002315;002361;002373;002396;002410;002446;002544;002558;002757;002792;002881;002929;002935;002987;300002;300017;300033;300047;300058;300101;300113;300133;300170;300182;300339;300348;300378;300413;300454;300458;300496;300627;300629;300634;300674;300857,001208;300996;301050;301110;301165;301171,0.8928571428571429,true,1,000063,false,true,,,false,research_universe_v1_2,0.0,termination_period,false,false,,,,,end_price_missing,true,qfq,true,false,true,true,false,false,true,revised_history,2026-07-11,False
2021-03-31,2021-04-29,20,full,56,49,000681;000901;000938;000977;002015;002044;002049;002065;002131;002212;002230;002236;002279;002315;002361;002373;002396;002410;002446;002544;002558;002757;002792;002881;002929;002935;002987;300002;300017;300033;300047;300058;300101;300113;300133;300170;300182;300339;300348;300378;300413;300454;300458;300496;300627;300629;300634;300674;300857,000063;001208;300996;301050;301110;301165;301171,0.875,true,0,,true,false,-0.003521132855046454,,false,research_universe_v1_2,0.0,post_termination_diagnostic,false,false,,,,,,true,qfq,true,false,true,true,false,false,true,revised_history,2026-07-11,False
2021-04-29,2021-06-01,20,full,56,50,000063;000681;000901;000938;000977;002015;002044;002049;002065;002131;002212;002230;002236;002279;002315;002361;002373;002396;002410;002446;002544;002558;002757;002792;002881;002929;002935;002987;300002;300017;300033;300047;300058;300101;300113;300133;300170;300182;300339;300348;300378;300413;300454;300458;300496;300627;300629;300634;300674;300857,001208;300996;301050;301110;301165;301171,0.8928571428571429,true,0,,true,false,0.08145685521039749,300339,false,research_universe_v1_2,0.0,post_termination_diagnostic,false,false,,,,,,true,qfq,true,false,true,true,false,false,true,revised_history,2026-07-11,False
2021-06-01,2021-06-30,20,full,56,50,000063;000681;000901;000938;000977;002015;002044;002049;002065;002131;002212;002230;002236;002279;002315;002361;002373;002396;002410;002446;002544;002558;002757;002792;002881;002929;002935;002987;300002;300017;300033;300047;300058;300101;300113;300133;300170;300182;300339;300348;300378;300413;300454;300458;300496;300627;300629;300634;300674;300857,001208;300996;301050;301110;301165;301171,0.8928571428571429,true,0,,true,false,0.062329729077167384,300339;300458,false,research_universe_v1_2,0.0,post_termination_diagnostic,false,false,,,,,,true,qfq,true,false,true,true,false,false,true,revised_history,2026-07-11,False
2021-06-30,2021-07-28,20,full,56,52,000063;000681;000901;000938;000977;001208;002015;002044;002049;002065;002131;002212;002230;002236;002279;002315;002361;002373;002396;002410;002446;002544;002558;002757;002792;002881;002929;002935;002987;300002;300017;300033;300047;300058;300101;300113;300133;300170;300182;300339;300348;300378;300413;300454;300458;300496;300627;300629;300634;300674;300857;300996,301050;301110;301165;301171,0.9285714285714286,true,0,,true,false,-0.04218223243262907,,false,research_universe_v1_2,0.0,post_termination_diagnostic,false,false,,,,,,true,qfq,true,false,true,true,false,false,true,revised_history,2026-07-11,False
2021-07-28,2021-08-25,20,full,56,52,000063;000681;000901;000938;000977;001208;002015;002044;002049;002065;002131;002212;002230;002236;002279;002315;002361;002373;002396;002410;002446;002544;002558;002757;002792;002881;002929;002935;002987;300002;300017;300033;300047;300058;300101;300113;300133;300170;300182;300339;300348;300378;300413;300454;300458;300496;300627;300629;300634;300674;300857;300996,301050;301110;301165;301171,0.9285714285714286,true,0,,true,false,0.11147376715366487,001208;002015,false,research_universe_v1_2,0.0,post_termination_diagnostic,false,false,,,,,,true,qfq,true,false,true,true,false,false,true,revised_history,2026-07-11,False
2021-08-25,2021-09-24,20,full,56,53,000063;000681;000901;000938;000977;001208;002015;002044;002049;002065;002131;002212;002230;002236;002279;002315;002361;002373;002396;002410;002446;002544;002558;002757;002792;002881;002929;002935;002987;300002;300017;300033;300047;300058;300101;300113;300133;300170;300182;300339;300348;300378;300413;300454;300458;300496;300627;300629;300634;300674;300857;300996;301050,301110;301165;301171,0.9464285714285714,true,0,,true,false,-0.020855507842057096,,false,research_universe_v1_2,0.0,post_termination_diagnostic,false,false,,,,,,true,qfq,true,false,true,true,false,false,true,revised_history,2026-07-11,False
2021-09-24,2021-10-29,20,full,56,53,000063;000681;000901;000938;000977;001208;002015;002044;002049;002065;002131;002212;002230;002236;002279;002315;002361;002373;002396;002410;002446;002544;002558;002757;002792;002881;002929;002935;002987;300002;300017;300033;300047;300058;300101;300113;300133;300170;300182;300339;300348;300378;300413;300454;300458;300496;300627;300629;300634;300674;300857;300996;301050,301110;301165;301171,0.9464285714285714,true,0,,true,false,-0.026852719499198232,,false,research_universe_v1_2,0.0,post_termination_diagnostic,false,false,,,,,,true,qfq,true,false,true,true,false,false,true,revised_history,2026-07-11,False
2021-10-29,2021-11-26,20,full,56,53,000063;000681;000901;000938;000977;001208;002015;002044;002049;002065;002131;002212;002230;002236;002279;002315;002361;002373;002396;002410;002446;002544;002558;002757;002792;002881;002929;002935;002987;300002;300017;300033;300047;300058;300101;300113;300133;300170;300182;300339;300348;300378;300413;300454;300458;300496;300627;300629;300634;300674;300857;300996;301050,301110;301165;301171,0.9464285714285714,true,0,,true,false,0.11082704178036645,,false,research_universe_v1_2,0.0,post_termination_diagnostic,false,false,,,,,,true,qfq,true,false,true,true,false,false,true,revised_history,2026-07-11,False
2021-11-26,2021-12-24,20,full,56,53,000063;000681;000901;000938;000977;001208;002015;002044;002049;002065;002131;002212;002230;002236;002279;002315;002361;002373;002396;002410;002446;002544;002558;002757;002792;002881;002929;002935;002987;300002;300017;300033;300047;300058;300101;300113;300133;300170;300182;300339;300348;300378;300413;300454;300458;300496;300627;300629;300634;300674;300857;300996;301050,301110;301165;301171,0.9464285714285714,true,0,,true,false,0.004040857420384856,,false,research_universe_v1_2,0.0,post_termination_diagnostic,false,false,,,,,,true,qfq,true,false,true,true,false,false,true,revised_history,2026-07-11,False
2021-12-24,2022-01-24,20,full,56,53,000063;000681;000901;000938;000977;001208;002015;002044;002049;002065;002131;002212;002230;002236;002279;002315;002361;002373;002396;002410;002446;002544;002558;002757;002792;002881;002929;002935;002987;300002;300017;300033;300047;300058;300101;300113;300133;300170;300182;300339;300348;300378;300413;300454;300458;300496;300627;300629;300634;300674;300857;300996;301050,301110;301165;301171,0.9464285714285714,true,0,,true,false,0.029004057412904086,002987;300047,false,research_universe_v1_2,0.0,post_termination_diagnostic,false,false,,,,,,true,qfq,true,false,true,true,false,false,true,revised_history,2026-07-11,False
2022-01-24,2022-02-28,20,full,56,53,000063;000681;000901;000938;000977;001208;002015;002044;002049;002065;002131;002212;002230;002236;002279;002315;002361;002373;002396;002410;002446;002544;002558;002757;002792;002881;002929;002935;002987;300002;300017;300033;300047;300058;300101;300113;300133;300170;300182;300339;300348;300378;300413;300454;300458;300496;300627;300629;300634;300674;300857;300996;301050,301110;301165;301171,0.9464285714285714,true,0,,true,false,-0.05988006059649829,,false,research_universe_v1_2,0.0,post_termination_diagnostic,false,false,,,,,,true,qfq,true,false,true,true,false,false,true,revised_history,2026-07-11,False
2022-02-28,2022-03-28,20,full,56,53,000063;000681;000901;000938;000977;001208;002015;002044;002049;002065;002131;002212;002230;002236;002279;002315;002361;002373;002396;002410;002446;002544;002558;002757;002792;002881;002929;002935;002987;300002;300017;300033;300047;300058;300101;300113;300133;300170;300182;300339;300348;300378;300413;300454;300458;300496;300627;300629;300634;300674;300857;300996;301050,301110;301165;301171,0.9464285714285714,true,0,,true,false,-0.11344466766328229,,false,research_universe_v1_2,0.0,post_termination_diagnostic,false,false,,,,,,true,qfq,true,false,true,true,false,false,true,revised_history,2026-07-11,False
2022-03-28,2022-04-27,20,full,56,54,000063;000681;000901;000938;000977;001208;002015;002044;002049;002065;002131;002212;002230;002236;002279;002315;002361;002373;002396;002410;002446;002544;002558;002757;002792;002881;002929;002935;002987;300002;300017;300033;300047;300058;300101;300113;300133;300170;300182;300339;300348;300378;300413;300454;300458;300496;300627;300629;300634;300674;300857;300996;301050;301110,301165;301171,0.9642857142857143,true,0,,true,false,-0.20143783910139093,,false,research_universe_v1_2,0.0,post_termination_diagnostic,false,false,,,,,,true,qfq,true,false,true,true,false,false,true,revised_history,2026-07-11,False
2022-04-27,2022-05-30,20,full,56,54,000063;000681;000901;000938;000977;001208;002015;002044;002049;002065;002131;002212;002230;002236;002279;002315;002361;002373;002396;002410;002446;002544;002558;002757;002792;002881;002929;002935;002987;300002;300017;300033;300047;300058;300101;300113;300133;300170;300182;300339;300348;300378;300413;300454;300458;300496;300627;300629;300634;300674;300857;300996;301050;301110,301165;301171,0.9642857142857143,true,0,,true,false,0.12287910140175709,,false,research_universe_v1_2,0.0,post_termination_diagnostic,false,false,,,,,,true,qfq,true,false,true,true,false,false,true,revised_history,2026-07-11,False
2022-05-30,2022-06-28,20,full,56,54,000063;000681;000901;000938;000977;001208;002015;002044;002049;002065;002131;002212;002230;002236;002279;002315;002361;002373;002396;002410;002446;002544;002558;002757;002792;002881;002929;002935;002987;300002;300017;300033;300047;300058;300101;300113;300133;300170;300182;300339;300348;300378;300413;300454;300458;300496;300627;300629;300634;300674;300857;300996;301050;301110,301165;301171,0.9642857142857143,true,0,,true,false,0.11324544322647587,,false,research_universe_v1_2,0.0,post_termination_diagnostic,false,false,,,,,,true,qfq,true,false,true,true,false,false,true,revised_history,2026-07-11,False
2022-06-28,2022-07-26,20,full,56,54,000063;000681;000901;000938;000977;001208;002015;002044;002049;002065;002131;002212;002230;002236;002279;002315;002361;002373;002396;002410;002446;002544;002558;002757;002792;002881;002929;002935;002987;300002;300017;300033;300047;300058;300101;300113;300133;300170;300182;300339;300348;300378;300413;300454;300458;300496;300627;300629;300634;300674;300857;300996;301050;301110,301165;301171,0.9642857142857143,true,0,,true,false,-0.016240284351261985,,false,research_universe_v1_2,0.0,post_termination_diagnostic,false,false,,,,,,true,qfq,true,false,true,true,false,false,true,revised_history,2026-07-11,False
2022-07-26,2022-08-23,20,full,56,54,000063;000681;000901;000938;000977;001208;002015;002044;002049;002065;002131;002212;002230;002236;002279;002315;002361;002373;002396;002410;002446;002544;002558;002757;002792;002881;002929;002935;002987;300002;300017;300033;300047;300058;300101;300113;300133;300170;300182;300339;300348;300378;300413;300454;300458;300496;300627;300629;300634;300674;300857;300996;301050;301110,301165;301171,0.9642857142857143,true,0,,true,false,0.027327716488126933,,false,research_universe_v1_2,0.0,post_termination_diagnostic,false,false,,,,,,true,qfq,true,false,true,true,false,false,true,revised_history,2026-07-11,False
2022-08-23,2022-09-21,20,full,56,55,000063;000681;000901;000938;000977;001208;002015;002044;002049;002065;002131;002212;002230;002236;002279;002315;002361;002373;002396;002410;002446;002544;002558;002757;002792;002881;002929;002935;002987;300002;300017;300033;300047;300058;300101;300113;300133;300170;300182;300339;300348;300378;300413;300454;300458;300496;300627;300629;300634;300674;300857;300996;301050;301110;301171,301165,0.9821428571428571,true,0,,true,false,-0.08647464354612136,,false,research_universe_v1_2,0.0,post_termination_diagnostic,false,false,,,,,,true,qfq,true,false,true,true,false,false,true,revised_history,2026-07-11,False
2022-09-21,2022-10-26,20,full,56,55,000063;000681;000901;000938;000977;001208;002015;002044;002049;002065;002131;002212;002230;002236;002279;002315;002361;002373;002396;002410;002446;002544;002558;002757;002792;002881;002929;002935;002987;300002;300017;300033;300047;300058;300101;300113;300133;300170;300182;300339;300348;300378;300413;300454;300458;300496;300627;300629;300634;300674;300857;300996;301050;301110;301171,301165,0.9821428571428571,true,0,,true,false,0.03227014154957331,,false,research_universe_v1_2,0.0,post_termination_diagnostic,false,false,,,,,,true,qfq,true,false,true,true,false,false,true,revised_history,2026-07-11,False
2022-10-26,2022-11-23,20,full,56,55,000063;000681;000901;000938;000977;001208;002015;002044;002049;002065;002131;002212;002230;002236;002279;002315;002361;002373;002396;002410;002446;002544;002558;002757;002792;002881;002929;002935;002987;300002;300017;300033;300047;300058;300101;300113;300133;300170;300182;300339;300348;300378;300413;300454;300458;300496;300627;300629;300634;300674;300857;300996;301050;301110;301171,301165,0.9821428571428571,true,0,,true,false,0.04424245306464205,,false,research_universe_v1_2,0.0,post_termination_diagnostic,false,false,,,,,,true,qfq,true,false,true,true,false,false,true,revised_history,2026-07-11,False
2022-11-23,2022-12-21,20,full,56,56,000063;000681;000901;000938;000977;001208;002015;002044;002049;002065;002131;002212;002230;002236;002279;002315;002361;002373;002396;002410;002446;002544;002558;002757;002792;002881;002929;002935;002987;300002;300017;300033;300047;300058;300101;300113;300133;300170;300182;300339;300348;300378;300413;300454;300458;300496;300627;300629;300634;300674;300857;300996;301050;301110;301165;301171,,1.0,true,0,,true,false,-0.06275757890989693,,false,research_universe_v1_2,0.0,post_termination_diagnostic,false,false,,,,,,true,qfq,true,false,true,true,false,false,true,revised_history,2026-07-11,False
2022-12-21,2023-01-19,20,full,56,56,000063;000681;000901;000938;000977;001208;002015;002044;002049;002065;002131;002212;002230;002236;002279;002315;002361;002373;002396;002410;002446;002544;002558;002757;002792;002881;002929;002935;002987;300002;300017;300033;300047;300058;300101;300113;300133;300170;300182;300339;300348;300378;300413;300454;300458;300496;300627;300629;300634;300674;300857;300996;301050;301110;301165;301171,,1.0,true,0,,true,false,0.12420758365445138,002279,false,research_universe_v1_2,0.0,post_termination_diagnostic,false,false,,,,,,true,qfq,true,false,true,true,false,false,true,revised_history,2026-07-11,False
2023-01-19,2023-02-23,20,full,56,56,000063;000681;000901;000938;000977;001208;002015;002044;002049;002065;002131;002212;002230;002236;002279;002315;002361;002373;002396;002410;002446;002544;002558;002757;002792;002881;002929;002935;002987;300002;300017;300033;300047;300058;300101;300113;300133;300170;300182;300339;300348;300378;300413;300454;300458;300496;300627;300629;300634;300674;300857;300996;301050;301110;301165;301171,,1.0,true,0,,true,false,0.07399346849217937,000977,false,research_universe_v1_2,0.0,post_termination_diagnostic,false,false,,,,,,true,qfq,true,false,true,true,false,false,true,revised_history,2026-07-11,False
2023-02-23,2023-03-23,20,full,56,56,000063;000681;000901;000938;000977;001208;002015;002044;002049;002065;002131;002212;002230;002236;002279;002315;002361;002373;002396;002410;002446;002544;002558;002757;002792;002881;002929;002935;002987;300002;300017;300033;300047;300058;300101;300113;300133;300170;300182;300339;300348;300378;300413;300454;300458;300496;300627;300629;300634;300674;300857;300996;301050;301110;301165;301171,,1.0,true,0,,true,false,0.1658062418563168,002236;300058;300634;301110,false,research_universe_v1_2,0.0,post_termination_diagnostic,false,false,,,,,,true,qfq,true,false,true,true,false,false,true,revised_history,2026-07-11,False
2023-03-23,2023-04-21,20,full,56,56,000063;000681;000901;000938;000977;001208;002015;002044;002049;002065;002131;002212;002230;002236;002279;002315;002361;002373;002396;002410;002446;002544;002558;002757;002792;002881;002929;002935;002987;300002;300017;300033;300047;300058;300101;300113;300133;300170;300182;300339;300348;300378;300413;300454;300458;300496;300627;300629;300634;300674;300857;300996;301050;301110;301165;301171,,1.0,true,0,,true,false,-0.0033208531672699955,300002,false,research_universe_v1_2,0.0,post_termination_diagnostic,false,false,,,,,,true,qfq,true,false,true,true,false,false,true,revised_history,2026-07-11,False
2023-04-21,2023-05-24,20,full,56,56,000063;000681;000901;000938;000977;001208;002015;002044;002049;002065;002131;002212;002230;002236;002279;002315;002361;002373;002396;002410;002446;002544;002558;002757;002792;002881;002929;002935;002987;300002;300017;300033;300047;300058;300101;300113;300133;300170;300182;300339;300348;300378;300413;300454;300458;300496;300627;300629;300634;300674;300857;300996;301050;301110;301165;301171,,1.0,true,0,,true,false,-0.05483119735482222,002315,false,research_universe_v1_2,0.0,post_termination_diagnostic,false,false,,,,,,true,qfq,true,false,true,true,false,false,true,revised_history,2026-07-11,False
2023-05-24,2023-06-21,20,full,56,56,000063;000681;000901;000938;000977;001208;002015;002044;002049;002065;002131;002212;002230;002236;002279;002315;002361;002373;002396;002410;002446;002544;002558;002757;002792;002881;002929;002935;002987;300002;300017;300033;300047;300058;300101;300113;300133;300170;300182;300339;300348;300378;300413;300454;300458;300496;300627;300629;300634;300674;300857;300996;301050;301110;301165;301171,,1.0,true,0,,true,false,0.14097383121270685,000977;300378,false,research_universe_v1_2,0.0,post_termination_diagnostic,false,false,,,,,,true,qfq,true,false,true,true,false,false,true,revised_history,2026-07-11,False
2023-06-21,2023-07-21,20,full,56,56,000063;000681;000901;000938;000977;001208;002015;002044;002049;002065;002131;002212;002230;002236;002279;002315;002361;002373;002396;002410;002446;002544;002558;002757;002792;002881;002929;002935;002987;300002;300017;300033;300047;300058;300101;300113;300133;300170;300182;300339;300348;300378;300413;300454;300458;300496;300627;300629;300634;300674;300857;300996;301050;301110;301165;301171,,1.0,true,0,,true,false,-0.11066249504993647,,false,research_universe_v1_2,0.0,post_termination_diagnostic,false,false,,,,,,true,qfq,true,false,true,true,false,false,true,revised_history,2026-07-11,False
2023-07-21,2023-08-18,20,full,56,56,000063;000681;000901;000938;000977;001208;002015;002044;002049;002065;002131;002212;002230;002236;002279;002315;002361;002373;002396;002410;002446;002544;002558;002757;002792;002881;002929;002935;002987;300002;300017;300033;300047;300058;300101;300113;300133;300170;300182;300339;300348;300378;300413;300454;300458;300496;300627;300629;300634;300674;300857;300996;301050;301110;301165;301171,,1.0,true,0,,true,false,-0.05692473586207752,,false,research_universe_v1_2,0.0,post_termination_diagnostic,false,false,,,,,,true,qfq,true,false,true,true,false,false,true,revised_history,2026-07-11,False
2023-08-18,2023-09-15,20,full,56,56,000063;000681;000901;000938;000977;001208;002015;002044;002049;002065;002131;002212;002230;002236;002279;002315;002361;002373;002396;002410;002446;002544;002558;002757;002792;002881;002929;002935;002987;300002;300017;300033;300047;300058;300101;300113;300133;300170;300182;300339;300348;300378;300413;300454;300458;300496;300627;300629;300634;300674;300857;300996;301050;301110;301165;301171,,1.0,true,0,,true,false,-0.021475391509372596,,false,research_universe_v1_2,0.0,post_termination_diagnostic,false,false,,,,,,true,qfq,true,false,true,true,false,false,true,revised_history,2026-07-11,False
2023-09-15,2023-10-23,20,full,56,56,000063;000681;000901;000938;000977;001208;002015;002044;002049;002065;002131;002212;002230;002236;002279;002315;002361;002373;002396;002410;002446;002544;002558;002757;002792;002881;002929;002935;002987;300002;300017;300033;300047;300058;300101;300113;300133;300170;300182;300339;300348;300378;300413;300454;300458;300496;300627;300629;300634;300674;300857;300996;301050;301110;301165;301171,,1.0,true,0,,true,false,-0.07628915573011731,,false,research_universe_v1_2,0.0,post_termination_diagnostic,false,false,,,,,,true,qfq,true,false,true,true,false,false,true,revised_history,2026-07-11,False
2023-10-23,2023-11-20,20,full,56,56,000063;000681;000901;000938;000977;001208;002015;002044;002049;002065;002131;002212;002230;002236;002279;002315;002361;002373;002396;002410;002446;002544;002558;002757;002792;002881;002929;002935;002987;300002;300017;300033;300047;300058;300101;300113;300133;300170;300182;300339;300348;300378;300413;300454;300458;300496;300627;300629;300634;300674;300857;300996;301050;301110;301165;301171,,1.0,true,0,,true,false,0.17656587414065159,300857,false,research_universe_v1_2,0.0,post_termination_diagnostic,false,false,,,,,,true,qfq,true,false,true,true,false,false,true,revised_history,2026-07-11,False
2023-11-20,2023-12-18,20,full,56,56,000063;000681;000901;000938;000977;001208;002015;002044;002049;002065;002131;002212;002230;002236;002279;002315;002361;002373;002396;002410;002446;002544;002558;002757;002792;002881;002929;002935;002987;300002;300017;300033;300047;300058;300101;300113;300133;300170;300182;300339;300348;300378;300413;300454;300458;300496;300627;300629;300634;300674;300857;300996;301050;301110;301165;301171,,1.0,true,0,,true,false,-0.05666157503579148,,false,research_universe_v1_2,0.0,post_termination_diagnostic,false,false,,,,,,true,qfq,true,false,true,true,false,false,true,revised_history,2026-07-11,False
2023-12-18,2024-01-16,20,full,56,56,000063;000681;000901;000938;000977;001208;002015;002044;002049;002065;002131;002212;002230;002236;002279;002315;002361;002373;002396;002410;002446;002544;002558;002757;002792;002881;002929;002935;002987;300002;300017;300033;300047;300058;300101;300113;300133;300170;300182;300339;300348;300378;300413;300454;300458;300496;300627;300629;300634;300674;300857;300996;301050;301110;301165;301171,,1.0,true,0,,true,false,-0.11205089735541264,,false,research_universe_v1_2,0.0,post_termination_diagnostic,false,false,,,,,,true,qfq,true,false,true,true,false,false,true,revised_history,2026-07-11,False
2024-01-16,2024-02-21,20,full,56,56,000063;000681;000901;000938;000977;001208;002015;002044;002049;002065;002131;002212;002230;002236;002279;002315;002361;002373;002396;002410;002446;002544;002558;002757;002792;002881;002929;002935;002987;300002;300017;300033;300047;300058;300101;300113;300133;300170;300182;300339;300348;300378;300413;300454;300458;300496;300627;300629;300634;300674;300857;300996;301050;301110;301165;301171,,1.0,true,0,,true,false,-0.08317335919871677,,false,research_universe_v1_2,0.0,post_termination_diagnostic,false,false,,,,,,true,qfq,true,false,true,true,false,false,true,revised_history,2026-07-11,False
2024-02-21,2024-03-20,20,full,56,56,000063;000681;000901;000938;000977;001208;002015;002044;002049;002065;002131;002212;002230;002236;002279;002315;002361;002373;002396;002410;002446;002544;002558;002757;002792;002881;002929;002935;002987;300002;300017;300033;300047;300058;300101;300113;300133;300170;300182;300339;300348;300378;300413;300454;300458;300496;300627;300629;300634;300674;300857;300996;301050;301110;301165;301171,,1.0,true,0,,true,false,0.1995777043829181,002544,false,research_universe_v1_2,0.0,post_termination_diagnostic,false,false,,,,,,true,qfq,true,false,true,true,false,false,true,revised_history,2026-07-11,False
2024-03-20,2024-04-19,20,full,56,56,000063;000681;000901;000938;000977;001208;002015;002044;002049;002065;002131;002212;002230;002236;002279;002315;002361;002373;002396;002410;002446;002544;002558;002757;002792;002881;002929;002935;002987;300002;300017;300033;300047;300058;300101;300113;300133;300170;300182;300339;300348;300378;300413;300454;300458;300496;300627;300629;300634;300674;300857;300996;301050;301110;301165;301171,,1.0,true,0,,true,false,-0.15368606609340832,,false,research_universe_v1_2,0.0,post_termination_diagnostic,false,false,,,,,,true,qfq,true,false,true,true,false,false,true,revised_history,2026-07-11,False
2024-04-19,2024-05-22,20,full,56,56,000063;000681;000901;000938;000977;001208;002015;002044;002049;002065;002131;002212;002230;002236;002279;002315;002361;002373;002396;002410;002446;002544;002558;002757;002792;002881;002929;002935;002987;300002;300017;300033;300047;300058;300101;300113;300133;300170;300182;300339;300348;300378;300413;300454;300458;300496;300627;300629;300634;300674;300857;300996;301050;301110;301165;301171,,1.0,true,0,,true,false,0.05757912758518515,,false,research_universe_v1_2,0.0,post_termination_diagnostic,false,false,,,,,,true,qfq,true,false,true,true,false,false,true,revised_history,2026-07-11,False
2024-05-22,2024-06-20,20,full,56,56,000063;000681;000901;000938;000977;001208;002015;002044;002049;002065;002131;002212;002230;002236;002279;002315;002361;002373;002396;002410;002446;002544;002558;002757;002792;002881;002929;002935;002987;300002;300017;300033;300047;300058;300101;300113;300133;300170;300182;300339;300348;300378;300413;300454;300458;300496;300627;300629;300634;300674;300857;300996;301050;301110;301165;301171,,1.0,true,0,,true,false,-0.07770880956230873,,false,research_universe_v1_2,0.0,post_termination_diagnostic,false,false,,,,,,true,qfq,true,false,true,true,false,false,true,revised_history,2026-07-11,False
2024-06-20,2024-07-18,20,full,56,56,000063;000681;000901;000938;000977;001208;002015;002044;002049;002065;002131;002212;002230;002236;002279;002315;002361;002373;002396;002410;002446;002544;002558;002757;002792;002881;002929;002935;002987;300002;300017;300033;300047;300058;300101;300113;300133;300170;300182;300339;300348;300378;300413;300454;300458;300496;300627;300629;300634;300674;300857;300996;301050;301110;301165;301171,,1.0,true,0,,true,false,-0.03887293521767639,,false,research_universe_v1_2,0.0,post_termination_diagnostic,false,false,,,,,,true,qfq,true,false,true,true,false,false,true,revised_history,2026-07-11,False
2024-07-18,2024-08-15,20,full,56,56,000063;000681;000901;000938;000977;001208;002015;002044;002049;002065;002131;002212;002230;002236;002279;002315;002361;002373;002396;002410;002446;002544;002558;002757;002792;002881;002929;002935;002987;300002;300017;300033;300047;300058;300101;300113;300133;300170;300182;300339;300348;300378;300413;300454;300458;300496;300627;300629;300634;300674;300857;300996;301050;301110;301165;301171,,1.0,true,0,,true,false,-0.006208754735984358,,false,research_universe_v1_2,0.0,post_termination_diagnostic,false,false,,,,,,true,qfq,true,false,true,true,false,false,true,revised_history,2026-07-11,False
2024-08-15,2024-09-12,20,full,56,56,000063;000681;000901;000938;000977;001208;002015;002044;002049;002065;002131;002212;002230;002236;002279;002315;002361;002373;002396;002410;002446;002544;002558;002757;002792;002881;002929;002935;002987;300002;300017;300033;300047;300058;300101;300113;300133;300170;300182;300339;300348;300378;300413;300454;300458;300496;300627;300629;300634;300674;300857;300996;301050;301110;301165;301171,,1.0,true,0,,true,false,-0.017572585028223214,,false,research_universe_v1_2,0.0,post_termination_diagnostic,false,false,,,,,,true,qfq,true,false,true,true,false,false,true,revised_history,2026-07-11,False
2024-09-12,2024-10-21,20,full,56,56,000063;000681;000901;000938;000977;001208;002015;002044;002049;002065;002131;002212;002230;002236;002279;002315;002361;002373;002396;002410;002446;002544;002558;002757;002792;002881;002929;002935;002987;300002;300017;300033;300047;300058;300101;300113;300133;300170;300182;300339;300348;300378;300413;300454;300458;300496;300627;300629;300634;300674;300857;300996;301050;301110;301165;301171,,1.0,true,0,,true,false,0.5003483077501091,002049;002410;002544;002987;300002;300033;300047;300339;300348;300458;300496;300674;300857;301050;301110;301165;301171,true,research_universe_v1_2,0.0,post_termination_diagnostic,false,false,,,,,,true,qfq,true,false,true,true,false,false,true,revised_history,2026-07-11,False
2024-10-21,2024-11-18,20,full,56,56,000063;000681;000901;000938;000977;001208;002015;002044;002049;002065;002131;002212;002230;002236;002279;002315;002361;002373;002396;002410;002446;002544;002558;002757;002792;002881;002929;002935;002987;300002;300017;300033;300047;300058;300101;300113;300133;300170;300182;300339;300348;300378;300413;300454;300458;300496;300627;300629;300634;300674;300857;300996;301050;301110;301165;301171,,1.0,true,0,,true,false,0.022217976610154396,301171,false,research_universe_v1_2,0.0,post_termination_diagnostic,false,false,,,,,,true,qfq,true,false,true,true,false,false,true,revised_history,2026-07-11,False
2024-11-18,2024-12-16,20,full,56,56,000063;000681;000901;000938;000977;001208;002015;002044;002049;002065;002131;002212;002230;002236;002279;002315;002361;002373;002396;002410;002446;002544;002558;002757;002792;002881;002929;002935;002987;300002;300017;300033;300047;300058;300101;300113;300133;300170;300182;300339;300348;300378;300413;300454;300458;300496;300627;300629;300634;300674;300857;300996;301050;301110;301165;301171,,1.0,true,0,,true,false,0.11989851294001076,000681;002131,false,research_universe_v1_2,0.0,post_termination_diagnostic,false,false,,,,,,true,qfq,true,false,true,true,false,false,true,revised_history,2026-07-11,False
2024-12-16,2025-01-14,20,full,56,56,000063;000681;000901;000938;000977;001208;002015;002044;002049;002065;002131;002212;002230;002236;002279;002315;002361;002373;002396;002410;002446;002544;002558;002757;002792;002881;002929;002935;002987;300002;300017;300033;300047;300058;300101;300113;300133;300170;300182;300339;300348;300378;300413;300454;300458;300496;300627;300629;300634;300674;300857;300996;301050;301110;301165;301171,,1.0,true,0,,true,false,-0.07565695146073331,,false,research_universe_v1_2,0.0,post_termination_diagnostic,false,false,,,,,,true,qfq,true,false,true,true,false,false,true,revised_history,2026-07-11,False
2025-01-14,2025-02-19,20,full,56,56,000063;000681;000901;000938;000977;001208;002015;002044;002049;002065;002131;002212;002230;002236;002279;002315;002361;002373;002396;002410;002446;002544;002558;002757;002792;002881;002929;002935;002987;300002;300017;300033;300047;300058;300101;300113;300133;300170;300182;300339;300348;300378;300413;300454;300458;300496;300627;300629;300634;300674;300857;300996;301050;301110;301165;301171,,1.0,true,0,,true,false,0.25327305682073076,002044;002065;002757;002881;002929;300113;300170;300378;300454;300674;300996,false,research_universe_v1_2,0.0,post_termination_diagnostic,false,false,,,,,,true,qfq,true,false,true,true,false,false,true,revised_history,2026-07-11,False
2025-02-19,2025-03-19,20,full,56,56,000063;000681;000901;000938;000977;001208;002015;002044;002049;002065;002131;002212;002230;002236;002279;002315;002361;002373;002396;002410;002446;002544;002558;002757;002792;002881;002929;002935;002987;300002;300017;300033;300047;300058;300101;300113;300133;300170;300182;300339;300348;300378;300413;300454;300458;300496;300627;300629;300634;300674;300857;300996;301050;301110;301165;301171,,1.0,true,0,,true,false,0.007317632058916665,,false,research_universe_v1_2,0.0,post_termination_diagnostic,false,false,,,,,,true,qfq,true,false,true,true,false,false,true,revised_history,2026-07-11,False
2025-03-19,2025-04-17,20,full,56,56,000063;000681;000901;000938;000977;001208;002015;002044;002049;002065;002131;002212;002230;002236;002279;002315;002361;002373;002396;002410;002446;002544;002558;002757;002792;002881;002929;002935;002987;300002;300017;300033;300047;300058;300101;300113;300133;300170;300182;300339;300348;300378;300413;300454;300458;300496;300627;300629;300634;300674;300857;300996;301050;301110;301165;301171,,1.0,true,0,,true,false,-0.1556455554321958,,false,research_universe_v1_2,0.0,post_termination_diagnostic,false,false,,,,,,true,qfq,true,false,true,true,false,false,true,revised_history,2026-07-11,False
2025-04-17,2025-05-20,20,full,56,56,000063;000681;000901;000938;000977;001208;002015;002044;002049;002065;002131;002212;002230;002236;002279;002315;002361;002373;002396;002410;002446;002544;002558;002757;002792;002881;002929;002935;002987;300002;300017;300033;300047;300058;300101;300113;300133;300170;300182;300339;300348;300378;300413;300454;300458;300496;300627;300629;300634;300674;300857;300996;301050;301110;301165;301171,,1.0,true,0,,true,false,0.06554272940311955,,false,research_universe_v1_2,0.0,post_termination_diagnostic,false,false,,,,,,true,qfq,true,false,true,true,false,false,true,revised_history,2026-07-11,False
2025-05-20,2025-06-18,20,full,56,56,000063;000681;000901;000938;000977;001208;002015;002044;002049;002065;002131;002212;002230;002236;002279;002315;002361;002373;002396;002410;002446;002544;002558;002757;002792;002881;002929;002935;002987;300002;300017;300033;300047;300058;300101;300113;300133;300170;300182;300339;300348;300378;300413;300454;300458;300496;300627;300629;300634;300674;300857;300996;301050;301110;301165;301171,,1.0,true,0,,true,false,0.018664184125683218,002015,false,research_universe_v1_2,0.0,post_termination_diagnostic,false,false,,,,,,true,qfq,true,false,true,true,false,false,true,revised_history,2026-07-11,False
2025-06-18,2025-07-16,20,full,56,56,000063;000681;000901;000938;000977;001208;002015;002044;002049;002065;002131;002212;002230;002236;002279;002315;002361;002373;002396;002410;002446;002544;002558;002757;002792;002881;002929;002935;002987;300002;300017;300033;300047;300058;300101;300113;300133;300170;300182;300339;300348;300378;300413;300454;300458;300496;300627;300629;300634;300674;300857;300996;301050;301110;301165;301171,,1.0,true,0,,true,false,0.08510675454075069,,false,research_universe_v1_2,0.0,post_termination_diagnostic,false,false,,,,,,true,qfq,true,false,true,true,false,false,true,revised_history,2026-07-11,False
2025-07-16,2025-08-13,20,full,56,56,000063;000681;000901;000938;000977;001208;002015;002044;002049;002065;002131;002212;002230;002236;002279;002315;002361;002373;002396;002410;002446;002544;002558;002757;002792;002881;002929;002935;002987;300002;300017;300033;300047;300058;300101;300113;300133;300170;300182;300339;300348;300378;300413;300454;300458;300496;300627;300629;300634;300674;300857;300996;301050;301110;301165;301171,,1.0,true,0,,true,false,0.07789432298799008,000901,false,research_universe_v1_2,0.0,post_termination_diagnostic,false,false,,,,,,true,qfq,true,false,true,true,false,false,true,revised_history,2026-07-11,False
2025-08-13,2025-09-10,20,full,56,56,000063;000681;000901;000938;000977;001208;002015;002044;002049;002065;002131;002212;002230;002236;002279;002315;002361;002373;002396;002410;002446;002544;002558;002757;002792;002881;002929;002935;002987;300002;300017;300033;300047;300058;300101;300113;300133;300170;300182;300339;300348;300378;300413;300454;300458;300496;300627;300629;300634;300674;300857;300996;301050;301110;301165;301171,,1.0,true,0,,true,false,0.03149998037717328,002558,false,research_universe_v1_2,0.0,post_termination_diagnostic,false,false,,,,,,true,qfq,true,false,true,true,false,false,true,revised_history,2026-07-11,False
2025-09-10,2025-10-16,20,full,56,56,000063;000681;000901;000938;000977;001208;002015;002044;002049;002065;002131;002212;002230;002236;002279;002315;002361;002373;002396;002410;002446;002544;002558;002757;002792;002881;002929;002935;002987;300002;300017;300033;300047;300058;300101;300113;300133;300170;300182;300339;300348;300378;300413;300454;300458;300496;300627;300629;300634;300674;300857;300996;301050;301110;301165;301171,,1.0,true,0,,true,false,0.015776558463768738,,false,research_universe_v1_2,0.0,post_termination_diagnostic,false,false,,,,,,true,qfq,true,false,true,true,false,false,true,revised_history,2026-07-11,False
2025-10-16,2025-11-13,20,full,56,56,000063;000681;000901;000938;000977;001208;002015;002044;002049;002065;002131;002212;002230;002236;002279;002315;002361;002373;002396;002410;002446;002544;002558;002757;002792;002881;002929;002935;002987;300002;300017;300033;300047;300058;300101;300113;300133;300170;300182;300339;300348;300378;300413;300454;300458;300496;300627;300629;300634;300674;300857;300996;301050;301110;301165;301171,,1.0,true,0,,true,false,-0.01808374650445291,,false,research_universe_v1_2,0.0,post_termination_diagnostic,false,false,,,,,,true,qfq,true,false,true,true,false,false,true,revised_history,2026-07-11,False
2025-11-13,2025-12-11,20,full,56,56,000063;000681;000901;000938;000977;001208;002015;002044;002049;002065;002131;002212;002230;002236;002279;002315;002361;002373;002396;002410;002446;002544;002558;002757;002792;002881;002929;002935;002987;300002;300017;300033;300047;300058;300101;300113;300133;300170;300182;300339;300348;300378;300413;300454;300458;300496;300627;300629;300634;300674;300857;300996;301050;301110;301165;301171,,1.0,true,0,,true,false,-0.010102586639003019,,false,research_universe_v1_2,0.0,post_termination_diagnostic,false,false,,,,,,true,qfq,true,false,true,true,false,false,true,revised_history,2026-07-11,False
2025-12-11,2026-01-12,20,full,56,56,000063;000681;000901;000938;000977;001208;002015;002044;002049;002065;002131;002212;002230;002236;002279;002315;002361;002373;002396;002410;002446;002544;002558;002757;002792;002881;002929;002935;002987;300002;300017;300033;300047;300058;300101;300113;300133;300170;300182;300339;300348;300378;300413;300454;300458;300496;300627;300629;300634;300674;300857;300996;301050;301110;301165;301171,,1.0,true,1,002049,false,true,,000901;001208;002131;002361;002757;002792;300058;300170;300627;300629;301050;301110;301171,false,research_universe_v1_2,0.0,post_termination_diagnostic,false,false,,,,,,true,qfq,true,false,true,true,false,false,true,revised_history,2026-07-11,False
2026-01-12,2026-02-09,20,full,56,55,000063;000681;000901;000938;000977;001208;002015;002044;002065;002131;002212;002230;002236;002279;002315;002361;002373;002396;002410;002446;002544;002558;002757;002792;002881;002929;002935;002987;300002;300017;300033;300047;300058;300101;300113;300133;300170;300182;300339;300348;300378;300413;300454;300458;300496;300627;300629;300634;300674;300857;300996;301050;301110;301165;301171,002049,0.9821428571428571,true,0,,true,false,-0.08349865275953523,300017,false,research_universe_v1_2,0.0,post_termination_diagnostic,false,false,,,,,,true,qfq,true,false,true,true,false,false,true,revised_history,2026-07-11,False
2026-02-09,2026-03-17,20,full,56,56,000063;000681;000901;000938;000977;001208;002015;002044;002049;002065;002131;002212;002230;002236;002279;002315;002361;002373;002396;002410;002446;002544;002558;002757;002792;002881;002929;002935;002987;300002;300017;300033;300047;300058;300101;300113;300133;300170;300182;300339;300348;300378;300413;300454;300458;300496;300627;300629;300634;300674;300857;300996;301050;301110;301165;301171,,1.0,true,0,,true,false,-0.0990145352841494,002015,false,research_universe_v1_2,0.0,post_termination_diagnostic,false,false,,,,,,true,qfq,true,false,true,true,false,false,true,revised_history,2026-07-11,False
2026-03-17,2026-04-15,20,full,56,56,000063;000681;000901;000938;000977;001208;002015;002044;002049;002065;002131;002212;002230;002236;002279;002315;002361;002373;002396;002410;002446;002544;002558;002757;002792;002881;002929;002935;002987;300002;300017;300033;300047;300058;300101;300113;300133;300170;300182;300339;300348;300378;300413;300454;300458;300496;300627;300629;300634;300674;300857;300996;301050;301110;301165;301171,,1.0,true,0,,true,false,0.004550041840302842,002361,false,research_universe_v1_2,0.0,post_termination_diagnostic,false,false,,,,,,true,qfq,true,false,true,true,false,false,true,revised_history,2026-07-11,False
2026-04-15,2026-05-18,20,full,56,56,000063;000681;000901;000938;000977;001208;002015;002044;002049;002065;002131;002212;002230;002236;002279;002315;002361;002373;002396;002410;002446;002544;002558;002757;002792;002881;002929;002935;002987;300002;300017;300033;300047;300058;300101;300113;300133;300170;300182;300339;300348;300378;300413;300454;300458;300496;300627;300629;300634;300674;300857;300996;301050;301110;301165;301171,,1.0,true,0,,true,false,0.05003264262812302,002929,false,research_universe_v1_2,0.0,post_termination_diagnostic,false,false,,,,,,true,qfq,true,false,true,true,false,false,true,revised_history,2026-07-11,False
2026-05-18,2026-06-15,20,full,56,56,000063;000681;000901;000938;000977;001208;002015;002044;002049;002065;002131;002212;002230;002236;002279;002315;002361;002373;002396;002410;002446;002544;002558;002757;002792;002881;002929;002935;002987;300002;300017;300033;300047;300058;300101;300113;300133;300170;300182;300339;300348;300378;300413;300454;300458;300496;300627;300629;300634;300674;300857;300996;301050;301110;301165;301171,,1.0,true,0,,true,false,-0.13522642613823008,,false,research_universe_v1_2,0.0,post_termination_diagnostic,false,false,,,,,,true,qfq,true,false,true,true,false,false,true,revised_history,2026-07-11,False
2026-06-15,2026-07-10,18,partial,56,56,000063;000681;000901;000938;000977;001208;002015;002044;002049;002065;002131;002212;002230;002236;002279;002315;002361;002373;002396;002410;002446;002544;002558;002757;002792;002881;002929;002935;002987;300002;300017;300033;300047;300058;300101;300113;300133;300170;300182;300339;300348;300378;300413;300454;300458;300496;300627;300629;300634;300674;300857;300996;301050;301110;301165;301171,,1.0,true,0,,true,false,0.00019658873552947162,301165,false,research_universe_v1_2,0.0,post_termination_diagnostic,false,true,,,,,,true,qfq,true,false,true,true,false,false,true,pipeline_unseen_retrospective_extension,2026-07-11,False
2020-01-02,2020-02-07,20,full,56,48,000063;000681;000901;000938;000977;002015;002044;002049;002065;002131;002212;002230;002236;002279;002315;002361;002373;002396;002410;002446;002544;002558;002757;002792;002881;002929;002935;300002;300017;300033;300047;300058;300101;300113;300133;300170;300182;300339;300348;300378;300413;300454;300458;300496;300627;300629;300634;300674,001208;002987;300857;300996;301050;301110;301165;301171,0.8571428571428571,true,0,,true,false,0.10154335749330018,300182;300454,false,research_universe_v1_2,0.001,headline,true,false,1.0,0.001,0.10054335749330018,1.1005433574933001,,true,qfq,true,false,true,true,false,false,true,revised_history,2026-07-11,False
2020-02-07,2020-03-06,20,full,56,48,000063;000681;000901;000938;000977;002015;002044;002049;002065;002131;002212;002230;002236;002279;002315;002361;002373;002396;002410;002446;002544;002558;002757;002792;002881;002929;002935;300002;300017;300033;300047;300058;300101;300113;300133;300170;300182;300339;300348;300378;300413;300454;300458;300496;300627;300629;300634;300674,001208;002987;300857;300996;301050;301110;301165;301171,0.8571428571428571,true,0,,true,false,0.11490165847738444,002131,false,research_universe_v1_2,0.001,headline,true,false,0.07045107936030028,7.045107936030028e-05,0.11483120739802415,1.2269200800281312,,true,qfq,true,false,true,true,false,false,true,revised_history,2026-07-11,False
2020-03-06,2020-04-03,20,full,56,48,000063;000681;000901;000938;000977;002015;002044;002049;002065;002131;002212;002230;002236;002279;002315;002361;002373;002396;002410;002446;002544;002558;002757;002792;002881;002929;002935;300002;300017;300033;300047;300058;300101;300113;300133;300170;300182;300339;300348;300378;300413;300454;300458;300496;300627;300629;300634;300674,001208;002987;300857;300996;301050;301110;301165;301171,0.8571428571428571,true,0,,true,false,-0.1499251584882892,,false,research_universe_v1_2,0.001,headline,true,false,0.0594064840337518,5.94064840337518e-05,-0.14998456497232293,1.0429010055693044,,true,qfq,true,false,true,true,false,false,true,revised_history,2026-07-11,False
2020-04-03,2020-05-07,20,full,56,48,000063;000681;000901;000938;000977;002015;002044;002049;002065;002131;002212;002230;002236;002279;002315;002361;002373;002396;002410;002446;002544;002558;002757;002792;002881;002929;002935;300002;300017;300033;300047;300058;300101;300113;300133;300170;300182;300339;300348;300378;300413;300454;300458;300496;300627;300629;300634;300674,001208;002987;300857;300996;301050;301110;301165;301171,0.8571428571428571,true,0,,true,false,0.06648719938613533,300002,false,research_universe_v1_2,0.001,headline,true,false,0.03133102945328968,3.133102945328968e-05,0.06645586835668203,1.1122078975044694,,true,qfq,true,false,true,true,false,false,true,revised_history,2026-07-11,False
2020-05-07,2020-06-04,20,full,56,49,000063;000681;000901;000938;000977;002015;002044;002049;002065;002131;002212;002230;002236;002279;002315;002361;002373;002396;002410;002446;002544;002558;002757;002792;002881;002929;002935;002987;300002;300017;300033;300047;300058;300101;300113;300133;300170;300182;300339;300348;300378;300413;300454;300458;300496;300627;300629;300634;300674,001208;300857;300996;301050;301110;301165;301171,0.875,true,0,,true,false,0.017404092610972123,002987,false,research_universe_v1_2,0.001,headline,true,false,0.04586140856370281,4.5861408563702815e-05,0.01735823120240842,1.1315138593344964,,true,qfq,true,false,true,true,false,false,true,revised_history,2026-07-11,False
2020-06-04,2020-07-06,20,full,56,49,000063;000681;000901;000938;000977;002015;002044;002049;002065;002131;002212;002230;002236;002279;002315;002361;002373;002396;002410;002446;002544;002558;002757;002792;002881;002929;002935;002987;300002;300017;300033;300047;300058;300101;300113;300133;300170;300182;300339;300348;300378;300413;300454;300458;300496;300627;300629;300634;300674,001208;300857;300996;301050;301110;301165;301171,0.875,true,0,,true,false,0.14472413560327987,300033,false,research_universe_v1_2,0.001,headline,true,false,0.03888610188459358,3.8886101884593576e-05,0.14468524950139527,1.2952272243865948,,true,qfq,true,false,true,true,false,false,true,revised_history,2026-07-11,False
2020-07-06,2020-08-03,20,full,56,49,000063;000681;000901;000938;000977;002015;002044;002049;002065;002131;002212;002230;002236;002279;002315;002361;002373;002396;002410;002446;002544;002558;002757;002792;002881;002929;002935;002987;300002;300017;300033;300047;300058;300101;300113;300133;300170;300182;300339;300348;300378;300413;300454;300458;300496;300627;300629;300634;300674,001208;300857;300996;301050;301110;301165;301171,0.875,true,0,,true,false,0.07522606527590829,300378,false,research_universe_v1_2,0.001,headline,true,false,0.04504114495142817,4.504114495142817e-05,0.07518102413095687,1.3926037335982757,,true,qfq,true,false,true,true,false,false,true,revised_history,2026-07-11,False
2020-08-03,2020-08-31,20,full,56,50,000063;000681;000901;000938;000977;002015;002044;002049;002065;002131;002212;002230;002236;002279;002315;002361;002373;002396;002410;002446;002544;002558;002757;002792;002881;002929;002935;002987;300002;300017;300033;300047;300058;300101;300113;300133;300170;300182;300339;300348;300378;300413;300454;300458;300496;300627;300629;300634;300674;300857,001208;300996;301050;301110;301165;301171,0.8928571428571429,true,0,,true,false,0.006347168494141578,300857,false,research_universe_v1_2,0.001,headline,true,false,0.07356821279906645,7.356821279906645e-05,0.006273600281342512,1.4013403727731766,,true,qfq,true,false,true,true,false,false,true,revised_history,2026-07-11,False
2020-08-31,2020-09-28,20,full,56,50,000063;000681;000901;000938;000977;002015;002044;002049;002065;002131;002212;002230;002236;002279;002315;002361;002373;002396;002410;002446;002544;002558;002757;002792;002881;002929;002935;002987;300002;300017;300033;300047;300058;300101;300113;300133;300170;300182;300339;300348;300378;300413;300454;300458;300496;300627;300629;300634;300674;300857,001208;300996;301050;301110;301165;301171,0.8928571428571429,true,0,,true,false,-0.10361505119489094,,false,research_universe_v1_2,0.001,headline,true,false,0.04410285493103662,4.410285493103662e-05,-0.10365915404982197,1.256078615195647,,true,qfq,true,false,true,true,false,false,true,revised_history,2026-07-11,False
2020-09-28,2020-11-03,20,full,56,50,000063;000681;000901;000938;000977;002015;002044;002049;002065;002131;002212;002230;002236;002279;002315;002361;002373;002396;002410;002446;002544;002558;002757;002792;002881;002929;002935;002987;300002;300017;300033;300047;300058;300101;300113;300133;300170;300182;300339;300348;300378;300413;300454;300458;300496;300627;300629;300634;300674;300857,001208;300996;301050;301110;301165;301171,0.8928571428571429,true,0,,true,false,0.01099685188391149,,false,research_universe_v1_2,0.001,headline,true,false,0.025732397372927894,2.5732397372927895e-05,0.01097111948653856,1.269859203767444,,true,qfq,true,false,true,true,false,false,true,revised_history,2026-07-11,False
2020-11-03,2020-12-01,20,full,56,50,000063;000681;000901;000938;000977;002015;002044;002049;002065;002131;002212;002230;002236;002279;002315;002361;002373;002396;002410;002446;002544;002558;002757;002792;002881;002929;002935;002987;300002;300017;300033;300047;300058;300101;300113;300133;300170;300182;300339;300348;300378;300413;300454;300458;300496;300627;300629;300634;300674;300857,001208;300996;301050;301110;301165;301171,0.8928571428571429,true,0,,true,false,-0.006863184877291242,,false,research_universe_v1_2,0.001,headline,true,false,0.03466147115548626,3.466147115548626e-05,-0.006897846348446728,1.2610999100956954,,true,qfq,true,false,true,true,false,false,true,revised_history,2026-07-11,False
2020-12-01,2020-12-29,20,full,56,50,000063;000681;000901;000938;000977;002015;002044;002049;002065;002131;002212;002230;002236;002279;002315;002361;002373;002396;002410;002446;002544;002558;002757;002792;002881;002929;002935;002987;300002;300017;300033;300047;300058;300101;300113;300133;300170;300182;300339;300348;300378;300413;300454;300458;300496;300627;300629;300634;300674;300857,001208;300996;301050;301110;301165;301171,0.8928571428571429,true,0,,true,false,-0.08454149127253054,,false,research_universe_v1_2,0.001,headline,true,false,0.026925283626747995,2.6925283626747997e-05,-0.08456841655615728,1.1544506875797902,,true,qfq,true,false,true,true,false,false,true,revised_history,2026-07-11,False
2020-12-29,2021-01-27,20,full,56,50,000063;000681;000901;000938;000977;002015;002044;002049;002065;002131;002212;002230;002236;002279;002315;002361;002373;002396;002410;002446;002544;002558;002757;002792;002881;002929;002935;002987;300002;300017;300033;300047;300058;300101;300113;300133;300170;300182;300339;300348;300378;300413;300454;300458;300496;300627;300629;300634;300674;300857,001208;300996;301050;301110;301165;301171,0.8928571428571429,true,0,,true,false,0.022705460067826973,,false,research_universe_v1_2,0.001,headline,true,false,0.04405586623104485,4.405586623104485e-05,0.022661404201595927,1.1806121612418463,,true,qfq,true,false,true,true,false,false,true,revised_history,2026-07-11,False
2021-01-27,2021-03-03,20,full,56,50,000063;000681;000901;000938;000977;002015;002044;002049;002065;002131;002212;002230;002236;002279;002315;002361;002373;002396;002410;002446;002544;002558;002757;002792;002881;002929;002935;002987;300002;300017;300033;300047;300058;300101;300113;300133;300170;300182;300339;300348;300378;300413;300454;300458;300496;300627;300629;300634;300674;300857,001208;300996;301050;301110;301165;301171,0.8928571428571429,true,0,,true,false,0.0007060284314080555,,false,research_universe_v1_2,0.001,headline,true,false,0.05084141314545536,5.084141314545536e-05,0.0006551870182626001,1.1813856830034948,,true,qfq,true,false,true,true,false,false,true,revised_history,2026-07-11,False
2021-03-03,2021-03-31,20,full,56,50,000063;000681;000901;000938;000977;002015;002044;002049;002065;002131;002212;002230;002236;002279;002315;002361;002373;002396;002410;002446;002544;002558;002757;002792;002881;002929;002935;002987;300002;300017;300033;300047;300058;300101;300113;300133;300170;300182;300339;300348;300378;300413;300454;300458;300496;300627;300629;300634;300674;300857,001208;300996;301050;301110;301165;301171,0.8928571428571429,true,1,000063,false,true,,,false,research_universe_v1_2,0.001,termination_period,false,false,,,,,end_price_missing,true,qfq,true,false,true,true,false,false,true,revised_history,2026-07-11,False
2021-03-31,2021-04-29,20,full,56,49,000681;000901;000938;000977;002015;002044;002049;002065;002131;002212;002230;002236;002279;002315;002361;002373;002396;002410;002446;002544;002558;002757;002792;002881;002929;002935;002987;300002;300017;300033;300047;300058;300101;300113;300133;300170;300182;300339;300348;300378;300413;300454;300458;300496;300627;300629;300634;300674;300857,000063;001208;300996;301050;301110;301165;301171,0.875,true,0,,true,false,-0.003521132855046454,,false,research_universe_v1_2,0.001,post_termination_diagnostic,false,false,,,,,,true,qfq,true,false,true,true,false,false,true,revised_history,2026-07-11,False
2021-04-29,2021-06-01,20,full,56,50,000063;000681;000901;000938;000977;002015;002044;002049;002065;002131;002212;002230;002236;002279;002315;002361;002373;002396;002410;002446;002544;002558;002757;002792;002881;002929;002935;002987;300002;300017;300033;300047;300058;300101;300113;300133;300170;300182;300339;300348;300378;300413;300454;300458;300496;300627;300629;300634;300674;300857,001208;300996;301050;301110;301165;301171,0.8928571428571429,true,0,,true,false,0.08145685521039749,300339,false,research_universe_v1_2,0.001,post_termination_diagnostic,false,false,,,,,,true,qfq,true,false,true,true,false,false,true,revised_history,2026-07-11,False
2021-06-01,2021-06-30,20,full,56,50,000063;000681;000901;000938;000977;002015;002044;002049;002065;002131;002212;002230;002236;002279;002315;002361;002373;002396;002410;002446;002544;002558;002757;002792;002881;002929;002935;002987;300002;300017;300033;300047;300058;300101;300113;300133;300170;300182;300339;300348;300378;300413;300454;300458;300496;300627;300629;300634;300674;300857,001208;300996;301050;301110;301165;301171,0.8928571428571429,true,0,,true,false,0.062329729077167384,300339;300458,false,research_universe_v1_2,0.001,post_termination_diagnostic,false,false,,,,,,true,qfq,true,false,true,true,false,false,true,revised_history,2026-07-11,False
2021-06-30,2021-07-28,20,full,56,52,000063;000681;000901;000938;000977;001208;002015;002044;002049;002065;002131;002212;002230;002236;002279;002315;002361;002373;002396;002410;002446;002544;002558;002757;002792;002881;002929;002935;002987;300002;300017;300033;300047;300058;300101;300113;300133;300170;300182;300339;300348;300378;300413;300454;300458;300496;300627;300629;300634;300674;300857;300996,301050;301110;301165;301171,0.9285714285714286,true,0,,true,false,-0.04218223243262907,,false,research_universe_v1_2,0.001,post_termination_diagnostic,false,false,,,,,,true,qfq,true,false,true,true,false,false,true,revised_history,2026-07-11,False
2021-07-28,2021-08-25,20,full,56,52,000063;000681;000901;000938;000977;001208;002015;002044;002049;002065;002131;002212;002230;002236;002279;002315;002361;002373;002396;002410;002446;002544;002558;002757;002792;002881;002929;002935;002987;300002;300017;300033;300047;300058;300101;300113;300133;300170;300182;300339;300348;300378;300413;300454;300458;300496;300627;300629;300634;300674;300857;300996,301050;301110;301165;301171,0.9285714285714286,true,0,,true,false,0.11147376715366487,001208;002015,false,research_universe_v1_2,0.001,post_termination_diagnostic,false,false,,,,,,true,qfq,true,false,true,true,false,false,true,revised_history,2026-07-11,False
2021-08-25,2021-09-24,20,full,56,53,000063;000681;000901;000938;000977;001208;002015;002044;002049;002065;002131;002212;002230;002236;002279;002315;002361;002373;002396;002410;002446;002544;002558;002757;002792;002881;002929;002935;002987;300002;300017;300033;300047;300058;300101;300113;300133;300170;300182;300339;300348;300378;300413;300454;300458;300496;300627;300629;300634;300674;300857;300996;301050,301110;301165;301171,0.9464285714285714,true,0,,true,false,-0.020855507842057096,,false,research_universe_v1_2,0.001,post_termination_diagnostic,false,false,,,,,,true,qfq,true,false,true,true,false,false,true,revised_history,2026-07-11,False
2021-09-24,2021-10-29,20,full,56,53,000063;000681;000901;000938;000977;001208;002015;002044;002049;002065;002131;002212;002230;002236;002279;002315;002361;002373;002396;002410;002446;002544;002558;002757;002792;002881;002929;002935;002987;300002;300017;300033;300047;300058;300101;300113;300133;300170;300182;300339;300348;300378;300413;300454;300458;300496;300627;300629;300634;300674;300857;300996;301050,301110;301165;301171,0.9464285714285714,true,0,,true,false,-0.026852719499198232,,false,research_universe_v1_2,0.001,post_termination_diagnostic,false,false,,,,,,true,qfq,true,false,true,true,false,false,true,revised_history,2026-07-11,False
2021-10-29,2021-11-26,20,full,56,53,000063;000681;000901;000938;000977;001208;002015;002044;002049;002065;002131;002212;002230;002236;002279;002315;002361;002373;002396;002410;002446;002544;002558;002757;002792;002881;002929;002935;002987;300002;300017;300033;300047;300058;300101;300113;300133;300170;300182;300339;300348;300378;300413;300454;300458;300496;300627;300629;300634;300674;300857;300996;301050,301110;301165;301171,0.9464285714285714,true,0,,true,false,0.11082704178036645,,false,research_universe_v1_2,0.001,post_termination_diagnostic,false,false,,,,,,true,qfq,true,false,true,true,false,false,true,revised_history,2026-07-11,False
2021-11-26,2021-12-24,20,full,56,53,000063;000681;000901;000938;000977;001208;002015;002044;002049;002065;002131;002212;002230;002236;002279;002315;002361;002373;002396;002410;002446;002544;002558;002757;002792;002881;002929;002935;002987;300002;300017;300033;300047;300058;300101;300113;300133;300170;300182;300339;300348;300378;300413;300454;300458;300496;300627;300629;300634;300674;300857;300996;301050,301110;301165;301171,0.9464285714285714,true,0,,true,false,0.004040857420384856,,false,research_universe_v1_2,0.001,post_termination_diagnostic,false,false,,,,,,true,qfq,true,false,true,true,false,false,true,revised_history,2026-07-11,False
2021-12-24,2022-01-24,20,full,56,53,000063;000681;000901;000938;000977;001208;002015;002044;002049;002065;002131;002212;002230;002236;002279;002315;002361;002373;002396;002410;002446;002544;002558;002757;002792;002881;002929;002935;002987;300002;300017;300033;300047;300058;300101;300113;300133;300170;300182;300339;300348;300378;300413;300454;300458;300496;300627;300629;300634;300674;300857;300996;301050,301110;301165;301171,0.9464285714285714,true,0,,true,false,0.029004057412904086,002987;300047,false,research_universe_v1_2,0.001,post_termination_diagnostic,false,false,,,,,,true,qfq,true,false,true,true,false,false,true,revised_history,2026-07-11,False
2022-01-24,2022-02-28,20,full,56,53,000063;000681;000901;000938;000977;001208;002015;002044;002049;002065;002131;002212;002230;002236;002279;002315;002361;002373;002396;002410;002446;002544;002558;002757;002792;002881;002929;002935;002987;300002;300017;300033;300047;300058;300101;300113;300133;300170;300182;300339;300348;300378;300413;300454;300458;300496;300627;300629;300634;300674;300857;300996;301050,301110;301165;301171,0.9464285714285714,true,0,,true,false,-0.05988006059649829,,false,research_universe_v1_2,0.001,post_termination_diagnostic,false,false,,,,,,true,qfq,true,false,true,true,false,false,true,revised_history,2026-07-11,False
2022-02-28,2022-03-28,20,full,56,53,000063;000681;000901;000938;000977;001208;002015;002044;002049;002065;002131;002212;002230;002236;002279;002315;002361;002373;002396;002410;002446;002544;002558;002757;002792;002881;002929;002935;002987;300002;300017;300033;300047;300058;300101;300113;300133;300170;300182;300339;300348;300378;300413;300454;300458;300496;300627;300629;300634;300674;300857;300996;301050,301110;301165;301171,0.9464285714285714,true,0,,true,false,-0.11344466766328229,,false,research_universe_v1_2,0.001,post_termination_diagnostic,false,false,,,,,,true,qfq,true,false,true,true,false,false,true,revised_history,2026-07-11,False
2022-03-28,2022-04-27,20,full,56,54,000063;000681;000901;000938;000977;001208;002015;002044;002049;002065;002131;002212;002230;002236;002279;002315;002361;002373;002396;002410;002446;002544;002558;002757;002792;002881;002929;002935;002987;300002;300017;300033;300047;300058;300101;300113;300133;300170;300182;300339;300348;300378;300413;300454;300458;300496;300627;300629;300634;300674;300857;300996;301050;301110,301165;301171,0.9642857142857143,true,0,,true,false,-0.20143783910139093,,false,research_universe_v1_2,0.001,post_termination_diagnostic,false,false,,,,,,true,qfq,true,false,true,true,false,false,true,revised_history,2026-07-11,False
2022-04-27,2022-05-30,20,full,56,54,000063;000681;000901;000938;000977;001208;002015;002044;002049;002065;002131;002212;002230;002236;002279;002315;002361;002373;002396;002410;002446;002544;002558;002757;002792;002881;002929;002935;002987;300002;300017;300033;300047;300058;300101;300113;300133;300170;300182;300339;300348;300378;300413;300454;300458;300496;300627;300629;300634;300674;300857;300996;301050;301110,301165;301171,0.9642857142857143,true,0,,true,false,0.12287910140175709,,false,research_universe_v1_2,0.001,post_termination_diagnostic,false,false,,,,,,true,qfq,true,false,true,true,false,false,true,revised_history,2026-07-11,False
2022-05-30,2022-06-28,20,full,56,54,000063;000681;000901;000938;000977;001208;002015;002044;002049;002065;002131;002212;002230;002236;002279;002315;002361;002373;002396;002410;002446;002544;002558;002757;002792;002881;002929;002935;002987;300002;300017;300033;300047;300058;300101;300113;300133;300170;300182;300339;300348;300378;300413;300454;300458;300496;300627;300629;300634;300674;300857;300996;301050;301110,301165;301171,0.9642857142857143,true,0,,true,false,0.11324544322647587,,false,research_universe_v1_2,0.001,post_termination_diagnostic,false,false,,,,,,true,qfq,true,false,true,true,false,false,true,revised_history,2026-07-11,False
2022-06-28,2022-07-26,20,full,56,54,000063;000681;000901;000938;000977;001208;002015;002044;002049;002065;002131;002212;002230;002236;002279;002315;002361;002373;002396;002410;002446;002544;002558;002757;002792;002881;002929;002935;002987;300002;300017;300033;300047;300058;300101;300113;300133;300170;300182;300339;300348;300378;300413;300454;300458;300496;300627;300629;300634;300674;300857;300996;301050;301110,301165;301171,0.9642857142857143,true,0,,true,false,-0.016240284351261985,,false,research_universe_v1_2,0.001,post_termination_diagnostic,false,false,,,,,,true,qfq,true,false,true,true,false,false,true,revised_history,2026-07-11,False
2022-07-26,2022-08-23,20,full,56,54,000063;000681;000901;000938;000977;001208;002015;002044;002049;002065;002131;002212;002230;002236;002279;002315;002361;002373;002396;002410;002446;002544;002558;002757;002792;002881;002929;002935;002987;300002;300017;300033;300047;300058;300101;300113;300133;300170;300182;300339;300348;300378;300413;300454;300458;300496;300627;300629;300634;300674;300857;300996;301050;301110,301165;301171,0.9642857142857143,true,0,,true,false,0.027327716488126933,,false,research_universe_v1_2,0.001,post_termination_diagnostic,false,false,,,,,,true,qfq,true,false,true,true,false,false,true,revised_history,2026-07-11,False
2022-08-23,2022-09-21,20,full,56,55,000063;000681;000901;000938;000977;001208;002015;002044;002049;002065;002131;002212;002230;002236;002279;002315;002361;002373;002396;002410;002446;002544;002558;002757;002792;002881;002929;002935;002987;300002;300017;300033;300047;300058;300101;300113;300133;300170;300182;300339;300348;300378;300413;300454;300458;300496;300627;300629;300634;300674;300857;300996;301050;301110;301171,301165,0.9821428571428571,true,0,,true,false,-0.08647464354612136,,false,research_universe_v1_2,0.001,post_termination_diagnostic,false,false,,,,,,true,qfq,true,false,true,true,false,false,true,revised_history,2026-07-11,False
2022-09-21,2022-10-26,20,full,56,55,000063;000681;000901;000938;000977;001208;002015;002044;002049;002065;002131;002212;002230;002236;002279;002315;002361;002373;002396;002410;002446;002544;002558;002757;002792;002881;002929;002935;002987;300002;300017;300033;300047;300058;300101;300113;300133;300170;300182;300339;300348;300378;300413;300454;300458;300496;300627;300629;300634;300674;300857;300996;301050;301110;301171,301165,0.9821428571428571,true,0,,true,false,0.03227014154957331,,false,research_universe_v1_2,0.001,post_termination_diagnostic,false,false,,,,,,true,qfq,true,false,true,true,false,false,true,revised_history,2026-07-11,False
2022-10-26,2022-11-23,20,full,56,55,000063;000681;000901;000938;000977;001208;002015;002044;002049;002065;002131;002212;002230;002236;002279;002315;002361;002373;002396;002410;002446;002544;002558;002757;002792;002881;002929;002935;002987;300002;300017;300033;300047;300058;300101;300113;300133;300170;300182;300339;300348;300378;300413;300454;300458;300496;300627;300629;300634;300674;300857;300996;301050;301110;301171,301165,0.9821428571428571,true,0,,true,false,0.04424245306464205,,false,research_universe_v1_2,0.001,post_termination_diagnostic,false,false,,,,,,true,qfq,true,false,true,true,false,false,true,revised_history,2026-07-11,False
2022-11-23,2022-12-21,20,full,56,56,000063;000681;000901;000938;000977;001208;002015;002044;002049;002065;002131;002212;002230;002236;002279;002315;002361;002373;002396;002410;002446;002544;002558;002757;002792;002881;002929;002935;002987;300002;300017;300033;300047;300058;300101;300113;300133;300170;300182;300339;300348;300378;300413;300454;300458;300496;300627;300629;300634;300674;300857;300996;301050;301110;301165;301171,,1.0,true,0,,true,false,-0.06275757890989693,,false,research_universe_v1_2,0.001,post_termination_diagnostic,false,false,,,,,,true,qfq,true,false,true,true,false,false,true,revised_history,2026-07-11,False
2022-12-21,2023-01-19,20,full,56,56,000063;000681;000901;000938;000977;001208;002015;002044;002049;002065;002131;002212;002230;002236;002279;002315;002361;002373;002396;002410;002446;002544;002558;002757;002792;002881;002929;002935;002987;300002;300017;300033;300047;300058;300101;300113;300133;300170;300182;300339;300348;300378;300413;300454;300458;300496;300627;300629;300634;300674;300857;300996;301050;301110;301165;301171,,1.0,true,0,,true,false,0.12420758365445138,002279,false,research_universe_v1_2,0.001,post_termination_diagnostic,false,false,,,,,,true,qfq,true,false,true,true,false,false,true,revised_history,2026-07-11,False
2023-01-19,2023-02-23,20,full,56,56,000063;000681;000901;000938;000977;001208;002015;002044;002049;002065;002131;002212;002230;002236;002279;002315;002361;002373;002396;002410;002446;002544;002558;002757;002792;002881;002929;002935;002987;300002;300017;300033;300047;300058;300101;300113;300133;300170;300182;300339;300348;300378;300413;300454;300458;300496;300627;300629;300634;300674;300857;300996;301050;301110;301165;301171,,1.0,true,0,,true,false,0.07399346849217937,000977,false,research_universe_v1_2,0.001,post_termination_diagnostic,false,false,,,,,,true,qfq,true,false,true,true,false,false,true,revised_history,2026-07-11,False
2023-02-23,2023-03-23,20,full,56,56,000063;000681;000901;000938;000977;001208;002015;002044;002049;002065;002131;002212;002230;002236;002279;002315;002361;002373;002396;002410;002446;002544;002558;002757;002792;002881;002929;002935;002987;300002;300017;300033;300047;300058;300101;300113;300133;300170;300182;300339;300348;300378;300413;300454;300458;300496;300627;300629;300634;300674;300857;300996;301050;301110;301165;301171,,1.0,true,0,,true,false,0.1658062418563168,002236;300058;300634;301110,false,research_universe_v1_2,0.001,post_termination_diagnostic,false,false,,,,,,true,qfq,true,false,true,true,false,false,true,revised_history,2026-07-11,False
2023-03-23,2023-04-21,20,full,56,56,000063;000681;000901;000938;000977;001208;002015;002044;002049;002065;002131;002212;002230;002236;002279;002315;002361;002373;002396;002410;002446;002544;002558;002757;002792;002881;002929;002935;002987;300002;300017;300033;300047;300058;300101;300113;300133;300170;300182;300339;300348;300378;300413;300454;300458;300496;300627;300629;300634;300674;300857;300996;301050;301110;301165;301171,,1.0,true,0,,true,false,-0.0033208531672699955,300002,false,research_universe_v1_2,0.001,post_termination_diagnostic,false,false,,,,,,true,qfq,true,false,true,true,false,false,true,revised_history,2026-07-11,False
2023-04-21,2023-05-24,20,full,56,56,000063;000681;000901;000938;000977;001208;002015;002044;002049;002065;002131;002212;002230;002236;002279;002315;002361;002373;002396;002410;002446;002544;002558;002757;002792;002881;002929;002935;002987;300002;300017;300033;300047;300058;300101;300113;300133;300170;300182;300339;300348;300378;300413;300454;300458;300496;300627;300629;300634;300674;300857;300996;301050;301110;301165;301171,,1.0,true,0,,true,false,-0.05483119735482222,002315,false,research_universe_v1_2,0.001,post_termination_diagnostic,false,false,,,,,,true,qfq,true,false,true,true,false,false,true,revised_history,2026-07-11,False
2023-05-24,2023-06-21,20,full,56,56,000063;000681;000901;000938;000977;001208;002015;002044;002049;002065;002131;002212;002230;002236;002279;002315;002361;002373;002396;002410;002446;002544;002558;002757;002792;002881;002929;002935;002987;300002;300017;300033;300047;300058;300101;300113;300133;300170;300182;300339;300348;300378;300413;300454;300458;300496;300627;300629;300634;300674;300857;300996;301050;301110;301165;301171,,1.0,true,0,,true,false,0.14097383121270685,000977;300378,false,research_universe_v1_2,0.001,post_termination_diagnostic,false,false,,,,,,true,qfq,true,false,true,true,false,false,true,revised_history,2026-07-11,False
2023-06-21,2023-07-21,20,full,56,56,000063;000681;000901;000938;000977;001208;002015;002044;002049;002065;002131;002212;002230;002236;002279;002315;002361;002373;002396;002410;002446;002544;002558;002757;002792;002881;002929;002935;002987;300002;300017;300033;300047;300058;300101;300113;300133;300170;300182;300339;300348;300378;300413;300454;300458;300496;300627;300629;300634;300674;300857;300996;301050;301110;301165;301171,,1.0,true,0,,true,false,-0.11066249504993647,,false,research_universe_v1_2,0.001,post_termination_diagnostic,false,false,,,,,,true,qfq,true,false,true,true,false,false,true,revised_history,2026-07-11,False
2023-07-21,2023-08-18,20,full,56,56,000063;000681;000901;000938;000977;001208;002015;002044;002049;002065;002131;002212;002230;002236;002279;002315;002361;002373;002396;002410;002446;002544;002558;002757;002792;002881;002929;002935;002987;300002;300017;300033;300047;300058;300101;300113;300133;300170;300182;300339;300348;300378;300413;300454;300458;300496;300627;300629;300634;300674;300857;300996;301050;301110;301165;301171,,1.0,true,0,,true,false,-0.05692473586207752,,false,research_universe_v1_2,0.001,post_termination_diagnostic,false,false,,,,,,true,qfq,true,false,true,true,false,false,true,revised_history,2026-07-11,False
2023-08-18,2023-09-15,20,full,56,56,000063;000681;000901;000938;000977;001208;002015;002044;002049;002065;002131;002212;002230;002236;002279;002315;002361;002373;002396;002410;002446;002544;002558;002757;002792;002881;002929;002935;002987;300002;300017;300033;300047;300058;300101;300113;300133;300170;300182;300339;300348;300378;300413;300454;300458;300496;300627;300629;300634;300674;300857;300996;301050;301110;301165;301171,,1.0,true,0,,true,false,-0.021475391509372596,,false,research_universe_v1_2,0.001,post_termination_diagnostic,false,false,,,,,,true,qfq,true,false,true,true,false,false,true,revised_history,2026-07-11,False
2023-09-15,2023-10-23,20,full,56,56,000063;000681;000901;000938;000977;001208;002015;002044;002049;002065;002131;002212;002230;002236;002279;002315;002361;002373;002396;002410;002446;002544;002558;002757;002792;002881;002929;002935;002987;300002;300017;300033;300047;300058;300101;300113;300133;300170;300182;300339;300348;300378;300413;300454;300458;300496;300627;300629;300634;300674;300857;300996;301050;301110;301165;301171,,1.0,true,0,,true,false,-0.07628915573011731,,false,research_universe_v1_2,0.001,post_termination_diagnostic,false,false,,,,,,true,qfq,true,false,true,true,false,false,true,revised_history,2026-07-11,False
2023-10-23,2023-11-20,20,full,56,56,000063;000681;000901;000938;000977;001208;002015;002044;002049;002065;002131;002212;002230;002236;002279;002315;002361;002373;002396;002410;002446;002544;002558;002757;002792;002881;002929;002935;002987;300002;300017;300033;300047;300058;300101;300113;300133;300170;300182;300339;300348;300378;300413;300454;300458;300496;300627;300629;300634;300674;300857;300996;301050;301110;301165;301171,,1.0,true,0,,true,false,0.17656587414065159,300857,false,research_universe_v1_2,0.001,post_termination_diagnostic,false,false,,,,,,true,qfq,true,false,true,true,false,false,true,revised_history,2026-07-11,False
2023-11-20,2023-12-18,20,full,56,56,000063;000681;000901;000938;000977;001208;002015;002044;002049;002065;002131;002212;002230;002236;002279;002315;002361;002373;002396;002410;002446;002544;002558;002757;002792;002881;002929;002935;002987;300002;300017;300033;300047;300058;300101;300113;300133;300170;300182;300339;300348;300378;300413;300454;300458;300496;300627;300629;300634;300674;300857;300996;301050;301110;301165;301171,,1.0,true,0,,true,false,-0.05666157503579148,,false,research_universe_v1_2,0.001,post_termination_diagnostic,false,false,,,,,,true,qfq,true,false,true,true,false,false,true,revised_history,2026-07-11,False
2023-12-18,2024-01-16,20,full,56,56,000063;000681;000901;000938;000977;001208;002015;002044;002049;002065;002131;002212;002230;002236;002279;002315;002361;002373;002396;002410;002446;002544;002558;002757;002792;002881;002929;002935;002987;300002;300017;300033;300047;300058;300101;300113;300133;300170;300182;300339;300348;300378;300413;300454;300458;300496;300627;300629;300634;300674;300857;300996;301050;301110;301165;301171,,1.0,true,0,,true,false,-0.11205089735541264,,false,research_universe_v1_2,0.001,post_termination_diagnostic,false,false,,,,,,true,qfq,true,false,true,true,false,false,true,revised_history,2026-07-11,False
2024-01-16,2024-02-21,20,full,56,56,000063;000681;000901;000938;000977;001208;002015;002044;002049;002065;002131;002212;002230;002236;002279;002315;002361;002373;002396;002410;002446;002544;002558;002757;002792;002881;002929;002935;002987;300002;300017;300033;300047;300058;300101;300113;300133;300170;300182;300339;300348;300378;300413;300454;300458;300496;300627;300629;300634;300674;300857;300996;301050;301110;301165;301171,,1.0,true,0,,true,false,-0.08317335919871677,,false,research_universe_v1_2,0.001,post_termination_diagnostic,false,false,,,,,,true,qfq,true,false,true,true,false,false,true,revised_history,2026-07-11,False
2024-02-21,2024-03-20,20,full,56,56,000063;000681;000901;000938;000977;001208;002015;002044;002049;002065;002131;002212;002230;002236;002279;002315;002361;002373;002396;002410;002446;002544;002558;002757;002792;002881;002929;002935;002987;300002;300017;300033;300047;300058;300101;300113;300133;300170;300182;300339;300348;300378;300413;300454;300458;300496;300627;300629;300634;300674;300857;300996;301050;301110;301165;301171,,1.0,true,0,,true,false,0.1995777043829181,002544,false,research_universe_v1_2,0.001,post_termination_diagnostic,false,false,,,,,,true,qfq,true,false,true,true,false,false,true,revised_history,2026-07-11,False
2024-03-20,2024-04-19,20,full,56,56,000063;000681;000901;000938;000977;001208;002015;002044;002049;002065;002131;002212;002230;002236;002279;002315;002361;002373;002396;002410;002446;002544;002558;002757;002792;002881;002929;002935;002987;300002;300017;300033;300047;300058;300101;300113;300133;300170;300182;300339;300348;300378;300413;300454;300458;300496;300627;300629;300634;300674;300857;300996;301050;301110;301165;301171,,1.0,true,0,,true,false,-0.15368606609340832,,false,research_universe_v1_2,0.001,post_termination_diagnostic,false,false,,,,,,true,qfq,true,false,true,true,false,false,true,revised_history,2026-07-11,False
2024-04-19,2024-05-22,20,full,56,56,000063;000681;000901;000938;000977;001208;002015;002044;002049;002065;002131;002212;002230;002236;002279;002315;002361;002373;002396;002410;002446;002544;002558;002757;002792;002881;002929;002935;002987;300002;300017;300033;300047;300058;300101;300113;300133;300170;300182;300339;300348;300378;300413;300454;300458;300496;300627;300629;300634;300674;300857;300996;301050;301110;301165;301171,,1.0,true,0,,true,false,0.05757912758518515,,false,research_universe_v1_2,0.001,post_termination_diagnostic,false,false,,,,,,true,qfq,true,false,true,true,false,false,true,revised_history,2026-07-11,False
2024-05-22,2024-06-20,20,full,56,56,000063;000681;000901;000938;000977;001208;002015;002044;002049;002065;002131;002212;002230;002236;002279;002315;002361;002373;002396;002410;002446;002544;002558;002757;002792;002881;002929;002935;002987;300002;300017;300033;300047;300058;300101;300113;300133;300170;300182;300339;300348;300378;300413;300454;300458;300496;300627;300629;300634;300674;300857;300996;301050;301110;301165;301171,,1.0,true,0,,true,false,-0.07770880956230873,,false,research_universe_v1_2,0.001,post_termination_diagnostic,false,false,,,,,,true,qfq,true,false,true,true,false,false,true,revised_history,2026-07-11,False
2024-06-20,2024-07-18,20,full,56,56,000063;000681;000901;000938;000977;001208;002015;002044;002049;002065;002131;002212;002230;002236;002279;002315;002361;002373;002396;002410;002446;002544;002558;002757;002792;002881;002929;002935;002987;300002;300017;300033;300047;300058;300101;300113;300133;300170;300182;300339;300348;300378;300413;300454;300458;300496;300627;300629;300634;300674;300857;300996;301050;301110;301165;301171,,1.0,true,0,,true,false,-0.03887293521767639,,false,research_universe_v1_2,0.001,post_termination_diagnostic,false,false,,,,,,true,qfq,true,false,true,true,false,false,true,revised_history,2026-07-11,False
2024-07-18,2024-08-15,20,full,56,56,000063;000681;000901;000938;000977;001208;002015;002044;002049;002065;002131;002212;002230;002236;002279;002315;002361;002373;002396;002410;002446;002544;002558;002757;002792;002881;002929;002935;002987;300002;300017;300033;300047;300058;300101;300113;300133;300170;300182;300339;300348;300378;300413;300454;300458;300496;300627;300629;300634;300674;300857;300996;301050;301110;301165;301171,,1.0,true,0,,true,false,-0.006208754735984358,,false,research_universe_v1_2,0.001,post_termination_diagnostic,false,false,,,,,,true,qfq,true,false,true,true,false,false,true,revised_history,2026-07-11,False
2024-08-15,2024-09-12,20,full,56,56,000063;000681;000901;000938;000977;001208;002015;002044;002049;002065;002131;002212;002230;002236;002279;002315;002361;002373;002396;002410;002446;002544;002558;002757;002792;002881;002929;002935;002987;300002;300017;300033;300047;300058;300101;300113;300133;300170;300182;300339;300348;300378;300413;300454;300458;300496;300627;300629;300634;300674;300857;300996;301050;301110;301165;301171,,1.0,true,0,,true,false,-0.017572585028223214,,false,research_universe_v1_2,0.001,post_termination_diagnostic,false,false,,,,,,true,qfq,true,false,true,true,false,false,true,revised_history,2026-07-11,False
2024-09-12,2024-10-21,20,full,56,56,000063;000681;000901;000938;000977;001208;002015;002044;002049;002065;002131;002212;002230;002236;002279;002315;002361;002373;002396;002410;002446;002544;002558;002757;002792;002881;002929;002935;002987;300002;300017;300033;300047;300058;300101;300113;300133;300170;300182;300339;300348;300378;300413;300454;300458;300496;300627;300629;300634;300674;300857;300996;301050;301110;301165;301171,,1.0,true,0,,true,false,0.5003483077501091,002049;002410;002544;002987;300002;300033;300047;300339;300348;300458;300496;300674;300857;301050;301110;301165;301171,true,research_universe_v1_2,0.001,post_termination_diagnostic,false,false,,,,,,true,qfq,true,false,true,true,false,false,true,revised_history,2026-07-11,False
2024-10-21,2024-11-18,20,full,56,56,000063;000681;000901;000938;000977;001208;002015;002044;002049;002065;002131;002212;002230;002236;002279;002315;002361;002373;002396;002410;002446;002544;002558;002757;002792;002881;002929;002935;002987;300002;300017;300033;300047;300058;300101;300113;300133;300170;300182;300339;300348;300378;300413;300454;300458;300496;300627;300629;300634;300674;300857;300996;301050;301110;301165;301171,,1.0,true,0,,true,false,0.022217976610154396,301171,false,research_universe_v1_2,0.001,post_termination_diagnostic,false,false,,,,,,true,qfq,true,false,true,true,false,false,true,revised_history,2026-07-11,False
2024-11-18,2024-12-16,20,full,56,56,000063;000681;000901;000938;000977;001208;002015;002044;002049;002065;002131;002212;002230;002236;002279;002315;002361;002373;002396;002410;002446;002544;002558;002757;002792;002881;002929;002935;002987;300002;300017;300033;300047;300058;300101;300113;300133;300170;300182;300339;300348;300378;300413;300454;300458;300496;300627;300629;300634;300674;300857;300996;301050;301110;301165;301171,,1.0,true,0,,true,false,0.11989851294001076,000681;002131,false,research_universe_v1_2,0.001,post_termination_diagnostic,false,false,,,,,,true,qfq,true,false,true,true,false,false,true,revised_history,2026-07-11,False
2024-12-16,2025-01-14,20,full,56,56,000063;000681;000901;000938;000977;001208;002015;002044;002049;002065;002131;002212;002230;002236;002279;002315;002361;002373;002396;002410;002446;002544;002558;002757;002792;002881;002929;002935;002987;300002;300017;300033;300047;300058;300101;300113;300133;300170;300182;300339;300348;300378;300413;300454;300458;300496;300627;300629;300634;300674;300857;300996;301050;301110;301165;301171,,1.0,true,0,,true,false,-0.07565695146073331,,false,research_universe_v1_2,0.001,post_termination_diagnostic,false,false,,,,,,true,qfq,true,false,true,true,false,false,true,revised_history,2026-07-11,False
2025-01-14,2025-02-19,20,full,56,56,000063;000681;000901;000938;000977;001208;002015;002044;002049;002065;002131;002212;002230;002236;002279;002315;002361;002373;002396;002410;002446;002544;002558;002757;002792;002881;002929;002935;002987;300002;300017;300033;300047;300058;300101;300113;300133;300170;300182;300339;300348;300378;300413;300454;300458;300496;300627;300629;300634;300674;300857;300996;301050;301110;301165;301171,,1.0,true,0,,true,false,0.25327305682073076,002044;002065;002757;002881;002929;300113;300170;300378;300454;300674;300996,false,research_universe_v1_2,0.001,post_termination_diagnostic,false,false,,,,,,true,qfq,true,false,true,true,false,false,true,revised_history,2026-07-11,False
2025-02-19,2025-03-19,20,full,56,56,000063;000681;000901;000938;000977;001208;002015;002044;002049;002065;002131;002212;002230;002236;002279;002315;002361;002373;002396;002410;002446;002544;002558;002757;002792;002881;002929;002935;002987;300002;300017;300033;300047;300058;300101;300113;300133;300170;300182;300339;300348;300378;300413;300454;300458;300496;300627;300629;300634;300674;300857;300996;301050;301110;301165;301171,,1.0,true,0,,true,false,0.007317632058916665,,false,research_universe_v1_2,0.001,post_termination_diagnostic,false,false,,,,,,true,qfq,true,false,true,true,false,false,true,revised_history,2026-07-11,False
2025-03-19,2025-04-17,20,full,56,56,000063;000681;000901;000938;000977;001208;002015;002044;002049;002065;002131;002212;002230;002236;002279;002315;002361;002373;002396;002410;002446;002544;002558;002757;002792;002881;002929;002935;002987;300002;300017;300033;300047;300058;300101;300113;300133;300170;300182;300339;300348;300378;300413;300454;300458;300496;300627;300629;300634;300674;300857;300996;301050;301110;301165;301171,,1.0,true,0,,true,false,-0.1556455554321958,,false,research_universe_v1_2,0.001,post_termination_diagnostic,false,false,,,,,,true,qfq,true,false,true,true,false,false,true,revised_history,2026-07-11,False
2025-04-17,2025-05-20,20,full,56,56,000063;000681;000901;000938;000977;001208;002015;002044;002049;002065;002131;002212;002230;002236;002279;002315;002361;002373;002396;002410;002446;002544;002558;002757;002792;002881;002929;002935;002987;300002;300017;300033;300047;300058;300101;300113;300133;300170;300182;300339;300348;300378;300413;300454;300458;300496;300627;300629;300634;300674;300857;300996;301050;301110;301165;301171,,1.0,true,0,,true,false,0.06554272940311955,,false,research_universe_v1_2,0.001,post_termination_diagnostic,false,false,,,,,,true,qfq,true,false,true,true,false,false,true,revised_history,2026-07-11,False
2025-05-20,2025-06-18,20,full,56,56,000063;000681;000901;000938;000977;001208;002015;002044;002049;002065;002131;002212;002230;002236;002279;002315;002361;002373;002396;002410;002446;002544;002558;002757;002792;002881;002929;002935;002987;300002;300017;300033;300047;300058;300101;300113;300133;300170;300182;300339;300348;300378;300413;300454;300458;300496;300627;300629;300634;300674;300857;300996;301050;301110;301165;301171,,1.0,true,0,,true,false,0.018664184125683218,002015,false,research_universe_v1_2,0.001,post_termination_diagnostic,false,false,,,,,,true,qfq,true,false,true,true,false,false,true,revised_history,2026-07-11,False
2025-06-18,2025-07-16,20,full,56,56,000063;000681;000901;000938;000977;001208;002015;002044;002049;002065;002131;002212;002230;002236;002279;002315;002361;002373;002396;002410;002446;002544;002558;002757;002792;002881;002929;002935;002987;300002;300017;300033;300047;300058;300101;300113;300133;300170;300182;300339;300348;300378;300413;300454;300458;300496;300627;300629;300634;300674;300857;300996;301050;301110;301165;301171,,1.0,true,0,,true,false,0.08510675454075069,,false,research_universe_v1_2,0.001,post_termination_diagnostic,false,false,,,,,,true,qfq,true,false,true,true,false,false,true,revised_history,2026-07-11,False
2025-07-16,2025-08-13,20,full,56,56,000063;000681;000901;000938;000977;001208;002015;002044;002049;002065;002131;002212;002230;002236;002279;002315;002361;002373;002396;002410;002446;002544;002558;002757;002792;002881;002929;002935;002987;300002;300017;300033;300047;300058;300101;300113;300133;300170;300182;300339;300348;300378;300413;300454;300458;300496;300627;300629;300634;300674;300857;300996;301050;301110;301165;301171,,1.0,true,0,,true,false,0.07789432298799008,000901,false,research_universe_v1_2,0.001,post_termination_diagnostic,false,false,,,,,,true,qfq,true,false,true,true,false,false,true,revised_history,2026-07-11,False
2025-08-13,2025-09-10,20,full,56,56,000063;000681;000901;000938;000977;001208;002015;002044;002049;002065;002131;002212;002230;002236;002279;002315;002361;002373;002396;002410;002446;002544;002558;002757;002792;002881;002929;002935;002987;300002;300017;300033;300047;300058;300101;300113;300133;300170;300182;300339;300348;300378;300413;300454;300458;300496;300627;300629;300634;300674;300857;300996;301050;301110;301165;301171,,1.0,true,0,,true,false,0.03149998037717328,002558,false,research_universe_v1_2,0.001,post_termination_diagnostic,false,false,,,,,,true,qfq,true,false,true,true,false,false,true,revised_history,2026-07-11,False
2025-09-10,2025-10-16,20,full,56,56,000063;000681;000901;000938;000977;001208;002015;002044;002049;002065;002131;002212;002230;002236;002279;002315;002361;002373;002396;002410;002446;002544;002558;002757;002792;002881;002929;002935;002987;300002;300017;300033;300047;300058;300101;300113;300133;300170;300182;300339;300348;300378;300413;300454;300458;300496;300627;300629;300634;300674;300857;300996;301050;301110;301165;301171,,1.0,true,0,,true,false,0.015776558463768738,,false,research_universe_v1_2,0.001,post_termination_diagnostic,false,false,,,,,,true,qfq,true,false,true,true,false,false,true,revised_history,2026-07-11,False
2025-10-16,2025-11-13,20,full,56,56,000063;000681;000901;000938;000977;001208;002015;002044;002049;002065;002131;002212;002230;002236;002279;002315;002361;002373;002396;002410;002446;002544;002558;002757;002792;002881;002929;002935;002987;300002;300017;300033;300047;300058;300101;300113;300133;300170;300182;300339;300348;300378;300413;300454;300458;300496;300627;300629;300634;300674;300857;300996;301050;301110;301165;301171,,1.0,true,0,,true,false,-0.01808374650445291,,false,research_universe_v1_2,0.001,post_termination_diagnostic,false,false,,,,,,true,qfq,true,false,true,true,false,false,true,revised_history,2026-07-11,False
2025-11-13,2025-12-11,20,full,56,56,000063;000681;000901;000938;000977;001208;002015;002044;002049;002065;002131;002212;002230;002236;002279;002315;002361;002373;002396;002410;002446;002544;002558;002757;002792;002881;002929;002935;002987;300002;300017;300033;300047;300058;300101;300113;300133;300170;300182;300339;300348;300378;300413;300454;300458;300496;300627;300629;300634;300674;300857;300996;301050;301110;301165;301171,,1.0,true,0,,true,false,-0.010102586639003019,,false,research_universe_v1_2,0.001,post_termination_diagnostic,false,false,,,,,,true,qfq,true,false,true,true,false,false,true,revised_history,2026-07-11,False
2025-12-11,2026-01-12,20,full,56,56,000063;000681;000901;000938;000977;001208;002015;002044;002049;002065;002131;002212;002230;002236;002279;002315;002361;002373;002396;002410;002446;002544;002558;002757;002792;002881;002929;002935;002987;300002;300017;300033;300047;300058;300101;300113;300133;300170;300182;300339;300348;300378;300413;300454;300458;300496;300627;300629;300634;300674;300857;300996;301050;301110;301165;301171,,1.0,true,1,002049,false,true,,000901;001208;002131;002361;002757;002792;300058;300170;300627;300629;301050;301110;301171,false,research_universe_v1_2,0.001,post_termination_diagnostic,false,false,,,,,,true,qfq,true,false,true,true,false,false,true,revised_history,2026-07-11,False
2026-01-12,2026-02-09,20,full,56,55,000063;000681;000901;000938;000977;001208;002015;002044;002065;002131;002212;002230;002236;002279;002315;002361;002373;002396;002410;002446;002544;002558;002757;002792;002881;002929;002935;002987;300002;300017;300033;300047;300058;300101;300113;300133;300170;300182;300339;300348;300378;300413;300454;300458;300496;300627;300629;300634;300674;300857;300996;301050;301110;301165;301171,002049,0.9821428571428571,true,0,,true,false,-0.08349865275953523,300017,false,research_universe_v1_2,0.001,post_termination_diagnostic,false,false,,,,,,true,qfq,true,false,true,true,false,false,true,revised_history,2026-07-11,False
2026-02-09,2026-03-17,20,full,56,56,000063;000681;000901;000938;000977;001208;002015;002044;002049;002065;002131;002212;002230;002236;002279;002315;002361;002373;002396;002410;002446;002544;002558;002757;002792;002881;002929;002935;002987;300002;300017;300033;300047;300058;300101;300113;300133;300170;300182;300339;300348;300378;300413;300454;300458;300496;300627;300629;300634;300674;300857;300996;301050;301110;301165;301171,,1.0,true,0,,true,false,-0.0990145352841494,002015,false,research_universe_v1_2,0.001,post_termination_diagnostic,false,false,,,,,,true,qfq,true,false,true,true,false,false,true,revised_history,2026-07-11,False
2026-03-17,2026-04-15,20,full,56,56,000063;000681;000901;000938;000977;001208;002015;002044;002049;002065;002131;002212;002230;002236;002279;002315;002361;002373;002396;002410;002446;002544;002558;002757;002792;002881;002929;002935;002987;300002;300017;300033;300047;300058;300101;300113;300133;300170;300182;300339;300348;300378;300413;300454;300458;300496;300627;300629;300634;300674;300857;300996;301050;301110;301165;301171,,1.0,true,0,,true,false,0.004550041840302842,002361,false,research_universe_v1_2,0.001,post_termination_diagnostic,false,false,,,,,,true,qfq,true,false,true,true,false,false,true,revised_history,2026-07-11,False
2026-04-15,2026-05-18,20,full,56,56,000063;000681;000901;000938;000977;001208;002015;002044;002049;002065;002131;002212;002230;002236;002279;002315;002361;002373;002396;002410;002446;002544;002558;002757;002792;002881;002929;002935;002987;300002;300017;300033;300047;300058;300101;300113;300133;300170;300182;300339;300348;300378;300413;300454;300458;300496;300627;300629;300634;300674;300857;300996;301050;301110;301165;301171,,1.0,true,0,,true,false,0.05003264262812302,002929,false,research_universe_v1_2,0.001,post_termination_diagnostic,false,false,,,,,,true,qfq,true,false,true,true,false,false,true,revised_history,2026-07-11,False
2026-05-18,2026-06-15,20,full,56,56,000063;000681;000901;000938;000977;001208;002015;002044;002049;002065;002131;002212;002230;002236;002279;002315;002361;002373;002396;002410;002446;002544;002558;002757;002792;002881;002929;002935;002987;300002;300017;300033;300047;300058;300101;300113;300133;300170;300182;300339;300348;300378;300413;300454;300458;300496;300627;300629;300634;300674;300857;300996;301050;301110;301165;301171,,1.0,true,0,,true,false,-0.13522642613823008,,false,research_universe_v1_2,0.001,post_termination_diagnostic,false,false,,,,,,true,qfq,true,false,true,true,false,false,true,revised_history,2026-07-11,False
2026-06-15,2026-07-10,18,partial,56,56,000063;000681;000901;000938;000977;001208;002015;002044;002049;002065;002131;002212;002230;002236;002279;002315;002361;002373;002396;002410;002446;002544;002558;002757;002792;002881;002929;002935;002987;300002;300017;300033;300047;300058;300101;300113;300133;300170;300182;300339;300348;300378;300413;300454;300458;300496;300627;300629;300634;300674;300857;300996;301050;301110;301165;301171,,1.0,true,0,,true,false,0.00019658873552947162,301165,false,research_universe_v1_2,0.001,post_termination_diagnostic,false,true,,,,,,true,qfq,true,false,true,true,false,false,true,pipeline_unseen_retrospective_extension,2026-07-11,False
2020-01-02,2020-02-07,20,full,55,47,000063;000681;000901;000938;000977;002015;002044;002049;002065;002131;002212;002230;002236;002279;002315;002361;002373;002396;002410;002446;002544;002558;002757;002792;002881;002929;002935;300002;300017;300033;300047;300058;300101;300113;300133;300170;300182;300339;300348;300378;300413;300454;300458;300496;300629;300634;300674,001208;002987;300857;300996;301050;301110;301165;301171,0.8545454545454545,true,0,,true,false,0.09674422033915088,300182;300454,false,expanded_only_v1_2,0.0,headline,true,false,1.0,0.0,0.09674422033915088,1.0967442203391509,,true,qfq,true,false,true,true,false,false,true,revised_history,2026-07-11,False
2020-02-07,2020-03-06,20,full,55,47,000063;000681;000901;000938;000977;002015;002044;002049;002065;002131;002212;002230;002236;002279;002315;002361;002373;002396;002410;002446;002544;002558;002757;002792;002881;002929;002935;300002;300017;300033;300047;300058;300101;300113;300133;300170;300182;300339;300348;300378;300413;300454;300458;300496;300629;300634;300674,001208;002987;300857;300996;301050;301110;301165;301171,0.8545454545454545,true,0,,true,false,0.1194440671534091,002131,false,expanded_only_v1_2,0.0,headline,true,false,0.06968441752102285,0.0,0.1194440671534091,1.2277438106434537,,true,qfq,true,false,true,true,false,false,true,revised_history,2026-07-11,False
2020-03-06,2020-04-03,20,full,55,47,000063;000681;000901;000938;000977;002015;002044;002049;002065;002131;002212;002230;002236;002279;002315;002361;002373;002396;002410;002446;002544;002558;002757;002792;002881;002929;002935;300002;300017;300033;300047;300058;300101;300113;300133;300170;300182;300339;300348;300378;300413;300454;300458;300496;300629;300634;300674,001208;002987;300857;300996;301050;301110;301165;301171,0.8545454545454545,true,0,,true,false,-0.1502655114044534,,false,expanded_only_v1_2,0.0,headline,true,false,0.0585249012283319,0.0,-0.1502655114044534,1.0432562590634626,,true,qfq,true,false,true,true,false,false,true,revised_history,2026-07-11,False
2020-04-03,2020-05-07,20,full,55,47,000063;000681;000901;000938;000977;002015;002044;002049;002065;002131;002212;002230;002236;002279;002315;002361;002373;002396;002410;002446;002544;002558;002757;002792;002881;002929;002935;300002;300017;300033;300047;300058;300101;300113;300133;300170;300182;300339;300348;300378;300413;300454;300458;300496;300629;300634;300674,001208;002987;300857;300996;301050;301110;301165;301171,0.8545454545454545,true,0,,true,false,0.06337780222457691,300002,false,expanded_only_v1_2,0.0,headline,true,false,0.03177184368911819,0.0,0.06337780222457691,1.1093755479199388,,true,qfq,true,false,true,true,false,false,true,revised_history,2026-07-11,False
2020-05-07,2020-06-04,20,full,55,48,000063;000681;000901;000938;000977;002015;002044;002049;002065;002131;002212;002230;002236;002279;002315;002361;002373;002396;002410;002446;002544;002558;002757;002792;002881;002929;002935;002987;300002;300017;300033;300047;300058;300101;300113;300133;300170;300182;300339;300348;300378;300413;300454;300458;300496;300629;300634;300674,001208;300857;300996;301050;301110;301165;301171,0.8727272727272727,true,0,,true,false,0.018165190094742156,002987,false,expanded_only_v1_2,0.0,headline,true,false,0.045294357885590705,0.0,0.018165190094742156,1.129527565634363,,true,qfq,true,false,true,true,false,false,true,revised_history,2026-07-11,False
2020-06-04,2020-07-06,20,full,55,48,000063;000681;000901;000938;000977;002015;002044;002049;002065;002131;002212;002230;002236;002279;002315;002361;002373;002396;002410;002446;002544;002558;002757;002792;002881;002929;002935;002987;300002;300017;300033;300047;300058;300101;300113;300133;300170;300182;300339;300348;300378;300413;300454;300458;300496;300629;300634;300674,001208;300857;300996;301050;301110;301165;301171,0.8727272727272727,true,0,,true,false,0.14620437163528213,300033,false,expanded_only_v1_2,0.0,headline,true,false,0.03938623583565204,0.0,0.14620437163528213,1.294669433612665,,true,qfq,true,false,true,true,false,false,true,revised_history,2026-07-11,False
2020-07-06,2020-08-03,20,full,55,48,000063;000681;000901;000938;000977;002015;002044;002049;002065;002131;002212;002230;002236;002279;002315;002361;002373;002396;002410;002446;002544;002558;002757;002792;002881;002929;002935;002987;300002;300017;300033;300047;300058;300101;300113;300133;300170;300182;300339;300348;300378;300413;300454;300458;300496;300629;300634;300674,001208;300857;300996;301050;301110;301165;301171,0.8727272727272727,true,0,,true,false,0.07153764092946584,300378,false,expanded_only_v1_2,0.0,headline,true,false,0.045355125022011514,0.0,0.07153764092946584,1.3872870306768028,,true,qfq,true,false,true,true,false,false,true,revised_history,2026-07-11,False
2020-08-03,2020-08-31,20,full,55,49,000063;000681;000901;000938;000977;002015;002044;002049;002065;002131;002212;002230;002236;002279;002315;002361;002373;002396;002410;002446;002544;002558;002757;002792;002881;002929;002935;002987;300002;300017;300033;300047;300058;300101;300113;300133;300170;300182;300339;300348;300378;300413;300454;300458;300496;300629;300634;300674;300857,001208;300996;301050;301110;301165;301171,0.8909090909090909,true,0,,true,false,0.007890966880913761,300857,false,expanded_only_v1_2,0.0,headline,true,false,0.07307473913788627,0.0,0.007890966880913761,1.3982340666901947,,true,qfq,true,false,true,true,false,false,true,revised_history,2026-07-11,False
2020-08-31,2020-09-28,20,full,55,49,000063;000681;000901;000938;000977;002015;002044;002049;002065;002131;002212;002230;002236;002279;002315;002361;002373;002396;002410;002446;002544;002558;002757;002792;002881;002929;002935;002987;300002;300017;300033;300047;300058;300101;300113;300133;300170;300182;300339;300348;300378;300413;300454;300458;300496;300629;300634;300674;300857,001208;300996;301050;301110;301165;301171,0.8909090909090909,true,0,,true,false,-0.10498752904859,,false,expanded_only_v1_2,0.0,headline,true,false,0.044395763883914995,0.0,-0.10498752904859,1.2514369269968297,,true,qfq,true,false,true,true,false,false,true,revised_history,2026-07-11,False
2020-09-28,2020-11-03,20,full,55,49,000063;000681;000901;000938;000977;002015;002044;002049;002065;002131;002212;002230;002236;002279;002315;002361;002373;002396;002410;002446;002544;002558;002757;002792;002881;002929;002935;002987;300002;300017;300033;300047;300058;300101;300113;300133;300170;300182;300339;300348;300378;300413;300454;300458;300496;300629;300634;300674;300857,001208;300996;301050;301110;301165;301171,0.8909090909090909,true,0,,true,false,0.010066098379809566,,false,expanded_only_v1_2,0.0,headline,true,false,0.025522724018614534,0.0,0.010066098379809566,1.2640340142201063,,true,qfq,true,false,true,true,false,false,true,revised_history,2026-07-11,False
2020-11-03,2020-12-01,20,full,55,49,000063;000681;000901;000938;000977;002015;002044;002049;002065;002131;002212;002230;002236;002279;002315;002361;002373;002396;002410;002446;002544;002558;002757;002792;002881;002929;002935;002987;300002;300017;300033;300047;300058;300101;300113;300133;300170;300182;300339;300348;300378;300413;300454;300458;300496;300629;300634;300674;300857,001208;300996;301050;301110;301165;301171,0.8909090909090909,true,0,,true,false,-0.006014078696111431,,false,expanded_only_v1_2,0.0,headline,true,false,0.034874880973831776,0.0,-0.006014078696111431,1.2564320141840248,,true,qfq,true,false,true,true,false,false,true,revised_history,2026-07-11,False
2020-12-01,2020-12-29,20,full,55,49,000063;000681;000901;000938;000977;002015;002044;002049;002065;002131;002212;002230;002236;002279;002315;002361;002373;002396;002410;002446;002544;002558;002757;002792;002881;002929;002935;002987;300002;300017;300033;300047;300058;300101;300113;300133;300170;300182;300339;300348;300378;300413;300454;300458;300496;300629;300634;300674;300857,001208;300996;301050;301110;301165;301171,0.8909090909090909,true,0,,true,false,-0.08491722632631328,,false,expanded_only_v1_2,0.0,headline,true,false,0.02705033753625185,0.0,-0.08491722632631328,1.1497392924719343,,true,qfq,true,false,true,true,false,false,true,revised_history,2026-07-11,False
2020-12-29,2021-01-27,20,full,55,49,000063;000681;000901;000938;000977;002015;002044;002049;002065;002131;002212;002230;002236;002279;002315;002361;002373;002396;002410;002446;002544;002558;002757;002792;002881;002929;002935;002987;300002;300017;300033;300047;300058;300101;300113;300133;300170;300182;300339;300348;300378;300413;300454;300458;300496;300629;300634;300674;300857,001208;300996;301050;301110;301165;301171,0.8909090909090909,true,0,,true,false,0.022309545719050076,,false,expanded_only_v1_2,0.0,headline,true,false,0.044722035014284955,0.0,0.022309545719050076,1.1753894537823253,,true,qfq,true,false,true,true,false,false,true,revised_history,2026-07-11,False
2021-01-27,2021-03-03,20,full,55,49,000063;000681;000901;000938;000977;002015;002044;002049;002065;002131;002212;002230;002236;002279;002315;002361;002373;002396;002410;002446;002544;002558;002757;002792;002881;002929;002935;002987;300002;300017;300033;300047;300058;300101;300113;300133;300170;300182;300339;300348;300378;300413;300454;300458;300496;300629;300634;300674;300857,001208;300996;301050;301110;301165;301171,0.8909090909090909,true,0,,true,false,0.00013948854200949512,,false,expanded_only_v1_2,0.0,headline,true,false,0.051646170498263484,0.0,0.00013948854200949512,1.1755534071435265,,true,qfq,true,false,true,true,false,false,true,revised_history,2026-07-11,False
2021-03-03,2021-03-31,20,full,55,49,000063;000681;000901;000938;000977;002015;002044;002049;002065;002131;002212;002230;002236;002279;002315;002361;002373;002396;002410;002446;002544;002558;002757;002792;002881;002929;002935;002987;300002;300017;300033;300047;300058;300101;300113;300133;300170;300182;300339;300348;300378;300413;300454;300458;300496;300629;300634;300674;300857,001208;300996;301050;301110;301165;301171,0.8909090909090909,true,1,000063,false,true,,,false,expanded_only_v1_2,0.0,termination_period,false,false,,,,,end_price_missing,true,qfq,true,false,true,true,false,false,true,revised_history,2026-07-11,False
2021-03-31,2021-04-29,20,full,55,48,000681;000901;000938;000977;002015;002044;002049;002065;002131;002212;002230;002236;002279;002315;002361;002373;002396;002410;002446;002544;002558;002757;002792;002881;002929;002935;002987;300002;300017;300033;300047;300058;300101;300113;300133;300170;300182;300339;300348;300378;300413;300454;300458;300496;300629;300634;300674;300857,000063;001208;300996;301050;301110;301165;301171,0.8727272727272727,true,0,,true,false,-0.00433664415763516,,false,expanded_only_v1_2,0.0,post_termination_diagnostic,false,false,,,,,,true,qfq,true,false,true,true,false,false,true,revised_history,2026-07-11,False
2021-04-29,2021-06-01,20,full,55,49,000063;000681;000901;000938;000977;002015;002044;002049;002065;002131;002212;002230;002236;002279;002315;002361;002373;002396;002410;002446;002544;002558;002757;002792;002881;002929;002935;002987;300002;300017;300033;300047;300058;300101;300113;300133;300170;300182;300339;300348;300378;300413;300454;300458;300496;300629;300634;300674;300857,001208;300996;301050;301110;301165;301171,0.8909090909090909,true,0,,true,false,0.07877352137917676,300339,false,expanded_only_v1_2,0.0,post_termination_diagnostic,false,false,,,,,,true,qfq,true,false,true,true,false,false,true,revised_history,2026-07-11,False
2021-06-01,2021-06-30,20,full,55,49,000063;000681;000901;000938;000977;002015;002044;002049;002065;002131;002212;002230;002236;002279;002315;002361;002373;002396;002410;002446;002544;002558;002757;002792;002881;002929;002935;002987;300002;300017;300033;300047;300058;300101;300113;300133;300170;300182;300339;300348;300378;300413;300454;300458;300496;300629;300634;300674;300857,001208;300996;301050;301110;301165;301171,0.8909090909090909,true,0,,true,false,0.06132806622888898,300339;300458,false,expanded_only_v1_2,0.0,post_termination_diagnostic,false,false,,,,,,true,qfq,true,false,true,true,false,false,true,revised_history,2026-07-11,False
2021-06-30,2021-07-28,20,full,55,51,000063;000681;000901;000938;000977;001208;002015;002044;002049;002065;002131;002212;002230;002236;002279;002315;002361;002373;002396;002410;002446;002544;002558;002757;002792;002881;002929;002935;002987;300002;300017;300033;300047;300058;300101;300113;300133;300170;300182;300339;300348;300378;300413;300454;300458;300496;300629;300634;300674;300857;300996,301050;301110;301165;301171,0.9272727272727272,true,0,,true,false,-0.04212781595756304,,false,expanded_only_v1_2,0.0,post_termination_diagnostic,false,false,,,,,,true,qfq,true,false,true,true,false,false,true,revised_history,2026-07-11,False
2021-07-28,2021-08-25,20,full,55,51,000063;000681;000901;000938;000977;001208;002015;002044;002049;002065;002131;002212;002230;002236;002279;002315;002361;002373;002396;002410;002446;002544;002558;002757;002792;002881;002929;002935;002987;300002;300017;300033;300047;300058;300101;300113;300133;300170;300182;300339;300348;300378;300413;300454;300458;300496;300629;300634;300674;300857;300996,301050;301110;301165;301171,0.9272727272727272,true,0,,true,false,0.10386807890796264,001208;002015,false,expanded_only_v1_2,0.0,post_termination_diagnostic,false,false,,,,,,true,qfq,true,false,true,true,false,false,true,revised_history,2026-07-11,False
2021-08-25,2021-09-24,20,full,55,52,000063;000681;000901;000938;000977;001208;002015;002044;002049;002065;002131;002212;002230;002236;002279;002315;002361;002373;002396;002410;002446;002544;002558;002757;002792;002881;002929;002935;002987;300002;300017;300033;300047;300058;300101;300113;300133;300170;300182;300339;300348;300378;300413;300454;300458;300496;300629;300634;300674;300857;300996;301050,301110;301165;301171,0.9454545454545454,true,0,,true,false,-0.018384606370040264,,false,expanded_only_v1_2,0.0,post_termination_diagnostic,false,false,,,,,,true,qfq,true,false,true,true,false,false,true,revised_history,2026-07-11,False
2021-09-24,2021-10-29,20,full,55,52,000063;000681;000901;000938;000977;001208;002015;002044;002049;002065;002131;002212;002230;002236;002279;002315;002361;002373;002396;002410;002446;002544;002558;002757;002792;002881;002929;002935;002987;300002;300017;300033;300047;300058;300101;300113;300133;300170;300182;300339;300348;300378;300413;300454;300458;300496;300629;300634;300674;300857;300996;301050,301110;301165;301171,0.9454545454545454,true,0,,true,false,-0.02683199920949837,,false,expanded_only_v1_2,0.0,post_termination_diagnostic,false,false,,,,,,true,qfq,true,false,true,true,false,false,true,revised_history,2026-07-11,False
2021-10-29,2021-11-26,20,full,55,52,000063;000681;000901;000938;000977;001208;002015;002044;002049;002065;002131;002212;002230;002236;002279;002315;002361;002373;002396;002410;002446;002544;002558;002757;002792;002881;002929;002935;002987;300002;300017;300033;300047;300058;300101;300113;300133;300170;300182;300339;300348;300378;300413;300454;300458;300496;300629;300634;300674;300857;300996;301050,301110;301165;301171,0.9454545454545454,true,0,,true,false,0.11236631146925953,,false,expanded_only_v1_2,0.0,post_termination_diagnostic,false,false,,,,,,true,qfq,true,false,true,true,false,false,true,revised_history,2026-07-11,False
2021-11-26,2021-12-24,20,full,55,52,000063;000681;000901;000938;000977;001208;002015;002044;002049;002065;002131;002212;002230;002236;002279;002315;002361;002373;002396;002410;002446;002544;002558;002757;002792;002881;002929;002935;002987;300002;300017;300033;300047;300058;300101;300113;300133;300170;300182;300339;300348;300378;300413;300454;300458;300496;300629;300634;300674;300857;300996;301050,301110;301165;301171,0.9454545454545454,true,0,,true,false,0.0033910707159160508,,false,expanded_only_v1_2,0.0,post_termination_diagnostic,false,false,,,,,,true,qfq,true,false,true,true,false,false,true,revised_history,2026-07-11,False
2021-12-24,2022-01-24,20,full,55,52,000063;000681;000901;000938;000977;001208;002015;002044;002049;002065;002131;002212;002230;002236;002279;002315;002361;002373;002396;002410;002446;002544;002558;002757;002792;002881;002929;002935;002987;300002;300017;300033;300047;300058;300101;300113;300133;300170;300182;300339;300348;300378;300413;300454;300458;300496;300629;300634;300674;300857;300996;301050,301110;301165;301171,0.9454545454545454,true,0,,true,false,0.030945336325520812,002987;300047,false,expanded_only_v1_2,0.0,post_termination_diagnostic,false,false,,,,,,true,qfq,true,false,true,true,false,false,true,revised_history,2026-07-11,False
2022-01-24,2022-02-28,20,full,55,52,000063;000681;000901;000938;000977;001208;002015;002044;002049;002065;002131;002212;002230;002236;002279;002315;002361;002373;002396;002410;002446;002544;002558;002757;002792;002881;002929;002935;002987;300002;300017;300033;300047;300058;300101;300113;300133;300170;300182;300339;300348;300378;300413;300454;300458;300496;300629;300634;300674;300857;300996;301050,301110;301165;301171,0.9454545454545454,true,0,,true,false,-0.06127012139210775,,false,expanded_only_v1_2,0.0,post_termination_diagnostic,false,false,,,,,,true,qfq,true,false,true,true,false,false,true,revised_history,2026-07-11,False
2022-02-28,2022-03-28,20,full,55,52,000063;000681;000901;000938;000977;001208;002015;002044;002049;002065;002131;002212;002230;002236;002279;002315;002361;002373;002396;002410;002446;002544;002558;002757;002792;002881;002929;002935;002987;300002;300017;300033;300047;300058;300101;300113;300133;300170;300182;300339;300348;300378;300413;300454;300458;300496;300629;300634;300674;300857;300996;301050,301110;301165;301171,0.9454545454545454,true,0,,true,false,-0.11332920553535566,,false,expanded_only_v1_2,0.0,post_termination_diagnostic,false,false,,,,,,true,qfq,true,false,true,true,false,false,true,revised_history,2026-07-11,False
2022-03-28,2022-04-27,20,full,55,53,000063;000681;000901;000938;000977;001208;002015;002044;002049;002065;002131;002212;002230;002236;002279;002315;002361;002373;002396;002410;002446;002544;002558;002757;002792;002881;002929;002935;002987;300002;300017;300033;300047;300058;300101;300113;300133;300170;300182;300339;300348;300378;300413;300454;300458;300496;300629;300634;300674;300857;300996;301050;301110,301165;301171,0.9636363636363636,true,0,,true,false,-0.20212124377680685,,false,expanded_only_v1_2,0.0,post_termination_diagnostic,false,false,,,,,,true,qfq,true,false,true,true,false,false,true,revised_history,2026-07-11,False
2022-04-27,2022-05-30,20,full,55,53,000063;000681;000901;000938;000977;001208;002015;002044;002049;002065;002131;002212;002230;002236;002279;002315;002361;002373;002396;002410;002446;002544;002558;002757;002792;002881;002929;002935;002987;300002;300017;300033;300047;300058;300101;300113;300133;300170;300182;300339;300348;300378;300413;300454;300458;300496;300629;300634;300674;300857;300996;301050;301110,301165;301171,0.9636363636363636,true,0,,true,false,0.12222325635483007,,false,expanded_only_v1_2,0.0,post_termination_diagnostic,false,false,,,,,,true,qfq,true,false,true,true,false,false,true,revised_history,2026-07-11,False
2022-05-30,2022-06-28,20,full,55,53,000063;000681;000901;000938;000977;001208;002015;002044;002049;002065;002131;002212;002230;002236;002279;002315;002361;002373;002396;002410;002446;002544;002558;002757;002792;002881;002929;002935;002987;300002;300017;300033;300047;300058;300101;300113;300133;300170;300182;300339;300348;300378;300413;300454;300458;300496;300629;300634;300674;300857;300996;301050;301110,301165;301171,0.9636363636363636,true,0,,true,false,0.10905511322295056,,false,expanded_only_v1_2,0.0,post_termination_diagnostic,false,false,,,,,,true,qfq,true,false,true,true,false,false,true,revised_history,2026-07-11,False
2022-06-28,2022-07-26,20,full,55,53,000063;000681;000901;000938;000977;001208;002015;002044;002049;002065;002131;002212;002230;002236;002279;002315;002361;002373;002396;002410;002446;002544;002558;002757;002792;002881;002929;002935;002987;300002;300017;300033;300047;300058;300101;300113;300133;300170;300182;300339;300348;300378;300413;300454;300458;300496;300629;300634;300674;300857;300996;301050;301110,301165;301171,0.9636363636363636,true,0,,true,false,-0.016292420113572837,,false,expanded_only_v1_2,0.0,post_termination_diagnostic,false,false,,,,,,true,qfq,true,false,true,true,false,false,true,revised_history,2026-07-11,False
2022-07-26,2022-08-23,20,full,55,53,000063;000681;000901;000938;000977;001208;002015;002044;002049;002065;002131;002212;002230;002236;002279;002315;002361;002373;002396;002410;002446;002544;002558;002757;002792;002881;002929;002935;002987;300002;300017;300033;300047;300058;300101;300113;300133;300170;300182;300339;300348;300378;300413;300454;300458;300496;300629;300634;300674;300857;300996;301050;301110,301165;301171,0.9636363636363636,true,0,,true,false,0.028247155480187344,,false,expanded_only_v1_2,0.0,post_termination_diagnostic,false,false,,,,,,true,qfq,true,false,true,true,false,false,true,revised_history,2026-07-11,False
2022-08-23,2022-09-21,20,full,55,54,000063;000681;000901;000938;000977;001208;002015;002044;002049;002065;002131;002212;002230;002236;002279;002315;002361;002373;002396;002410;002446;002544;002558;002757;002792;002881;002929;002935;002987;300002;300017;300033;300047;300058;300101;300113;300133;300170;300182;300339;300348;300378;300413;300454;300458;300496;300629;300634;300674;300857;300996;301050;301110;301171,301165,0.9818181818181818,true,0,,true,false,-0.08837763037014472,,false,expanded_only_v1_2,0.0,post_termination_diagnostic,false,false,,,,,,true,qfq,true,false,true,true,false,false,true,revised_history,2026-07-11,False
2022-09-21,2022-10-26,20,full,55,54,000063;000681;000901;000938;000977;001208;002015;002044;002049;002065;002131;002212;002230;002236;002279;002315;002361;002373;002396;002410;002446;002544;002558;002757;002792;002881;002929;002935;002987;300002;300017;300033;300047;300058;300101;300113;300133;300170;300182;300339;300348;300378;300413;300454;300458;300496;300629;300634;300674;300857;300996;301050;301110;301171,301165,0.9818181818181818,true,0,,true,false,0.032664236559954096,,false,expanded_only_v1_2,0.0,post_termination_diagnostic,false,false,,,,,,true,qfq,true,false,true,true,false,false,true,revised_history,2026-07-11,False
2022-10-26,2022-11-23,20,full,55,54,000063;000681;000901;000938;000977;001208;002015;002044;002049;002065;002131;002212;002230;002236;002279;002315;002361;002373;002396;002410;002446;002544;002558;002757;002792;002881;002929;002935;002987;300002;300017;300033;300047;300058;300101;300113;300133;300170;300182;300339;300348;300378;300413;300454;300458;300496;300629;300634;300674;300857;300996;301050;301110;301171,301165,0.9818181818181818,true,0,,true,false,0.04659658061736891,,false,expanded_only_v1_2,0.0,post_termination_diagnostic,false,false,,,,,,true,qfq,true,false,true,true,false,false,true,revised_history,2026-07-11,False
2022-11-23,2022-12-21,20,full,55,55,000063;000681;000901;000938;000977;001208;002015;002044;002049;002065;002131;002212;002230;002236;002279;002315;002361;002373;002396;002410;002446;002544;002558;002757;002792;002881;002929;002935;002987;300002;300017;300033;300047;300058;300101;300113;300133;300170;300182;300339;300348;300378;300413;300454;300458;300496;300629;300634;300674;300857;300996;301050;301110;301165;301171,,1.0,true,0,,true,false,-0.06371007361061559,,false,expanded_only_v1_2,0.0,post_termination_diagnostic,false,false,,,,,,true,qfq,true,false,true,true,false,false,true,revised_history,2026-07-11,False
2022-12-21,2023-01-19,20,full,55,55,000063;000681;000901;000938;000977;001208;002015;002044;002049;002065;002131;002212;002230;002236;002279;002315;002361;002373;002396;002410;002446;002544;002558;002757;002792;002881;002929;002935;002987;300002;300017;300033;300047;300058;300101;300113;300133;300170;300182;300339;300348;300378;300413;300454;300458;300496;300629;300634;300674;300857;300996;301050;301110;301165;301171,,1.0,true,0,,true,false,0.12619372045034613,002279,false,expanded_only_v1_2,0.0,post_termination_diagnostic,false,false,,,,,,true,qfq,true,false,true,true,false,false,true,revised_history,2026-07-11,False
2023-01-19,2023-02-23,20,full,55,55,000063;000681;000901;000938;000977;001208;002015;002044;002049;002065;002131;002212;002230;002236;002279;002315;002361;002373;002396;002410;002446;002544;002558;002757;002792;002881;002929;002935;002987;300002;300017;300033;300047;300058;300101;300113;300133;300170;300182;300339;300348;300378;300413;300454;300458;300496;300629;300634;300674;300857;300996;301050;301110;301165;301171,,1.0,true,0,,true,false,0.07543713269985876,000977,false,expanded_only_v1_2,0.0,post_termination_diagnostic,false,false,,,,,,true,qfq,true,false,true,true,false,false,true,revised_history,2026-07-11,False
2023-02-23,2023-03-23,20,full,55,55,000063;000681;000901;000938;000977;001208;002015;002044;002049;002065;002131;002212;002230;002236;002279;002315;002361;002373;002396;002410;002446;002544;002558;002757;002792;002881;002929;002935;002987;300002;300017;300033;300047;300058;300101;300113;300133;300170;300182;300339;300348;300378;300413;300454;300458;300496;300629;300634;300674;300857;300996;301050;301110;301165;301171,,1.0,true,0,,true,false,0.1686681124110764,002236;300058;300634;301110,false,expanded_only_v1_2,0.0,post_termination_diagnostic,false,false,,,,,,true,qfq,true,false,true,true,false,false,true,revised_history,2026-07-11,False
2023-03-23,2023-04-21,20,full,55,55,000063;000681;000901;000938;000977;001208;002015;002044;002049;002065;002131;002212;002230;002236;002279;002315;002361;002373;002396;002410;002446;002544;002558;002757;002792;002881;002929;002935;002987;300002;300017;300033;300047;300058;300101;300113;300133;300170;300182;300339;300348;300378;300413;300454;300458;300496;300629;300634;300674;300857;300996;301050;301110;301165;301171,,1.0,true,0,,true,false,-0.0012332822266392543,300002,false,expanded_only_v1_2,0.0,post_termination_diagnostic,false,false,,,,,,true,qfq,true,false,true,true,false,false,true,revised_history,2026-07-11,False
2023-04-21,2023-05-24,20,full,55,55,000063;000681;000901;000938;000977;001208;002015;002044;002049;002065;002131;002212;002230;002236;002279;002315;002361;002373;002396;002410;002446;002544;002558;002757;002792;002881;002929;002935;002987;300002;300017;300033;300047;300058;300101;300113;300133;300170;300182;300339;300348;300378;300413;300454;300458;300496;300629;300634;300674;300857;300996;301050;301110;301165;301171,,1.0,true,0,,true,false,-0.05761700082181222,002315,false,expanded_only_v1_2,0.0,post_termination_diagnostic,false,false,,,,,,true,qfq,true,false,true,true,false,false,true,revised_history,2026-07-11,False
2023-05-24,2023-06-21,20,full,55,55,000063;000681;000901;000938;000977;001208;002015;002044;002049;002065;002131;002212;002230;002236;002279;002315;002361;002373;002396;002410;002446;002544;002558;002757;002792;002881;002929;002935;002987;300002;300017;300033;300047;300058;300101;300113;300133;300170;300182;300339;300348;300378;300413;300454;300458;300496;300629;300634;300674;300857;300996;301050;301110;301165;301171,,1.0,true,0,,true,false,0.14189915593184843,000977;300378,false,expanded_only_v1_2,0.0,post_termination_diagnostic,false,false,,,,,,true,qfq,true,false,true,true,false,false,true,revised_history,2026-07-11,False
2023-06-21,2023-07-21,20,full,55,55,000063;000681;000901;000938;000977;001208;002015;002044;002049;002065;002131;002212;002230;002236;002279;002315;002361;002373;002396;002410;002446;002544;002558;002757;002792;002881;002929;002935;002987;300002;300017;300033;300047;300058;300101;300113;300133;300170;300182;300339;300348;300378;300413;300454;300458;300496;300629;300634;300674;300857;300996;301050;301110;301165;301171,,1.0,true,0,,true,false,-0.11302061959064351,,false,expanded_only_v1_2,0.0,post_termination_diagnostic,false,false,,,,,,true,qfq,true,false,true,true,false,false,true,revised_history,2026-07-11,False
2023-07-21,2023-08-18,20,full,55,55,000063;000681;000901;000938;000977;001208;002015;002044;002049;002065;002131;002212;002230;002236;002279;002315;002361;002373;002396;002410;002446;002544;002558;002757;002792;002881;002929;002935;002987;300002;300017;300033;300047;300058;300101;300113;300133;300170;300182;300339;300348;300378;300413;300454;300458;300496;300629;300634;300674;300857;300996;301050;301110;301165;301171,,1.0,true,0,,true,false,-0.05746273375163859,,false,expanded_only_v1_2,0.0,post_termination_diagnostic,false,false,,,,,,true,qfq,true,false,true,true,false,false,true,revised_history,2026-07-11,False
2023-08-18,2023-09-15,20,full,55,55,000063;000681;000901;000938;000977;001208;002015;002044;002049;002065;002131;002212;002230;002236;002279;002315;002361;002373;002396;002410;002446;002544;002558;002757;002792;002881;002929;002935;002987;300002;300017;300033;300047;300058;300101;300113;300133;300170;300182;300339;300348;300378;300413;300454;300458;300496;300629;300634;300674;300857;300996;301050;301110;301165;301171,,1.0,true,0,,true,false,-0.02108237435691367,,false,expanded_only_v1_2,0.0,post_termination_diagnostic,false,false,,,,,,true,qfq,true,false,true,true,false,false,true,revised_history,2026-07-11,False
2023-09-15,2023-10-23,20,full,55,55,000063;000681;000901;000938;000977;001208;002015;002044;002049;002065;002131;002212;002230;002236;002279;002315;002361;002373;002396;002410;002446;002544;002558;002757;002792;002881;002929;002935;002987;300002;300017;300033;300047;300058;300101;300113;300133;300170;300182;300339;300348;300378;300413;300454;300458;300496;300629;300634;300674;300857;300996;301050;301110;301165;301171,,1.0,true,0,,true,false,-0.07640359301180315,,false,expanded_only_v1_2,0.0,post_termination_diagnostic,false,false,,,,,,true,qfq,true,false,true,true,false,false,true,revised_history,2026-07-11,False
2023-10-23,2023-11-20,20,full,55,55,000063;000681;000901;000938;000977;001208;002015;002044;002049;002065;002131;002212;002230;002236;002279;002315;002361;002373;002396;002410;002446;002544;002558;002757;002792;002881;002929;002935;002987;300002;300017;300033;300047;300058;300101;300113;300133;300170;300182;300339;300348;300378;300413;300454;300458;300496;300629;300634;300674;300857;300996;301050;301110;301165;301171,,1.0,true,0,,true,false,0.1768096555843572,300857,false,expanded_only_v1_2,0.0,post_termination_diagnostic,false,false,,,,,,true,qfq,true,false,true,true,false,false,true,revised_history,2026-07-11,False
2023-11-20,2023-12-18,20,full,55,55,000063;000681;000901;000938;000977;001208;002015;002044;002049;002065;002131;002212;002230;002236;002279;002315;002361;002373;002396;002410;002446;002544;002558;002757;002792;002881;002929;002935;002987;300002;300017;300033;300047;300058;300101;300113;300133;300170;300182;300339;300348;300378;300413;300454;300458;300496;300629;300634;300674;300857;300996;301050;301110;301165;301171,,1.0,true,0,,true,false,-0.05652354196980299,,false,expanded_only_v1_2,0.0,post_termination_diagnostic,false,false,,,,,,true,qfq,true,false,true,true,false,false,true,revised_history,2026-07-11,False
2023-12-18,2024-01-16,20,full,55,55,000063;000681;000901;000938;000977;001208;002015;002044;002049;002065;002131;002212;002230;002236;002279;002315;002361;002373;002396;002410;002446;002544;002558;002757;002792;002881;002929;002935;002987;300002;300017;300033;300047;300058;300101;300113;300133;300170;300182;300339;300348;300378;300413;300454;300458;300496;300629;300634;300674;300857;300996;301050;301110;301165;301171,,1.0,true,0,,true,false,-0.11232099807399004,,false,expanded_only_v1_2,0.0,post_termination_diagnostic,false,false,,,,,,true,qfq,true,false,true,true,false,false,true,revised_history,2026-07-11,False
2024-01-16,2024-02-21,20,full,55,55,000063;000681;000901;000938;000977;001208;002015;002044;002049;002065;002131;002212;002230;002236;002279;002315;002361;002373;002396;002410;002446;002544;002558;002757;002792;002881;002929;002935;002987;300002;300017;300033;300047;300058;300101;300113;300133;300170;300182;300339;300348;300378;300413;300454;300458;300496;300629;300634;300674;300857;300996;301050;301110;301165;301171,,1.0,true,0,,true,false,-0.08394547451861747,,false,expanded_only_v1_2,0.0,post_termination_diagnostic,false,false,,,,,,true,qfq,true,false,true,true,false,false,true,revised_history,2026-07-11,False
2024-02-21,2024-03-20,20,full,55,55,000063;000681;000901;000938;000977;001208;002015;002044;002049;002065;002131;002212;002230;002236;002279;002315;002361;002373;002396;002410;002446;002544;002558;002757;002792;002881;002929;002935;002987;300002;300017;300033;300047;300058;300101;300113;300133;300170;300182;300339;300348;300378;300413;300454;300458;300496;300629;300634;300674;300857;300996;301050;301110;301165;301171,,1.0,true,0,,true,false,0.20304396161402116,002544,false,expanded_only_v1_2,0.0,post_termination_diagnostic,false,false,,,,,,true,qfq,true,false,true,true,false,false,true,revised_history,2026-07-11,False
2024-03-20,2024-04-19,20,full,55,55,000063;000681;000901;000938;000977;001208;002015;002044;002049;002065;002131;002212;002230;002236;002279;002315;002361;002373;002396;002410;002446;002544;002558;002757;002792;002881;002929;002935;002987;300002;300017;300033;300047;300058;300101;300113;300133;300170;300182;300339;300348;300378;300413;300454;300458;300496;300629;300634;300674;300857;300996;301050;301110;301165;301171,,1.0,true,0,,true,false,-0.15765759823035844,,false,expanded_only_v1_2,0.0,post_termination_diagnostic,false,false,,,,,,true,qfq,true,false,true,true,false,false,true,revised_history,2026-07-11,False
2024-04-19,2024-05-22,20,full,55,55,000063;000681;000901;000938;000977;001208;002015;002044;002049;002065;002131;002212;002230;002236;002279;002315;002361;002373;002396;002410;002446;002544;002558;002757;002792;002881;002929;002935;002987;300002;300017;300033;300047;300058;300101;300113;300133;300170;300182;300339;300348;300378;300413;300454;300458;300496;300629;300634;300674;300857;300996;301050;301110;301165;301171,,1.0,true,0,,true,false,0.05729356948155537,,false,expanded_only_v1_2,0.0,post_termination_diagnostic,false,false,,,,,,true,qfq,true,false,true,true,false,false,true,revised_history,2026-07-11,False
2024-05-22,2024-06-20,20,full,55,55,000063;000681;000901;000938;000977;001208;002015;002044;002049;002065;002131;002212;002230;002236;002279;002315;002361;002373;002396;002410;002446;002544;002558;002757;002792;002881;002929;002935;002987;300002;300017;300033;300047;300058;300101;300113;300133;300170;300182;300339;300348;300378;300413;300454;300458;300496;300629;300634;300674;300857;300996;301050;301110;301165;301171,,1.0,true,0,,true,false,-0.07868145928052285,,false,expanded_only_v1_2,0.0,post_termination_diagnostic,false,false,,,,,,true,qfq,true,false,true,true,false,false,true,revised_history,2026-07-11,False
2024-06-20,2024-07-18,20,full,55,55,000063;000681;000901;000938;000977;001208;002015;002044;002049;002065;002131;002212;002230;002236;002279;002315;002361;002373;002396;002410;002446;002544;002558;002757;002792;002881;002929;002935;002987;300002;300017;300033;300047;300058;300101;300113;300133;300170;300182;300339;300348;300378;300413;300454;300458;300496;300629;300634;300674;300857;300996;301050;301110;301165;301171,,1.0,true,0,,true,false,-0.04059031815892266,,false,expanded_only_v1_2,0.0,post_termination_diagnostic,false,false,,,,,,true,qfq,true,false,true,true,false,false,true,revised_history,2026-07-11,False
2024-07-18,2024-08-15,20,full,55,55,000063;000681;000901;000938;000977;001208;002015;002044;002049;002065;002131;002212;002230;002236;002279;002315;002361;002373;002396;002410;002446;002544;002558;002757;002792;002881;002929;002935;002987;300002;300017;300033;300047;300058;300101;300113;300133;300170;300182;300339;300348;300378;300413;300454;300458;300496;300629;300634;300674;300857;300996;301050;301110;301165;301171,,1.0,true,0,,true,false,-0.004800078592234633,,false,expanded_only_v1_2,0.0,post_termination_diagnostic,false,false,,,,,,true,qfq,true,false,true,true,false,false,true,revised_history,2026-07-11,False
2024-08-15,2024-09-12,20,full,55,55,000063;000681;000901;000938;000977;001208;002015;002044;002049;002065;002131;002212;002230;002236;002279;002315;002361;002373;002396;002410;002446;002544;002558;002757;002792;002881;002929;002935;002987;300002;300017;300033;300047;300058;300101;300113;300133;300170;300182;300339;300348;300378;300413;300454;300458;300496;300629;300634;300674;300857;300996;301050;301110;301165;301171,,1.0,true,0,,true,false,-0.018395841413502447,,false,expanded_only_v1_2,0.0,post_termination_diagnostic,false,false,,,,,,true,qfq,true,false,true,true,false,false,true,revised_history,2026-07-11,False
2024-09-12,2024-10-21,20,full,55,55,000063;000681;000901;000938;000977;001208;002015;002044;002049;002065;002131;002212;002230;002236;002279;002315;002361;002373;002396;002410;002446;002544;002558;002757;002792;002881;002929;002935;002987;300002;300017;300033;300047;300058;300101;300113;300133;300170;300182;300339;300348;300378;300413;300454;300458;300496;300629;300634;300674;300857;300996;301050;301110;301165;301171,,1.0,true,0,,true,false,0.5039900965253414,002049;002410;002544;002987;300002;300033;300047;300339;300348;300458;300496;300674;300857;301050;301110;301165;301171,true,expanded_only_v1_2,0.0,post_termination_diagnostic,false,false,,,,,,true,qfq,true,false,true,true,false,false,true,revised_history,2026-07-11,False
2024-10-21,2024-11-18,20,full,55,55,000063;000681;000901;000938;000977;001208;002015;002044;002049;002065;002131;002212;002230;002236;002279;002315;002361;002373;002396;002410;002446;002544;002558;002757;002792;002881;002929;002935;002987;300002;300017;300033;300047;300058;300101;300113;300133;300170;300182;300339;300348;300378;300413;300454;300458;300496;300629;300634;300674;300857;300996;301050;301110;301165;301171,,1.0,true,0,,true,false,0.022524188110593178,301171,false,expanded_only_v1_2,0.0,post_termination_diagnostic,false,false,,,,,,true,qfq,true,false,true,true,false,false,true,revised_history,2026-07-11,False
2024-11-18,2024-12-16,20,full,55,55,000063;000681;000901;000938;000977;001208;002015;002044;002049;002065;002131;002212;002230;002236;002279;002315;002361;002373;002396;002410;002446;002544;002558;002757;002792;002881;002929;002935;002987;300002;300017;300033;300047;300058;300101;300113;300133;300170;300182;300339;300348;300378;300413;300454;300458;300496;300629;300634;300674;300857;300996;301050;301110;301165;301171,,1.0,true,0,,true,false,0.12058532665538647,000681;002131,false,expanded_only_v1_2,0.0,post_termination_diagnostic,false,false,,,,,,true,qfq,true,false,true,true,false,false,true,revised_history,2026-07-11,False
2024-12-16,2025-01-14,20,full,55,55,000063;000681;000901;000938;000977;001208;002015;002044;002049;002065;002131;002212;002230;002236;002279;002315;002361;002373;002396;002410;002446;002544;002558;002757;002792;002881;002929;002935;002987;300002;300017;300033;300047;300058;300101;300113;300133;300170;300182;300339;300348;300378;300413;300454;300458;300496;300629;300634;300674;300857;300996;301050;301110;301165;301171,,1.0,true,0,,true,false,-0.07610194163169412,,false,expanded_only_v1_2,0.0,post_termination_diagnostic,false,false,,,,,,true,qfq,true,false,true,true,false,false,true,revised_history,2026-07-11,False
2025-01-14,2025-02-19,20,full,55,55,000063;000681;000901;000938;000977;001208;002015;002044;002049;002065;002131;002212;002230;002236;002279;002315;002361;002373;002396;002410;002446;002544;002558;002757;002792;002881;002929;002935;002987;300002;300017;300033;300047;300058;300101;300113;300133;300170;300182;300339;300348;300378;300413;300454;300458;300496;300629;300634;300674;300857;300996;301050;301110;301165;301171,,1.0,true,0,,true,false,0.25539560807028516,002044;002065;002757;002881;002929;300113;300170;300378;300454;300674;300996,false,expanded_only_v1_2,0.0,post_termination_diagnostic,false,false,,,,,,true,qfq,true,false,true,true,false,false,true,revised_history,2026-07-11,False
2025-02-19,2025-03-19,20,full,55,55,000063;000681;000901;000938;000977;001208;002015;002044;002049;002065;002131;002212;002230;002236;002279;002315;002361;002373;002396;002410;002446;002544;002558;002757;002792;002881;002929;002935;002987;300002;300017;300033;300047;300058;300101;300113;300133;300170;300182;300339;300348;300378;300413;300454;300458;300496;300629;300634;300674;300857;300996;301050;301110;301165;301171,,1.0,true,0,,true,false,0.008385064678705331,,false,expanded_only_v1_2,0.0,post_termination_diagnostic,false,false,,,,,,true,qfq,true,false,true,true,false,false,true,revised_history,2026-07-11,False
2025-03-19,2025-04-17,20,full,55,55,000063;000681;000901;000938;000977;001208;002015;002044;002049;002065;002131;002212;002230;002236;002279;002315;002361;002373;002396;002410;002446;002544;002558;002757;002792;002881;002929;002935;002987;300002;300017;300033;300047;300058;300101;300113;300133;300170;300182;300339;300348;300378;300413;300454;300458;300496;300629;300634;300674;300857;300996;301050;301110;301165;301171,,1.0,true,0,,true,false,-0.15757830415948423,,false,expanded_only_v1_2,0.0,post_termination_diagnostic,false,false,,,,,,true,qfq,true,false,true,true,false,false,true,revised_history,2026-07-11,False
2025-04-17,2025-05-20,20,full,55,55,000063;000681;000901;000938;000977;001208;002015;002044;002049;002065;002131;002212;002230;002236;002279;002315;002361;002373;002396;002410;002446;002544;002558;002757;002792;002881;002929;002935;002987;300002;300017;300033;300047;300058;300101;300113;300133;300170;300182;300339;300348;300378;300413;300454;300458;300496;300629;300634;300674;300857;300996;301050;301110;301165;301171,,1.0,true,0,,true,false,0.06517691662968673,,false,expanded_only_v1_2,0.0,post_termination_diagnostic,false,false,,,,,,true,qfq,true,false,true,true,false,false,true,revised_history,2026-07-11,False
2025-05-20,2025-06-18,20,full,55,55,000063;000681;000901;000938;000977;001208;002015;002044;002049;002065;002131;002212;002230;002236;002279;002315;002361;002373;002396;002410;002446;002544;002558;002757;002792;002881;002929;002935;002987;300002;300017;300033;300047;300058;300101;300113;300133;300170;300182;300339;300348;300378;300413;300454;300458;300496;300629;300634;300674;300857;300996;301050;301110;301165;301171,,1.0,true,0,,true,false,0.017739133669587164,002015,false,expanded_only_v1_2,0.0,post_termination_diagnostic,false,false,,,,,,true,qfq,true,false,true,true,false,false,true,revised_history,2026-07-11,False
2025-06-18,2025-07-16,20,full,55,55,000063;000681;000901;000938;000977;001208;002015;002044;002049;002065;002131;002212;002230;002236;002279;002315;002361;002373;002396;002410;002446;002544;002558;002757;002792;002881;002929;002935;002987;300002;300017;300033;300047;300058;300101;300113;300133;300170;300182;300339;300348;300378;300413;300454;300458;300496;300629;300634;300674;300857;300996;301050;301110;301165;301171,,1.0,true,0,,true,false,0.08586413046945489,,false,expanded_only_v1_2,0.0,post_termination_diagnostic,false,false,,,,,,true,qfq,true,false,true,true,false,false,true,revised_history,2026-07-11,False
2025-07-16,2025-08-13,20,full,55,55,000063;000681;000901;000938;000977;001208;002015;002044;002049;002065;002131;002212;002230;002236;002279;002315;002361;002373;002396;002410;002446;002544;002558;002757;002792;002881;002929;002935;002987;300002;300017;300033;300047;300058;300101;300113;300133;300170;300182;300339;300348;300378;300413;300454;300458;300496;300629;300634;300674;300857;300996;301050;301110;301165;301171,,1.0,true,0,,true,false,0.07753488756195331,000901,false,expanded_only_v1_2,0.0,post_termination_diagnostic,false,false,,,,,,true,qfq,true,false,true,true,false,false,true,revised_history,2026-07-11,False
2025-08-13,2025-09-10,20,full,55,55,000063;000681;000901;000938;000977;001208;002015;002044;002049;002065;002131;002212;002230;002236;002279;002315;002361;002373;002396;002410;002446;002544;002558;002757;002792;002881;002929;002935;002987;300002;300017;300033;300047;300058;300101;300113;300133;300170;300182;300339;300348;300378;300413;300454;300458;300496;300629;300634;300674;300857;300996;301050;301110;301165;301171,,1.0,true,0,,true,false,0.03304035318434857,002558,false,expanded_only_v1_2,0.0,post_termination_diagnostic,false,false,,,,,,true,qfq,true,false,true,true,false,false,true,revised_history,2026-07-11,False
2025-09-10,2025-10-16,20,full,55,55,000063;000681;000901;000938;000977;001208;002015;002044;002049;002065;002131;002212;002230;002236;002279;002315;002361;002373;002396;002410;002446;002544;002558;002757;002792;002881;002929;002935;002987;300002;300017;300033;300047;300058;300101;300113;300133;300170;300182;300339;300348;300378;300413;300454;300458;300496;300629;300634;300674;300857;300996;301050;301110;301165;301171,,1.0,true,0,,true,false,0.017557154817503445,,false,expanded_only_v1_2,0.0,post_termination_diagnostic,false,false,,,,,,true,qfq,true,false,true,true,false,false,true,revised_history,2026-07-11,False
2025-10-16,2025-11-13,20,full,55,55,000063;000681;000901;000938;000977;001208;002015;002044;002049;002065;002131;002212;002230;002236;002279;002315;002361;002373;002396;002410;002446;002544;002558;002757;002792;002881;002929;002935;002987;300002;300017;300033;300047;300058;300101;300113;300133;300170;300182;300339;300348;300378;300413;300454;300458;300496;300629;300634;300674;300857;300996;301050;301110;301165;301171,,1.0,true,0,,true,false,-0.018383990045283072,,false,expanded_only_v1_2,0.0,post_termination_diagnostic,false,false,,,,,,true,qfq,true,false,true,true,false,false,true,revised_history,2026-07-11,False
2025-11-13,2025-12-11,20,full,55,55,000063;000681;000901;000938;000977;001208;002015;002044;002049;002065;002131;002212;002230;002236;002279;002315;002361;002373;002396;002410;002446;002544;002558;002757;002792;002881;002929;002935;002987;300002;300017;300033;300047;300058;300101;300113;300133;300170;300182;300339;300348;300378;300413;300454;300458;300496;300629;300634;300674;300857;300996;301050;301110;301165;301171,,1.0,true,0,,true,false,-0.00941120926433054,,false,expanded_only_v1_2,0.0,post_termination_diagnostic,false,false,,,,,,true,qfq,true,false,true,true,false,false,true,revised_history,2026-07-11,False
2025-12-11,2026-01-12,20,full,55,55,000063;000681;000901;000938;000977;001208;002015;002044;002049;002065;002131;002212;002230;002236;002279;002315;002361;002373;002396;002410;002446;002544;002558;002757;002792;002881;002929;002935;002987;300002;300017;300033;300047;300058;300101;300113;300133;300170;300182;300339;300348;300378;300413;300454;300458;300496;300629;300634;300674;300857;300996;301050;301110;301165;301171,,1.0,true,1,002049,false,true,,000901;001208;002131;002361;002757;002792;300058;300170;300629;301050;301110;301171,false,expanded_only_v1_2,0.0,post_termination_diagnostic,false,false,,,,,,true,qfq,true,false,true,true,false,false,true,revised_history,2026-07-11,False
2026-01-12,2026-02-09,20,full,55,54,000063;000681;000901;000938;000977;001208;002015;002044;002065;002131;002212;002230;002236;002279;002315;002361;002373;002396;002410;002446;002544;002558;002757;002792;002881;002929;002935;002987;300002;300017;300033;300047;300058;300101;300113;300133;300170;300182;300339;300348;300378;300413;300454;300458;300496;300629;300634;300674;300857;300996;301050;301110;301165;301171,002049,0.9818181818181818,true,0,,true,false,-0.08170891222391359,300017,false,expanded_only_v1_2,0.0,post_termination_diagnostic,false,false,,,,,,true,qfq,true,false,true,true,false,false,true,revised_history,2026-07-11,False
2026-02-09,2026-03-17,20,full,55,55,000063;000681;000901;000938;000977;001208;002015;002044;002049;002065;002131;002212;002230;002236;002279;002315;002361;002373;002396;002410;002446;002544;002558;002757;002792;002881;002929;002935;002987;300002;300017;300033;300047;300058;300101;300113;300133;300170;300182;300339;300348;300378;300413;300454;300458;300496;300629;300634;300674;300857;300996;301050;301110;301165;301171,,1.0,true,0,,true,false,-0.09910888719053322,002015,false,expanded_only_v1_2,0.0,post_termination_diagnostic,false,false,,,,,,true,qfq,true,false,true,true,false,false,true,revised_history,2026-07-11,False
2026-03-17,2026-04-15,20,full,55,55,000063;000681;000901;000938;000977;001208;002015;002044;002049;002065;002131;002212;002230;002236;002279;002315;002361;002373;002396;002410;002446;002544;002558;002757;002792;002881;002929;002935;002987;300002;300017;300033;300047;300058;300101;300113;300133;300170;300182;300339;300348;300378;300413;300454;300458;300496;300629;300634;300674;300857;300996;301050;301110;301165;301171,,1.0,true,0,,true,false,0.004831214496986276,002361,false,expanded_only_v1_2,0.0,post_termination_diagnostic,false,false,,,,,,true,qfq,true,false,true,true,false,false,true,revised_history,2026-07-11,False
2026-04-15,2026-05-18,20,full,55,55,000063;000681;000901;000938;000977;001208;002015;002044;002049;002065;002131;002212;002230;002236;002279;002315;002361;002373;002396;002410;002446;002544;002558;002757;002792;002881;002929;002935;002987;300002;300017;300033;300047;300058;300101;300113;300133;300170;300182;300339;300348;300378;300413;300454;300458;300496;300629;300634;300674;300857;300996;301050;301110;301165;301171,,1.0,true,0,,true,false,0.05240641618630482,002929,false,expanded_only_v1_2,0.0,post_termination_diagnostic,false,false,,,,,,true,qfq,true,false,true,true,false,false,true,revised_history,2026-07-11,False
2026-05-18,2026-06-15,20,full,55,55,000063;000681;000901;000938;000977;001208;002015;002044;002049;002065;002131;002212;002230;002236;002279;002315;002361;002373;002396;002410;002446;002544;002558;002757;002792;002881;002929;002935;002987;300002;300017;300033;300047;300058;300101;300113;300133;300170;300182;300339;300348;300378;300413;300454;300458;300496;300629;300634;300674;300857;300996;301050;301110;301165;301171,,1.0,true,0,,true,false,-0.13775585775315158,,false,expanded_only_v1_2,0.0,post_termination_diagnostic,false,false,,,,,,true,qfq,true,false,true,true,false,false,true,revised_history,2026-07-11,False
2026-06-15,2026-07-10,18,partial,55,55,000063;000681;000901;000938;000977;001208;002015;002044;002049;002065;002131;002212;002230;002236;002279;002315;002361;002373;002396;002410;002446;002544;002558;002757;002792;002881;002929;002935;002987;300002;300017;300033;300047;300058;300101;300113;300133;300170;300182;300339;300348;300378;300413;300454;300458;300496;300629;300634;300674;300857;300996;301050;301110;301165;301171,,1.0,true,0,,true,false,0.0014044515179437104,301165,false,expanded_only_v1_2,0.0,post_termination_diagnostic,false,true,,,,,,true,qfq,true,false,true,true,false,false,true,pipeline_unseen_retrospective_extension,2026-07-11,False
2020-01-02,2020-02-07,20,full,55,47,000063;000681;000901;000938;000977;002015;002044;002049;002065;002131;002212;002230;002236;002279;002315;002361;002373;002396;002410;002446;002544;002558;002757;002792;002881;002929;002935;300002;300017;300033;300047;300058;300101;300113;300133;300170;300182;300339;300348;300378;300413;300454;300458;300496;300629;300634;300674,001208;002987;300857;300996;301050;301110;301165;301171,0.8545454545454545,true,0,,true,false,0.09674422033915088,300182;300454,false,expanded_only_v1_2,0.001,headline,true,false,1.0,0.001,0.09574422033915088,1.095744220339151,,true,qfq,true,false,true,true,false,false,true,revised_history,2026-07-11,False
2020-02-07,2020-03-06,20,full,55,47,000063;000681;000901;000938;000977;002015;002044;002049;002065;002131;002212;002230;002236;002279;002315;002361;002373;002396;002410;002446;002544;002558;002757;002792;002881;002929;002935;300002;300017;300033;300047;300058;300101;300113;300133;300170;300182;300339;300348;300378;300413;300454;300458;300496;300629;300634;300674,001208;002987;300857;300996;301050;301110;301165;301171,0.8545454545454545,true,0,,true,false,0.1194440671534091,002131,false,expanded_only_v1_2,0.001,headline,true,false,0.06968441752102285,6.968441752102285e-05,0.11937438273588809,1.2265480102785542,,true,qfq,true,false,true,true,false,false,true,revised_history,2026-07-11,False
2020-03-06,2020-04-03,20,full,55,47,000063;000681;000901;000938;000977;002015;002044;002049;002065;002131;002212;002230;002236;002279;002315;002361;002373;002396;002410;002446;002544;002558;002757;002792;002881;002929;002935;300002;300017;300033;300047;300058;300101;300113;300133;300170;300182;300339;300348;300378;300413;300454;300458;300496;300629;300634;300674,001208;002987;300857;300996;301050;301110;301165;301171,0.8545454545454545,true,0,,true,false,-0.1502655114044534,,false,expanded_only_v1_2,0.001,headline,true,false,0.0585249012283319,5.85249012283319e-05,-0.15032403630568172,1.0421683626507792,,true,qfq,true,false,true,true,false,false,true,revised_history,2026-07-11,False
2020-04-03,2020-05-07,20,full,55,47,000063;000681;000901;000938;000977;002015;002044;002049;002065;002131;002212;002230;002236;002279;002315;002361;002373;002396;002410;002446;002544;002558;002757;002792;002881;002929;002935;300002;300017;300033;300047;300058;300101;300113;300133;300170;300182;300339;300348;300378;300413;300454;300458;300496;300629;300634;300674,001208;002987;300857;300996;301050;301110;301165;301171,0.8545454545454545,true,0,,true,false,0.06337780222457691,300002,false,expanded_only_v1_2,0.001,headline,true,false,0.03177184368911819,3.1771843689118187e-05,0.06334603038088779,1.1081855914132555,,true,qfq,true,false,true,true,false,false,true,revised_history,2026-07-11,False
2020-05-07,2020-06-04,20,full,55,48,000063;000681;000901;000938;000977;002015;002044;002049;002065;002131;002212;002230;002236;002279;002315;002361;002373;002396;002410;002446;002544;002558;002757;002792;002881;002929;002935;002987;300002;300017;300033;300047;300058;300101;300113;300133;300170;300182;300339;300348;300378;300413;300454;300458;300496;300629;300634;300674,001208;300857;300996;301050;301110;301165;301171,0.8727272727272727,true,0,,true,false,0.018165190094742156,002987,false,expanded_only_v1_2,0.001,headline,true,false,0.045294357885590705,4.529435788559071e-05,0.018119895736856566,1.1282657987867502,,true,qfq,true,false,true,true,false,false,true,revised_history,2026-07-11,False
2020-06-04,2020-07-06,20,full,55,48,000063;000681;000901;000938;000977;002015;002044;002049;002065;002131;002212;002230;002236;002279;002315;002361;002373;002396;002410;002446;002544;002558;002757;002792;002881;002929;002935;002987;300002;300017;300033;300047;300058;300101;300113;300133;300170;300182;300339;300348;300378;300413;300454;300458;300496;300629;300634;300674,001208;300857;300996;301050;301110;301165;301171,0.8727272727272727,true,0,,true,false,0.14620437163528213,300033,false,expanded_only_v1_2,0.001,headline,true,false,0.03938623583565204,3.938623583565204e-05,0.14616498539944647,1.2931787527931102,,true,qfq,true,false,true,true,false,false,true,revised_history,2026-07-11,False
2020-07-06,2020-08-03,20,full,55,48,000063;000681;000901;000938;000977;002015;002044;002049;002065;002131;002212;002230;002236;002279;002315;002361;002373;002396;002410;002446;002544;002558;002757;002792;002881;002929;002935;002987;300002;300017;300033;300047;300058;300101;300113;300133;300170;300182;300339;300348;300378;300413;300454;300458;300496;300629;300634;300674,001208;300857;300996;301050;301110;301165;301171,0.8727272727272727,true,0,,true,false,0.07153764092946584,300378,false,expanded_only_v1_2,0.001,headline,true,false,0.045355125022011514,4.535512502201152e-05,0.07149228580444382,1.3856310577840294,,true,qfq,true,false,true,true,false,false,true,revised_history,2026-07-11,False
2020-08-03,2020-08-31,20,full,55,49,000063;000681;000901;000938;000977;002015;002044;002049;002065;002131;002212;002230;002236;002279;002315;002361;002373;002396;002410;002446;002544;002558;002757;002792;002881;002929;002935;002987;300002;300017;300033;300047;300058;300101;300113;300133;300170;300182;300339;300348;300378;300413;300454;300458;300496;300629;300634;300674;300857,001208;300996;301050;301110;301165;301171,0.8909090909090909,true,0,,true,false,0.007890966880913761,300857,false,expanded_only_v1_2,0.001,headline,true,false,0.07307473913788627,7.307473913788627e-05,0.007817892141775876,1.3964637719420798,,true,qfq,true,false,true,true,false,false,true,revised_history,2026-07-11,False
2020-08-31,2020-09-28,20,full,55,49,000063;000681;000901;000938;000977;002015;002044;002049;002065;002131;002212;002230;002236;002279;002315;002361;002373;002396;002410;002446;002544;002558;002757;002792;002881;002929;002935;002987;300002;300017;300033;300047;300058;300101;300113;300133;300170;300182;300339;300348;300378;300413;300454;300458;300496;300629;300634;300674;300857,001208;300996;301050;301110;301165;301171,0.8909090909090909,true,0,,true,false,-0.10498752904859,,false,expanded_only_v1_2,0.001,headline,true,false,0.044395763883914995,4.4395763883914996e-05,-0.10503192481247392,1.2497904940441156,,true,qfq,true,false,true,true,false,false,true,revised_history,2026-07-11,False
2020-09-28,2020-11-03,20,full,55,49,000063;000681;000901;000938;000977;002015;002044;002049;002065;002131;002212;002230;002236;002279;002315;002361;002373;002396;002410;002446;002544;002558;002757;002792;002881;002929;002935;002987;300002;300017;300033;300047;300058;300101;300113;300133;300170;300182;300339;300348;300378;300413;300454;300458;300496;300629;300634;300674;300857,001208;300996;301050;301110;301165;301171,0.8909090909090909,true,0,,true,false,0.010066098379809566,,false,expanded_only_v1_2,0.001,headline,true,false,0.025522724018614534,2.5522724018614533e-05,0.010040575655790952,1.2623391100534538,,true,qfq,true,false,true,true,false,false,true,revised_history,2026-07-11,False
2020-11-03,2020-12-01,20,full,55,49,000063;000681;000901;000938;000977;002015;002044;002049;002065;002131;002212;002230;002236;002279;002315;002361;002373;002396;002410;002446;002544;002558;002757;002792;002881;002929;002935;002987;300002;300017;300033;300047;300058;300101;300113;300133;300170;300182;300339;300348;300378;300413;300454;300458;300496;300629;300634;300674;300857,001208;300996;301050;301110;301165;301171,0.8909090909090909,true,0,,true,false,-0.006014078696111431,,false,expanded_only_v1_2,0.001,headline,true,false,0.034874880973831776,3.487488097383178e-05,-0.0060489535770852625,1.2547032793782014,,true,qfq,true,false,true,true,false,false,true,revised_history,2026-07-11,False
2020-12-01,2020-12-29,20,full,55,49,000063;000681;000901;000938;000977;002015;002044;002049;002065;002131;002212;002230;002236;002279;002315;002361;002373;002396;002410;002446;002544;002558;002757;002792;002881;002929;002935;002987;300002;300017;300033;300047;300058;300101;300113;300133;300170;300182;300339;300348;300378;300413;300454;300458;300496;300629;300634;300674;300857,001208;300996;301050;301110;301165;301171,0.8909090909090909,true,0,,true,false,-0.08491722632631328,,false,expanded_only_v1_2,0.001,headline,true,false,0.02705033753625185,2.7050337536251848e-05,-0.08494427666384953,1.1481234168836603,,true,qfq,true,false,true,true,false,false,true,revised_history,2026-07-11,False
2020-12-29,2021-01-27,20,full,55,49,000063;000681;000901;000938;000977;002015;002044;002049;002065;002131;002212;002230;002236;002279;002315;002361;002373;002396;002410;002446;002544;002558;002757;002792;002881;002929;002935;002987;300002;300017;300033;300047;300058;300101;300113;300133;300170;300182;300339;300348;300378;300413;300454;300458;300496;300629;300634;300674;300857,001208;300996;301050;301110;301165;301171,0.8909090909090909,true,0,,true,false,0.022309545719050076,,false,expanded_only_v1_2,0.001,headline,true,false,0.044722035014284955,4.472203501428496e-05,0.022264823684035793,1.1736861823280875,,true,qfq,true,false,true,true,false,false,true,revised_history,2026-07-11,False
2021-01-27,2021-03-03,20,full,55,49,000063;000681;000901;000938;000977;002015;002044;002049;002065;002131;002212;002230;002236;002279;002315;002361;002373;002396;002410;002446;002544;002558;002757;002792;002881;002929;002935;002987;300002;300017;300033;300047;300058;300101;300113;300133;300170;300182;300339;300348;300378;300413;300454;300458;300496;300629;300634;300674;300857,001208;300996;301050;301110;301165;301171,0.8909090909090909,true,0,,true,false,0.00013948854200949512,,false,expanded_only_v1_2,0.001,headline,true,false,0.051646170498263484,5.1646170498263484e-05,8.784237151123164e-05,1.1737892817057531,,true,qfq,true,false,true,true,false,false,true,revised_history,2026-07-11,False
2021-03-03,2021-03-31,20,full,55,49,000063;000681;000901;000938;000977;002015;002044;002049;002065;002131;002212;002230;002236;002279;002315;002361;002373;002396;002410;002446;002544;002558;002757;002792;002881;002929;002935;002987;300002;300017;300033;300047;300058;300101;300113;300133;300170;300182;300339;300348;300378;300413;300454;300458;300496;300629;300634;300674;300857,001208;300996;301050;301110;301165;301171,0.8909090909090909,true,1,000063,false,true,,,false,expanded_only_v1_2,0.001,termination_period,false,false,,,,,end_price_missing,true,qfq,true,false,true,true,false,false,true,revised_history,2026-07-11,False
2021-03-31,2021-04-29,20,full,55,48,000681;000901;000938;000977;002015;002044;002049;002065;002131;002212;002230;002236;002279;002315;002361;002373;002396;002410;002446;002544;002558;002757;002792;002881;002929;002935;002987;300002;300017;300033;300047;300058;300101;300113;300133;300170;300182;300339;300348;300378;300413;300454;300458;300496;300629;300634;300674;300857,000063;001208;300996;301050;301110;301165;301171,0.8727272727272727,true,0,,true,false,-0.00433664415763516,,false,expanded_only_v1_2,0.001,post_termination_diagnostic,false,false,,,,,,true,qfq,true,false,true,true,false,false,true,revised_history,2026-07-11,False
2021-04-29,2021-06-01,20,full,55,49,000063;000681;000901;000938;000977;002015;002044;002049;002065;002131;002212;002230;002236;002279;002315;002361;002373;002396;002410;002446;002544;002558;002757;002792;002881;002929;002935;002987;300002;300017;300033;300047;300058;300101;300113;300133;300170;300182;300339;300348;300378;300413;300454;300458;300496;300629;300634;300674;300857,001208;300996;301050;301110;301165;301171,0.8909090909090909,true,0,,true,false,0.07877352137917676,300339,false,expanded_only_v1_2,0.001,post_termination_diagnostic,false,false,,,,,,true,qfq,true,false,true,true,false,false,true,revised_history,2026-07-11,False
2021-06-01,2021-06-30,20,full,55,49,000063;000681;000901;000938;000977;002015;002044;002049;002065;002131;002212;002230;002236;002279;002315;002361;002373;002396;002410;002446;002544;002558;002757;002792;002881;002929;002935;002987;300002;300017;300033;300047;300058;300101;300113;300133;300170;300182;300339;300348;300378;300413;300454;300458;300496;300629;300634;300674;300857,001208;300996;301050;301110;301165;301171,0.8909090909090909,true,0,,true,false,0.06132806622888898,300339;300458,false,expanded_only_v1_2,0.001,post_termination_diagnostic,false,false,,,,,,true,qfq,true,false,true,true,false,false,true,revised_history,2026-07-11,False
2021-06-30,2021-07-28,20,full,55,51,000063;000681;000901;000938;000977;001208;002015;002044;002049;002065;002131;002212;002230;002236;002279;002315;002361;002373;002396;002410;002446;002544;002558;002757;002792;002881;002929;002935;002987;300002;300017;300033;300047;300058;300101;300113;300133;300170;300182;300339;300348;300378;300413;300454;300458;300496;300629;300634;300674;300857;300996,301050;301110;301165;301171,0.9272727272727272,true,0,,true,false,-0.04212781595756304,,false,expanded_only_v1_2,0.001,post_termination_diagnostic,false,false,,,,,,true,qfq,true,false,true,true,false,false,true,revised_history,2026-07-11,False
2021-07-28,2021-08-25,20,full,55,51,000063;000681;000901;000938;000977;001208;002015;002044;002049;002065;002131;002212;002230;002236;002279;002315;002361;002373;002396;002410;002446;002544;002558;002757;002792;002881;002929;002935;002987;300002;300017;300033;300047;300058;300101;300113;300133;300170;300182;300339;300348;300378;300413;300454;300458;300496;300629;300634;300674;300857;300996,301050;301110;301165;301171,0.9272727272727272,true,0,,true,false,0.10386807890796264,001208;002015,false,expanded_only_v1_2,0.001,post_termination_diagnostic,false,false,,,,,,true,qfq,true,false,true,true,false,false,true,revised_history,2026-07-11,False
2021-08-25,2021-09-24,20,full,55,52,000063;000681;000901;000938;000977;001208;002015;002044;002049;002065;002131;002212;002230;002236;002279;002315;002361;002373;002396;002410;002446;002544;002558;002757;002792;002881;002929;002935;002987;300002;300017;300033;300047;300058;300101;300113;300133;300170;300182;300339;300348;300378;300413;300454;300458;300496;300629;300634;300674;300857;300996;301050,301110;301165;301171,0.9454545454545454,true,0,,true,false,-0.018384606370040264,,false,expanded_only_v1_2,0.001,post_termination_diagnostic,false,false,,,,,,true,qfq,true,false,true,true,false,false,true,revised_history,2026-07-11,False
2021-09-24,2021-10-29,20,full,55,52,000063;000681;000901;000938;000977;001208;002015;002044;002049;002065;002131;002212;002230;002236;002279;002315;002361;002373;002396;002410;002446;002544;002558;002757;002792;002881;002929;002935;002987;300002;300017;300033;300047;300058;300101;300113;300133;300170;300182;300339;300348;300378;300413;300454;300458;300496;300629;300634;300674;300857;300996;301050,301110;301165;301171,0.9454545454545454,true,0,,true,false,-0.02683199920949837,,false,expanded_only_v1_2,0.001,post_termination_diagnostic,false,false,,,,,,true,qfq,true,false,true,true,false,false,true,revised_history,2026-07-11,False
2021-10-29,2021-11-26,20,full,55,52,000063;000681;000901;000938;000977;001208;002015;002044;002049;002065;002131;002212;002230;002236;002279;002315;002361;002373;002396;002410;002446;002544;002558;002757;002792;002881;002929;002935;002987;300002;300017;300033;300047;300058;300101;300113;300133;300170;300182;300339;300348;300378;300413;300454;300458;300496;300629;300634;300674;300857;300996;301050,301110;301165;301171,0.9454545454545454,true,0,,true,false,0.11236631146925953,,false,expanded_only_v1_2,0.001,post_termination_diagnostic,false,false,,,,,,true,qfq,true,false,true,true,false,false,true,revised_history,2026-07-11,False
2021-11-26,2021-12-24,20,full,55,52,000063;000681;000901;000938;000977;001208;002015;002044;002049;002065;002131;002212;002230;002236;002279;002315;002361;002373;002396;002410;002446;002544;002558;002757;002792;002881;002929;002935;002987;300002;300017;300033;300047;300058;300101;300113;300133;300170;300182;300339;300348;300378;300413;300454;300458;300496;300629;300634;300674;300857;300996;301050,301110;301165;301171,0.9454545454545454,true,0,,true,false,0.0033910707159160508,,false,expanded_only_v1_2,0.001,post_termination_diagnostic,false,false,,,,,,true,qfq,true,false,true,true,false,false,true,revised_history,2026-07-11,False
2021-12-24,2022-01-24,20,full,55,52,000063;000681;000901;000938;000977;001208;002015;002044;002049;002065;002131;002212;002230;002236;002279;002315;002361;002373;002396;002410;002446;002544;002558;002757;002792;002881;002929;002935;002987;300002;300017;300033;300047;300058;300101;300113;300133;300170;300182;300339;300348;300378;300413;300454;300458;300496;300629;300634;300674;300857;300996;301050,301110;301165;301171,0.9454545454545454,true,0,,true,false,0.030945336325520812,002987;300047,false,expanded_only_v1_2,0.001,post_termination_diagnostic,false,false,,,,,,true,qfq,true,false,true,true,false,false,true,revised_history,2026-07-11,False
2022-01-24,2022-02-28,20,full,55,52,000063;000681;000901;000938;000977;001208;002015;002044;002049;002065;002131;002212;002230;002236;002279;002315;002361;002373;002396;002410;002446;002544;002558;002757;002792;002881;002929;002935;002987;300002;300017;300033;300047;300058;300101;300113;300133;300170;300182;300339;300348;300378;300413;300454;300458;300496;300629;300634;300674;300857;300996;301050,301110;301165;301171,0.9454545454545454,true,0,,true,false,-0.06127012139210775,,false,expanded_only_v1_2,0.001,post_termination_diagnostic,false,false,,,,,,true,qfq,true,false,true,true,false,false,true,revised_history,2026-07-11,False
2022-02-28,2022-03-28,20,full,55,52,000063;000681;000901;000938;000977;001208;002015;002044;002049;002065;002131;002212;002230;002236;002279;002315;002361;002373;002396;002410;002446;002544;002558;002757;002792;002881;002929;002935;002987;300002;300017;300033;300047;300058;300101;300113;300133;300170;300182;300339;300348;300378;300413;300454;300458;300496;300629;300634;300674;300857;300996;301050,301110;301165;301171,0.9454545454545454,true,0,,true,false,-0.11332920553535566,,false,expanded_only_v1_2,0.001,post_termination_diagnostic,false,false,,,,,,true,qfq,true,false,true,true,false,false,true,revised_history,2026-07-11,False
2022-03-28,2022-04-27,20,full,55,53,000063;000681;000901;000938;000977;001208;002015;002044;002049;002065;002131;002212;002230;002236;002279;002315;002361;002373;002396;002410;002446;002544;002558;002757;002792;002881;002929;002935;002987;300002;300017;300033;300047;300058;300101;300113;300133;300170;300182;300339;300348;300378;300413;300454;300458;300496;300629;300634;300674;300857;300996;301050;301110,301165;301171,0.9636363636363636,true,0,,true,false,-0.20212124377680685,,false,expanded_only_v1_2,0.001,post_termination_diagnostic,false,false,,,,,,true,qfq,true,false,true,true,false,false,true,revised_history,2026-07-11,False
2022-04-27,2022-05-30,20,full,55,53,000063;000681;000901;000938;000977;001208;002015;002044;002049;002065;002131;002212;002230;002236;002279;002315;002361;002373;002396;002410;002446;002544;002558;002757;002792;002881;002929;002935;002987;300002;300017;300033;300047;300058;300101;300113;300133;300170;300182;300339;300348;300378;300413;300454;300458;300496;300629;300634;300674;300857;300996;301050;301110,301165;301171,0.9636363636363636,true,0,,true,false,0.12222325635483007,,false,expanded_only_v1_2,0.001,post_termination_diagnostic,false,false,,,,,,true,qfq,true,false,true,true,false,false,true,revised_history,2026-07-11,False
2022-05-30,2022-06-28,20,full,55,53,000063;000681;000901;000938;000977;001208;002015;002044;002049;002065;002131;002212;002230;002236;002279;002315;002361;002373;002396;002410;002446;002544;002558;002757;002792;002881;002929;002935;002987;300002;300017;300033;300047;300058;300101;300113;300133;300170;300182;300339;300348;300378;300413;300454;300458;300496;300629;300634;300674;300857;300996;301050;301110,301165;301171,0.9636363636363636,true,0,,true,false,0.10905511322295056,,false,expanded_only_v1_2,0.001,post_termination_diagnostic,false,false,,,,,,true,qfq,true,false,true,true,false,false,true,revised_history,2026-07-11,False
2022-06-28,2022-07-26,20,full,55,53,000063;000681;000901;000938;000977;001208;002015;002044;002049;002065;002131;002212;002230;002236;002279;002315;002361;002373;002396;002410;002446;002544;002558;002757;002792;002881;002929;002935;002987;300002;300017;300033;300047;300058;300101;300113;300133;300170;300182;300339;300348;300378;300413;300454;300458;300496;300629;300634;300674;300857;300996;301050;301110,301165;301171,0.9636363636363636,true,0,,true,false,-0.016292420113572837,,false,expanded_only_v1_2,0.001,post_termination_diagnostic,false,false,,,,,,true,qfq,true,false,true,true,false,false,true,revised_history,2026-07-11,False
2022-07-26,2022-08-23,20,full,55,53,000063;000681;000901;000938;000977;001208;002015;002044;002049;002065;002131;002212;002230;002236;002279;002315;002361;002373;002396;002410;002446;002544;002558;002757;002792;002881;002929;002935;002987;300002;300017;300033;300047;300058;300101;300113;300133;300170;300182;300339;300348;300378;300413;300454;300458;300496;300629;300634;300674;300857;300996;301050;301110,301165;301171,0.9636363636363636,true,0,,true,false,0.028247155480187344,,false,expanded_only_v1_2,0.001,post_termination_diagnostic,false,false,,,,,,true,qfq,true,false,true,true,false,false,true,revised_history,2026-07-11,False
2022-08-23,2022-09-21,20,full,55,54,000063;000681;000901;000938;000977;001208;002015;002044;002049;002065;002131;002212;002230;002236;002279;002315;002361;002373;002396;002410;002446;002544;002558;002757;002792;002881;002929;002935;002987;300002;300017;300033;300047;300058;300101;300113;300133;300170;300182;300339;300348;300378;300413;300454;300458;300496;300629;300634;300674;300857;300996;301050;301110;301171,301165,0.9818181818181818,true,0,,true,false,-0.08837763037014472,,false,expanded_only_v1_2,0.001,post_termination_diagnostic,false,false,,,,,,true,qfq,true,false,true,true,false,false,true,revised_history,2026-07-11,False
2022-09-21,2022-10-26,20,full,55,54,000063;000681;000901;000938;000977;001208;002015;002044;002049;002065;002131;002212;002230;002236;002279;002315;002361;002373;002396;002410;002446;002544;002558;002757;002792;002881;002929;002935;002987;300002;300017;300033;300047;300058;300101;300113;300133;300170;300182;300339;300348;300378;300413;300454;300458;300496;300629;300634;300674;300857;300996;301050;301110;301171,301165,0.9818181818181818,true,0,,true,false,0.032664236559954096,,false,expanded_only_v1_2,0.001,post_termination_diagnostic,false,false,,,,,,true,qfq,true,false,true,true,false,false,true,revised_history,2026-07-11,False
2022-10-26,2022-11-23,20,full,55,54,000063;000681;000901;000938;000977;001208;002015;002044;002049;002065;002131;002212;002230;002236;002279;002315;002361;002373;002396;002410;002446;002544;002558;002757;002792;002881;002929;002935;002987;300002;300017;300033;300047;300058;300101;300113;300133;300170;300182;300339;300348;300378;300413;300454;300458;300496;300629;300634;300674;300857;300996;301050;301110;301171,301165,0.9818181818181818,true,0,,true,false,0.04659658061736891,,false,expanded_only_v1_2,0.001,post_termination_diagnostic,false,false,,,,,,true,qfq,true,false,true,true,false,false,true,revised_history,2026-07-11,False
2022-11-23,2022-12-21,20,full,55,55,000063;000681;000901;000938;000977;001208;002015;002044;002049;002065;002131;002212;002230;002236;002279;002315;002361;002373;002396;002410;002446;002544;002558;002757;002792;002881;002929;002935;002987;300002;300017;300033;300047;300058;300101;300113;300133;300170;300182;300339;300348;300378;300413;300454;300458;300496;300629;300634;300674;300857;300996;301050;301110;301165;301171,,1.0,true,0,,true,false,-0.06371007361061559,,false,expanded_only_v1_2,0.001,post_termination_diagnostic,false,false,,,,,,true,qfq,true,false,true,true,false,false,true,revised_history,2026-07-11,False
2022-12-21,2023-01-19,20,full,55,55,000063;000681;000901;000938;000977;001208;002015;002044;002049;002065;002131;002212;002230;002236;002279;002315;002361;002373;002396;002410;002446;002544;002558;002757;002792;002881;002929;002935;002987;300002;300017;300033;300047;300058;300101;300113;300133;300170;300182;300339;300348;300378;300413;300454;300458;300496;300629;300634;300674;300857;300996;301050;301110;301165;301171,,1.0,true,0,,true,false,0.12619372045034613,002279,false,expanded_only_v1_2,0.001,post_termination_diagnostic,false,false,,,,,,true,qfq,true,false,true,true,false,false,true,revised_history,2026-07-11,False
2023-01-19,2023-02-23,20,full,55,55,000063;000681;000901;000938;000977;001208;002015;002044;002049;002065;002131;002212;002230;002236;002279;002315;002361;002373;002396;002410;002446;002544;002558;002757;002792;002881;002929;002935;002987;300002;300017;300033;300047;300058;300101;300113;300133;300170;300182;300339;300348;300378;300413;300454;300458;300496;300629;300634;300674;300857;300996;301050;301110;301165;301171,,1.0,true,0,,true,false,0.07543713269985876,000977,false,expanded_only_v1_2,0.001,post_termination_diagnostic,false,false,,,,,,true,qfq,true,false,true,true,false,false,true,revised_history,2026-07-11,False
2023-02-23,2023-03-23,20,full,55,55,000063;000681;000901;000938;000977;001208;002015;002044;002049;002065;002131;002212;002230;002236;002279;002315;002361;002373;002396;002410;002446;002544;002558;002757;002792;002881;002929;002935;002987;300002;300017;300033;300047;300058;300101;300113;300133;300170;300182;300339;300348;300378;300413;300454;300458;300496;300629;300634;300674;300857;300996;301050;301110;301165;301171,,1.0,true,0,,true,false,0.1686681124110764,002236;300058;300634;301110,false,expanded_only_v1_2,0.001,post_termination_diagnostic,false,false,,,,,,true,qfq,true,false,true,true,false,false,true,revised_history,2026-07-11,False
2023-03-23,2023-04-21,20,full,55,55,000063;000681;000901;000938;000977;001208;002015;002044;002049;002065;002131;002212;002230;002236;002279;002315;002361;002373;002396;002410;002446;002544;002558;002757;002792;002881;002929;002935;002987;300002;300017;300033;300047;300058;300101;300113;300133;300170;300182;300339;300348;300378;300413;300454;300458;300496;300629;300634;300674;300857;300996;301050;301110;301165;301171,,1.0,true,0,,true,false,-0.0012332822266392543,300002,false,expanded_only_v1_2,0.001,post_termination_diagnostic,false,false,,,,,,true,qfq,true,false,true,true,false,false,true,revised_history,2026-07-11,False
2023-04-21,2023-05-24,20,full,55,55,000063;000681;000901;000938;000977;001208;002015;002044;002049;002065;002131;002212;002230;002236;002279;002315;002361;002373;002396;002410;002446;002544;002558;002757;002792;002881;002929;002935;002987;300002;300017;300033;300047;300058;300101;300113;300133;300170;300182;300339;300348;300378;300413;300454;300458;300496;300629;300634;300674;300857;300996;301050;301110;301165;301171,,1.0,true,0,,true,false,-0.05761700082181222,002315,false,expanded_only_v1_2,0.001,post_termination_diagnostic,false,false,,,,,,true,qfq,true,false,true,true,false,false,true,revised_history,2026-07-11,False
2023-05-24,2023-06-21,20,full,55,55,000063;000681;000901;000938;000977;001208;002015;002044;002049;002065;002131;002212;002230;002236;002279;002315;002361;002373;002396;002410;002446;002544;002558;002757;002792;002881;002929;002935;002987;300002;300017;300033;300047;300058;300101;300113;300133;300170;300182;300339;300348;300378;300413;300454;300458;300496;300629;300634;300674;300857;300996;301050;301110;301165;301171,,1.0,true,0,,true,false,0.14189915593184843,000977;300378,false,expanded_only_v1_2,0.001,post_termination_diagnostic,false,false,,,,,,true,qfq,true,false,true,true,false,false,true,revised_history,2026-07-11,False
2023-06-21,2023-07-21,20,full,55,55,000063;000681;000901;000938;000977;001208;002015;002044;002049;002065;002131;002212;002230;002236;002279;002315;002361;002373;002396;002410;002446;002544;002558;002757;002792;002881;002929;002935;002987;300002;300017;300033;300047;300058;300101;300113;300133;300170;300182;300339;300348;300378;300413;300454;300458;300496;300629;300634;300674;300857;300996;301050;301110;301165;301171,,1.0,true,0,,true,false,-0.11302061959064351,,false,expanded_only_v1_2,0.001,post_termination_diagnostic,false,false,,,,,,true,qfq,true,false,true,true,false,false,true,revised_history,2026-07-11,False
2023-07-21,2023-08-18,20,full,55,55,000063;000681;000901;000938;000977;001208;002015;002044;002049;002065;002131;002212;002230;002236;002279;002315;002361;002373;002396;002410;002446;002544;002558;002757;002792;002881;002929;002935;002987;300002;300017;300033;300047;300058;300101;300113;300133;300170;300182;300339;300348;300378;300413;300454;300458;300496;300629;300634;300674;300857;300996;301050;301110;301165;301171,,1.0,true,0,,true,false,-0.05746273375163859,,false,expanded_only_v1_2,0.001,post_termination_diagnostic,false,false,,,,,,true,qfq,true,false,true,true,false,false,true,revised_history,2026-07-11,False
2023-08-18,2023-09-15,20,full,55,55,000063;000681;000901;000938;000977;001208;002015;002044;002049;002065;002131;002212;002230;002236;002279;002315;002361;002373;002396;002410;002446;002544;002558;002757;002792;002881;002929;002935;002987;300002;300017;300033;300047;300058;300101;300113;300133;300170;300182;300339;300348;300378;300413;300454;300458;300496;300629;300634;300674;300857;300996;301050;301110;301165;301171,,1.0,true,0,,true,false,-0.02108237435691367,,false,expanded_only_v1_2,0.001,post_termination_diagnostic,false,false,,,,,,true,qfq,true,false,true,true,false,false,true,revised_history,2026-07-11,False
2023-09-15,2023-10-23,20,full,55,55,000063;000681;000901;000938;000977;001208;002015;002044;002049;002065;002131;002212;002230;002236;002279;002315;002361;002373;002396;002410;002446;002544;002558;002757;002792;002881;002929;002935;002987;300002;300017;300033;300047;300058;300101;300113;300133;300170;300182;300339;300348;300378;300413;300454;300458;300496;300629;300634;300674;300857;300996;301050;301110;301165;301171,,1.0,true,0,,true,false,-0.07640359301180315,,false,expanded_only_v1_2,0.001,post_termination_diagnostic,false,false,,,,,,true,qfq,true,false,true,true,false,false,true,revised_history,2026-07-11,False
2023-10-23,2023-11-20,20,full,55,55,000063;000681;000901;000938;000977;001208;002015;002044;002049;002065;002131;002212;002230;002236;002279;002315;002361;002373;002396;002410;002446;002544;002558;002757;002792;002881;002929;002935;002987;300002;300017;300033;300047;300058;300101;300113;300133;300170;300182;300339;300348;300378;300413;300454;300458;300496;300629;300634;300674;300857;300996;301050;301110;301165;301171,,1.0,true,0,,true,false,0.1768096555843572,300857,false,expanded_only_v1_2,0.001,post_termination_diagnostic,false,false,,,,,,true,qfq,true,false,true,true,false,false,true,revised_history,2026-07-11,False
2023-11-20,2023-12-18,20,full,55,55,000063;000681;000901;000938;000977;001208;002015;002044;002049;002065;002131;002212;002230;002236;002279;002315;002361;002373;002396;002410;002446;002544;002558;002757;002792;002881;002929;002935;002987;300002;300017;300033;300047;300058;300101;300113;300133;300170;300182;300339;300348;300378;300413;300454;300458;300496;300629;300634;300674;300857;300996;301050;301110;301165;301171,,1.0,true,0,,true,false,-0.05652354196980299,,false,expanded_only_v1_2,0.001,post_termination_diagnostic,false,false,,,,,,true,qfq,true,false,true,true,false,false,true,revised_history,2026-07-11,False
2023-12-18,2024-01-16,20,full,55,55,000063;000681;000901;000938;000977;001208;002015;002044;002049;002065;002131;002212;002230;002236;002279;002315;002361;002373;002396;002410;002446;002544;002558;002757;002792;002881;002929;002935;002987;300002;300017;300033;300047;300058;300101;300113;300133;300170;300182;300339;300348;300378;300413;300454;300458;300496;300629;300634;300674;300857;300996;301050;301110;301165;301171,,1.0,true,0,,true,false,-0.11232099807399004,,false,expanded_only_v1_2,0.001,post_termination_diagnostic,false,false,,,,,,true,qfq,true,false,true,true,false,false,true,revised_history,2026-07-11,False
2024-01-16,2024-02-21,20,full,55,55,000063;000681;000901;000938;000977;001208;002015;002044;002049;002065;002131;002212;002230;002236;002279;002315;002361;002373;002396;002410;002446;002544;002558;002757;002792;002881;002929;002935;002987;300002;300017;300033;300047;300058;300101;300113;300133;300170;300182;300339;300348;300378;300413;300454;300458;300496;300629;300634;300674;300857;300996;301050;301110;301165;301171,,1.0,true,0,,true,false,-0.08394547451861747,,false,expanded_only_v1_2,0.001,post_termination_diagnostic,false,false,,,,,,true,qfq,true,false,true,true,false,false,true,revised_history,2026-07-11,False
2024-02-21,2024-03-20,20,full,55,55,000063;000681;000901;000938;000977;001208;002015;002044;002049;002065;002131;002212;002230;002236;002279;002315;002361;002373;002396;002410;002446;002544;002558;002757;002792;002881;002929;002935;002987;300002;300017;300033;300047;300058;300101;300113;300133;300170;300182;300339;300348;300378;300413;300454;300458;300496;300629;300634;300674;300857;300996;301050;301110;301165;301171,,1.0,true,0,,true,false,0.20304396161402116,002544,false,expanded_only_v1_2,0.001,post_termination_diagnostic,false,false,,,,,,true,qfq,true,false,true,true,false,false,true,revised_history,2026-07-11,False
2024-03-20,2024-04-19,20,full,55,55,000063;000681;000901;000938;000977;001208;002015;002044;002049;002065;002131;002212;002230;002236;002279;002315;002361;002373;002396;002410;002446;002544;002558;002757;002792;002881;002929;002935;002987;300002;300017;300033;300047;300058;300101;300113;300133;300170;300182;300339;300348;300378;300413;300454;300458;300496;300629;300634;300674;300857;300996;301050;301110;301165;301171,,1.0,true,0,,true,false,-0.15765759823035844,,false,expanded_only_v1_2,0.001,post_termination_diagnostic,false,false,,,,,,true,qfq,true,false,true,true,false,false,true,revised_history,2026-07-11,False
2024-04-19,2024-05-22,20,full,55,55,000063;000681;000901;000938;000977;001208;002015;002044;002049;002065;002131;002212;002230;002236;002279;002315;002361;002373;002396;002410;002446;002544;002558;002757;002792;002881;002929;002935;002987;300002;300017;300033;300047;300058;300101;300113;300133;300170;300182;300339;300348;300378;300413;300454;300458;300496;300629;300634;300674;300857;300996;301050;301110;301165;301171,,1.0,true,0,,true,false,0.05729356948155537,,false,expanded_only_v1_2,0.001,post_termination_diagnostic,false,false,,,,,,true,qfq,true,false,true,true,false,false,true,revised_history,2026-07-11,False
2024-05-22,2024-06-20,20,full,55,55,000063;000681;000901;000938;000977;001208;002015;002044;002049;002065;002131;002212;002230;002236;002279;002315;002361;002373;002396;002410;002446;002544;002558;002757;002792;002881;002929;002935;002987;300002;300017;300033;300047;300058;300101;300113;300133;300170;300182;300339;300348;300378;300413;300454;300458;300496;300629;300634;300674;300857;300996;301050;301110;301165;301171,,1.0,true,0,,true,false,-0.07868145928052285,,false,expanded_only_v1_2,0.001,post_termination_diagnostic,false,false,,,,,,true,qfq,true,false,true,true,false,false,true,revised_history,2026-07-11,False
2024-06-20,2024-07-18,20,full,55,55,000063;000681;000901;000938;000977;001208;002015;002044;002049;002065;002131;002212;002230;002236;002279;002315;002361;002373;002396;002410;002446;002544;002558;002757;002792;002881;002929;002935;002987;300002;300017;300033;300047;300058;300101;300113;300133;300170;300182;300339;300348;300378;300413;300454;300458;300496;300629;300634;300674;300857;300996;301050;301110;301165;301171,,1.0,true,0,,true,false,-0.04059031815892266,,false,expanded_only_v1_2,0.001,post_termination_diagnostic,false,false,,,,,,true,qfq,true,false,true,true,false,false,true,revised_history,2026-07-11,False
2024-07-18,2024-08-15,20,full,55,55,000063;000681;000901;000938;000977;001208;002015;002044;002049;002065;002131;002212;002230;002236;002279;002315;002361;002373;002396;002410;002446;002544;002558;002757;002792;002881;002929;002935;002987;300002;300017;300033;300047;300058;300101;300113;300133;300170;300182;300339;300348;300378;300413;300454;300458;300496;300629;300634;300674;300857;300996;301050;301110;301165;301171,,1.0,true,0,,true,false,-0.004800078592234633,,false,expanded_only_v1_2,0.001,post_termination_diagnostic,false,false,,,,,,true,qfq,true,false,true,true,false,false,true,revised_history,2026-07-11,False
2024-08-15,2024-09-12,20,full,55,55,000063;000681;000901;000938;000977;001208;002015;002044;002049;002065;002131;002212;002230;002236;002279;002315;002361;002373;002396;002410;002446;002544;002558;002757;002792;002881;002929;002935;002987;300002;300017;300033;300047;300058;300101;300113;300133;300170;300182;300339;300348;300378;300413;300454;300458;300496;300629;300634;300674;300857;300996;301050;301110;301165;301171,,1.0,true,0,,true,false,-0.018395841413502447,,false,expanded_only_v1_2,0.001,post_termination_diagnostic,false,false,,,,,,true,qfq,true,false,true,true,false,false,true,revised_history,2026-07-11,False
2024-09-12,2024-10-21,20,full,55,55,000063;000681;000901;000938;000977;001208;002015;002044;002049;002065;002131;002212;002230;002236;002279;002315;002361;002373;002396;002410;002446;002544;002558;002757;002792;002881;002929;002935;002987;300002;300017;300033;300047;300058;300101;300113;300133;300170;300182;300339;300348;300378;300413;300454;300458;300496;300629;300634;300674;300857;300996;301050;301110;301165;301171,,1.0,true,0,,true,false,0.5039900965253414,002049;002410;002544;002987;300002;300033;300047;300339;300348;300458;300496;300674;300857;301050;301110;301165;301171,true,expanded_only_v1_2,0.001,post_termination_diagnostic,false,false,,,,,,true,qfq,true,false,true,true,false,false,true,revised_history,2026-07-11,False
2024-10-21,2024-11-18,20,full,55,55,000063;000681;000901;000938;000977;001208;002015;002044;002049;002065;002131;002212;002230;002236;002279;002315;002361;002373;002396;002410;002446;002544;002558;002757;002792;002881;002929;002935;002987;300002;300017;300033;300047;300058;300101;300113;300133;300170;300182;300339;300348;300378;300413;300454;300458;300496;300629;300634;300674;300857;300996;301050;301110;301165;301171,,1.0,true,0,,true,false,0.022524188110593178,301171,false,expanded_only_v1_2,0.001,post_termination_diagnostic,false,false,,,,,,true,qfq,true,false,true,true,false,false,true,revised_history,2026-07-11,False
2024-11-18,2024-12-16,20,full,55,55,000063;000681;000901;000938;000977;001208;002015;002044;002049;002065;002131;002212;002230;002236;002279;002315;002361;002373;002396;002410;002446;002544;002558;002757;002792;002881;002929;002935;002987;300002;300017;300033;300047;300058;300101;300113;300133;300170;300182;300339;300348;300378;300413;300454;300458;300496;300629;300634;300674;300857;300996;301050;301110;301165;301171,,1.0,true,0,,true,false,0.12058532665538647,000681;002131,false,expanded_only_v1_2,0.001,post_termination_diagnostic,false,false,,,,,,true,qfq,true,false,true,true,false,false,true,revised_history,2026-07-11,False
2024-12-16,2025-01-14,20,full,55,55,000063;000681;000901;000938;000977;001208;002015;002044;002049;002065;002131;002212;002230;002236;002279;002315;002361;002373;002396;002410;002446;002544;002558;002757;002792;002881;002929;002935;002987;300002;300017;300033;300047;300058;300101;300113;300133;300170;300182;300339;300348;300378;300413;300454;300458;300496;300629;300634;300674;300857;300996;301050;301110;301165;301171,,1.0,true,0,,true,false,-0.07610194163169412,,false,expanded_only_v1_2,0.001,post_termination_diagnostic,false,false,,,,,,true,qfq,true,false,true,true,false,false,true,revised_history,2026-07-11,False
2025-01-14,2025-02-19,20,full,55,55,000063;000681;000901;000938;000977;001208;002015;002044;002049;002065;002131;002212;002230;002236;002279;002315;002361;002373;002396;002410;002446;002544;002558;002757;002792;002881;002929;002935;002987;300002;300017;300033;300047;300058;300101;300113;300133;300170;300182;300339;300348;300378;300413;300454;300458;300496;300629;300634;300674;300857;300996;301050;301110;301165;301171,,1.0,true,0,,true,false,0.25539560807028516,002044;002065;002757;002881;002929;300113;300170;300378;300454;300674;300996,false,expanded_only_v1_2,0.001,post_termination_diagnostic,false,false,,,,,,true,qfq,true,false,true,true,false,false,true,revised_history,2026-07-11,False
2025-02-19,2025-03-19,20,full,55,55,000063;000681;000901;000938;000977;001208;002015;002044;002049;002065;002131;002212;002230;002236;002279;002315;002361;002373;002396;002410;002446;002544;002558;002757;002792;002881;002929;002935;002987;300002;300017;300033;300047;300058;300101;300113;300133;300170;300182;300339;300348;300378;300413;300454;300458;300496;300629;300634;300674;300857;300996;301050;301110;301165;301171,,1.0,true,0,,true,false,0.008385064678705331,,false,expanded_only_v1_2,0.001,post_termination_diagnostic,false,false,,,,,,true,qfq,true,false,true,true,false,false,true,revised_history,2026-07-11,False
2025-03-19,2025-04-17,20,full,55,55,000063;000681;000901;000938;000977;001208;002015;002044;002049;002065;002131;002212;002230;002236;002279;002315;002361;002373;002396;002410;002446;002544;002558;002757;002792;002881;002929;002935;002987;300002;300017;300033;300047;300058;300101;300113;300133;300170;300182;300339;300348;300378;300413;300454;300458;300496;300629;300634;300674;300857;300996;301050;301110;301165;301171,,1.0,true,0,,true,false,-0.15757830415948423,,false,expanded_only_v1_2,0.001,post_termination_diagnostic,false,false,,,,,,true,qfq,true,false,true,true,false,false,true,revised_history,2026-07-11,False
2025-04-17,2025-05-20,20,full,55,55,000063;000681;000901;000938;000977;001208;002015;002044;002049;002065;002131;002212;002230;002236;002279;002315;002361;002373;002396;002410;002446;002544;002558;002757;002792;002881;002929;002935;002987;300002;300017;300033;300047;300058;300101;300113;300133;300170;300182;300339;300348;300378;300413;300454;300458;300496;300629;300634;300674;300857;300996;301050;301110;301165;301171,,1.0,true,0,,true,false,0.06517691662968673,,false,expanded_only_v1_2,0.001,post_termination_diagnostic,false,false,,,,,,true,qfq,true,false,true,true,false,false,true,revised_history,2026-07-11,False
2025-05-20,2025-06-18,20,full,55,55,000063;000681;000901;000938;000977;001208;002015;002044;002049;002065;002131;002212;002230;002236;002279;002315;002361;002373;002396;002410;002446;002544;002558;002757;002792;002881;002929;002935;002987;300002;300017;300033;300047;300058;300101;300113;300133;300170;300182;300339;300348;300378;300413;300454;300458;300496;300629;300634;300674;300857;300996;301050;301110;301165;301171,,1.0,true,0,,true,false,0.017739133669587164,002015,false,expanded_only_v1_2,0.001,post_termination_diagnostic,false,false,,,,,,true,qfq,true,false,true,true,false,false,true,revised_history,2026-07-11,False
2025-06-18,2025-07-16,20,full,55,55,000063;000681;000901;000938;000977;001208;002015;002044;002049;002065;002131;002212;002230;002236;002279;002315;002361;002373;002396;002410;002446;002544;002558;002757;002792;002881;002929;002935;002987;300002;300017;300033;300047;300058;300101;300113;300133;300170;300182;300339;300348;300378;300413;300454;300458;300496;300629;300634;300674;300857;300996;301050;301110;301165;301171,,1.0,true,0,,true,false,0.08586413046945489,,false,expanded_only_v1_2,0.001,post_termination_diagnostic,false,false,,,,,,true,qfq,true,false,true,true,false,false,true,revised_history,2026-07-11,False
2025-07-16,2025-08-13,20,full,55,55,000063;000681;000901;000938;000977;001208;002015;002044;002049;002065;002131;002212;002230;002236;002279;002315;002361;002373;002396;002410;002446;002544;002558;002757;002792;002881;002929;002935;002987;300002;300017;300033;300047;300058;300101;300113;300133;300170;300182;300339;300348;300378;300413;300454;300458;300496;300629;300634;300674;300857;300996;301050;301110;301165;301171,,1.0,true,0,,true,false,0.07753488756195331,000901,false,expanded_only_v1_2,0.001,post_termination_diagnostic,false,false,,,,,,true,qfq,true,false,true,true,false,false,true,revised_history,2026-07-11,False
2025-08-13,2025-09-10,20,full,55,55,000063;000681;000901;000938;000977;001208;002015;002044;002049;002065;002131;002212;002230;002236;002279;002315;002361;002373;002396;002410;002446;002544;002558;002757;002792;002881;002929;002935;002987;300002;300017;300033;300047;300058;300101;300113;300133;300170;300182;300339;300348;300378;300413;300454;300458;300496;300629;300634;300674;300857;300996;301050;301110;301165;301171,,1.0,true,0,,true,false,0.03304035318434857,002558,false,expanded_only_v1_2,0.001,post_termination_diagnostic,false,false,,,,,,true,qfq,true,false,true,true,false,false,true,revised_history,2026-07-11,False
2025-09-10,2025-10-16,20,full,55,55,000063;000681;000901;000938;000977;001208;002015;002044;002049;002065;002131;002212;002230;002236;002279;002315;002361;002373;002396;002410;002446;002544;002558;002757;002792;002881;002929;002935;002987;300002;300017;300033;300047;300058;300101;300113;300133;300170;300182;300339;300348;300378;300413;300454;300458;300496;300629;300634;300674;300857;300996;301050;301110;301165;301171,,1.0,true,0,,true,false,0.017557154817503445,,false,expanded_only_v1_2,0.001,post_termination_diagnostic,false,false,,,,,,true,qfq,true,false,true,true,false,false,true,revised_history,2026-07-11,False
2025-10-16,2025-11-13,20,full,55,55,000063;000681;000901;000938;000977;001208;002015;002044;002049;002065;002131;002212;002230;002236;002279;002315;002361;002373;002396;002410;002446;002544;002558;002757;002792;002881;002929;002935;002987;300002;300017;300033;300047;300058;300101;300113;300133;300170;300182;300339;300348;300378;300413;300454;300458;300496;300629;300634;300674;300857;300996;301050;301110;301165;301171,,1.0,true,0,,true,false,-0.018383990045283072,,false,expanded_only_v1_2,0.001,post_termination_diagnostic,false,false,,,,,,true,qfq,true,false,true,true,false,false,true,revised_history,2026-07-11,False
2025-11-13,2025-12-11,20,full,55,55,000063;000681;000901;000938;000977;001208;002015;002044;002049;002065;002131;002212;002230;002236;002279;002315;002361;002373;002396;002410;002446;002544;002558;002757;002792;002881;002929;002935;002987;300002;300017;300033;300047;300058;300101;300113;300133;300170;300182;300339;300348;300378;300413;300454;300458;300496;300629;300634;300674;300857;300996;301050;301110;301165;301171,,1.0,true,0,,true,false,-0.00941120926433054,,false,expanded_only_v1_2,0.001,post_termination_diagnostic,false,false,,,,,,true,qfq,true,false,true,true,false,false,true,revised_history,2026-07-11,False
2025-12-11,2026-01-12,20,full,55,55,000063;000681;000901;000938;000977;001208;002015;002044;002049;002065;002131;002212;002230;002236;002279;002315;002361;002373;002396;002410;002446;002544;002558;002757;002792;002881;002929;002935;002987;300002;300017;300033;300047;300058;300101;300113;300133;300170;300182;300339;300348;300378;300413;300454;300458;300496;300629;300634;300674;300857;300996;301050;301110;301165;301171,,1.0,true,1,002049,false,true,,000901;001208;002131;002361;002757;002792;300058;300170;300629;301050;301110;301171,false,expanded_only_v1_2,0.001,post_termination_diagnostic,false,false,,,,,,true,qfq,true,false,true,true,false,false,true,revised_history,2026-07-11,False
2026-01-12,2026-02-09,20,full,55,54,000063;000681;000901;000938;000977;001208;002015;002044;002065;002131;002212;002230;002236;002279;002315;002361;002373;002396;002410;002446;002544;002558;002757;002792;002881;002929;002935;002987;300002;300017;300033;300047;300058;300101;300113;300133;300170;300182;300339;300348;300378;300413;300454;300458;300496;300629;300634;300674;300857;300996;301050;301110;301165;301171,002049,0.9818181818181818,true,0,,true,false,-0.08170891222391359,300017,false,expanded_only_v1_2,0.001,post_termination_diagnostic,false,false,,,,,,true,qfq,true,false,true,true,false,false,true,revised_history,2026-07-11,False
2026-02-09,2026-03-17,20,full,55,55,000063;000681;000901;000938;000977;001208;002015;002044;002049;002065;002131;002212;002230;002236;002279;002315;002361;002373;002396;002410;002446;002544;002558;002757;002792;002881;002929;002935;002987;300002;300017;300033;300047;300058;300101;300113;300133;300170;300182;300339;300348;300378;300413;300454;300458;300496;300629;300634;300674;300857;300996;301050;301110;301165;301171,,1.0,true,0,,true,false,-0.09910888719053322,002015,false,expanded_only_v1_2,0.001,post_termination_diagnostic,false,false,,,,,,true,qfq,true,false,true,true,false,false,true,revised_history,2026-07-11,False
2026-03-17,2026-04-15,20,full,55,55,000063;000681;000901;000938;000977;001208;002015;002044;002049;002065;002131;002212;002230;002236;002279;002315;002361;002373;002396;002410;002446;002544;002558;002757;002792;002881;002929;002935;002987;300002;300017;300033;300047;300058;300101;300113;300133;300170;300182;300339;300348;300378;300413;300454;300458;300496;300629;300634;300674;300857;300996;301050;301110;301165;301171,,1.0,true,0,,true,false,0.004831214496986276,002361,false,expanded_only_v1_2,0.001,post_termination_diagnostic,false,false,,,,,,true,qfq,true,false,true,true,false,false,true,revised_history,2026-07-11,False
2026-04-15,2026-05-18,20,full,55,55,000063;000681;000901;000938;000977;001208;002015;002044;002049;002065;002131;002212;002230;002236;002279;002315;002361;002373;002396;002410;002446;002544;002558;002757;002792;002881;002929;002935;002987;300002;300017;300033;300047;300058;300101;300113;300133;300170;300182;300339;300348;300378;300413;300454;300458;300496;300629;300634;300674;300857;300996;301050;301110;301165;301171,,1.0,true,0,,true,false,0.05240641618630482,002929,false,expanded_only_v1_2,0.001,post_termination_diagnostic,false,false,,,,,,true,qfq,true,false,true,true,false,false,true,revised_history,2026-07-11,False
2026-05-18,2026-06-15,20,full,55,55,000063;000681;000901;000938;000977;001208;002015;002044;002049;002065;002131;002212;002230;002236;002279;002315;002361;002373;002396;002410;002446;002544;002558;002757;002792;002881;002929;002935;002987;300002;300017;300033;300047;300058;300101;300113;300133;300170;300182;300339;300348;300378;300413;300454;300458;300496;300629;300634;300674;300857;300996;301050;301110;301165;301171,,1.0,true,0,,true,false,-0.13775585775315158,,false,expanded_only_v1_2,0.001,post_termination_diagnostic,false,false,,,,,,true,qfq,true,false,true,true,false,false,true,revised_history,2026-07-11,False
2026-06-15,2026-07-10,18,partial,55,55,000063;000681;000901;000938;000977;001208;002015;002044;002049;002065;002131;002212;002230;002236;002279;002315;002361;002373;002396;002410;002446;002544;002558;002757;002792;002881;002929;002935;002987;300002;300017;300033;300047;300058;300101;300113;300133;300170;300182;300339;300348;300378;300413;300454;300458;300496;300629;300634;300674;300857;300996;301050;301110;301165;301171,,1.0,true,0,,true,false,0.0014044515179437104,301165,false,expanded_only_v1_2,0.001,post_termination_diagnostic,false,true,,,,,,true,qfq,true,false,true,true,false,false,true,pipeline_unseen_retrospective_extension,2026-07-11,False
