rebalance_date,next_rebalance_date,period_type,headline_included,provisional,portfolio_net_return,portfolio_nav,benchmark_code,benchmark_return,benchmark_nav,active_return,benchmark_period_valid,benchmark_comparison_valid,universe_name,transaction_cost,research_baseline_only,adjusted_return_source,current_universe_historical_performance,point_in_time_strategy_backtest,survivorship_or_future_universe_bias,close_to_close_execution_assumption,execution_sim_ready,formal_performance_conclusion_allowed,no_investment_conclusion
2021-03-31,2021-04-29,full,true,false,-0.003521132855046454,0.9964788671449536,000300,0.022940123129095547,1.0229401231290955,-0.026461255984142,true,true,research_universe_v1_2,0.0,true,qfq,true,false,true,true,false,false,true
2021-04-29,2021-06-01,full,true,false,0.08145685521039749,1.077648901946201,000300,0.034373384299897225,1.058102037097196,0.04708347091050026,true,true,research_universe_v1_2,0.0,true,qfq,true,false,true,true,false,false,true
2021-06-01,2021-06-30,full,true,false,0.062329729077167384,1.1448184660448146,000300,-0.022023033951865445,1.0347994200096666,0.08435276302903283,true,true,research_universe_v1_2,0.0,true,qfq,true,false,true,true,false,false,true
2021-06-30,2021-07-28,full,true,false,-0.04218223243262907,1.0965274674169463,000300,-0.08873592085818649,0.9429755405715916,0.04655368842555742,true,true,research_universe_v1_2,0.0,true,qfq,true,false,true,true,false,false,true
2021-07-28,2021-08-25,full,true,false,0.11147376715366487,1.218761514997381,000300,0.028921453298827116,0.9702477636301692,0.08255231385483776,true,true,research_universe_v1_2,0.0,true,qfq,true,false,true,true,false,false,true
2021-08-25,2021-09-24,full,true,false,-0.020855507842057096,1.1933436246637557,000300,-0.009948633772681847,0.9605951239610491,-0.010906874069375249,true,true,research_universe_v1_2,0.0,true,qfq,true,false,true,true,false,false,true
2021-09-24,2021-10-29,full,true,false,-0.026852719499198232,1.1612991030445035,000300,0.01223648964929902,0.9723494362525655,-0.039089209148497256,true,true,research_universe_v1_2,0.0,true,qfq,true,false,true,true,false,false,true
2021-10-29,2021-11-26,full,true,false,0.11082704178036645,1.2900024472571188,000300,-0.009908795889805422,0.9627146241551715,0.12073583767017187,true,true,research_universe_v1_2,0.0,true,qfq,true,false,true,true,false,false,true
2021-11-26,2021-12-24,full,true,false,0.004040857420384856,1.2952151632184326,000300,0.012594313320837047,0.9748393537703336,-0.00855345590045219,true,true,research_universe_v1_2,0.0,true,qfq,true,false,true,true,false,false,true
2021-12-24,2022-01-24,full,true,false,0.029004057412904086,1.3327816581744838,000300,-0.027350274518728734,0.9481772298330549,0.05635433193163282,true,true,research_universe_v1_2,0.0,true,qfq,true,false,true,true,false,false,true
2022-01-24,2022-02-28,full,true,false,-0.05988006059649829,1.2529746117210943,000300,-0.04284544387202982,0.907552155551506,-0.017034616724468467,true,true,research_universe_v1_2,0.0,true,qfq,true,false,true,true,false,false,true
2022-02-28,2022-03-28,full,true,false,-0.11344466766328229,1.1108313233038645,000300,-0.09454672443333723,0.8217460719916966,-0.018897943229945063,true,true,research_universe_v1_2,0.0,true,qfq,true,false,true,true,false,false,true
2022-03-28,2022-04-27,full,true,false,-0.20143783910139093,0.8870678619313955,000300,-0.060969465851265725,0.7716446529169871,-0.1404683732501252,true,true,research_universe_v1_2,0.0,true,qfq,true,false,true,true,false,false,true
2022-04-27,2022-05-30,full,true,false,0.12287910140175709,0.9960699636879035,000300,0.034264825929139375,0.7980849226283389,0.08861427547261772,true,true,research_universe_v1_2,0.0,true,qfq,true,false,true,true,false,false,true
2022-05-30,2022-06-28,full,true,false,0.11324544322647587,1.1088703482103197,000300,0.11454398340043004,0.8895007487580128,-0.0012985401739541713,true,true,research_universe_v1_2,0.0,true,qfq,true,false,true,true,false,false,true
2022-06-28,2022-07-26,full,true,false,-0.016240284351261985,1.0908619784467013,000300,-0.05445694485271213,0.8410612555364515,0.038216660501450145,true,true,research_universe_v1_2,0.0,true,qfq,true,false,true,true,false,false,true
2022-07-26,2022-08-23,full,true,false,0.027327716488126933,1.12067274532137,000300,-0.019995383868977146,0.8242439128746762,0.047323100357104075,true,true,research_universe_v1_2,0.0,true,qfq,true,false,true,true,false,false,true
2022-08-23,2022-09-21,full,true,false,-0.08647464354612136,1.0237629691378514,000300,-0.06184692435617678,0.773266961944077,-0.02462771918994458,true,true,research_universe_v1_2,0.0,true,qfq,true,false,true,true,false,false,true
2022-09-21,2022-10-26,full,true,false,0.03227014154957331,1.0567999450651413,000300,-0.06322927046696358,0.7243738560641477,0.09549941201653689,true,true,research_universe_v1_2,0.0,true,qfq,true,false,true,true,false,false,true
2022-10-26,2022-11-23,full,true,false,0.04424245306464205,1.1035553670334022,000300,0.03189313352839851,0.7474764081800825,0.01234931953624354,true,true,research_universe_v1_2,0.0,true,qfq,true,false,true,true,false,false,true
2022-11-23,2022-12-21,full,true,false,-0.06275757890989693,1.0342989040053632,000300,0.015107869819505737,0.758769184448019,-0.07786544872940267,true,true,research_universe_v1_2,0.0,true,qfq,true,false,true,true,false,false,true
2022-12-21,2023-01-19,full,true,false,0.12420758365445138,1.1627666716483167,000300,0.08496713257138677,0.8232396263340969,0.039240451083064606,true,true,research_universe_v1_2,0.0,true,qfq,true,false,true,true,false,false,true
2023-01-19,2023-02-23,full,true,false,0.07399346849217937,1.248803810730683,000300,-0.012598622236231538,0.8128679412720171,0.08659209072841091,true,true,research_universe_v1_2,0.0,true,qfq,true,false,true,true,false,false,true
2023-02-23,2023-03-23,full,true,false,0.1658062418563168,1.4558632774037847,000300,-0.015732335847355228,0.8000796298203775,0.18153857770367202,true,true,research_universe_v1_2,0.0,true,qfq,true,false,true,true,false,false,true
2023-03-23,2023-04-21,full,true,false,-0.0033208531672699955,1.4510285692279061,000300,-0.0016142249863211333,0.7987881212908748,-0.0017066281809488622,true,true,research_universe_v1_2,0.0,true,qfq,true,false,true,true,false,false,true
2023-04-21,2023-05-24,full,true,false,-0.05483119735482222,1.3714669353810856,000300,-0.043019711995080034,0.7644244863678503,-0.011811485359742184,true,true,research_universe_v1_2,0.0,true,qfq,true,false,true,true,false,false,true
2023-05-24,2023-06-21,full,true,false,0.14097383121270685,1.564807883643307,000300,0.0012800945300577293,0.765403021971492,0.13969373668264912,true,true,research_universe_v1_2,0.0,true,qfq,true,false,true,true,false,false,true
2023-06-21,2023-07-21,full,true,false,-0.11066249504993647,1.3916423389655281,000300,-0.010900536486518009,0.7570597184036006,-0.09976195856341846,true,true,research_universe_v1_2,0.0,true,qfq,true,false,true,true,false,false,true
2023-07-21,2023-08-18,full,true,false,-0.05692473586207752,1.3124234664054317,000300,-0.009919124207529717,0.7495503490242379,-0.0470056116545478,true,true,research_universe_v1_2,0.0,true,qfq,true,false,true,true,false,false,true
2023-08-18,2023-09-15,full,true,false,-0.021475391509372596,1.2842386586382872,000300,-0.019878435517970305,0.7346504607436875,-0.0015969559914022907,true,true,research_universe_v1_2,0.0,true,qfq,true,false,true,true,false,false,true
2023-09-15,2023-10-23,full,true,false,-0.07628915573011731,1.186265175614794,000300,-0.06323912445602065,0.6881918088250445,-0.013050031274096666,true,true,research_universe_v1_2,0.0,true,qfq,true,false,true,true,false,false,true
2023-10-23,2023-11-20,full,true,false,0.17656587414065159,1.3957191233098336,000300,0.029381965552178535,0.7084122368452334,0.14718390858847305,true,true,research_universe_v1_2,0.0,true,qfq,true,false,true,true,false,false,true
2023-11-20,2023-12-18,full,true,false,-0.05666157503579148,1.3166354794755244,000300,-0.0690514271653544,0.659495360869669,0.012389852129562916,true,true,research_universe_v1_2,0.0,true,qfq,true,false,true,true,false,false,true
2023-12-18,2024-01-16,full,true,false,-0.11205089735541264,1.169105292510318,000300,-0.00855717448045723,0.6538519439976551,-0.10349372287495541,true,true,research_universe_v1_2,0.0,true,qfq,true,false,true,true,false,false,true
2024-01-16,2024-02-21,full,true,false,-0.08317335919871677,1.0718668780752365,000300,0.04725709507767628,0.6847510874818757,-0.13043045427639305,true,true,research_universe_v1_2,0.0,true,qfq,true,false,true,true,false,false,true
2024-02-21,2024-03-20,full,true,false,0.1995777043829181,1.2857876090055773,000300,0.0371752481290879,0.7102068790656773,0.1624024562538302,true,true,research_universe_v1_2,0.0,true,qfq,true,false,true,true,false,false,true
2024-03-20,2024-04-19,full,true,false,-0.15368606609340832,1.0881799695458607,000300,-0.0121939654931974,0.701546640889319,-0.14149210060021092,true,true,research_universe_v1_2,0.0,true,qfq,true,false,true,true,false,false,true
2024-04-19,2024-05-22,full,true,false,0.05757912758518515,1.1508364228479846,000300,0.04031725236188688,0.7298310738536876,0.01726187522329827,true,true,research_universe_v1_2,0.0,true,qfq,true,false,true,true,false,false,true
2024-05-22,2024-06-20,full,true,false,-0.07770880956230873,1.061406294427522,000300,-0.04917151813703524,0.6939441719687192,-0.02853729142527349,true,true,research_universe_v1_2,0.0,true,qfq,true,false,true,true,false,false,true
2024-06-20,2024-07-18,full,true,false,-0.03887293521767639,1.020146316304607,000300,0.005038135689981793,0.6974403568683696,-0.04391107090765818,true,true,research_universe_v1_2,0.0,true,qfq,true,false,true,true,false,false,true
2024-07-18,2024-08-15,full,true,false,-0.006208754735984358,1.0138124780318538,000300,-0.050833160557011925,0.66198725922874,0.044624405821027564,true,true,research_universe_v1_2,0.0,true,qfq,true,false,true,true,false,false,true
2024-08-15,2024-09-12,full,true,false,-0.017572585028223214,0.9959971720589653,000300,-0.05071290713505594,0.6284159608268828,0.03314032210683272,true,true,research_universe_v1_2,0.0,true,qfq,true,false,true,true,false,false,true
2024-09-12,2024-10-21,full,true,false,0.5003483077501091,1.494342671622563,000300,0.24042150122774997,0.7795006695243608,0.2599268065223591,true,true,research_universe_v1_2,0.0,true,qfq,true,false,true,true,false,false,true
2024-10-21,2024-11-18,full,true,false,0.022217976610154396,1.5275439421482289,000300,0.003857491360032661,0.7825075866221907,0.018360485250121735,true,true,research_universe_v1_2,0.0,true,qfq,true,false,true,true,false,false,true
2024-11-18,2024-12-16,full,true,false,0.11989851294001076,1.7106941892623233,000300,-0.00975602347115978,0.774873424240744,0.12965453641117053,true,true,research_universe_v1_2,0.0,true,qfq,true,false,true,true,false,false,true
2024-12-16,2025-01-14,full,true,false,-0.07565695146073331,1.5812682820211452,000300,-0.023339400384473796,0.756788343145101,-0.052317551076259516,true,true,research_universe_v1_2,0.0,true,qfq,true,false,true,true,false,false,true
2025-01-14,2025-02-19,full,true,false,0.25327305682073076,1.9817609334623063,000300,0.03130971014568629,0.7804831668106083,0.22196334667504447,true,true,research_universe_v1_2,0.0,true,qfq,true,false,true,true,false,false,true
2025-02-19,2025-03-19,full,true,false,0.007317632058916665,1.9962627308021186,000300,0.01776831397709744,0.7943510367723384,-0.010450681918180774,true,true,research_universe_v1_2,0.0,true,qfq,true,false,true,true,false,false,true
2025-03-19,2025-04-17,full,true,false,-0.1556455554321958,1.6855533092778308,000300,-0.05933663660144095,0.7472169179694004,-0.09630891883075485,true,true,research_universe_v1_2,0.0,true,qfq,true,false,true,true,false,false,true
2025-04-17,2025-05-20,full,true,false,0.06554272940311955,1.79602907372236,000300,0.03338882673863153,0.7721656141796549,0.03215390266448802,true,true,research_universe_v1_2,0.0,true,qfq,true,false,true,true,false,false,true
2025-05-20,2025-06-18,full,true,false,0.018664184125683218,1.8295504910493945,000300,-0.005951510580605834,0.7675700623568846,0.024615694706289052,true,true,research_universe_v1_2,0.0,true,qfq,true,false,true,true,false,false,true
2025-06-18,2025-07-16,full,true,false,0.08510675454075069,1.9852575956110452,000300,0.03412413515459467,0.7937627269053716,0.05098261938615602,true,true,research_universe_v1_2,0.0,true,qfq,true,false,true,true,false,false,true
2025-07-16,2025-08-13,full,true,false,0.07789432298799008,2.1398978919779323,000300,0.04226891595128768,0.8273142168941997,0.0356254070367024,true,true,research_universe_v1_2,0.0,true,qfq,true,false,true,true,false,false,true
2025-08-13,2025-09-10,full,true,false,0.03149998037717328,2.2073046335843918,000300,0.06435408875204107,0.8805552694340344,-0.03285410837486779,true,true,research_universe_v1_2,0.0,true,qfq,true,false,true,true,false,false,true
2025-09-10,2025-10-16,full,true,false,0.015776558463768738,2.242128304183484,000300,0.03893048032105395,0.9148357090223365,-0.023153921857285212,true,true,research_universe_v1_2,0.0,true,qfq,true,false,true,true,false,false,true
2025-10-16,2025-11-13,full,true,false,-0.01808374650445291,2.201582224300171,000300,0.0181122548403998,0.9314054465212469,-0.03619600134485271,true,true,research_universe_v1_2,0.0,true,qfq,true,false,true,true,false,false,true
2025-11-13,2025-12-11,full,true,false,-0.010102586639003019,2.1793405491362896,000300,-0.031877449718953454,0.9017146162318065,0.021774863079950434,true,true,research_universe_v1_2,0.0,true,qfq,true,false,true,true,false,false,true
2021-03-31,2021-04-29,full,true,false,-0.003521132855046454,0.9964788671449536,000852,0.01775036983247502,1.017750369832475,-0.021271502687521475,true,true,research_universe_v1_2,0.0,true,qfq,true,false,true,true,false,false,true
2021-04-29,2021-06-01,full,true,false,0.08145685521039749,1.077648901946201,000852,0.07019874787278879,1.0891951714417825,0.011258107337608694,true,true,research_universe_v1_2,0.0,true,qfq,true,false,true,true,false,false,true
2021-06-01,2021-06-30,full,true,false,0.062329729077167384,1.1448184660448146,000852,0.03340321208858699,1.1255777887593172,0.028926516988580397,true,true,research_universe_v1_2,0.0,true,qfq,true,false,true,true,false,false,true
2021-06-30,2021-07-28,full,true,false,-0.04218223243262907,1.0965274674169463,000852,-0.019508166636079904,1.10361982969433,-0.022674065796549167,true,true,research_universe_v1_2,0.0,true,qfq,true,false,true,true,false,false,true
2021-07-28,2021-08-25,full,true,false,0.11147376715366487,1.218761514997381,000852,0.11865507356551208,1.2345699217750687,-0.0071813064118472075,true,true,research_universe_v1_2,0.0,true,qfq,true,false,true,true,false,false,true
2021-08-25,2021-09-24,full,true,false,-0.020855507842057096,1.1933436246637557,000852,-0.009525550122721493,1.222809964105196,-0.011329957719335603,true,true,research_universe_v1_2,0.0,true,qfq,true,false,true,true,false,false,true
2021-09-24,2021-10-29,full,true,false,-0.026852719499198232,1.1612991030445035,000852,-0.040324236383813106,1.173501086060136,0.013471516884614874,true,true,research_universe_v1_2,0.0,true,qfq,true,false,true,true,false,false,true
2021-10-29,2021-11-26,full,true,false,0.11082704178036645,1.2900024472571188,000852,0.07521563105087137,1.261766710787032,0.035611410729495085,true,true,research_universe_v1_2,0.0,true,qfq,true,false,true,true,false,false,true
2021-11-26,2021-12-24,full,true,false,0.004040857420384856,1.2952151632184326,000852,-0.02067552472738865,1.235679021957959,0.024716382147773507,true,true,research_universe_v1_2,0.0,true,qfq,true,false,true,true,false,false,true
2021-12-24,2022-01-24,full,true,false,0.029004057412904086,1.3327816581744838,000852,-0.045162352233171,1.1798728507211533,0.07416640964607508,true,true,research_universe_v1_2,0.0,true,qfq,true,false,true,true,false,false,true
2022-01-24,2022-02-28,full,true,false,-0.05988006059649829,1.2529746117210943,000852,-0.0007501279392355675,1.1789877951310819,-0.05912993265726272,true,true,research_universe_v1_2,0.0,true,qfq,true,false,true,true,false,false,true
2022-02-28,2022-03-28,full,true,false,-0.11344466766328229,1.1108313233038645,000852,-0.08795080210732587,1.0752948728745557,-0.025493865555956424,true,true,research_universe_v1_2,0.0,true,qfq,true,false,true,true,false,false,true
2022-03-28,2022-04-27,full,true,false,-0.20143783910139093,0.8870678619313955,000852,-0.18124496656692157,0.8804030895908247,-0.020192872534469358,true,true,research_universe_v1_2,0.0,true,qfq,true,false,true,true,false,false,true
2022-04-27,2022-05-30,full,true,false,0.12287910140175709,0.9960699636879035,000852,0.13385264009009656,0.9982473674760344,-0.010973538688339474,true,true,research_universe_v1_2,0.0,true,qfq,true,false,true,true,false,false,true
2022-05-30,2022-06-28,full,true,false,0.11324544322647587,1.1088703482103197,000852,0.12692045664368168,1.1249453791994457,-0.013675013417205811,true,true,research_universe_v1_2,0.0,true,qfq,true,false,true,true,false,false,true
2022-06-28,2022-07-26,full,true,false,-0.016240284351261985,1.0908619784467013,000852,-0.0073872978027379466,1.1166350726714855,-0.008852986548524039,true,true,research_universe_v1_2,0.0,true,qfq,true,false,true,true,false,false,true
2022-07-26,2022-08-23,full,true,false,0.027327716488126933,1.12067274532137,000852,0.03964470602297854,1.160903741862494,-0.012316989534851604,true,true,research_universe_v1_2,0.0,true,qfq,true,false,true,true,false,false,true
2022-08-23,2022-09-21,full,true,false,-0.08647464354612136,1.0237629691378514,000852,-0.11297806466448213,1.0297470838451137,0.026503421118360765,true,true,research_universe_v1_2,0.0,true,qfq,true,false,true,true,false,false,true
2022-09-21,2022-10-26,full,true,false,0.03227014154957331,1.0567999450651413,000852,0.0017112613029657275,1.0315092501815397,0.030558880246607585,true,true,research_universe_v1_2,0.0,true,qfq,true,false,true,true,false,false,true
2022-10-26,2022-11-23,full,true,false,0.04424245306464205,1.1035553670334022,000852,0.01175348792071107,1.04363308169365,0.03248896514393098,true,true,research_universe_v1_2,0.0,true,qfq,true,false,true,true,false,false,true
2022-11-23,2022-12-21,full,true,false,-0.06275757890989693,1.0342989040053632,000852,-0.04245591116917036,0.999324688284057,-0.020301667740726573,true,true,research_universe_v1_2,0.0,true,qfq,true,false,true,true,false,false,true
2022-12-21,2023-01-19,full,true,false,0.12420758365445138,1.1627666716483167,000852,0.06152510518131238,1.0608082448410159,0.062682478473139,true,true,research_universe_v1_2,0.0,true,qfq,true,false,true,true,false,false,true
2023-01-19,2023-02-23,full,true,false,0.07399346849217937,1.248803810730683,000852,0.04354501443961123,1.1070011551802765,0.030448454052568144,true,true,research_universe_v1_2,0.0,true,qfq,true,false,true,true,false,false,true
2023-02-23,2023-03-23,full,true,false,0.1658062418563168,1.4558632774037847,000852,-0.014060995092431416,1.0914356173699709,0.1798672369487482,true,true,research_universe_v1_2,0.0,true,qfq,true,false,true,true,false,false,true
2023-03-23,2023-04-21,full,true,false,-0.0033208531672699955,1.4510285692279061,000852,-0.013877181412263795,1.0762895673079216,0.0105563282449938,true,true,research_universe_v1_2,0.0,true,qfq,true,false,true,true,false,false,true
2023-04-21,2023-05-24,full,true,false,-0.05483119735482222,1.3714669353810856,000852,-0.038433544794353236,1.0349239440110976,-0.016397652560468982,true,true,research_universe_v1_2,0.0,true,qfq,true,false,true,true,false,false,true
2023-05-24,2023-06-21,full,true,false,0.14097383121270685,1.564807883643307,000852,0.005409032147123183,1.040521880894081,0.13556479906558366,true,true,research_universe_v1_2,0.0,true,qfq,true,false,true,true,false,false,true
2023-06-21,2023-07-21,full,true,false,-0.11066249504993647,1.3916423389655281,000852,-0.02244667026041436,1.0171656293349054,-0.08821582478952211,true,true,research_universe_v1_2,0.0,true,qfq,true,false,true,true,false,false,true
2023-07-21,2023-08-18,full,true,false,-0.05692473586207752,1.3124234664054317,000852,-0.04441358323621958,0.9719896589914179,-0.01251115262585794,true,true,research_universe_v1_2,0.0,true,qfq,true,false,true,true,false,false,true
2023-08-18,2023-09-15,full,true,false,-0.021475391509372596,1.2842386586382872,000852,-0.006220257605306978,0.9659436329227967,-0.015255133904065618,true,true,research_universe_v1_2,0.0,true,qfq,true,false,true,true,false,false,true
2023-09-15,2023-10-23,full,true,false,-0.07628915573011731,1.186265175614794,000852,-0.07253095050879577,0.8958828230889869,-0.003758205221321545,true,true,research_universe_v1_2,0.0,true,qfq,true,false,true,true,false,false,true
2023-10-23,2023-11-20,full,true,false,0.17656587414065159,1.3957191233098336,000852,0.1091033567807822,0.993626646370239,0.06746251735986938,true,true,research_universe_v1_2,0.0,true,qfq,true,false,true,true,false,false,true
2023-11-20,2023-12-18,full,true,false,-0.05666157503579148,1.3166354794755244,000852,-0.06336994345367541,0.9306605819756918,0.006708368417883935,true,true,research_universe_v1_2,0.0,true,qfq,true,false,true,true,false,false,true
2023-12-18,2024-01-16,full,true,false,-0.11205089735541264,1.169105292510318,000852,-0.05421537610487259,0.8802044684979,-0.05783552125054005,true,true,research_universe_v1_2,0.0,true,qfq,true,false,true,true,false,false,true
2024-01-16,2024-02-21,full,true,false,-0.08317335919871677,1.0718668780752365,000852,-0.08412176616174483,0.8061601140243968,0.0009484069630280589,true,true,research_universe_v1_2,0.0,true,qfq,true,false,true,true,false,false,true
2024-02-21,2024-03-20,full,true,false,0.1995777043829181,1.2857876090055773,000852,0.11543753005826374,0.8992212464188615,0.08414017432465437,true,true,research_universe_v1_2,0.0,true,qfq,true,false,true,true,false,false,true
2024-03-20,2024-04-19,full,true,false,-0.15368606609340832,1.0881799695458607,000852,-0.06975605877207691,0.8364951163045671,-0.0839300073213314,true,true,research_universe_v1_2,0.0,true,qfq,true,false,true,true,false,false,true
2024-04-19,2024-05-22,full,true,false,0.05757912758518515,1.1508364228479846,000852,0.052289059131257254,0.8802346589040245,0.005290068453927897,true,true,research_universe_v1_2,0.0,true,qfq,true,false,true,true,false,false,true
2024-05-22,2024-06-20,full,true,false,-0.07770880956230873,1.061406294427522,000852,-0.08728333507832597,0.8034048422233486,0.009574525516017243,true,true,research_universe_v1_2,0.0,true,qfq,true,false,true,true,false,false,true
2024-06-20,2024-07-18,full,true,false,-0.03887293521767639,1.020146316304607,000852,-0.048200801401859894,0.7646800849780484,0.009327866184183506,true,true,research_universe_v1_2,0.0,true,qfq,true,false,true,true,false,false,true
2024-07-18,2024-08-15,full,true,false,-0.006208754735984358,1.0138124780318538,000852,-0.02505594886574969,0.7455202998701813,0.01884719412976533,true,true,research_universe_v1_2,0.0,true,qfq,true,false,true,true,false,false,true
2024-08-15,2024-09-12,full,true,false,-0.017572585028223214,0.9959971720589653,000852,-0.04755267112119965,0.7100688182362764,0.02998008609297644,true,true,research_universe_v1_2,0.0,true,qfq,true,false,true,true,false,false,true
2024-09-12,2024-10-21,full,true,false,0.5003483077501091,1.494342671622563,000852,0.31145915851000505,0.9312262548483409,0.18888914924010403,true,true,research_universe_v1_2,0.0,true,qfq,true,false,true,true,false,false,true
2024-10-21,2024-11-18,full,true,false,0.022217976610154396,1.5275439421482289,000852,0.019450326504077298,0.9493389095543102,0.0027676501060770985,true,true,research_universe_v1_2,0.0,true,qfq,true,false,true,true,false,false,true
2024-11-18,2024-12-16,full,true,false,0.11989851294001076,1.7106941892623233,000852,0.05070833668086028,0.997478306604231,0.06919017625915048,true,true,research_universe_v1_2,0.0,true,qfq,true,false,true,true,false,false,true
2024-12-16,2025-01-14,full,true,false,-0.07565695146073331,1.5812682820211452,000852,-0.07430800698364959,0.9233576816310448,-0.0013489444770837244,true,true,research_universe_v1_2,0.0,true,qfq,true,false,true,true,false,false,true
2025-01-14,2025-02-19,full,true,false,0.25327305682073076,1.9817609334623063,000852,0.08216759449669153,0.9992277611907097,0.17110546232403923,true,true,research_universe_v1_2,0.0,true,qfq,true,false,true,true,false,false,true
2025-02-19,2025-03-19,full,true,false,0.007317632058916665,1.9962627308021186,000852,0.043913283390554,1.043107133039586,-0.036595651331637336,true,true,research_universe_v1_2,0.0,true,qfq,true,false,true,true,false,false,true
2025-03-19,2025-04-17,full,true,false,-0.1556455554321958,1.6855533092778308,000852,-0.11045778316688704,0.9278878315184662,-0.04518777226530876,true,true,research_universe_v1_2,0.0,true,qfq,true,false,true,true,false,false,true
2025-04-17,2025-05-20,full,true,false,0.06554272940311955,1.79602907372236,000852,0.05247998136845933,0.9765833676285754,0.013062748034660218,true,true,research_universe_v1_2,0.0,true,qfq,true,false,true,true,false,false,true
2025-05-20,2025-06-18,full,true,false,0.018664184125683218,1.8295504910493945,000852,-0.0017295745864803758,0.9748942938543457,0.020393758712163593,true,true,research_universe_v1_2,0.0,true,qfq,true,false,true,true,false,false,true
2025-06-18,2025-07-16,full,true,false,0.08510675454075069,1.9852575956110452,000852,0.05324355908915335,1.0268011357948579,0.03186319545159734,true,true,research_universe_v1_2,0.0,true,qfq,true,false,true,true,false,false,true
2025-07-16,2025-08-13,full,true,false,0.07789432298799008,2.1398978919779323,000852,0.09320092973448091,1.1224999563033595,-0.015306606746490828,true,true,research_universe_v1_2,0.0,true,qfq,true,false,true,true,false,false,true
2025-08-13,2025-09-10,full,true,false,0.03149998037717328,2.2073046335843918,000852,0.023475687007826762,1.1488514139438364,0.00802429336934652,true,true,research_universe_v1_2,0.0,true,qfq,true,false,true,true,false,false,true
2025-09-10,2025-10-16,full,true,false,0.015776558463768738,2.242128304183484,000852,0.023743563429352355,1.176129240361713,-0.007967004965583616,true,true,research_universe_v1_2,0.0,true,qfq,true,false,true,true,false,false,true
2025-10-16,2025-11-13,full,true,false,-0.01808374650445291,2.201582224300171,000852,0.025499065097327023,1.206119436424566,-0.04358281160177993,true,true,research_universe_v1_2,0.0,true,qfq,true,false,true,true,false,false,true
2025-11-13,2025-12-11,full,true,false,-0.010102586639003019,2.1793405491362896,000852,-0.03670075277515028,1.1618539451710443,0.02659816613614726,true,true,research_universe_v1_2,0.0,true,qfq,true,false,true,true,false,false,true
2021-03-31,2021-04-29,full,true,false,-0.003521132855046454,0.9964788671449536,399006,0.1061881457313758,1.1061881457313758,-0.10970927858642227,true,true,research_universe_v1_2,0.0,true,qfq,true,false,true,true,false,false,true
2021-04-29,2021-06-01,full,true,false,0.08145685521039749,1.077648901946201,399006,0.08151614658093598,1.1963603407649084,-5.929137053849176e-05,true,true,research_universe_v1_2,0.0,true,qfq,true,false,true,true,false,false,true
2021-06-01,2021-06-30,full,true,false,0.062329729077167384,1.1448184660448146,399006,0.053639823523707886,1.2605328983143012,0.008689905553459498,true,true,research_universe_v1_2,0.0,true,qfq,true,false,true,true,false,false,true
2021-06-30,2021-07-28,full,true,false,-0.04218223243262907,1.0965274674169463,399006,-0.055291931967858976,1.1908355990574586,0.013109699535229904,true,true,research_universe_v1_2,0.0,true,qfq,true,false,true,true,false,false,true
2021-07-28,2021-08-25,full,true,false,0.11147376715366487,1.218761514997381,399006,0.019403821097621732,1.2139423599782488,0.09206994605604314,true,true,research_universe_v1_2,0.0,true,qfq,true,false,true,true,false,false,true
2021-08-25,2021-09-24,full,true,false,-0.020855507842057096,1.1933436246637557,399006,-0.042058614490572244,1.1628856262461482,0.021203106648515147,true,true,research_universe_v1_2,0.0,true,qfq,true,false,true,true,false,false,true
2021-09-24,2021-10-29,full,true,false,-0.026852719499198232,1.1612991030445035,399006,0.044531800412741296,1.2146710168569874,-0.07138451991193953,true,true,research_universe_v1_2,0.0,true,qfq,true,false,true,true,false,false,true
2021-10-29,2021-11-26,full,true,false,0.11082704178036645,1.2900024472571188,399006,0.03527652678419524,1.2575203915171287,0.07555051499617121,true,true,research_universe_v1_2,0.0,true,qfq,true,false,true,true,false,false,true
2021-11-26,2021-12-24,full,true,false,0.004040857420384856,1.2952151632184326,399006,-0.049514683455995745,1.1952546673916982,0.0535555408763806,true,true,research_universe_v1_2,0.0,true,qfq,true,false,true,true,false,false,true
2021-12-24,2022-01-24,full,true,false,0.029004057412904086,1.3327816581744838,399006,-0.07299726123787209,1.1080043501903205,0.10200131865077618,true,true,research_universe_v1_2,0.0,true,qfq,true,false,true,true,false,false,true
2022-01-24,2022-02-28,full,true,false,-0.05988006059649829,1.2529746117210943,399006,-0.057295603040148135,1.0445205727750586,-0.002584457556350152,true,true,research_universe_v1_2,0.0,true,qfq,true,false,true,true,false,false,true
2022-02-28,2022-03-28,full,true,false,-0.11344466766328229,1.1108313233038645,399006,-0.09966994179730737,0.9404132680804783,-0.013774725865974918,true,true,research_universe_v1_2,0.0,true,qfq,true,false,true,true,false,false,true
2022-03-28,2022-04-27,full,true,false,-0.20143783910139093,0.8870678619313955,399006,-0.12526743069930957,0.8226101141924957,-0.07617040840208136,true,true,research_universe_v1_2,0.0,true,qfq,true,false,true,true,false,false,true
2022-04-27,2022-05-30,full,true,false,0.12287910140175709,0.9960699636879035,399006,0.035788416028768255,0.8520500271886894,0.08709068537298884,true,true,research_universe_v1_2,0.0,true,qfq,true,false,true,true,false,false,true
2022-05-30,2022-06-28,full,true,false,0.11324544322647587,1.1088703482103197,399006,0.2084939456598507,1.0296972992568423,-0.09524850243337482,true,true,research_universe_v1_2,0.0,true,qfq,true,false,true,true,false,false,true
2022-06-28,2022-07-26,full,true,false,-0.016240284351261985,1.0908619784467013,399006,-0.044697615141422786,0.9836722856624975,0.0284573307901608,true,true,research_universe_v1_2,0.0,true,qfq,true,false,true,true,false,false,true
2022-07-26,2022-08-23,full,true,false,0.027327716488126933,1.12067274532137,399006,0.024636442033418637,1.007906470908102,0.0026912744547082958,true,true,research_universe_v1_2,0.0,true,qfq,true,false,true,true,false,false,true
2022-08-23,2022-09-21,full,true,false,-0.08647464354612136,1.0237629691378514,399006,-0.1614172520330467,0.8452129780677903,0.07494260848692533,true,true,research_universe_v1_2,0.0,true,qfq,true,false,true,true,false,false,true
2022-09-21,2022-10-26,full,true,false,0.03227014154957331,1.0567999450651413,399006,0.017739500411748654,0.8602066340402391,0.014530641137824658,true,true,research_universe_v1_2,0.0,true,qfq,true,false,true,true,false,false,true
2022-10-26,2022-11-23,full,true,false,0.04424245306464205,1.1035553670334022,399006,-0.013713293550453476,0.8484103679535978,0.057955746615095526,true,true,research_universe_v1_2,0.0,true,qfq,true,false,true,true,false,false,true
2022-11-23,2022-12-21,full,true,false,-0.06275757890989693,1.0342989040053632,399006,-0.015655844877240144,0.835127786840674,-0.047101734032656786,true,true,research_universe_v1_2,0.0,true,qfq,true,false,true,true,false,false,true
2022-12-21,2023-01-19,full,true,false,0.12420758365445138,1.1627666716483167,399006,0.11622173026001659,0.9321877832155154,0.007985853394434791,true,true,research_universe_v1_2,0.0,true,qfq,true,false,true,true,false,false,true
2023-01-19,2023-02-23,full,true,false,0.07399346849217937,1.248803810730683,399006,-0.04431758081075199,0.890875475802066,0.11831104930293136,true,true,research_universe_v1_2,0.0,true,qfq,true,false,true,true,false,false,true
2023-02-23,2023-03-23,full,true,false,0.1658062418563168,1.4558632774037847,399006,-0.03909289190552934,0.8560485771252488,0.20489913376184613,true,true,research_universe_v1_2,0.0,true,qfq,true,false,true,true,false,false,true
2023-03-23,2023-04-21,full,true,false,-0.0033208531672699955,1.4510285692279061,399006,-0.00856268077123401,0.8487185064346563,0.005241827603964015,true,true,research_universe_v1_2,0.0,true,qfq,true,false,true,true,false,false,true
2023-04-21,2023-05-24,full,true,false,-0.05483119735482222,1.3714669353810856,399006,-0.040974888838582024,0.8139423599782489,-0.013856308516240194,true,true,research_universe_v1_2,0.0,true,qfq,true,false,true,true,false,false,true
2023-05-24,2023-06-21,full,true,false,0.14097383121270685,1.564807883643307,399006,-0.014884690414473156,0.801827079934747,0.15585852162718,true,true,research_universe_v1_2,0.0,true,qfq,true,false,true,true,false,false,true
2023-06-21,2023-07-21,full,true,false,-0.11066249504993647,1.3916423389655281,399006,-0.02202690972222232,0.7841653072321911,-0.08863558532771415,true,true,research_universe_v1_2,0.0,true,qfq,true,false,true,true,false,false,true
2023-07-21,2023-08-18,full,true,false,-0.05692473586207752,1.3124234664054317,399006,-0.02043344798254365,0.7681421062171468,-0.03649128787953387,true,true,research_universe_v1_2,0.0,true,qfq,true,false,true,true,false,false,true
2023-08-18,2023-09-15,full,true,false,-0.021475391509372596,1.2842386586382872,399006,-0.054834538349725404,0.7260213884357438,0.03335914684035281,true,true,research_universe_v1_2,0.0,true,qfq,true,false,true,true,false,false,true
2023-09-15,2023-10-23,full,true,false,-0.07628915573011731,1.186265175614794,399006,-0.06881606606981472,0.676059452601051,-0.007473089660302593,true,true,research_universe_v1_2,0.0,true,qfq,true,false,true,true,false,false,true
2023-10-23,2023-11-20,full,true,false,0.17656587414065159,1.3957191233098336,399006,0.06866819310315231,0.7224832336414715,0.10789768103749928,true,true,research_universe_v1_2,0.0,true,qfq,true,false,true,true,false,false,true
2023-11-20,2023-12-18,full,true,false,-0.05666157503579148,1.3166354794755244,399006,-0.08679006708580661,0.6597788653253577,0.03012849205001513,true,true,research_universe_v1_2,0.0,true,qfq,true,false,true,true,false,false,true
2023-12-18,2024-01-16,full,true,false,-0.11205089735541264,1.169105292510318,399006,-0.037236263736263764,0.6352111654884898,-0.07481463361914888,true,true,research_universe_v1_2,0.0,true,qfq,true,false,true,true,false,false,true
2024-01-16,2024-02-21,full,true,false,-0.08317335919871677,1.0718668780752365,399006,0.00014267533371770114,0.6353017944535071,-0.08331603453243447,true,true,research_universe_v1_2,0.0,true,qfq,true,false,true,true,false,false,true
2024-02-21,2024-03-20,full,true,false,0.1995777043829181,1.2857876090055773,399006,0.08945608509084257,0.692133405836505,0.11012161929207553,true,true,research_universe_v1_2,0.0,true,qfq,true,false,true,true,false,false,true
2024-03-20,2024-04-19,full,true,false,-0.15368606609340832,1.0881799695458607,399006,-0.08026712059709307,0.6365778502809495,-0.07341894549631525,true,true,research_universe_v1_2,0.0,true,qfq,true,false,true,true,false,false,true
2024-04-19,2024-05-22,full,true,false,0.05757912758518515,1.1508364228479846,399006,0.06943621867881555,0.6807794090991478,-0.011857091093630402,true,true,research_universe_v1_2,0.0,true,qfq,true,false,true,true,false,false,true
2024-05-22,2024-06-20,full,true,false,-0.07770880956230873,1.061406294427522,399006,-0.06136011459426072,0.639006706543411,-0.016348694968048014,true,true,research_universe_v1_2,0.0,true,qfq,true,false,true,true,false,false,true
2024-06-20,2024-07-18,full,true,false,-0.03887293521767639,1.020146316304607,399006,-0.025523344868667364,0.6226971179989121,-0.013349590349009025,true,true,research_universe_v1_2,0.0,true,qfq,true,false,true,true,false,false,true
2024-07-18,2024-08-15,full,true,false,-0.006208754735984358,1.0138124780318538,399006,-0.07277130598296566,0.5773826354903024,0.06656255124698131,true,true,research_universe_v1_2,0.0,true,qfq,true,false,true,true,false,false,true
2024-08-15,2024-09-12,full,true,false,-0.017572585028223214,0.9959971720589653,399006,-0.02567950223204485,0.5625557368134853,0.008106917203821635,true,true,research_universe_v1_2,0.0,true,qfq,true,false,true,true,false,false,true
2024-09-12,2024-10-21,full,true,false,0.5003483077501091,1.494342671622563,399006,0.4243625186073039,0.8012833061446435,0.07598578914280518,true,true,research_universe_v1_2,0.0,true,qfq,true,false,true,true,false,false,true
2024-10-21,2024-11-18,full,true,false,0.022217976610154396,1.5275439421482289,399006,-0.008772406055177151,0.7942541236179078,0.030990382665331547,true,true,research_universe_v1_2,0.0,true,qfq,true,false,true,true,false,false,true
2024-11-18,2024-12-16,full,true,false,0.11989851294001076,1.7106941892623233,399006,0.004828955475935315,0.7980895414174367,0.11506955746407545,true,true,research_universe_v1_2,0.0,true,qfq,true,false,true,true,false,false,true
2024-12-16,2025-01-14,full,true,false,-0.07565695146073331,1.5812682820211452,399006,-0.057128451576857864,0.752495921696574,-0.01852849988387545,true,true,research_universe_v1_2,0.0,true,qfq,true,false,true,true,false,false,true
2025-01-14,2025-02-19,full,true,false,0.25327305682073076,1.9817609334623063,399006,0.07285042586811574,0.8073155700561897,0.18042263095261502,true,true,research_universe_v1_2,0.0,true,qfq,true,false,true,true,false,false,true
2025-02-19,2025-03-19,full,true,false,0.007317632058916665,1.9962627308021186,399006,-0.002079048756612134,0.8056371216240708,0.009396680815528798,true,true,research_universe_v1_2,0.0,true,qfq,true,false,true,true,false,false,true
2025-03-19,2025-04-17,full,true,false,-0.1556455554321958,1.6855533092778308,399006,-0.14109838684275655,0.6919630233822727,-0.014547168589439247,true,true,research_universe_v1_2,0.0,true,qfq,true,false,true,true,false,false,true
2025-04-17,2025-05-20,full,true,false,0.06554272940311955,1.79602907372236,399006,0.07317763178574799,0.7425992387166935,-0.007634902382628442,true,true,research_universe_v1_2,0.0,true,qfq,true,false,true,true,false,false,true
2025-05-20,2025-06-18,full,true,false,0.018664184125683218,1.8295504910493945,399006,0.0030608359450514655,0.7448722131593254,0.015603348180631752,true,true,research_universe_v1_2,0.0,true,qfq,true,false,true,true,false,false,true
2025-06-18,2025-07-16,full,true,false,0.08510675454075069,1.9852575956110452,399006,0.08539321468027428,0.8084792459670107,-0.0002864601395235894,true,true,research_universe_v1_2,0.0,true,qfq,true,false,true,true,false,false,true
2025-07-16,2025-08-13,full,true,false,0.07789432298799008,2.1398978919779323,399006,0.11941135060241503,0.9050208446619535,-0.04151702761442495,true,true,research_universe_v1_2,0.0,true,qfq,true,false,true,true,false,false,true
2025-08-13,2025-09-10,full,true,false,0.03149998037717328,2.2073046335843918,399006,0.16333667133987584,1.0528439369222398,-0.13183669096270256,true,true,research_universe_v1_2,0.0,true,qfq,true,false,true,true,false,false,true
2025-09-10,2025-10-16,full,true,false,0.015776558463768738,2.242128304183484,399006,0.04585317480812745,1.1011201740076124,-0.030076616344358712,true,true,research_universe_v1_2,0.0,true,qfq,true,false,true,true,false,false,true
2025-10-16,2025-11-13,full,true,false,-0.01808374650445291,2.201582224300171,399006,0.054094895701643386,1.1606851549755297,-0.0721786422060963,true,true,research_universe_v1_2,0.0,true,qfq,true,false,true,true,false,false,true
2025-11-13,2025-12-11,full,true,false,-0.010102586639003019,2.1793405491362896,399006,-0.011893495744514704,1.146880551024107,0.0017909091055116847,true,true,research_universe_v1_2,0.0,true,qfq,true,false,true,true,false,false,true
2021-03-31,2021-04-29,full,true,false,-0.004521132855046454,0.9954788671449536,000300,0.022940123129095547,1.0229401231290955,-0.027461255984142,true,true,research_universe_v1_2,0.001,true,qfq,true,false,true,true,false,false,true
2021-04-29,2021-06-01,full,true,false,0.0814111734309546,1.0765219698449415,000300,0.034373384299897225,1.058102037097196,0.04703778913105737,true,true,research_universe_v1_2,0.001,true,qfq,true,false,true,true,false,false,true
2021-06-01,2021-06-30,full,true,false,0.062286235128879666,1.1435744703801083,000300,-0.022023033951865445,1.0347994200096666,0.08430926908074511,true,true,research_universe_v1_2,0.001,true,qfq,true,false,true,true,false,false,true
2021-06-30,2021-07-28,full,true,false,-0.04225073881266916,1.095257604119242,000300,-0.08873592085818649,0.9429755405715916,0.04648518204551733,true,true,research_universe_v1_2,0.001,true,qfq,true,false,true,true,false,false,true
2021-07-28,2021-08-25,full,true,false,0.1114184999825688,1.2172895634647098,000300,0.028921453298827116,0.9702477636301692,0.08249704668374168,true,true,research_universe_v1_2,0.001,true,qfq,true,false,true,true,false,false,true
2021-08-25,2021-09-24,full,true,false,-0.020929898715575962,1.1918118161938658,000300,-0.009948633772681847,0.9605951239610491,-0.010981264942894114,true,true,research_universe_v1_2,0.001,true,qfq,true,false,true,true,false,false,true
2021-09-24,2021-10-29,full,true,false,-0.02689211889074046,1.159761471137391,000300,0.01223648964929902,0.9723494362525655,-0.03912860854003948,true,true,research_universe_v1_2,0.001,true,qfq,true,false,true,true,false,false,true
2021-10-29,2021-11-26,full,true,false,0.11077835992153663,1.2882379448101795,000300,-0.009908795889805422,0.9627146241551715,0.12068715581134205,true,true,research_universe_v1_2,0.001,true,qfq,true,false,true,true,false,false,true
2021-11-26,2021-12-24,full,true,false,0.0039997002050582995,1.2933905103822005,000300,0.012594313320837047,0.9748393537703336,-0.008594613115778749,true,true,research_universe_v1_2,0.001,true,qfq,true,false,true,true,false,false,true
2021-12-24,2022-01-24,full,true,false,0.028957725785151746,1.3308441581149657,000300,-0.027350274518728734,0.9481772298330549,0.05630800030388048,true,true,research_universe_v1_2,0.001,true,qfq,true,false,true,true,false,false,true
2022-01-24,2022-02-28,full,true,false,-0.05993489016188238,1.2510801596757624,000300,-0.04284544387202982,0.907552155551506,-0.01708944628985256,true,true,research_universe_v1_2,0.001,true,qfq,true,false,true,true,false,false,true
2022-02-28,2022-03-28,full,true,false,-0.11348618884716906,1.1090998404118524,000300,-0.09454672443333723,0.8217460719916966,-0.018939464413831833,true,true,research_universe_v1_2,0.001,true,qfq,true,false,true,true,false,false,true
2022-03-28,2022-04-27,full,true,false,-0.20147962017238022,0.8856388258324249,000300,-0.060969465851265725,0.7716446529169871,-0.1405101543211145,true,true,research_universe_v1_2,0.001,true,qfq,true,false,true,true,false,false,true
2022-04-27,2022-05-30,full,true,false,0.12283050508592713,0.9944222901331291,000300,0.034264825929139375,0.7980849226283389,0.08856567915678776,true,true,research_universe_v1_2,0.001,true,qfq,true,false,true,true,false,false,true
2022-05-30,2022-06-28,full,true,false,0.11321148576605206,1.1070023150779806,000300,0.11454398340043004,0.8895007487580128,-0.0013324976343779826,true,true,research_universe_v1_2,0.001,true,qfq,true,false,true,true,false,false,true
2022-06-28,2022-07-26,full,true,false,-0.016271621669611925,1.088989592219647,000300,-0.05445694485271213,0.8410612555364515,0.03818532318310021,true,true,research_universe_v1_2,0.001,true,qfq,true,false,true,true,false,false,true
2022-07-26,2022-08-23,full,true,false,0.027300497752356316,1.118719550134379,000300,-0.019995383868977146,0.8242439128746762,0.04729588162133346,true,true,research_universe_v1_2,0.001,true,qfq,true,false,true,true,false,false,true
2022-08-23,2022-09-21,full,true,false,-0.08651313532727141,1.0219356143003393,000300,-0.06184692435617678,0.773266961944077,-0.02466621097109463,true,true,research_universe_v1_2,0.001,true,qfq,true,false,true,true,false,false,true
2022-09-21,2022-10-26,full,true,false,0.03223886429960839,1.0548816578927047,000300,-0.06322927046696358,0.7243738560641477,0.09546813476657198,true,true,research_universe_v1_2,0.001,true,qfq,true,false,true,true,false,false,true
2022-10-26,2022-11-23,full,true,false,0.044203970450115045,1.1015116155265623,000300,0.03189313352839851,0.7474764081800825,0.012310836921716535,true,true,research_universe_v1_2,0.001,true,qfq,true,false,true,true,false,false,true
2022-11-23,2022-12-21,full,true,false,-0.06279932883487829,1.0323374253676718,000300,0.015107869819505737,0.758769184448019,-0.07790719865438403,true,true,research_universe_v1_2,0.001,true,qfq,true,false,true,true,false,false,true
2022-12-21,2023-01-19,full,true,false,0.12417726046648647,1.1605302587268553,000300,0.08496713257138677,0.8232396263340969,0.0392101278950997,true,true,research_universe_v1_2,0.001,true,qfq,true,false,true,true,false,false,true
2023-01-19,2023-02-23,full,true,false,0.07395780571406196,1.2463605301270662,000300,-0.012598622236231538,0.8128679412720171,0.0865564279502935,true,true,research_universe_v1_2,0.001,true,qfq,true,false,true,true,false,false,true
2023-02-23,2023-03-23,full,true,false,0.16577012198825167,1.452969867247572,000300,-0.015732335847355228,0.8000796298203775,0.1815024578356069,true,true,research_universe_v1_2,0.001,true,qfq,true,false,true,true,false,false,true
2023-03-23,2023-04-21,full,true,false,-0.0033799609842093178,1.4480588857850434,000300,-0.0016142249863211333,0.7987881212908748,-0.0017657359978881845,true,true,research_universe_v1_2,0.001,true,qfq,true,false,true,true,false,false,true
2023-04-21,2023-05-24,full,true,false,-0.0548870853945665,1.3685791540645988,000300,-0.043019711995080034,0.7644244863678503,-0.011867373399486465,true,true,research_universe_v1_2,0.001,true,qfq,true,false,true,true,false,false,true
2023-05-24,2023-06-21,full,true,false,0.14092632184798207,1.5614479804047456,000300,0.0012800945300577293,0.765403021971492,0.13964622731792434,true,true,research_universe_v1_2,0.001,true,qfq,true,false,true,true,false,false,true
2023-06-21,2023-07-21,full,true,false,-0.11071551197874198,1.3885714678260617,000300,-0.010900536486518009,0.7570597184036006,-0.09981497549222397,true,true,research_universe_v1_2,0.001,true,qfq,true,false,true,true,false,false,true
2023-07-21,2023-08-18,full,true,false,-0.05696203034525546,1.3094756177391975,000300,-0.009919124207529717,0.7495503490242379,-0.04704290613772574,true,true,research_universe_v1_2,0.001,true,qfq,true,false,true,true,false,false,true
2023-08-18,2023-09-15,full,true,false,-0.02150447465561849,1.2813160325053747,000300,-0.019878435517970305,0.7346504607436875,-0.0016260391376481838,true,true,research_universe_v1_2,0.001,true,qfq,true,false,true,true,false,false,true
2023-09-15,2023-10-23,full,true,false,-0.0763175376355629,1.1835291479715957,000300,-0.06323912445602065,0.6881918088250445,-0.013078413179542253,true,true,research_universe_v1_2,0.001,true,qfq,true,false,true,true,false,false,true
2023-10-23,2023-11-20,full,true,false,0.17653601262003094,1.3924646645740837,000300,0.029381965552178535,0.7084122368452334,0.1471540470678524,true,true,research_universe_v1_2,0.001,true,qfq,true,false,true,true,false,false,true
2023-11-20,2023-12-18,full,true,false,-0.05670020819471053,1.3135116281889554,000300,-0.0690514271653544,0.659495360869669,0.012351218970643868,true,true,research_universe_v1_2,0.001,true,qfq,true,false,true,true,false,false,true
2023-12-18,2024-01-16,full,true,false,-0.11207982088175168,1.1662934801754392,000300,-0.00855717448045723,0.6538519439976551,-0.10352264640129445,true,true,research_universe_v1_2,0.001,true,qfq,true,false,true,true,false,false,true
2024-01-16,2024-02-21,full,true,false,-0.0832021954307515,1.0692553021082711,000300,0.04725709507767628,0.6847510874818757,-0.13045929050842778,true,true,research_universe_v1_2,0.001,true,qfq,true,false,true,true,false,false,true
2024-02-21,2024-03-20,full,true,false,0.199531890152225,1.2826058335932229,000300,0.0371752481290879,0.7102068790656773,0.1623566420231371,true,true,research_universe_v1_2,0.001,true,qfq,true,false,true,true,false,false,true
2024-03-20,2024-04-19,full,true,false,-0.1537230421116077,1.0854397630231782,000300,-0.0121939654931974,0.701546640889319,-0.1415290766184103,true,true,research_universe_v1_2,0.001,true,qfq,true,false,true,true,false,false,true
2024-04-19,2024-05-22,full,true,false,0.05754504378853331,1.1479014417161624,000300,0.04031725236188688,0.7298310738536876,0.017227791426646433,true,true,research_universe_v1_2,0.001,true,qfq,true,false,true,true,false,false,true
2024-05-22,2024-06-20,full,true,false,-0.07773594040572877,1.0586682436512647,000300,-0.04917151813703524,0.6939441719687192,-0.028564422268693532,true,true,research_universe_v1_2,0.001,true,qfq,true,false,true,true,false,false,true
2024-06-20,2024-07-18,full,true,false,-0.0389025792886703,1.017483318362224,000300,0.005038135689981793,0.6974403568683696,-0.043940714978652096,true,true,research_universe_v1_2,0.001,true,qfq,true,false,true,true,false,false,true
2024-07-18,2024-08-15,full,true,false,-0.006242080996329546,1.011132105076593,000300,-0.050833160557011925,0.66198725922874,0.04459107956068238,true,true,research_universe_v1_2,0.001,true,qfq,true,false,true,true,false,false,true
2024-08-15,2024-09-12,full,true,false,-0.01760279470091913,0.9933333542154215,000300,-0.05071290713505594,0.6284159608268828,0.03311011243413681,true,true,research_universe_v1_2,0.001,true,qfq,true,false,true,true,false,false,true
2024-09-12,2024-10-21,full,true,false,0.5003148912184224,1.490312823273341,000300,0.24042150122774997,0.7795006695243608,0.25989338999067246,true,true,research_universe_v1_2,0.001,true,qfq,true,false,true,true,false,false,true
2024-10-21,2024-11-18,full,true,false,0.022130140302940856,1.5232936551476517,000300,0.003857491360032661,0.7825075866221907,0.018272648942908195,true,true,research_universe_v1_2,0.001,true,qfq,true,false,true,true,false,false,true
2024-11-18,2024-12-16,full,true,false,0.1198428360517369,1.7058494869201628,000300,-0.00975602347115978,0.774873424240744,0.12959885952289668,true,true,research_universe_v1_2,0.001,true,qfq,true,false,true,true,false,false,true
2024-12-16,2025-01-14,full,true,false,-0.07571397840838853,1.576692835699529,000300,-0.023339400384473796,0.756788343145101,-0.052374578023914736,true,true,research_universe_v1_2,0.001,true,qfq,true,false,true,true,false,false,true
2025-01-14,2025-02-19,full,true,false,0.25322771090807916,1.9759551532888888,000300,0.03130971014568629,0.7804831668106083,0.22191800076239288,true,true,research_universe_v1_2,0.001,true,qfq,true,false,true,true,false,false,true
2025-02-19,2025-03-19,full,true,false,0.007236597055049336,1.9902543445320888,000300,0.01776831397709744,0.7943510367723384,-0.010531716922048103,true,true,research_universe_v1_2,0.001,true,qfq,true,false,true,true,false,false,true
2025-03-19,2025-04-17,full,true,false,-0.1556808441443766,1.6804098681133202,000300,-0.05933663660144095,0.7472169179694004,-0.09634420754293566,true,true,research_universe_v1_2,0.001,true,qfq,true,false,true,true,false,false,true
2025-04-17,2025-05-20,full,true,false,0.06551373328309293,1.7904997920191734,000300,0.03338882673863153,0.7721656141796549,0.0321249065444614,true,true,research_universe_v1_2,0.001,true,qfq,true,false,true,true,false,false,true
2025-05-20,2025-06-18,full,true,false,0.018637595334363346,1.8238704025890886,000300,-0.005951510580605834,0.7675700623568846,0.02458910591496918,true,true,research_universe_v1_2,0.001,true,qfq,true,false,true,true,false,false,true
2025-06-18,2025-07-16,full,true,false,0.08506524882261353,1.9790183922055298,000300,0.03412413515459467,0.7937627269053716,0.05094111366801886,true,true,research_universe_v1_2,0.001,true,qfq,true,false,true,true,false,false,true
2025-07-16,2025-08-13,full,true,false,0.07785931420390935,2.1331034070195756,000300,0.04226891595128768,0.8273142168941997,0.03559039825262167,true,true,research_universe_v1_2,0.001,true,qfq,true,false,true,true,false,false,true
2025-08-13,2025-09-10,full,true,false,0.03146742006600584,2.200226667972489,000300,0.06435408875204107,0.8805552694340344,-0.03288666868603523,true,true,research_universe_v1_2,0.001,true,qfq,true,false,true,true,false,false,true
2025-09-10,2025-10-16,full,true,false,0.015722900155201936,2.2348206121918333,000300,0.03893048032105395,0.9148357090223365,-0.023207580165852015,true,true,research_universe_v1_2,0.001,true,qfq,true,false,true,true,false,false,true
2025-10-16,2025-11-13,full,true,false,-0.01811625186140793,2.1943340391163,000300,0.0181122548403998,0.9314054465212469,-0.03622850670180773,true,true,research_universe_v1_2,0.001,true,qfq,true,false,true,true,false,false,true
2025-11-13,2025-12-11,full,true,false,-0.010137276979555057,2.172089467176112,000300,-0.031877449718953454,0.9017146162318065,0.0217401727393984,true,true,research_universe_v1_2,0.001,true,qfq,true,false,true,true,false,false,true
2021-03-31,2021-04-29,full,true,false,-0.004521132855046454,0.9954788671449536,000852,0.01775036983247502,1.017750369832475,-0.022271502687521476,true,true,research_universe_v1_2,0.001,true,qfq,true,false,true,true,false,false,true
2021-04-29,2021-06-01,full,true,false,0.0814111734309546,1.0765219698449415,000852,0.07019874787278879,1.0891951714417825,0.011212425558165803,true,true,research_universe_v1_2,0.001,true,qfq,true,false,true,true,false,false,true
2021-06-01,2021-06-30,full,true,false,0.062286235128879666,1.1435744703801083,000852,0.03340321208858699,1.1255777887593172,0.02888302304029268,true,true,research_universe_v1_2,0.001,true,qfq,true,false,true,true,false,false,true
2021-06-30,2021-07-28,full,true,false,-0.04225073881266916,1.095257604119242,000852,-0.019508166636079904,1.10361982969433,-0.022742572176589253,true,true,research_universe_v1_2,0.001,true,qfq,true,false,true,true,false,false,true
2021-07-28,2021-08-25,full,true,false,0.1114184999825688,1.2172895634647098,000852,0.11865507356551208,1.2345699217750687,-0.007236573582943287,true,true,research_universe_v1_2,0.001,true,qfq,true,false,true,true,false,false,true
2021-08-25,2021-09-24,full,true,false,-0.020929898715575962,1.1918118161938658,000852,-0.009525550122721493,1.222809964105196,-0.011404348592854469,true,true,research_universe_v1_2,0.001,true,qfq,true,false,true,true,false,false,true
2021-09-24,2021-10-29,full,true,false,-0.02689211889074046,1.159761471137391,000852,-0.040324236383813106,1.173501086060136,0.013432117493072646,true,true,research_universe_v1_2,0.001,true,qfq,true,false,true,true,false,false,true
2021-10-29,2021-11-26,full,true,false,0.11077835992153663,1.2882379448101795,000852,0.07521563105087137,1.261766710787032,0.035562728870665264,true,true,research_universe_v1_2,0.001,true,qfq,true,false,true,true,false,false,true
2021-11-26,2021-12-24,full,true,false,0.0039997002050582995,1.2933905103822005,000852,-0.02067552472738865,1.235679021957959,0.02467522493244695,true,true,research_universe_v1_2,0.001,true,qfq,true,false,true,true,false,false,true
2021-12-24,2022-01-24,full,true,false,0.028957725785151746,1.3308441581149657,000852,-0.045162352233171,1.1798728507211533,0.07412007801832274,true,true,research_universe_v1_2,0.001,true,qfq,true,false,true,true,false,false,true
2022-01-24,2022-02-28,full,true,false,-0.05993489016188238,1.2510801596757624,000852,-0.0007501279392355675,1.1789877951310819,-0.05918476222264681,true,true,research_universe_v1_2,0.001,true,qfq,true,false,true,true,false,false,true
2022-02-28,2022-03-28,full,true,false,-0.11348618884716906,1.1090998404118524,000852,-0.08795080210732587,1.0752948728745557,-0.025535386739843194,true,true,research_universe_v1_2,0.001,true,qfq,true,false,true,true,false,false,true
2022-03-28,2022-04-27,full,true,false,-0.20147962017238022,0.8856388258324249,000852,-0.18124496656692157,0.8804030895908247,-0.020234653605458647,true,true,research_universe_v1_2,0.001,true,qfq,true,false,true,true,false,false,true
2022-04-27,2022-05-30,full,true,false,0.12283050508592713,0.9944222901331291,000852,0.13385264009009656,0.9982473674760344,-0.011022135004169431,true,true,research_universe_v1_2,0.001,true,qfq,true,false,true,true,false,false,true
2022-05-30,2022-06-28,full,true,false,0.11321148576605206,1.1070023150779806,000852,0.12692045664368168,1.1249453791994457,-0.013708970877629623,true,true,research_universe_v1_2,0.001,true,qfq,true,false,true,true,false,false,true
2022-06-28,2022-07-26,full,true,false,-0.016271621669611925,1.088989592219647,000852,-0.0073872978027379466,1.1166350726714855,-0.008884323866873978,true,true,research_universe_v1_2,0.001,true,qfq,true,false,true,true,false,false,true
2022-07-26,2022-08-23,full,true,false,0.027300497752356316,1.118719550134379,000852,0.03964470602297854,1.160903741862494,-0.012344208270622221,true,true,research_universe_v1_2,0.001,true,qfq,true,false,true,true,false,false,true
2022-08-23,2022-09-21,full,true,false,-0.08651313532727141,1.0219356143003393,000852,-0.11297806466448213,1.0297470838451137,0.026464929337210716,true,true,research_universe_v1_2,0.001,true,qfq,true,false,true,true,false,false,true
2022-09-21,2022-10-26,full,true,false,0.03223886429960839,1.0548816578927047,000852,0.0017112613029657275,1.0315092501815397,0.030527602996642665,true,true,research_universe_v1_2,0.001,true,qfq,true,false,true,true,false,false,true
2022-10-26,2022-11-23,full,true,false,0.044203970450115045,1.1015116155265623,000852,0.01175348792071107,1.04363308169365,0.032450482529403975,true,true,research_universe_v1_2,0.001,true,qfq,true,false,true,true,false,false,true
2022-11-23,2022-12-21,full,true,false,-0.06279932883487829,1.0323374253676718,000852,-0.04245591116917036,0.999324688284057,-0.020343417665707936,true,true,research_universe_v1_2,0.001,true,qfq,true,false,true,true,false,false,true
2022-12-21,2023-01-19,full,true,false,0.12417726046648647,1.1605302587268553,000852,0.06152510518131238,1.0608082448410159,0.0626521552851741,true,true,research_universe_v1_2,0.001,true,qfq,true,false,true,true,false,false,true
2023-01-19,2023-02-23,full,true,false,0.07395780571406196,1.2463605301270662,000852,0.04354501443961123,1.1070011551802765,0.030412791274450734,true,true,research_universe_v1_2,0.001,true,qfq,true,false,true,true,false,false,true
2023-02-23,2023-03-23,full,true,false,0.16577012198825167,1.452969867247572,000852,-0.014060995092431416,1.0914356173699709,0.17983111708068308,true,true,research_universe_v1_2,0.001,true,qfq,true,false,true,true,false,false,true
2023-03-23,2023-04-21,full,true,false,-0.0033799609842093178,1.4480588857850434,000852,-0.013877181412263795,1.0762895673079216,0.010497220428054477,true,true,research_universe_v1_2,0.001,true,qfq,true,false,true,true,false,false,true
2023-04-21,2023-05-24,full,true,false,-0.0548870853945665,1.3685791540645988,000852,-0.038433544794353236,1.0349239440110976,-0.016453540600213264,true,true,research_universe_v1_2,0.001,true,qfq,true,false,true,true,false,false,true
2023-05-24,2023-06-21,full,true,false,0.14092632184798207,1.5614479804047456,000852,0.005409032147123183,1.040521880894081,0.13551728970085888,true,true,research_universe_v1_2,0.001,true,qfq,true,false,true,true,false,false,true
2023-06-21,2023-07-21,full,true,false,-0.11071551197874198,1.3885714678260617,000852,-0.02244667026041436,1.0171656293349054,-0.08826884171832762,true,true,research_universe_v1_2,0.001,true,qfq,true,false,true,true,false,false,true
2023-07-21,2023-08-18,full,true,false,-0.05696203034525546,1.3094756177391975,000852,-0.04441358323621958,0.9719896589914179,-0.012548447109035882,true,true,research_universe_v1_2,0.001,true,qfq,true,false,true,true,false,false,true
2023-08-18,2023-09-15,full,true,false,-0.02150447465561849,1.2813160325053747,000852,-0.006220257605306978,0.9659436329227967,-0.015284217050311511,true,true,research_universe_v1_2,0.001,true,qfq,true,false,true,true,false,false,true
2023-09-15,2023-10-23,full,true,false,-0.0763175376355629,1.1835291479715957,000852,-0.07253095050879577,0.8958828230889869,-0.0037865871267671325,true,true,research_universe_v1_2,0.001,true,qfq,true,false,true,true,false,false,true
2023-10-23,2023-11-20,full,true,false,0.17653601262003094,1.3924646645740837,000852,0.1091033567807822,0.993626646370239,0.06743265583924873,true,true,research_universe_v1_2,0.001,true,qfq,true,false,true,true,false,false,true
2023-11-20,2023-12-18,full,true,false,-0.05670020819471053,1.3135116281889554,000852,-0.06336994345367541,0.9306605819756918,0.006669735258964887,true,true,research_universe_v1_2,0.001,true,qfq,true,false,true,true,false,false,true
2023-12-18,2024-01-16,full,true,false,-0.11207982088175168,1.1662934801754392,000852,-0.05421537610487259,0.8802044684979,-0.05786444477687909,true,true,research_universe_v1_2,0.001,true,qfq,true,false,true,true,false,false,true
2024-01-16,2024-02-21,full,true,false,-0.0832021954307515,1.0692553021082711,000852,-0.08412176616174483,0.8061601140243968,0.0009195707309933299,true,true,research_universe_v1_2,0.001,true,qfq,true,false,true,true,false,false,true
2024-02-21,2024-03-20,full,true,false,0.199531890152225,1.2826058335932229,000852,0.11543753005826374,0.8992212464188615,0.08409436009396126,true,true,research_universe_v1_2,0.001,true,qfq,true,false,true,true,false,false,true
2024-03-20,2024-04-19,full,true,false,-0.1537230421116077,1.0854397630231782,000852,-0.06975605877207691,0.8364951163045671,-0.08396698333953079,true,true,research_universe_v1_2,0.001,true,qfq,true,false,true,true,false,false,true
2024-04-19,2024-05-22,full,true,false,0.05754504378853331,1.1479014417161624,000852,0.052289059131257254,0.8802346589040245,0.005255984657276058,true,true,research_universe_v1_2,0.001,true,qfq,true,false,true,true,false,false,true
2024-05-22,2024-06-20,full,true,false,-0.07773594040572877,1.0586682436512647,000852,-0.08728333507832597,0.8034048422233486,0.009547394672597201,true,true,research_universe_v1_2,0.001,true,qfq,true,false,true,true,false,false,true
2024-06-20,2024-07-18,full,true,false,-0.0389025792886703,1.017483318362224,000852,-0.048200801401859894,0.7646800849780484,0.009298222113189591,true,true,research_universe_v1_2,0.001,true,qfq,true,false,true,true,false,false,true
2024-07-18,2024-08-15,full,true,false,-0.006242080996329546,1.011132105076593,000852,-0.02505594886574969,0.7455202998701813,0.01881386786942014,true,true,research_universe_v1_2,0.001,true,qfq,true,false,true,true,false,false,true
2024-08-15,2024-09-12,full,true,false,-0.01760279470091913,0.9933333542154215,000852,-0.04755267112119965,0.7100688182362764,0.029949876420280522,true,true,research_universe_v1_2,0.001,true,qfq,true,false,true,true,false,false,true
2024-09-12,2024-10-21,full,true,false,0.5003148912184224,1.490312823273341,000852,0.31145915851000505,0.9312262548483409,0.18885573270841738,true,true,research_universe_v1_2,0.001,true,qfq,true,false,true,true,false,false,true
2024-10-21,2024-11-18,full,true,false,0.022130140302940856,1.5232936551476517,000852,0.019450326504077298,0.9493389095543102,0.0026798137988635583,true,true,research_universe_v1_2,0.001,true,qfq,true,false,true,true,false,false,true
2024-11-18,2024-12-16,full,true,false,0.1198428360517369,1.7058494869201628,000852,0.05070833668086028,0.997478306604231,0.06913449937087662,true,true,research_universe_v1_2,0.001,true,qfq,true,false,true,true,false,false,true
2024-12-16,2025-01-14,full,true,false,-0.07571397840838853,1.576692835699529,000852,-0.07430800698364959,0.9233576816310448,-0.0014059714247389443,true,true,research_universe_v1_2,0.001,true,qfq,true,false,true,true,false,false,true
2025-01-14,2025-02-19,full,true,false,0.25322771090807916,1.9759551532888888,000852,0.08216759449669153,0.9992277611907097,0.17106011641138763,true,true,research_universe_v1_2,0.001,true,qfq,true,false,true,true,false,false,true
2025-02-19,2025-03-19,full,true,false,0.007236597055049336,1.9902543445320888,000852,0.043913283390554,1.043107133039586,-0.036676686335504666,true,true,research_universe_v1_2,0.001,true,qfq,true,false,true,true,false,false,true
2025-03-19,2025-04-17,full,true,false,-0.1556808441443766,1.6804098681133202,000852,-0.11045778316688704,0.9278878315184662,-0.04522306097748957,true,true,research_universe_v1_2,0.001,true,qfq,true,false,true,true,false,false,true
2025-04-17,2025-05-20,full,true,false,0.06551373328309293,1.7904997920191734,000852,0.05247998136845933,0.9765833676285754,0.013033751914633601,true,true,research_universe_v1_2,0.001,true,qfq,true,false,true,true,false,false,true
2025-05-20,2025-06-18,full,true,false,0.018637595334363346,1.8238704025890886,000852,-0.0017295745864803758,0.9748942938543457,0.02036716992084372,true,true,research_universe_v1_2,0.001,true,qfq,true,false,true,true,false,false,true
2025-06-18,2025-07-16,full,true,false,0.08506524882261353,1.9790183922055298,000852,0.05324355908915335,1.0268011357948579,0.03182168973346018,true,true,research_universe_v1_2,0.001,true,qfq,true,false,true,true,false,false,true
2025-07-16,2025-08-13,full,true,false,0.07785931420390935,2.1331034070195756,000852,0.09320092973448091,1.1224999563033595,-0.015341615530571562,true,true,research_universe_v1_2,0.001,true,qfq,true,false,true,true,false,false,true
2025-08-13,2025-09-10,full,true,false,0.03146742006600584,2.200226667972489,000852,0.023475687007826762,1.1488514139438364,0.00799173305817908,true,true,research_universe_v1_2,0.001,true,qfq,true,false,true,true,false,false,true
2025-09-10,2025-10-16,full,true,false,0.015722900155201936,2.2348206121918333,000852,0.023743563429352355,1.176129240361713,-0.008020663274150418,true,true,research_universe_v1_2,0.001,true,qfq,true,false,true,true,false,false,true
2025-10-16,2025-11-13,full,true,false,-0.01811625186140793,2.1943340391163,000852,0.025499065097327023,1.206119436424566,-0.043615316958734954,true,true,research_universe_v1_2,0.001,true,qfq,true,false,true,true,false,false,true
2025-11-13,2025-12-11,full,true,false,-0.010137276979555057,2.172089467176112,000852,-0.03670075277515028,1.1618539451710443,0.026563475795595225,true,true,research_universe_v1_2,0.001,true,qfq,true,false,true,true,false,false,true
2021-03-31,2021-04-29,full,true,false,-0.004521132855046454,0.9954788671449536,399006,0.1061881457313758,1.1061881457313758,-0.11070927858642227,true,true,research_universe_v1_2,0.001,true,qfq,true,false,true,true,false,false,true
2021-04-29,2021-06-01,full,true,false,0.0814111734309546,1.0765219698449415,399006,0.08151614658093598,1.1963603407649084,-0.00010497314998138274,true,true,research_universe_v1_2,0.001,true,qfq,true,false,true,true,false,false,true
2021-06-01,2021-06-30,full,true,false,0.062286235128879666,1.1435744703801083,399006,0.053639823523707886,1.2605328983143012,0.00864641160517178,true,true,research_universe_v1_2,0.001,true,qfq,true,false,true,true,false,false,true
2021-06-30,2021-07-28,full,true,false,-0.04225073881266916,1.095257604119242,399006,-0.055291931967858976,1.1908355990574586,0.013041193155189819,true,true,research_universe_v1_2,0.001,true,qfq,true,false,true,true,false,false,true
2021-07-28,2021-08-25,full,true,false,0.1114184999825688,1.2172895634647098,399006,0.019403821097621732,1.2139423599782488,0.09201467888494706,true,true,research_universe_v1_2,0.001,true,qfq,true,false,true,true,false,false,true
2021-08-25,2021-09-24,full,true,false,-0.020929898715575962,1.1918118161938658,399006,-0.042058614490572244,1.1628856262461482,0.02112871577499628,true,true,research_universe_v1_2,0.001,true,qfq,true,false,true,true,false,false,true
2021-09-24,2021-10-29,full,true,false,-0.02689211889074046,1.159761471137391,399006,0.044531800412741296,1.2146710168569874,-0.07142391930348176,true,true,research_universe_v1_2,0.001,true,qfq,true,false,true,true,false,false,true
2021-10-29,2021-11-26,full,true,false,0.11077835992153663,1.2882379448101795,399006,0.03527652678419524,1.2575203915171287,0.07550183313734139,true,true,research_universe_v1_2,0.001,true,qfq,true,false,true,true,false,false,true
2021-11-26,2021-12-24,full,true,false,0.0039997002050582995,1.2933905103822005,399006,-0.049514683455995745,1.1952546673916982,0.053514383661054044,true,true,research_universe_v1_2,0.001,true,qfq,true,false,true,true,false,false,true
2021-12-24,2022-01-24,full,true,false,0.028957725785151746,1.3308441581149657,399006,-0.07299726123787209,1.1080043501903205,0.10195498702302383,true,true,research_universe_v1_2,0.001,true,qfq,true,false,true,true,false,false,true
2022-01-24,2022-02-28,full,true,false,-0.05993489016188238,1.2510801596757624,399006,-0.057295603040148135,1.0445205727750586,-0.002639287121734245,true,true,research_universe_v1_2,0.001,true,qfq,true,false,true,true,false,false,true
2022-02-28,2022-03-28,full,true,false,-0.11348618884716906,1.1090998404118524,399006,-0.09966994179730737,0.9404132680804783,-0.013816247049861688,true,true,research_universe_v1_2,0.001,true,qfq,true,false,true,true,false,false,true
2022-03-28,2022-04-27,full,true,false,-0.20147962017238022,0.8856388258324249,399006,-0.12526743069930957,0.8226101141924957,-0.07621218947307065,true,true,research_universe_v1_2,0.001,true,qfq,true,false,true,true,false,false,true
2022-04-27,2022-05-30,full,true,false,0.12283050508592713,0.9944222901331291,399006,0.035788416028768255,0.8520500271886894,0.08704208905715888,true,true,research_universe_v1_2,0.001,true,qfq,true,false,true,true,false,false,true
2022-05-30,2022-06-28,full,true,false,0.11321148576605206,1.1070023150779806,399006,0.2084939456598507,1.0296972992568423,-0.09528245989379863,true,true,research_universe_v1_2,0.001,true,qfq,true,false,true,true,false,false,true
2022-06-28,2022-07-26,full,true,false,-0.016271621669611925,1.088989592219647,399006,-0.044697615141422786,0.9836722856624975,0.02842599347181086,true,true,research_universe_v1_2,0.001,true,qfq,true,false,true,true,false,false,true
2022-07-26,2022-08-23,full,true,false,0.027300497752356316,1.118719550134379,399006,0.024636442033418637,1.007906470908102,0.0026640557189376787,true,true,research_universe_v1_2,0.001,true,qfq,true,false,true,true,false,false,true
2022-08-23,2022-09-21,full,true,false,-0.08651313532727141,1.0219356143003393,399006,-0.1614172520330467,0.8452129780677903,0.07490411670577528,true,true,research_universe_v1_2,0.001,true,qfq,true,false,true,true,false,false,true
2022-09-21,2022-10-26,full,true,false,0.03223886429960839,1.0548816578927047,399006,0.017739500411748654,0.8602066340402391,0.014499363887859738,true,true,research_universe_v1_2,0.001,true,qfq,true,false,true,true,false,false,true
2022-10-26,2022-11-23,full,true,false,0.044203970450115045,1.1015116155265623,399006,-0.013713293550453476,0.8484103679535978,0.05791726400056852,true,true,research_universe_v1_2,0.001,true,qfq,true,false,true,true,false,false,true
2022-11-23,2022-12-21,full,true,false,-0.06279932883487829,1.0323374253676718,399006,-0.015655844877240144,0.835127786840674,-0.04714348395763815,true,true,research_universe_v1_2,0.001,true,qfq,true,false,true,true,false,false,true
2022-12-21,2023-01-19,full,true,false,0.12417726046648647,1.1605302587268553,399006,0.11622173026001659,0.9321877832155154,0.007955530206469885,true,true,research_universe_v1_2,0.001,true,qfq,true,false,true,true,false,false,true
2023-01-19,2023-02-23,full,true,false,0.07395780571406196,1.2463605301270662,399006,-0.04431758081075199,0.890875475802066,0.11827538652481395,true,true,research_universe_v1_2,0.001,true,qfq,true,false,true,true,false,false,true
2023-02-23,2023-03-23,full,true,false,0.16577012198825167,1.452969867247572,399006,-0.03909289190552934,0.8560485771252488,0.204863013893781,true,true,research_universe_v1_2,0.001,true,qfq,true,false,true,true,false,false,true
2023-03-23,2023-04-21,full,true,false,-0.0033799609842093178,1.4480588857850434,399006,-0.00856268077123401,0.8487185064346563,0.0051827197870246925,true,true,research_universe_v1_2,0.001,true,qfq,true,false,true,true,false,false,true
2023-04-21,2023-05-24,full,true,false,-0.0548870853945665,1.3685791540645988,399006,-0.040974888838582024,0.8139423599782489,-0.013912196555984475,true,true,research_universe_v1_2,0.001,true,qfq,true,false,true,true,false,false,true
2023-05-24,2023-06-21,full,true,false,0.14092632184798207,1.5614479804047456,399006,-0.014884690414473156,0.801827079934747,0.15581101226245522,true,true,research_universe_v1_2,0.001,true,qfq,true,false,true,true,false,false,true
2023-06-21,2023-07-21,full,true,false,-0.11071551197874198,1.3885714678260617,399006,-0.02202690972222232,0.7841653072321911,-0.08868860225651966,true,true,research_universe_v1_2,0.001,true,qfq,true,false,true,true,false,false,true
2023-07-21,2023-08-18,full,true,false,-0.05696203034525546,1.3094756177391975,399006,-0.02043344798254365,0.7681421062171468,-0.03652858236271181,true,true,research_universe_v1_2,0.001,true,qfq,true,false,true,true,false,false,true
2023-08-18,2023-09-15,full,true,false,-0.02150447465561849,1.2813160325053747,399006,-0.054834538349725404,0.7260213884357438,0.03333006369410692,true,true,research_universe_v1_2,0.001,true,qfq,true,false,true,true,false,false,true
2023-09-15,2023-10-23,full,true,false,-0.0763175376355629,1.1835291479715957,399006,-0.06881606606981472,0.676059452601051,-0.00750147156574818,true,true,research_universe_v1_2,0.001,true,qfq,true,false,true,true,false,false,true
2023-10-23,2023-11-20,full,true,false,0.17653601262003094,1.3924646645740837,399006,0.06866819310315231,0.7224832336414715,0.10786781951687863,true,true,research_universe_v1_2,0.001,true,qfq,true,false,true,true,false,false,true
2023-11-20,2023-12-18,full,true,false,-0.05670020819471053,1.3135116281889554,399006,-0.08679006708580661,0.6597788653253577,0.030089858891096083,true,true,research_universe_v1_2,0.001,true,qfq,true,false,true,true,false,false,true
2023-12-18,2024-01-16,full,true,false,-0.11207982088175168,1.1662934801754392,399006,-0.037236263736263764,0.6352111654884898,-0.07484355714548792,true,true,research_universe_v1_2,0.001,true,qfq,true,false,true,true,false,false,true
2024-01-16,2024-02-21,full,true,false,-0.0832021954307515,1.0692553021082711,399006,0.00014267533371770114,0.6353017944535071,-0.0833448707644692,true,true,research_universe_v1_2,0.001,true,qfq,true,false,true,true,false,false,true
2024-02-21,2024-03-20,full,true,false,0.199531890152225,1.2826058335932229,399006,0.08945608509084257,0.692133405836505,0.11007580506138243,true,true,research_universe_v1_2,0.001,true,qfq,true,false,true,true,false,false,true
2024-03-20,2024-04-19,full,true,false,-0.1537230421116077,1.0854397630231782,399006,-0.08026712059709307,0.6365778502809495,-0.07345592151451463,true,true,research_universe_v1_2,0.001,true,qfq,true,false,true,true,false,false,true
2024-04-19,2024-05-22,full,true,false,0.05754504378853331,1.1479014417161624,399006,0.06943621867881555,0.6807794090991478,-0.011891174890282241,true,true,research_universe_v1_2,0.001,true,qfq,true,false,true,true,false,false,true
2024-05-22,2024-06-20,full,true,false,-0.07773594040572877,1.0586682436512647,399006,-0.06136011459426072,0.639006706543411,-0.016375825811468056,true,true,research_universe_v1_2,0.001,true,qfq,true,false,true,true,false,false,true
2024-06-20,2024-07-18,full,true,false,-0.0389025792886703,1.017483318362224,399006,-0.025523344868667364,0.6226971179989121,-0.013379234420002939,true,true,research_universe_v1_2,0.001,true,qfq,true,false,true,true,false,false,true
2024-07-18,2024-08-15,full,true,false,-0.006242080996329546,1.011132105076593,399006,-0.07277130598296566,0.5773826354903024,0.06652922498663612,true,true,research_universe_v1_2,0.001,true,qfq,true,false,true,true,false,false,true
2024-08-15,2024-09-12,full,true,false,-0.01760279470091913,0.9933333542154215,399006,-0.02567950223204485,0.5625557368134853,0.008076707531125719,true,true,research_universe_v1_2,0.001,true,qfq,true,false,true,true,false,false,true
2024-09-12,2024-10-21,full,true,false,0.5003148912184224,1.490312823273341,399006,0.4243625186073039,0.8012833061446435,0.07595237261111853,true,true,research_universe_v1_2,0.001,true,qfq,true,false,true,true,false,false,true
2024-10-21,2024-11-18,full,true,false,0.022130140302940856,1.5232936551476517,399006,-0.008772406055177151,0.7942541236179078,0.030902546358118007,true,true,research_universe_v1_2,0.001,true,qfq,true,false,true,true,false,false,true
2024-11-18,2024-12-16,full,true,false,0.1198428360517369,1.7058494869201628,399006,0.004828955475935315,0.7980895414174367,0.11501388057580159,true,true,research_universe_v1_2,0.001,true,qfq,true,false,true,true,false,false,true
2024-12-16,2025-01-14,full,true,false,-0.07571397840838853,1.576692835699529,399006,-0.057128451576857864,0.752495921696574,-0.01858552683153067,true,true,research_universe_v1_2,0.001,true,qfq,true,false,true,true,false,false,true
2025-01-14,2025-02-19,full,true,false,0.25322771090807916,1.9759551532888888,399006,0.07285042586811574,0.8073155700561897,0.18037728503996342,true,true,research_universe_v1_2,0.001,true,qfq,true,false,true,true,false,false,true
2025-02-19,2025-03-19,full,true,false,0.007236597055049336,1.9902543445320888,399006,-0.002079048756612134,0.8056371216240708,0.00931564581166147,true,true,research_universe_v1_2,0.001,true,qfq,true,false,true,true,false,false,true
2025-03-19,2025-04-17,full,true,false,-0.1556808441443766,1.6804098681133202,399006,-0.14109838684275655,0.6919630233822727,-0.014582457301620055,true,true,research_universe_v1_2,0.001,true,qfq,true,false,true,true,false,false,true
2025-04-17,2025-05-20,full,true,false,0.06551373328309293,1.7904997920191734,399006,0.07317763178574799,0.7425992387166935,-0.007663898502655059,true,true,research_universe_v1_2,0.001,true,qfq,true,false,true,true,false,false,true
2025-05-20,2025-06-18,full,true,false,0.018637595334363346,1.8238704025890886,399006,0.0030608359450514655,0.7448722131593254,0.01557675938931188,true,true,research_universe_v1_2,0.001,true,qfq,true,false,true,true,false,false,true
2025-06-18,2025-07-16,full,true,false,0.08506524882261353,1.9790183922055298,399006,0.08539321468027428,0.8084792459670107,-0.0003279658576607475,true,true,research_universe_v1_2,0.001,true,qfq,true,false,true,true,false,false,true
2025-07-16,2025-08-13,full,true,false,0.07785931420390935,2.1331034070195756,399006,0.11941135060241503,0.9050208446619535,-0.04155203639850569,true,true,research_universe_v1_2,0.001,true,qfq,true,false,true,true,false,false,true
2025-08-13,2025-09-10,full,true,false,0.03146742006600584,2.200226667972489,399006,0.16333667133987584,1.0528439369222398,-0.13186925127387,true,true,research_universe_v1_2,0.001,true,qfq,true,false,true,true,false,false,true
2025-09-10,2025-10-16,full,true,false,0.015722900155201936,2.2348206121918333,399006,0.04585317480812745,1.1011201740076124,-0.030130274652925514,true,true,research_universe_v1_2,0.001,true,qfq,true,false,true,true,false,false,true
2025-10-16,2025-11-13,full,true,false,-0.01811625186140793,2.1943340391163,399006,0.054094895701643386,1.1606851549755297,-0.07221114756305132,true,true,research_universe_v1_2,0.001,true,qfq,true,false,true,true,false,false,true
2025-11-13,2025-12-11,full,true,false,-0.010137276979555057,2.172089467176112,399006,-0.011893495744514704,1.146880551024107,0.0017562187649596463,true,true,research_universe_v1_2,0.001,true,qfq,true,false,true,true,false,false,true
2021-03-31,2021-04-29,full,true,false,-0.00433664415763516,0.9956633558423649,000300,0.022940123129095547,1.0229401231290955,-0.027276767286730706,true,true,expanded_only_v1_2,0.0,true,qfq,true,false,true,true,false,false,true
2021-04-29,2021-06-01,full,true,false,0.07877352137917676,1.0740952644902761,000300,0.034373384299897225,1.058102037097196,0.044400137079279534,true,true,expanded_only_v1_2,0.0,true,qfq,true,false,true,true,false,false,true
2021-06-01,2021-06-30,full,true,false,0.06132806622888898,1.139967450007072,000300,-0.022023033951865445,1.0347994200096666,0.08335110018075442,true,true,expanded_only_v1_2,0.0,true,qfq,true,false,true,true,false,false,true
2021-06-30,2021-07-28,full,true,false,-0.04212781595756304,1.0919431110755615,000300,-0.08873592085818649,0.9429755405715916,0.04660810490062345,true,true,expanded_only_v1_2,0.0,true,qfq,true,false,true,true,false,false,true
2021-07-28,2021-08-25,full,true,false,0.10386807890796264,1.2053611442997643,000300,0.028921453298827116,0.9702477636301692,0.07494662560913552,true,true,expanded_only_v1_2,0.0,true,qfq,true,false,true,true,false,false,true
2021-08-25,2021-09-24,full,true,false,-0.018384606370040264,1.1832010541280717,000300,-0.009948633772681847,0.9605951239610491,-0.008435972597358416,true,true,expanded_only_v1_2,0.0,true,qfq,true,false,true,true,false,false,true
2021-09-24,2021-10-29,full,true,false,-0.02683199920949837,1.1514534043790297,000300,0.01223648964929902,0.9723494362525655,-0.03906848885879739,true,true,expanded_only_v1_2,0.0,true,qfq,true,false,true,true,false,false,true
2021-10-29,2021-11-26,full,true,false,0.11236631146925953,1.2808379762578228,000300,-0.009908795889805422,0.9627146241551715,0.12227510735906495,true,true,expanded_only_v1_2,0.0,true,qfq,true,false,true,true,false,false,true
2021-11-26,2021-12-24,full,true,false,0.0033910707159160508,1.285181388410944,000300,0.012594313320837047,0.9748393537703336,-0.009203242604920996,true,true,expanded_only_v1_2,0.0,true,qfq,true,false,true,true,false,false,true
2021-12-24,2022-01-24,full,true,false,0.030945336325520812,1.3249517587146205,000300,-0.027350274518728734,0.9481772298330549,0.05829561084424954,true,true,expanded_only_v1_2,0.0,true,qfq,true,false,true,true,false,false,true
2022-01-24,2022-02-28,full,true,false,-0.06127012139210775,1.243771803619489,000300,-0.04284544387202982,0.907552155551506,-0.018424677520077933,true,true,expanded_only_v1_2,0.0,true,qfq,true,false,true,true,false,false,true
2022-02-28,2022-03-28,full,true,false,-0.11332920553535566,1.102816133248016,000300,-0.09454672443333723,0.8217460719916966,-0.01878248110201844,true,true,expanded_only_v1_2,0.0,true,qfq,true,false,true,true,false,false,true
2022-03-28,2022-04-27,full,true,false,-0.20212124377680685,0.8799135647387982,000300,-0.060969465851265725,0.7716446529169871,-0.14115177792554112,true,true,expanded_only_v1_2,0.0,true,qfq,true,false,true,true,false,false,true
2022-04-27,2022-05-30,full,true,false,0.12222325635483007,0.9874594659319607,000300,0.034264825929139375,0.7980849226283389,0.0879584304256907,true,true,expanded_only_v1_2,0.0,true,qfq,true,false,true,true,false,false,true
2022-05-30,2022-06-28,full,true,false,0.10905511322295056,1.095146969792245,000300,0.11454398340043004,0.8895007487580128,-0.005488870177479482,true,true,expanded_only_v1_2,0.0,true,qfq,true,false,true,true,false,false,true
2022-06-28,2022-07-26,full,true,false,-0.016292420113572837,1.0773043752742835,000300,-0.05445694485271213,0.8410612555364515,0.0381645247391393,true,true,expanded_only_v1_2,0.0,true,qfq,true,false,true,true,false,false,true
2022-07-26,2022-08-23,full,true,false,0.028247155480187344,1.1077351594621423,000300,-0.019995383868977146,0.8242439128746762,0.04824253934916449,true,true,expanded_only_v1_2,0.0,true,qfq,true,false,true,true,false,false,true
2022-08-23,2022-09-21,full,true,false,-0.08837763037014472,1.0098361509911837,000300,-0.06184692435617678,0.773266961944077,-0.02653070601396794,true,true,expanded_only_v1_2,0.0,true,qfq,true,false,true,true,false,false,true
2022-09-21,2022-10-26,full,true,false,0.032664236559954096,1.0428216779139532,000300,-0.06322927046696358,0.7243738560641477,0.09589350702691768,true,true,expanded_only_v1_2,0.0,true,qfq,true,false,true,true,false,false,true
2022-10-26,2022-11-23,full,true,false,0.04659658061736891,1.0914136022984107,000300,0.03189313352839851,0.7474764081800825,0.014703447088970402,true,true,expanded_only_v1_2,0.0,true,qfq,true,false,true,true,false,false,true
2022-11-23,2022-12-21,full,true,false,-0.06371007361061559,1.0218795613563518,000300,0.015107869819505737,0.758769184448019,-0.07881794343012133,true,true,expanded_only_v1_2,0.0,true,qfq,true,false,true,true,false,false,true
2022-12-21,2023-01-19,full,true,false,0.12619372045034613,1.1508343450560776,000300,0.08496713257138677,0.8232396263340969,0.04122658787895936,true,true,expanded_only_v1_2,0.0,true,qfq,true,false,true,true,false,false,true
2023-01-19,2023-02-23,full,true,false,0.07543713269985876,1.2376499882596281,000300,-0.012598622236231538,0.8128679412720171,0.0880357549360903,true,true,expanded_only_v1_2,0.0,true,qfq,true,false,true,true,false,false,true
2023-02-23,2023-03-23,full,true,false,0.1686681124110764,1.4464020756049707,000300,-0.015732335847355228,0.8000796298203775,0.18440044825843163,true,true,expanded_only_v1_2,0.0,true,qfq,true,false,true,true,false,false,true
2023-03-23,2023-04-21,full,true,false,-0.0012332822266392543,1.444618253632553,000300,-0.0016142249863211333,0.7987881212908748,0.00038094275968187903,true,true,expanded_only_v1_2,0.0,true,qfq,true,false,true,true,false,false,true
2023-04-21,2023-05-24,full,true,false,-0.05761700082181222,1.3613836825258012,000300,-0.043019711995080034,0.7644244863678503,-0.014597288826732183,true,true,expanded_only_v1_2,0.0,true,qfq,true,false,true,true,false,false,true
2023-05-24,2023-06-21,full,true,false,0.14189915593184843,1.5545628779756038,000300,0.0012800945300577293,0.765403021971492,0.1406190614017907,true,true,expanded_only_v1_2,0.0,true,qfq,true,false,true,true,false,false,true
2023-06-21,2023-07-21,full,true,false,-0.11302061959064351,1.3788652183141872,000300,-0.010900536486518009,0.7570597184036006,-0.1021200831041255,true,true,expanded_only_v1_2,0.0,true,qfq,true,false,true,true,false,false,true
2023-07-21,2023-08-18,full,true,false,-0.05746273375163859,1.2996318533948041,000300,-0.009919124207529717,0.7495503490242379,-0.04754360954410887,true,true,expanded_only_v1_2,0.0,true,qfq,true,false,true,true,false,false,true
2023-08-18,2023-09-15,full,true,false,-0.02108237435691367,1.2722325281353655,000300,-0.019878435517970305,0.7346504607436875,-0.0012039388389433643,true,true,expanded_only_v1_2,0.0,true,qfq,true,false,true,true,false,false,true
2023-09-15,2023-10-23,full,true,false,-0.07640359301180315,1.1750293918393337,000300,-0.06323912445602065,0.6881918088250445,-0.013164468555782502,true,true,expanded_only_v1_2,0.0,true,qfq,true,false,true,true,false,false,true
2023-10-23,2023-11-20,full,true,false,0.1768096555843572,1.382785933911943,000300,0.029381965552178535,0.7084122368452334,0.14742769003217868,true,true,expanded_only_v1_2,0.0,true,qfq,true,false,true,true,false,false,true
2023-11-20,2023-12-18,full,true,false,-0.05652354196980299,1.3046259751412181,000300,-0.0690514271653544,0.659495360869669,0.012527885195551404,true,true,expanded_only_v1_2,0.0,true,qfq,true,false,true,true,false,false,true
2023-12-18,2024-01-16,full,true,false,-0.11232099807399004,1.1580890835001039,000300,-0.00855717448045723,0.6538519439976551,-0.10376382359353281,true,true,expanded_only_v1_2,0.0,true,qfq,true,false,true,true,false,false,true
2024-01-16,2024-02-21,full,true,false,-0.08394547451861747,1.060872745850857,000300,0.04725709507767628,0.6847510874818757,-0.13120256959629376,true,true,expanded_only_v1_2,0.0,true,qfq,true,false,true,true,false,false,true
2024-02-21,2024-03-20,full,true,false,0.20304396161402116,1.2762765509367595,000300,0.0371752481290879,0.7102068790656773,0.16586871348493326,true,true,expanded_only_v1_2,0.0,true,qfq,true,false,true,true,false,false,true
2024-03-20,2024-04-19,full,true,false,-0.15765759823035844,1.0750618552383444,000300,-0.0121939654931974,0.701546640889319,-0.14546363273716104,true,true,expanded_only_v1_2,0.0,true,qfq,true,false,true,true,false,false,true
2024-04-19,2024-05-22,full,true,false,0.05729356948155537,1.1366559863384122,000300,0.04031725236188688,0.7298310738536876,0.016976317119668488,true,true,expanded_only_v1_2,0.0,true,qfq,true,false,true,true,false,false,true
2024-05-22,2024-06-20,full,true,false,-0.07868145928052285,1.047222234633364,000300,-0.04917151813703524,0.6939441719687192,-0.02950994114348761,true,true,expanded_only_v1_2,0.0,true,qfq,true,false,true,true,false,false,true
2024-06-20,2024-07-18,full,true,false,-0.04059031815892266,1.0047151509464978,000300,0.005038135689981793,0.6974403568683696,-0.04562845384890445,true,true,expanded_only_v1_2,0.0,true,qfq,true,false,true,true,false,false,true
2024-07-18,2024-08-15,full,true,false,-0.004800078592234633,0.9998924392591457,000300,-0.050833160557011925,0.66198725922874,0.04603308196477729,true,true,expanded_only_v1_2,0.0,true,qfq,true,false,true,true,false,false,true
2024-08-15,2024-09-12,full,true,false,-0.018395841413502447,0.9814985765159743,000300,-0.05071290713505594,0.6284159608268828,0.03231706572155349,true,true,expanded_only_v1_2,0.0,true,qfq,true,false,true,true,false,false,true
2024-09-12,2024-10-21,full,true,false,0.5039900965253414,1.4761641388337454,000300,0.24042150122774997,0.7795006695243608,0.26356859529759147,true,true,expanded_only_v1_2,0.0,true,qfq,true,false,true,true,false,false,true
2024-10-21,2024-11-18,full,true,false,0.022524188110593178,1.5094135375789484,000300,0.003857491360032661,0.7825075866221907,0.018666696750560516,true,true,expanded_only_v1_2,0.0,true,qfq,true,false,true,true,false,false,true
2024-11-18,2024-12-16,full,true,false,0.12058532665538647,1.6914266620659684,000300,-0.00975602347115978,0.774873424240744,0.13034135012654624,true,true,expanded_only_v1_2,0.0,true,qfq,true,false,true,true,false,false,true
2024-12-16,2025-01-14,full,true,false,-0.07610194163169412,1.562705808955133,000300,-0.023339400384473796,0.756788343145101,-0.052762541247220324,true,true,expanded_only_v1_2,0.0,true,qfq,true,false,true,true,false,false,true
2025-01-14,2025-02-19,full,true,false,0.25539560807028516,1.9618140092681962,000300,0.03130971014568629,0.7804831668106083,0.22408589792459888,true,true,expanded_only_v1_2,0.0,true,qfq,true,false,true,true,false,false,true
2025-02-19,2025-03-19,full,true,false,0.008385064678705331,1.9782639466235004,000300,0.01776831397709744,0.7943510367723384,-0.009383249298392108,true,true,expanded_only_v1_2,0.0,true,qfq,true,false,true,true,false,false,true
2025-03-19,2025-04-17,full,true,false,-0.15757830415948423,1.6665324687347207,000300,-0.05933663660144095,0.7472169179694004,-0.09824166755804328,true,true,expanded_only_v1_2,0.0,true,qfq,true,false,true,true,false,false,true
2025-04-17,2025-05-20,full,true,false,0.06517691662968673,1.7751519165101095,000300,0.03338882673863153,0.7721656141796549,0.03178808989105521,true,true,expanded_only_v1_2,0.0,true,qfq,true,false,true,true,false,false,true
2025-05-20,2025-06-18,full,true,false,0.017739133669587164,1.806641573640906,000300,-0.005951510580605834,0.7675700623568846,0.023690644250193,true,true,expanded_only_v1_2,0.0,true,qfq,true,false,true,true,false,false,true
2025-06-18,2025-07-16,full,true,false,0.08586413046945489,1.9617672814315503,000300,0.03412413515459467,0.7937627269053716,0.05173999531486022,true,true,expanded_only_v1_2,0.0,true,qfq,true,false,true,true,false,false,true
2025-07-16,2025-08-13,full,true,false,0.07753488756195331,2.113872687020064,000300,0.04226891595128768,0.8273142168941997,0.035265971610665636,true,true,expanded_only_v1_2,0.0,true,qfq,true,false,true,true,false,false,true
2025-08-13,2025-09-10,full,true,false,0.03304035318434857,2.183715787185955,000300,0.06435408875204107,0.8805552694340344,-0.0313137355676925,true,true,expanded_only_v1_2,0.0,true,qfq,true,false,true,true,false,false,true
2025-09-10,2025-10-16,full,true,false,0.017557154817503445,2.2220556233390054,000300,0.03893048032105395,0.9148357090223365,-0.021373325503550505,true,true,expanded_only_v1_2,0.0,true,qfq,true,false,true,true,false,false,true
2025-10-16,2025-11-13,full,true,false,-0.018383990045283072,2.1812053748794757,000300,0.0181122548403998,0.9314054465212469,-0.03649624488568287,true,true,expanded_only_v1_2,0.0,true,qfq,true,false,true,true,false,false,true
2025-11-13,2025-12-11,full,true,false,-0.00941120926433054,2.160677594648002,000300,-0.031877449718953454,0.9017146162318065,0.022466240454622914,true,true,expanded_only_v1_2,0.0,true,qfq,true,false,true,true,false,false,true
2021-03-31,2021-04-29,full,true,false,-0.00433664415763516,0.9956633558423649,000852,0.01775036983247502,1.017750369832475,-0.02208701399011018,true,true,expanded_only_v1_2,0.0,true,qfq,true,false,true,true,false,false,true
2021-04-29,2021-06-01,full,true,false,0.07877352137917676,1.0740952644902761,000852,0.07019874787278879,1.0891951714417825,0.008574773506387967,true,true,expanded_only_v1_2,0.0,true,qfq,true,false,true,true,false,false,true
2021-06-01,2021-06-30,full,true,false,0.06132806622888898,1.139967450007072,000852,0.03340321208858699,1.1255777887593172,0.02792485414030199,true,true,expanded_only_v1_2,0.0,true,qfq,true,false,true,true,false,false,true
2021-06-30,2021-07-28,full,true,false,-0.04212781595756304,1.0919431110755615,000852,-0.019508166636079904,1.10361982969433,-0.022619649321483137,true,true,expanded_only_v1_2,0.0,true,qfq,true,false,true,true,false,false,true
2021-07-28,2021-08-25,full,true,false,0.10386807890796264,1.2053611442997643,000852,0.11865507356551208,1.2345699217750687,-0.014786994657549443,true,true,expanded_only_v1_2,0.0,true,qfq,true,false,true,true,false,false,true
2021-08-25,2021-09-24,full,true,false,-0.018384606370040264,1.1832010541280717,000852,-0.009525550122721493,1.222809964105196,-0.00885905624731877,true,true,expanded_only_v1_2,0.0,true,qfq,true,false,true,true,false,false,true
2021-09-24,2021-10-29,full,true,false,-0.02683199920949837,1.1514534043790297,000852,-0.040324236383813106,1.173501086060136,0.013492237174314737,true,true,expanded_only_v1_2,0.0,true,qfq,true,false,true,true,false,false,true
2021-10-29,2021-11-26,full,true,false,0.11236631146925953,1.2808379762578228,000852,0.07521563105087137,1.261766710787032,0.03715068041838816,true,true,expanded_only_v1_2,0.0,true,qfq,true,false,true,true,false,false,true
2021-11-26,2021-12-24,full,true,false,0.0033910707159160508,1.285181388410944,000852,-0.02067552472738865,1.235679021957959,0.0240665954433047,true,true,expanded_only_v1_2,0.0,true,qfq,true,false,true,true,false,false,true
2021-12-24,2022-01-24,full,true,false,0.030945336325520812,1.3249517587146205,000852,-0.045162352233171,1.1798728507211533,0.07610768855869181,true,true,expanded_only_v1_2,0.0,true,qfq,true,false,true,true,false,false,true
2022-01-24,2022-02-28,full,true,false,-0.06127012139210775,1.243771803619489,000852,-0.0007501279392355675,1.1789877951310819,-0.060519993452872185,true,true,expanded_only_v1_2,0.0,true,qfq,true,false,true,true,false,false,true
2022-02-28,2022-03-28,full,true,false,-0.11332920553535566,1.102816133248016,000852,-0.08795080210732587,1.0752948728745557,-0.0253784034280298,true,true,expanded_only_v1_2,0.0,true,qfq,true,false,true,true,false,false,true
2022-03-28,2022-04-27,full,true,false,-0.20212124377680685,0.8799135647387982,000852,-0.18124496656692157,0.8804030895908247,-0.020876277209885274,true,true,expanded_only_v1_2,0.0,true,qfq,true,false,true,true,false,false,true
2022-04-27,2022-05-30,full,true,false,0.12222325635483007,0.9874594659319607,000852,0.13385264009009656,0.9982473674760344,-0.011629383735266494,true,true,expanded_only_v1_2,0.0,true,qfq,true,false,true,true,false,false,true
2022-05-30,2022-06-28,full,true,false,0.10905511322295056,1.095146969792245,000852,0.12692045664368168,1.1249453791994457,-0.017865343420731122,true,true,expanded_only_v1_2,0.0,true,qfq,true,false,true,true,false,false,true
2022-06-28,2022-07-26,full,true,false,-0.016292420113572837,1.0773043752742835,000852,-0.0073872978027379466,1.1166350726714855,-0.00890512231083489,true,true,expanded_only_v1_2,0.0,true,qfq,true,false,true,true,false,false,true
2022-07-26,2022-08-23,full,true,false,0.028247155480187344,1.1077351594621423,000852,0.03964470602297854,1.160903741862494,-0.011397550542791193,true,true,expanded_only_v1_2,0.0,true,qfq,true,false,true,true,false,false,true
2022-08-23,2022-09-21,full,true,false,-0.08837763037014472,1.0098361509911837,000852,-0.11297806466448213,1.0297470838451137,0.024600434294337406,true,true,expanded_only_v1_2,0.0,true,qfq,true,false,true,true,false,false,true
2022-09-21,2022-10-26,full,true,false,0.032664236559954096,1.0428216779139532,000852,0.0017112613029657275,1.0315092501815397,0.03095297525698837,true,true,expanded_only_v1_2,0.0,true,qfq,true,false,true,true,false,false,true
2022-10-26,2022-11-23,full,true,false,0.04659658061736891,1.0914136022984107,000852,0.01175348792071107,1.04363308169365,0.03484309269665784,true,true,expanded_only_v1_2,0.0,true,qfq,true,false,true,true,false,false,true
2022-11-23,2022-12-21,full,true,false,-0.06371007361061559,1.0218795613563518,000852,-0.04245591116917036,0.999324688284057,-0.021254162441445235,true,true,expanded_only_v1_2,0.0,true,qfq,true,false,true,true,false,false,true
2022-12-21,2023-01-19,full,true,false,0.12619372045034613,1.1508343450560776,000852,0.06152510518131238,1.0608082448410159,0.06466861526903375,true,true,expanded_only_v1_2,0.0,true,qfq,true,false,true,true,false,false,true
2023-01-19,2023-02-23,full,true,false,0.07543713269985876,1.2376499882596281,000852,0.04354501443961123,1.1070011551802765,0.03189211826024753,true,true,expanded_only_v1_2,0.0,true,qfq,true,false,true,true,false,false,true
2023-02-23,2023-03-23,full,true,false,0.1686681124110764,1.4464020756049707,000852,-0.014060995092431416,1.0914356173699709,0.18272910750350782,true,true,expanded_only_v1_2,0.0,true,qfq,true,false,true,true,false,false,true
2023-03-23,2023-04-21,full,true,false,-0.0012332822266392543,1.444618253632553,000852,-0.013877181412263795,1.0762895673079216,0.01264389918562454,true,true,expanded_only_v1_2,0.0,true,qfq,true,false,true,true,false,false,true
2023-04-21,2023-05-24,full,true,false,-0.05761700082181222,1.3613836825258012,000852,-0.038433544794353236,1.0349239440110976,-0.01918345602745898,true,true,expanded_only_v1_2,0.0,true,qfq,true,false,true,true,false,false,true
2023-05-24,2023-06-21,full,true,false,0.14189915593184843,1.5545628779756038,000852,0.005409032147123183,1.040521880894081,0.13649012378472525,true,true,expanded_only_v1_2,0.0,true,qfq,true,false,true,true,false,false,true
2023-06-21,2023-07-21,full,true,false,-0.11302061959064351,1.3788652183141872,000852,-0.02244667026041436,1.0171656293349054,-0.09057394933022915,true,true,expanded_only_v1_2,0.0,true,qfq,true,false,true,true,false,false,true
2023-07-21,2023-08-18,full,true,false,-0.05746273375163859,1.2996318533948041,000852,-0.04441358323621958,0.9719896589914179,-0.013049150515419009,true,true,expanded_only_v1_2,0.0,true,qfq,true,false,true,true,false,false,true
2023-08-18,2023-09-15,full,true,false,-0.02108237435691367,1.2722325281353655,000852,-0.006220257605306978,0.9659436329227967,-0.014862116751606692,true,true,expanded_only_v1_2,0.0,true,qfq,true,false,true,true,false,false,true
2023-09-15,2023-10-23,full,true,false,-0.07640359301180315,1.1750293918393337,000852,-0.07253095050879577,0.8958828230889869,-0.0038726425030073813,true,true,expanded_only_v1_2,0.0,true,qfq,true,false,true,true,false,false,true
2023-10-23,2023-11-20,full,true,false,0.1768096555843572,1.382785933911943,000852,0.1091033567807822,0.993626646370239,0.06770629880357501,true,true,expanded_only_v1_2,0.0,true,qfq,true,false,true,true,false,false,true
2023-11-20,2023-12-18,full,true,false,-0.05652354196980299,1.3046259751412181,000852,-0.06336994345367541,0.9306605819756918,0.006846401483872423,true,true,expanded_only_v1_2,0.0,true,qfq,true,false,true,true,false,false,true
2023-12-18,2024-01-16,full,true,false,-0.11232099807399004,1.1580890835001039,000852,-0.05421537610487259,0.8802044684979,-0.05810562196911745,true,true,expanded_only_v1_2,0.0,true,qfq,true,false,true,true,false,false,true
2024-01-16,2024-02-21,full,true,false,-0.08394547451861747,1.060872745850857,000852,-0.08412176616174483,0.8061601140243968,0.00017629164312735202,true,true,expanded_only_v1_2,0.0,true,qfq,true,false,true,true,false,false,true
2024-02-21,2024-03-20,full,true,false,0.20304396161402116,1.2762765509367595,000852,0.11543753005826374,0.8992212464188615,0.08760643155575742,true,true,expanded_only_v1_2,0.0,true,qfq,true,false,true,true,false,false,true
2024-03-20,2024-04-19,full,true,false,-0.15765759823035844,1.0750618552383444,000852,-0.06975605877207691,0.8364951163045671,-0.08790153945828152,true,true,expanded_only_v1_2,0.0,true,qfq,true,false,true,true,false,false,true
2024-04-19,2024-05-22,full,true,false,0.05729356948155537,1.1366559863384122,000852,0.052289059131257254,0.8802346589040245,0.005004510350298114,true,true,expanded_only_v1_2,0.0,true,qfq,true,false,true,true,false,false,true
2024-05-22,2024-06-20,full,true,false,-0.07868145928052285,1.047222234633364,000852,-0.08728333507832597,0.8034048422233486,0.008601875797803124,true,true,expanded_only_v1_2,0.0,true,qfq,true,false,true,true,false,false,true
2024-06-20,2024-07-18,full,true,false,-0.04059031815892266,1.0047151509464978,000852,-0.048200801401859894,0.7646800849780484,0.007610483242937234,true,true,expanded_only_v1_2,0.0,true,qfq,true,false,true,true,false,false,true
2024-07-18,2024-08-15,full,true,false,-0.004800078592234633,0.9998924392591457,000852,-0.02505594886574969,0.7455202998701813,0.020255870273515057,true,true,expanded_only_v1_2,0.0,true,qfq,true,false,true,true,false,false,true
2024-08-15,2024-09-12,full,true,false,-0.018395841413502447,0.9814985765159743,000852,-0.04755267112119965,0.7100688182362764,0.029156829707697205,true,true,expanded_only_v1_2,0.0,true,qfq,true,false,true,true,false,false,true
2024-09-12,2024-10-21,full,true,false,0.5039900965253414,1.4761641388337454,000852,0.31145915851000505,0.9312262548483409,0.19253093801533638,true,true,expanded_only_v1_2,0.0,true,qfq,true,false,true,true,false,false,true
2024-10-21,2024-11-18,full,true,false,0.022524188110593178,1.5094135375789484,000852,0.019450326504077298,0.9493389095543102,0.00307386160651588,true,true,expanded_only_v1_2,0.0,true,qfq,true,false,true,true,false,false,true
2024-11-18,2024-12-16,full,true,false,0.12058532665538647,1.6914266620659684,000852,0.05070833668086028,0.997478306604231,0.0698769899745262,true,true,expanded_only_v1_2,0.0,true,qfq,true,false,true,true,false,false,true
2024-12-16,2025-01-14,full,true,false,-0.07610194163169412,1.562705808955133,000852,-0.07430800698364959,0.9233576816310448,-0.0017939346480445317,true,true,expanded_only_v1_2,0.0,true,qfq,true,false,true,true,false,false,true
2025-01-14,2025-02-19,full,true,false,0.25539560807028516,1.9618140092681962,000852,0.08216759449669153,0.9992277611907097,0.17322801357359363,true,true,expanded_only_v1_2,0.0,true,qfq,true,false,true,true,false,false,true
2025-02-19,2025-03-19,full,true,false,0.008385064678705331,1.9782639466235004,000852,0.043913283390554,1.043107133039586,-0.03552821871184867,true,true,expanded_only_v1_2,0.0,true,qfq,true,false,true,true,false,false,true
2025-03-19,2025-04-17,full,true,false,-0.15757830415948423,1.6665324687347207,000852,-0.11045778316688704,0.9278878315184662,-0.0471205209925972,true,true,expanded_only_v1_2,0.0,true,qfq,true,false,true,true,false,false,true
2025-04-17,2025-05-20,full,true,false,0.06517691662968673,1.7751519165101095,000852,0.05247998136845933,0.9765833676285754,0.012696935261227407,true,true,expanded_only_v1_2,0.0,true,qfq,true,false,true,true,false,false,true
2025-05-20,2025-06-18,full,true,false,0.017739133669587164,1.806641573640906,000852,-0.0017295745864803758,0.9748942938543457,0.01946870825606754,true,true,expanded_only_v1_2,0.0,true,qfq,true,false,true,true,false,false,true
2025-06-18,2025-07-16,full,true,false,0.08586413046945489,1.9617672814315503,000852,0.05324355908915335,1.0268011357948579,0.03262057138030154,true,true,expanded_only_v1_2,0.0,true,qfq,true,false,true,true,false,false,true
2025-07-16,2025-08-13,full,true,false,0.07753488756195331,2.113872687020064,000852,0.09320092973448091,1.1224999563033595,-0.015666042172527594,true,true,expanded_only_v1_2,0.0,true,qfq,true,false,true,true,false,false,true
2025-08-13,2025-09-10,full,true,false,0.03304035318434857,2.183715787185955,000852,0.023475687007826762,1.1488514139438364,0.00956466617652181,true,true,expanded_only_v1_2,0.0,true,qfq,true,false,true,true,false,false,true
2025-09-10,2025-10-16,full,true,false,0.017557154817503445,2.2220556233390054,000852,0.023743563429352355,1.176129240361713,-0.006186408611848909,true,true,expanded_only_v1_2,0.0,true,qfq,true,false,true,true,false,false,true
2025-10-16,2025-11-13,full,true,false,-0.018383990045283072,2.1812053748794757,000852,0.025499065097327023,1.206119436424566,-0.043883055142610095,true,true,expanded_only_v1_2,0.0,true,qfq,true,false,true,true,false,false,true
2025-11-13,2025-12-11,full,true,false,-0.00941120926433054,2.160677594648002,000852,-0.03670075277515028,1.1618539451710443,0.02728954351081974,true,true,expanded_only_v1_2,0.0,true,qfq,true,false,true,true,false,false,true
2021-03-31,2021-04-29,full,true,false,-0.00433664415763516,0.9956633558423649,399006,0.1061881457313758,1.1061881457313758,-0.11052478988901096,true,true,expanded_only_v1_2,0.0,true,qfq,true,false,true,true,false,false,true
2021-04-29,2021-06-01,full,true,false,0.07877352137917676,1.0740952644902761,399006,0.08151614658093598,1.1963603407649084,-0.002742625201759219,true,true,expanded_only_v1_2,0.0,true,qfq,true,false,true,true,false,false,true
2021-06-01,2021-06-30,full,true,false,0.06132806622888898,1.139967450007072,399006,0.053639823523707886,1.2605328983143012,0.007688242705181092,true,true,expanded_only_v1_2,0.0,true,qfq,true,false,true,true,false,false,true
2021-06-30,2021-07-28,full,true,false,-0.04212781595756304,1.0919431110755615,399006,-0.055291931967858976,1.1908355990574586,0.013164116010295934,true,true,expanded_only_v1_2,0.0,true,qfq,true,false,true,true,false,false,true
2021-07-28,2021-08-25,full,true,false,0.10386807890796264,1.2053611442997643,399006,0.019403821097621732,1.2139423599782488,0.0844642578103409,true,true,expanded_only_v1_2,0.0,true,qfq,true,false,true,true,false,false,true
2021-08-25,2021-09-24,full,true,false,-0.018384606370040264,1.1832010541280717,399006,-0.042058614490572244,1.1628856262461482,0.02367400812053198,true,true,expanded_only_v1_2,0.0,true,qfq,true,false,true,true,false,false,true
2021-09-24,2021-10-29,full,true,false,-0.02683199920949837,1.1514534043790297,399006,0.044531800412741296,1.2146710168569874,-0.07136379962223967,true,true,expanded_only_v1_2,0.0,true,qfq,true,false,true,true,false,false,true
2021-10-29,2021-11-26,full,true,false,0.11236631146925953,1.2808379762578228,399006,0.03527652678419524,1.2575203915171287,0.07708978468506429,true,true,expanded_only_v1_2,0.0,true,qfq,true,false,true,true,false,false,true
2021-11-26,2021-12-24,full,true,false,0.0033910707159160508,1.285181388410944,399006,-0.049514683455995745,1.1952546673916982,0.0529057541719118,true,true,expanded_only_v1_2,0.0,true,qfq,true,false,true,true,false,false,true
2021-12-24,2022-01-24,full,true,false,0.030945336325520812,1.3249517587146205,399006,-0.07299726123787209,1.1080043501903205,0.1039425975633929,true,true,expanded_only_v1_2,0.0,true,qfq,true,false,true,true,false,false,true
2022-01-24,2022-02-28,full,true,false,-0.06127012139210775,1.243771803619489,399006,-0.057295603040148135,1.0445205727750586,-0.0039745183519596175,true,true,expanded_only_v1_2,0.0,true,qfq,true,false,true,true,false,false,true
2022-02-28,2022-03-28,full,true,false,-0.11332920553535566,1.102816133248016,399006,-0.09966994179730737,0.9404132680804783,-0.013659263738048294,true,true,expanded_only_v1_2,0.0,true,qfq,true,false,true,true,false,false,true
2022-03-28,2022-04-27,full,true,false,-0.20212124377680685,0.8799135647387982,399006,-0.12526743069930957,0.8226101141924957,-0.07685381307749728,true,true,expanded_only_v1_2,0.0,true,qfq,true,false,true,true,false,false,true
2022-04-27,2022-05-30,full,true,false,0.12222325635483007,0.9874594659319607,399006,0.035788416028768255,0.8520500271886894,0.08643484032606182,true,true,expanded_only_v1_2,0.0,true,qfq,true,false,true,true,false,false,true
2022-05-30,2022-06-28,full,true,false,0.10905511322295056,1.095146969792245,399006,0.2084939456598507,1.0296972992568423,-0.09943883243690013,true,true,expanded_only_v1_2,0.0,true,qfq,true,false,true,true,false,false,true
2022-06-28,2022-07-26,full,true,false,-0.016292420113572837,1.0773043752742835,399006,-0.044697615141422786,0.9836722856624975,0.02840519502784995,true,true,expanded_only_v1_2,0.0,true,qfq,true,false,true,true,false,false,true
2022-07-26,2022-08-23,full,true,false,0.028247155480187344,1.1077351594621423,399006,0.024636442033418637,1.007906470908102,0.003610713446768707,true,true,expanded_only_v1_2,0.0,true,qfq,true,false,true,true,false,false,true
2022-08-23,2022-09-21,full,true,false,-0.08837763037014472,1.0098361509911837,399006,-0.1614172520330467,0.8452129780677903,0.07303962166290197,true,true,expanded_only_v1_2,0.0,true,qfq,true,false,true,true,false,false,true
2022-09-21,2022-10-26,full,true,false,0.032664236559954096,1.0428216779139532,399006,0.017739500411748654,0.8602066340402391,0.014924736148205442,true,true,expanded_only_v1_2,0.0,true,qfq,true,false,true,true,false,false,true
2022-10-26,2022-11-23,full,true,false,0.04659658061736891,1.0914136022984107,399006,-0.013713293550453476,0.8484103679535978,0.06030987416782239,true,true,expanded_only_v1_2,0.0,true,qfq,true,false,true,true,false,false,true
2022-11-23,2022-12-21,full,true,false,-0.06371007361061559,1.0218795613563518,399006,-0.015655844877240144,0.835127786840674,-0.04805422873337545,true,true,expanded_only_v1_2,0.0,true,qfq,true,false,true,true,false,false,true
2022-12-21,2023-01-19,full,true,false,0.12619372045034613,1.1508343450560776,399006,0.11622173026001659,0.9321877832155154,0.009971990190329544,true,true,expanded_only_v1_2,0.0,true,qfq,true,false,true,true,false,false,true
2023-01-19,2023-02-23,full,true,false,0.07543713269985876,1.2376499882596281,399006,-0.04431758081075199,0.890875475802066,0.11975471351061075,true,true,expanded_only_v1_2,0.0,true,qfq,true,false,true,true,false,false,true
2023-02-23,2023-03-23,full,true,false,0.1686681124110764,1.4464020756049707,399006,-0.03909289190552934,0.8560485771252488,0.20776100431660574,true,true,expanded_only_v1_2,0.0,true,qfq,true,false,true,true,false,false,true
2023-03-23,2023-04-21,full,true,false,-0.0012332822266392543,1.444618253632553,399006,-0.00856268077123401,0.8487185064346563,0.0073293985445947556,true,true,expanded_only_v1_2,0.0,true,qfq,true,false,true,true,false,false,true
2023-04-21,2023-05-24,full,true,false,-0.05761700082181222,1.3613836825258012,399006,-0.040974888838582024,0.8139423599782489,-0.016642111983230193,true,true,expanded_only_v1_2,0.0,true,qfq,true,false,true,true,false,false,true
2023-05-24,2023-06-21,full,true,false,0.14189915593184843,1.5545628779756038,399006,-0.014884690414473156,0.801827079934747,0.1567838463463216,true,true,expanded_only_v1_2,0.0,true,qfq,true,false,true,true,false,false,true
2023-06-21,2023-07-21,full,true,false,-0.11302061959064351,1.3788652183141872,399006,-0.02202690972222232,0.7841653072321911,-0.09099370986842119,true,true,expanded_only_v1_2,0.0,true,qfq,true,false,true,true,false,false,true
2023-07-21,2023-08-18,full,true,false,-0.05746273375163859,1.2996318533948041,399006,-0.02043344798254365,0.7681421062171468,-0.037029285769094936,true,true,expanded_only_v1_2,0.0,true,qfq,true,false,true,true,false,false,true
2023-08-18,2023-09-15,full,true,false,-0.02108237435691367,1.2722325281353655,399006,-0.054834538349725404,0.7260213884357438,0.03375216399281174,true,true,expanded_only_v1_2,0.0,true,qfq,true,false,true,true,false,false,true
2023-09-15,2023-10-23,full,true,false,-0.07640359301180315,1.1750293918393337,399006,-0.06881606606981472,0.676059452601051,-0.007587526941988429,true,true,expanded_only_v1_2,0.0,true,qfq,true,false,true,true,false,false,true
2023-10-23,2023-11-20,full,true,false,0.1768096555843572,1.382785933911943,399006,0.06866819310315231,0.7224832336414715,0.1081414624812049,true,true,expanded_only_v1_2,0.0,true,qfq,true,false,true,true,false,false,true
2023-11-20,2023-12-18,full,true,false,-0.05652354196980299,1.3046259751412181,399006,-0.08679006708580661,0.6597788653253577,0.03026652511600362,true,true,expanded_only_v1_2,0.0,true,qfq,true,false,true,true,false,false,true
2023-12-18,2024-01-16,full,true,false,-0.11232099807399004,1.1580890835001039,399006,-0.037236263736263764,0.6352111654884898,-0.07508473433772628,true,true,expanded_only_v1_2,0.0,true,qfq,true,false,true,true,false,false,true
2024-01-16,2024-02-21,full,true,false,-0.08394547451861747,1.060872745850857,399006,0.00014267533371770114,0.6353017944535071,-0.08408814985233518,true,true,expanded_only_v1_2,0.0,true,qfq,true,false,true,true,false,false,true
2024-02-21,2024-03-20,full,true,false,0.20304396161402116,1.2762765509367595,399006,0.08945608509084257,0.692133405836505,0.11358787652317859,true,true,expanded_only_v1_2,0.0,true,qfq,true,false,true,true,false,false,true
2024-03-20,2024-04-19,full,true,false,-0.15765759823035844,1.0750618552383444,399006,-0.08026712059709307,0.6365778502809495,-0.07739047763326537,true,true,expanded_only_v1_2,0.0,true,qfq,true,false,true,true,false,false,true
2024-04-19,2024-05-22,full,true,false,0.05729356948155537,1.1366559863384122,399006,0.06943621867881555,0.6807794090991478,-0.012142649197260186,true,true,expanded_only_v1_2,0.0,true,qfq,true,false,true,true,false,false,true
2024-05-22,2024-06-20,full,true,false,-0.07868145928052285,1.047222234633364,399006,-0.06136011459426072,0.639006706543411,-0.017321344686262133,true,true,expanded_only_v1_2,0.0,true,qfq,true,false,true,true,false,false,true
2024-06-20,2024-07-18,full,true,false,-0.04059031815892266,1.0047151509464978,399006,-0.025523344868667364,0.6226971179989121,-0.015066973290255296,true,true,expanded_only_v1_2,0.0,true,qfq,true,false,true,true,false,false,true
2024-07-18,2024-08-15,full,true,false,-0.004800078592234633,0.9998924392591457,399006,-0.07277130598296566,0.5773826354903024,0.06797122739073103,true,true,expanded_only_v1_2,0.0,true,qfq,true,false,true,true,false,false,true
2024-08-15,2024-09-12,full,true,false,-0.018395841413502447,0.9814985765159743,399006,-0.02567950223204485,0.5625557368134853,0.007283660818542401,true,true,expanded_only_v1_2,0.0,true,qfq,true,false,true,true,false,false,true
2024-09-12,2024-10-21,full,true,false,0.5039900965253414,1.4761641388337454,399006,0.4243625186073039,0.8012833061446435,0.07962757791803754,true,true,expanded_only_v1_2,0.0,true,qfq,true,false,true,true,false,false,true
2024-10-21,2024-11-18,full,true,false,0.022524188110593178,1.5094135375789484,399006,-0.008772406055177151,0.7942541236179078,0.031296594165770325,true,true,expanded_only_v1_2,0.0,true,qfq,true,false,true,true,false,false,true
2024-11-18,2024-12-16,full,true,false,0.12058532665538647,1.6914266620659684,399006,0.004828955475935315,0.7980895414174367,0.11575637117945116,true,true,expanded_only_v1_2,0.0,true,qfq,true,false,true,true,false,false,true
2024-12-16,2025-01-14,full,true,false,-0.07610194163169412,1.562705808955133,399006,-0.057128451576857864,0.752495921696574,-0.018973490054836256,true,true,expanded_only_v1_2,0.0,true,qfq,true,false,true,true,false,false,true
2025-01-14,2025-02-19,full,true,false,0.25539560807028516,1.9618140092681962,399006,0.07285042586811574,0.8073155700561897,0.18254518220216942,true,true,expanded_only_v1_2,0.0,true,qfq,true,false,true,true,false,false,true
2025-02-19,2025-03-19,full,true,false,0.008385064678705331,1.9782639466235004,399006,-0.002079048756612134,0.8056371216240708,0.010464113435317465,true,true,expanded_only_v1_2,0.0,true,qfq,true,false,true,true,false,false,true
2025-03-19,2025-04-17,full,true,false,-0.15757830415948423,1.6665324687347207,399006,-0.14109838684275655,0.6919630233822727,-0.016479917316727682,true,true,expanded_only_v1_2,0.0,true,qfq,true,false,true,true,false,false,true
2025-04-17,2025-05-20,full,true,false,0.06517691662968673,1.7751519165101095,399006,0.07317763178574799,0.7425992387166935,-0.008000715156061253,true,true,expanded_only_v1_2,0.0,true,qfq,true,false,true,true,false,false,true
2025-05-20,2025-06-18,full,true,false,0.017739133669587164,1.806641573640906,399006,0.0030608359450514655,0.7448722131593254,0.014678297724535699,true,true,expanded_only_v1_2,0.0,true,qfq,true,false,true,true,false,false,true
2025-06-18,2025-07-16,full,true,false,0.08586413046945489,1.9617672814315503,399006,0.08539321468027428,0.8084792459670107,0.00047091578918061205,true,true,expanded_only_v1_2,0.0,true,qfq,true,false,true,true,false,false,true
2025-07-16,2025-08-13,full,true,false,0.07753488756195331,2.113872687020064,399006,0.11941135060241503,0.9050208446619535,-0.04187646304046172,true,true,expanded_only_v1_2,0.0,true,qfq,true,false,true,true,false,false,true
2025-08-13,2025-09-10,full,true,false,0.03304035318434857,2.183715787185955,399006,0.16333667133987584,1.0528439369222398,-0.13029631815552728,true,true,expanded_only_v1_2,0.0,true,qfq,true,false,true,true,false,false,true
2025-09-10,2025-10-16,full,true,false,0.017557154817503445,2.2220556233390054,399006,0.04585317480812745,1.1011201740076124,-0.028296019990624005,true,true,expanded_only_v1_2,0.0,true,qfq,true,false,true,true,false,false,true
2025-10-16,2025-11-13,full,true,false,-0.018383990045283072,2.1812053748794757,399006,0.054094895701643386,1.1606851549755297,-0.07247888574692646,true,true,expanded_only_v1_2,0.0,true,qfq,true,false,true,true,false,false,true
2025-11-13,2025-12-11,full,true,false,-0.00941120926433054,2.160677594648002,399006,-0.011893495744514704,1.146880551024107,0.0024822864801841635,true,true,expanded_only_v1_2,0.0,true,qfq,true,false,true,true,false,false,true
2021-03-31,2021-04-29,full,true,false,-0.00533664415763516,0.9946633558423649,000300,0.022940123129095547,1.0229401231290955,-0.028276767286730706,true,true,expanded_only_v1_2,0.001,true,qfq,true,false,true,true,false,false,true
2021-04-29,2021-06-01,full,true,false,0.07872745512286546,1.0729706705518034,000300,0.034373384299897225,1.058102037097196,0.04435407082296823,true,true,expanded_only_v1_2,0.001,true,qfq,true,false,true,true,false,false,true
2021-06-01,2021-06-30,full,true,false,0.06128530428873247,1.1387280045894559,000300,-0.022023033951865445,1.0347994200096666,0.08330833824059791,true,true,expanded_only_v1_2,0.001,true,qfq,true,false,true,true,false,false,true
2021-06-30,2021-07-28,full,true,false,-0.04219687080902567,1.090677246093175,000300,-0.08873592085818649,0.9429755405715916,0.04653905004916082,true,true,expanded_only_v1_2,0.001,true,qfq,true,false,true,true,false,false,true
2021-07-28,2021-08-25,full,true,false,0.1038117546603702,1.203902364778248,000300,0.028921453298827116,0.9702477636301692,0.07489030136154308,true,true,expanded_only_v1_2,0.001,true,qfq,true,false,true,true,false,false,true
2021-08-25,2021-09-24,full,true,false,-0.018456676094509593,1.1816823287821219,000300,-0.009948633772681847,0.9605951239610491,-0.008508042321827745,true,true,expanded_only_v1_2,0.001,true,qfq,true,false,true,true,false,false,true
2021-09-24,2021-10-29,full,true,false,-0.02687084501699399,1.1499295260660969,000300,0.01223648964929902,0.9723494362525655,-0.039107334666293014,true,true,expanded_only_v1_2,0.001,true,qfq,true,false,true,true,false,false,true
2021-10-29,2021-11-26,full,true,false,0.11231670225690153,1.2790858182616827,000300,-0.009908795889805422,0.9627146241551715,0.12222549814670695,true,true,expanded_only_v1_2,0.001,true,qfq,true,false,true,true,false,false,true
2021-11-26,2021-12-24,full,true,false,0.003349792119744019,1.283370489856172,000300,0.012594313320837047,0.9748393537703336,-0.009244521201093028,true,true,expanded_only_v1_2,0.001,true,qfq,true,false,true,true,false,false,true
2021-12-24,2022-01-24,full,true,false,0.030898430169513776,1.3230246233186078,000300,-0.027350274518728734,0.9481772298330549,0.05824870468824251,true,true,expanded_only_v1_2,0.001,true,qfq,true,false,true,true,false,false,true
2022-01-24,2022-02-28,full,true,false,-0.06132510011790937,1.2418900058351348,000300,-0.04284544387202982,0.907552155551506,-0.01847965624587955,true,true,expanded_only_v1_2,0.001,true,qfq,true,false,true,true,false,false,true
2022-02-28,2022-03-28,full,true,false,-0.11337081899887752,1.1010959187670846,000300,-0.09454672443333723,0.8217460719916966,-0.018824094565540295,true,true,expanded_only_v1_2,0.001,true,qfq,true,false,true,true,false,false,true
2022-03-28,2022-04-27,full,true,false,-0.20216371198575217,0.8784942805767685,000300,-0.060969465851265725,0.7716446529169871,-0.14119424613448645,true,true,expanded_only_v1_2,0.001,true,qfq,true,false,true,true,false,false,true
2022-04-27,2022-05-30,full,true,false,0.12217416938366776,0.985823589614538,000300,0.034264825929139375,0.7980849226283389,0.08790934345452839,true,true,expanded_only_v1_2,0.001,true,qfq,true,false,true,true,false,false,true
2022-05-30,2022-06-28,full,true,false,0.10902083678443392,1.0932989022761492,000300,0.11454398340043004,0.8895007487580128,-0.005523146615996122,true,true,expanded_only_v1_2,0.001,true,qfq,true,false,true,true,false,false,true
2022-06-28,2022-07-26,full,true,false,-0.016322186720764215,1.0754538734515913,000300,-0.05445694485271213,0.8410612555364515,0.038134758131947916,true,true,expanded_only_v1_2,0.001,true,qfq,true,false,true,true,false,false,true
2022-07-26,2022-08-23,full,true,false,0.02821944871319064,1.1058025888768606,000300,-0.019995383868977146,0.8242439128746762,0.048214832582167785,true,true,expanded_only_v1_2,0.001,true,qfq,true,false,true,true,false,false,true
2022-08-23,2022-09-21,full,true,false,-0.08841653762604075,1.0080313526704563,000300,-0.06184692435617678,0.773266961944077,-0.02656961326986397,true,true,expanded_only_v1_2,0.001,true,qfq,true,false,true,true,false,false,true
2022-09-21,2022-10-26,full,true,false,0.03263339599542918,1.0409268389779596,000300,-0.06322927046696358,0.7243738560641477,0.09586266646239276,true,true,expanded_only_v1_2,0.001,true,qfq,true,false,true,true,false,false,true
2022-10-26,2022-11-23,full,true,false,0.04655758406737148,1.0893898777916593,000300,0.03189313352839851,0.7474764081800825,0.014664450538972973,true,true,expanded_only_v1_2,0.001,true,qfq,true,false,true,true,false,false,true
2022-11-23,2022-12-21,full,true,false,-0.06375138430834096,1.0199397650309467,000300,0.015107869819505737,0.758769184448019,-0.0788592541278467,true,true,expanded_only_v1_2,0.001,true,qfq,true,false,true,true,false,false,true
2022-12-21,2023-01-19,full,true,false,0.12616342490727292,1.1486188589863702,000300,0.08496713257138677,0.8232396263340969,0.04119629233588615,true,true,expanded_only_v1_2,0.001,true,qfq,true,false,true,true,false,false,true
2023-01-19,2023-02-23,full,true,false,0.0754016213674508,1.2352265832871738,000300,-0.012598622236231538,0.8128679412720171,0.08800024360368233,true,true,expanded_only_v1_2,0.001,true,qfq,true,false,true,true,false,false,true
2023-02-23,2023-03-23,full,true,false,0.16863197123021778,1.4435252769428568,000300,-0.015732335847355228,0.8000796298203775,0.184364307077573,true,true,expanded_only_v1_2,0.001,true,qfq,true,false,true,true,false,false,true
2023-03-23,2023-04-21,full,true,false,-0.001292293297836991,1.4416598189022054,000300,-0.0016142249863211333,0.7987881212908748,0.0003219316884841422,true,true,expanded_only_v1_2,0.001,true,qfq,true,false,true,true,false,false,true
2023-04-21,2023-05-24,full,true,false,-0.05767284113316519,1.3585152011985908,000300,-0.043019711995080034,0.7644244863678503,-0.014653129138085155,true,true,expanded_only_v1_2,0.001,true,qfq,true,false,true,true,false,false,true
2023-05-24,2023-06-21,full,true,false,0.14185226864106032,1.5512236644719775,000300,0.0012800945300577293,0.765403021971492,0.1405721741110026,true,true,expanded_only_v1_2,0.001,true,qfq,true,false,true,true,false,false,true
2023-06-21,2023-07-21,full,true,false,-0.11307423258548119,1.3758202390433707,000300,-0.010900536486518009,0.7570597184036006,-0.10217369609896318,true,true,expanded_only_v1_2,0.001,true,qfq,true,false,true,true,false,false,true
2023-07-21,2023-08-18,full,true,false,-0.05749950213868792,1.2967112602660462,000300,-0.009919124207529717,0.7495503490242379,-0.047580377931158206,true,true,expanded_only_v1_2,0.001,true,qfq,true,false,true,true,false,false,true
2023-08-18,2023-09-15,full,true,false,-0.021111733358519402,1.26933543789632,000300,-0.019878435517970305,0.7346504607436875,-0.0012332978405490969,true,true,expanded_only_v1_2,0.001,true,qfq,true,false,true,true,false,false,true
2023-09-15,2023-10-23,full,true,false,-0.07643230818625547,1.1723172005152929,000300,-0.06323912445602065,0.6881918088250445,-0.013193183730234828,true,true,expanded_only_v1_2,0.001,true,qfq,true,false,true,true,false,false,true
2023-10-23,2023-11-20,full,true,false,0.17677931944935962,1.3795586374011648,000300,0.029381965552178535,0.7084122368452334,0.1473973538971811,true,true,expanded_only_v1_2,0.001,true,qfq,true,false,true,true,false,false,true
2023-11-20,2023-12-18,full,true,false,-0.056562786539440475,1.3015269566752015,000300,-0.0690514271653544,0.659495360869669,0.01248864062591392,true,true,expanded_only_v1_2,0.001,true,qfq,true,false,true,true,false,false,true
2023-12-18,2024-01-16,full,true,false,-0.11235037445509331,1.1552999157293447,000300,-0.00855717448045723,0.6538519439976551,-0.10379319997463608,true,true,expanded_only_v1_2,0.001,true,qfq,true,false,true,true,false,false,true
2024-01-16,2024-02-21,full,true,false,-0.08397466141304652,1.0582839964754518,000300,0.04725709507767628,0.6847510874818757,-0.1312317564907228,true,true,expanded_only_v1_2,0.001,true,qfq,true,false,true,true,false,false,true
2024-02-21,2024-03-20,full,true,false,0.20299776547712503,1.2731132830001703,000300,0.0371752481290879,0.7102068790656773,0.16582251734803713,true,true,expanded_only_v1_2,0.001,true,qfq,true,false,true,true,false,false,true
2024-03-20,2024-04-19,full,true,false,-0.1576939331842377,1.072351042014776,000300,-0.0121939654931974,0.701546640889319,-0.1454999676910403,true,true,expanded_only_v1_2,0.001,true,qfq,true,false,true,true,false,false,true
2024-04-19,2024-05-22,full,true,false,0.05726110265289646,1.1337550451115244,000300,0.04031725236188688,0.7298310738536876,0.01694385029100958,true,true,expanded_only_v1_2,0.001,true,qfq,true,false,true,true,false,false,true
2024-05-22,2024-06-20,full,true,false,-0.07870894846490087,1.0445183776940201,000300,-0.04917151813703524,0.6939441719687192,-0.029537430327865627,true,true,expanded_only_v1_2,0.001,true,qfq,true,false,true,true,false,false,true
2024-06-20,2024-07-18,full,true,false,-0.040619995622863614,1.0020900457640884,000300,0.005038135689981793,0.6974403568683696,-0.04565813131284541,true,true,expanded_only_v1_2,0.001,true,qfq,true,false,true,true,false,false,true
2024-07-18,2024-08-15,full,true,false,-0.004832867315018557,0.9972470775352098,000300,-0.050833160557011925,0.66198725922874,0.04600029324199337,true,true,expanded_only_v1_2,0.001,true,qfq,true,false,true,true,false,false,true
2024-08-15,2024-09-12,full,true,false,-0.018425939985449124,0.9788718627338815,000300,-0.05071290713505594,0.6284159608268828,0.03228696714960681,true,true,expanded_only_v1_2,0.001,true,qfq,true,false,true,true,false,false,true
2024-09-12,2024-10-21,full,true,false,0.5039565013492349,1.4721807019464568,000300,0.24042150122774997,0.7795006695243608,0.2635350001214849,true,true,expanded_only_v1_2,0.001,true,qfq,true,false,true,true,false,false,true
2024-10-21,2024-11-18,full,true,false,0.02243571977340264,1.5052101356311387,000300,0.003857491360032661,0.7825075866221907,0.01857822841336998,true,true,expanded_only_v1_2,0.001,true,qfq,true,false,true,true,false,false,true
2024-11-18,2024-12-16,full,true,false,0.1205287960024259,1.686631301009408,000300,-0.00975602347115978,0.774873424240744,0.13028481947358567,true,true,expanded_only_v1_2,0.001,true,qfq,true,false,true,true,false,false,true
2024-12-16,2025-01-14,full,true,false,-0.07615974697028956,1.5581778878923611,000300,-0.023339400384473796,0.756788343145101,-0.05282034658581576,true,true,expanded_only_v1_2,0.001,true,qfq,true,false,true,true,false,false,true
2025-01-14,2025-02-19,full,true,false,0.2553497307068383,1.9560581919590259,000300,0.03130971014568629,0.7804831668106083,0.22404002056115202,true,true,expanded_only_v1_2,0.001,true,qfq,true,false,true,true,false,false,true
2025-02-19,2025-03-19,full,true,false,0.008303305213835453,1.972299940142885,000300,0.01776831397709744,0.7943510367723384,-0.009465008763261985,true,true,expanded_only_v1_2,0.001,true,qfq,true,false,true,true,false,false,true
2025-03-19,2025-04-17,full,true,false,-0.15761373453474514,1.6614383809543105,000300,-0.05933663660144095,0.7472169179694004,-0.09827709793330419,true,true,expanded_only_v1_2,0.001,true,qfq,true,false,true,true,false,false,true
2025-04-17,2025-05-20,full,true,false,0.06514862984359769,1.7696788150430491,000300,0.03338882673863153,0.7721656141796549,0.031759803104966164,true,true,expanded_only_v1_2,0.001,true,qfq,true,false,true,true,false,false,true
2025-05-20,2025-06-18,full,true,false,0.017712233229117625,1.80102377895572,000300,-0.005951510580605834,0.7675700623568846,0.02366374380972346,true,true,expanded_only_v1_2,0.001,true,qfq,true,false,true,true,false,false,true
2025-06-18,2025-07-16,full,true,false,0.08582245967615781,1.9555920696009488,000300,0.03412413515459467,0.7937627269053716,0.051698324521563144,true,true,expanded_only_v1_2,0.001,true,qfq,true,false,true,true,false,false,true
2025-07-16,2025-08-13,full,true,false,0.07749952057288904,2.107149517431166,000300,0.04226891595128768,0.8273142168941997,0.035230604621601366,true,true,expanded_only_v1_2,0.001,true,qfq,true,false,true,true,false,false,true
2025-08-13,2025-09-10,full,true,false,0.03300737175718283,2.176700984900985,000300,0.06435408875204107,0.8805552694340344,-0.03134671699485824,true,true,expanded_only_v1_2,0.001,true,qfq,true,false,true,true,false,false,true
2025-09-10,2025-10-16,full,true,false,0.017503198810744434,2.21480021499125,000300,0.03893048032105395,0.9148357090223365,-0.021427281510309516,true,true,expanded_only_v1_2,0.001,true,qfq,true,false,true,true,false,false,true
2025-10-16,2025-11-13,full,true,false,-0.018416296728973172,2.1740117970365778,000300,0.0181122548403998,0.9314054465212469,-0.03652855156937297,true,true,expanded_only_v1_2,0.001,true,qfq,true,false,true,true,false,false,true
2025-11-13,2025-12-11,full,true,false,-0.009446363183140813,2.1534752920373377,000300,-0.031877449718953454,0.9017146162318065,0.02243108653581264,true,true,expanded_only_v1_2,0.001,true,qfq,true,false,true,true,false,false,true
2021-03-31,2021-04-29,full,true,false,-0.00533664415763516,0.9946633558423649,000852,0.01775036983247502,1.017750369832475,-0.02308701399011018,true,true,expanded_only_v1_2,0.001,true,qfq,true,false,true,true,false,false,true
2021-04-29,2021-06-01,full,true,false,0.07872745512286546,1.0729706705518034,000852,0.07019874787278879,1.0891951714417825,0.008528707250076664,true,true,expanded_only_v1_2,0.001,true,qfq,true,false,true,true,false,false,true
2021-06-01,2021-06-30,full,true,false,0.06128530428873247,1.1387280045894559,000852,0.03340321208858699,1.1255777887593172,0.02788209220014548,true,true,expanded_only_v1_2,0.001,true,qfq,true,false,true,true,false,false,true
2021-06-30,2021-07-28,full,true,false,-0.04219687080902567,1.090677246093175,000852,-0.019508166636079904,1.10361982969433,-0.022688704172945766,true,true,expanded_only_v1_2,0.001,true,qfq,true,false,true,true,false,false,true
2021-07-28,2021-08-25,full,true,false,0.1038117546603702,1.203902364778248,000852,0.11865507356551208,1.2345699217750687,-0.014843318905141886,true,true,expanded_only_v1_2,0.001,true,qfq,true,false,true,true,false,false,true
2021-08-25,2021-09-24,full,true,false,-0.018456676094509593,1.1816823287821219,000852,-0.009525550122721493,1.222809964105196,-0.0089311259717881,true,true,expanded_only_v1_2,0.001,true,qfq,true,false,true,true,false,false,true
2021-09-24,2021-10-29,full,true,false,-0.02687084501699399,1.1499295260660969,000852,-0.040324236383813106,1.173501086060136,0.013453391366819115,true,true,expanded_only_v1_2,0.001,true,qfq,true,false,true,true,false,false,true
2021-10-29,2021-11-26,full,true,false,0.11231670225690153,1.2790858182616827,000852,0.07521563105087137,1.261766710787032,0.037101071206030165,true,true,expanded_only_v1_2,0.001,true,qfq,true,false,true,true,false,false,true
2021-11-26,2021-12-24,full,true,false,0.003349792119744019,1.283370489856172,000852,-0.02067552472738865,1.235679021957959,0.024025316847132668,true,true,expanded_only_v1_2,0.001,true,qfq,true,false,true,true,false,false,true
2021-12-24,2022-01-24,full,true,false,0.030898430169513776,1.3230246233186078,000852,-0.045162352233171,1.1798728507211533,0.07606078240268477,true,true,expanded_only_v1_2,0.001,true,qfq,true,false,true,true,false,false,true
2022-01-24,2022-02-28,full,true,false,-0.06132510011790937,1.2418900058351348,000852,-0.0007501279392355675,1.1789877951310819,-0.0605749721786738,true,true,expanded_only_v1_2,0.001,true,qfq,true,false,true,true,false,false,true
2022-02-28,2022-03-28,full,true,false,-0.11337081899887752,1.1010959187670846,000852,-0.08795080210732587,1.0752948728745557,-0.025420016891551656,true,true,expanded_only_v1_2,0.001,true,qfq,true,false,true,true,false,false,true
2022-03-28,2022-04-27,full,true,false,-0.20216371198575217,0.8784942805767685,000852,-0.18124496656692157,0.8804030895908247,-0.020918745418830598,true,true,expanded_only_v1_2,0.001,true,qfq,true,false,true,true,false,false,true
2022-04-27,2022-05-30,full,true,false,0.12217416938366776,0.985823589614538,000852,0.13385264009009656,0.9982473674760344,-0.0116784707064288,true,true,expanded_only_v1_2,0.001,true,qfq,true,false,true,true,false,false,true
2022-05-30,2022-06-28,full,true,false,0.10902083678443392,1.0932989022761492,000852,0.12692045664368168,1.1249453791994457,-0.017899619859247762,true,true,expanded_only_v1_2,0.001,true,qfq,true,false,true,true,false,false,true
2022-06-28,2022-07-26,full,true,false,-0.016322186720764215,1.0754538734515913,000852,-0.0073872978027379466,1.1166350726714855,-0.008934888918026268,true,true,expanded_only_v1_2,0.001,true,qfq,true,false,true,true,false,false,true
2022-07-26,2022-08-23,full,true,false,0.02821944871319064,1.1058025888768606,000852,0.03964470602297854,1.160903741862494,-0.011425257309787898,true,true,expanded_only_v1_2,0.001,true,qfq,true,false,true,true,false,false,true
2022-08-23,2022-09-21,full,true,false,-0.08841653762604075,1.0080313526704563,000852,-0.11297806466448213,1.0297470838451137,0.024561527038441375,true,true,expanded_only_v1_2,0.001,true,qfq,true,false,true,true,false,false,true
2022-09-21,2022-10-26,full,true,false,0.03263339599542918,1.0409268389779596,000852,0.0017112613029657275,1.0315092501815397,0.03092213469246345,true,true,expanded_only_v1_2,0.001,true,qfq,true,false,true,true,false,false,true
2022-10-26,2022-11-23,full,true,false,0.04655758406737148,1.0893898777916593,000852,0.01175348792071107,1.04363308169365,0.03480409614666041,true,true,expanded_only_v1_2,0.001,true,qfq,true,false,true,true,false,false,true
2022-11-23,2022-12-21,full,true,false,-0.06375138430834096,1.0199397650309467,000852,-0.04245591116917036,0.999324688284057,-0.0212954731391706,true,true,expanded_only_v1_2,0.001,true,qfq,true,false,true,true,false,false,true
2022-12-21,2023-01-19,full,true,false,0.12616342490727292,1.1486188589863702,000852,0.06152510518131238,1.0608082448410159,0.06463831972596054,true,true,expanded_only_v1_2,0.001,true,qfq,true,false,true,true,false,false,true
2023-01-19,2023-02-23,full,true,false,0.0754016213674508,1.2352265832871738,000852,0.04354501443961123,1.1070011551802765,0.031856606927839565,true,true,expanded_only_v1_2,0.001,true,qfq,true,false,true,true,false,false,true
2023-02-23,2023-03-23,full,true,false,0.16863197123021778,1.4435252769428568,000852,-0.014060995092431416,1.0914356173699709,0.1826929663226492,true,true,expanded_only_v1_2,0.001,true,qfq,true,false,true,true,false,false,true
2023-03-23,2023-04-21,full,true,false,-0.001292293297836991,1.4416598189022054,000852,-0.013877181412263795,1.0762895673079216,0.012584888114426804,true,true,expanded_only_v1_2,0.001,true,qfq,true,false,true,true,false,false,true
2023-04-21,2023-05-24,full,true,false,-0.05767284113316519,1.3585152011985908,000852,-0.038433544794353236,1.0349239440110976,-0.019239296338811954,true,true,expanded_only_v1_2,0.001,true,qfq,true,false,true,true,false,false,true
2023-05-24,2023-06-21,full,true,false,0.14185226864106032,1.5512236644719775,000852,0.005409032147123183,1.040521880894081,0.13644323649393714,true,true,expanded_only_v1_2,0.001,true,qfq,true,false,true,true,false,false,true
2023-06-21,2023-07-21,full,true,false,-0.11307423258548119,1.3758202390433707,000852,-0.02244667026041436,1.0171656293349054,-0.09062756232506683,true,true,expanded_only_v1_2,0.001,true,qfq,true,false,true,true,false,false,true
2023-07-21,2023-08-18,full,true,false,-0.05749950213868792,1.2967112602660462,000852,-0.04441358323621958,0.9719896589914179,-0.013085918902468345,true,true,expanded_only_v1_2,0.001,true,qfq,true,false,true,true,false,false,true
2023-08-18,2023-09-15,full,true,false,-0.021111733358519402,1.26933543789632,000852,-0.006220257605306978,0.9659436329227967,-0.014891475753212424,true,true,expanded_only_v1_2,0.001,true,qfq,true,false,true,true,false,false,true
2023-09-15,2023-10-23,full,true,false,-0.07643230818625547,1.1723172005152929,000852,-0.07253095050879577,0.8958828230889869,-0.0039013576774597075,true,true,expanded_only_v1_2,0.001,true,qfq,true,false,true,true,false,false,true
2023-10-23,2023-11-20,full,true,false,0.17677931944935962,1.3795586374011648,000852,0.1091033567807822,0.993626646370239,0.06767596266857742,true,true,expanded_only_v1_2,0.001,true,qfq,true,false,true,true,false,false,true
2023-11-20,2023-12-18,full,true,false,-0.056562786539440475,1.3015269566752015,000852,-0.06336994345367541,0.9306605819756918,0.0068071569142349395,true,true,expanded_only_v1_2,0.001,true,qfq,true,false,true,true,false,false,true
2023-12-18,2024-01-16,full,true,false,-0.11235037445509331,1.1552999157293447,000852,-0.05421537610487259,0.8802044684979,-0.05813499835022072,true,true,expanded_only_v1_2,0.001,true,qfq,true,false,true,true,false,false,true
2024-01-16,2024-02-21,full,true,false,-0.08397466141304652,1.0582839964754518,000852,-0.08412176616174483,0.8061601140243968,0.0001471047486983068,true,true,expanded_only_v1_2,0.001,true,qfq,true,false,true,true,false,false,true
2024-02-21,2024-03-20,full,true,false,0.20299776547712503,1.2731132830001703,000852,0.11543753005826374,0.8992212464188615,0.08756023541886129,true,true,expanded_only_v1_2,0.001,true,qfq,true,false,true,true,false,false,true
2024-03-20,2024-04-19,full,true,false,-0.1576939331842377,1.072351042014776,000852,-0.06975605877207691,0.8364951163045671,-0.08793787441216078,true,true,expanded_only_v1_2,0.001,true,qfq,true,false,true,true,false,false,true
2024-04-19,2024-05-22,full,true,false,0.05726110265289646,1.1337550451115244,000852,0.052289059131257254,0.8802346589040245,0.004972043521639206,true,true,expanded_only_v1_2,0.001,true,qfq,true,false,true,true,false,false,true
2024-05-22,2024-06-20,full,true,false,-0.07870894846490087,1.0445183776940201,000852,-0.08728333507832597,0.8034048422233486,0.008574386613425106,true,true,expanded_only_v1_2,0.001,true,qfq,true,false,true,true,false,false,true
2024-06-20,2024-07-18,full,true,false,-0.040619995622863614,1.0020900457640884,000852,-0.048200801401859894,0.7646800849780484,0.00758080577899628,true,true,expanded_only_v1_2,0.001,true,qfq,true,false,true,true,false,false,true
2024-07-18,2024-08-15,full,true,false,-0.004832867315018557,0.9972470775352098,000852,-0.02505594886574969,0.7455202998701813,0.02022308155073113,true,true,expanded_only_v1_2,0.001,true,qfq,true,false,true,true,false,false,true
2024-08-15,2024-09-12,full,true,false,-0.018425939985449124,0.9788718627338815,000852,-0.04755267112119965,0.7100688182362764,0.02912673113575053,true,true,expanded_only_v1_2,0.001,true,qfq,true,false,true,true,false,false,true
2024-09-12,2024-10-21,full,true,false,0.5039565013492349,1.4721807019464568,000852,0.31145915851000505,0.9312262548483409,0.1924973428392298,true,true,expanded_only_v1_2,0.001,true,qfq,true,false,true,true,false,false,true
2024-10-21,2024-11-18,full,true,false,0.02243571977340264,1.5052101356311387,000852,0.019450326504077298,0.9493389095543102,0.0029853932693253427,true,true,expanded_only_v1_2,0.001,true,qfq,true,false,true,true,false,false,true
2024-11-18,2024-12-16,full,true,false,0.1205287960024259,1.686631301009408,000852,0.05070833668086028,0.997478306604231,0.06982045932156562,true,true,expanded_only_v1_2,0.001,true,qfq,true,false,true,true,false,false,true
2024-12-16,2025-01-14,full,true,false,-0.07615974697028956,1.5581778878923611,000852,-0.07430800698364959,0.9233576816310448,-0.0018517399866399692,true,true,expanded_only_v1_2,0.001,true,qfq,true,false,true,true,false,false,true
2025-01-14,2025-02-19,full,true,false,0.2553497307068383,1.9560581919590259,000852,0.08216759449669153,0.9992277611907097,0.17318213621014678,true,true,expanded_only_v1_2,0.001,true,qfq,true,false,true,true,false,false,true
2025-02-19,2025-03-19,full,true,false,0.008303305213835453,1.972299940142885,000852,0.043913283390554,1.043107133039586,-0.03560997817671855,true,true,expanded_only_v1_2,0.001,true,qfq,true,false,true,true,false,false,true
2025-03-19,2025-04-17,full,true,false,-0.15761373453474514,1.6614383809543105,000852,-0.11045778316688704,0.9278878315184662,-0.04715595136785811,true,true,expanded_only_v1_2,0.001,true,qfq,true,false,true,true,false,false,true
2025-04-17,2025-05-20,full,true,false,0.06514862984359769,1.7696788150430491,000852,0.05247998136845933,0.9765833676285754,0.012668648475138364,true,true,expanded_only_v1_2,0.001,true,qfq,true,false,true,true,false,false,true
2025-05-20,2025-06-18,full,true,false,0.017712233229117625,1.80102377895572,000852,-0.0017295745864803758,0.9748942938543457,0.019441807815598,true,true,expanded_only_v1_2,0.001,true,qfq,true,false,true,true,false,false,true
2025-06-18,2025-07-16,full,true,false,0.08582245967615781,1.9555920696009488,000852,0.05324355908915335,1.0268011357948579,0.03257890058700447,true,true,expanded_only_v1_2,0.001,true,qfq,true,false,true,true,false,false,true
2025-07-16,2025-08-13,full,true,false,0.07749952057288904,2.107149517431166,000852,0.09320092973448091,1.1224999563033595,-0.015701409161591864,true,true,expanded_only_v1_2,0.001,true,qfq,true,false,true,true,false,false,true
2025-08-13,2025-09-10,full,true,false,0.03300737175718283,2.176700984900985,000852,0.023475687007826762,1.1488514139438364,0.009531684749356069,true,true,expanded_only_v1_2,0.001,true,qfq,true,false,true,true,false,false,true
2025-09-10,2025-10-16,full,true,false,0.017503198810744434,2.21480021499125,000852,0.023743563429352355,1.176129240361713,-0.00624036461860792,true,true,expanded_only_v1_2,0.001,true,qfq,true,false,true,true,false,false,true
2025-10-16,2025-11-13,full,true,false,-0.018416296728973172,2.1740117970365778,000852,0.025499065097327023,1.206119436424566,-0.043915361826300195,true,true,expanded_only_v1_2,0.001,true,qfq,true,false,true,true,false,false,true
2025-11-13,2025-12-11,full,true,false,-0.009446363183140813,2.1534752920373377,000852,-0.03670075277515028,1.1618539451710443,0.027254389592009466,true,true,expanded_only_v1_2,0.001,true,qfq,true,false,true,true,false,false,true
2021-03-31,2021-04-29,full,true,false,-0.00533664415763516,0.9946633558423649,399006,0.1061881457313758,1.1061881457313758,-0.11152478988901096,true,true,expanded_only_v1_2,0.001,true,qfq,true,false,true,true,false,false,true
2021-04-29,2021-06-01,full,true,false,0.07872745512286546,1.0729706705518034,399006,0.08151614658093598,1.1963603407649084,-0.002788691458070522,true,true,expanded_only_v1_2,0.001,true,qfq,true,false,true,true,false,false,true
2021-06-01,2021-06-30,full,true,false,0.06128530428873247,1.1387280045894559,399006,0.053639823523707886,1.2605328983143012,0.0076454807650245815,true,true,expanded_only_v1_2,0.001,true,qfq,true,false,true,true,false,false,true
2021-06-30,2021-07-28,full,true,false,-0.04219687080902567,1.090677246093175,399006,-0.055291931967858976,1.1908355990574586,0.013095061158833306,true,true,expanded_only_v1_2,0.001,true,qfq,true,false,true,true,false,false,true
2021-07-28,2021-08-25,full,true,false,0.1038117546603702,1.203902364778248,399006,0.019403821097621732,1.2139423599782488,0.08440793356274846,true,true,expanded_only_v1_2,0.001,true,qfq,true,false,true,true,false,false,true
2021-08-25,2021-09-24,full,true,false,-0.018456676094509593,1.1816823287821219,399006,-0.042058614490572244,1.1628856262461482,0.02360193839606265,true,true,expanded_only_v1_2,0.001,true,qfq,true,false,true,true,false,false,true
2021-09-24,2021-10-29,full,true,false,-0.02687084501699399,1.1499295260660969,399006,0.044531800412741296,1.2146710168569874,-0.07140264542973529,true,true,expanded_only_v1_2,0.001,true,qfq,true,false,true,true,false,false,true
2021-10-29,2021-11-26,full,true,false,0.11231670225690153,1.2790858182616827,399006,0.03527652678419524,1.2575203915171287,0.0770401754727063,true,true,expanded_only_v1_2,0.001,true,qfq,true,false,true,true,false,false,true
2021-11-26,2021-12-24,full,true,false,0.003349792119744019,1.283370489856172,399006,-0.049514683455995745,1.1952546673916982,0.05286447557573976,true,true,expanded_only_v1_2,0.001,true,qfq,true,false,true,true,false,false,true
2021-12-24,2022-01-24,full,true,false,0.030898430169513776,1.3230246233186078,399006,-0.07299726123787209,1.1080043501903205,0.10389569140738586,true,true,expanded_only_v1_2,0.001,true,qfq,true,false,true,true,false,false,true
2022-01-24,2022-02-28,full,true,false,-0.06132510011790937,1.2418900058351348,399006,-0.057295603040148135,1.0445205727750586,-0.004029497077761235,true,true,expanded_only_v1_2,0.001,true,qfq,true,false,true,true,false,false,true
2022-02-28,2022-03-28,full,true,false,-0.11337081899887752,1.1010959187670846,399006,-0.09966994179730737,0.9404132680804783,-0.01370087720157015,true,true,expanded_only_v1_2,0.001,true,qfq,true,false,true,true,false,false,true
2022-03-28,2022-04-27,full,true,false,-0.20216371198575217,0.8784942805767685,399006,-0.12526743069930957,0.8226101141924957,-0.0768962812864426,true,true,expanded_only_v1_2,0.001,true,qfq,true,false,true,true,false,false,true
2022-04-27,2022-05-30,full,true,false,0.12217416938366776,0.985823589614538,399006,0.035788416028768255,0.8520500271886894,0.08638575335489951,true,true,expanded_only_v1_2,0.001,true,qfq,true,false,true,true,false,false,true
2022-05-30,2022-06-28,full,true,false,0.10902083678443392,1.0932989022761492,399006,0.2084939456598507,1.0296972992568423,-0.09947310887541677,true,true,expanded_only_v1_2,0.001,true,qfq,true,false,true,true,false,false,true
2022-06-28,2022-07-26,full,true,false,-0.016322186720764215,1.0754538734515913,399006,-0.044697615141422786,0.9836722856624975,0.02837542842065857,true,true,expanded_only_v1_2,0.001,true,qfq,true,false,true,true,false,false,true
2022-07-26,2022-08-23,full,true,false,0.02821944871319064,1.1058025888768606,399006,0.024636442033418637,1.007906470908102,0.0035830066797720023,true,true,expanded_only_v1_2,0.001,true,qfq,true,false,true,true,false,false,true
2022-08-23,2022-09-21,full,true,false,-0.08841653762604075,1.0080313526704563,399006,-0.1614172520330467,0.8452129780677903,0.07300071440700594,true,true,expanded_only_v1_2,0.001,true,qfq,true,false,true,true,false,false,true
2022-09-21,2022-10-26,full,true,false,0.03263339599542918,1.0409268389779596,399006,0.017739500411748654,0.8602066340402391,0.014893895583680525,true,true,expanded_only_v1_2,0.001,true,qfq,true,false,true,true,false,false,true
2022-10-26,2022-11-23,full,true,false,0.04655758406737148,1.0893898777916593,399006,-0.013713293550453476,0.8484103679535978,0.06027087761782496,true,true,expanded_only_v1_2,0.001,true,qfq,true,false,true,true,false,false,true
2022-11-23,2022-12-21,full,true,false,-0.06375138430834096,1.0199397650309467,399006,-0.015655844877240144,0.835127786840674,-0.048095539431100814,true,true,expanded_only_v1_2,0.001,true,qfq,true,false,true,true,false,false,true
2022-12-21,2023-01-19,full,true,false,0.12616342490727292,1.1486188589863702,399006,0.11622173026001659,0.9321877832155154,0.009941694647256333,true,true,expanded_only_v1_2,0.001,true,qfq,true,false,true,true,false,false,true
2023-01-19,2023-02-23,full,true,false,0.0754016213674508,1.2352265832871738,399006,-0.04431758081075199,0.890875475802066,0.11971920217820278,true,true,expanded_only_v1_2,0.001,true,qfq,true,false,true,true,false,false,true
2023-02-23,2023-03-23,full,true,false,0.16863197123021778,1.4435252769428568,399006,-0.03909289190552934,0.8560485771252488,0.20772486313574712,true,true,expanded_only_v1_2,0.001,true,qfq,true,false,true,true,false,false,true
2023-03-23,2023-04-21,full,true,false,-0.001292293297836991,1.4416598189022054,399006,-0.00856268077123401,0.8487185064346563,0.007270387473397019,true,true,expanded_only_v1_2,0.001,true,qfq,true,false,true,true,false,false,true
2023-04-21,2023-05-24,full,true,false,-0.05767284113316519,1.3585152011985908,399006,-0.040974888838582024,0.8139423599782489,-0.016697952294583165,true,true,expanded_only_v1_2,0.001,true,qfq,true,false,true,true,false,false,true
2023-05-24,2023-06-21,full,true,false,0.14185226864106032,1.5512236644719775,399006,-0.014884690414473156,0.801827079934747,0.15673695905553348,true,true,expanded_only_v1_2,0.001,true,qfq,true,false,true,true,false,false,true
2023-06-21,2023-07-21,full,true,false,-0.11307423258548119,1.3758202390433707,399006,-0.02202690972222232,0.7841653072321911,-0.09104732286325887,true,true,expanded_only_v1_2,0.001,true,qfq,true,false,true,true,false,false,true
2023-07-21,2023-08-18,full,true,false,-0.05749950213868792,1.2967112602660462,399006,-0.02043344798254365,0.7681421062171468,-0.03706605415614427,true,true,expanded_only_v1_2,0.001,true,qfq,true,false,true,true,false,false,true
2023-08-18,2023-09-15,full,true,false,-0.021111733358519402,1.26933543789632,399006,-0.054834538349725404,0.7260213884357438,0.033722804991206,true,true,expanded_only_v1_2,0.001,true,qfq,true,false,true,true,false,false,true
2023-09-15,2023-10-23,full,true,false,-0.07643230818625547,1.1723172005152929,399006,-0.06881606606981472,0.676059452601051,-0.007616242116440755,true,true,expanded_only_v1_2,0.001,true,qfq,true,false,true,true,false,false,true
2023-10-23,2023-11-20,full,true,false,0.17677931944935962,1.3795586374011648,399006,0.06866819310315231,0.7224832336414715,0.10811112634620731,true,true,expanded_only_v1_2,0.001,true,qfq,true,false,true,true,false,false,true
2023-11-20,2023-12-18,full,true,false,-0.056562786539440475,1.3015269566752015,399006,-0.08679006708580661,0.6597788653253577,0.030227280546366135,true,true,expanded_only_v1_2,0.001,true,qfq,true,false,true,true,false,false,true
2023-12-18,2024-01-16,full,true,false,-0.11235037445509331,1.1552999157293447,399006,-0.037236263736263764,0.6352111654884898,-0.07511411071882955,true,true,expanded_only_v1_2,0.001,true,qfq,true,false,true,true,false,false,true
2024-01-16,2024-02-21,full,true,false,-0.08397466141304652,1.0582839964754518,399006,0.00014267533371770114,0.6353017944535071,-0.08411733674676422,true,true,expanded_only_v1_2,0.001,true,qfq,true,false,true,true,false,false,true
2024-02-21,2024-03-20,full,true,false,0.20299776547712503,1.2731132830001703,399006,0.08945608509084257,0.692133405836505,0.11354168038628246,true,true,expanded_only_v1_2,0.001,true,qfq,true,false,true,true,false,false,true
2024-03-20,2024-04-19,full,true,false,-0.1576939331842377,1.072351042014776,399006,-0.08026712059709307,0.6365778502809495,-0.07742681258714462,true,true,expanded_only_v1_2,0.001,true,qfq,true,false,true,true,false,false,true
2024-04-19,2024-05-22,full,true,false,0.05726110265289646,1.1337550451115244,399006,0.06943621867881555,0.6807794090991478,-0.012175116025919093,true,true,expanded_only_v1_2,0.001,true,qfq,true,false,true,true,false,false,true
2024-05-22,2024-06-20,full,true,false,-0.07870894846490087,1.0445183776940201,399006,-0.06136011459426072,0.639006706543411,-0.01734883387064015,true,true,expanded_only_v1_2,0.001,true,qfq,true,false,true,true,false,false,true
2024-06-20,2024-07-18,full,true,false,-0.040619995622863614,1.0020900457640884,399006,-0.025523344868667364,0.6226971179989121,-0.01509665075419625,true,true,expanded_only_v1_2,0.001,true,qfq,true,false,true,true,false,false,true
2024-07-18,2024-08-15,full,true,false,-0.004832867315018557,0.9972470775352098,399006,-0.07277130598296566,0.5773826354903024,0.0679384386679471,true,true,expanded_only_v1_2,0.001,true,qfq,true,false,true,true,false,false,true
2024-08-15,2024-09-12,full,true,false,-0.018425939985449124,0.9788718627338815,399006,-0.02567950223204485,0.5625557368134853,0.007253562246595725,true,true,expanded_only_v1_2,0.001,true,qfq,true,false,true,true,false,false,true
2024-09-12,2024-10-21,full,true,false,0.5039565013492349,1.4721807019464568,399006,0.4243625186073039,0.8012833061446435,0.07959398274193097,true,true,expanded_only_v1_2,0.001,true,qfq,true,false,true,true,false,false,true
2024-10-21,2024-11-18,full,true,false,0.02243571977340264,1.5052101356311387,399006,-0.008772406055177151,0.7942541236179078,0.03120812582857979,true,true,expanded_only_v1_2,0.001,true,qfq,true,false,true,true,false,false,true
2024-11-18,2024-12-16,full,true,false,0.1205287960024259,1.686631301009408,399006,0.004828955475935315,0.7980895414174367,0.11569984052649059,true,true,expanded_only_v1_2,0.001,true,qfq,true,false,true,true,false,false,true
2024-12-16,2025-01-14,full,true,false,-0.07615974697028956,1.5581778878923611,399006,-0.057128451576857864,0.752495921696574,-0.019031295393431694,true,true,expanded_only_v1_2,0.001,true,qfq,true,false,true,true,false,false,true
2025-01-14,2025-02-19,full,true,false,0.2553497307068383,1.9560581919590259,399006,0.07285042586811574,0.8073155700561897,0.18249930483872256,true,true,expanded_only_v1_2,0.001,true,qfq,true,false,true,true,false,false,true
2025-02-19,2025-03-19,full,true,false,0.008303305213835453,1.972299940142885,399006,-0.002079048756612134,0.8056371216240708,0.010382353970447587,true,true,expanded_only_v1_2,0.001,true,qfq,true,false,true,true,false,false,true
2025-03-19,2025-04-17,full,true,false,-0.15761373453474514,1.6614383809543105,399006,-0.14109838684275655,0.6919630233822727,-0.01651534769198859,true,true,expanded_only_v1_2,0.001,true,qfq,true,false,true,true,false,false,true
2025-04-17,2025-05-20,full,true,false,0.06514862984359769,1.7696788150430491,399006,0.07317763178574799,0.7425992387166935,-0.008029001942150296,true,true,expanded_only_v1_2,0.001,true,qfq,true,false,true,true,false,false,true
2025-05-20,2025-06-18,full,true,false,0.017712233229117625,1.80102377895572,399006,0.0030608359450514655,0.7448722131593254,0.01465139728406616,true,true,expanded_only_v1_2,0.001,true,qfq,true,false,true,true,false,false,true
2025-06-18,2025-07-16,full,true,false,0.08582245967615781,1.9555920696009488,399006,0.08539321468027428,0.8084792459670107,0.0004292449958835376,true,true,expanded_only_v1_2,0.001,true,qfq,true,false,true,true,false,false,true
2025-07-16,2025-08-13,full,true,false,0.07749952057288904,2.107149517431166,399006,0.11941135060241503,0.9050208446619535,-0.04191183002952599,true,true,expanded_only_v1_2,0.001,true,qfq,true,false,true,true,false,false,true
2025-08-13,2025-09-10,full,true,false,0.03300737175718283,2.176700984900985,399006,0.16333667133987584,1.0528439369222398,-0.13032929958269301,true,true,expanded_only_v1_2,0.001,true,qfq,true,false,true,true,false,false,true
2025-09-10,2025-10-16,full,true,false,0.017503198810744434,2.21480021499125,399006,0.04585317480812745,1.1011201740076124,-0.028349975997383016,true,true,expanded_only_v1_2,0.001,true,qfq,true,false,true,true,false,false,true
2025-10-16,2025-11-13,full,true,false,-0.018416296728973172,2.1740117970365778,399006,0.054094895701643386,1.1606851549755297,-0.07251119243061656,true,true,expanded_only_v1_2,0.001,true,qfq,true,false,true,true,false,false,true
2025-11-13,2025-12-11,full,true,false,-0.009446363183140813,2.1534752920373377,399006,-0.011893495744514704,1.146880551024107,0.0024471325613738912,true,true,expanded_only_v1_2,0.001,true,qfq,true,false,true,true,false,false,true
