rebalance_date,next_rebalance_date,period_type,headline_included,provisional,portfolio_net_return,portfolio_nav,benchmark_code,benchmark_return,benchmark_nav,active_return,benchmark_period_valid,benchmark_comparison_valid,universe_name,transaction_cost,research_baseline_only,adjusted_return_source,current_universe_historical_performance,point_in_time_strategy_backtest,survivorship_or_future_universe_bias,close_to_close_execution_assumption,execution_sim_ready,formal_performance_conclusion_allowed,no_investment_conclusion
2021-03-31,2021-04-29,full,true,false,-0.004772717177438106,0.9952272828225619,000300,0.022940123129095547,1.0229401231290955,-0.02771284030653365,true,true,research_universe_v1_2,0.0,true,qfq,true,false,true,true,false,false,true
2021-04-29,2021-06-01,full,true,false,0.08643289453063441,1.081247657592774,000300,0.034373384299897225,1.058102037097196,0.05205951023073718,true,true,research_universe_v1_2,0.0,true,qfq,true,false,true,true,false,false,true
2021-06-01,2021-06-30,full,true,false,0.06447763190670813,1.1509639460590315,000300,-0.022023033951865445,1.0347994200096666,0.08650066585857358,true,true,research_universe_v1_2,0.0,true,qfq,true,false,true,true,false,false,true
2021-06-30,2021-07-28,full,true,false,-0.042991091932176345,1.1014827492433872,000300,-0.08873592085818649,0.9429755405715916,0.045744828926010145,true,true,research_universe_v1_2,0.0,true,qfq,true,false,true,true,false,false,true
2021-07-28,2021-08-25,full,true,false,0.11706928337371686,1.230432545345822,000300,0.028921453298827116,0.9702477636301692,0.08814783007488974,true,true,research_universe_v1_2,0.0,true,qfq,true,false,true,true,false,false,true
2021-08-25,2021-09-24,full,true,false,-0.02580027706009327,1.198687044772144,000300,-0.009948633772681847,0.9605951239610491,-0.015851643287411423,true,true,research_universe_v1_2,0.0,true,qfq,true,false,true,true,false,false,true
2021-09-24,2021-10-29,full,true,false,-0.03605620678726383,1.1554669368126254,000300,0.01223648964929902,0.9723494362525655,-0.04829269643656285,true,true,research_universe_v1_2,0.0,true,qfq,true,false,true,true,false,false,true
2021-10-29,2021-11-26,full,true,false,0.10759245537910038,1.2797864616536636,000300,-0.009908795889805422,0.9627146241551715,0.1175012512689058,true,true,research_universe_v1_2,0.0,true,qfq,true,false,true,true,false,false,true
2021-11-26,2021-12-24,full,true,false,0.0052252959628975556,1.2864737246851135,000300,0.012594313320837047,0.9748393537703336,-0.007369017357939492,true,true,research_universe_v1_2,0.0,true,qfq,true,false,true,true,false,false,true
2021-12-24,2022-01-24,full,true,false,0.031443396141302586,1.3269248276357644,000300,-0.027350274518728734,0.9481772298330549,0.05879367066003132,true,true,research_universe_v1_2,0.0,true,qfq,true,false,true,true,false,false,true
2022-01-24,2022-02-28,full,true,false,-0.06276158147342803,1.2436449269569878,000300,-0.04284544387202982,0.907552155551506,-0.01991613760139821,true,true,research_universe_v1_2,0.0,true,qfq,true,false,true,true,false,false,true
2022-02-28,2022-03-28,full,true,false,-0.11312199539911606,1.1029613312516253,000300,-0.09454672443333723,0.8217460719916966,-0.018575270965778837,true,true,research_universe_v1_2,0.0,true,qfq,true,false,true,true,false,false,true
2022-03-28,2022-04-27,full,true,false,-0.2020128408499735,0.8801489793778158,000300,-0.060969465851265725,0.7716446529169871,-0.14104337499870778,true,true,research_universe_v1_2,0.0,true,qfq,true,false,true,true,false,false,true
2022-04-27,2022-05-30,full,true,false,0.11840047198055184,0.9843590339493501,000300,0.034264825929139375,0.7980849226283389,0.08413564605141247,true,true,research_universe_v1_2,0.0,true,qfq,true,false,true,true,false,false,true
2022-05-30,2022-06-28,full,true,false,0.11642151156075274,1.0989596006002158,000300,0.11454398340043004,0.8895007487580128,0.0018775281603227029,true,true,research_universe_v1_2,0.0,true,qfq,true,false,true,true,false,false,true
2022-06-28,2022-07-26,full,true,false,-0.016252818458615335,1.081098409718308,000300,-0.05445694485271213,0.8410612555364515,0.038204126394096795,true,true,research_universe_v1_2,0.0,true,qfq,true,false,true,true,false,false,true
2022-07-26,2022-08-23,full,true,false,0.02894177489280025,1.1123873165293396,000300,-0.019995383868977146,0.8242439128746762,0.0489371587617774,true,true,research_universe_v1_2,0.0,true,qfq,true,false,true,true,false,false,true
2022-08-23,2022-09-21,full,true,false,-0.08985352886419753,1.0124353906754033,000300,-0.06184692435617678,0.773266961944077,-0.028006604508020755,true,true,research_universe_v1_2,0.0,true,qfq,true,false,true,true,false,false,true
2022-09-21,2022-10-26,full,true,false,0.03628060929696734,1.0491671635229203,000300,-0.06322927046696358,0.7243738560641477,0.09950987976393091,true,true,research_universe_v1_2,0.0,true,qfq,true,false,true,true,false,false,true
2022-10-26,2022-11-23,full,true,false,0.045780505311801604,1.0971985664255492,000300,0.03189313352839851,0.7474764081800825,0.013887371783403095,true,true,research_universe_v1_2,0.0,true,qfq,true,false,true,true,false,false,true
2022-11-23,2022-12-21,full,true,false,-0.06347093812438281,1.0275583441057918,000300,0.015107869819505737,0.758769184448019,-0.07857880794388855,true,true,research_universe_v1_2,0.0,true,qfq,true,false,true,true,false,false,true
2022-12-21,2023-01-19,full,true,false,0.12443433530364889,1.155421883640314,000300,0.08496713257138677,0.8232396263340969,0.03946720273226212,true,true,research_universe_v1_2,0.0,true,qfq,true,false,true,true,false,false,true
2023-01-19,2023-02-23,full,true,false,0.07268142801150121,1.2393995960990305,000300,-0.012598622236231538,0.8128679412720171,0.08528005024773275,true,true,research_universe_v1_2,0.0,true,qfq,true,false,true,true,false,false,true
2023-02-23,2023-03-23,full,true,false,0.16604526462497646,1.445196030009383,000300,-0.015732335847355228,0.8000796298203775,0.18177760047233169,true,true,research_universe_v1_2,0.0,true,qfq,true,false,true,true,false,false,true
2023-03-23,2023-04-21,full,true,false,-0.007583156388096999,1.4342368825023648,000300,-0.0016142249863211333,0.7987881212908748,-0.005968931401775865,true,true,research_universe_v1_2,0.0,true,qfq,true,false,true,true,false,false,true
2023-04-21,2023-05-24,full,true,false,-0.05086362465834278,1.3612863960396129,000300,-0.043019711995080034,0.7644244863678503,-0.007843912663262745,true,true,research_universe_v1_2,0.0,true,qfq,true,false,true,true,false,false,true
2023-05-24,2023-06-21,full,true,false,0.14131977445953642,1.5536630825027662,000300,0.0012800945300577293,0.765403021971492,0.1400396799294787,true,true,research_universe_v1_2,0.0,true,qfq,true,false,true,true,false,false,true
2023-06-21,2023-07-21,full,true,false,-0.11117555706453135,1.3809337238149244,000300,-0.010900536486518009,0.7570597184036006,-0.10027502057801334,true,true,research_universe_v1_2,0.0,true,qfq,true,false,true,true,false,false,true
2023-07-21,2023-08-18,full,true,false,-0.058081307541893425,1.3007272875070577,000300,-0.009919124207529717,0.7495503490242379,-0.04816218333436371,true,true,research_universe_v1_2,0.0,true,qfq,true,false,true,true,false,false,true
2023-08-18,2023-09-15,full,true,false,-0.020715099730727302,1.2737825920238706,000300,-0.019878435517970305,0.7346504607436875,-0.0008366642127569969,true,true,research_universe_v1_2,0.0,true,qfq,true,false,true,true,false,false,true
2023-09-15,2023-10-23,full,true,false,-0.07702817956246748,1.1756654378019107,000300,-0.06323912445602065,0.6881918088250445,-0.013789055106446832,true,true,research_universe_v1_2,0.0,true,qfq,true,false,true,true,false,false,true
2023-10-23,2023-11-20,full,true,false,0.17704637975803175,1.3838127473713804,000300,0.029381965552178535,0.7084122368452334,0.14766441420585322,true,true,research_universe_v1_2,0.0,true,qfq,true,false,true,true,false,false,true
2023-11-20,2023-12-18,full,true,false,-0.057401709057880515,1.304379530656182,000300,-0.0690514271653544,0.659495360869669,0.01164971810747388,true,true,research_universe_v1_2,0.0,true,qfq,true,false,true,true,false,false,true
2023-12-18,2024-01-16,full,true,false,-0.10964577215852353,1.1613598298296124,000300,-0.00855717448045723,0.6538519439976551,-0.1010885976780663,true,true,research_universe_v1_2,0.0,true,qfq,true,false,true,true,false,false,true
2024-01-16,2024-02-21,full,true,false,-0.08222460707311988,1.0658674741513672,000300,0.04725709507767628,0.6847510874818757,-0.12948170215079616,true,true,research_universe_v1_2,0.0,true,qfq,true,false,true,true,false,false,true
2024-02-21,2024-03-20,full,true,false,0.18496620081678442,1.2630169314193278,000300,0.0371752481290879,0.7102068790656773,0.14779095268769651,true,true,research_universe_v1_2,0.0,true,qfq,true,false,true,true,false,false,true
2024-03-20,2024-04-19,full,true,false,-0.1570783159549,1.0646243588094544,000300,-0.0121939654931974,0.701546640889319,-0.1448843504617026,true,true,research_universe_v1_2,0.0,true,qfq,true,false,true,true,false,false,true
2024-04-19,2024-05-22,full,true,false,0.056874458143712274,1.1251742923433392,000300,0.04031725236188688,0.7298310738536876,0.016557205781825395,true,true,research_universe_v1_2,0.0,true,qfq,true,false,true,true,false,false,true
2024-05-22,2024-06-20,full,true,false,-0.07265983999246563,1.0434193082980365,000300,-0.04917151813703524,0.6939441719687192,-0.023488321855430386,true,true,research_universe_v1_2,0.0,true,qfq,true,false,true,true,false,false,true
2024-06-20,2024-07-18,full,true,false,-0.037439922185547175,1.0043537705884606,000300,0.005038135689981793,0.6974403568683696,-0.04247805787552897,true,true,research_universe_v1_2,0.0,true,qfq,true,false,true,true,false,false,true
2024-07-18,2024-08-15,full,true,false,-0.005948951320834037,0.9983789188983337,000300,-0.050833160557011925,0.66198725922874,0.04488420923617789,true,true,research_universe_v1_2,0.0,true,qfq,true,false,true,true,false,false,true
2024-08-15,2024-09-12,full,true,false,-0.01537427138669485,0.9830295704524357,000300,-0.05071290713505594,0.6284159608268828,0.03533863574836109,true,true,research_universe_v1_2,0.0,true,qfq,true,false,true,true,false,false,true
2024-09-12,2024-10-21,full,true,false,0.5007365136502294,1.4752683703758707,000300,0.24042150122774997,0.7795006695243608,0.26031501242247945,true,true,research_universe_v1_2,0.0,true,qfq,true,false,true,true,false,false,true
2024-10-21,2024-11-18,full,true,false,0.025471309412948576,1.5128453875048509,000300,0.003857491360032661,0.7825075866221907,0.021613818052915915,true,true,research_universe_v1_2,0.0,true,qfq,true,false,true,true,false,false,true
2024-11-18,2024-12-16,full,true,false,0.11851548692373935,1.6921409952453212,000300,-0.00975602347115978,0.774873424240744,0.12827151039489915,true,true,research_universe_v1_2,0.0,true,qfq,true,false,true,true,false,false,true
2024-12-16,2025-01-14,full,true,false,-0.07117512904918186,1.5717026415393245,000300,-0.023339400384473796,0.756788343145101,-0.04783572866470806,true,true,research_universe_v1_2,0.0,true,qfq,true,false,true,true,false,false,true
2025-01-14,2025-02-19,full,true,false,0.2570526936194673,1.9757130391158397,000300,0.03130971014568629,0.7804831668106083,0.22574298347378102,true,true,research_universe_v1_2,0.0,true,qfq,true,false,true,true,false,false,true
2025-02-19,2025-03-19,full,true,false,0.00795547153227607,1.9914307679544725,000300,0.01776831397709744,0.7943510367723384,-0.009812842444821368,true,true,research_universe_v1_2,0.0,true,qfq,true,false,true,true,false,false,true
2025-03-19,2025-04-17,full,true,false,-0.1572047395224472,1.6783684128012026,000300,-0.05933663660144095,0.7472169179694004,-0.09786810292100626,true,true,research_universe_v1_2,0.0,true,qfq,true,false,true,true,false,false,true
2025-04-17,2025-05-20,full,true,false,0.06553421761923052,1.7883589736109593,000300,0.03338882673863153,0.7721656141796549,0.03214539088059899,true,true,research_universe_v1_2,0.0,true,qfq,true,false,true,true,false,false,true
2025-05-20,2025-06-18,full,true,false,0.018371682573374327,1.8212141370013855,000300,-0.005951510580605834,0.7675700623568846,0.024323193153980162,true,true,research_universe_v1_2,0.0,true,qfq,true,false,true,true,false,false,true
2025-06-18,2025-07-16,full,true,false,0.08736506062366242,1.9803246204891827,000300,0.03412413515459467,0.7937627269053716,0.05324092546906775,true,true,research_universe_v1_2,0.0,true,qfq,true,false,true,true,false,false,true
2025-07-16,2025-08-13,full,true,false,0.07875441028911428,2.1362839181568223,000300,0.04226891595128768,0.8273142168941997,0.03648549433782661,true,true,research_universe_v1_2,0.0,true,qfq,true,false,true,true,false,false,true
2025-08-13,2025-09-10,full,true,false,0.030348844803524927,2.2011176672452297,000300,0.06435408875204107,0.8805552694340344,-0.034005243948516145,true,true,research_universe_v1_2,0.0,true,qfq,true,false,true,true,false,false,true
2025-09-10,2025-10-16,full,true,false,0.018716929629414764,2.2423158317291203,000300,0.03893048032105395,0.9148357090223365,-0.020213550691639187,true,true,research_universe_v1_2,0.0,true,qfq,true,false,true,true,false,false,true
2025-10-16,2025-11-13,full,true,false,-0.022123321746903395,2.1927083571256016,000300,0.0181122548403998,0.9314054465212469,-0.040235576587303194,true,true,research_universe_v1_2,0.0,true,qfq,true,false,true,true,false,false,true
2025-11-13,2025-12-11,full,true,false,-0.013970361229041044,2.16207542930662,000300,-0.031877449718953454,0.9017146162318065,0.01790708848991241,true,true,research_universe_v1_2,0.0,true,qfq,true,false,true,true,false,false,true
2021-03-31,2021-04-29,full,true,false,-0.004772717177438106,0.9952272828225619,000852,0.01775036983247502,1.017750369832475,-0.022523087009913127,true,true,research_universe_v1_2,0.0,true,qfq,true,false,true,true,false,false,true
2021-04-29,2021-06-01,full,true,false,0.08643289453063441,1.081247657592774,000852,0.07019874787278879,1.0891951714417825,0.016234146657845616,true,true,research_universe_v1_2,0.0,true,qfq,true,false,true,true,false,false,true
2021-06-01,2021-06-30,full,true,false,0.06447763190670813,1.1509639460590315,000852,0.03340321208858699,1.1255777887593172,0.031074419818121146,true,true,research_universe_v1_2,0.0,true,qfq,true,false,true,true,false,false,true
2021-06-30,2021-07-28,full,true,false,-0.042991091932176345,1.1014827492433872,000852,-0.019508166636079904,1.10361982969433,-0.02348292529609644,true,true,research_universe_v1_2,0.0,true,qfq,true,false,true,true,false,false,true
2021-07-28,2021-08-25,full,true,false,0.11706928337371686,1.230432545345822,000852,0.11865507356551208,1.2345699217750687,-0.0015857901917952222,true,true,research_universe_v1_2,0.0,true,qfq,true,false,true,true,false,false,true
2021-08-25,2021-09-24,full,true,false,-0.02580027706009327,1.198687044772144,000852,-0.009525550122721493,1.222809964105196,-0.016274726937371777,true,true,research_universe_v1_2,0.0,true,qfq,true,false,true,true,false,false,true
2021-09-24,2021-10-29,full,true,false,-0.03605620678726383,1.1554669368126254,000852,-0.040324236383813106,1.173501086060136,0.004268029596549275,true,true,research_universe_v1_2,0.0,true,qfq,true,false,true,true,false,false,true
2021-10-29,2021-11-26,full,true,false,0.10759245537910038,1.2797864616536636,000852,0.07521563105087137,1.261766710787032,0.03237682432822901,true,true,research_universe_v1_2,0.0,true,qfq,true,false,true,true,false,false,true
2021-11-26,2021-12-24,full,true,false,0.0052252959628975556,1.2864737246851135,000852,-0.02067552472738865,1.235679021957959,0.025900820690286205,true,true,research_universe_v1_2,0.0,true,qfq,true,false,true,true,false,false,true
2021-12-24,2022-01-24,full,true,false,0.031443396141302586,1.3269248276357644,000852,-0.045162352233171,1.1798728507211533,0.07660574837447359,true,true,research_universe_v1_2,0.0,true,qfq,true,false,true,true,false,false,true
2022-01-24,2022-02-28,full,true,false,-0.06276158147342803,1.2436449269569878,000852,-0.0007501279392355675,1.1789877951310819,-0.06201145353419246,true,true,research_universe_v1_2,0.0,true,qfq,true,false,true,true,false,false,true
2022-02-28,2022-03-28,full,true,false,-0.11312199539911606,1.1029613312516253,000852,-0.08795080210732587,1.0752948728745557,-0.025171193291790198,true,true,research_universe_v1_2,0.0,true,qfq,true,false,true,true,false,false,true
2022-03-28,2022-04-27,full,true,false,-0.2020128408499735,0.8801489793778158,000852,-0.18124496656692157,0.8804030895908247,-0.020767874283051935,true,true,research_universe_v1_2,0.0,true,qfq,true,false,true,true,false,false,true
2022-04-27,2022-05-30,full,true,false,0.11840047198055184,0.9843590339493501,000852,0.13385264009009656,0.9982473674760344,-0.015452168109544723,true,true,research_universe_v1_2,0.0,true,qfq,true,false,true,true,false,false,true
2022-05-30,2022-06-28,full,true,false,0.11642151156075274,1.0989596006002158,000852,0.12692045664368168,1.1249453791994457,-0.010498945082928937,true,true,research_universe_v1_2,0.0,true,qfq,true,false,true,true,false,false,true
2022-06-28,2022-07-26,full,true,false,-0.016252818458615335,1.081098409718308,000852,-0.0073872978027379466,1.1166350726714855,-0.008865520655877389,true,true,research_universe_v1_2,0.0,true,qfq,true,false,true,true,false,false,true
2022-07-26,2022-08-23,full,true,false,0.02894177489280025,1.1123873165293396,000852,0.03964470602297854,1.160903741862494,-0.010702931130178287,true,true,research_universe_v1_2,0.0,true,qfq,true,false,true,true,false,false,true
2022-08-23,2022-09-21,full,true,false,-0.08985352886419753,1.0124353906754033,000852,-0.11297806466448213,1.0297470838451137,0.02312453580028459,true,true,research_universe_v1_2,0.0,true,qfq,true,false,true,true,false,false,true
2022-09-21,2022-10-26,full,true,false,0.03628060929696734,1.0491671635229203,000852,0.0017112613029657275,1.0315092501815397,0.03456934799400161,true,true,research_universe_v1_2,0.0,true,qfq,true,false,true,true,false,false,true
2022-10-26,2022-11-23,full,true,false,0.045780505311801604,1.0971985664255492,000852,0.01175348792071107,1.04363308169365,0.034027017391090535,true,true,research_universe_v1_2,0.0,true,qfq,true,false,true,true,false,false,true
2022-11-23,2022-12-21,full,true,false,-0.06347093812438281,1.0275583441057918,000852,-0.04245591116917036,0.999324688284057,-0.021015026955212457,true,true,research_universe_v1_2,0.0,true,qfq,true,false,true,true,false,false,true
2022-12-21,2023-01-19,full,true,false,0.12443433530364889,1.155421883640314,000852,0.06152510518131238,1.0608082448410159,0.06290923012233651,true,true,research_universe_v1_2,0.0,true,qfq,true,false,true,true,false,false,true
2023-01-19,2023-02-23,full,true,false,0.07268142801150121,1.2393995960990305,000852,0.04354501443961123,1.1070011551802765,0.02913641357188998,true,true,research_universe_v1_2,0.0,true,qfq,true,false,true,true,false,false,true
2023-02-23,2023-03-23,full,true,false,0.16604526462497646,1.445196030009383,000852,-0.014060995092431416,1.0914356173699709,0.18010625971740787,true,true,research_universe_v1_2,0.0,true,qfq,true,false,true,true,false,false,true
2023-03-23,2023-04-21,full,true,false,-0.007583156388096999,1.4342368825023648,000852,-0.013877181412263795,1.0762895673079216,0.006294025024166796,true,true,research_universe_v1_2,0.0,true,qfq,true,false,true,true,false,false,true
2023-04-21,2023-05-24,full,true,false,-0.05086362465834278,1.3612863960396129,000852,-0.038433544794353236,1.0349239440110976,-0.012430079863989543,true,true,research_universe_v1_2,0.0,true,qfq,true,false,true,true,false,false,true
2023-05-24,2023-06-21,full,true,false,0.14131977445953642,1.5536630825027662,000852,0.005409032147123183,1.040521880894081,0.13591074231241324,true,true,research_universe_v1_2,0.0,true,qfq,true,false,true,true,false,false,true
2023-06-21,2023-07-21,full,true,false,-0.11117555706453135,1.3809337238149244,000852,-0.02244667026041436,1.0171656293349054,-0.08872888680411699,true,true,research_universe_v1_2,0.0,true,qfq,true,false,true,true,false,false,true
2023-07-21,2023-08-18,full,true,false,-0.058081307541893425,1.3007272875070577,000852,-0.04441358323621958,0.9719896589914179,-0.013667724305673846,true,true,research_universe_v1_2,0.0,true,qfq,true,false,true,true,false,false,true
2023-08-18,2023-09-15,full,true,false,-0.020715099730727302,1.2737825920238706,000852,-0.006220257605306978,0.9659436329227967,-0.014494842125420324,true,true,research_universe_v1_2,0.0,true,qfq,true,false,true,true,false,false,true
2023-09-15,2023-10-23,full,true,false,-0.07702817956246748,1.1756654378019107,000852,-0.07253095050879577,0.8958828230889869,-0.004497229053671711,true,true,research_universe_v1_2,0.0,true,qfq,true,false,true,true,false,false,true
2023-10-23,2023-11-20,full,true,false,0.17704637975803175,1.3838127473713804,000852,0.1091033567807822,0.993626646370239,0.06794302297724955,true,true,research_universe_v1_2,0.0,true,qfq,true,false,true,true,false,false,true
2023-11-20,2023-12-18,full,true,false,-0.057401709057880515,1.304379530656182,000852,-0.06336994345367541,0.9306605819756918,0.0059682343957949,true,true,research_universe_v1_2,0.0,true,qfq,true,false,true,true,false,false,true
2023-12-18,2024-01-16,full,true,false,-0.10964577215852353,1.1613598298296124,000852,-0.05421537610487259,0.8802044684979,-0.05543039605365094,true,true,research_universe_v1_2,0.0,true,qfq,true,false,true,true,false,false,true
2024-01-16,2024-02-21,full,true,false,-0.08222460707311988,1.0658674741513672,000852,-0.08412176616174483,0.8061601140243968,0.00189715908862495,true,true,research_universe_v1_2,0.0,true,qfq,true,false,true,true,false,false,true
2024-02-21,2024-03-20,full,true,false,0.18496620081678442,1.2630169314193278,000852,0.11543753005826374,0.8992212464188615,0.06952867075852068,true,true,research_universe_v1_2,0.0,true,qfq,true,false,true,true,false,false,true
2024-03-20,2024-04-19,full,true,false,-0.1570783159549,1.0646243588094544,000852,-0.06975605877207691,0.8364951163045671,-0.08732225718282308,true,true,research_universe_v1_2,0.0,true,qfq,true,false,true,true,false,false,true
2024-04-19,2024-05-22,full,true,false,0.056874458143712274,1.1251742923433392,000852,0.052289059131257254,0.8802346589040245,0.00458539901245502,true,true,research_universe_v1_2,0.0,true,qfq,true,false,true,true,false,false,true
2024-05-22,2024-06-20,full,true,false,-0.07265983999246563,1.0434193082980365,000852,-0.08728333507832597,0.8034048422233486,0.014623495085860347,true,true,research_universe_v1_2,0.0,true,qfq,true,false,true,true,false,false,true
2024-06-20,2024-07-18,full,true,false,-0.037439922185547175,1.0043537705884606,000852,-0.048200801401859894,0.7646800849780484,0.010760879216312719,true,true,research_universe_v1_2,0.0,true,qfq,true,false,true,true,false,false,true
2024-07-18,2024-08-15,full,true,false,-0.005948951320834037,0.9983789188983337,000852,-0.02505594886574969,0.7455202998701813,0.01910699754491565,true,true,research_universe_v1_2,0.0,true,qfq,true,false,true,true,false,false,true
2024-08-15,2024-09-12,full,true,false,-0.01537427138669485,0.9830295704524357,000852,-0.04755267112119965,0.7100688182362764,0.0321783997345048,true,true,research_universe_v1_2,0.0,true,qfq,true,false,true,true,false,false,true
2024-09-12,2024-10-21,full,true,false,0.5007365136502294,1.4752683703758707,000852,0.31145915851000505,0.9312262548483409,0.18927735514022437,true,true,research_universe_v1_2,0.0,true,qfq,true,false,true,true,false,false,true
2024-10-21,2024-11-18,full,true,false,0.025471309412948576,1.5128453875048509,000852,0.019450326504077298,0.9493389095543102,0.006020982908871278,true,true,research_universe_v1_2,0.0,true,qfq,true,false,true,true,false,false,true
2024-11-18,2024-12-16,full,true,false,0.11851548692373935,1.6921409952453212,000852,0.05070833668086028,0.997478306604231,0.06780715024287907,true,true,research_universe_v1_2,0.0,true,qfq,true,false,true,true,false,false,true
2024-12-16,2025-01-14,full,true,false,-0.07117512904918186,1.5717026415393245,000852,-0.07430800698364959,0.9233576816310448,0.0031328779344677316,true,true,research_universe_v1_2,0.0,true,qfq,true,false,true,true,false,false,true
2025-01-14,2025-02-19,full,true,false,0.2570526936194673,1.9757130391158397,000852,0.08216759449669153,0.9992277611907097,0.17488509912277578,true,true,research_universe_v1_2,0.0,true,qfq,true,false,true,true,false,false,true
2025-02-19,2025-03-19,full,true,false,0.00795547153227607,1.9914307679544725,000852,0.043913283390554,1.043107133039586,-0.035957811858277934,true,true,research_universe_v1_2,0.0,true,qfq,true,false,true,true,false,false,true
2025-03-19,2025-04-17,full,true,false,-0.1572047395224472,1.6783684128012026,000852,-0.11045778316688704,0.9278878315184662,-0.04674695635556017,true,true,research_universe_v1_2,0.0,true,qfq,true,false,true,true,false,false,true
2025-04-17,2025-05-20,full,true,false,0.06553421761923052,1.7883589736109593,000852,0.05247998136845933,0.9765833676285754,0.013054236250771192,true,true,research_universe_v1_2,0.0,true,qfq,true,false,true,true,false,false,true
2025-05-20,2025-06-18,full,true,false,0.018371682573374327,1.8212141370013855,000852,-0.0017295745864803758,0.9748942938543457,0.020101257159854703,true,true,research_universe_v1_2,0.0,true,qfq,true,false,true,true,false,false,true
2025-06-18,2025-07-16,full,true,false,0.08736506062366242,1.9803246204891827,000852,0.05324355908915335,1.0268011357948579,0.034121501534509074,true,true,research_universe_v1_2,0.0,true,qfq,true,false,true,true,false,false,true
2025-07-16,2025-08-13,full,true,false,0.07875441028911428,2.1362839181568223,000852,0.09320092973448091,1.1224999563033595,-0.014446519445366623,true,true,research_universe_v1_2,0.0,true,qfq,true,false,true,true,false,false,true
2025-08-13,2025-09-10,full,true,false,0.030348844803524927,2.2011176672452297,000852,0.023475687007826762,1.1488514139438364,0.006873157795698165,true,true,research_universe_v1_2,0.0,true,qfq,true,false,true,true,false,false,true
2025-09-10,2025-10-16,full,true,false,0.018716929629414764,2.2423158317291203,000852,0.023743563429352355,1.176129240361713,-0.005026633799937591,true,true,research_universe_v1_2,0.0,true,qfq,true,false,true,true,false,false,true
2025-10-16,2025-11-13,full,true,false,-0.022123321746903395,2.1927083571256016,000852,0.025499065097327023,1.206119436424566,-0.04762238684423042,true,true,research_universe_v1_2,0.0,true,qfq,true,false,true,true,false,false,true
2025-11-13,2025-12-11,full,true,false,-0.013970361229041044,2.16207542930662,000852,-0.03670075277515028,1.1618539451710443,0.022730391546109237,true,true,research_universe_v1_2,0.0,true,qfq,true,false,true,true,false,false,true
2021-03-31,2021-04-29,full,true,false,-0.004772717177438106,0.9952272828225619,399006,0.1061881457313758,1.1061881457313758,-0.1109608629088139,true,true,research_universe_v1_2,0.0,true,qfq,true,false,true,true,false,false,true
2021-04-29,2021-06-01,full,true,false,0.08643289453063441,1.081247657592774,399006,0.08151614658093598,1.1963603407649084,0.00491674794969843,true,true,research_universe_v1_2,0.0,true,qfq,true,false,true,true,false,false,true
2021-06-01,2021-06-30,full,true,false,0.06447763190670813,1.1509639460590315,399006,0.053639823523707886,1.2605328983143012,0.010837808383000247,true,true,research_universe_v1_2,0.0,true,qfq,true,false,true,true,false,false,true
2021-06-30,2021-07-28,full,true,false,-0.042991091932176345,1.1014827492433872,399006,-0.055291931967858976,1.1908355990574586,0.01230084003568263,true,true,research_universe_v1_2,0.0,true,qfq,true,false,true,true,false,false,true
2021-07-28,2021-08-25,full,true,false,0.11706928337371686,1.230432545345822,399006,0.019403821097621732,1.2139423599782488,0.09766546227609513,true,true,research_universe_v1_2,0.0,true,qfq,true,false,true,true,false,false,true
2021-08-25,2021-09-24,full,true,false,-0.02580027706009327,1.198687044772144,399006,-0.042058614490572244,1.1628856262461482,0.016258337430478973,true,true,research_universe_v1_2,0.0,true,qfq,true,false,true,true,false,false,true
2021-09-24,2021-10-29,full,true,false,-0.03605620678726383,1.1554669368126254,399006,0.044531800412741296,1.2146710168569874,-0.08058800720000513,true,true,research_universe_v1_2,0.0,true,qfq,true,false,true,true,false,false,true
2021-10-29,2021-11-26,full,true,false,0.10759245537910038,1.2797864616536636,399006,0.03527652678419524,1.2575203915171287,0.07231592859490514,true,true,research_universe_v1_2,0.0,true,qfq,true,false,true,true,false,false,true
2021-11-26,2021-12-24,full,true,false,0.0052252959628975556,1.2864737246851135,399006,-0.049514683455995745,1.1952546673916982,0.0547399794188933,true,true,research_universe_v1_2,0.0,true,qfq,true,false,true,true,false,false,true
2021-12-24,2022-01-24,full,true,false,0.031443396141302586,1.3269248276357644,399006,-0.07299726123787209,1.1080043501903205,0.10444065737917468,true,true,research_universe_v1_2,0.0,true,qfq,true,false,true,true,false,false,true
2022-01-24,2022-02-28,full,true,false,-0.06276158147342803,1.2436449269569878,399006,-0.057295603040148135,1.0445205727750586,-0.005465978433279894,true,true,research_universe_v1_2,0.0,true,qfq,true,false,true,true,false,false,true
2022-02-28,2022-03-28,full,true,false,-0.11312199539911606,1.1029613312516253,399006,-0.09966994179730737,0.9404132680804783,-0.013452053601808692,true,true,research_universe_v1_2,0.0,true,qfq,true,false,true,true,false,false,true
2022-03-28,2022-04-27,full,true,false,-0.2020128408499735,0.8801489793778158,399006,-0.12526743069930957,0.8226101141924957,-0.07674541015066394,true,true,research_universe_v1_2,0.0,true,qfq,true,false,true,true,false,false,true
2022-04-27,2022-05-30,full,true,false,0.11840047198055184,0.9843590339493501,399006,0.035788416028768255,0.8520500271886894,0.08261205595178359,true,true,research_universe_v1_2,0.0,true,qfq,true,false,true,true,false,false,true
2022-05-30,2022-06-28,full,true,false,0.11642151156075274,1.0989596006002158,399006,0.2084939456598507,1.0296972992568423,-0.09207243409909795,true,true,research_universe_v1_2,0.0,true,qfq,true,false,true,true,false,false,true
2022-06-28,2022-07-26,full,true,false,-0.016252818458615335,1.081098409718308,399006,-0.044697615141422786,0.9836722856624975,0.02844479668280745,true,true,research_universe_v1_2,0.0,true,qfq,true,false,true,true,false,false,true
2022-07-26,2022-08-23,full,true,false,0.02894177489280025,1.1123873165293396,399006,0.024636442033418637,1.007906470908102,0.004305332859381613,true,true,research_universe_v1_2,0.0,true,qfq,true,false,true,true,false,false,true
2022-08-23,2022-09-21,full,true,false,-0.08985352886419753,1.0124353906754033,399006,-0.1614172520330467,0.8452129780677903,0.07156372316884915,true,true,research_universe_v1_2,0.0,true,qfq,true,false,true,true,false,false,true
2022-09-21,2022-10-26,full,true,false,0.03628060929696734,1.0491671635229203,399006,0.017739500411748654,0.8602066340402391,0.018541108885218684,true,true,research_universe_v1_2,0.0,true,qfq,true,false,true,true,false,false,true
2022-10-26,2022-11-23,full,true,false,0.045780505311801604,1.0971985664255492,399006,-0.013713293550453476,0.8484103679535978,0.05949379886225508,true,true,research_universe_v1_2,0.0,true,qfq,true,false,true,true,false,false,true
2022-11-23,2022-12-21,full,true,false,-0.06347093812438281,1.0275583441057918,399006,-0.015655844877240144,0.835127786840674,-0.04781509324714267,true,true,research_universe_v1_2,0.0,true,qfq,true,false,true,true,false,false,true
2022-12-21,2023-01-19,full,true,false,0.12443433530364889,1.155421883640314,399006,0.11622173026001659,0.9321877832155154,0.008212605043632304,true,true,research_universe_v1_2,0.0,true,qfq,true,false,true,true,false,false,true
2023-01-19,2023-02-23,full,true,false,0.07268142801150121,1.2393995960990305,399006,-0.04431758081075199,0.890875475802066,0.1169990088222532,true,true,research_universe_v1_2,0.0,true,qfq,true,false,true,true,false,false,true
2023-02-23,2023-03-23,full,true,false,0.16604526462497646,1.445196030009383,399006,-0.03909289190552934,0.8560485771252488,0.2051381565305058,true,true,research_universe_v1_2,0.0,true,qfq,true,false,true,true,false,false,true
2023-03-23,2023-04-21,full,true,false,-0.007583156388096999,1.4342368825023648,399006,-0.00856268077123401,0.8487185064346563,0.0009795243831370115,true,true,research_universe_v1_2,0.0,true,qfq,true,false,true,true,false,false,true
2023-04-21,2023-05-24,full,true,false,-0.05086362465834278,1.3612863960396129,399006,-0.040974888838582024,0.8139423599782489,-0.009888735819760755,true,true,research_universe_v1_2,0.0,true,qfq,true,false,true,true,false,false,true
2023-05-24,2023-06-21,full,true,false,0.14131977445953642,1.5536630825027662,399006,-0.014884690414473156,0.801827079934747,0.15620446487400957,true,true,research_universe_v1_2,0.0,true,qfq,true,false,true,true,false,false,true
2023-06-21,2023-07-21,full,true,false,-0.11117555706453135,1.3809337238149244,399006,-0.02202690972222232,0.7841653072321911,-0.08914864734230903,true,true,research_universe_v1_2,0.0,true,qfq,true,false,true,true,false,false,true
2023-07-21,2023-08-18,full,true,false,-0.058081307541893425,1.3007272875070577,399006,-0.02043344798254365,0.7681421062171468,-0.037647859559349774,true,true,research_universe_v1_2,0.0,true,qfq,true,false,true,true,false,false,true
2023-08-18,2023-09-15,full,true,false,-0.020715099730727302,1.2737825920238706,399006,-0.054834538349725404,0.7260213884357438,0.034119438618998105,true,true,research_universe_v1_2,0.0,true,qfq,true,false,true,true,false,false,true
2023-09-15,2023-10-23,full,true,false,-0.07702817956246748,1.1756654378019107,399006,-0.06881606606981472,0.676059452601051,-0.008212113492652759,true,true,research_universe_v1_2,0.0,true,qfq,true,false,true,true,false,false,true
2023-10-23,2023-11-20,full,true,false,0.17704637975803175,1.3838127473713804,399006,0.06866819310315231,0.7224832336414715,0.10837818665487944,true,true,research_universe_v1_2,0.0,true,qfq,true,false,true,true,false,false,true
2023-11-20,2023-12-18,full,true,false,-0.057401709057880515,1.304379530656182,399006,-0.08679006708580661,0.6597788653253577,0.029388358027926095,true,true,research_universe_v1_2,0.0,true,qfq,true,false,true,true,false,false,true
2023-12-18,2024-01-16,full,true,false,-0.10964577215852353,1.1613598298296124,399006,-0.037236263736263764,0.6352111654884898,-0.07240950842225977,true,true,research_universe_v1_2,0.0,true,qfq,true,false,true,true,false,false,true
2024-01-16,2024-02-21,full,true,false,-0.08222460707311988,1.0658674741513672,399006,0.00014267533371770114,0.6353017944535071,-0.08236728240683758,true,true,research_universe_v1_2,0.0,true,qfq,true,false,true,true,false,false,true
2024-02-21,2024-03-20,full,true,false,0.18496620081678442,1.2630169314193278,399006,0.08945608509084257,0.692133405836505,0.09551011572594184,true,true,research_universe_v1_2,0.0,true,qfq,true,false,true,true,false,false,true
2024-03-20,2024-04-19,full,true,false,-0.1570783159549,1.0646243588094544,399006,-0.08026712059709307,0.6365778502809495,-0.07681119535780692,true,true,research_universe_v1_2,0.0,true,qfq,true,false,true,true,false,false,true
2024-04-19,2024-05-22,full,true,false,0.056874458143712274,1.1251742923433392,399006,0.06943621867881555,0.6807794090991478,-0.01256176053510328,true,true,research_universe_v1_2,0.0,true,qfq,true,false,true,true,false,false,true
2024-05-22,2024-06-20,full,true,false,-0.07265983999246563,1.0434193082980365,399006,-0.06136011459426072,0.639006706543411,-0.01129972539820491,true,true,research_universe_v1_2,0.0,true,qfq,true,false,true,true,false,false,true
2024-06-20,2024-07-18,full,true,false,-0.037439922185547175,1.0043537705884606,399006,-0.025523344868667364,0.6226971179989121,-0.011916577316879812,true,true,research_universe_v1_2,0.0,true,qfq,true,false,true,true,false,false,true
2024-07-18,2024-08-15,full,true,false,-0.005948951320834037,0.9983789188983337,399006,-0.07277130598296566,0.5773826354903024,0.06682235466213163,true,true,research_universe_v1_2,0.0,true,qfq,true,false,true,true,false,false,true
2024-08-15,2024-09-12,full,true,false,-0.01537427138669485,0.9830295704524357,399006,-0.02567950223204485,0.5625557368134853,0.010305230845349999,true,true,research_universe_v1_2,0.0,true,qfq,true,false,true,true,false,false,true
2024-09-12,2024-10-21,full,true,false,0.5007365136502294,1.4752683703758707,399006,0.4243625186073039,0.8012833061446435,0.07637399504292552,true,true,research_universe_v1_2,0.0,true,qfq,true,false,true,true,false,false,true
2024-10-21,2024-11-18,full,true,false,0.025471309412948576,1.5128453875048509,399006,-0.008772406055177151,0.7942541236179078,0.03424371546812573,true,true,research_universe_v1_2,0.0,true,qfq,true,false,true,true,false,false,true
2024-11-18,2024-12-16,full,true,false,0.11851548692373935,1.6921409952453212,399006,0.004828955475935315,0.7980895414174367,0.11368653144780404,true,true,research_universe_v1_2,0.0,true,qfq,true,false,true,true,false,false,true
2024-12-16,2025-01-14,full,true,false,-0.07117512904918186,1.5717026415393245,399006,-0.057128451576857864,0.752495921696574,-0.014046677472323993,true,true,research_universe_v1_2,0.0,true,qfq,true,false,true,true,false,false,true
2025-01-14,2025-02-19,full,true,false,0.2570526936194673,1.9757130391158397,399006,0.07285042586811574,0.8073155700561897,0.18420226775135157,true,true,research_universe_v1_2,0.0,true,qfq,true,false,true,true,false,false,true
2025-02-19,2025-03-19,full,true,false,0.00795547153227607,1.9914307679544725,399006,-0.002079048756612134,0.8056371216240708,0.010034520288888205,true,true,research_universe_v1_2,0.0,true,qfq,true,false,true,true,false,false,true
2025-03-19,2025-04-17,full,true,false,-0.1572047395224472,1.6783684128012026,399006,-0.14109838684275655,0.6919630233822727,-0.016106352679690655,true,true,research_universe_v1_2,0.0,true,qfq,true,false,true,true,false,false,true
2025-04-17,2025-05-20,full,true,false,0.06553421761923052,1.7883589736109593,399006,0.07317763178574799,0.7425992387166935,-0.007643414166517468,true,true,research_universe_v1_2,0.0,true,qfq,true,false,true,true,false,false,true
2025-05-20,2025-06-18,full,true,false,0.018371682573374327,1.8212141370013855,399006,0.0030608359450514655,0.7448722131593254,0.015310846628322862,true,true,research_universe_v1_2,0.0,true,qfq,true,false,true,true,false,false,true
2025-06-18,2025-07-16,full,true,false,0.08736506062366242,1.9803246204891827,399006,0.08539321468027428,0.8084792459670107,0.0019718459433881452,true,true,research_universe_v1_2,0.0,true,qfq,true,false,true,true,false,false,true
2025-07-16,2025-08-13,full,true,false,0.07875441028911428,2.1362839181568223,399006,0.11941135060241503,0.9050208446619535,-0.04065694031330075,true,true,research_universe_v1_2,0.0,true,qfq,true,false,true,true,false,false,true
2025-08-13,2025-09-10,full,true,false,0.030348844803524927,2.2011176672452297,399006,0.16333667133987584,1.0528439369222398,-0.1329878265363509,true,true,research_universe_v1_2,0.0,true,qfq,true,false,true,true,false,false,true
2025-09-10,2025-10-16,full,true,false,0.018716929629414764,2.2423158317291203,399006,0.04585317480812745,1.1011201740076124,-0.027136245178712687,true,true,research_universe_v1_2,0.0,true,qfq,true,false,true,true,false,false,true
2025-10-16,2025-11-13,full,true,false,-0.022123321746903395,2.1927083571256016,399006,0.054094895701643386,1.1606851549755297,-0.07621821744854679,true,true,research_universe_v1_2,0.0,true,qfq,true,false,true,true,false,false,true
2025-11-13,2025-12-11,full,true,false,-0.013970361229041044,2.16207542930662,399006,-0.011893495744514704,1.146880551024107,-0.00207686548452634,true,true,research_universe_v1_2,0.0,true,qfq,true,false,true,true,false,false,true
2021-03-31,2021-04-29,full,true,false,-0.005772717177438106,0.9942272828225619,000300,0.022940123129095547,1.0229401231290955,-0.028712840306533653,true,true,research_universe_v1_2,0.001,true,qfq,true,false,true,true,false,false,true
2021-04-29,2021-06-01,full,true,false,0.08638649086783651,1.080115088910667,000300,0.034373384299897225,1.058102037097196,0.05201310656793928,true,true,research_universe_v1_2,0.001,true,qfq,true,false,true,true,false,false,true
2021-06-01,2021-06-30,full,true,false,0.06443394635215699,1.1497111666036923,000300,-0.022023033951865445,1.0347994200096666,0.08645698030402243,true,true,research_universe_v1_2,0.001,true,qfq,true,false,true,true,false,false,true
2021-06-30,2021-07-28,full,true,false,-0.043061420685768854,1.1002029703914447,000300,-0.08873592085818649,0.9429755405715916,0.045674500172417636,true,true,research_universe_v1_2,0.001,true,qfq,true,false,true,true,false,false,true
2021-07-28,2021-08-25,full,true,false,0.11701240307606407,1.2289403638283714,000300,0.028921453298827116,0.9702477636301692,0.08809094977723696,true,true,research_universe_v1_2,0.001,true,qfq,true,false,true,true,false,false,true
2021-08-25,2021-09-24,full,true,false,-0.025875502668586136,1.197140914164597,000300,-0.009948633772681847,0.9605951239610491,-0.01592686889590429,true,true,research_universe_v1_2,0.001,true,qfq,true,false,true,true,false,false,true
2021-09-24,2021-10-29,full,true,false,-0.036094849937827446,1.1539302925133923,000300,0.01223648964929902,0.9723494362525655,-0.048331339587126466,true,true,research_universe_v1_2,0.001,true,qfq,true,false,true,true,false,false,true
2021-10-29,2021-11-26,full,true,false,0.10754796453307591,1.2780331466862644,000300,-0.009908795889805422,0.9627146241551715,0.11745676042288133,true,true,research_universe_v1_2,0.001,true,qfq,true,false,true,true,false,false,true
2021-11-26,2021-12-24,full,true,false,0.005185411017188295,1.2846602738454231,000300,0.012594313320837047,0.9748393537703336,-0.007408902303648752,true,true,research_universe_v1_2,0.001,true,qfq,true,false,true,true,false,false,true
2021-12-24,2022-01-24,full,true,false,0.03139851919048119,1.3249967041070074,000300,-0.027350274518728734,0.9481772298330549,0.05874879370920993,true,true,research_universe_v1_2,0.001,true,qfq,true,false,true,true,false,false,true
2022-01-24,2022-02-28,full,true,false,-0.06281744672810839,1.2417637942318462,000300,-0.04284544387202982,0.907552155551506,-0.01997200285607857,true,true,research_universe_v1_2,0.001,true,qfq,true,false,true,true,false,false,true
2022-02-28,2022-03-28,full,true,false,-0.11316198517356091,1.1012433381599174,000300,-0.09454672443333723,0.8217460719916966,-0.018615260740223682,true,true,research_universe_v1_2,0.001,true,qfq,true,false,true,true,false,false,true
2022-03-28,2022-04-27,full,true,false,-0.2020558258866984,0.8787307059657905,000300,-0.060969465851265725,0.7716446529169871,-0.14108636003543268,true,true,research_universe_v1_2,0.001,true,qfq,true,false,true,true,false,false,true
2022-04-27,2022-05-30,full,true,false,0.11835076188133917,0.9827291545053688,000300,0.034264825929139375,0.7980849226283389,0.08408593595219979,true,true,research_universe_v1_2,0.001,true,qfq,true,false,true,true,false,false,true
2022-05-30,2022-06-28,full,true,false,0.11638983764946835,1.0971088412516479,000300,0.11454398340043004,0.8895007487580128,0.0018458542490383117,true,true,research_universe_v1_2,0.001,true,qfq,true,false,true,true,false,false,true
2022-06-28,2022-07-26,full,true,false,-0.01628411959140688,1.0792433896759162,000300,-0.05445694485271213,0.8410612555364515,0.03817282526130525,true,true,research_universe_v1_2,0.001,true,qfq,true,false,true,true,false,false,true
2022-07-26,2022-08-23,full,true,false,0.028914069712946487,1.1104487082822423,000300,-0.019995383868977146,0.8242439128746762,0.04890945358192363,true,true,research_universe_v1_2,0.001,true,qfq,true,false,true,true,false,false,true
2022-08-23,2022-09-21,full,true,false,-0.08989248332748433,1.0106277162869544,000300,-0.06184692435617678,0.773266961944077,-0.028045558971307546,true,true,research_universe_v1_2,0.001,true,qfq,true,false,true,true,false,false,true
2022-09-21,2022-10-26,full,true,false,0.036249805739118554,1.0472627746769254,000300,-0.06322927046696358,0.7243738560641477,0.09947907620608214,true,true,research_universe_v1_2,0.001,true,qfq,true,false,true,true,false,false,true
2022-10-26,2022-11-23,full,true,false,0.04574250510678471,1.0951671974957302,000300,0.03189313352839851,0.7474764081800825,0.0138493715783862,true,true,research_universe_v1_2,0.001,true,qfq,true,false,true,true,false,false,true
2022-11-23,2022-12-21,full,true,false,-0.06351276421739996,1.0256101015025532,000300,0.015107869819505737,0.758769184448019,-0.0786206340369057,true,true,research_universe_v1_2,0.001,true,qfq,true,false,true,true,false,false,true
2022-12-21,2023-01-19,full,true,false,0.12440478811453387,1.153200908868104,000300,0.08496713257138677,0.8232396263340969,0.0394376555431471,true,true,research_universe_v1_2,0.001,true,qfq,true,false,true,true,false,false,true
2023-01-19,2023-02-23,full,true,false,0.07264501929902915,1.2369752111484853,000300,-0.012598622236231538,0.8128679412720171,0.08524364153526069,true,true,research_universe_v1_2,0.001,true,qfq,true,false,true,true,false,false,true
2023-02-23,2023-03-23,full,true,false,0.1660106831460688,1.442326310985998,000300,-0.015732335847355228,0.8000796298203775,0.18174301899342402,true,true,research_universe_v1_2,0.001,true,qfq,true,false,true,true,false,false,true
2023-03-23,2023-04-21,full,true,false,-0.007641847980530435,1.4313042725791238,000300,-0.0016142249863211333,0.7987881212908748,-0.0060276229942093015,true,true,research_universe_v1_2,0.001,true,qfq,true,false,true,true,false,false,true
2023-04-21,2023-05-24,full,true,false,-0.050918292499529234,1.358424702972114,000300,-0.043019711995080034,0.7644244863678503,-0.0078985805044492,true,true,research_universe_v1_2,0.001,true,qfq,true,false,true,true,false,false,true
2023-05-24,2023-06-21,full,true,false,0.14127251616385345,1.5503327787801198,000300,0.0012800945300577293,0.765403021971492,0.13999242163379572,true,true,research_universe_v1_2,0.001,true,qfq,true,false,true,true,false,false,true
2023-06-21,2023-07-21,full,true,false,-0.11122960931607308,1.3778898694865052,000300,-0.010900536486518009,0.7570597184036006,-0.10032907282955507,true,true,research_universe_v1_2,0.001,true,qfq,true,false,true,true,false,false,true
2023-07-21,2023-08-18,full,true,false,-0.05811972242523739,1.2978072927394029,000300,-0.009919124207529717,0.7495503490242379,-0.048200598217707676,true,true,research_universe_v1_2,0.001,true,qfq,true,false,true,true,false,false,true
2023-08-18,2023-09-15,full,true,false,-0.020743644450917916,1.2708860396930084,000300,-0.019878435517970305,0.7346504607436875,-0.0008652089329476108,true,true,research_universe_v1_2,0.001,true,qfq,true,false,true,true,false,false,true
2023-09-15,2023-10-23,full,true,false,-0.07705725578969791,1.172955049052828,000300,-0.06323912445602065,0.6881918088250445,-0.013818131333677264,true,true,research_universe_v1_2,0.001,true,qfq,true,false,true,true,false,false,true
2023-10-23,2023-11-20,full,true,false,0.1770167251412553,1.38058771057406,000300,0.029381965552178535,0.7084122368452334,0.14763475958907676,true,true,research_universe_v1_2,0.001,true,qfq,true,false,true,true,false,false,true
2023-11-20,2023-12-18,full,true,false,-0.05744094176420736,1.3012854522905952,000300,-0.0690514271653544,0.659495360869669,0.011610485401147036,true,true,research_universe_v1_2,0.001,true,qfq,true,false,true,true,false,false,true
2023-12-18,2024-01-16,full,true,false,-0.10967391860225088,1.1585683775177833,000300,-0.00855717448045723,0.6538519439976551,-0.10111674412179365,true,true,research_universe_v1_2,0.001,true,qfq,true,false,true,true,false,false,true
2024-01-16,2024-02-21,full,true,false,-0.08225328114282222,1.0632723270386297,000300,0.04725709507767628,0.6847510874818757,-0.1295103762204985,true,true,research_universe_v1_2,0.001,true,qfq,true,false,true,true,false,false,true
2024-02-21,2024-03-20,full,true,false,0.18492005808435721,1.2598927075141029,000300,0.0371752481290879,0.7102068790656773,0.1477448099552693,true,true,research_universe_v1_2,0.001,true,qfq,true,false,true,true,false,false,true
2024-03-20,2024-04-19,full,true,false,-0.15710998555869216,1.0619509824310607,000300,-0.0121939654931974,0.701546640889319,-0.14491602006549476,true,true,research_universe_v1_2,0.001,true,qfq,true,false,true,true,false,false,true
2024-04-19,2024-05-22,full,true,false,0.05684105646067642,1.1223133981818956,000300,0.04031725236188688,0.7298310738536876,0.016523804098789542,true,true,research_universe_v1_2,0.001,true,qfq,true,false,true,true,false,false,true
2024-05-22,2024-06-20,full,true,false,-0.07268551395377011,1.0407374720178422,000300,-0.04917151813703524,0.6939441719687192,-0.02351399581673487,true,true,research_universe_v1_2,0.001,true,qfq,true,false,true,true,false,false,true
2024-06-20,2024-07-18,full,true,false,-0.037467917967004834,1.0017432057910896,000300,0.005038135689981793,0.6974403568683696,-0.04250605365698663,true,true,research_universe_v1_2,0.001,true,qfq,true,false,true,true,false,false,true
2024-07-18,2024-08-15,full,true,false,-0.005982995429156323,0.995749780769653,000300,-0.050833160557011925,0.66198725922874,0.0448501651278556,true,true,research_universe_v1_2,0.001,true,qfq,true,false,true,true,false,false,true
2024-08-15,2024-09-12,full,true,false,-0.015405522577161365,0.9804097350408028,000300,-0.05071290713505594,0.6284159608268828,0.035307384557894575,true,true,research_universe_v1_2,0.001,true,qfq,true,false,true,true,false,false,true
2024-09-12,2024-10-21,full,true,false,0.5007029795178416,1.4713038105240301,000300,0.24042150122774997,0.7795006695243608,0.26028147829009163,true,true,research_universe_v1_2,0.001,true,qfq,true,false,true,true,false,false,true
2024-10-21,2024-11-18,full,true,false,0.025381125795349176,1.508647157622117,000300,0.003857491360032661,0.7825075866221907,0.021523634435316515,true,true,research_universe_v1_2,0.001,true,qfq,true,false,true,true,false,false,true
2024-11-18,2024-12-16,full,true,false,0.11845947374077496,1.6873607059745488,000300,-0.00975602347115978,0.774873424240744,0.12821549721193476,true,true,research_universe_v1_2,0.001,true,qfq,true,false,true,true,false,false,true
2024-12-16,2025-01-14,full,true,false,-0.07123204511327512,1.567166552044202,000300,-0.023339400384473796,0.756788343145101,-0.04789264472880132,true,true,research_universe_v1_2,0.001,true,qfq,true,false,true,true,false,false,true
2025-01-14,2025-02-19,full,true,false,0.2570076615185308,1.9699403627951413,000300,0.03130971014568629,0.7804831668106083,0.22569795137284454,true,true,research_universe_v1_2,0.001,true,qfq,true,false,true,true,false,false,true
2025-02-19,2025-03-19,full,true,false,0.00787276883542343,1.9854492478909975,000300,0.01776831397709744,0.7943510367723384,-0.009895545141674008,true,true,research_universe_v1_2,0.001,true,qfq,true,false,true,true,false,false,true
2025-03-19,2025-04-17,full,true,false,-0.1572399772506204,1.6732572533203558,000300,-0.05933663660144095,0.7472169179694004,-0.09790334064917944,true,true,research_universe_v1_2,0.001,true,qfq,true,false,true,true,false,false,true
2025-04-17,2025-05-20,full,true,false,0.06550513221896652,1.7828641909354506,000300,0.03338882673863153,0.7721656141796549,0.03211630548033499,true,true,research_universe_v1_2,0.001,true,qfq,true,false,true,true,false,false,true
2025-05-20,2025-06-18,full,true,false,0.018344886692292117,1.8155706325059067,000300,-0.005951510580605834,0.7675700623568846,0.02429639727289795,true,true,research_universe_v1_2,0.001,true,qfq,true,false,true,true,false,false,true
2025-06-18,2025-07-16,full,true,false,0.0873223384974228,1.9741105058435675,000300,0.03412413515459467,0.7937627269053716,0.053198203342828126,true,true,research_universe_v1_2,0.001,true,qfq,true,false,true,true,false,false,true
2025-07-16,2025-08-13,full,true,false,0.07871892375231958,2.1295103602317202,000300,0.04226891595128768,0.8273142168941997,0.0364500078010319,true,true,research_universe_v1_2,0.001,true,qfq,true,false,true,true,false,false,true
2025-08-13,2025-09-10,full,true,false,0.030315575474178773,2.194067692280371,000300,0.06435408875204107,0.8805552694340344,-0.034038513277862295,true,true,research_universe_v1_2,0.001,true,qfq,true,false,true,true,false,false,true
2025-09-10,2025-10-16,full,true,false,0.018662979309991612,2.2350155322261207,000300,0.03893048032105395,0.9148357090223365,-0.02026750101106234,true,true,research_universe_v1_2,0.001,true,qfq,true,false,true,true,false,false,true
2025-10-16,2025-11-13,full,true,false,-0.02215531750123695,2.1854980534894546,000300,0.0181122548403998,0.9314054465212469,-0.04026757234163675,true,true,research_universe_v1_2,0.001,true,qfq,true,false,true,true,false,false,true
2025-11-13,2025-12-11,full,true,false,-0.014004051856829862,2.1548922254153875,000300,-0.031877449718953454,0.9017146162318065,0.017873397862123594,true,true,research_universe_v1_2,0.001,true,qfq,true,false,true,true,false,false,true
2021-03-31,2021-04-29,full,true,false,-0.005772717177438106,0.9942272828225619,000852,0.01775036983247502,1.017750369832475,-0.023523087009913127,true,true,research_universe_v1_2,0.001,true,qfq,true,false,true,true,false,false,true
2021-04-29,2021-06-01,full,true,false,0.08638649086783651,1.080115088910667,000852,0.07019874787278879,1.0891951714417825,0.016187742995047716,true,true,research_universe_v1_2,0.001,true,qfq,true,false,true,true,false,false,true
2021-06-01,2021-06-30,full,true,false,0.06443394635215699,1.1497111666036923,000852,0.03340321208858699,1.1255777887593172,0.031030734263570003,true,true,research_universe_v1_2,0.001,true,qfq,true,false,true,true,false,false,true
2021-06-30,2021-07-28,full,true,false,-0.043061420685768854,1.1002029703914447,000852,-0.019508166636079904,1.10361982969433,-0.02355325404968895,true,true,research_universe_v1_2,0.001,true,qfq,true,false,true,true,false,false,true
2021-07-28,2021-08-25,full,true,false,0.11701240307606407,1.2289403638283714,000852,0.11865507356551208,1.2345699217750687,-0.0016426704894480088,true,true,research_universe_v1_2,0.001,true,qfq,true,false,true,true,false,false,true
2021-08-25,2021-09-24,full,true,false,-0.025875502668586136,1.197140914164597,000852,-0.009525550122721493,1.222809964105196,-0.016349952545864643,true,true,research_universe_v1_2,0.001,true,qfq,true,false,true,true,false,false,true
2021-09-24,2021-10-29,full,true,false,-0.036094849937827446,1.1539302925133923,000852,-0.040324236383813106,1.173501086060136,0.00422938644598566,true,true,research_universe_v1_2,0.001,true,qfq,true,false,true,true,false,false,true
2021-10-29,2021-11-26,full,true,false,0.10754796453307591,1.2780331466862644,000852,0.07521563105087137,1.261766710787032,0.032332333482204545,true,true,research_universe_v1_2,0.001,true,qfq,true,false,true,true,false,false,true
2021-11-26,2021-12-24,full,true,false,0.005185411017188295,1.2846602738454231,000852,-0.02067552472738865,1.235679021957959,0.025860935744576943,true,true,research_universe_v1_2,0.001,true,qfq,true,false,true,true,false,false,true
2021-12-24,2022-01-24,full,true,false,0.03139851919048119,1.3249967041070074,000852,-0.045162352233171,1.1798728507211533,0.0765608714236522,true,true,research_universe_v1_2,0.001,true,qfq,true,false,true,true,false,false,true
2022-01-24,2022-02-28,full,true,false,-0.06281744672810839,1.2417637942318462,000852,-0.0007501279392355675,1.1789877951310819,-0.062067318788872824,true,true,research_universe_v1_2,0.001,true,qfq,true,false,true,true,false,false,true
2022-02-28,2022-03-28,full,true,false,-0.11316198517356091,1.1012433381599174,000852,-0.08795080210732587,1.0752948728745557,-0.025211183066235043,true,true,research_universe_v1_2,0.001,true,qfq,true,false,true,true,false,false,true
2022-03-28,2022-04-27,full,true,false,-0.2020558258866984,0.8787307059657905,000852,-0.18124496656692157,0.8804030895908247,-0.02081085931977683,true,true,research_universe_v1_2,0.001,true,qfq,true,false,true,true,false,false,true
2022-04-27,2022-05-30,full,true,false,0.11835076188133917,0.9827291545053688,000852,0.13385264009009656,0.9982473674760344,-0.015501878208757397,true,true,research_universe_v1_2,0.001,true,qfq,true,false,true,true,false,false,true
2022-05-30,2022-06-28,full,true,false,0.11638983764946835,1.0971088412516479,000852,0.12692045664368168,1.1249453791994457,-0.010530618994213328,true,true,research_universe_v1_2,0.001,true,qfq,true,false,true,true,false,false,true
2022-06-28,2022-07-26,full,true,false,-0.01628411959140688,1.0792433896759162,000852,-0.0073872978027379466,1.1166350726714855,-0.008896821788668935,true,true,research_universe_v1_2,0.001,true,qfq,true,false,true,true,false,false,true
2022-07-26,2022-08-23,full,true,false,0.028914069712946487,1.1104487082822423,000852,0.03964470602297854,1.160903741862494,-0.01073063631003205,true,true,research_universe_v1_2,0.001,true,qfq,true,false,true,true,false,false,true
2022-08-23,2022-09-21,full,true,false,-0.08989248332748433,1.0106277162869544,000852,-0.11297806466448213,1.0297470838451137,0.0230855813369978,true,true,research_universe_v1_2,0.001,true,qfq,true,false,true,true,false,false,true
2022-09-21,2022-10-26,full,true,false,0.036249805739118554,1.0472627746769254,000852,0.0017112613029657275,1.0315092501815397,0.03453854443615283,true,true,research_universe_v1_2,0.001,true,qfq,true,false,true,true,false,false,true
2022-10-26,2022-11-23,full,true,false,0.04574250510678471,1.0951671974957302,000852,0.01175348792071107,1.04363308169365,0.03398901718607364,true,true,research_universe_v1_2,0.001,true,qfq,true,false,true,true,false,false,true
2022-11-23,2022-12-21,full,true,false,-0.06351276421739996,1.0256101015025532,000852,-0.04245591116917036,0.999324688284057,-0.0210568530482296,true,true,research_universe_v1_2,0.001,true,qfq,true,false,true,true,false,false,true
2022-12-21,2023-01-19,full,true,false,0.12440478811453387,1.153200908868104,000852,0.06152510518131238,1.0608082448410159,0.06287968293322149,true,true,research_universe_v1_2,0.001,true,qfq,true,false,true,true,false,false,true
2023-01-19,2023-02-23,full,true,false,0.07264501929902915,1.2369752111484853,000852,0.04354501443961123,1.1070011551802765,0.029100004859417924,true,true,research_universe_v1_2,0.001,true,qfq,true,false,true,true,false,false,true
2023-02-23,2023-03-23,full,true,false,0.1660106831460688,1.442326310985998,000852,-0.014060995092431416,1.0914356173699709,0.1800716782385002,true,true,research_universe_v1_2,0.001,true,qfq,true,false,true,true,false,false,true
2023-03-23,2023-04-21,full,true,false,-0.007641847980530435,1.4313042725791238,000852,-0.013877181412263795,1.0762895673079216,0.00623533343173336,true,true,research_universe_v1_2,0.001,true,qfq,true,false,true,true,false,false,true
2023-04-21,2023-05-24,full,true,false,-0.050918292499529234,1.358424702972114,000852,-0.038433544794353236,1.0349239440110976,-0.012484747705175998,true,true,research_universe_v1_2,0.001,true,qfq,true,false,true,true,false,false,true
2023-05-24,2023-06-21,full,true,false,0.14127251616385345,1.5503327787801198,000852,0.005409032147123183,1.040521880894081,0.13586348401673026,true,true,research_universe_v1_2,0.001,true,qfq,true,false,true,true,false,false,true
2023-06-21,2023-07-21,full,true,false,-0.11122960931607308,1.3778898694865052,000852,-0.02244667026041436,1.0171656293349054,-0.08878293905565872,true,true,research_universe_v1_2,0.001,true,qfq,true,false,true,true,false,false,true
2023-07-21,2023-08-18,full,true,false,-0.05811972242523739,1.2978072927394029,000852,-0.04441358323621958,0.9719896589914179,-0.013706139189017814,true,true,research_universe_v1_2,0.001,true,qfq,true,false,true,true,false,false,true
2023-08-18,2023-09-15,full,true,false,-0.020743644450917916,1.2708860396930084,000852,-0.006220257605306978,0.9659436329227967,-0.014523386845610938,true,true,research_universe_v1_2,0.001,true,qfq,true,false,true,true,false,false,true
2023-09-15,2023-10-23,full,true,false,-0.07705725578969791,1.172955049052828,000852,-0.07253095050879577,0.8958828230889869,-0.004526305280902143,true,true,research_universe_v1_2,0.001,true,qfq,true,false,true,true,false,false,true
2023-10-23,2023-11-20,full,true,false,0.1770167251412553,1.38058771057406,000852,0.1091033567807822,0.993626646370239,0.0679133683604731,true,true,research_universe_v1_2,0.001,true,qfq,true,false,true,true,false,false,true
2023-11-20,2023-12-18,full,true,false,-0.05744094176420736,1.3012854522905952,000852,-0.06336994345367541,0.9306605819756918,0.005929001689468055,true,true,research_universe_v1_2,0.001,true,qfq,true,false,true,true,false,false,true
2023-12-18,2024-01-16,full,true,false,-0.10967391860225088,1.1585683775177833,000852,-0.05421537610487259,0.8802044684979,-0.05545854249737829,true,true,research_universe_v1_2,0.001,true,qfq,true,false,true,true,false,false,true
2024-01-16,2024-02-21,full,true,false,-0.08225328114282222,1.0632723270386297,000852,-0.08412176616174483,0.8061601140243968,0.0018684850189226027,true,true,research_universe_v1_2,0.001,true,qfq,true,false,true,true,false,false,true
2024-02-21,2024-03-20,full,true,false,0.18492005808435721,1.2598927075141029,000852,0.11543753005826374,0.8992212464188615,0.06948252802609348,true,true,research_universe_v1_2,0.001,true,qfq,true,false,true,true,false,false,true
2024-03-20,2024-04-19,full,true,false,-0.15710998555869216,1.0619509824310607,000852,-0.06975605877207691,0.8364951163045671,-0.08735392678661524,true,true,research_universe_v1_2,0.001,true,qfq,true,false,true,true,false,false,true
2024-04-19,2024-05-22,full,true,false,0.05684105646067642,1.1223133981818956,000852,0.052289059131257254,0.8802346589040245,0.004551997329419168,true,true,research_universe_v1_2,0.001,true,qfq,true,false,true,true,false,false,true
2024-05-22,2024-06-20,full,true,false,-0.07268551395377011,1.0407374720178422,000852,-0.08728333507832597,0.8034048422233486,0.014597821124555863,true,true,research_universe_v1_2,0.001,true,qfq,true,false,true,true,false,false,true
2024-06-20,2024-07-18,full,true,false,-0.037467917967004834,1.0017432057910896,000852,-0.048200801401859894,0.7646800849780484,0.01073288343485506,true,true,research_universe_v1_2,0.001,true,qfq,true,false,true,true,false,false,true
2024-07-18,2024-08-15,full,true,false,-0.005982995429156323,0.995749780769653,000852,-0.02505594886574969,0.7455202998701813,0.019072953436593366,true,true,research_universe_v1_2,0.001,true,qfq,true,false,true,true,false,false,true
2024-08-15,2024-09-12,full,true,false,-0.015405522577161365,0.9804097350408028,000852,-0.04755267112119965,0.7100688182362764,0.03214714854403829,true,true,research_universe_v1_2,0.001,true,qfq,true,false,true,true,false,false,true
2024-09-12,2024-10-21,full,true,false,0.5007029795178416,1.4713038105240301,000852,0.31145915851000505,0.9312262548483409,0.18924382100783654,true,true,research_universe_v1_2,0.001,true,qfq,true,false,true,true,false,false,true
2024-10-21,2024-11-18,full,true,false,0.025381125795349176,1.508647157622117,000852,0.019450326504077298,0.9493389095543102,0.005930799291271879,true,true,research_universe_v1_2,0.001,true,qfq,true,false,true,true,false,false,true
2024-11-18,2024-12-16,full,true,false,0.11845947374077496,1.6873607059745488,000852,0.05070833668086028,0.997478306604231,0.06775113705991469,true,true,research_universe_v1_2,0.001,true,qfq,true,false,true,true,false,false,true
2024-12-16,2025-01-14,full,true,false,-0.07123204511327512,1.567166552044202,000852,-0.07430800698364959,0.9233576816310448,0.003075961870374469,true,true,research_universe_v1_2,0.001,true,qfq,true,false,true,true,false,false,true
2025-01-14,2025-02-19,full,true,false,0.2570076615185308,1.9699403627951413,000852,0.08216759449669153,0.9992277611907097,0.1748400670218393,true,true,research_universe_v1_2,0.001,true,qfq,true,false,true,true,false,false,true
2025-02-19,2025-03-19,full,true,false,0.00787276883542343,1.9854492478909975,000852,0.043913283390554,1.043107133039586,-0.036040514555130576,true,true,research_universe_v1_2,0.001,true,qfq,true,false,true,true,false,false,true
2025-03-19,2025-04-17,full,true,false,-0.1572399772506204,1.6732572533203558,000852,-0.11045778316688704,0.9278878315184662,-0.04678219408373335,true,true,research_universe_v1_2,0.001,true,qfq,true,false,true,true,false,false,true
2025-04-17,2025-05-20,full,true,false,0.06550513221896652,1.7828641909354506,000852,0.05247998136845933,0.9765833676285754,0.013025150850507192,true,true,research_universe_v1_2,0.001,true,qfq,true,false,true,true,false,false,true
2025-05-20,2025-06-18,full,true,false,0.018344886692292117,1.8155706325059067,000852,-0.0017295745864803758,0.9748942938543457,0.020074461278772493,true,true,research_universe_v1_2,0.001,true,qfq,true,false,true,true,false,false,true
2025-06-18,2025-07-16,full,true,false,0.0873223384974228,1.9741105058435675,000852,0.05324355908915335,1.0268011357948579,0.03407877940826945,true,true,research_universe_v1_2,0.001,true,qfq,true,false,true,true,false,false,true
2025-07-16,2025-08-13,full,true,false,0.07871892375231958,2.1295103602317202,000852,0.09320092973448091,1.1224999563033595,-0.01448200598216133,true,true,research_universe_v1_2,0.001,true,qfq,true,false,true,true,false,false,true
2025-08-13,2025-09-10,full,true,false,0.030315575474178773,2.194067692280371,000852,0.023475687007826762,1.1488514139438364,0.006839888466352011,true,true,research_universe_v1_2,0.001,true,qfq,true,false,true,true,false,false,true
2025-09-10,2025-10-16,full,true,false,0.018662979309991612,2.2350155322261207,000852,0.023743563429352355,1.176129240361713,-0.005080584119360743,true,true,research_universe_v1_2,0.001,true,qfq,true,false,true,true,false,false,true
2025-10-16,2025-11-13,full,true,false,-0.02215531750123695,2.1854980534894546,000852,0.025499065097327023,1.206119436424566,-0.04765438259856397,true,true,research_universe_v1_2,0.001,true,qfq,true,false,true,true,false,false,true
2025-11-13,2025-12-11,full,true,false,-0.014004051856829862,2.1548922254153875,000852,-0.03670075277515028,1.1618539451710443,0.02269670091832042,true,true,research_universe_v1_2,0.001,true,qfq,true,false,true,true,false,false,true
2021-03-31,2021-04-29,full,true,false,-0.005772717177438106,0.9942272828225619,399006,0.1061881457313758,1.1061881457313758,-0.11196086290881391,true,true,research_universe_v1_2,0.001,true,qfq,true,false,true,true,false,false,true
2021-04-29,2021-06-01,full,true,false,0.08638649086783651,1.080115088910667,399006,0.08151614658093598,1.1963603407649084,0.00487034428690053,true,true,research_universe_v1_2,0.001,true,qfq,true,false,true,true,false,false,true
2021-06-01,2021-06-30,full,true,false,0.06443394635215699,1.1497111666036923,399006,0.053639823523707886,1.2605328983143012,0.010794122828449104,true,true,research_universe_v1_2,0.001,true,qfq,true,false,true,true,false,false,true
2021-06-30,2021-07-28,full,true,false,-0.043061420685768854,1.1002029703914447,399006,-0.055291931967858976,1.1908355990574586,0.012230511282090122,true,true,research_universe_v1_2,0.001,true,qfq,true,false,true,true,false,false,true
2021-07-28,2021-08-25,full,true,false,0.11701240307606407,1.2289403638283714,399006,0.019403821097621732,1.2139423599782488,0.09760858197844234,true,true,research_universe_v1_2,0.001,true,qfq,true,false,true,true,false,false,true
2021-08-25,2021-09-24,full,true,false,-0.025875502668586136,1.197140914164597,399006,-0.042058614490572244,1.1628856262461482,0.016183111821986108,true,true,research_universe_v1_2,0.001,true,qfq,true,false,true,true,false,false,true
2021-09-24,2021-10-29,full,true,false,-0.036094849937827446,1.1539302925133923,399006,0.044531800412741296,1.2146710168569874,-0.08062665035056873,true,true,research_universe_v1_2,0.001,true,qfq,true,false,true,true,false,false,true
2021-10-29,2021-11-26,full,true,false,0.10754796453307591,1.2780331466862644,399006,0.03527652678419524,1.2575203915171287,0.07227143774888067,true,true,research_universe_v1_2,0.001,true,qfq,true,false,true,true,false,false,true
2021-11-26,2021-12-24,full,true,false,0.005185411017188295,1.2846602738454231,399006,-0.049514683455995745,1.1952546673916982,0.05470009447318404,true,true,research_universe_v1_2,0.001,true,qfq,true,false,true,true,false,false,true
2021-12-24,2022-01-24,full,true,false,0.03139851919048119,1.3249967041070074,399006,-0.07299726123787209,1.1080043501903205,0.10439578042835329,true,true,research_universe_v1_2,0.001,true,qfq,true,false,true,true,false,false,true
2022-01-24,2022-02-28,full,true,false,-0.06281744672810839,1.2417637942318462,399006,-0.057295603040148135,1.0445205727750586,-0.005521843687960257,true,true,research_universe_v1_2,0.001,true,qfq,true,false,true,true,false,false,true
2022-02-28,2022-03-28,full,true,false,-0.11316198517356091,1.1012433381599174,399006,-0.09966994179730737,0.9404132680804783,-0.013492043376253537,true,true,research_universe_v1_2,0.001,true,qfq,true,false,true,true,false,false,true
2022-03-28,2022-04-27,full,true,false,-0.2020558258866984,0.8787307059657905,399006,-0.12526743069930957,0.8226101141924957,-0.07678839518738884,true,true,research_universe_v1_2,0.001,true,qfq,true,false,true,true,false,false,true
2022-04-27,2022-05-30,full,true,false,0.11835076188133917,0.9827291545053688,399006,0.035788416028768255,0.8520500271886894,0.08256234585257091,true,true,research_universe_v1_2,0.001,true,qfq,true,false,true,true,false,false,true
2022-05-30,2022-06-28,full,true,false,0.11638983764946835,1.0971088412516479,399006,0.2084939456598507,1.0296972992568423,-0.09210410801038234,true,true,research_universe_v1_2,0.001,true,qfq,true,false,true,true,false,false,true
2022-06-28,2022-07-26,full,true,false,-0.01628411959140688,1.0792433896759162,399006,-0.044697615141422786,0.9836722856624975,0.028413495550015905,true,true,research_universe_v1_2,0.001,true,qfq,true,false,true,true,false,false,true
2022-07-26,2022-08-23,full,true,false,0.028914069712946487,1.1104487082822423,399006,0.024636442033418637,1.007906470908102,0.00427762767952785,true,true,research_universe_v1_2,0.001,true,qfq,true,false,true,true,false,false,true
2022-08-23,2022-09-21,full,true,false,-0.08989248332748433,1.0106277162869544,399006,-0.1614172520330467,0.8452129780677903,0.07152476870556236,true,true,research_universe_v1_2,0.001,true,qfq,true,false,true,true,false,false,true
2022-09-21,2022-10-26,full,true,false,0.036249805739118554,1.0472627746769254,399006,0.017739500411748654,0.8602066340402391,0.0185103053273699,true,true,research_universe_v1_2,0.001,true,qfq,true,false,true,true,false,false,true
2022-10-26,2022-11-23,full,true,false,0.04574250510678471,1.0951671974957302,399006,-0.013713293550453476,0.8484103679535978,0.059455798657238185,true,true,research_universe_v1_2,0.001,true,qfq,true,false,true,true,false,false,true
2022-11-23,2022-12-21,full,true,false,-0.06351276421739996,1.0256101015025532,399006,-0.015655844877240144,0.835127786840674,-0.047856919340159815,true,true,research_universe_v1_2,0.001,true,qfq,true,false,true,true,false,false,true
2022-12-21,2023-01-19,full,true,false,0.12440478811453387,1.153200908868104,399006,0.11622173026001659,0.9321877832155154,0.008183057854517284,true,true,research_universe_v1_2,0.001,true,qfq,true,false,true,true,false,false,true
2023-01-19,2023-02-23,full,true,false,0.07264501929902915,1.2369752111484853,399006,-0.04431758081075199,0.890875475802066,0.11696260010978114,true,true,research_universe_v1_2,0.001,true,qfq,true,false,true,true,false,false,true
2023-02-23,2023-03-23,full,true,false,0.1660106831460688,1.442326310985998,399006,-0.03909289190552934,0.8560485771252488,0.20510357505159812,true,true,research_universe_v1_2,0.001,true,qfq,true,false,true,true,false,false,true
2023-03-23,2023-04-21,full,true,false,-0.007641847980530435,1.4313042725791238,399006,-0.00856268077123401,0.8487185064346563,0.0009208327907035754,true,true,research_universe_v1_2,0.001,true,qfq,true,false,true,true,false,false,true
2023-04-21,2023-05-24,full,true,false,-0.050918292499529234,1.358424702972114,399006,-0.040974888838582024,0.8139423599782489,-0.00994340366094721,true,true,research_universe_v1_2,0.001,true,qfq,true,false,true,true,false,false,true
2023-05-24,2023-06-21,full,true,false,0.14127251616385345,1.5503327787801198,399006,-0.014884690414473156,0.801827079934747,0.1561572065783266,true,true,research_universe_v1_2,0.001,true,qfq,true,false,true,true,false,false,true
2023-06-21,2023-07-21,full,true,false,-0.11122960931607308,1.3778898694865052,399006,-0.02202690972222232,0.7841653072321911,-0.08920269959385076,true,true,research_universe_v1_2,0.001,true,qfq,true,false,true,true,false,false,true
2023-07-21,2023-08-18,full,true,false,-0.05811972242523739,1.2978072927394029,399006,-0.02043344798254365,0.7681421062171468,-0.03768627444269374,true,true,research_universe_v1_2,0.001,true,qfq,true,false,true,true,false,false,true
2023-08-18,2023-09-15,full,true,false,-0.020743644450917916,1.2708860396930084,399006,-0.054834538349725404,0.7260213884357438,0.034090893898807484,true,true,research_universe_v1_2,0.001,true,qfq,true,false,true,true,false,false,true
2023-09-15,2023-10-23,full,true,false,-0.07705725578969791,1.172955049052828,399006,-0.06881606606981472,0.676059452601051,-0.00824118971988319,true,true,research_universe_v1_2,0.001,true,qfq,true,false,true,true,false,false,true
2023-10-23,2023-11-20,full,true,false,0.1770167251412553,1.38058771057406,399006,0.06866819310315231,0.7224832336414715,0.10834853203810299,true,true,research_universe_v1_2,0.001,true,qfq,true,false,true,true,false,false,true
2023-11-20,2023-12-18,full,true,false,-0.05744094176420736,1.3012854522905952,399006,-0.08679006708580661,0.6597788653253577,0.02934912532159925,true,true,research_universe_v1_2,0.001,true,qfq,true,false,true,true,false,false,true
2023-12-18,2024-01-16,full,true,false,-0.10967391860225088,1.1585683775177833,399006,-0.037236263736263764,0.6352111654884898,-0.07243765486598712,true,true,research_universe_v1_2,0.001,true,qfq,true,false,true,true,false,false,true
2024-01-16,2024-02-21,full,true,false,-0.08225328114282222,1.0632723270386297,399006,0.00014267533371770114,0.6353017944535071,-0.08239595647653992,true,true,research_universe_v1_2,0.001,true,qfq,true,false,true,true,false,false,true
2024-02-21,2024-03-20,full,true,false,0.18492005808435721,1.2598927075141029,399006,0.08945608509084257,0.692133405836505,0.09546397299351464,true,true,research_universe_v1_2,0.001,true,qfq,true,false,true,true,false,false,true
2024-03-20,2024-04-19,full,true,false,-0.15710998555869216,1.0619509824310607,399006,-0.08026712059709307,0.6365778502809495,-0.07684286496159909,true,true,research_universe_v1_2,0.001,true,qfq,true,false,true,true,false,false,true
2024-04-19,2024-05-22,full,true,false,0.05684105646067642,1.1223133981818956,399006,0.06943621867881555,0.6807794090991478,-0.012595162218139132,true,true,research_universe_v1_2,0.001,true,qfq,true,false,true,true,false,false,true
2024-05-22,2024-06-20,full,true,false,-0.07268551395377011,1.0407374720178422,399006,-0.06136011459426072,0.639006706543411,-0.011325399359509394,true,true,research_universe_v1_2,0.001,true,qfq,true,false,true,true,false,false,true
2024-06-20,2024-07-18,full,true,false,-0.037467917967004834,1.0017432057910896,399006,-0.025523344868667364,0.6226971179989121,-0.01194457309833747,true,true,research_universe_v1_2,0.001,true,qfq,true,false,true,true,false,false,true
2024-07-18,2024-08-15,full,true,false,-0.005982995429156323,0.995749780769653,399006,-0.07277130598296566,0.5773826354903024,0.06678831055380934,true,true,research_universe_v1_2,0.001,true,qfq,true,false,true,true,false,false,true
2024-08-15,2024-09-12,full,true,false,-0.015405522577161365,0.9804097350408028,399006,-0.02567950223204485,0.5625557368134853,0.010273979654883483,true,true,research_universe_v1_2,0.001,true,qfq,true,false,true,true,false,false,true
2024-09-12,2024-10-21,full,true,false,0.5007029795178416,1.4713038105240301,399006,0.4243625186073039,0.8012833061446435,0.0763404609105377,true,true,research_universe_v1_2,0.001,true,qfq,true,false,true,true,false,false,true
2024-10-21,2024-11-18,full,true,false,0.025381125795349176,1.508647157622117,399006,-0.008772406055177151,0.7942541236179078,0.03415353185052633,true,true,research_universe_v1_2,0.001,true,qfq,true,false,true,true,false,false,true
2024-11-18,2024-12-16,full,true,false,0.11845947374077496,1.6873607059745488,399006,0.004828955475935315,0.7980895414174367,0.11363051826483965,true,true,research_universe_v1_2,0.001,true,qfq,true,false,true,true,false,false,true
2024-12-16,2025-01-14,full,true,false,-0.07123204511327512,1.567166552044202,399006,-0.057128451576857864,0.752495921696574,-0.014103593536417255,true,true,research_universe_v1_2,0.001,true,qfq,true,false,true,true,false,false,true
2025-01-14,2025-02-19,full,true,false,0.2570076615185308,1.9699403627951413,399006,0.07285042586811574,0.8073155700561897,0.18415723565041509,true,true,research_universe_v1_2,0.001,true,qfq,true,false,true,true,false,false,true
2025-02-19,2025-03-19,full,true,false,0.00787276883542343,1.9854492478909975,399006,-0.002079048756612134,0.8056371216240708,0.009951817592035565,true,true,research_universe_v1_2,0.001,true,qfq,true,false,true,true,false,false,true
2025-03-19,2025-04-17,full,true,false,-0.1572399772506204,1.6732572533203558,399006,-0.14109838684275655,0.6919630233822727,-0.016141590407863837,true,true,research_universe_v1_2,0.001,true,qfq,true,false,true,true,false,false,true
2025-04-17,2025-05-20,full,true,false,0.06550513221896652,1.7828641909354506,399006,0.07317763178574799,0.7425992387166935,-0.007672499566781468,true,true,research_universe_v1_2,0.001,true,qfq,true,false,true,true,false,false,true
2025-05-20,2025-06-18,full,true,false,0.018344886692292117,1.8155706325059067,399006,0.0030608359450514655,0.7448722131593254,0.015284050747240652,true,true,research_universe_v1_2,0.001,true,qfq,true,false,true,true,false,false,true
2025-06-18,2025-07-16,full,true,false,0.0873223384974228,1.9741105058435675,399006,0.08539321468027428,0.8084792459670107,0.0019291238171485203,true,true,research_universe_v1_2,0.001,true,qfq,true,false,true,true,false,false,true
2025-07-16,2025-08-13,full,true,false,0.07871892375231958,2.1295103602317202,399006,0.11941135060241503,0.9050208446619535,-0.040692426850095456,true,true,research_universe_v1_2,0.001,true,qfq,true,false,true,true,false,false,true
2025-08-13,2025-09-10,full,true,false,0.030315575474178773,2.194067692280371,399006,0.16333667133987584,1.0528439369222398,-0.13302109586569708,true,true,research_universe_v1_2,0.001,true,qfq,true,false,true,true,false,false,true
2025-09-10,2025-10-16,full,true,false,0.018662979309991612,2.2350155322261207,399006,0.04585317480812745,1.1011201740076124,-0.02719019549813584,true,true,research_universe_v1_2,0.001,true,qfq,true,false,true,true,false,false,true
2025-10-16,2025-11-13,full,true,false,-0.02215531750123695,2.1854980534894546,399006,0.054094895701643386,1.1606851549755297,-0.07625021320288033,true,true,research_universe_v1_2,0.001,true,qfq,true,false,true,true,false,false,true
2025-11-13,2025-12-11,full,true,false,-0.014004051856829862,2.1548922254153875,399006,-0.011893495744514704,1.146880551024107,-0.0021105561123151585,true,true,research_universe_v1_2,0.001,true,qfq,true,false,true,true,false,false,true
2021-03-31,2021-04-29,full,true,false,-0.0056508938480174424,0.9943491061519826,000300,0.022940123129095547,1.0229401231290955,-0.028591016977112988,true,true,expanded_only_v1_2,0.0,true,qfq,true,false,true,true,false,false,true
2021-04-29,2021-06-01,full,true,false,0.08374124945809018,1.077617142698685,000300,0.034373384299897225,1.058102037097196,0.049367865158192956,true,true,expanded_only_v1_2,0.0,true,qfq,true,false,true,true,false,false,true
2021-06-01,2021-06-30,full,true,false,0.06347904516764216,1.1460232499734802,000300,-0.022023033951865445,1.0347994200096666,0.0855020791195076,true,true,expanded_only_v1_2,0.0,true,qfq,true,false,true,true,false,false,true
2021-06-30,2021-07-28,full,true,false,-0.04295096171322083,1.0968004492414083,000300,-0.08873592085818649,0.9429755405715916,0.04578495914496566,true,true,expanded_only_v1_2,0.0,true,qfq,true,false,true,true,false,false,true
2021-07-28,2021-08-25,full,true,false,0.1092673530816605,1.2166449311887932,000300,0.028921453298827116,0.9702477636301692,0.08034589978283338,true,true,expanded_only_v1_2,0.0,true,qfq,true,false,true,true,false,false,true
2021-08-25,2021-09-24,full,true,false,-0.023329434913556487,1.188261292453716,000300,-0.009948633772681847,0.9605951239610491,-0.01338080114087464,true,true,expanded_only_v1_2,0.0,true,qfq,true,false,true,true,false,false,true
2021-09-24,2021-10-29,full,true,false,-0.03621872743173729,1.145223980584651,000300,0.01223648964929902,0.9723494362525655,-0.04845521708103631,true,true,expanded_only_v1_2,0.0,true,qfq,true,false,true,true,false,false,true
2021-10-29,2021-11-26,full,true,false,0.10912860412752384,1.2702006749992203,000300,-0.009908795889805422,0.9627146241551715,0.11903740001732926,true,true,expanded_only_v1_2,0.0,true,qfq,true,false,true,true,false,false,true
2021-11-26,2021-12-24,full,true,false,0.004573206561100252,1.2760095650600405,000300,0.012594313320837047,0.9748393537703336,-0.008021106759736794,true,true,expanded_only_v1_2,0.0,true,qfq,true,false,true,true,false,false,true
2021-12-24,2022-01-24,full,true,false,0.033511112984991945,1.318770065764698,000300,-0.027350274518728734,0.9481772298330549,0.06086138750372068,true,true,expanded_only_v1_2,0.0,true,qfq,true,false,true,true,false,false,true
2022-01-24,2022-02-28,full,true,false,-0.06426487511840047,1.2340194721784448,000300,-0.04284544387202982,0.907552155551506,-0.02141943124637065,true,true,expanded_only_v1_2,0.0,true,qfq,true,false,true,true,false,false,true
2022-02-28,2022-03-28,full,true,false,-0.11299546134078906,1.0945808726161244,000300,-0.09454672443333723,0.8217460719916966,-0.01844873690745183,true,true,expanded_only_v1_2,0.0,true,qfq,true,false,true,true,false,false,true
2022-03-28,2022-04-27,full,true,false,-0.2027343202528289,0.8726717634445461,000300,-0.060969465851265725,0.7716446529169871,-0.14176485440156317,true,true,expanded_only_v1_2,0.0,true,qfq,true,false,true,true,false,false,true
2022-04-27,2022-05-30,full,true,false,0.11763109125685894,0.9753250952875756,000300,0.034264825929139375,0.7980849226283389,0.08336626532771957,true,true,expanded_only_v1_2,0.0,true,qfq,true,false,true,true,false,false,true
2022-05-30,2022-06-28,full,true,false,0.11212913074011421,1.0846874504111905,000300,0.11454398340043004,0.8895007487580128,-0.002414852660315825,true,true,expanded_only_v1_2,0.0,true,qfq,true,false,true,true,false,false,true
2022-06-28,2022-07-26,full,true,false,-0.016307244527435497,1.0669991869214948,000300,-0.05445694485271213,0.8410612555364515,0.038149700325276634,true,true,expanded_only_v1_2,0.0,true,qfq,true,false,true,true,false,false,true
2022-07-26,2022-08-23,full,true,false,0.029928918519935052,1.098933318647705,000300,-0.019995383868977146,0.8242439128746762,0.0499243023889122,true,true,expanded_only_v1_2,0.0,true,qfq,true,false,true,true,false,false,true
2022-08-23,2022-09-21,full,true,false,-0.09189468605295405,0.9979471863374433,000300,-0.06184692435617678,0.773266961944077,-0.030047761696777267,true,true,expanded_only_v1_2,0.0,true,qfq,true,false,true,true,false,false,true
2022-09-21,2022-10-26,full,true,false,0.03676698618750497,1.0346386967533716,000300,-0.06322927046696358,0.7243738560641477,0.09999625665446855,true,true,expanded_only_v1_2,0.0,true,qfq,true,false,true,true,false,false,true
2022-10-26,2022-11-23,full,true,false,0.04825475415977104,1.0845649327093916,000300,0.03189313352839851,0.7474764081800825,0.01636162063137253,true,true,expanded_only_v1_2,0.0,true,qfq,true,false,true,true,false,false,true
2022-11-23,2022-12-21,full,true,false,-0.06447283562917551,1.0146399560736512,000300,0.015107869819505737,0.758769184448019,-0.07958070544868125,true,true,expanded_only_v1_2,0.0,true,qfq,true,false,true,true,false,false,true
2022-12-21,2023-01-19,full,true,false,0.12649969899088304,1.1429916051010909,000300,0.08496713257138677,0.8232396263340969,0.041532566419496264,true,true,expanded_only_v1_2,0.0,true,qfq,true,false,true,true,false,false,true
2023-01-19,2023-02-23,full,true,false,0.07415481463304249,1.2277499357044859,000300,-0.012598622236231538,0.8128679412720171,0.08675343686927403,true,true,expanded_only_v1_2,0.0,true,qfq,true,false,true,true,false,false,true
2023-02-23,2023-03-23,full,true,false,0.16901964015856963,1.4352637880419652,000300,-0.015732335847355228,0.8000796298203775,0.18475197600592486,true,true,expanded_only_v1_2,0.0,true,qfq,true,false,true,true,false,false,true
2023-03-23,2023-04-21,full,true,false,-0.005497230001042965,1.4273738128869304,000300,-0.0016142249863211333,0.7987881212908748,-0.0038830050147218315,true,true,expanded_only_v1_2,0.0,true,qfq,true,false,true,true,false,false,true
2023-04-21,2023-05-24,full,true,false,-0.05367969292226676,1.3507528249258751,000300,-0.043019711995080034,0.7644244863678503,-0.010659980927186723,true,true,expanded_only_v1_2,0.0,true,qfq,true,false,true,true,false,false,true
2023-05-24,2023-06-21,full,true,false,0.14228654432368015,1.5429467766200269,000300,0.0012800945300577293,0.765403021971492,0.14100644979362242,true,true,expanded_only_v1_2,0.0,true,qfq,true,false,true,true,false,false,true
2023-06-21,2023-07-21,full,true,false,-0.1136323478523329,1.3676181117815043,000300,-0.010900536486518009,0.7570597184036006,-0.10273181136581488,true,true,expanded_only_v1_2,0.0,true,qfq,true,false,true,true,false,false,true
2023-07-21,2023-08-18,full,true,false,-0.05866142934577409,1.2873916785452326,000300,-0.009919124207529717,0.7495503490242379,-0.048742305138244374,true,true,expanded_only_v1_2,0.0,true,qfq,true,false,true,true,false,false,true
2023-08-18,2023-09-15,full,true,false,-0.02029290661442756,1.2612667594363232,000300,-0.019878435517970305,0.7346504607436875,-0.00041447109645725497,true,true,expanded_only_v1_2,0.0,true,qfq,true,false,true,true,false,false,true
2023-09-15,2023-10-23,full,true,false,-0.07716087907803487,1.1639463075263121,000300,-0.06323912445602065,0.6881918088250445,-0.013921754622014226,true,true,expanded_only_v1_2,0.0,true,qfq,true,false,true,true,false,false,true
2023-10-23,2023-11-20,full,true,false,0.177308426645224,1.3703237960133205,000300,0.029381965552178535,0.7084122368452334,0.14792646109304547,true,true,expanded_only_v1_2,0.0,true,qfq,true,false,true,true,false,false,true
2023-11-20,2023-12-18,full,true,false,-0.05727243198981866,1.2918420196021174,000300,-0.0690514271653544,0.659495360869669,0.011778995175535732,true,true,expanded_only_v1_2,0.0,true,qfq,true,false,true,true,false,false,true
2023-12-18,2024-01-16,full,true,false,-0.10988068563635123,1.149893532754388,000300,-0.00855717448045723,0.6538519439976551,-0.101323511155894,true,true,expanded_only_v1_2,0.0,true,qfq,true,false,true,true,false,false,true
2024-01-16,2024-02-21,full,true,false,-0.08300795783668483,1.0544432188708353,000300,0.04725709507767628,0.6847510874818757,-0.1302650529143611,true,true,expanded_only_v1_2,0.0,true,qfq,true,false,true,true,false,false,true
2024-02-21,2024-03-20,full,true,false,0.1882875714610209,1.2529817717955665,000300,0.0371752481290879,0.7102068790656773,0.151112323331933,true,true,expanded_only_v1_2,0.0,true,qfq,true,false,true,true,false,false,true
2024-03-20,2024-04-19,full,true,false,-0.16126372194346128,1.0509212677485007,000300,-0.0121939654931974,0.701546640889319,-0.14906975645026388,true,true,expanded_only_v1_2,0.0,true,qfq,true,false,true,true,false,false,true
2024-04-19,2024-05-22,full,true,false,0.05656482861274792,1.1103664491441865,000300,0.04031725236188688,0.7298310738536876,0.01624757625086104,true,true,expanded_only_v1_2,0.0,true,qfq,true,false,true,true,false,false,true
2024-05-22,2024-06-20,full,true,false,-0.07357392989684172,1.028672425855047,000300,-0.04917151813703524,0.6939441719687192,-0.02440241175980648,true,true,expanded_only_v1_2,0.0,true,qfq,true,false,true,true,false,false,true
2024-06-20,2024-07-18,full,true,false,-0.03919507404849842,0.98835353395201,000300,0.005038135689981793,0.6974403568683696,-0.04423320973848021,true,true,expanded_only_v1_2,0.0,true,qfq,true,false,true,true,false,false,true
2024-07-18,2024-08-15,full,true,false,-0.004482215635524883,0.983923520288704,000300,-0.050833160557011925,0.66198725922874,0.046350944921487044,true,true,expanded_only_v1_2,0.0,true,qfq,true,false,true,true,false,false,true
2024-08-15,2024-09-12,full,true,false,-0.016187116434785973,0.9679966357028662,000300,-0.05071290713505594,0.6284159608268828,0.03452579070026997,true,true,expanded_only_v1_2,0.0,true,qfq,true,false,true,true,false,false,true
2024-09-12,2024-10-21,full,true,false,0.5045230530566049,1.4563732536961984,000300,0.24042150122774997,0.7795006695243608,0.264101551828855,true,true,expanded_only_v1_2,0.0,true,qfq,true,false,true,true,false,false,true
2024-10-21,2024-11-18,full,true,false,0.025850459702135876,1.4940211718021406,000300,0.003857491360032661,0.7825075866221907,0.021992968342103215,true,true,expanded_only_v1_2,0.0,true,qfq,true,false,true,true,false,false,true
2024-11-18,2024-12-16,full,true,false,0.1192021233073128,1.6721116677470353,000300,-0.00975602347115978,0.774873424240744,0.12895814677847256,true,true,expanded_only_v1_2,0.0,true,qfq,true,false,true,true,false,false,true
2024-12-16,2025-01-14,full,true,false,-0.07155234861505531,1.552468150773098,000300,-0.023339400384473796,0.756788343145101,-0.04821294823058152,true,true,expanded_only_v1_2,0.0,true,qfq,true,false,true,true,false,false,true
2025-01-14,2025-02-19,full,true,false,0.2593266550444528,1.9550645233761328,000300,0.03130971014568629,0.7804831668106083,0.2280169448987665,true,true,expanded_only_v1_2,0.0,true,qfq,true,false,true,true,false,false,true
2025-02-19,2025-03-19,full,true,false,0.009075219335327692,1.972807162740489,000300,0.01776831397709744,0.7943510367723384,-0.008693094641769747,true,true,expanded_only_v1_2,0.0,true,qfq,true,false,true,true,false,false,true
2025-03-19,2025-04-17,full,true,false,-0.15923984073171352,1.65865766435131,000300,-0.05933663660144095,0.7472169179694004,-0.09990320413027257,true,true,expanded_only_v1_2,0.0,true,qfq,true,false,true,true,false,false,true
2025-04-17,2025-05-20,full,true,false,0.06515443999050047,1.766726575608071,000300,0.03338882673863153,0.7721656141796549,0.03176561325186894,true,true,expanded_only_v1_2,0.0,true,qfq,true,false,true,true,false,false,true
2025-05-20,2025-06-18,full,true,false,0.017406205655683914,1.7974785817204673,000300,-0.005951510580605834,0.7675700623568846,0.02335771623628975,true,true,expanded_only_v1_2,0.0,true,qfq,true,false,true,true,false,false,true
2025-06-18,2025-07-16,full,true,false,0.0881936263248255,1.9560047360835995,000300,0.03412413515459467,0.7937627269053716,0.05406949117023083,true,true,expanded_only_v1_2,0.0,true,qfq,true,false,true,true,false,false,true
2025-07-16,2025-08-13,full,true,false,0.07839763932438037,2.1093508898998614,000300,0.04226891595128768,0.8273142168941997,0.0361287233730927,true,true,expanded_only_v1_2,0.0,true,qfq,true,false,true,true,false,false,true
2025-08-13,2025-09-10,full,true,false,0.03192562534731724,2.1766932361368347,000300,0.06435408875204107,0.8805552694340344,-0.032428463404723835,true,true,expanded_only_v1_2,0.0,true,qfq,true,false,true,true,false,false,true
2025-09-10,2025-10-16,full,true,false,0.020620196999623346,2.221577079473724,000300,0.03893048032105395,0.9148357090223365,-0.018310283321430604,true,true,expanded_only_v1_2,0.0,true,qfq,true,false,true,true,false,false,true
2025-10-16,2025-11-13,full,true,false,-0.022511113633471493,2.1715669053921753,000300,0.0181122548403998,0.9314054465212469,-0.040623368473871296,true,true,expanded_only_v1_2,0.0,true,qfq,true,false,true,true,false,false,true
2025-11-13,2025-12-11,full,true,false,-0.013325871021174097,2.142628884897069,000300,-0.031877449718953454,0.9017146162318065,0.018551578697779358,true,true,expanded_only_v1_2,0.0,true,qfq,true,false,true,true,false,false,true
2021-03-31,2021-04-29,full,true,false,-0.0056508938480174424,0.9943491061519826,000852,0.01775036983247502,1.017750369832475,-0.023401263680492463,true,true,expanded_only_v1_2,0.0,true,qfq,true,false,true,true,false,false,true
2021-04-29,2021-06-01,full,true,false,0.08374124945809018,1.077617142698685,000852,0.07019874787278879,1.0891951714417825,0.01354250158530139,true,true,expanded_only_v1_2,0.0,true,qfq,true,false,true,true,false,false,true
2021-06-01,2021-06-30,full,true,false,0.06347904516764216,1.1460232499734802,000852,0.03340321208858699,1.1255777887593172,0.030075833079055175,true,true,expanded_only_v1_2,0.0,true,qfq,true,false,true,true,false,false,true
2021-06-30,2021-07-28,full,true,false,-0.04295096171322083,1.0968004492414083,000852,-0.019508166636079904,1.10361982969433,-0.023442795077140928,true,true,expanded_only_v1_2,0.0,true,qfq,true,false,true,true,false,false,true
2021-07-28,2021-08-25,full,true,false,0.1092673530816605,1.2166449311887932,000852,0.11865507356551208,1.2345699217750687,-0.009387720483851586,true,true,expanded_only_v1_2,0.0,true,qfq,true,false,true,true,false,false,true
2021-08-25,2021-09-24,full,true,false,-0.023329434913556487,1.188261292453716,000852,-0.009525550122721493,1.222809964105196,-0.013803884790834994,true,true,expanded_only_v1_2,0.0,true,qfq,true,false,true,true,false,false,true
2021-09-24,2021-10-29,full,true,false,-0.03621872743173729,1.145223980584651,000852,-0.040324236383813106,1.173501086060136,0.004105508952075815,true,true,expanded_only_v1_2,0.0,true,qfq,true,false,true,true,false,false,true
2021-10-29,2021-11-26,full,true,false,0.10912860412752384,1.2702006749992203,000852,0.07521563105087137,1.261766710787032,0.033912973076652475,true,true,expanded_only_v1_2,0.0,true,qfq,true,false,true,true,false,false,true
2021-11-26,2021-12-24,full,true,false,0.004573206561100252,1.2760095650600405,000852,-0.02067552472738865,1.235679021957959,0.025248731288488903,true,true,expanded_only_v1_2,0.0,true,qfq,true,false,true,true,false,false,true
2021-12-24,2022-01-24,full,true,false,0.033511112984991945,1.318770065764698,000852,-0.045162352233171,1.1798728507211533,0.07867346521816294,true,true,expanded_only_v1_2,0.0,true,qfq,true,false,true,true,false,false,true
2022-01-24,2022-02-28,full,true,false,-0.06426487511840047,1.2340194721784448,000852,-0.0007501279392355675,1.1789877951310819,-0.0635147471791649,true,true,expanded_only_v1_2,0.0,true,qfq,true,false,true,true,false,false,true
2022-02-28,2022-03-28,full,true,false,-0.11299546134078906,1.0945808726161244,000852,-0.08795080210732587,1.0752948728745557,-0.02504465923346319,true,true,expanded_only_v1_2,0.0,true,qfq,true,false,true,true,false,false,true
2022-03-28,2022-04-27,full,true,false,-0.2027343202528289,0.8726717634445461,000852,-0.18124496656692157,0.8804030895908247,-0.02148935368590732,true,true,expanded_only_v1_2,0.0,true,qfq,true,false,true,true,false,false,true
2022-04-27,2022-05-30,full,true,false,0.11763109125685894,0.9753250952875756,000852,0.13385264009009656,0.9982473674760344,-0.01622154883323762,true,true,expanded_only_v1_2,0.0,true,qfq,true,false,true,true,false,false,true
2022-05-30,2022-06-28,full,true,false,0.11212913074011421,1.0846874504111905,000852,0.12692045664368168,1.1249453791994457,-0.014791325903567465,true,true,expanded_only_v1_2,0.0,true,qfq,true,false,true,true,false,false,true
2022-06-28,2022-07-26,full,true,false,-0.016307244527435497,1.0669991869214948,000852,-0.0073872978027379466,1.1166350726714855,-0.00891994672469755,true,true,expanded_only_v1_2,0.0,true,qfq,true,false,true,true,false,false,true
2022-07-26,2022-08-23,full,true,false,0.029928918519935052,1.098933318647705,000852,0.03964470602297854,1.160903741862494,-0.009715787503043485,true,true,expanded_only_v1_2,0.0,true,qfq,true,false,true,true,false,false,true
2022-08-23,2022-09-21,full,true,false,-0.09189468605295405,0.9979471863374433,000852,-0.11297806466448213,1.0297470838451137,0.021083378611528078,true,true,expanded_only_v1_2,0.0,true,qfq,true,false,true,true,false,false,true
2022-09-21,2022-10-26,full,true,false,0.03676698618750497,1.0346386967533716,000852,0.0017112613029657275,1.0315092501815397,0.035055724884539244,true,true,expanded_only_v1_2,0.0,true,qfq,true,false,true,true,false,false,true
2022-10-26,2022-11-23,full,true,false,0.04825475415977104,1.0845649327093916,000852,0.01175348792071107,1.04363308169365,0.03650126623905997,true,true,expanded_only_v1_2,0.0,true,qfq,true,false,true,true,false,false,true
2022-11-23,2022-12-21,full,true,false,-0.06447283562917551,1.0146399560736512,000852,-0.04245591116917036,0.999324688284057,-0.022016924460005152,true,true,expanded_only_v1_2,0.0,true,qfq,true,false,true,true,false,false,true
2022-12-21,2023-01-19,full,true,false,0.12649969899088304,1.1429916051010909,000852,0.06152510518131238,1.0608082448410159,0.06497459380957066,true,true,expanded_only_v1_2,0.0,true,qfq,true,false,true,true,false,false,true
2023-01-19,2023-02-23,full,true,false,0.07415481463304249,1.2277499357044859,000852,0.04354501443961123,1.1070011551802765,0.030609800193431264,true,true,expanded_only_v1_2,0.0,true,qfq,true,false,true,true,false,false,true
2023-02-23,2023-03-23,full,true,false,0.16901964015856963,1.4352637880419652,000852,-0.014060995092431416,1.0914356173699709,0.18308063525100104,true,true,expanded_only_v1_2,0.0,true,qfq,true,false,true,true,false,false,true
2023-03-23,2023-04-21,full,true,false,-0.005497230001042965,1.4273738128869304,000852,-0.013877181412263795,1.0762895673079216,0.00837995141122083,true,true,expanded_only_v1_2,0.0,true,qfq,true,false,true,true,false,false,true
2023-04-21,2023-05-24,full,true,false,-0.05367969292226676,1.3507528249258751,000852,-0.038433544794353236,1.0349239440110976,-0.015246148127913521,true,true,expanded_only_v1_2,0.0,true,qfq,true,false,true,true,false,false,true
2023-05-24,2023-06-21,full,true,false,0.14228654432368015,1.5429467766200269,000852,0.005409032147123183,1.040521880894081,0.13687751217655697,true,true,expanded_only_v1_2,0.0,true,qfq,true,false,true,true,false,false,true
2023-06-21,2023-07-21,full,true,false,-0.1136323478523329,1.3676181117815043,000852,-0.02244667026041436,1.0171656293349054,-0.09118567759191853,true,true,expanded_only_v1_2,0.0,true,qfq,true,false,true,true,false,false,true
2023-07-21,2023-08-18,full,true,false,-0.05866142934577409,1.2873916785452326,000852,-0.04441358323621958,0.9719896589914179,-0.014247846109554513,true,true,expanded_only_v1_2,0.0,true,qfq,true,false,true,true,false,false,true
2023-08-18,2023-09-15,full,true,false,-0.02029290661442756,1.2612667594363232,000852,-0.006220257605306978,0.9659436329227967,-0.014072649009120582,true,true,expanded_only_v1_2,0.0,true,qfq,true,false,true,true,false,false,true
2023-09-15,2023-10-23,full,true,false,-0.07716087907803487,1.1639463075263121,000852,-0.07253095050879577,0.8958828230889869,-0.004629928569239106,true,true,expanded_only_v1_2,0.0,true,qfq,true,false,true,true,false,false,true
2023-10-23,2023-11-20,full,true,false,0.177308426645224,1.3703237960133205,000852,0.1091033567807822,0.993626646370239,0.0682050698644418,true,true,expanded_only_v1_2,0.0,true,qfq,true,false,true,true,false,false,true
2023-11-20,2023-12-18,full,true,false,-0.05727243198981866,1.2918420196021174,000852,-0.06336994345367541,0.9306605819756918,0.0060975114638567515,true,true,expanded_only_v1_2,0.0,true,qfq,true,false,true,true,false,false,true
2023-12-18,2024-01-16,full,true,false,-0.10988068563635123,1.149893532754388,000852,-0.05421537610487259,0.8802044684979,-0.055665309531478635,true,true,expanded_only_v1_2,0.0,true,qfq,true,false,true,true,false,false,true
2024-01-16,2024-02-21,full,true,false,-0.08300795783668483,1.0544432188708353,000852,-0.08412176616174483,0.8061601140243968,0.0011138083250600006,true,true,expanded_only_v1_2,0.0,true,qfq,true,false,true,true,false,false,true
2024-02-21,2024-03-20,full,true,false,0.1882875714610209,1.2529817717955665,000852,0.11543753005826374,0.8992212464188615,0.07285004140275717,true,true,expanded_only_v1_2,0.0,true,qfq,true,false,true,true,false,false,true
2024-03-20,2024-04-19,full,true,false,-0.16126372194346128,1.0509212677485007,000852,-0.06975605877207691,0.8364951163045671,-0.09150766317138437,true,true,expanded_only_v1_2,0.0,true,qfq,true,false,true,true,false,false,true
2024-04-19,2024-05-22,full,true,false,0.05656482861274792,1.1103664491441865,000852,0.052289059131257254,0.8802346589040245,0.0042757694814906655,true,true,expanded_only_v1_2,0.0,true,qfq,true,false,true,true,false,false,true
2024-05-22,2024-06-20,full,true,false,-0.07357392989684172,1.028672425855047,000852,-0.08728333507832597,0.8034048422233486,0.013709405181484252,true,true,expanded_only_v1_2,0.0,true,qfq,true,false,true,true,false,false,true
2024-06-20,2024-07-18,full,true,false,-0.03919507404849842,0.98835353395201,000852,-0.048200801401859894,0.7646800849780484,0.009005727353361477,true,true,expanded_only_v1_2,0.0,true,qfq,true,false,true,true,false,false,true
2024-07-18,2024-08-15,full,true,false,-0.004482215635524883,0.983923520288704,000852,-0.02505594886574969,0.7455202998701813,0.020573733230224805,true,true,expanded_only_v1_2,0.0,true,qfq,true,false,true,true,false,false,true
2024-08-15,2024-09-12,full,true,false,-0.016187116434785973,0.9679966357028662,000852,-0.04755267112119965,0.7100688182362764,0.03136555468641368,true,true,expanded_only_v1_2,0.0,true,qfq,true,false,true,true,false,false,true
2024-09-12,2024-10-21,full,true,false,0.5045230530566049,1.4563732536961984,000852,0.31145915851000505,0.9312262548483409,0.1930638945465999,true,true,expanded_only_v1_2,0.0,true,qfq,true,false,true,true,false,false,true
2024-10-21,2024-11-18,full,true,false,0.025850459702135876,1.4940211718021406,000852,0.019450326504077298,0.9493389095543102,0.006400133198058579,true,true,expanded_only_v1_2,0.0,true,qfq,true,false,true,true,false,false,true
2024-11-18,2024-12-16,full,true,false,0.1192021233073128,1.6721116677470353,000852,0.05070833668086028,0.997478306604231,0.06849378662645252,true,true,expanded_only_v1_2,0.0,true,qfq,true,false,true,true,false,false,true
2024-12-16,2025-01-14,full,true,false,-0.07155234861505531,1.552468150773098,000852,-0.07430800698364959,0.9233576816310448,0.0027556583685942743,true,true,expanded_only_v1_2,0.0,true,qfq,true,false,true,true,false,false,true
2025-01-14,2025-02-19,full,true,false,0.2593266550444528,1.9550645233761328,000852,0.08216759449669153,0.9992277611907097,0.17715906054776126,true,true,expanded_only_v1_2,0.0,true,qfq,true,false,true,true,false,false,true
2025-02-19,2025-03-19,full,true,false,0.009075219335327692,1.972807162740489,000852,0.043913283390554,1.043107133039586,-0.03483806405522631,true,true,expanded_only_v1_2,0.0,true,qfq,true,false,true,true,false,false,true
2025-03-19,2025-04-17,full,true,false,-0.15923984073171352,1.65865766435131,000852,-0.11045778316688704,0.9278878315184662,-0.04878205756482648,true,true,expanded_only_v1_2,0.0,true,qfq,true,false,true,true,false,false,true
2025-04-17,2025-05-20,full,true,false,0.06515443999050047,1.766726575608071,000852,0.05247998136845933,0.9765833676285754,0.01267445862204114,true,true,expanded_only_v1_2,0.0,true,qfq,true,false,true,true,false,false,true
2025-05-20,2025-06-18,full,true,false,0.017406205655683914,1.7974785817204673,000852,-0.0017295745864803758,0.9748942938543457,0.01913578024216429,true,true,expanded_only_v1_2,0.0,true,qfq,true,false,true,true,false,false,true
2025-06-18,2025-07-16,full,true,false,0.0881936263248255,1.9560047360835995,000852,0.05324355908915335,1.0268011357948579,0.03495006723567215,true,true,expanded_only_v1_2,0.0,true,qfq,true,false,true,true,false,false,true
2025-07-16,2025-08-13,full,true,false,0.07839763932438037,2.1093508898998614,000852,0.09320092973448091,1.1224999563033595,-0.014803290410100534,true,true,expanded_only_v1_2,0.0,true,qfq,true,false,true,true,false,false,true
2025-08-13,2025-09-10,full,true,false,0.03192562534731724,2.1766932361368347,000852,0.023475687007826762,1.1488514139438364,0.008449938339490475,true,true,expanded_only_v1_2,0.0,true,qfq,true,false,true,true,false,false,true
2025-09-10,2025-10-16,full,true,false,0.020620196999623346,2.221577079473724,000852,0.023743563429352355,1.176129240361713,-0.0031233664297290083,true,true,expanded_only_v1_2,0.0,true,qfq,true,false,true,true,false,false,true
2025-10-16,2025-11-13,full,true,false,-0.022511113633471493,2.1715669053921753,000852,0.025499065097327023,1.206119436424566,-0.04801017873079852,true,true,expanded_only_v1_2,0.0,true,qfq,true,false,true,true,false,false,true
2025-11-13,2025-12-11,full,true,false,-0.013325871021174097,2.142628884897069,000852,-0.03670075277515028,1.1618539451710443,0.023374881753976184,true,true,expanded_only_v1_2,0.0,true,qfq,true,false,true,true,false,false,true
2021-03-31,2021-04-29,full,true,false,-0.0056508938480174424,0.9943491061519826,399006,0.1061881457313758,1.1061881457313758,-0.11183903957939324,true,true,expanded_only_v1_2,0.0,true,qfq,true,false,true,true,false,false,true
2021-04-29,2021-06-01,full,true,false,0.08374124945809018,1.077617142698685,399006,0.08151614658093598,1.1963603407649084,0.002225102877154203,true,true,expanded_only_v1_2,0.0,true,qfq,true,false,true,true,false,false,true
2021-06-01,2021-06-30,full,true,false,0.06347904516764216,1.1460232499734802,399006,0.053639823523707886,1.2605328983143012,0.009839221643934276,true,true,expanded_only_v1_2,0.0,true,qfq,true,false,true,true,false,false,true
2021-06-30,2021-07-28,full,true,false,-0.04295096171322083,1.0968004492414083,399006,-0.055291931967858976,1.1908355990574586,0.012340970254638144,true,true,expanded_only_v1_2,0.0,true,qfq,true,false,true,true,false,false,true
2021-07-28,2021-08-25,full,true,false,0.1092673530816605,1.2166449311887932,399006,0.019403821097621732,1.2139423599782488,0.08986353198403876,true,true,expanded_only_v1_2,0.0,true,qfq,true,false,true,true,false,false,true
2021-08-25,2021-09-24,full,true,false,-0.023329434913556487,1.188261292453716,399006,-0.042058614490572244,1.1628856262461482,0.018729179577015757,true,true,expanded_only_v1_2,0.0,true,qfq,true,false,true,true,false,false,true
2021-09-24,2021-10-29,full,true,false,-0.03621872743173729,1.145223980584651,399006,0.044531800412741296,1.2146710168569874,-0.08075052784447859,true,true,expanded_only_v1_2,0.0,true,qfq,true,false,true,true,false,false,true
2021-10-29,2021-11-26,full,true,false,0.10912860412752384,1.2702006749992203,399006,0.03527652678419524,1.2575203915171287,0.0738520773433286,true,true,expanded_only_v1_2,0.0,true,qfq,true,false,true,true,false,false,true
2021-11-26,2021-12-24,full,true,false,0.004573206561100252,1.2760095650600405,399006,-0.049514683455995745,1.1952546673916982,0.054087890017096,true,true,expanded_only_v1_2,0.0,true,qfq,true,false,true,true,false,false,true
2021-12-24,2022-01-24,full,true,false,0.033511112984991945,1.318770065764698,399006,-0.07299726123787209,1.1080043501903205,0.10650837422286404,true,true,expanded_only_v1_2,0.0,true,qfq,true,false,true,true,false,false,true
2022-01-24,2022-02-28,full,true,false,-0.06426487511840047,1.2340194721784448,399006,-0.057295603040148135,1.0445205727750586,-0.006969272078252334,true,true,expanded_only_v1_2,0.0,true,qfq,true,false,true,true,false,false,true
2022-02-28,2022-03-28,full,true,false,-0.11299546134078906,1.0945808726161244,399006,-0.09966994179730737,0.9404132680804783,-0.013325519543481684,true,true,expanded_only_v1_2,0.0,true,qfq,true,false,true,true,false,false,true
2022-03-28,2022-04-27,full,true,false,-0.2027343202528289,0.8726717634445461,399006,-0.12526743069930957,0.8226101141924957,-0.07746688955351932,true,true,expanded_only_v1_2,0.0,true,qfq,true,false,true,true,false,false,true
2022-04-27,2022-05-30,full,true,false,0.11763109125685894,0.9753250952875756,399006,0.035788416028768255,0.8520500271886894,0.08184267522809069,true,true,expanded_only_v1_2,0.0,true,qfq,true,false,true,true,false,false,true
2022-05-30,2022-06-28,full,true,false,0.11212913074011421,1.0846874504111905,399006,0.2084939456598507,1.0296972992568423,-0.09636481491973647,true,true,expanded_only_v1_2,0.0,true,qfq,true,false,true,true,false,false,true
2022-06-28,2022-07-26,full,true,false,-0.016307244527435497,1.0669991869214948,399006,-0.044697615141422786,0.9836722856624975,0.02839037061398729,true,true,expanded_only_v1_2,0.0,true,qfq,true,false,true,true,false,false,true
2022-07-26,2022-08-23,full,true,false,0.029928918519935052,1.098933318647705,399006,0.024636442033418637,1.007906470908102,0.005292476486516415,true,true,expanded_only_v1_2,0.0,true,qfq,true,false,true,true,false,false,true
2022-08-23,2022-09-21,full,true,false,-0.09189468605295405,0.9979471863374433,399006,-0.1614172520330467,0.8452129780677903,0.06952256598009264,true,true,expanded_only_v1_2,0.0,true,qfq,true,false,true,true,false,false,true
2022-09-21,2022-10-26,full,true,false,0.03676698618750497,1.0346386967533716,399006,0.017739500411748654,0.8602066340402391,0.019027485775756317,true,true,expanded_only_v1_2,0.0,true,qfq,true,false,true,true,false,false,true
2022-10-26,2022-11-23,full,true,false,0.04825475415977104,1.0845649327093916,399006,-0.013713293550453476,0.8484103679535978,0.061968047710224516,true,true,expanded_only_v1_2,0.0,true,qfq,true,false,true,true,false,false,true
2022-11-23,2022-12-21,full,true,false,-0.06447283562917551,1.0146399560736512,399006,-0.015655844877240144,0.835127786840674,-0.048816990751935366,true,true,expanded_only_v1_2,0.0,true,qfq,true,false,true,true,false,false,true
2022-12-21,2023-01-19,full,true,false,0.12649969899088304,1.1429916051010909,399006,0.11622173026001659,0.9321877832155154,0.010277968730866449,true,true,expanded_only_v1_2,0.0,true,qfq,true,false,true,true,false,false,true
2023-01-19,2023-02-23,full,true,false,0.07415481463304249,1.2277499357044859,399006,-0.04431758081075199,0.890875475802066,0.11847239544379448,true,true,expanded_only_v1_2,0.0,true,qfq,true,false,true,true,false,false,true
2023-02-23,2023-03-23,full,true,false,0.16901964015856963,1.4352637880419652,399006,-0.03909289190552934,0.8560485771252488,0.20811253206409897,true,true,expanded_only_v1_2,0.0,true,qfq,true,false,true,true,false,false,true
2023-03-23,2023-04-21,full,true,false,-0.005497230001042965,1.4273738128869304,399006,-0.00856268077123401,0.8487185064346563,0.0030654507701910454,true,true,expanded_only_v1_2,0.0,true,qfq,true,false,true,true,false,false,true
2023-04-21,2023-05-24,full,true,false,-0.05367969292226676,1.3507528249258751,399006,-0.040974888838582024,0.8139423599782489,-0.012704804083684733,true,true,expanded_only_v1_2,0.0,true,qfq,true,false,true,true,false,false,true
2023-05-24,2023-06-21,full,true,false,0.14228654432368015,1.5429467766200269,399006,-0.014884690414473156,0.801827079934747,0.1571712347381533,true,true,expanded_only_v1_2,0.0,true,qfq,true,false,true,true,false,false,true
2023-06-21,2023-07-21,full,true,false,-0.1136323478523329,1.3676181117815043,399006,-0.02202690972222232,0.7841653072321911,-0.09160543813011057,true,true,expanded_only_v1_2,0.0,true,qfq,true,false,true,true,false,false,true
2023-07-21,2023-08-18,full,true,false,-0.05866142934577409,1.2873916785452326,399006,-0.02043344798254365,0.7681421062171468,-0.03822798136323044,true,true,expanded_only_v1_2,0.0,true,qfq,true,false,true,true,false,false,true
2023-08-18,2023-09-15,full,true,false,-0.02029290661442756,1.2612667594363232,399006,-0.054834538349725404,0.7260213884357438,0.03454163173529784,true,true,expanded_only_v1_2,0.0,true,qfq,true,false,true,true,false,false,true
2023-09-15,2023-10-23,full,true,false,-0.07716087907803487,1.1639463075263121,399006,-0.06881606606981472,0.676059452601051,-0.008344813008220153,true,true,expanded_only_v1_2,0.0,true,qfq,true,false,true,true,false,false,true
2023-10-23,2023-11-20,full,true,false,0.177308426645224,1.3703237960133205,399006,0.06866819310315231,0.7224832336414715,0.1086402335420717,true,true,expanded_only_v1_2,0.0,true,qfq,true,false,true,true,false,false,true
2023-11-20,2023-12-18,full,true,false,-0.05727243198981866,1.2918420196021174,399006,-0.08679006708580661,0.6597788653253577,0.029517635095987947,true,true,expanded_only_v1_2,0.0,true,qfq,true,false,true,true,false,false,true
2023-12-18,2024-01-16,full,true,false,-0.10988068563635123,1.149893532754388,399006,-0.037236263736263764,0.6352111654884898,-0.07264442190008746,true,true,expanded_only_v1_2,0.0,true,qfq,true,false,true,true,false,false,true
2024-01-16,2024-02-21,full,true,false,-0.08300795783668483,1.0544432188708353,399006,0.00014267533371770114,0.6353017944535071,-0.08315063317040253,true,true,expanded_only_v1_2,0.0,true,qfq,true,false,true,true,false,false,true
2024-02-21,2024-03-20,full,true,false,0.1882875714610209,1.2529817717955665,399006,0.08945608509084257,0.692133405836505,0.09883148637017833,true,true,expanded_only_v1_2,0.0,true,qfq,true,false,true,true,false,false,true
2024-03-20,2024-04-19,full,true,false,-0.16126372194346128,1.0509212677485007,399006,-0.08026712059709307,0.6365778502809495,-0.08099660134636821,true,true,expanded_only_v1_2,0.0,true,qfq,true,false,true,true,false,false,true
2024-04-19,2024-05-22,full,true,false,0.05656482861274792,1.1103664491441865,399006,0.06943621867881555,0.6807794090991478,-0.012871390066067634,true,true,expanded_only_v1_2,0.0,true,qfq,true,false,true,true,false,false,true
2024-05-22,2024-06-20,full,true,false,-0.07357392989684172,1.028672425855047,399006,-0.06136011459426072,0.639006706543411,-0.012213815302581005,true,true,expanded_only_v1_2,0.0,true,qfq,true,false,true,true,false,false,true
2024-06-20,2024-07-18,full,true,false,-0.03919507404849842,0.98835353395201,399006,-0.025523344868667364,0.6226971179989121,-0.013671729179831053,true,true,expanded_only_v1_2,0.0,true,qfq,true,false,true,true,false,false,true
2024-07-18,2024-08-15,full,true,false,-0.004482215635524883,0.983923520288704,399006,-0.07277130598296566,0.5773826354903024,0.06828909034744078,true,true,expanded_only_v1_2,0.0,true,qfq,true,false,true,true,false,false,true
2024-08-15,2024-09-12,full,true,false,-0.016187116434785973,0.9679966357028662,399006,-0.02567950223204485,0.5625557368134853,0.009492385797258876,true,true,expanded_only_v1_2,0.0,true,qfq,true,false,true,true,false,false,true
2024-09-12,2024-10-21,full,true,false,0.5045230530566049,1.4563732536961984,399006,0.4243625186073039,0.8012833061446435,0.08016053444930105,true,true,expanded_only_v1_2,0.0,true,qfq,true,false,true,true,false,false,true
2024-10-21,2024-11-18,full,true,false,0.025850459702135876,1.4940211718021406,399006,-0.008772406055177151,0.7942541236179078,0.03462286575731303,true,true,expanded_only_v1_2,0.0,true,qfq,true,false,true,true,false,false,true
2024-11-18,2024-12-16,full,true,false,0.1192021233073128,1.6721116677470353,399006,0.004828955475935315,0.7980895414174367,0.11437316783137748,true,true,expanded_only_v1_2,0.0,true,qfq,true,false,true,true,false,false,true
2024-12-16,2025-01-14,full,true,false,-0.07155234861505531,1.552468150773098,399006,-0.057128451576857864,0.752495921696574,-0.01442389703819745,true,true,expanded_only_v1_2,0.0,true,qfq,true,false,true,true,false,false,true
2025-01-14,2025-02-19,full,true,false,0.2593266550444528,1.9550645233761328,399006,0.07285042586811574,0.8073155700561897,0.18647622917633705,true,true,expanded_only_v1_2,0.0,true,qfq,true,false,true,true,false,false,true
2025-02-19,2025-03-19,full,true,false,0.009075219335327692,1.972807162740489,399006,-0.002079048756612134,0.8056371216240708,0.011154268091939826,true,true,expanded_only_v1_2,0.0,true,qfq,true,false,true,true,false,false,true
2025-03-19,2025-04-17,full,true,false,-0.15923984073171352,1.65865766435131,399006,-0.14109838684275655,0.6919630233822727,-0.018141453888956965,true,true,expanded_only_v1_2,0.0,true,qfq,true,false,true,true,false,false,true
2025-04-17,2025-05-20,full,true,false,0.06515443999050047,1.766726575608071,399006,0.07317763178574799,0.7425992387166935,-0.00802319179524752,true,true,expanded_only_v1_2,0.0,true,qfq,true,false,true,true,false,false,true
2025-05-20,2025-06-18,full,true,false,0.017406205655683914,1.7974785817204673,399006,0.0030608359450514655,0.7448722131593254,0.014345369710632449,true,true,expanded_only_v1_2,0.0,true,qfq,true,false,true,true,false,false,true
2025-06-18,2025-07-16,full,true,false,0.0881936263248255,1.9560047360835995,399006,0.08539321468027428,0.8084792459670107,0.0028004116445512206,true,true,expanded_only_v1_2,0.0,true,qfq,true,false,true,true,false,false,true
2025-07-16,2025-08-13,full,true,false,0.07839763932438037,2.1093508898998614,399006,0.11941135060241503,0.9050208446619535,-0.04101371127803466,true,true,expanded_only_v1_2,0.0,true,qfq,true,false,true,true,false,false,true
2025-08-13,2025-09-10,full,true,false,0.03192562534731724,2.1766932361368347,399006,0.16333667133987584,1.0528439369222398,-0.1314110459925586,true,true,expanded_only_v1_2,0.0,true,qfq,true,false,true,true,false,false,true
2025-09-10,2025-10-16,full,true,false,0.020620196999623346,2.221577079473724,399006,0.04585317480812745,1.1011201740076124,-0.025232977808504104,true,true,expanded_only_v1_2,0.0,true,qfq,true,false,true,true,false,false,true
2025-10-16,2025-11-13,full,true,false,-0.022511113633471493,2.1715669053921753,399006,0.054094895701643386,1.1606851549755297,-0.07660600933511488,true,true,expanded_only_v1_2,0.0,true,qfq,true,false,true,true,false,false,true
2025-11-13,2025-12-11,full,true,false,-0.013325871021174097,2.142628884897069,399006,-0.011893495744514704,1.146880551024107,-0.001432375276659393,true,true,expanded_only_v1_2,0.0,true,qfq,true,false,true,true,false,false,true
2021-03-31,2021-04-29,full,true,false,-0.0066508938480174425,0.9933491061519826,000300,0.022940123129095547,1.0229401231290955,-0.02959101697711299,true,true,expanded_only_v1_2,0.001,true,qfq,true,false,true,true,false,false,true
2021-04-29,2021-06-01,full,true,false,0.08369442155930075,1.076486884997821,000300,0.034373384299897225,1.058102037097196,0.049321037259403525,true,true,expanded_only_v1_2,0.001,true,qfq,true,false,true,true,false,false,true
2021-06-01,2021-06-30,full,true,false,0.06343606317118394,1.1447749750374938,000300,-0.022023033951865445,1.0347994200096666,0.08545909712304939,true,true,expanded_only_v1_2,0.001,true,qfq,true,false,true,true,false,false,true
2021-06-30,2021-07-28,full,true,false,-0.04302190402189861,1.0955245759347594,000300,-0.08873592085818649,0.9429755405715916,0.04571401683628788,true,true,expanded_only_v1_2,0.001,true,qfq,true,false,true,true,false,false,true
2021-07-28,2021-08-25,full,true,false,0.10920933151011805,1.2151660825255002,000300,0.028921453298827116,0.9702477636301692,0.08028787821129094,true,true,expanded_only_v1_2,0.001,true,qfq,true,false,true,true,false,false,true
2021-08-25,2021-09-24,full,true,false,-0.023402333418711587,1.186728360703129,000300,-0.009948633772681847,0.9605951239610491,-0.01345369964602974,true,true,expanded_only_v1_2,0.001,true,qfq,true,false,true,true,false,false,true
2021-09-24,2021-10-29,full,true,false,-0.036256735396705785,1.143701464541349,000300,0.01223648964929902,0.9723494362525655,-0.048493225046004805,true,true,expanded_only_v1_2,0.001,true,qfq,true,false,true,true,false,false,true
2021-10-29,2021-11-26,full,true,false,0.10908332036156956,1.2684602177959092,000300,-0.009908795889805422,0.9627146241551715,0.11899211625137499,true,true,expanded_only_v1_2,0.001,true,qfq,true,false,true,true,false,false,true
2021-11-26,2021-12-24,full,true,false,0.004533189664380322,1.2742103885448992,000300,0.012594313320837047,0.9748393537703336,-0.008061123656456726,true,true,expanded_only_v1_2,0.001,true,qfq,true,false,true,true,false,false,true
2021-12-24,2022-01-24,full,true,false,0.0334656593072315,1.3168526792936779,000300,-0.027350274518728734,0.9481772298330549,0.06081593382596023,true,true,expanded_only_v1_2,0.001,true,qfq,true,false,true,true,false,false,true
2022-01-24,2022-02-28,full,true,false,-0.06432090302114322,1.2321515258156965,000300,-0.04284544387202982,0.907552155551506,-0.021475459149113404,true,true,expanded_only_v1_2,0.001,true,qfq,true,false,true,true,false,false,true
2022-02-28,2022-03-28,full,true,false,-0.11303548104115718,1.0928746853795235,000300,-0.09454672443333723,0.8217460719916966,-0.018488756607819956,true,true,expanded_only_v1_2,0.001,true,qfq,true,false,true,true,false,false,true
2022-03-28,2022-04-27,full,true,false,-0.20277804015368886,0.8712636985446844,000300,-0.060969465851265725,0.7716446529169871,-0.14180857430242313,true,true,expanded_only_v1_2,0.001,true,qfq,true,false,true,true,false,false,true
2022-04-27,2022-05-30,full,true,false,0.11758085741403745,0.9737076312532938,000300,0.034264825929139375,0.7980849226283389,0.08331603148489808,true,true,expanded_only_v1_2,0.001,true,qfq,true,false,true,true,false,false,true
2022-05-30,2022-06-28,full,true,false,0.11209720498469707,1.0828575351890581,000300,0.11454398340043004,0.8895007487580128,-0.0024467784157329725,true,true,expanded_only_v1_2,0.001,true,qfq,true,false,true,true,false,false,true
2022-06-28,2022-07-26,full,true,false,-0.016336936551486134,1.065166960342376,000300,-0.05445694485271213,0.8410612555364515,0.038120008301226,true,true,expanded_only_v1_2,0.001,true,qfq,true,false,true,true,false,false,true
2022-07-26,2022-08-23,full,true,false,0.029900696744918208,1.0970161946062797,000300,-0.019995383868977146,0.8242439128746762,0.049896080613895354,true,true,expanded_only_v1_2,0.001,true,qfq,true,false,true,true,false,false,true
2022-08-23,2022-09-21,full,true,false,-0.09193407183429557,0.9961630289679605,000300,-0.06184692435617678,0.773266961944077,-0.03008714747811879,true,true,expanded_only_v1_2,0.001,true,qfq,true,false,true,true,false,false,true
2022-09-21,2022-10-26,full,true,false,0.03673670018462597,1.0327587714981652,000300,-0.06322927046696358,0.7243738560641477,0.09996597065158955,true,true,expanded_only_v1_2,0.001,true,qfq,true,false,true,true,false,false,true
2022-10-26,2022-11-23,full,true,false,0.048216257872208214,1.0825545347445058,000300,0.03189313352839851,0.7474764081800825,0.016323124343809704,true,true,expanded_only_v1_2,0.001,true,qfq,true,false,true,true,false,false,true
2022-11-23,2022-12-21,full,true,false,-0.06451419267293228,1.0127144029110422,000300,0.015107869819505737,0.758769184448019,-0.07962206249243801,true,true,expanded_only_v1_2,0.001,true,qfq,true,false,true,true,false,false,true
2022-12-21,2023-01-19,full,true,false,0.12647020867508674,1.1407926047754677,000300,0.08496713257138677,0.8232396263340969,0.041503076103699965,true,true,expanded_only_v1_2,0.001,true,qfq,true,false,true,true,false,false,true
2023-01-19,2023-02-23,full,true,false,0.07411854116035599,1.225346488407948,000300,-0.012598622236231538,0.8128679412720171,0.08671716339658753,true,true,expanded_only_v1_2,0.001,true,qfq,true,false,true,true,false,false,true
2023-02-23,2023-03-23,full,true,false,0.1689850731083807,1.4324117543346624,000300,-0.015732335847355228,0.8000796298203775,0.18471740895573593,true,true,expanded_only_v1_2,0.001,true,qfq,true,false,true,true,false,false,true
2023-03-23,2023-04-21,full,true,false,-0.005555820695149843,1.424453531465954,000300,-0.0016142249863211333,0.7987881212908748,-0.003941595708828709,true,true,expanded_only_v1_2,0.001,true,qfq,true,false,true,true,false,false,true
2023-04-21,2023-05-24,full,true,false,-0.053734325613607706,1.347911481584709,000300,-0.043019711995080034,0.7644244863678503,-0.010714613618527671,true,true,expanded_only_v1_2,0.001,true,qfq,true,false,true,true,false,false,true
2023-05-24,2023-06-21,full,true,false,0.14223990171904705,1.5396382782512932,000300,0.0012800945300577293,0.765403021971492,0.14095980718898932,true,true,expanded_only_v1_2,0.001,true,qfq,true,false,true,true,false,false,true
2023-06-21,2023-07-21,full,true,false,-0.11368703960441892,1.364601360335259,000300,-0.010900536486518009,0.7570597184036006,-0.10278650311790091,true,true,expanded_only_v1_2,0.001,true,qfq,true,false,true,true,false,false,true
2023-07-21,2023-08-18,full,true,false,-0.05869926549943329,1.2845002627840518,000300,-0.009919124207529717,0.7495503490242379,-0.04878014129190357,true,true,expanded_only_v1_2,0.001,true,qfq,true,false,true,true,false,false,true
2023-08-18,2023-09-15,full,true,false,-0.020321717142563773,1.2583970117742054,000300,-0.019878435517970305,0.7346504607436875,-0.00044328162459346745,true,true,expanded_only_v1_2,0.001,true,qfq,true,false,true,true,false,false,true
2023-09-15,2023-10-23,full,true,false,-0.07719030413598105,1.1612609637115447,000300,-0.06323912445602065,0.6881918088250445,-0.013951179679960402,true,true,expanded_only_v1_2,0.001,true,qfq,true,false,true,true,false,false,true
2023-10-23,2023-11-20,full,true,false,0.17727829226916214,1.3671273242371687,000300,0.029381965552178535,0.7084122368452334,0.1478963267169836,true,true,expanded_only_v1_2,0.001,true,qfq,true,false,true,true,false,false,true
2023-11-20,2023-12-18,full,true,false,-0.05731230784604921,1.2887741021657424,000300,-0.0690514271653544,0.659495360869669,0.011739119319305186,true,true,expanded_only_v1_2,0.001,true,qfq,true,false,true,true,false,false,true
2023-12-18,2024-01-16,full,true,false,-0.10990929452810146,1.1471258497906183,000300,-0.00855717448045723,0.6538519439976551,-0.10135212004764423,true,true,expanded_only_v1_2,0.001,true,qfq,true,false,true,true,false,false,true
2024-01-16,2024-02-21,full,true,false,-0.08303702627296727,1.0518719304631547,000300,0.04725709507767628,0.6847510874818757,-0.13029412135064355,true,true,expanded_only_v1_2,0.001,true,qfq,true,false,true,true,false,false,true
2024-02-21,2024-03-20,full,true,false,0.18824101761155543,1.2498773730505703,000300,0.0371752481290879,0.7102068790656773,0.15106576948246753,true,true,expanded_only_v1_2,0.001,true,qfq,true,false,true,true,false,false,true
2024-03-20,2024-04-19,full,true,false,-0.1612945828482458,1.0482789235529173,000300,-0.0121939654931974,0.701546640889319,-0.1491006173550484,true,true,expanded_only_v1_2,0.001,true,qfq,true,false,true,true,false,false,true
2024-04-19,2024-05-22,full,true,false,0.05653326318247322,1.1075415518267742,000300,0.04031725236188688,0.7298310738536876,0.016216010820586338,true,true,expanded_only_v1_2,0.001,true,qfq,true,false,true,true,false,false,true
2024-05-22,2024-06-20,full,true,false,-0.0735999411178299,1.0260265588267736,000300,-0.04917151813703524,0.6939441719687192,-0.02442842298079466,true,true,expanded_only_v1_2,0.001,true,qfq,true,false,true,true,false,false,true
2024-06-20,2024-07-18,full,true,false,-0.03922308631265841,0.9857826305508313,000300,0.005038135689981793,0.6974403568683696,-0.0442612220026402,true,true,expanded_only_v1_2,0.001,true,qfq,true,false,true,true,false,false,true
2024-07-18,2024-08-15,full,true,false,-0.004515738295977594,0.9813310941745433,000300,-0.050833160557011925,0.66198725922874,0.04631742226103433,true,true,expanded_only_v1_2,0.001,true,qfq,true,false,true,true,false,false,true
2024-08-15,2024-09-12,full,true,false,-0.016218250071581838,0.9654156210862016,000300,-0.05071290713505594,0.6284159608268828,0.0344946570634741,true,true,expanded_only_v1_2,0.001,true,qfq,true,false,true,true,false,false,true
2024-09-12,2024-10-21,full,true,false,0.5044893100576091,1.4524574816868177,000300,0.24042150122774997,0.7795006695243608,0.26406780882985914,true,true,expanded_only_v1_2,0.001,true,qfq,true,false,true,true,false,false,true
2024-10-21,2024-11-18,full,true,false,0.025759565540612858,1.4898721553812828,000300,0.003857491360032661,0.7825075866221907,0.021902074180580197,true,true,expanded_only_v1_2,0.001,true,qfq,true,false,true,true,false,false,true
2024-11-18,2024-12-16,full,true,false,0.11914525567597523,1.667383354258702,000300,-0.00975602347115978,0.774873424240744,0.128901279147135,true,true,expanded_only_v1_2,0.001,true,qfq,true,false,true,true,false,false,true
2024-12-16,2025-01-14,full,true,false,-0.07161007147859319,1.54798191307802,000300,-0.023339400384473796,0.756788343145101,-0.048270671094119394,true,true,expanded_only_v1_2,0.001,true,qfq,true,false,true,true,false,false,true
2025-01-14,2025-02-19,full,true,false,0.25928102294502686,1.9493442470012885,000300,0.03130971014568629,0.7804831668106083,0.22797131279934058,true,true,expanded_only_v1_2,0.001,true,qfq,true,false,true,true,false,false,true
2025-02-19,2025-03-19,full,true,false,0.008991755688914567,1.966872274223915,000300,0.01776831397709744,0.7943510367723384,-0.008776558288182872,true,true,expanded_only_v1_2,0.001,true,qfq,true,false,true,true,false,false,true
2025-03-19,2025-04-17,full,true,false,-0.15927522192434743,1.653598256250055,000300,-0.05933663660144095,0.7472169179694004,-0.09993858532290648,true,true,expanded_only_v1_2,0.001,true,qfq,true,false,true,true,false,false,true
2025-04-17,2025-05-20,full,true,false,0.065126149564621,1.7612907436063925,000300,0.03338882673863153,0.7721656141796549,0.03173732282598947,true,true,expanded_only_v1_2,0.001,true,qfq,true,false,true,true,false,false,true
2025-05-20,2025-06-18,full,true,false,0.017379082822141664,1.7919003613133995,000300,-0.005951510580605834,0.7675700623568846,0.0233305934027475,true,true,expanded_only_v1_2,0.001,true,qfq,true,false,true,true,false,false,true
2025-06-18,2025-07-16,full,true,false,0.08815071929515407,1.949857667068422,000300,0.03412413515459467,0.7937627269053716,0.0540265841405594,true,true,expanded_only_v1_2,0.001,true,qfq,true,false,true,true,false,false,true
2025-07-16,2025-08-13,full,true,false,0.07836178371972147,2.1026519918594784,000300,0.04226891595128768,0.8273142168941997,0.03609286776843379,true,true,expanded_only_v1_2,0.001,true,qfq,true,false,true,true,false,false,true
2025-08-13,2025-09-10,full,true,false,0.0318919043451844,2.1697095680550724,000300,0.06435408875204107,0.8805552694340344,-0.03246218440685667,true,true,expanded_only_v1_2,0.001,true,qfq,true,false,true,true,false,false,true
2025-09-10,2025-10-16,full,true,false,0.020565918174301114,2.2143316374936917,000300,0.03893048032105395,0.9148357090223365,-0.018364562146752837,true,true,expanded_only_v1_2,0.001,true,qfq,true,false,true,true,false,false,true
2025-10-16,2025-11-13,full,true,false,-0.022542878215404454,2.1644142290611543,000300,0.0181122548403998,0.9314054465212469,-0.04065513305580425,true,true,expanded_only_v1_2,0.001,true,qfq,true,false,true,true,false,false,true
2025-11-13,2025-12-11,full,true,false,-0.01335997140860466,2.13549771684452,000300,-0.031877449718953454,0.9017146162318065,0.018517478310348792,true,true,expanded_only_v1_2,0.001,true,qfq,true,false,true,true,false,false,true
2021-03-31,2021-04-29,full,true,false,-0.0066508938480174425,0.9933491061519826,000852,0.01775036983247502,1.017750369832475,-0.024401263680492464,true,true,expanded_only_v1_2,0.001,true,qfq,true,false,true,true,false,false,true
2021-04-29,2021-06-01,full,true,false,0.08369442155930075,1.076486884997821,000852,0.07019874787278879,1.0891951714417825,0.013495673686511958,true,true,expanded_only_v1_2,0.001,true,qfq,true,false,true,true,false,false,true
2021-06-01,2021-06-30,full,true,false,0.06343606317118394,1.1447749750374938,000852,0.03340321208858699,1.1255777887593172,0.030032851082596956,true,true,expanded_only_v1_2,0.001,true,qfq,true,false,true,true,false,false,true
2021-06-30,2021-07-28,full,true,false,-0.04302190402189861,1.0955245759347594,000852,-0.019508166636079904,1.10361982969433,-0.023513737385818703,true,true,expanded_only_v1_2,0.001,true,qfq,true,false,true,true,false,false,true
2021-07-28,2021-08-25,full,true,false,0.10920933151011805,1.2151660825255002,000852,0.11865507356551208,1.2345699217750687,-0.00944574205539403,true,true,expanded_only_v1_2,0.001,true,qfq,true,false,true,true,false,false,true
2021-08-25,2021-09-24,full,true,false,-0.023402333418711587,1.186728360703129,000852,-0.009525550122721493,1.222809964105196,-0.013876783295990094,true,true,expanded_only_v1_2,0.001,true,qfq,true,false,true,true,false,false,true
2021-09-24,2021-10-29,full,true,false,-0.036256735396705785,1.143701464541349,000852,-0.040324236383813106,1.173501086060136,0.004067500987107321,true,true,expanded_only_v1_2,0.001,true,qfq,true,false,true,true,false,false,true
2021-10-29,2021-11-26,full,true,false,0.10908332036156956,1.2684602177959092,000852,0.07521563105087137,1.261766710787032,0.033867689310698196,true,true,expanded_only_v1_2,0.001,true,qfq,true,false,true,true,false,false,true
2021-11-26,2021-12-24,full,true,false,0.004533189664380322,1.2742103885448992,000852,-0.02067552472738865,1.235679021957959,0.02520871439176897,true,true,expanded_only_v1_2,0.001,true,qfq,true,false,true,true,false,false,true
2021-12-24,2022-01-24,full,true,false,0.0334656593072315,1.3168526792936779,000852,-0.045162352233171,1.1798728507211533,0.0786280115404025,true,true,expanded_only_v1_2,0.001,true,qfq,true,false,true,true,false,false,true
2022-01-24,2022-02-28,full,true,false,-0.06432090302114322,1.2321515258156965,000852,-0.0007501279392355675,1.1789877951310819,-0.06357077508190766,true,true,expanded_only_v1_2,0.001,true,qfq,true,false,true,true,false,false,true
2022-02-28,2022-03-28,full,true,false,-0.11303548104115718,1.0928746853795235,000852,-0.08795080210732587,1.0752948728745557,-0.025084678933831317,true,true,expanded_only_v1_2,0.001,true,qfq,true,false,true,true,false,false,true
2022-03-28,2022-04-27,full,true,false,-0.20277804015368886,0.8712636985446844,000852,-0.18124496656692157,0.8804030895908247,-0.021533073586767287,true,true,expanded_only_v1_2,0.001,true,qfq,true,false,true,true,false,false,true
2022-04-27,2022-05-30,full,true,false,0.11758085741403745,0.9737076312532938,000852,0.13385264009009656,0.9982473674760344,-0.01627178267605911,true,true,expanded_only_v1_2,0.001,true,qfq,true,false,true,true,false,false,true
2022-05-30,2022-06-28,full,true,false,0.11209720498469707,1.0828575351890581,000852,0.12692045664368168,1.1249453791994457,-0.014823251658984612,true,true,expanded_only_v1_2,0.001,true,qfq,true,false,true,true,false,false,true
2022-06-28,2022-07-26,full,true,false,-0.016336936551486134,1.065166960342376,000852,-0.0073872978027379466,1.1166350726714855,-0.008949638748748188,true,true,expanded_only_v1_2,0.001,true,qfq,true,false,true,true,false,false,true
2022-07-26,2022-08-23,full,true,false,0.029900696744918208,1.0970161946062797,000852,0.03964470602297854,1.160903741862494,-0.00974400927806033,true,true,expanded_only_v1_2,0.001,true,qfq,true,false,true,true,false,false,true
2022-08-23,2022-09-21,full,true,false,-0.09193407183429557,0.9961630289679605,000852,-0.11297806466448213,1.0297470838451137,0.021043992830186556,true,true,expanded_only_v1_2,0.001,true,qfq,true,false,true,true,false,false,true
2022-09-21,2022-10-26,full,true,false,0.03673670018462597,1.0327587714981652,000852,0.0017112613029657275,1.0315092501815397,0.035025438881660244,true,true,expanded_only_v1_2,0.001,true,qfq,true,false,true,true,false,false,true
2022-10-26,2022-11-23,full,true,false,0.048216257872208214,1.0825545347445058,000852,0.01175348792071107,1.04363308169365,0.036462769951497144,true,true,expanded_only_v1_2,0.001,true,qfq,true,false,true,true,false,false,true
2022-11-23,2022-12-21,full,true,false,-0.06451419267293228,1.0127144029110422,000852,-0.04245591116917036,0.999324688284057,-0.02205828150376192,true,true,expanded_only_v1_2,0.001,true,qfq,true,false,true,true,false,false,true
2022-12-21,2023-01-19,full,true,false,0.12647020867508674,1.1407926047754677,000852,0.06152510518131238,1.0608082448410159,0.06494510349377436,true,true,expanded_only_v1_2,0.001,true,qfq,true,false,true,true,false,false,true
2023-01-19,2023-02-23,full,true,false,0.07411854116035599,1.225346488407948,000852,0.04354501443961123,1.1070011551802765,0.03057352672074476,true,true,expanded_only_v1_2,0.001,true,qfq,true,false,true,true,false,false,true
2023-02-23,2023-03-23,full,true,false,0.1689850731083807,1.4324117543346624,000852,-0.014060995092431416,1.0914356173699709,0.18304606820081212,true,true,expanded_only_v1_2,0.001,true,qfq,true,false,true,true,false,false,true
2023-03-23,2023-04-21,full,true,false,-0.005555820695149843,1.424453531465954,000852,-0.013877181412263795,1.0762895673079216,0.008321360717113951,true,true,expanded_only_v1_2,0.001,true,qfq,true,false,true,true,false,false,true
2023-04-21,2023-05-24,full,true,false,-0.053734325613607706,1.347911481584709,000852,-0.038433544794353236,1.0349239440110976,-0.01530078081925447,true,true,expanded_only_v1_2,0.001,true,qfq,true,false,true,true,false,false,true
2023-05-24,2023-06-21,full,true,false,0.14223990171904705,1.5396382782512932,000852,0.005409032147123183,1.040521880894081,0.13683086957192386,true,true,expanded_only_v1_2,0.001,true,qfq,true,false,true,true,false,false,true
2023-06-21,2023-07-21,full,true,false,-0.11368703960441892,1.364601360335259,000852,-0.02244667026041436,1.0171656293349054,-0.09124036934400456,true,true,expanded_only_v1_2,0.001,true,qfq,true,false,true,true,false,false,true
2023-07-21,2023-08-18,full,true,false,-0.05869926549943329,1.2845002627840518,000852,-0.04441358323621958,0.9719896589914179,-0.014285682263213709,true,true,expanded_only_v1_2,0.001,true,qfq,true,false,true,true,false,false,true
2023-08-18,2023-09-15,full,true,false,-0.020321717142563773,1.2583970117742054,000852,-0.006220257605306978,0.9659436329227967,-0.014101459537256795,true,true,expanded_only_v1_2,0.001,true,qfq,true,false,true,true,false,false,true
2023-09-15,2023-10-23,full,true,false,-0.07719030413598105,1.1612609637115447,000852,-0.07253095050879577,0.8958828230889869,-0.004659353627185281,true,true,expanded_only_v1_2,0.001,true,qfq,true,false,true,true,false,false,true
2023-10-23,2023-11-20,full,true,false,0.17727829226916214,1.3671273242371687,000852,0.1091033567807822,0.993626646370239,0.06817493548837994,true,true,expanded_only_v1_2,0.001,true,qfq,true,false,true,true,false,false,true
2023-11-20,2023-12-18,full,true,false,-0.05731230784604921,1.2887741021657424,000852,-0.06336994345367541,0.9306605819756918,0.006057635607626205,true,true,expanded_only_v1_2,0.001,true,qfq,true,false,true,true,false,false,true
2023-12-18,2024-01-16,full,true,false,-0.10990929452810146,1.1471258497906183,000852,-0.05421537610487259,0.8802044684979,-0.055693918423228864,true,true,expanded_only_v1_2,0.001,true,qfq,true,false,true,true,false,false,true
2024-01-16,2024-02-21,full,true,false,-0.08303702627296727,1.0518719304631547,000852,-0.08412176616174483,0.8061601140243968,0.0010847398887775528,true,true,expanded_only_v1_2,0.001,true,qfq,true,false,true,true,false,false,true
2024-02-21,2024-03-20,full,true,false,0.18824101761155543,1.2498773730505703,000852,0.11543753005826374,0.8992212464188615,0.07280348755329169,true,true,expanded_only_v1_2,0.001,true,qfq,true,false,true,true,false,false,true
2024-03-20,2024-04-19,full,true,false,-0.1612945828482458,1.0482789235529173,000852,-0.06975605877207691,0.8364951163045671,-0.09153852407616889,true,true,expanded_only_v1_2,0.001,true,qfq,true,false,true,true,false,false,true
2024-04-19,2024-05-22,full,true,false,0.05653326318247322,1.1075415518267742,000852,0.052289059131257254,0.8802346589040245,0.0042442040512159634,true,true,expanded_only_v1_2,0.001,true,qfq,true,false,true,true,false,false,true
2024-05-22,2024-06-20,full,true,false,-0.0735999411178299,1.0260265588267736,000852,-0.08728333507832597,0.8034048422233486,0.013683393960496074,true,true,expanded_only_v1_2,0.001,true,qfq,true,false,true,true,false,false,true
2024-06-20,2024-07-18,full,true,false,-0.03922308631265841,0.9857826305508313,000852,-0.048200801401859894,0.7646800849780484,0.008977715089201484,true,true,expanded_only_v1_2,0.001,true,qfq,true,false,true,true,false,false,true
2024-07-18,2024-08-15,full,true,false,-0.004515738295977594,0.9813310941745433,000852,-0.02505594886574969,0.7455202998701813,0.020540210569772094,true,true,expanded_only_v1_2,0.001,true,qfq,true,false,true,true,false,false,true
2024-08-15,2024-09-12,full,true,false,-0.016218250071581838,0.9654156210862016,000852,-0.04755267112119965,0.7100688182362764,0.03133442104961781,true,true,expanded_only_v1_2,0.001,true,qfq,true,false,true,true,false,false,true
2024-09-12,2024-10-21,full,true,false,0.5044893100576091,1.4524574816868177,000852,0.31145915851000505,0.9312262548483409,0.19303015154760406,true,true,expanded_only_v1_2,0.001,true,qfq,true,false,true,true,false,false,true
2024-10-21,2024-11-18,full,true,false,0.025759565540612858,1.4898721553812828,000852,0.019450326504077298,0.9493389095543102,0.0063092390365355605,true,true,expanded_only_v1_2,0.001,true,qfq,true,false,true,true,false,false,true
2024-11-18,2024-12-16,full,true,false,0.11914525567597523,1.667383354258702,000852,0.05070833668086028,0.997478306604231,0.06843691899511495,true,true,expanded_only_v1_2,0.001,true,qfq,true,false,true,true,false,false,true
2024-12-16,2025-01-14,full,true,false,-0.07161007147859319,1.54798191307802,000852,-0.07430800698364959,0.9233576816310448,0.002697935505056398,true,true,expanded_only_v1_2,0.001,true,qfq,true,false,true,true,false,false,true
2025-01-14,2025-02-19,full,true,false,0.25928102294502686,1.9493442470012885,000852,0.08216759449669153,0.9992277611907097,0.17711342844833533,true,true,expanded_only_v1_2,0.001,true,qfq,true,false,true,true,false,false,true
2025-02-19,2025-03-19,full,true,false,0.008991755688914567,1.966872274223915,000852,0.043913283390554,1.043107133039586,-0.034921527701639435,true,true,expanded_only_v1_2,0.001,true,qfq,true,false,true,true,false,false,true
2025-03-19,2025-04-17,full,true,false,-0.15927522192434743,1.653598256250055,000852,-0.11045778316688704,0.9278878315184662,-0.04881743875746039,true,true,expanded_only_v1_2,0.001,true,qfq,true,false,true,true,false,false,true
2025-04-17,2025-05-20,full,true,false,0.065126149564621,1.7612907436063925,000852,0.05247998136845933,0.9765833676285754,0.01264616819616167,true,true,expanded_only_v1_2,0.001,true,qfq,true,false,true,true,false,false,true
2025-05-20,2025-06-18,full,true,false,0.017379082822141664,1.7919003613133995,000852,-0.0017295745864803758,0.9748942938543457,0.01910865740862204,true,true,expanded_only_v1_2,0.001,true,qfq,true,false,true,true,false,false,true
2025-06-18,2025-07-16,full,true,false,0.08815071929515407,1.949857667068422,000852,0.05324355908915335,1.0268011357948579,0.03490716020600072,true,true,expanded_only_v1_2,0.001,true,qfq,true,false,true,true,false,false,true
2025-07-16,2025-08-13,full,true,false,0.07836178371972147,2.1026519918594784,000852,0.09320092973448091,1.1224999563033595,-0.014839146014759441,true,true,expanded_only_v1_2,0.001,true,qfq,true,false,true,true,false,false,true
2025-08-13,2025-09-10,full,true,false,0.0318919043451844,2.1697095680550724,000852,0.023475687007826762,1.1488514139438364,0.008416217337357638,true,true,expanded_only_v1_2,0.001,true,qfq,true,false,true,true,false,false,true
2025-09-10,2025-10-16,full,true,false,0.020565918174301114,2.2143316374936917,000852,0.023743563429352355,1.176129240361713,-0.0031776452550512403,true,true,expanded_only_v1_2,0.001,true,qfq,true,false,true,true,false,false,true
2025-10-16,2025-11-13,full,true,false,-0.022542878215404454,2.1644142290611543,000852,0.025499065097327023,1.206119436424566,-0.048041943312731476,true,true,expanded_only_v1_2,0.001,true,qfq,true,false,true,true,false,false,true
2025-11-13,2025-12-11,full,true,false,-0.01335997140860466,2.13549771684452,000852,-0.03670075277515028,1.1618539451710443,0.023340781366545618,true,true,expanded_only_v1_2,0.001,true,qfq,true,false,true,true,false,false,true
2021-03-31,2021-04-29,full,true,false,-0.0066508938480174425,0.9933491061519826,399006,0.1061881457313758,1.1061881457313758,-0.11283903957939324,true,true,expanded_only_v1_2,0.001,true,qfq,true,false,true,true,false,false,true
2021-04-29,2021-06-01,full,true,false,0.08369442155930075,1.076486884997821,399006,0.08151614658093598,1.1963603407649084,0.002178274978364772,true,true,expanded_only_v1_2,0.001,true,qfq,true,false,true,true,false,false,true
2021-06-01,2021-06-30,full,true,false,0.06343606317118394,1.1447749750374938,399006,0.053639823523707886,1.2605328983143012,0.009796239647476057,true,true,expanded_only_v1_2,0.001,true,qfq,true,false,true,true,false,false,true
2021-06-30,2021-07-28,full,true,false,-0.04302190402189861,1.0955245759347594,399006,-0.055291931967858976,1.1908355990574586,0.012270027945960368,true,true,expanded_only_v1_2,0.001,true,qfq,true,false,true,true,false,false,true
2021-07-28,2021-08-25,full,true,false,0.10920933151011805,1.2151660825255002,399006,0.019403821097621732,1.2139423599782488,0.08980551041249632,true,true,expanded_only_v1_2,0.001,true,qfq,true,false,true,true,false,false,true
2021-08-25,2021-09-24,full,true,false,-0.023402333418711587,1.186728360703129,399006,-0.042058614490572244,1.1628856262461482,0.018656281071860657,true,true,expanded_only_v1_2,0.001,true,qfq,true,false,true,true,false,false,true
2021-09-24,2021-10-29,full,true,false,-0.036256735396705785,1.143701464541349,399006,0.044531800412741296,1.2146710168569874,-0.08078853580944709,true,true,expanded_only_v1_2,0.001,true,qfq,true,false,true,true,false,false,true
2021-10-29,2021-11-26,full,true,false,0.10908332036156956,1.2684602177959092,399006,0.03527652678419524,1.2575203915171287,0.07380679357737432,true,true,expanded_only_v1_2,0.001,true,qfq,true,false,true,true,false,false,true
2021-11-26,2021-12-24,full,true,false,0.004533189664380322,1.2742103885448992,399006,-0.049514683455995745,1.1952546673916982,0.054047873120376067,true,true,expanded_only_v1_2,0.001,true,qfq,true,false,true,true,false,false,true
2021-12-24,2022-01-24,full,true,false,0.0334656593072315,1.3168526792936779,399006,-0.07299726123787209,1.1080043501903205,0.10646292054510359,true,true,expanded_only_v1_2,0.001,true,qfq,true,false,true,true,false,false,true
2022-01-24,2022-02-28,full,true,false,-0.06432090302114322,1.2321515258156965,399006,-0.057295603040148135,1.0445205727750586,-0.0070252999809950895,true,true,expanded_only_v1_2,0.001,true,qfq,true,false,true,true,false,false,true
2022-02-28,2022-03-28,full,true,false,-0.11303548104115718,1.0928746853795235,399006,-0.09966994179730737,0.9404132680804783,-0.013365539243849811,true,true,expanded_only_v1_2,0.001,true,qfq,true,false,true,true,false,false,true
2022-03-28,2022-04-27,full,true,false,-0.20277804015368886,0.8712636985446844,399006,-0.12526743069930957,0.8226101141924957,-0.07751060945437929,true,true,expanded_only_v1_2,0.001,true,qfq,true,false,true,true,false,false,true
2022-04-27,2022-05-30,full,true,false,0.11758085741403745,0.9737076312532938,399006,0.035788416028768255,0.8520500271886894,0.0817924413852692,true,true,expanded_only_v1_2,0.001,true,qfq,true,false,true,true,false,false,true
2022-05-30,2022-06-28,full,true,false,0.11209720498469707,1.0828575351890581,399006,0.2084939456598507,1.0296972992568423,-0.09639674067515362,true,true,expanded_only_v1_2,0.001,true,qfq,true,false,true,true,false,false,true
2022-06-28,2022-07-26,full,true,false,-0.016336936551486134,1.065166960342376,399006,-0.044697615141422786,0.9836722856624975,0.028360678589936652,true,true,expanded_only_v1_2,0.001,true,qfq,true,false,true,true,false,false,true
2022-07-26,2022-08-23,full,true,false,0.029900696744918208,1.0970161946062797,399006,0.024636442033418637,1.007906470908102,0.0052642547114995705,true,true,expanded_only_v1_2,0.001,true,qfq,true,false,true,true,false,false,true
2022-08-23,2022-09-21,full,true,false,-0.09193407183429557,0.9961630289679605,399006,-0.1614172520330467,0.8452129780677903,0.06948318019875112,true,true,expanded_only_v1_2,0.001,true,qfq,true,false,true,true,false,false,true
2022-09-21,2022-10-26,full,true,false,0.03673670018462597,1.0327587714981652,399006,0.017739500411748654,0.8602066340402391,0.018997199772877317,true,true,expanded_only_v1_2,0.001,true,qfq,true,false,true,true,false,false,true
2022-10-26,2022-11-23,full,true,false,0.048216257872208214,1.0825545347445058,399006,-0.013713293550453476,0.8484103679535978,0.06192955142266169,true,true,expanded_only_v1_2,0.001,true,qfq,true,false,true,true,false,false,true
2022-11-23,2022-12-21,full,true,false,-0.06451419267293228,1.0127144029110422,399006,-0.015655844877240144,0.835127786840674,-0.048858347795692134,true,true,expanded_only_v1_2,0.001,true,qfq,true,false,true,true,false,false,true
2022-12-21,2023-01-19,full,true,false,0.12647020867508674,1.1407926047754677,399006,0.11622173026001659,0.9321877832155154,0.01024847841507015,true,true,expanded_only_v1_2,0.001,true,qfq,true,false,true,true,false,false,true
2023-01-19,2023-02-23,full,true,false,0.07411854116035599,1.225346488407948,399006,-0.04431758081075199,0.890875475802066,0.11843612197110798,true,true,expanded_only_v1_2,0.001,true,qfq,true,false,true,true,false,false,true
2023-02-23,2023-03-23,full,true,false,0.1689850731083807,1.4324117543346624,399006,-0.03909289190552934,0.8560485771252488,0.20807796501391004,true,true,expanded_only_v1_2,0.001,true,qfq,true,false,true,true,false,false,true
2023-03-23,2023-04-21,full,true,false,-0.005555820695149843,1.424453531465954,399006,-0.00856268077123401,0.8487185064346563,0.0030068600760841677,true,true,expanded_only_v1_2,0.001,true,qfq,true,false,true,true,false,false,true
2023-04-21,2023-05-24,full,true,false,-0.053734325613607706,1.347911481584709,399006,-0.040974888838582024,0.8139423599782489,-0.012759436775025682,true,true,expanded_only_v1_2,0.001,true,qfq,true,false,true,true,false,false,true
2023-05-24,2023-06-21,full,true,false,0.14223990171904705,1.5396382782512932,399006,-0.014884690414473156,0.801827079934747,0.1571245921335202,true,true,expanded_only_v1_2,0.001,true,qfq,true,false,true,true,false,false,true
2023-06-21,2023-07-21,full,true,false,-0.11368703960441892,1.364601360335259,399006,-0.02202690972222232,0.7841653072321911,-0.0916601298821966,true,true,expanded_only_v1_2,0.001,true,qfq,true,false,true,true,false,false,true
2023-07-21,2023-08-18,full,true,false,-0.05869926549943329,1.2845002627840518,399006,-0.02043344798254365,0.7681421062171468,-0.038265817516889636,true,true,expanded_only_v1_2,0.001,true,qfq,true,false,true,true,false,false,true
2023-08-18,2023-09-15,full,true,false,-0.020321717142563773,1.2583970117742054,399006,-0.054834538349725404,0.7260213884357438,0.034512821207161634,true,true,expanded_only_v1_2,0.001,true,qfq,true,false,true,true,false,false,true
2023-09-15,2023-10-23,full,true,false,-0.07719030413598105,1.1612609637115447,399006,-0.06881606606981472,0.676059452601051,-0.008374238066166328,true,true,expanded_only_v1_2,0.001,true,qfq,true,false,true,true,false,false,true
2023-10-23,2023-11-20,full,true,false,0.17727829226916214,1.3671273242371687,399006,0.06866819310315231,0.7224832336414715,0.10861009916600983,true,true,expanded_only_v1_2,0.001,true,qfq,true,false,true,true,false,false,true
2023-11-20,2023-12-18,full,true,false,-0.05731230784604921,1.2887741021657424,399006,-0.08679006708580661,0.6597788653253577,0.0294777592397574,true,true,expanded_only_v1_2,0.001,true,qfq,true,false,true,true,false,false,true
2023-12-18,2024-01-16,full,true,false,-0.10990929452810146,1.1471258497906183,399006,-0.037236263736263764,0.6352111654884898,-0.07267303079183769,true,true,expanded_only_v1_2,0.001,true,qfq,true,false,true,true,false,false,true
2024-01-16,2024-02-21,full,true,false,-0.08303702627296727,1.0518719304631547,399006,0.00014267533371770114,0.6353017944535071,-0.08317970160668497,true,true,expanded_only_v1_2,0.001,true,qfq,true,false,true,true,false,false,true
2024-02-21,2024-03-20,full,true,false,0.18824101761155543,1.2498773730505703,399006,0.08945608509084257,0.692133405836505,0.09878493252071285,true,true,expanded_only_v1_2,0.001,true,qfq,true,false,true,true,false,false,true
2024-03-20,2024-04-19,full,true,false,-0.1612945828482458,1.0482789235529173,399006,-0.08026712059709307,0.6365778502809495,-0.08102746225115273,true,true,expanded_only_v1_2,0.001,true,qfq,true,false,true,true,false,false,true
2024-04-19,2024-05-22,full,true,false,0.05653326318247322,1.1075415518267742,399006,0.06943621867881555,0.6807794090991478,-0.012902955496342336,true,true,expanded_only_v1_2,0.001,true,qfq,true,false,true,true,false,false,true
2024-05-22,2024-06-20,full,true,false,-0.0735999411178299,1.0260265588267736,399006,-0.06136011459426072,0.639006706543411,-0.012239826523569183,true,true,expanded_only_v1_2,0.001,true,qfq,true,false,true,true,false,false,true
2024-06-20,2024-07-18,full,true,false,-0.03922308631265841,0.9857826305508313,399006,-0.025523344868667364,0.6226971179989121,-0.013699741443991047,true,true,expanded_only_v1_2,0.001,true,qfq,true,false,true,true,false,false,true
2024-07-18,2024-08-15,full,true,false,-0.004515738295977594,0.9813310941745433,399006,-0.07277130598296566,0.5773826354903024,0.06825556768698807,true,true,expanded_only_v1_2,0.001,true,qfq,true,false,true,true,false,false,true
2024-08-15,2024-09-12,full,true,false,-0.016218250071581838,0.9654156210862016,399006,-0.02567950223204485,0.5625557368134853,0.00946125216046301,true,true,expanded_only_v1_2,0.001,true,qfq,true,false,true,true,false,false,true
2024-09-12,2024-10-21,full,true,false,0.5044893100576091,1.4524574816868177,399006,0.4243625186073039,0.8012833061446435,0.08012679145030521,true,true,expanded_only_v1_2,0.001,true,qfq,true,false,true,true,false,false,true
2024-10-21,2024-11-18,full,true,false,0.025759565540612858,1.4898721553812828,399006,-0.008772406055177151,0.7942541236179078,0.03453197159579001,true,true,expanded_only_v1_2,0.001,true,qfq,true,false,true,true,false,false,true
2024-11-18,2024-12-16,full,true,false,0.11914525567597523,1.667383354258702,399006,0.004828955475935315,0.7980895414174367,0.11431630020003991,true,true,expanded_only_v1_2,0.001,true,qfq,true,false,true,true,false,false,true
2024-12-16,2025-01-14,full,true,false,-0.07161007147859319,1.54798191307802,399006,-0.057128451576857864,0.752495921696574,-0.014481619901735326,true,true,expanded_only_v1_2,0.001,true,qfq,true,false,true,true,false,false,true
2025-01-14,2025-02-19,full,true,false,0.25928102294502686,1.9493442470012885,399006,0.07285042586811574,0.8073155700561897,0.18643059707691112,true,true,expanded_only_v1_2,0.001,true,qfq,true,false,true,true,false,false,true
2025-02-19,2025-03-19,full,true,false,0.008991755688914567,1.966872274223915,399006,-0.002079048756612134,0.8056371216240708,0.0110708044455267,true,true,expanded_only_v1_2,0.001,true,qfq,true,false,true,true,false,false,true
2025-03-19,2025-04-17,full,true,false,-0.15927522192434743,1.653598256250055,399006,-0.14109838684275655,0.6919630233822727,-0.018176835081590875,true,true,expanded_only_v1_2,0.001,true,qfq,true,false,true,true,false,false,true
2025-04-17,2025-05-20,full,true,false,0.065126149564621,1.7612907436063925,399006,0.07317763178574799,0.7425992387166935,-0.00805148222112699,true,true,expanded_only_v1_2,0.001,true,qfq,true,false,true,true,false,false,true
2025-05-20,2025-06-18,full,true,false,0.017379082822141664,1.7919003613133995,399006,0.0030608359450514655,0.7448722131593254,0.014318246877090199,true,true,expanded_only_v1_2,0.001,true,qfq,true,false,true,true,false,false,true
2025-06-18,2025-07-16,full,true,false,0.08815071929515407,1.949857667068422,399006,0.08539321468027428,0.8084792459670107,0.002757504614879794,true,true,expanded_only_v1_2,0.001,true,qfq,true,false,true,true,false,false,true
2025-07-16,2025-08-13,full,true,false,0.07836178371972147,2.1026519918594784,399006,0.11941135060241503,0.9050208446619535,-0.04104956688269357,true,true,expanded_only_v1_2,0.001,true,qfq,true,false,true,true,false,false,true
2025-08-13,2025-09-10,full,true,false,0.0318919043451844,2.1697095680550724,399006,0.16333667133987584,1.0528439369222398,-0.13144476699469143,true,true,expanded_only_v1_2,0.001,true,qfq,true,false,true,true,false,false,true
2025-09-10,2025-10-16,full,true,false,0.020565918174301114,2.2143316374936917,399006,0.04585317480812745,1.1011201740076124,-0.025287256633826336,true,true,expanded_only_v1_2,0.001,true,qfq,true,false,true,true,false,false,true
2025-10-16,2025-11-13,full,true,false,-0.022542878215404454,2.1644142290611543,399006,0.054094895701643386,1.1606851549755297,-0.07663777391704785,true,true,expanded_only_v1_2,0.001,true,qfq,true,false,true,true,false,false,true
2025-11-13,2025-12-11,full,true,false,-0.01335997140860466,2.13549771684452,399006,-0.011893495744514704,1.146880551024107,-0.0014664756640899567,true,true,expanded_only_v1_2,0.001,true,qfq,true,false,true,true,false,false,true
