scenario_id,universe_name,transaction_cost,period_index,rebalance_date,period_end,stock_code,stock_name,theme,target_weight,stock_return,stock_contribution,linked_contribution
research_universe_v1_2__cost_0,research_universe_v1_2,0.0,0,2021-03-31,2021-04-29,000681,视觉中国,AI,0.02040816326530612,-0.0713296398891966,-0.0014557069365142164,-0.003183691354633522
research_universe_v1_2__cost_0,research_universe_v1_2,0.0,0,2021-03-31,2021-04-29,000901,航天科技,商业航天,0.02040816326530612,0.04452926208651409,0.0009087604507451854,0.001987496739830266
research_universe_v1_2__cost_0,research_universe_v1_2,0.0,0,2021-03-31,2021-04-29,000938,紫光股份,AI,0.02040816326530612,-0.05973223480947476,-0.0012190252001933624,-0.0026660585957152265
research_universe_v1_2__cost_0,research_universe_v1_2,0.0,0,2021-03-31,2021-04-29,000977,浪潮信息,AI,0.02040816326530612,0.036485480268056536,0.0007446016381236027,0.0016284746183985233
research_universe_v1_2__cost_0,research_universe_v1_2,0.0,0,2021-03-31,2021-04-29,002015,协鑫能科,AI,0.02040816326530612,-0.1552723059096177,-0.003168822569584035,-0.0069303461885741645
research_universe_v1_2__cost_0,research_universe_v1_2,0.0,0,2021-03-31,2021-04-29,002044,美年健康,AI,0.02040816326530612,-0.1934640522875818,-0.003948245965052689,-0.008634977432342664
research_universe_v1_2__cost_0,research_universe_v1_2,0.0,0,2021-03-31,2021-04-29,002049,紫光国微,AI|商业航天,0.02040816326530612,0.058532674061205325,0.001194544368596027,0.00261251800319919
research_universe_v1_2__cost_0,research_universe_v1_2,0.0,0,2021-03-31,2021-04-29,002065,东华软件,AI,0.02040816326530612,-0.06619718309859157,-0.0013509629203794196,-0.0029546118536341874
research_universe_v1_2__cost_0,research_universe_v1_2,0.0,0,2021-03-31,2021-04-29,002131,利欧股份,AI,0.02040816326530612,-0.12720848056537093,-0.0025960914401096107,-0.005677759490180419
research_universe_v1_2__cost_0,research_universe_v1_2,0.0,0,2021-03-31,2021-04-29,002212,天融信,AI,0.02040816326530612,-0.07399898631525603,-0.0015101833941888985,-0.0033028336235748574
research_universe_v1_2__cost_0,research_universe_v1_2,0.0,0,2021-03-31,2021-04-29,002230,科大讯飞,AI,0.02040816326530612,0.06848167539267025,0.0013975852120953112,0.0030565767363629277
research_universe_v1_2__cost_0,research_universe_v1_2,0.0,0,2021-03-31,2021-04-29,002236,大华股份,AI,0.02040816326530612,-0.035260930888575515,-0.0007196108344607248,-0.0015738186958559222
research_universe_v1_2__cost_0,research_universe_v1_2,0.0,0,2021-03-31,2021-04-29,002279,久其软件,AI,0.02040816326530612,-0.047311827956989405,-0.0009655475093263143,-0.002111692388641782
research_universe_v1_2__cost_0,research_universe_v1_2,0.0,0,2021-03-31,2021-04-29,002315,焦点科技,AI,0.02040816326530612,-0.1344989912575656,-0.0027448773726033793,-0.006003160486143092
research_universe_v1_2__cost_0,research_universe_v1_2,0.0,0,2021-03-31,2021-04-29,002361,神剑股份,商业航天,0.02040816326530612,0.0,0.0,0.0
research_universe_v1_2__cost_0,research_universe_v1_2,0.0,0,2021-03-31,2021-04-29,002373,千方科技,AI,0.02040816326530612,-0.029601029601029505,-0.0006041026449189695,-0.001321197501844139
research_universe_v1_2__cost_0,research_universe_v1_2,0.0,0,2021-03-31,2021-04-29,002396,星网锐捷,AI,0.02040816326530612,-0.0006868131868131844,-1.4016595649248659e-05,-3.065487514730338e-05
research_universe_v1_2__cost_0,research_universe_v1_2,0.0,0,2021-03-31,2021-04-29,002410,广联达,AI,0.02040816326530612,0.10468993109579916,0.0021365292060367175,0.004672677852637746
research_universe_v1_2__cost_0,research_universe_v1_2,0.0,0,2021-03-31,2021-04-29,002446,盛路通信,商业航天,0.02040816326530612,0.04847396768402157,0.000989264646612685,0.0021635627500732413
research_universe_v1_2__cost_0,research_universe_v1_2,0.0,0,2021-03-31,2021-04-29,002544,普天科技,商业航天,0.02040816326530612,-0.038610038610038644,-0.0007879599716334416,-0.0017233010893619274
research_universe_v1_2__cost_0,research_universe_v1_2,0.0,0,2021-03-31,2021-04-29,002558,巨人网络,AI,0.02040816326530612,-0.02554470323065361,-0.0005213204740949715,-0.001140149466034643
research_universe_v1_2__cost_0,research_universe_v1_2,0.0,0,2021-03-31,2021-04-29,002757,南兴股份,AI,0.02040816326530612,0.04117647058823537,0.000840336134453783,0.0018378499264783397
research_universe_v1_2__cost_0,research_universe_v1_2,0.0,0,2021-03-31,2021-04-29,002792,通宇通讯,商业航天,0.02040816326530612,0.009874326750448859,0.00020151687245813997,0.00044072574538529086
research_universe_v1_2__cost_0,research_universe_v1_2,0.0,0,2021-03-31,2021-04-29,002881,美格智能,AI,0.02040816326530612,0.15274642588412357,0.003117273997635175,0.006817607326966297
research_universe_v1_2__cost_0,research_universe_v1_2,0.0,0,2021-03-31,2021-04-29,002929,润建股份,AI,0.02040816326530612,0.028384279475982543,0.0005792710097139294,0.0012668896873103946
research_universe_v1_2__cost_0,research_universe_v1_2,0.0,0,2021-03-31,2021-04-29,002935,天奥电子,商业航天,0.02040816326530612,-0.001014198782961384,-2.0697934346150693e-05,-4.5267239568428516e-05
research_universe_v1_2__cost_0,research_universe_v1_2,0.0,0,2021-03-31,2021-04-29,002987,京北方,AI,0.02040816326530612,-0.06206896551724139,-0.0012667135819845181,-0.0027703550615880345
research_universe_v1_2__cost_0,research_universe_v1_2,0.0,0,2021-03-31,2021-04-29,300002,神州泰岳,AI,0.02040816326530612,-0.039735099337748436,-0.0008109203946479272,-0.001773516485343337
research_universe_v1_2__cost_0,research_universe_v1_2,0.0,0,2021-03-31,2021-04-29,300017,网宿科技,AI,0.02040816326530612,-0.11317567567567566,-0.0023097076668505234,-0.005051426318192145
research_universe_v1_2__cost_0,research_universe_v1_2,0.0,0,2021-03-31,2021-04-29,300033,同花顺,AI,0.02040816326530612,-0.07246927657417979,-0.0014789648280444853,-0.0032345573265778675
research_universe_v1_2__cost_0,research_universe_v1_2,0.0,0,2021-03-31,2021-04-29,300047,天源迪科,AI,0.02040816326530612,-0.07623318385650235,-0.0015557792623775988,-0.0034025536755428565
research_universe_v1_2__cost_0,research_universe_v1_2,0.0,0,2021-03-31,2021-04-29,300058,蓝色光标,AI,0.02040816326530612,-0.03333333333333344,-0.0006802721088435394,-0.0014877832738158007
research_universe_v1_2__cost_0,research_universe_v1_2,0.0,0,2021-03-31,2021-04-29,300101,振芯科技,商业航天,0.02040816326530612,0.013071895424836555,0.0002667733760170725,0.0005834444211042316
research_universe_v1_2__cost_0,research_universe_v1_2,0.0,0,2021-03-31,2021-04-29,300113,顺网科技,AI,0.02040816326530612,0.013765182186234792,0.0002809220854333631,0.0006143882345312183
research_universe_v1_2__cost_0,research_universe_v1_2,0.0,0,2021-03-31,2021-04-29,300133,华策影视,AI,0.02040816326530612,0.08783783783783794,0.0017926089354660803,0.003920509978298386
research_universe_v1_2__cost_0,research_universe_v1_2,0.0,0,2021-03-31,2021-04-29,300170,汉得信息,AI,0.02040816326530612,-0.04565537555228272,-0.0009317423582098513,-0.002037759123193945
research_universe_v1_2__cost_0,research_universe_v1_2,0.0,0,2021-03-31,2021-04-29,300182,捷成股份,AI,0.02040816326530612,0.07999999999999985,0.0016326530612244866,0.003570679857157904
research_universe_v1_2__cost_0,research_universe_v1_2,0.0,0,2021-03-31,2021-04-29,300339,润和软件,AI,0.02040816326530612,0.11458333333333326,0.002338435374149658,0.005114255003741796
research_universe_v1_2__cost_0,research_universe_v1_2,0.0,0,2021-03-31,2021-04-29,300348,长亮科技,AI,0.02040816326530612,0.01695873374788004,0.0003460966070995926,0.0007569276124557416
research_universe_v1_2__cost_0,research_universe_v1_2,0.0,0,2021-03-31,2021-04-29,300378,鼎捷数智,AI,0.02040816326530612,-0.10069101678183623,-0.0020549187098333923,-0.004494192317745647
research_universe_v1_2__cost_0,research_universe_v1_2,0.0,0,2021-03-31,2021-04-29,300413,芒果超媒,AI,0.02040816326530612,0.17580238009376115,0.0035878036753828804,0.007846675218015147
research_universe_v1_2__cost_0,research_universe_v1_2,0.0,0,2021-03-31,2021-04-29,300454,深信服,AI,0.02040816326530612,0.12232701845678506,0.002496469764424185,0.00545988275987283
research_universe_v1_2__cost_0,research_universe_v1_2,0.0,0,2021-03-31,2021-04-29,300458,全志科技,AI,0.02040816326530612,0.2457091237579041,0.005014471913426614,0.010966857736528356
research_universe_v1_2__cost_0,research_universe_v1_2,0.0,0,2021-03-31,2021-04-29,300496,中科创达,AI,0.02040816326530612,0.11430486885108526,0.002332752425532352,0.005101826159770585
research_universe_v1_2__cost_0,research_universe_v1_2,0.0,0,2021-03-31,2021-04-29,300627,华测导航,商业航天,0.02040816326530612,0.0356234096692114,0.000727008360596151,0.0015899973918642187
research_universe_v1_2__cost_0,research_universe_v1_2,0.0,0,2021-03-31,2021-04-29,300629,新劲刚,商业航天,0.02040816326530612,-0.021198156682027736,-0.0004326154424903619,-0.0009461478884174225
research_universe_v1_2__cost_0,research_universe_v1_2,0.0,0,2021-03-31,2021-04-29,300634,彩讯股份,AI,0.02040816326530612,0.030347890451517312,0.00061934470309219,0.001354532514280847
research_universe_v1_2__cost_0,research_universe_v1_2,0.0,0,2021-03-31,2021-04-29,300674,宇信科技,AI,0.02040816326530612,-0.16515078985160359,-0.003370424282685787,-0.007371257483960499
research_universe_v1_2__cost_0,research_universe_v1_2,0.0,0,2021-03-31,2021-04-29,300857,协创数据,AI,0.02040816326530612,-0.02679938744257271,-0.0005469262743382185,-0.0011961504115670628
research_universe_v1_2__cost_0,research_universe_v1_2,0.0,1,2021-04-29,2021-06-01,000063,中兴通讯,AI,0.02,0.08124076809453484,0.0016248153618906968,0.0032858809549501347
research_universe_v1_2__cost_0,research_universe_v1_2,0.0,1,2021-04-29,2021-06-01,000681,视觉中国,AI,0.02,0.014168530947054503,0.0002833706189410901,0.0005730633411093988
research_universe_v1_2__cost_0,research_universe_v1_2,0.0,1,2021-04-29,2021-06-01,000901,航天科技,商业航天,0.02,0.05115712545675999,0.0010231425091351998,0.0020691117057480206
research_universe_v1_2__cost_0,research_universe_v1_2,0.0,1,2021-04-29,2021-06-01,000938,紫光股份,AI,0.02,0.17250821467688926,0.003450164293537785,0.006977303027460812
research_universe_v1_2__cost_0,research_universe_v1_2,0.0,1,2021-04-29,2021-06-01,000977,浪潮信息,AI,0.02,0.02909482758620685,0.000581896551724137,0.00117677543055512
research_universe_v1_2__cost_0,research_universe_v1_2,0.0,1,2021-04-29,2021-06-01,002015,协鑫能科,AI,0.02,0.36625514403292203,0.007325102880658441,0.014813631513551088
research_universe_v1_2__cost_0,research_universe_v1_2,0.0,1,2021-04-29,2021-06-01,002044,美年健康,AI,0.02,-0.057536466774716244,-0.0011507293354943249,-0.0023271318677116183
research_universe_v1_2__cost_0,research_universe_v1_2,0.0,1,2021-04-29,2021-06-01,002049,紫光国微,AI|商业航天,0.02,0.24012119681858368,0.004802423936371674,0.009711991725483139
research_universe_v1_2__cost_0,research_universe_v1_2,0.0,1,2021-04-29,2021-06-01,002065,东华软件,AI,0.02,0.09200603318250389,0.0018401206636500778,0.0037212950993164864
research_universe_v1_2__cost_0,research_universe_v1_2,0.0,1,2021-04-29,2021-06-01,002131,利欧股份,AI,0.02,-0.0850202429149799,-0.0017004048582995978,-0.003438746377366659
research_universe_v1_2__cost_0,research_universe_v1_2,0.0,1,2021-04-29,2021-06-01,002212,天融信,AI,0.02,0.07224958949096871,0.0014449917898193743,0.002922221880461392
research_universe_v1_2__cost_0,research_universe_v1_2,0.0,1,2021-04-29,2021-06-01,002230,科大讯飞,AI,0.02,0.18345746765974136,0.003669149353194827,0.007420158784381024
research_universe_v1_2__cost_0,research_universe_v1_2,0.0,1,2021-04-29,2021-06-01,002236,大华股份,AI,0.02,-0.039473684210526216,-0.0007894736842105243,-0.0015965608180630853
research_universe_v1_2__cost_0,research_universe_v1_2,0.0,1,2021-04-29,2021-06-01,002279,久其软件,AI,0.02,0.16704288939051914,0.003340857787810383,0.006756251347469384
research_universe_v1_2__cost_0,research_universe_v1_2,0.0,1,2021-04-29,2021-06-01,002315,焦点科技,AI,0.02,-0.01476301476301467,-0.0002952602952602934,-0.0005971079568202762
research_universe_v1_2__cost_0,research_universe_v1_2,0.0,1,2021-04-29,2021-06-01,002361,神剑股份,商业航天,0.02,0.041362530413625365,0.0008272506082725073,0.001672957483323207
research_universe_v1_2__cost_0,research_universe_v1_2,0.0,1,2021-04-29,2021-06-01,002373,千方科技,AI,0.02,0.027188328912466808,0.0005437665782493362,0.0010996647898064943
research_universe_v1_2__cost_0,research_universe_v1_2,0.0,1,2021-04-29,2021-06-01,002396,星网锐捷,AI,0.02,0.03711340206185554,0.0007422680412371108,0.0015010963567768372
research_universe_v1_2__cost_0,research_universe_v1_2,0.0,1,2021-04-29,2021-06-01,002410,广联达,AI,0.02,0.0004024144869214652,8.048289738429304e-06,1.627613979514091e-05
research_universe_v1_2__cost_0,research_universe_v1_2,0.0,1,2021-04-29,2021-06-01,002446,盛路通信,商业航天,0.02,0.015410958904109595,0.00030821917808219194,0.0006233148399287406
research_universe_v1_2__cost_0,research_universe_v1_2,0.0,1,2021-04-29,2021-06-01,002544,普天科技,商业航天,0.02,-0.009638554216867434,-0.00019277108433734868,-0.0003898429628041585
research_universe_v1_2__cost_0,research_universe_v1_2,0.0,1,2021-04-29,2021-06-01,002558,巨人网络,AI,0.02,-0.013107170393215073,-0.00026214340786430147,-0.0005301353320322553
research_universe_v1_2__cost_0,research_universe_v1_2,0.0,1,2021-04-29,2021-06-01,002757,南兴股份,AI,0.02,0.012913640032284013,0.00025827280064568027,0.0005223077629175957
research_universe_v1_2__cost_0,research_universe_v1_2,0.0,1,2021-04-29,2021-06-01,002792,通宇通讯,商业航天,0.02,0.1697777777777778,0.003395555555555556,0.0068668672103714985
research_universe_v1_2__cost_0,research_universe_v1_2,0.0,1,2021-04-29,2021-06-01,002881,美格智能,AI,0.02,0.04046997389033935,0.000809399477806787,0.001636856957074252
research_universe_v1_2__cost_0,research_universe_v1_2,0.0,1,2021-04-29,2021-06-01,002929,润建股份,AI,0.02,-0.024628450106157218,-0.0004925690021231443,-0.0009961274007108459
research_universe_v1_2__cost_0,research_universe_v1_2,0.0,1,2021-04-29,2021-06-01,002935,天奥电子,商业航天,0.02,-0.0010152284263958977,-2.0304568527917954e-05,-4.1062139483177606e-05
research_universe_v1_2__cost_0,research_universe_v1_2,0.0,1,2021-04-29,2021-06-01,002987,京北方,AI,0.02,-0.008823529411764675,-0.0001764705882352935,-0.0003568783005082187
research_universe_v1_2__cost_0,research_universe_v1_2,0.0,1,2021-04-29,2021-06-01,300002,神州泰岳,AI,0.02,0.025287356321839205,0.0005057471264367841,0.0010227776581614935
research_universe_v1_2__cost_0,research_universe_v1_2,0.0,1,2021-04-29,2021-06-01,300017,网宿科技,AI,0.02,0.01904761904761898,0.0003809523809523796,0.0007704039503034562
research_universe_v1_2__cost_0,research_universe_v1_2,0.0,1,2021-04-29,2021-06-01,300033,同花顺,AI,0.02,0.07075536128944138,0.0014151072257888276,0.002861786016733039
research_universe_v1_2__cost_0,research_universe_v1_2,0.0,1,2021-04-29,2021-06-01,300047,天源迪科,AI,0.02,0.10194174757281549,0.00203883495145631,0.004123157064124093
research_universe_v1_2__cost_0,research_universe_v1_2,0.0,1,2021-04-29,2021-06-01,300058,蓝色光标,AI,0.02,0.05747126436781613,0.0011494252873563227,0.0023244946776397484
research_universe_v1_2__cost_0,research_universe_v1_2,0.0,1,2021-04-29,2021-06-01,300101,振芯科技,商业航天,0.02,0.1670967741935483,0.0033419354838709657,0.00675843078338792
research_universe_v1_2__cost_0,research_universe_v1_2,0.0,1,2021-04-29,2021-06-01,300113,顺网科技,AI,0.02,0.043130990415335635,0.0008626198083067127,0.0017444849833149478
research_universe_v1_2__cost_0,research_universe_v1_2,0.0,1,2021-04-29,2021-06-01,300133,华策影视,AI,0.02,-0.0652173913043479,-0.001304347826086958,-0.0026377961341911937
research_universe_v1_2__cost_0,research_universe_v1_2,0.0,1,2021-04-29,2021-06-01,300170,汉得信息,AI,0.02,0.07561728395061706,0.0015123456790123414,0.003058432349005621
research_universe_v1_2__cost_0,research_universe_v1_2,0.0,1,2021-04-29,2021-06-01,300182,捷成股份,AI,0.02,0.12250712250712259,0.0024501424501424517,0.0049549484837893435
research_universe_v1_2__cost_0,research_universe_v1_2,0.0,1,2021-04-29,2021-06-01,300339,润和软件,AI,0.02,1.138110072689512,0.022762201453790237,0.04603223603370823
research_universe_v1_2__cost_0,research_universe_v1_2,0.0,1,2021-04-29,2021-06-01,300348,长亮科技,AI,0.02,0.01778765981100605,0.00035575319622012104,0.0007194433777152899
research_universe_v1_2__cost_0,research_universe_v1_2,0.0,1,2021-04-29,2021-06-01,300378,鼎捷数智,AI,0.02,0.03183315038419332,0.0006366630076838664,0.0012875302023457969
research_universe_v1_2__cost_0,research_universe_v1_2,0.0,1,2021-04-29,2021-06-01,300413,芒果超媒,AI,0.02,0.06624750805091262,0.0013249501610182524,0.002679460449759622
research_universe_v1_2__cost_0,research_universe_v1_2,0.0,1,2021-04-29,2021-06-01,300454,深信服,AI,0.02,-0.05705074799869603,-0.0011410149599739205,-0.002307486385363035
research_universe_v1_2__cost_0,research_universe_v1_2,0.0,1,2021-04-29,2021-06-01,300458,全志科技,AI,0.02,0.23060188542422044,0.0046120377084844085,0.009326971682607864
research_universe_v1_2__cost_0,research_universe_v1_2,0.0,1,2021-04-29,2021-06-01,300496,中科创达,AI,0.02,0.06971497330224863,0.0013942994660449727,0.0028197062684360073
research_universe_v1_2__cost_0,research_universe_v1_2,0.0,1,2021-04-29,2021-06-01,300627,华测导航,商业航天,0.02,0.21294021294021293,0.004258804258804259,0.008612624014448988
research_universe_v1_2__cost_0,research_universe_v1_2,0.0,1,2021-04-29,2021-06-01,300629,新劲刚,商业航天,0.02,0.09510357815442583,0.0019020715630885165,0.0038465790456535783
research_universe_v1_2__cost_0,research_universe_v1_2,0.0,1,2021-04-29,2021-06-01,300634,彩讯股份,AI,0.02,0.11422413793103448,0.0022844827586206897,0.004619933171808996
research_universe_v1_2__cost_0,research_universe_v1_2,0.0,1,2021-04-29,2021-06-01,300674,宇信科技,AI,0.02,-0.03211009174311941,-0.0006422018348623881,-0.0012987314299840475
research_universe_v1_2__cost_0,research_universe_v1_2,0.0,1,2021-04-29,2021-06-01,300857,协创数据,AI,0.02,0.007867820613689958,0.00015735641227379915,0.0003182235042559507
research_universe_v1_2__cost_0,research_universe_v1_2,0.0,2,2021-06-01,2021-06-30,000063,中兴通讯,AI,0.02,0.05293715846994518,0.0010587431693989036,0.0020154827936727016
research_universe_v1_2__cost_0,research_universe_v1_2,0.0,2,2021-06-01,2021-06-30,000681,视觉中国,AI,0.02,-0.05514705882352944,-0.0011029411764705889,-0.0020996205953061056
research_universe_v1_2__cost_0,research_universe_v1_2,0.0,2,2021-06-01,2021-06-30,000901,航天科技,商业航天,0.02,-0.004634994206257348,-9.269988412514696e-05,-0.00017646869120842745
research_universe_v1_2__cost_0,research_universe_v1_2,0.0,2,2021-06-01,2021-06-30,000938,紫光股份,AI,0.02,0.005137786081270468,0.00010275572162540936,0.00019561154666529362
research_universe_v1_2__cost_0,research_universe_v1_2,0.0,2,2021-06-01,2021-06-30,000977,浪潮信息,AI,0.02,-0.03315881326352532,-0.0006631762652705064,-0.0012624594806913267
research_universe_v1_2__cost_0,research_universe_v1_2,0.0,2,2021-06-01,2021-06-30,002015,协鑫能科,AI,0.02,-0.13955823293172698,-0.0027911646586345398,-0.005313417367291381
research_universe_v1_2__cost_0,research_universe_v1_2,0.0,2,2021-06-01,2021-06-30,002044,美年健康,AI,0.02,-0.22269991401547728,-0.004453998280309546,-0.008478880578854944
research_universe_v1_2__cost_0,research_universe_v1_2,0.0,2,2021-06-01,2021-06-30,002049,紫光国微,AI|商业航天,0.02,0.09895144049679327,0.0019790288099358656,0.0037673900808945626
research_universe_v1_2__cost_0,research_universe_v1_2,0.0,2,2021-06-01,2021-06-30,002065,东华软件,AI,0.02,0.045580110497237536,0.0009116022099447508,0.0017353770224187459
research_universe_v1_2__cost_0,research_universe_v1_2,0.0,2,2021-06-01,2021-06-30,002131,利欧股份,AI,0.02,0.004424778761062065,8.84955752212413e-05,0.00016846513331070077
research_universe_v1_2__cost_0,research_universe_v1_2,0.0,2,2021-06-01,2021-06-30,002212,天融信,AI,0.02,0.0,0.0,0.0
research_universe_v1_2__cost_0,research_universe_v1_2,0.0,2,2021-06-01,2021-06-30,002230,科大讯飞,AI,0.02,0.10963895329579332,0.0021927790659158663,0.004174297039562751
research_universe_v1_2__cost_0,research_universe_v1_2,0.0,2,2021-06-01,2021-06-30,002236,大华股份,AI,0.02,-0.06595636732623034,-0.0013191273465246068,-0.002511164696432398
research_universe_v1_2__cost_0,research_universe_v1_2,0.0,2,2021-06-01,2021-06-30,002279,久其软件,AI,0.02,0.0019342359767891004,3.868471953578201e-05,7.364239870061126e-05
research_universe_v1_2__cost_0,research_universe_v1_2,0.0,2,2021-06-01,2021-06-30,002315,焦点科技,AI,0.02,-0.09305993690851733,-0.0018611987381703466,-0.0035430821570423083
research_universe_v1_2__cost_0,research_universe_v1_2,0.0,2,2021-06-01,2021-06-30,002361,神剑股份,商业航天,0.02,0.03738317757009346,0.0007476635514018692,0.001423294210400649
research_universe_v1_2__cost_0,research_universe_v1_2,0.0,2,2021-06-01,2021-06-30,002373,千方科技,AI,0.02,0.06649451258876682,0.0013298902517753365,0.0025316535656593805
research_universe_v1_2__cost_0,research_universe_v1_2,0.0,2,2021-06-01,2021-06-30,002396,星网锐捷,AI,0.02,0.03512259774685211,0.0007024519549370423,0.0013372268832309569
research_universe_v1_2__cost_0,research_universe_v1_2,0.0,2,2021-06-01,2021-06-30,002410,广联达,AI,0.02,-0.06717618664521308,-0.0013435237329042615,-0.002557607023898748
research_universe_v1_2__cost_0,research_universe_v1_2,0.0,2,2021-06-01,2021-06-30,002446,盛路通信,商业航天,0.02,0.09612141652613837,0.0019224283305227675,0.0036596422382940835
research_universe_v1_2__cost_0,research_universe_v1_2,0.0,2,2021-06-01,2021-06-30,002544,普天科技,商业航天,0.02,0.06082725060827254,0.0012165450121654508,0.0023158832194779427
research_universe_v1_2__cost_0,research_universe_v1_2,0.0,2,2021-06-01,2021-06-30,002558,巨人网络,AI,0.02,-0.03671875000000002,-0.0007343750000000004,-0.0013979973797079819
research_universe_v1_2__cost_0,research_universe_v1_2,0.0,2,2021-06-01,2021-06-30,002757,南兴股份,AI,0.02,0.0,0.0,0.0
research_universe_v1_2__cost_0,research_universe_v1_2,0.0,2,2021-06-01,2021-06-30,002792,通宇通讯,商业航天,0.02,-0.06762917933130708,-0.0013525835866261416,-0.002574853868853609
research_universe_v1_2__cost_0,research_universe_v1_2,0.0,2,2021-06-01,2021-06-30,002881,美格智能,AI,0.02,0.3168130489335006,0.006336260978670012,0.012062061270231973
research_universe_v1_2__cost_0,research_universe_v1_2,0.0,2,2021-06-01,2021-06-30,002929,润建股份,AI,0.02,0.08968219416630396,0.0017936438833260793,0.003414480951855805
research_universe_v1_2__cost_0,research_universe_v1_2,0.0,2,2021-06-01,2021-06-30,002935,天奥电子,商业航天,0.02,0.05081300813008127,0.0010162601626016255,0.0019346097626126695
research_universe_v1_2__cost_0,research_universe_v1_2,0.0,2,2021-06-01,2021-06-30,002987,京北方,AI,0.02,-0.016320474777448135,-0.0003264094955489627,-0.0006213713967513243
research_universe_v1_2__cost_0,research_universe_v1_2,0.0,2,2021-06-01,2021-06-30,300002,神州泰岳,AI,0.02,0.05381165919282527,0.0010762331838565053,0.0020487777647471284
research_universe_v1_2__cost_0,research_universe_v1_2,0.0,2,2021-06-01,2021-06-30,300017,网宿科技,AI,0.02,0.007476635514018781,0.00014953271028037563,0.0002846588420801332
research_universe_v1_2__cost_0,research_universe_v1_2,0.0,2,2021-06-01,2021-06-30,300033,同花顺,AI,0.02,-0.04885827273886978,-0.0009771654547773955,-0.0018601868872441963
research_universe_v1_2__cost_0,research_universe_v1_2,0.0,2,2021-06-01,2021-06-30,300047,天源迪科,AI,0.02,0.06167400881057272,0.0012334801762114544,0.0023481219462336707
research_universe_v1_2__cost_0,research_universe_v1_2,0.0,2,2021-06-01,2021-06-30,300058,蓝色光标,AI,0.02,-0.06956521739130417,-0.0013913043478260834,-0.002648564878484679
research_universe_v1_2__cost_0,research_universe_v1_2,0.0,2,2021-06-01,2021-06-30,300101,振芯科技,商业航天,0.02,-0.015478164731896116,-0.0003095632946379223,-0.0005893020252018179
research_universe_v1_2__cost_0,research_universe_v1_2,0.0,2,2021-06-01,2021-06-30,300113,顺网科技,AI,0.02,-0.0367534456355284,-0.0007350689127105681,-0.001399318350807379
research_universe_v1_2__cost_0,research_universe_v1_2,0.0,2,2021-06-01,2021-06-30,300133,华策影视,AI,0.02,-0.03488372093023251,-0.0006976744186046502,-0.0013281320974959524
research_universe_v1_2__cost_0,research_universe_v1_2,0.0,2,2021-06-01,2021-06-30,300170,汉得信息,AI,0.02,0.05882352941176472,0.0011764705882352944,0.002239595301659845
research_universe_v1_2__cost_0,research_universe_v1_2,0.0,2,2021-06-01,2021-06-30,300182,捷成股份,AI,0.02,0.266497461928934,0.00532994923857868,0.010146389881885336
research_universe_v1_2__cost_0,research_universe_v1_2,0.0,2,2021-06-01,2021-06-30,300339,润和软件,AI,0.02,1.0995628946090332,0.021991257892180666,0.041863790174980126
research_universe_v1_2__cost_0,research_universe_v1_2,0.0,2,2021-06-01,2021-06-30,300348,长亮科技,AI,0.02,-0.007099945385035444,-0.0001419989077007089,-0.00027031707354823695
research_universe_v1_2__cost_0,research_universe_v1_2,0.0,2,2021-06-01,2021-06-30,300378,鼎捷数智,AI,0.02,0.11861702127659579,0.002372340425531916,0.004516120100315145
research_universe_v1_2__cost_0,research_universe_v1_2,0.0,2,2021-06-01,2021-06-30,300413,芒果超媒,AI,0.02,-0.05681001006759678,-0.0011362002013519357,-0.00216293433778885
research_universe_v1_2__cost_0,research_universe_v1_2,0.0,2,2021-06-01,2021-06-30,300454,深信服,AI,0.02,-0.0065688383527964245,-0.00013137676705592848,-0.0002500961717088597
research_universe_v1_2__cost_0,research_universe_v1_2,0.0,2,2021-06-01,2021-06-30,300458,全志科技,AI,0.02,0.6794342958161463,0.013588685916322927,0.02586818356383891
research_universe_v1_2__cost_0,research_universe_v1_2,0.0,2,2021-06-01,2021-06-30,300496,中科创达,AI,0.02,0.08316929133858264,0.0016633858267716527,0.003166514420112564
research_universe_v1_2__cost_0,research_universe_v1_2,0.0,2,2021-06-01,2021-06-30,300627,华测导航,商业航天,0.02,0.11141120864280896,0.002228224172856179,0.004241772330287553
research_universe_v1_2__cost_0,research_universe_v1_2,0.0,2,2021-06-01,2021-06-30,300629,新劲刚,商业航天,0.02,0.12467755803955272,0.002493551160791054,0.004746863644532682
research_universe_v1_2__cost_0,research_universe_v1_2,0.0,2,2021-06-01,2021-06-30,300634,彩讯股份,AI,0.02,0.32108317214700177,0.0064216634429400355,0.012224638184301893
research_universe_v1_2__cost_0,research_universe_v1_2,0.0,2,2021-06-01,2021-06-30,300674,宇信科技,AI,0.02,0.03732227488151674,0.0007464454976303347,0.0014209754550223359
research_universe_v1_2__cost_0,research_universe_v1_2,0.0,2,2021-06-01,2021-06-30,300857,协创数据,AI,0.02,0.09914129586260723,0.0019828259172521446,0.0037746184670441837
research_universe_v1_2__cost_0,research_universe_v1_2,0.0,3,2021-06-30,2021-07-28,000063,中兴通讯,AI,0.019230769230769232,0.12228349010703865,0.0023516055789815126,0.004673799376792814
research_universe_v1_2__cost_0,research_universe_v1_2,0.0,3,2021-06-30,2021-07-28,000681,视觉中国,AI,0.019230769230769232,-0.11050583657587554,-0.0021251122418437605,-0.004223645478782151
research_universe_v1_2__cost_0,research_universe_v1_2,0.0,3,2021-06-30,2021-07-28,000901,航天科技,商业航天,0.019230769230769232,-0.0442374854481955,-0.0008507208740037597,-0.001690801691525783
research_universe_v1_2__cost_0,research_universe_v1_2,0.0,3,2021-06-30,2021-07-28,000938,紫光股份,AI,0.019230769230769232,0.21654275092936803,0.004164283671718616,0.00827648420450527
research_universe_v1_2__cost_0,research_universe_v1_2,0.0,3,2021-06-30,2021-07-28,000977,浪潮信息,AI,0.019230769230769232,0.04151624548736477,0.0007983893362954763,0.0015867931322190324
research_universe_v1_2__cost_0,research_universe_v1_2,0.0,3,2021-06-30,2021-07-28,001208,华菱线缆,商业航天,0.019230769230769232,0.20933333333333337,0.004025641025641027,0.008000932930675162
research_universe_v1_2__cost_0,research_universe_v1_2,0.0,3,2021-06-30,2021-07-28,002015,协鑫能科,AI,0.019230769230769232,-0.09684947491248541,-0.0018624899021631811,-0.0037016854449645016
research_universe_v1_2__cost_0,research_universe_v1_2,0.0,3,2021-06-30,2021-07-28,002044,美年健康,AI,0.019230769230769232,-0.2013274336283185,-0.003871681415929202,-0.007694939300470372
research_universe_v1_2__cost_0,research_universe_v1_2,0.0,3,2021-06-30,2021-07-28,002049,紫光国微,AI|商业航天,0.019230769230769232,0.16387216303844365,0.0031513877507393013,0.006263360759595157
research_universe_v1_2__cost_0,research_universe_v1_2,0.0,3,2021-06-30,2021-07-28,002065,东华软件,AI,0.019230769230769232,-0.09511228533685612,-0.0018290824103241563,-0.003635288292341199
research_universe_v1_2__cost_0,research_universe_v1_2,0.0,3,2021-06-30,2021-07-28,002131,利欧股份,AI,0.019230769230769232,-0.013215859030836885,-0.00025415113520840164,-0.0005051235751289023
research_universe_v1_2__cost_0,research_universe_v1_2,0.0,3,2021-06-30,2021-07-28,002212,天融信,AI,0.019230769230769232,-0.05666156202143946,-0.0010896454234892205,-0.0021656625357364396
research_universe_v1_2__cost_0,research_universe_v1_2,0.0,3,2021-06-30,2021-07-28,002230,科大讯飞,AI,0.019230769230769232,-0.14268656716417916,-0.002743972445464984,-0.005453625735615641
research_universe_v1_2__cost_0,research_universe_v1_2,0.0,3,2021-06-30,2021-07-28,002236,大华股份,AI,0.019230769230769232,-0.021184139054861495,-0.00040738728951656724,-0.0008096793428600785
research_universe_v1_2__cost_0,research_universe_v1_2,0.0,3,2021-06-30,2021-07-28,002279,久其软件,AI,0.019230769230769232,-0.11196911196911197,-0.002153252153252153,-0.004279573352733068
research_universe_v1_2__cost_0,research_universe_v1_2,0.0,3,2021-06-30,2021-07-28,002315,焦点科技,AI,0.019230769230769232,-0.09130434782608698,-0.0017558528428093653,-0.003489745047303623
research_universe_v1_2__cost_0,research_universe_v1_2,0.0,3,2021-06-30,2021-07-28,002361,神剑股份,商业航天,0.019230769230769232,0.04729729729729737,0.000909563409563411,0.0018077508127924194
research_universe_v1_2__cost_0,research_universe_v1_2,0.0,3,2021-06-30,2021-07-28,002373,千方科技,AI,0.019230769230769232,-0.10532687651331718,-0.0020255168560253307,-0.004025700357231953
research_universe_v1_2__cost_0,research_universe_v1_2,0.0,3,2021-06-30,2021-07-28,002396,星网锐捷,AI,0.019230769230769232,0.18501920614596679,0.0035580616566532075,0.00707162225761453
research_universe_v1_2__cost_0,research_universe_v1_2,0.0,3,2021-06-30,2021-07-28,002410,广联达,AI,0.019230769230769232,-0.09853385079775767,-0.0018948817461107246,-0.0037660640046210778
research_universe_v1_2__cost_0,research_universe_v1_2,0.0,3,2021-06-30,2021-07-28,002446,盛路通信,商业航天,0.019230769230769232,0.012307692307692353,0.00023668639053254527,0.00047041251919697347
research_universe_v1_2__cost_0,research_universe_v1_2,0.0,3,2021-06-30,2021-07-28,002544,普天科技,商业航天,0.019230769230769232,0.003822629969419067,7.351211479652053e-05,0.00014610480575212164
research_universe_v1_2__cost_0,research_universe_v1_2,0.0,3,2021-06-30,2021-07-28,002558,巨人网络,AI,0.019230769230769232,-0.19059205190592043,-0.003665231767421547,-0.007284622091173702
research_universe_v1_2__cost_0,research_universe_v1_2,0.0,3,2021-06-30,2021-07-28,002757,南兴股份,AI,0.019230769230769232,-0.014342629482071878,-0.0002758197977321515,-0.0005481898879088279
research_universe_v1_2__cost_0,research_universe_v1_2,0.0,3,2021-06-30,2021-07-28,002792,通宇通讯,商业航天,0.019230769230769232,0.09453952730236348,0.0018180678327377594,0.00361339689766215
research_universe_v1_2__cost_0,research_universe_v1_2,0.0,3,2021-06-30,2021-07-28,002881,美格智能,AI,0.019230769230769232,0.1086231538828013,0.002088906805438487,0.004151687431216722
research_universe_v1_2__cost_0,research_universe_v1_2,0.0,3,2021-06-30,2021-07-28,002929,润建股份,AI,0.019230769230769232,0.03435876947662808,0.0006607455668582324,0.0013132271186132014
research_universe_v1_2__cost_0,research_universe_v1_2,0.0,3,2021-06-30,2021-07-28,002935,天奥电子,商业航天,0.019230769230769232,-0.11798839458413934,-0.002269007588156526,-0.00450963645700192
research_universe_v1_2__cost_0,research_universe_v1_2,0.0,3,2021-06-30,2021-07-28,002987,京北方,AI,0.019230769230769232,-0.23227752639517352,-0.004466875507599491,-0.008877883327982066
research_universe_v1_2__cost_0,research_universe_v1_2,0.0,3,2021-06-30,2021-07-28,300002,神州泰岳,AI,0.019230769230769232,-0.09148936170212774,-0.001759410801963995,-0.0034968164658391943
research_universe_v1_2__cost_0,research_universe_v1_2,0.0,3,2021-06-30,2021-07-28,300017,网宿科技,AI,0.019230769230769232,0.03525046382189245,0.0006778935350363934,0.001347308583507099
research_universe_v1_2__cost_0,research_universe_v1_2,0.0,3,2021-06-30,2021-07-28,300033,同花顺,AI,0.019230769230769232,-0.17489270386266098,-0.003363321228128096,-0.00668457703982285
research_universe_v1_2__cost_0,research_universe_v1_2,0.0,3,2021-06-30,2021-07-28,300047,天源迪科,AI,0.019230769230769232,-0.09958506224066399,-0.001915097350782,-0.0038062423752452104
research_universe_v1_2__cost_0,research_universe_v1_2,0.0,3,2021-06-30,2021-07-28,300058,蓝色光标,AI,0.019230769230769232,-0.08644859813084116,-0.0016624730409777147,-0.0033041533547567684
research_universe_v1_2__cost_0,research_universe_v1_2,0.0,3,2021-06-30,2021-07-28,300101,振芯科技,商业航天,0.019230769230769232,0.2594048287478945,0.004988554398997971,0.00991471641738143
research_universe_v1_2__cost_0,research_universe_v1_2,0.0,3,2021-06-30,2021-07-28,300113,顺网科技,AI,0.019230769230769232,0.11685214626391094,0.0022471566589213642,0.004466207890428322
research_universe_v1_2__cost_0,research_universe_v1_2,0.0,3,2021-06-30,2021-07-28,300133,华策影视,AI,0.019230769230769232,-0.04819277108433728,-0.0009267840593141785,-0.0018419767317953686
research_universe_v1_2__cost_0,research_universe_v1_2,0.0,3,2021-06-30,2021-07-28,300170,汉得信息,AI,0.019230769230769232,-0.11517615176151752,-0.0022149259954137987,-0.0044021496757507906
research_universe_v1_2__cost_0,research_universe_v1_2,0.0,3,2021-06-30,2021-07-28,300182,捷成股份,AI,0.019230769230769232,-0.14428857715430876,-0.0027747803298905534,-0.005514856186978532
research_universe_v1_2__cost_0,research_universe_v1_2,0.0,3,2021-06-30,2021-07-28,300339,润和软件,AI,0.019230769230769232,-0.2151283830673143,-0.004137084289756045,-0.00822242562614415
research_universe_v1_2__cost_0,research_universe_v1_2,0.0,3,2021-06-30,2021-07-28,300348,长亮科技,AI,0.019230769230769232,-0.21672167216721672,-0.004167724464754168,-0.008283322756211802
research_universe_v1_2__cost_0,research_universe_v1_2,0.0,3,2021-06-30,2021-07-28,300378,鼎捷数智,AI,0.019230769230769232,-0.13504517356157864,-0.002597022568491897,-0.005161563899415177
research_universe_v1_2__cost_0,research_universe_v1_2,0.0,3,2021-06-30,2021-07-28,300413,芒果超媒,AI,0.019230769230769232,-0.23177798109179626,-0.004457268867149929,-0.008858790198357122
research_universe_v1_2__cost_0,research_universe_v1_2,0.0,3,2021-06-30,2021-07-28,300454,深信服,AI,0.019230769230769232,-0.05003673485170734,-0.000962244900994372,-0.0019124549026360833
research_universe_v1_2__cost_0,research_universe_v1_2,0.0,3,2021-06-30,2021-07-28,300458,全志科技,AI,0.019230769230769232,0.09298245614035072,0.0017881241565452064,0.003553884054020976
research_universe_v1_2__cost_0,research_universe_v1_2,0.0,3,2021-06-30,2021-07-28,300496,中科创达,AI,0.019230769230769232,-0.16278315051599912,-0.0031304452022307525,-0.006221737593260391
research_universe_v1_2__cost_0,research_universe_v1_2,0.0,3,2021-06-30,2021-07-28,300627,华测导航,商业航天,0.019230769230769232,-0.04495747266099637,-0.0008645667819422378,-0.001718320335159048
research_universe_v1_2__cost_0,research_universe_v1_2,0.0,3,2021-06-30,2021-07-28,300629,新劲刚,商业航天,0.019230769230769232,0.1857798165137614,0.0035726887791107964,0.007100693559552911
research_universe_v1_2__cost_0,research_universe_v1_2,0.0,3,2021-06-30,2021-07-28,300634,彩讯股份,AI,0.019230769230769232,-0.20741825280624693,-0.003988812553966287,-0.007927736604939204
research_universe_v1_2__cost_0,research_universe_v1_2,0.0,3,2021-06-30,2021-07-28,300674,宇信科技,AI,0.019230769230769232,-0.19303255282695608,-0.0037121644774414635,-0.007377900518816014
research_universe_v1_2__cost_0,research_universe_v1_2,0.0,3,2021-06-30,2021-07-28,300857,协创数据,AI,0.019230769230769232,-0.014204545454545414,-0.0002731643356643349,-0.0005429121759197989
research_universe_v1_2__cost_0,research_universe_v1_2,0.0,3,2021-06-30,2021-07-28,300996,普联软件,AI,0.019230769230769232,-0.14796747967479673,-0.0028455284552845526,-0.005655467583435137
research_universe_v1_2__cost_0,research_universe_v1_2,0.0,4,2021-07-28,2021-08-25,000063,中兴通讯,AI,0.019230769230769232,-0.07890173410404622,-0.0015173410404624274,-0.002713248503219696
research_universe_v1_2__cost_0,research_universe_v1_2,0.0,4,2021-07-28,2021-08-25,000681,视觉中国,AI,0.019230769230769232,0.018372703412073532,0.00035332121946295256,0.0006317948597577342
research_universe_v1_2__cost_0,research_universe_v1_2,0.0,4,2021-07-28,2021-08-25,000901,航天科技,商业航天,0.019230769230769232,0.13398294762484775,0.002576595146631688,0.004607364289620076
research_universe_v1_2__cost_0,research_universe_v1_2,0.0,4,2021-07-28,2021-08-25,000938,紫光股份,AI,0.019230769230769232,-0.05653170359052717,-0.0010871481459716764,-0.0019439947916631596
research_universe_v1_2__cost_0,research_universe_v1_2,0.0,4,2021-07-28,2021-08-25,000977,浪潮信息,AI,0.019230769230769232,0.03882149046793759,0.0007465671243834153,0.001334981443702994
research_universe_v1_2__cost_0,research_universe_v1_2,0.0,4,2021-07-28,2021-08-25,001208,华菱线缆,商业航天,0.019230769230769232,1.0904079382579934,0.020969383428038335,0.03749661195628469
research_universe_v1_2__cost_0,research_universe_v1_2,0.0,4,2021-07-28,2021-08-25,002015,协鑫能科,AI,0.019230769230769232,1.012919896640827,0.019479228781554368,0.034831977074395316
research_universe_v1_2__cost_0,research_universe_v1_2,0.0,4,2021-07-28,2021-08-25,002044,美年健康,AI,0.019230769230769232,0.033240997229917024,0.0006392499467291736,0.0011430811629649248
research_universe_v1_2__cost_0,research_universe_v1_2,0.0,4,2021-07-28,2021-08-25,002049,紫光国微,AI|商业航天,0.019230769230769232,0.28159821712830313,0.005415350329390445,0.009683512660509723
research_universe_v1_2__cost_0,research_universe_v1_2,0.0,4,2021-07-28,2021-08-25,002065,东华软件,AI,0.019230769230769232,-0.021897810218978075,-0.00042111173498034763,-0.0007530151456757952
research_universe_v1_2__cost_0,research_universe_v1_2,0.0,4,2021-07-28,2021-08-25,002131,利欧股份,AI,0.019230769230769232,0.01785714285714257,0.00034340659340658796,0.000614065922366562
research_universe_v1_2__cost_0,research_universe_v1_2,0.0,4,2021-07-28,2021-08-25,002212,天融信,AI,0.019230769230769232,-0.04816017316017318,-0.0009261571761571766,-0.0016561171845643912
research_universe_v1_2__cost_0,research_universe_v1_2,0.0,4,2021-07-28,2021-08-25,002230,科大讯飞,AI,0.019230769230769232,-0.07694986072423393,-0.0014798050139275757,-0.0026461280832899333
research_universe_v1_2__cost_0,research_universe_v1_2,0.0,4,2021-07-28,2021-08-25,002236,大华股份,AI,0.019230769230769232,0.08435072142064381,0.0016221292580893042,0.00290062659888139
research_universe_v1_2__cost_0,research_universe_v1_2,0.0,4,2021-07-28,2021-08-25,002279,久其软件,AI,0.019230769230769232,-0.0021739130434782483,-4.180602006688939e-05,-7.475585141853875e-05
research_universe_v1_2__cost_0,research_universe_v1_2,0.0,4,2021-07-28,2021-08-25,002315,焦点科技,AI,0.019230769230769232,0.03349282296650724,0.0006440927493559085,0.0011517408687449597
research_universe_v1_2__cost_0,research_universe_v1_2,0.0,4,2021-07-28,2021-08-25,002361,神剑股份,商业航天,0.019230769230769232,0.0903225806451613,0.0017369727047146404,0.0031059850524864023
research_universe_v1_2__cost_0,research_universe_v1_2,0.0,4,2021-07-28,2021-08-25,002373,千方科技,AI,0.019230769230769232,0.06765899864682012,0.0013011345893619256,0.002326636782985661
research_universe_v1_2__cost_0,research_universe_v1_2,0.0,4,2021-07-28,2021-08-25,002396,星网锐捷,AI,0.019230769230769232,0.07185305240410589,0.0013817894693097287,0.002470860610365331
research_universe_v1_2__cost_0,research_universe_v1_2,0.0,4,2021-07-28,2021-08-25,002410,广联达,AI,0.019230769230769232,0.05166228175077725,0.000993505418284178,0.0017765466149117536
research_universe_v1_2__cost_0,research_universe_v1_2,0.0,4,2021-07-28,2021-08-25,002446,盛路通信,商业航天,0.019230769230769232,-0.037993920972644424,-0.0007306523263970082,-0.0013065232390778142
research_universe_v1_2__cost_0,research_universe_v1_2,0.0,4,2021-07-28,2021-08-25,002544,普天科技,商业航天,0.019230769230769232,-0.031987814166032025,-0.0006151502724236928,-0.0010999870901798772
research_universe_v1_2__cost_0,research_universe_v1_2,0.0,4,2021-07-28,2021-08-25,002558,巨人网络,AI,0.019230769230769232,-0.004008016032064243,-7.707723138585084e-05,-0.00013782641944901406
research_universe_v1_2__cost_0,research_universe_v1_2,0.0,4,2021-07-28,2021-08-25,002757,南兴股份,AI,0.019230769230769232,0.09620048504446244,0.0018500093277781238,0.0033081126165326077
research_universe_v1_2__cost_0,research_universe_v1_2,0.0,4,2021-07-28,2021-08-25,002792,通宇通讯,商业航天,0.019230769230769232,-0.045420699925539765,-0.0008734749985680725,-0.001561913023681464
research_universe_v1_2__cost_0,research_universe_v1_2,0.0,4,2021-07-28,2021-08-25,002881,美格智能,AI,0.019230769230769232,0.030511388053287458,0.0005867574625632204,0.0010492162042670763
research_universe_v1_2__cost_0,research_universe_v1_2,0.0,4,2021-07-28,2021-08-25,002929,润建股份,AI,0.019230769230769232,0.15565855542680573,0.0029934337582078027,0.005352738407094938
research_universe_v1_2__cost_0,research_universe_v1_2,0.0,4,2021-07-28,2021-08-25,002935,天奥电子,商业航天,0.019230769230769232,0.17214912280701755,0.003310560053981107,0.0059198109533408995
research_universe_v1_2__cost_0,research_universe_v1_2,0.0,4,2021-07-28,2021-08-25,002987,京北方,AI,0.019230769230769232,0.21611001964636545,0.0041559619162762585,0.0074315247186209875
research_universe_v1_2__cost_0,research_universe_v1_2,0.0,4,2021-07-28,2021-08-25,300002,神州泰岳,AI,0.019230769230769232,0.15925058548009385,0.003062511259232574,0.005476260028974024
research_universe_v1_2__cost_0,research_universe_v1_2,0.0,4,2021-07-28,2021-08-25,300017,网宿科技,AI,0.019230769230769232,0.023297491039426577,0.0004480286738351265,0.0008011469381413356
research_universe_v1_2__cost_0,research_universe_v1_2,0.0,4,2021-07-28,2021-08-25,300033,同花顺,AI,0.019230769230769232,0.21066319895968788,0.004051215364609382,0.007244221128360908
research_universe_v1_2__cost_0,research_universe_v1_2,0.0,4,2021-07-28,2021-08-25,300047,天源迪科,AI,0.019230769230769232,0.15514592933947768,0.002983575564220725,0.005335110379270859
research_universe_v1_2__cost_0,research_universe_v1_2,0.0,4,2021-07-28,2021-08-25,300058,蓝色光标,AI,0.019230769230769232,0.04859335038363155,0.0009344875073775299,0.0016710131493555761
research_universe_v1_2__cost_0,research_universe_v1_2,0.0,4,2021-07-28,2021-08-25,300101,振芯科技,商业航天,0.019230769230769232,0.43201069995541674,0.008307898076065707,0.014855850740659673
research_universe_v1_2__cost_0,research_universe_v1_2,0.0,4,2021-07-28,2021-08-25,300113,顺网科技,AI,0.019230769230769232,-0.25978647686832745,-0.004995893785929374,-0.008933457262044647
research_universe_v1_2__cost_0,research_universe_v1_2,0.0,4,2021-07-28,2021-08-25,300133,华策影视,AI,0.019230769230769232,-0.025316455696202667,-0.0004868549172346667,-0.0008705744722159039
research_universe_v1_2__cost_0,research_universe_v1_2,0.0,4,2021-07-28,2021-08-25,300170,汉得信息,AI,0.019230769230769232,0.1485451761102603,0.0028566380021203906,0.005108125712550103
research_universe_v1_2__cost_0,research_universe_v1_2,0.0,4,2021-07-28,2021-08-25,300182,捷成股份,AI,0.019230769230769232,0.10772833723653408,0.002071698793010271,0.003704528843129487
research_universe_v1_2__cost_0,research_universe_v1_2,0.0,4,2021-07-28,2021-08-25,300339,润和软件,AI,0.019230769230769232,-0.11464780430297672,-0.002204765467364937,-0.003942473343010139
research_universe_v1_2__cost_0,research_universe_v1_2,0.0,4,2021-07-28,2021-08-25,300348,长亮科技,AI,0.019230769230769232,0.131320224719101,0.002525388936905788,0.004515799395381132
research_universe_v1_2__cost_0,research_universe_v1_2,0.0,4,2021-07-28,2021-08-25,300378,鼎捷数智,AI,0.019230769230769232,0.40736668499175366,0.007833974711379879,0.01400839995300894
research_universe_v1_2__cost_0,research_universe_v1_2,0.0,4,2021-07-28,2021-08-25,300413,芒果超媒,AI,0.019230769230769232,0.027788805081381485,0.0005344000977188747,0.0009555928605307504
research_universe_v1_2__cost_0,research_universe_v1_2,0.0,4,2021-07-28,2021-08-25,300454,深信服,AI,0.019230769230769232,0.11963202670248707,0.0023006158981247514,0.004113869246012124
research_universe_v1_2__cost_0,research_universe_v1_2,0.0,4,2021-07-28,2021-08-25,300458,全志科技,AI,0.019230769230769232,-0.1958266452648475,-0.0037658970243239906,-0.0067340262947165625
research_universe_v1_2__cost_0,research_universe_v1_2,0.0,4,2021-07-28,2021-08-25,300496,中科创达,AI,0.019230769230769232,-0.029692224203426765,-0.0005710043116043609,-0.001021047050385169
research_universe_v1_2__cost_0,research_universe_v1_2,0.0,4,2021-07-28,2021-08-25,300627,华测导航,商业航天,0.019230769230769232,0.49936386768447827,0.009603151301624582,0.01717197070434764
research_universe_v1_2__cost_0,research_universe_v1_2,0.0,4,2021-07-28,2021-08-25,300629,新劲刚,商业航天,0.019230769230769232,0.26112185686653766,0.00502157417051034,0.008979377897662054
research_universe_v1_2__cost_0,research_universe_v1_2,0.0,4,2021-07-28,2021-08-25,300634,彩讯股份,AI,0.019230769230769232,-0.018472906403940836,-0.0003552482000757853,-0.0006352406093447277
research_universe_v1_2__cost_0,research_universe_v1_2,0.0,4,2021-07-28,2021-08-25,300674,宇信科技,AI,0.019230769230769232,0.2724699221514508,0.0052398061952202086,0.009369611667532406
research_universe_v1_2__cost_0,research_universe_v1_2,0.0,4,2021-07-28,2021-08-25,300857,协创数据,AI,0.019230769230769232,0.006484149855907839,0.0001246951895366892,0.00022297494587374277
research_universe_v1_2__cost_0,research_universe_v1_2,0.0,4,2021-07-28,2021-08-25,300996,普联软件,AI,0.019230769230769232,0.1364503816793894,0.0026240458015267193,0.004692213651060601
research_universe_v1_2__cost_0,research_universe_v1_2,0.0,5,2021-08-25,2021-09-24,000063,中兴通讯,AI,0.018867924528301886,0.00909946658299332,0.00017168804873572303,0.0003135448320824407
research_universe_v1_2__cost_0,research_universe_v1_2,0.0,5,2021-08-25,2021-09-24,000681,视觉中国,AI,0.018867924528301886,0.15034364261168376,0.0028366725021072405,0.00518046544238597
research_universe_v1_2__cost_0,research_universe_v1_2,0.0,5,2021-08-25,2021-09-24,000901,航天科技,商业航天,0.018867924528301886,-0.03866809881847488,-0.0007295867701599035,-0.001332405854827329
research_universe_v1_2__cost_0,research_universe_v1_2,0.0,5,2021-08-25,2021-09-24,000938,紫光股份,AI,0.018867924528301886,0.011336032388663986,0.00021388740355969785,0.0003906112890647633
research_universe_v1_2__cost_0,research_universe_v1_2,0.0,5,2021-08-25,2021-09-24,000977,浪潮信息,AI,0.018867924528301886,-0.024691358024691357,-0.00046587467971115766,-0.0008508023668341832
research_universe_v1_2__cost_0,research_universe_v1_2,0.0,5,2021-08-25,2021-09-24,001208,华菱线缆,商业航天,0.018867924528301886,-0.14556962025316467,-0.0027465966085502766,-0.005015964586747103
research_universe_v1_2__cost_0,research_universe_v1_2,0.0,5,2021-08-25,2021-09-24,002015,协鑫能科,AI,0.018867924528301886,0.01797175866495504,0.00033908978613122716,0.0006192617997368179
research_universe_v1_2__cost_0,research_universe_v1_2,0.0,5,2021-08-25,2021-09-24,002044,美年健康,AI,0.018867924528301886,0.08176943699731898,0.0015428195659871506,0.0028175700365467137
research_universe_v1_2__cost_0,research_universe_v1_2,0.0,5,2021-08-25,2021-09-24,002049,紫光国微,AI|商业航天,0.018867924528301886,-0.08992671717799039,-0.0016967305127922713,-0.003098649484574828
research_universe_v1_2__cost_0,research_universe_v1_2,0.0,5,2021-08-25,2021-09-24,002065,东华软件,AI,0.018867924528301886,0.12089552238805967,0.002281047592227541,0.0041657569617903544
research_universe_v1_2__cost_0,research_universe_v1_2,0.0,5,2021-08-25,2021-09-24,002131,利欧股份,AI,0.018867924528301886,0.1535087719298247,0.0028963919232042395,0.005289527872752
research_universe_v1_2__cost_0,research_universe_v1_2,0.0,5,2021-08-25,2021-09-24,002212,天融信,AI,0.018867924528301886,-0.07902217168845938,-0.0014909843714803655,-0.002722906153549196
research_universe_v1_2__cost_0,research_universe_v1_2,0.0,5,2021-08-25,2021-09-24,002230,科大讯飞,AI,0.018867924528301886,-0.007167106752169028,-0.00013522842928620808,-0.00024696055121799595
research_universe_v1_2__cost_0,research_universe_v1_2,0.0,5,2021-08-25,2021-09-24,002236,大华股份,AI,0.018867924528301886,0.07471852610030716,0.00140978351132655,0.0025746133035263723
research_universe_v1_2__cost_0,research_universe_v1_2,0.0,5,2021-08-25,2021-09-24,002279,久其软件,AI,0.018867924528301886,0.013071895424836777,0.00024663953631767505,0.00045042478244163253
research_universe_v1_2__cost_0,research_universe_v1_2,0.0,5,2021-08-25,2021-09-24,002315,焦点科技,AI,0.018867924528301886,-0.0037037037037037646,-6.98812019566748e-05,-0.00012762035502512958
research_universe_v1_2__cost_0,research_universe_v1_2,0.0,5,2021-08-25,2021-09-24,002361,神剑股份,商业航天,0.018867924528301886,-0.0019723865877713243,-3.721484127870423e-05,-6.796350267610757e-05
research_universe_v1_2__cost_0,research_universe_v1_2,0.0,5,2021-08-25,2021-09-24,002373,千方科技,AI,0.018867924528301886,-0.03738910012674268,-0.0007054547193725034,-0.0012883347627061338
research_universe_v1_2__cost_0,research_universe_v1_2,0.0,5,2021-08-25,2021-09-24,002396,星网锐捷,AI,0.018867924528301886,-0.07106854838709675,-0.0013409160073037123,-0.0024488442115960696
research_universe_v1_2__cost_0,research_universe_v1_2,0.0,5,2021-08-25,2021-09-24,002410,广联达,AI,0.018867924528301886,-0.02365249033431882,-0.00044627340253431736,-0.0008150055876974243
research_universe_v1_2__cost_0,research_universe_v1_2,0.0,5,2021-08-25,2021-09-24,002446,盛路通信,商业航天,0.018867924528301886,-0.10742496050552919,-0.0020268860472741354,-0.003701595131534502
research_universe_v1_2__cost_0,research_universe_v1_2,0.0,5,2021-08-25,2021-09-24,002544,普天科技,商业航天,0.018867924528301886,0.1164437450826119,0.002197051794011545,0.00401235986373256
research_universe_v1_2__cost_0,research_universe_v1_2,0.0,5,2021-08-25,2021-09-24,002558,巨人网络,AI,0.018867924528301886,0.012072434607645954,0.00022778178504992365,0.00041598586547426133
research_universe_v1_2__cost_0,research_universe_v1_2,0.0,5,2021-08-25,2021-09-24,002757,南兴股份,AI,0.018867924528301886,-0.1032448377581121,-0.0019480158067568321,-0.0035575585692845277
research_universe_v1_2__cost_0,research_universe_v1_2,0.0,5,2021-08-25,2021-09-24,002792,通宇通讯,商业航天,0.018867924528301886,-0.05382215288611536,-0.00101551231860595,-0.0018545766100765376
research_universe_v1_2__cost_0,research_universe_v1_2,0.0,5,2021-08-25,2021-09-24,002881,美格智能,AI,0.018867924528301886,-0.16180150125104253,-0.003052858514170614,-0.005575274558979298
research_universe_v1_2__cost_0,research_universe_v1_2,0.0,5,2021-08-25,2021-09-24,002929,润建股份,AI,0.018867924528301886,0.006350267379679142,0.00011981636565432344,0.0002188143119247673
research_universe_v1_2__cost_0,research_universe_v1_2,0.0,5,2021-08-25,2021-09-24,002935,天奥电子,商业航天,0.018867924528301886,0.09448082319925155,0.0017826570414953122,0.0032555725739337915
research_universe_v1_2__cost_0,research_universe_v1_2,0.0,5,2021-08-25,2021-09-24,002987,京北方,AI,0.018867924528301886,-0.10177705977382889,-0.0019203218825250734,-0.0035069826154724097
research_universe_v1_2__cost_0,research_universe_v1_2,0.0,5,2021-08-25,2021-09-24,300002,神州泰岳,AI,0.018867924528301886,0.05454545454545445,0.0010291595197255558,0.00187949977400642
research_universe_v1_2__cost_0,research_universe_v1_2,0.0,5,2021-08-25,2021-09-24,300017,网宿科技,AI,0.018867924528301886,-0.014010507880910739,-0.0002643492053002026,-0.00048276701725792723
research_universe_v1_2__cost_0,research_universe_v1_2,0.0,5,2021-08-25,2021-09-24,300033,同花顺,AI,0.018867924528301886,0.16125134264231988,0.0030424781630626393,0.005556317470998663
research_universe_v1_2__cost_0,research_universe_v1_2,0.0,5,2021-08-25,2021-09-24,300047,天源迪科,AI,0.018867924528301886,0.0478723404255319,0.0009032517061421114,0.001649560971867339
research_universe_v1_2__cost_0,research_universe_v1_2,0.0,5,2021-08-25,2021-09-24,300058,蓝色光标,AI,0.018867924528301886,0.04146341463414638,0.0007823285780027619,0.0014287254379642335
research_universe_v1_2__cost_0,research_universe_v1_2,0.0,5,2021-08-25,2021-09-24,300101,振芯科技,商业航天,0.018867924528301886,-0.18773349937733497,-0.0035421414976855655,-0.006468826276974161
research_universe_v1_2__cost_0,research_universe_v1_2,0.0,5,2021-08-25,2021-09-24,300113,顺网科技,AI,0.018867924528301886,0.22788461538461524,0.004299709724238023,0.007852333190440292
research_universe_v1_2__cost_0,research_universe_v1_2,0.0,5,2021-08-25,2021-09-24,300133,华策影视,AI,0.018867924528301886,0.09090909090909105,0.001715265866209265,0.003132499623344043
research_universe_v1_2__cost_0,research_universe_v1_2,0.0,5,2021-08-25,2021-09-24,300170,汉得信息,AI,0.018867924528301886,-0.03599999999999992,-0.0006792452830188665,-0.0012404698508442365
research_universe_v1_2__cost_0,research_universe_v1_2,0.0,5,2021-08-25,2021-09-24,300182,捷成股份,AI,0.018867924528301886,-0.029598308668076223,-0.0005584586541146457,-0.0010198835982980629
research_universe_v1_2__cost_0,research_universe_v1_2,0.0,5,2021-08-25,2021-09-24,300339,润和软件,AI,0.018867924528301886,-0.021970705725699036,-0.00041454161746601955,-0.0007570555015139044
research_universe_v1_2__cost_0,research_universe_v1_2,0.0,5,2021-08-25,2021-09-24,300348,长亮科技,AI,0.018867924528301886,-0.056486654252017376,-0.0010657859292833468,-0.001946388654852503
research_universe_v1_2__cost_0,research_universe_v1_2,0.0,5,2021-08-25,2021-09-24,300378,鼎捷数智,AI,0.018867924528301886,-0.03867187500000002,-0.0007296580188679249,-0.0013325359725865858
research_universe_v1_2__cost_0,research_universe_v1_2,0.0,5,2021-08-25,2021-09-24,300413,芒果超媒,AI,0.018867924528301886,-0.18462726921591355,-0.003483533381432331,-0.006361793364056763
research_universe_v1_2__cost_0,research_universe_v1_2,0.0,5,2021-08-25,2021-09-24,300454,深信服,AI,0.018867924528301886,-0.15847451465134876,-0.00299008518210092,-0.005460634932004772
research_universe_v1_2__cost_0,research_universe_v1_2,0.0,5,2021-08-25,2021-09-24,300458,全志科技,AI,0.018867924528301886,-0.08063872255489024,-0.0015214853312243441,-0.002778608448331519
research_universe_v1_2__cost_0,research_universe_v1_2,0.0,5,2021-08-25,2021-09-24,300496,中科创达,AI,0.018867924528301886,-0.07046979865771807,-0.0013296188425984542,-0.0024282127952767528
research_universe_v1_2__cost_0,research_universe_v1_2,0.0,5,2021-08-25,2021-09-24,300627,华测导航,商业航天,0.018867924528301886,-0.14934238438693248,-0.002817780837489292,-0.005145964591255032
research_universe_v1_2__cost_0,research_universe_v1_2,0.0,5,2021-08-25,2021-09-24,300629,新劲刚,商业航天,0.018867924528301886,-0.22546012269938642,-0.004253964579233706,-0.007768791243784215
research_universe_v1_2__cost_0,research_universe_v1_2,0.0,5,2021-08-25,2021-09-24,300634,彩讯股份,AI,0.018867924528301886,-0.024466750313676178,-0.00046163679837124864,-0.0008430629475624759
research_universe_v1_2__cost_0,research_universe_v1_2,0.0,5,2021-08-25,2021-09-24,300674,宇信科技,AI,0.018867924528301886,-0.0005561735261402356,-1.0493840115853503e-05,-1.9164346972630354e-05
research_universe_v1_2__cost_0,research_universe_v1_2,0.0,5,2021-08-25,2021-09-24,300857,协创数据,AI,0.018867924528301886,-0.12312097351467433,-0.0023230372361259305,-0.0042424404347651545
research_universe_v1_2__cost_0,research_universe_v1_2,0.0,5,2021-08-25,2021-09-24,300996,普联软件,AI,0.018867924528301886,0.0646515533165406,0.0012198406286139736,0.002227730630539375
research_universe_v1_2__cost_0,research_universe_v1_2,0.0,5,2021-08-25,2021-09-24,301050,雷电微力,商业航天,0.018867924528301886,-0.20345197639062784,-0.0038387165356722234,-0.007010445633534661
research_universe_v1_2__cost_0,research_universe_v1_2,0.0,6,2021-09-24,2021-10-29,000063,中兴通讯,AI,0.018867924528301886,-0.053793532338308414,-0.00101497230826997,-0.0019047378077398159
research_universe_v1_2__cost_0,research_universe_v1_2,0.0,6,2021-09-24,2021-10-29,000681,视觉中国,AI,0.018867924528301886,-0.014936519790888836,-0.000281821128129978,-0.000528876850526128
research_universe_v1_2__cost_0,research_universe_v1_2,0.0,6,2021-09-24,2021-10-29,000901,航天科技,商业航天,0.018867924528301886,-0.06703910614525133,-0.0012648887951934211,-0.002373741126886523
research_universe_v1_2__cost_0,research_universe_v1_2,0.0,6,2021-09-24,2021-10-29,000938,紫光股份,AI,0.018867924528301886,0.0912730184147319,0.0017221324229194698,0.0032318228873262946
research_universe_v1_2__cost_0,research_universe_v1_2,0.0,6,2021-09-24,2021-10-29,000977,浪潮信息,AI,0.018867924528301886,0.04686965446459124,0.000884333103105495,0.0016595750272162832
research_universe_v1_2__cost_0,research_universe_v1_2,0.0,6,2021-09-24,2021-10-29,001208,华菱线缆,商业航天,0.018867924528301886,0.039506172839506304,0.0007453994875378548,0.0013988466229224346
research_universe_v1_2__cost_0,research_universe_v1_2,0.0,6,2021-09-24,2021-10-29,002015,协鑫能科,AI,0.018867924528301886,-0.12232030264817151,-0.002307930238644745,-0.004331154601316808
research_universe_v1_2__cost_0,research_universe_v1_2,0.0,6,2021-09-24,2021-10-29,002044,美年健康,AI,0.018867924528301886,-0.11152416356877326,-0.0021042295012976085,-0.003948881614430187
research_universe_v1_2__cost_0,research_universe_v1_2,0.0,6,2021-09-24,2021-10-29,002049,紫光国微,AI|商业航天,0.018867924528301886,-0.031800191074109474,-0.0006000036051718768,-0.0011259908691489964
research_universe_v1_2__cost_0,research_universe_v1_2,0.0,6,2021-09-24,2021-10-29,002065,东华软件,AI,0.018867924528301886,-0.11185086551264978,-0.0021103936889179204,-0.003960449576549689
research_universe_v1_2__cost_0,research_universe_v1_2,0.0,6,2021-09-24,2021-10-29,002131,利欧股份,AI,0.018867924528301886,-0.15969581749049433,-0.003013128631896119,-0.005654558235720184
research_universe_v1_2__cost_0,research_universe_v1_2,0.0,6,2021-09-24,2021-10-29,002212,天融信,AI,0.018867924528301886,0.13148148148148153,0.0024807826694619155,0.004655536416913714
research_universe_v1_2__cost_0,research_universe_v1_2,0.0,6,2021-09-24,2021-10-29,002230,科大讯飞,AI,0.018867924528301886,0.0625,0.0011792452830188679,0.0022130190714202505
research_universe_v1_2__cost_0,research_universe_v1_2,0.0,6,2021-09-24,2021-10-29,002236,大华股份,AI,0.018867924528301886,-0.09523809523809523,-0.0017969451931716081,-0.0033722195374022864
research_universe_v1_2__cost_0,research_universe_v1_2,0.0,6,2021-09-24,2021-10-29,002279,久其软件,AI,0.018867924528301886,-0.10752688172043012,-0.002028809089064719,-0.0038073446390025816
research_universe_v1_2__cost_0,research_universe_v1_2,0.0,6,2021-09-24,2021-10-29,002315,焦点科技,AI,0.018867924528301886,-0.10130111524163565,-0.0019113417970119933,-0.0035869007997740847
research_universe_v1_2__cost_0,research_universe_v1_2,0.0,6,2021-09-24,2021-10-29,002361,神剑股份,商业航天,0.018867924528301886,-0.07312252964426857,-0.0013796703706465767,-0.0025891448424521435
research_universe_v1_2__cost_0,research_universe_v1_2,0.0,6,2021-09-24,2021-10-29,002373,千方科技,AI,0.018867924528301886,-0.1283739302172482,-0.0024221496267405316,-0.004545503293503081
research_universe_v1_2__cost_0,research_universe_v1_2,0.0,6,2021-09-24,2021-10-29,002396,星网锐捷,AI,0.018867924528301886,-0.12696690179055892,-0.002395601920576583,-0.004495682801626381
research_universe_v1_2__cost_0,research_universe_v1_2,0.0,6,2021-09-24,2021-10-29,002410,广联达,AI,0.018867924528301886,0.18029350104821806,0.0034017641707210955,0.006383887300365336
research_universe_v1_2__cost_0,research_universe_v1_2,0.0,6,2021-09-24,2021-10-29,002446,盛路通信,商业航天,0.018867924528301886,-0.07433628318584073,-0.0014025713808649195,-0.0026321217982201925
research_universe_v1_2__cost_0,research_universe_v1_2,0.0,6,2021-09-24,2021-10-29,002544,普天科技,商业航天,0.018867924528301886,0.47427766032417207,0.008948635100456076,0.01679336811913549
research_universe_v1_2__cost_0,research_universe_v1_2,0.0,6,2021-09-24,2021-10-29,002558,巨人网络,AI,0.018867924528301886,-0.0844930417495029,-0.001594208334896281,-0.0029917554047033178
research_universe_v1_2__cost_0,research_universe_v1_2,0.0,6,2021-09-24,2021-10-29,002757,南兴股份,AI,0.018867924528301886,-0.046875,-0.000884433962264151,-0.001659764303565188
research_universe_v1_2__cost_0,research_universe_v1_2,0.0,6,2021-09-24,2021-10-29,002792,通宇通讯,商业航天,0.018867924528301886,-0.07254740313272878,-0.0013688189270326186,-0.0025687805874358726
research_universe_v1_2__cost_0,research_universe_v1_2,0.0,6,2021-09-24,2021-10-29,002881,美格智能,AI,0.018867924528301886,0.37810945273631824,0.007134140617666381,0.013388214879835936
research_universe_v1_2__cost_0,research_universe_v1_2,0.0,6,2021-09-24,2021-10-29,002929,润建股份,AI,0.018867924528301886,-0.0036532713384257454,-6.892964789482539e-05,-0.00012935614632014655
research_universe_v1_2__cost_0,research_universe_v1_2,0.0,6,2021-09-24,2021-10-29,002935,天奥电子,商业航天,0.018867924528301886,0.07521367521367539,0.0014191259474278376,0.002663188762871556
research_universe_v1_2__cost_0,research_universe_v1_2,0.0,6,2021-09-24,2021-10-29,002987,京北方,AI,0.018867924528301886,-0.007194244604316502,-0.00013574046423238682,-0.00025473600822103446
research_universe_v1_2__cost_0,research_universe_v1_2,0.0,6,2021-09-24,2021-10-29,300002,神州泰岳,AI,0.018867924528301886,0.049808429118774145,0.0009397816814863046,0.0017636320569172947
research_universe_v1_2__cost_0,research_universe_v1_2,0.0,6,2021-09-24,2021-10-29,300017,网宿科技,AI,0.018867924528301886,-0.10301953818827714,-0.001943764871476927,-0.0036477472438330256
research_universe_v1_2__cost_0,research_universe_v1_2,0.0,6,2021-09-24,2021-10-29,300033,同花顺,AI,0.018867924528301886,-0.13770378078390566,-0.0025981845430925595,-0.004875857489303306
research_universe_v1_2__cost_0,research_universe_v1_2,0.0,6,2021-09-24,2021-10-29,300047,天源迪科,AI,0.018867924528301886,-0.06598984771573602,-0.0012450914663346417,-0.0023365886642406695
research_universe_v1_2__cost_0,research_universe_v1_2,0.0,6,2021-09-24,2021-10-29,300058,蓝色光标,AI,0.018867924528301886,-0.16861826697892268,-0.003181476735451371,-0.005970487049826998
research_universe_v1_2__cost_0,research_universe_v1_2,0.0,6,2021-09-24,2021-10-29,300101,振芯科技,商业航天,0.018867924528301886,-0.0709083940206976,-0.001337894226805615,-0.0025107460526653668
research_universe_v1_2__cost_0,research_universe_v1_2,0.0,6,2021-09-24,2021-10-29,300113,顺网科技,AI,0.018867924528301886,0.07204385277995295,0.0013593179769802444,0.0025509507228900596
research_universe_v1_2__cost_0,research_universe_v1_2,0.0,6,2021-09-24,2021-10-29,300133,华策影视,AI,0.018867924528301886,-0.05952380952380942,-0.0011230907457322533,-0.0021076372108764256
research_universe_v1_2__cost_0,research_universe_v1_2,0.0,6,2021-09-24,2021-10-29,300170,汉得信息,AI,0.018867924528301886,-0.09820193637621033,-0.0018528667240794402,-0.003477164128815224
research_universe_v1_2__cost_0,research_universe_v1_2,0.0,6,2021-09-24,2021-10-29,300182,捷成股份,AI,0.018867924528301886,-0.10457516339869266,-0.001973116290541371,-0.003702829295971133
research_universe_v1_2__cost_0,research_universe_v1_2,0.0,6,2021-09-24,2021-10-29,300339,润和软件,AI,0.018867924528301886,-0.10687542545949624,-0.002016517461499929,-0.0037842776769282972
research_universe_v1_2__cost_0,research_universe_v1_2,0.0,6,2021-09-24,2021-10-29,300348,长亮科技,AI,0.018867924528301886,-0.17894736842105252,-0.003376365441906651,-0.0063362230255400815
research_universe_v1_2__cost_0,research_universe_v1_2,0.0,6,2021-09-24,2021-10-29,300378,鼎捷数智,AI,0.018867924528301886,-0.19585534335635923,-0.0036953838369124382,-0.0069349057613949504
research_universe_v1_2__cost_0,research_universe_v1_2,0.0,6,2021-09-24,2021-10-29,300413,芒果超媒,AI,0.018867924528301886,-0.11037423022264325,-0.00208253264571025,-0.003908164423616622
research_universe_v1_2__cost_0,research_universe_v1_2,0.0,6,2021-09-24,2021-10-29,300454,深信服,AI,0.018867924528301886,-0.12675508705231786,-0.002391605416081469,-0.0044881828007410154
research_universe_v1_2__cost_0,research_universe_v1_2,0.0,6,2021-09-24,2021-10-29,300458,全志科技,AI,0.018867924528301886,-0.10377768128528009,-0.0019580694582128316,-0.0036745918059535557
research_universe_v1_2__cost_0,research_universe_v1_2,0.0,6,2021-09-24,2021-10-29,300496,中科创达,AI,0.018867924528301886,0.14672511603919536,0.0027683984158338748,0.005195287680817418
research_universe_v1_2__cost_0,research_universe_v1_2,0.0,6,2021-09-24,2021-10-29,300627,华测导航,商业航天,0.018867924528301886,-0.027930174563591148,-0.0005269844257281348,-0.0009889601436371836
research_universe_v1_2__cost_0,research_universe_v1_2,0.0,6,2021-09-24,2021-10-29,300629,新劲刚,商业航天,0.018867924528301886,0.16831683168316824,0.0031757892770409102,0.005959813736894137
research_universe_v1_2__cost_0,research_universe_v1_2,0.0,6,2021-09-24,2021-10-29,300634,彩讯股份,AI,0.018867924528301886,-0.010932475884244397,-0.0002062731298914037,-0.00038710044207479705
research_universe_v1_2__cost_0,research_universe_v1_2,0.0,6,2021-09-24,2021-10-29,300674,宇信科技,AI,0.018867924528301886,-0.04062326099053981,-0.0007664766224630153,-0.0014384008210455502
research_universe_v1_2__cost_0,research_universe_v1_2,0.0,6,2021-09-24,2021-10-29,300857,协创数据,AI,0.018867924528301886,-0.017142857142857237,-0.00032345013477089125,-0.0006069995167324149
research_universe_v1_2__cost_0,research_universe_v1_2,0.0,6,2021-09-24,2021-10-29,300996,普联软件,AI,0.018867924528301886,-0.15536277602523652,-0.002931373132551632,-0.00550113258132226
research_universe_v1_2__cost_0,research_universe_v1_2,0.0,6,2021-09-24,2021-10-29,301050,雷电微力,商业航天,0.018867924528301886,0.13809363422027632,0.0026055402683071004,0.004889661538739258
research_universe_v1_2__cost_0,research_universe_v1_2,0.0,7,2021-10-29,2021-11-26,000063,中兴通讯,AI,0.018867924528301886,-0.042720999014130845,-0.0008060565851722801,-0.0013617585026287507
research_universe_v1_2__cost_0,research_universe_v1_2,0.0,7,2021-10-29,2021-11-26,000681,视觉中国,AI,0.018867924528301886,0.43366186504927984,0.00818229934055245,0.013823242565122707
research_universe_v1_2__cost_0,research_universe_v1_2,0.0,7,2021-10-29,2021-11-26,000901,航天科技,商业航天,0.018867924528301886,0.06946107784431144,0.0013105863744209704,0.002214115201869725
research_universe_v1_2__cost_0,research_universe_v1_2,0.0,7,2021-10-29,2021-11-26,000938,紫光股份,AI,0.018867924528301886,-0.08400586940572274,-0.001585016403881561,-0.002677739509231155
research_universe_v1_2__cost_0,research_universe_v1_2,0.0,7,2021-10-29,2021-11-26,000977,浪潮信息,AI,0.018867924528301886,0.051960784313725306,0.0009803921568627416,0.0016562824249280637
research_universe_v1_2__cost_0,research_universe_v1_2,0.0,7,2021-10-29,2021-11-26,001208,华菱线缆,商业航天,0.018867924528301886,-0.06888361045130642,-0.0012996907632321967,-0.002195708068362493
research_universe_v1_2__cost_0,research_universe_v1_2,0.0,7,2021-10-29,2021-11-26,002015,协鑫能科,AI,0.018867924528301886,0.2708333333333335,0.005110062893081763,0.008632981507290178
research_universe_v1_2__cost_0,research_universe_v1_2,0.0,7,2021-10-29,2021-11-26,002044,美年健康,AI,0.018867924528301886,0.04881450488145034,0.000921028393989629,0.0015559928046612432
research_universe_v1_2__cost_0,research_universe_v1_2,0.0,7,2021-10-29,2021-11-26,002049,紫光国微,AI|商业航天,0.018867924528301886,0.013391598533972315,0.0002526716704523078,0.00042686555998832195
research_universe_v1_2__cost_0,research_universe_v1_2,0.0,7,2021-10-29,2021-11-26,002065,东华软件,AI,0.018867924528301886,0.02398800599700146,0.0004526038867358766,0.0007646326603158624
research_universe_v1_2__cost_0,research_universe_v1_2,0.0,7,2021-10-29,2021-11-26,002131,利欧股份,AI,0.018867924528301886,0.07239819004524883,0.0013660035857594119,0.0023077374861116776
research_universe_v1_2__cost_0,research_universe_v1_2,0.0,7,2021-10-29,2021-11-26,002212,天融信,AI,0.018867924528301886,0.0027277686852156258,5.1467333683313694e-05,8.694932904233254e-05
research_universe_v1_2__cost_0,research_universe_v1_2,0.0,7,2021-10-29,2021-11-26,002230,科大讯飞,AI,0.018867924528301886,-0.03271947076703019,-0.0006173485050383054,-0.0010429535485295743
research_universe_v1_2__cost_0,research_universe_v1_2,0.0,7,2021-10-29,2021-11-26,002236,大华股份,AI,0.018867924528301886,0.13421052631578956,0.0025322740814299914,0.004278044277296834
research_universe_v1_2__cost_0,research_universe_v1_2,0.0,7,2021-10-29,2021-11-26,002279,久其软件,AI,0.018867924528301886,0.06987951807228909,0.0013184814730620583,0.0022274532452544785
research_universe_v1_2__cost_0,research_universe_v1_2,0.0,7,2021-10-29,2021-11-26,002315,焦点科技,AI,0.018867924528301886,0.0558428128231645,0.0010536379777955566,0.0017800245061567227
research_universe_v1_2__cost_0,research_universe_v1_2,0.0,7,2021-10-29,2021-11-26,002361,神剑股份,商业航天,0.018867924528301886,0.01492537313432818,0.00028161081385524867,0.00047575558249130125
research_universe_v1_2__cost_0,research_universe_v1_2,0.0,7,2021-10-29,2021-11-26,002373,千方科技,AI,0.018867924528301886,0.09441087613293053,0.0017813372855269912,0.003009405591665179
research_universe_v1_2__cost_0,research_universe_v1_2,0.0,7,2021-10-29,2021-11-26,002396,星网锐捷,AI,0.018867924528301886,0.14729645742697328,0.0027791784420183635,0.00469516649743907
research_universe_v1_2__cost_0,research_universe_v1_2,0.0,7,2021-10-29,2021-11-26,002410,广联达,AI,0.018867924528301886,-0.14091178211959743,-0.0026587128701810836,-0.004491650987807213
research_universe_v1_2__cost_0,research_universe_v1_2,0.0,7,2021-10-29,2021-11-26,002446,盛路通信,商业航天,0.018867924528301886,0.29445506692160595,0.005555755979652942,0.009385939006013961
research_universe_v1_2__cost_0,research_universe_v1_2,0.0,7,2021-10-29,2021-11-26,002544,普天科技,商业航天,0.018867924528301886,0.3589866156787762,0.0067733323712976645,0.011442922392072221
research_universe_v1_2__cost_0,research_universe_v1_2,0.0,7,2021-10-29,2021-11-26,002558,巨人网络,AI,0.018867924528301886,0.026058631921823894,0.0004916723004117716,0.0008306351537958908
research_universe_v1_2__cost_0,research_universe_v1_2,0.0,7,2021-10-29,2021-11-26,002757,南兴股份,AI,0.018867924528301886,0.0767903364969802,0.0014488742735279281,0.002447739895078227
research_universe_v1_2__cost_0,research_universe_v1_2,0.0,7,2021-10-29,2021-11-26,002792,通宇通讯,商业航天,0.018867924528301886,0.0968888888888888,0.001828092243186581,0.00308839379460801
research_universe_v1_2__cost_0,research_universe_v1_2,0.0,7,2021-10-29,2021-11-26,002881,美格智能,AI,0.018867924528301886,0.4173285198555956,0.007874123016143313,0.013302606994626967
research_universe_v1_2__cost_0,research_universe_v1_2,0.0,7,2021-10-29,2021-11-26,002929,润建股份,AI,0.018867924528301886,0.19133333333333336,0.003610062893081761,0.006098869397150228
research_universe_v1_2__cost_0,research_universe_v1_2,0.0,7,2021-10-29,2021-11-26,002935,天奥电子,商业航天,0.018867924528301886,0.21939586645469,0.00413954465008849,0.0069933801521695135
research_universe_v1_2__cost_0,research_universe_v1_2,0.0,7,2021-10-29,2021-11-26,002987,京北方,AI,0.018867924528301886,0.1721014492753623,0.003247197156138911,0.005485841091589073
research_universe_v1_2__cost_0,research_universe_v1_2,0.0,7,2021-10-29,2021-11-26,300002,神州泰岳,AI,0.018867924528301886,0.010948905109488871,0.00020658311527337492,0.00034900318277646396
research_universe_v1_2__cost_0,research_universe_v1_2,0.0,7,2021-10-29,2021-11-26,300017,网宿科技,AI,0.018867924528301886,0.11287128712871297,0.0021296469269568483,0.003597842711949114
research_universe_v1_2__cost_0,research_universe_v1_2,0.0,7,2021-10-29,2021-11-26,300033,同花顺,AI,0.018867924528301886,0.04572271386430682,0.0008626927144208833,0.0014574400366289752
research_universe_v1_2__cost_0,research_universe_v1_2,0.0,7,2021-10-29,2021-11-26,300047,天源迪科,AI,0.018867924528301886,0.08559782608695654,0.0016150533223954064,0.002728484121869303
research_universe_v1_2__cost_0,research_universe_v1_2,0.0,7,2021-10-29,2021-11-26,300058,蓝色光标,AI,0.018867924528301886,0.46197183098591577,0.008716449641243693,0.014725640395533757
research_universe_v1_2__cost_0,research_universe_v1_2,0.0,7,2021-10-29,2021-11-26,300101,振芯科技,商业航天,0.018867924528301886,0.15635313531353145,0.002950059156859084,0.004983853756683897
research_universe_v1_2__cost_0,research_universe_v1_2,0.0,7,2021-10-29,2021-11-26,300113,顺网科技,AI,0.018867924528301886,0.04236669101533974,0.0007993715285913158,0.0013504647140695559
research_universe_v1_2__cost_0,research_universe_v1_2,0.0,7,2021-10-29,2021-11-26,300133,华策影视,AI,0.018867924528301886,0.03435804701627476,0.00064826503804292,0.0010951841889899313
research_universe_v1_2__cost_0,research_universe_v1_2,0.0,7,2021-10-29,2021-11-26,300170,汉得信息,AI,0.018867924528301886,0.1625766871165646,0.0030674846625766902,0.005182233354069425
research_universe_v1_2__cost_0,research_universe_v1_2,0.0,7,2021-10-29,2021-11-26,300182,捷成股份,AI,0.018867924528301886,0.16301703163017023,0.003075793049625853,0.0051962696102274344
research_universe_v1_2__cost_0,research_universe_v1_2,0.0,7,2021-10-29,2021-11-26,300339,润和软件,AI,0.018867924528301886,0.09108231707317072,0.0017185342843994474,0.0029033056945248843
research_universe_v1_2__cost_0,research_universe_v1_2,0.0,7,2021-10-29,2021-11-26,300348,长亮科技,AI,0.018867924528301886,0.1698717948717947,0.003205128205128202,0.005414769466110992
research_universe_v1_2__cost_0,research_universe_v1_2,0.0,7,2021-10-29,2021-11-26,300378,鼎捷数智,AI,0.018867924528301886,0.08842849924204144,0.0016684622498498384,0.0028187135951038777
research_universe_v1_2__cost_0,research_universe_v1_2,0.0,7,2021-10-29,2021-11-26,300413,芒果超媒,AI,0.018867924528301886,0.16613418530351431,0.0031346072698776282,0.005295630828753076
research_universe_v1_2__cost_0,research_universe_v1_2,0.0,7,2021-10-29,2021-11-26,300454,深信服,AI,0.018867924528301886,-0.04131004798891802,-0.0007794348677154343,-0.001316783558228673
research_universe_v1_2__cost_0,research_universe_v1_2,0.0,7,2021-10-29,2021-11-26,300458,全志科技,AI,0.018867924528301886,0.1419573643410852,0.002678440836624249,0.004524979573588586
research_universe_v1_2__cost_0,research_universe_v1_2,0.0,7,2021-10-29,2021-11-26,300496,中科创达,AI,0.018867924528301886,0.10044224570871751,0.0018951367114852361,0.003201659260630354
research_universe_v1_2__cost_0,research_universe_v1_2,0.0,7,2021-10-29,2021-11-26,300627,华测导航,商业航天,0.018867924528301886,0.030785017957927208,0.0005808493954325888,0.0009812916580887933
research_universe_v1_2__cost_0,research_universe_v1_2,0.0,7,2021-10-29,2021-11-26,300629,新劲刚,商业航天,0.018867924528301886,0.11242937853107349,0.002121309028888179,0.003583756599636496
research_universe_v1_2__cost_0,research_universe_v1_2,0.0,7,2021-10-29,2021-11-26,300634,彩讯股份,AI,0.018867924528301886,0.15734720416124826,0.0029688151728537405,0.005015540321530588
research_universe_v1_2__cost_0,research_universe_v1_2,0.0,7,2021-10-29,2021-11-26,300674,宇信科技,AI,0.018867924528301886,0.16879350348027855,0.0031847830845335573,0.00538039825512356
research_universe_v1_2__cost_0,research_universe_v1_2,0.0,7,2021-10-29,2021-11-26,300857,协创数据,AI,0.018867924528301886,0.16029900332225933,0.0030245094966464023,0.005109630761789948
research_universe_v1_2__cost_0,research_universe_v1_2,0.0,7,2021-10-29,2021-11-26,300996,普联软件,AI,0.018867924528301886,0.19887955182072825,0.0037524443739760044,0.006339409820479402
research_universe_v1_2__cost_0,research_universe_v1_2,0.0,7,2021-10-29,2021-11-26,301050,雷电微力,商业航天,0.018867924528301886,0.06500937160895726,0.0012265919171501368,0.0020722142876332906
research_universe_v1_2__cost_0,research_universe_v1_2,0.0,8,2021-11-26,2021-12-24,000063,中兴通讯,AI,0.018867924528301886,0.026433230346721626,0.0004987401952211627,0.0008391846866807592
research_universe_v1_2__cost_0,research_universe_v1_2,0.0,8,2021-11-26,2021-12-24,000681,视觉中国,AI,0.018867924528301886,0.181914331041777,0.003432345868712774,0.005775295675012613
research_universe_v1_2__cost_0,research_universe_v1_2,0.0,8,2021-11-26,2021-12-24,000901,航天科技,商业航天,0.018867924528301886,0.0851063829787233,0.0016057808109193076,0.002701901069136276
research_universe_v1_2__cost_0,research_universe_v1_2,0.0,8,2021-11-26,2021-12-24,000938,紫光股份,AI,0.018867924528301886,-0.14937925510612737,-0.0028184765114363654,-0.004742393636666811
research_universe_v1_2__cost_0,research_universe_v1_2,0.0,8,2021-11-26,2021-12-24,000977,浪潮信息,AI,0.018867924528301886,0.0857409133271203,0.0016177530816437792,0.002722045718300392
research_universe_v1_2__cost_0,research_universe_v1_2,0.0,8,2021-11-26,2021-12-24,001208,华菱线缆,商业航天,0.018867924528301886,-0.04145408163265307,-0.0007821524836349636,-0.0013160567229291032
research_universe_v1_2__cost_0,research_universe_v1_2,0.0,8,2021-11-26,2021-12-24,002015,协鑫能科,AI,0.018867924528301886,-0.04183154324477112,-0.000789274400844738,-0.001328040124145844
research_universe_v1_2__cost_0,research_universe_v1_2,0.0,8,2021-11-26,2021-12-24,002044,美年健康,AI,0.018867924528301886,-0.02659574468085102,-0.0005018065034122834,-0.0008443440841050859
research_universe_v1_2__cost_0,research_universe_v1_2,0.0,8,2021-11-26,2021-12-24,002049,紫光国微,AI|商业航天,0.018867924528301886,0.003477535123104669,6.56138702472579e-05,0.00011040248143813674
research_universe_v1_2__cost_0,research_universe_v1_2,0.0,8,2021-11-26,2021-12-24,002065,东华软件,AI,0.018867924528301886,0.05856515373352855,0.0011050029006326142,0.0018592877049693284
research_universe_v1_2__cost_0,research_universe_v1_2,0.0,8,2021-11-26,2021-12-24,002131,利欧股份,AI,0.018867924528301886,-0.008438818565400852,-0.00015922299180001607,-0.0002679100216232178
research_universe_v1_2__cost_0,research_universe_v1_2,0.0,8,2021-11-26,2021-12-24,002212,天融信,AI,0.018867924528301886,-0.008161044613710478,-0.0001539819738435939,-0.00025909143821287525
research_universe_v1_2__cost_0,research_universe_v1_2,0.0,8,2021-11-26,2021-12-24,002230,科大讯飞,AI,0.018867924528301886,-0.06340110905730134,-0.0011962473407037988,-0.002012816411069593
research_universe_v1_2__cost_0,research_universe_v1_2,0.0,8,2021-11-26,2021-12-24,002236,大华股份,AI,0.018867924528301886,-0.045011600928074325,-0.0008492754892089495,-0.00142899848888542
research_universe_v1_2__cost_0,research_universe_v1_2,0.0,8,2021-11-26,2021-12-24,002279,久其软件,AI,0.018867924528301886,0.029279279279279313,0.0005524392316845154,0.0009295391628616378
research_universe_v1_2__cost_0,research_universe_v1_2,0.0,8,2021-11-26,2021-12-24,002315,焦点科技,AI,0.018867924528301886,-0.003917727717923647,-7.391939090421976e-05,-0.00012437742433830216
research_universe_v1_2__cost_0,research_universe_v1_2,0.0,8,2021-11-26,2021-12-24,002361,神剑股份,商业航天,0.018867924528301886,0.014705882352941346,0.0002774694783573839,0.0004668726112110537
research_universe_v1_2__cost_0,research_universe_v1_2,0.0,8,2021-11-26,2021-12-24,002373,千方科技,AI,0.018867924528301886,-0.0165631469979296,-0.0003125122075081057,-0.0005258358188381163
research_universe_v1_2__cost_0,research_universe_v1_2,0.0,8,2021-11-26,2021-12-24,002396,星网锐捷,AI,0.018867924528301886,-0.10238353196099681,-0.001931764753981072,-0.0032504045499915472
research_universe_v1_2__cost_0,research_universe_v1_2,0.0,8,2021-11-26,2021-12-24,002410,广联达,AI,0.018867924528301886,0.04135079255685725,0.00078020363314825,0.00131277756977331
research_universe_v1_2__cost_0,research_universe_v1_2,0.0,8,2021-11-26,2021-12-24,002446,盛路通信,商业航天,0.018867924528301886,-0.13441654357459365,-0.0025361611995206347,-0.004267367382827124
research_universe_v1_2__cost_0,research_universe_v1_2,0.0,8,2021-11-26,2021-12-24,002544,普天科技,商业航天,0.018867924528301886,-0.1927541329581428,-0.0036368704331725056,-0.0061194305255605
research_universe_v1_2__cost_0,research_universe_v1_2,0.0,8,2021-11-26,2021-12-24,002558,巨人网络,AI,0.018867924528301886,0.07830687830687832,0.0014774882699411004,0.002486034899062429
research_universe_v1_2__cost_0,research_universe_v1_2,0.0,8,2021-11-26,2021-12-24,002757,南兴股份,AI,0.018867924528301886,-0.0376602564102565,-0.0007105708756652169,-0.0011956128729411167
research_universe_v1_2__cost_0,research_universe_v1_2,0.0,8,2021-11-26,2021-12-24,002792,通宇通讯,商业航天,0.018867924528301886,-0.04700162074554293,-0.0008868230329347722,-0.0014921763197863643
research_universe_v1_2__cost_0,research_universe_v1_2,0.0,8,2021-11-26,2021-12-24,002881,美格智能,AI,0.018867924528301886,-0.16530820173204264,-0.0031190226741894837,-0.0052480952822124205
research_universe_v1_2__cost_0,research_universe_v1_2,0.0,8,2021-11-26,2021-12-24,002929,润建股份,AI,0.018867924528301886,0.014549524342473363,0.00027451932721647855,0.00046190866067214896
research_universe_v1_2__cost_0,research_universe_v1_2,0.0,8,2021-11-26,2021-12-24,002935,天奥电子,商业航天,0.018867924528301886,0.11082138200782254,0.002090969471845708,0.003518283823728625
research_universe_v1_2__cost_0,research_universe_v1_2,0.0,8,2021-11-26,2021-12-24,002987,京北方,AI,0.018867924528301886,-0.08346213292117466,-0.0015747572249278237,-0.0026497005075223636
research_universe_v1_2__cost_0,research_universe_v1_2,0.0,8,2021-11-26,2021-12-24,300002,神州泰岳,AI,0.018867924528301886,0.03971119133573997,0.0007492677610516975,0.0012607245963388563
research_universe_v1_2__cost_0,research_universe_v1_2,0.0,8,2021-11-26,2021-12-24,300017,网宿科技,AI,0.018867924528301886,0.07651245551601416,0.0014436312361512105,0.002429066752991288
research_universe_v1_2__cost_0,research_universe_v1_2,0.0,8,2021-11-26,2021-12-24,300033,同花顺,AI,0.018867924528301886,0.18207462495191695,0.0034353702821116406,0.005780384579887015
research_universe_v1_2__cost_0,research_universe_v1_2,0.0,8,2021-11-26,2021-12-24,300047,天源迪科,AI,0.018867924528301886,-0.05882352941176483,-0.0011098779134295252,-0.0018674904448441971
research_universe_v1_2__cost_0,research_universe_v1_2,0.0,8,2021-11-26,2021-12-24,300058,蓝色光标,AI,0.018867924528301886,0.46435452793834275,0.008761406187515901,0.014742019947064847
research_universe_v1_2__cost_0,research_universe_v1_2,0.0,8,2021-11-26,2021-12-24,300101,振芯科技,商业航天,0.018867924528301886,-0.24545130217623978,-0.0046311566448347125,-0.0077924253453077715
research_universe_v1_2__cost_0,research_universe_v1_2,0.0,8,2021-11-26,2021-12-24,300113,顺网科技,AI,0.018867924528301886,0.13454800280308343,0.002538641562322329,0.004271540863329676
research_universe_v1_2__cost_0,research_universe_v1_2,0.0,8,2021-11-26,2021-12-24,300133,华策影视,AI,0.018867924528301886,0.14160839160839167,0.002671856445441352,0.004495689410053243
research_universe_v1_2__cost_0,research_universe_v1_2,0.0,8,2021-11-26,2021-12-24,300170,汉得信息,AI,0.018867924528301886,0.09234828496042202,0.0017424204709513588,0.002931812175942726
research_universe_v1_2__cost_0,research_universe_v1_2,0.0,8,2021-11-26,2021-12-24,300182,捷成股份,AI,0.018867924528301886,0.3263598326359831,0.006157732691244964,0.010361055773487024
research_universe_v1_2__cost_0,research_universe_v1_2,0.0,8,2021-11-26,2021-12-24,300339,润和软件,AI,0.018867924528301886,-0.05378973105134477,-0.0010149005858744295,-0.0017076807490751307
research_universe_v1_2__cost_0,research_universe_v1_2,0.0,8,2021-11-26,2021-12-24,300348,长亮科技,AI,0.018867924528301886,-0.017808219178082174,-0.00033600413543551273,-0.0005653635456309127
research_universe_v1_2__cost_0,research_universe_v1_2,0.0,8,2021-11-26,2021-12-24,300378,鼎捷数智,AI,0.018867924528301886,0.05524605385329617,0.0010423783745904939,0.0017539151206684314
research_universe_v1_2__cost_0,research_universe_v1_2,0.0,8,2021-11-26,2021-12-24,300413,芒果超媒,AI,0.018867924528301886,0.17214611872146124,0.003248039975876627,0.00546518094109883
research_universe_v1_2__cost_0,research_universe_v1_2,0.0,8,2021-11-26,2021-12-24,300454,深信服,AI,0.018867924528301886,0.058158736711735104,0.0010973346549383982,0.0018463850465873662
research_universe_v1_2__cost_0,research_universe_v1_2,0.0,8,2021-11-26,2021-12-24,300458,全志科技,AI,0.018867924528301886,-0.11370386084005091,-0.002145355864906621,-0.0036097948522317114
research_universe_v1_2__cost_0,research_universe_v1_2,0.0,8,2021-11-26,2021-12-24,300496,中科创达,AI,0.018867924528301886,0.022341802329541638,0.0004215434401800309,0.0007092927403072846
research_universe_v1_2__cost_0,research_universe_v1_2,0.0,8,2021-11-26,2021-12-24,300627,华测导航,商业航天,0.018867924528301886,0.03782976605276267,0.0007137691708068428,0.0012009943527818336
research_universe_v1_2__cost_0,research_universe_v1_2,0.0,8,2021-11-26,2021-12-24,300629,新劲刚,商业航天,0.018867924528301886,-0.19908583037074667,-0.00375633642208956,-0.006320445060661101
research_universe_v1_2__cost_0,research_universe_v1_2,0.0,8,2021-11-26,2021-12-24,300634,彩讯股份,AI,0.018867924528301886,-0.13539325842696626,-0.0025545897816408726,-0.00429837547894756
research_universe_v1_2__cost_0,research_universe_v1_2,0.0,8,2021-11-26,2021-12-24,300674,宇信科技,AI,0.018867924528301886,-0.04119106699751851,-0.0007771899433494058,-0.0013077067085236476
research_universe_v1_2__cost_0,research_universe_v1_2,0.0,8,2021-11-26,2021-12-24,300857,协创数据,AI,0.018867924528301886,0.0365068002863278,0.0006888075525722226,0.0011589937120113911
research_universe_v1_2__cost_0,research_universe_v1_2,0.0,8,2021-11-26,2021-12-24,300996,普联软件,AI,0.018867924528301886,-0.15732087227414326,-0.0029683183447951557,-0.004994518837690777
research_universe_v1_2__cost_0,research_universe_v1_2,0.0,8,2021-11-26,2021-12-24,301050,雷电微力,商业航天,0.018867924528301886,-0.165524268247499,-0.003123099400896207,-0.005254954818814534
research_universe_v1_2__cost_0,research_universe_v1_2,0.0,9,2021-12-24,2022-01-24,000063,中兴通讯,AI,0.018867924528301886,-0.005351170568561825,-0.0001009654824256948,-0.0001650969373444193
research_universe_v1_2__cost_0,research_universe_v1_2,0.0,9,2021-12-24,2022-01-24,000681,视觉中国,AI,0.018867924528301886,-0.02281879194630876,-0.00043054324426997656,-0.0007040165541289364
research_universe_v1_2__cost_0,research_universe_v1_2,0.0,9,2021-12-24,2022-01-24,000901,航天科技,商业航天,0.018867924528301886,0.002063983488132193,3.894308468173949e-05,6.367903027087741e-05
research_universe_v1_2__cost_0,research_universe_v1_2,0.0,9,2021-12-24,2022-01-24,000938,紫光股份,AI,0.018867924528301886,0.10546139359698703,0.001989837615037491,0.0032537466088688647
research_universe_v1_2__cost_0,research_universe_v1_2,0.0,9,2021-12-24,2022-01-24,000977,浪潮信息,AI,0.018867924528301886,0.029184549356223055,0.000550651874645718,0.000900416022018978
research_universe_v1_2__cost_0,research_universe_v1_2,0.0,9,2021-12-24,2022-01-24,001208,华菱线缆,商业航天,0.018867924528301886,-0.12441783100465731,-0.0023475062453708925,-0.0038385999075759305
research_universe_v1_2__cost_0,research_universe_v1_2,0.0,9,2021-12-24,2022-01-24,002015,协鑫能科,AI,0.018867924528301886,-0.037168141592920256,-0.0007012856904324577,-0.0011467297229929376
research_universe_v1_2__cost_0,research_universe_v1_2,0.0,9,2021-12-24,2022-01-24,002044,美年健康,AI,0.018867924528301886,-0.004098360655737765,-7.732755954222198e-05,-0.00012644463182884873
research_universe_v1_2__cost_0,research_universe_v1_2,0.0,9,2021-12-24,2022-01-24,002049,紫光国微,AI|商业航天,0.018867924528301886,0.09758802328805105,0.0018412834582651142,0.0030108335288372623
research_universe_v1_2__cost_0,research_universe_v1_2,0.0,9,2021-12-24,2022-01-24,002065,东华软件,AI,0.018867924528301886,0.09820193637621033,0.0018528667240794402,0.0030297742763526216
research_universe_v1_2__cost_0,research_universe_v1_2,0.0,9,2021-12-24,2022-01-24,002131,利欧股份,AI,0.018867924528301886,-0.004255319148936287,-8.028904054596768e-05,-0.00013128719219676377
research_universe_v1_2__cost_0,research_universe_v1_2,0.0,9,2021-12-24,2022-01-24,002212,天融信,AI,0.018867924528301886,-0.0674712013165113,-0.001273041534273798,-0.0020816545751219722
research_universe_v1_2__cost_0,research_universe_v1_2,0.0,9,2021-12-24,2022-01-24,002230,科大讯飞,AI,0.018867924528301886,-0.056246299585553605,-0.0010612509355764832,-0.0017353384048506052
research_universe_v1_2__cost_0,research_universe_v1_2,0.0,9,2021-12-24,2022-01-24,002236,大华股份,AI,0.018867924528301886,-0.1477162293488824,-0.0027870986669600454,-0.004557413513380246
research_universe_v1_2__cost_0,research_universe_v1_2,0.0,9,2021-12-24,2022-01-24,002279,久其软件,AI,0.018867924528301886,0.1706783369803062,0.0032203459807604944,0.005265851713274862
research_universe_v1_2__cost_0,research_universe_v1_2,0.0,9,2021-12-24,2022-01-24,002315,焦点科技,AI,0.018867924528301886,0.05604719764011801,0.001057494295096566,0.001729195614036974
research_universe_v1_2__cost_0,research_universe_v1_2,0.0,9,2021-12-24,2022-01-24,002361,神剑股份,商业航天,0.018867924528301886,-0.022774327122153326,-0.0004297042853236476,-0.0007026447035789374
research_universe_v1_2__cost_0,research_universe_v1_2,0.0,9,2021-12-24,2022-01-24,002373,千方科技,AI,0.018867924528301886,0.06245614035087721,0.0011784177424693813,0.0019269274559966594
research_universe_v1_2__cost_0,research_universe_v1_2,0.0,9,2021-12-24,2022-01-24,002396,星网锐捷,AI,0.018867924528301886,0.13578756789378388,0.0025620295829015824,0.004189384603140428
research_universe_v1_2__cost_0,research_universe_v1_2,0.0,9,2021-12-24,2022-01-24,002410,广联达,AI,0.018867924528301886,-0.04478270461063316,-0.0008449566907666634,-0.0013816579536171294
research_universe_v1_2__cost_0,research_universe_v1_2,0.0,9,2021-12-24,2022-01-24,002446,盛路通信,商业航天,0.018867924528301886,0.08703071672354934,0.0016420889947839498,0.0026851143318740067
research_universe_v1_2__cost_0,research_universe_v1_2,0.0,9,2021-12-24,2022-01-24,002544,普天科技,商业航天,0.018867924528301886,-0.04400871459694977,-0.0008303531056028259,-0.0013577784343311956
research_universe_v1_2__cost_0,research_universe_v1_2,0.0,9,2021-12-24,2022-01-24,002558,巨人网络,AI,0.018867924528301886,-0.001962708537782132,-3.703223656192702e-05,-6.055444586111584e-05
research_universe_v1_2__cost_0,research_universe_v1_2,0.0,9,2021-12-24,2022-01-24,002757,南兴股份,AI,0.018867924528301886,0.1482098251457118,0.0027964117952021094,0.0045726421728480215
research_universe_v1_2__cost_0,research_universe_v1_2,0.0,9,2021-12-24,2022-01-24,002792,通宇通讯,商业航天,0.018867924528301886,0.03146258503401378,0.0005936336798870525,0.0009706990953663572
research_universe_v1_2__cost_0,research_universe_v1_2,0.0,9,2021-12-24,2022-01-24,002881,美格智能,AI,0.018867924528301886,-0.07415318889227962,-0.0013991167715524456,-0.002287810531094293
research_universe_v1_2__cost_0,research_universe_v1_2,0.0,9,2021-12-24,2022-01-24,002929,润建股份,AI,0.018867924528301886,-0.053778268063982226,-0.0010146843030940042,-0.0016591934866013569
research_universe_v1_2__cost_0,research_universe_v1_2,0.0,9,2021-12-24,2022-01-24,002935,天奥电子,商业航天,0.018867924528301886,-0.05164319248826288,-0.0009743998582691109,-0.0015933210883972994
research_universe_v1_2__cost_0,research_universe_v1_2,0.0,9,2021-12-24,2022-01-24,002987,京北方,AI,0.018867924528301886,0.6543001686340641,0.01234528620064272,0.020186789518550748
research_universe_v1_2__cost_0,research_universe_v1_2,0.0,9,2021-12-24,2022-01-24,300002,神州泰岳,AI,0.018867924528301886,0.06770833333333348,0.001277515723270443,0.002088970688339079
research_universe_v1_2__cost_0,research_universe_v1_2,0.0,9,2021-12-24,2022-01-24,300017,网宿科技,AI,0.018867924528301886,0.06115702479338836,0.0011539061281771387,0.0018868465060344268
research_universe_v1_2__cost_0,research_universe_v1_2,0.0,9,2021-12-24,2022-01-24,300033,同花顺,AI,0.018867924528301886,-0.06985573272589218,-0.0013180326929413619,-0.002155223306980983
research_universe_v1_2__cost_0,research_universe_v1_2,0.0,9,2021-12-24,2022-01-24,300047,天源迪科,AI,0.018867924528301886,0.6183510638297873,0.011667001204335609,0.019077670116091714
research_universe_v1_2__cost_0,research_universe_v1_2,0.0,9,2021-12-24,2022-01-24,300058,蓝色光标,AI,0.018867924528301886,-0.05526315789473679,-0.0010427010923535244,-0.00170500603550266
research_universe_v1_2__cost_0,research_universe_v1_2,0.0,9,2021-12-24,2022-01-24,300101,振芯科技,商业航天,0.018867924528301886,-0.1229314420803782,-0.0023194611713278908,-0.0037927411079064035
research_universe_v1_2__cost_0,research_universe_v1_2,0.0,9,2021-12-24,2022-01-24,300113,顺网科技,AI,0.018867924528301886,-0.0907967881408277,-0.0017131469460533529,-0.00280130701324094
research_universe_v1_2__cost_0,research_universe_v1_2,0.0,9,2021-12-24,2022-01-24,300133,华策影视,AI,0.018867924528301886,-0.019908116385911168,-0.000375624837470022,-0.0006142149650246586
research_universe_v1_2__cost_0,research_universe_v1_2,0.0,9,2021-12-24,2022-01-24,300170,汉得信息,AI,0.018867924528301886,0.09661835748792269,0.0018229878771306167,0.002980916924274264
research_universe_v1_2__cost_0,research_universe_v1_2,0.0,9,2021-12-24,2022-01-24,300182,捷成股份,AI,0.018867924528301886,0.06940063091482651,0.0013094458663174813,0.002141182282830442
research_universe_v1_2__cost_0,research_universe_v1_2,0.0,9,2021-12-24,2022-01-24,300339,润和软件,AI,0.018867924528301886,-0.21373200442967877,-0.004032679328861863,-0.006594164564877137
research_universe_v1_2__cost_0,research_universe_v1_2,0.0,9,2021-12-24,2022-01-24,300348,长亮科技,AI,0.018867924528301886,0.1555090655509066,0.0029341333122812566,0.004797841915670306
research_universe_v1_2__cost_0,research_universe_v1_2,0.0,9,2021-12-24,2022-01-24,300378,鼎捷数智,AI,0.018867924528301886,0.08051033875934888,0.0015190629954594127,0.0024839444348533526
research_universe_v1_2__cost_0,research_universe_v1_2,0.0,9,2021-12-24,2022-01-24,300413,芒果超媒,AI,0.018867924528301886,-0.2736657576938061,-0.005163504862147284,-0.008443270098084397
research_universe_v1_2__cost_0,research_universe_v1_2,0.0,9,2021-12-24,2022-01-24,300454,深信服,AI,0.018867924528301886,-0.14455010972933435,-0.002727360560930837,-0.004459730838953005
research_universe_v1_2__cost_0,research_universe_v1_2,0.0,9,2021-12-24,2022-01-24,300458,全志科技,AI,0.018867924528301886,-0.10627094303494489,-0.002005112132734809,-0.0032787232249425436
research_universe_v1_2__cost_0,research_universe_v1_2,0.0,9,2021-12-24,2022-01-24,300496,中科创达,AI,0.018867924528301886,-0.020854154174162143,-0.00039347460705966306,-0.000643402586583562
research_universe_v1_2__cost_0,research_universe_v1_2,0.0,9,2021-12-24,2022-01-24,300627,华测导航,商业航天,0.018867924528301886,-0.07194244604316546,-0.0013574046423238766,-0.002219603609081916
research_universe_v1_2__cost_0,research_universe_v1_2,0.0,9,2021-12-24,2022-01-24,300629,新劲刚,商业航天,0.018867924528301886,-0.020925808497146536,-0.00039482657541785917,-0.0006456133008788064
research_universe_v1_2__cost_0,research_universe_v1_2,0.0,9,2021-12-24,2022-01-24,300634,彩讯股份,AI,0.018867924528301886,0.165692007797271,0.003126264298061717,0.005112011041189639
research_universe_v1_2__cost_0,research_universe_v1_2,0.0,9,2021-12-24,2022-01-24,300674,宇信科技,AI,0.018867924528301886,0.23033126293995854,0.004345872885659595,0.007106293024832397
research_universe_v1_2__cost_0,research_universe_v1_2,0.0,9,2021-12-24,2022-01-24,300857,协创数据,AI,0.018867924528301886,0.09185082872928185,0.0017330345043260727,0.0028338267901310376
research_universe_v1_2__cost_0,research_universe_v1_2,0.0,9,2021-12-24,2022-01-24,300996,普联软件,AI,0.018867924528301886,0.34380776340110897,0.006486938932096395,0.010607325639409214
research_universe_v1_2__cost_0,research_universe_v1_2,0.0,9,2021-12-24,2022-01-24,301050,雷电微力,商业航天,0.018867924528301886,-0.1488511488511488,-0.0028085122424745057,-0.004592428606163392
research_universe_v1_2__cost_0,research_universe_v1_2,0.0,10,2022-01-24,2022-02-28,000063,中兴通讯,AI,0.018867924528301886,-0.08843308675184935,-0.001668548806638667,-0.002902162612477612
research_universe_v1_2__cost_0,research_universe_v1_2,0.0,10,2022-01-24,2022-02-28,000681,视觉中国,AI,0.018867924528301886,-0.2774725274725275,-0.00523533070702882,-0.00910598538169421
research_universe_v1_2__cost_0,research_universe_v1_2,0.0,10,2022-01-24,2022-02-28,000901,航天科技,商业航天,0.018867924528301886,0.03295571575695133,0.000621805957678327,0.0010815278494761276
research_universe_v1_2__cost_0,research_universe_v1_2,0.0,10,2022-01-24,2022-02-28,000938,紫光股份,AI,0.018867924528301886,-0.07921635434412266,-0.0014946481951721258,-0.0025996914765556737
research_universe_v1_2__cost_0,research_universe_v1_2,0.0,10,2022-01-24,2022-02-28,000977,浪潮信息,AI,0.018867924528301886,-0.09869335557408943,-0.0018621387844167815,-0.003238880120184105
research_universe_v1_2__cost_0,research_universe_v1_2,0.0,10,2022-01-24,2022-02-28,001208,华菱线缆,商业航天,0.018867924528301886,0.00911854103343468,0.00017204794402706942,0.00029924872962803904
research_universe_v1_2__cost_0,research_universe_v1_2,0.0,10,2022-01-24,2022-02-28,002015,协鑫能科,AI,0.018867924528301886,-0.012867647058823595,-0.00024278579356270933,-0.00042228543157682305
research_universe_v1_2__cost_0,research_universe_v1_2,0.0,10,2022-01-24,2022-02-28,002044,美年健康,AI,0.018867924528301886,-0.021947873799725626,-0.00041411082640991747,-0.0007202767776689487
research_universe_v1_2__cost_0,research_universe_v1_2,0.0,10,2022-01-24,2022-02-28,002049,紫光国微,AI|商业航天,0.018867924528301886,-0.021596362717858142,-0.00040747854184638,-0.0007087410238336225
research_universe_v1_2__cost_0,research_universe_v1_2,0.0,10,2022-01-24,2022-02-28,002065,东华软件,AI,0.018867924528301886,-0.0037783375314861534,-7.12893873865312e-05,-0.0001239960101355475
research_universe_v1_2__cost_0,research_universe_v1_2,0.0,10,2022-01-24,2022-02-28,002131,利欧股份,AI,0.018867924528301886,-0.05982905982905973,-0.0011288501854539571,-0.001963446792972566
research_universe_v1_2__cost_0,research_universe_v1_2,0.0,10,2022-01-24,2022-02-28,002212,天融信,AI,0.018867924528301886,-0.1417647058823529,-0.002674805771365149,-0.00465237892617206
research_universe_v1_2__cost_0,research_universe_v1_2,0.0,10,2022-01-24,2022-02-28,002230,科大讯飞,AI,0.018867924528301886,0.015683814303638632,0.0002959210245969553,0.0005147053118340886
research_universe_v1_2__cost_0,research_universe_v1_2,0.0,10,2022-01-24,2022-02-28,002236,大华股份,AI,0.018867924528301886,-0.0701254275940707,-0.0013231212753598244,-0.002301348981728966
research_universe_v1_2__cost_0,research_universe_v1_2,0.0,10,2022-01-24,2022-02-28,002279,久其软件,AI,0.018867924528301886,-0.05981308411214947,-0.0011285487568330089,-0.0019629225081146304
research_universe_v1_2__cost_0,research_universe_v1_2,0.0,10,2022-01-24,2022-02-28,002315,焦点科技,AI,0.018867924528301886,-0.019553072625698387,-0.00036892589859808275,-0.0006416851250776294
research_universe_v1_2__cost_0,research_universe_v1_2,0.0,10,2022-01-24,2022-02-28,002361,神剑股份,商业航天,0.018867924528301886,-0.016949152542372947,-0.0003197953309881688,-0.000556230689534604
research_universe_v1_2__cost_0,research_universe_v1_2,0.0,10,2022-01-24,2022-02-28,002373,千方科技,AI,0.018867924528301886,-0.09247027741083225,-0.0017447222152987215,-0.003034653563775305
research_universe_v1_2__cost_0,research_universe_v1_2,0.0,10,2022-01-24,2022-02-28,002396,星网锐捷,AI,0.018867924528301886,0.00797024442082872,0.00015038197020431548,0.0002615643784474555
research_universe_v1_2__cost_0,research_universe_v1_2,0.0,10,2022-01-24,2022-02-28,002410,广联达,AI,0.018867924528301886,-0.11593533487297913,-0.002187459148546776,-0.0038047206842115075
research_universe_v1_2__cost_0,research_universe_v1_2,0.0,10,2022-01-24,2022-02-28,002446,盛路通信,商业航天,0.018867924528301886,-0.026687598116169498,-0.0005035395870975377,-0.0008758232050285788
research_universe_v1_2__cost_0,research_universe_v1_2,0.0,10,2022-01-24,2022-02-28,002544,普天科技,商业航天,0.018867924528301886,0.16955332725615313,0.003199119382191568,0.005564335083821988
research_universe_v1_2__cost_0,research_universe_v1_2,0.0,10,2022-01-24,2022-02-28,002558,巨人网络,AI,0.018867924528301886,-0.12979351032448383,-0.0024489341570657326,-0.004259512890949343
research_universe_v1_2__cost_0,research_universe_v1_2,0.0,10,2022-01-24,2022-02-28,002757,南兴股份,AI,0.018867924528301886,0.15808556925308204,0.002982746589680793,0.005187990666275601
research_universe_v1_2__cost_0,research_universe_v1_2,0.0,10,2022-01-24,2022-02-28,002792,通宇通讯,商业航天,0.018867924528301886,-0.0173124484748558,-0.00032664997122369433,-0.0005681531940093772
research_universe_v1_2__cost_0,research_universe_v1_2,0.0,10,2022-01-24,2022-02-28,002881,美格智能,AI,0.018867924528301886,0.14073829927488468,0.0026554396089600884,0.00461869471372618
research_universe_v1_2__cost_0,research_universe_v1_2,0.0,10,2022-01-24,2022-02-28,002929,润建股份,AI,0.018867924528301886,0.1084232002331682,0.0020457207591163813,0.0035581903742073584
research_universe_v1_2__cost_0,research_universe_v1_2,0.0,10,2022-01-24,2022-02-28,002935,天奥电子,商业航天,0.018867924528301886,0.08292079207920788,0.0015645432467775071,0.002721262271943416
research_universe_v1_2__cost_0,research_universe_v1_2,0.0,10,2022-01-24,2022-02-28,002987,京北方,AI,0.018867924528301886,-0.20081549439347612,-0.003788971592329738,-0.006590284714027197
research_universe_v1_2__cost_0,research_universe_v1_2,0.0,10,2022-01-24,2022-02-28,300002,神州泰岳,AI,0.018867924528301886,-0.1772357723577237,-0.0033440711765608242,-0.005816454576255329
research_universe_v1_2__cost_0,research_universe_v1_2,0.0,10,2022-01-24,2022-02-28,300017,网宿科技,AI,0.018867924528301886,-0.02336448598130847,-0.00044083935813789564,-0.0007667666047322802
research_universe_v1_2__cost_0,research_universe_v1_2,0.0,10,2022-01-24,2022-02-28,300033,同花顺,AI,0.018867924528301886,-0.16781341107871717,-0.0031662907750701352,-0.005507235192090639
research_universe_v1_2__cost_0,research_universe_v1_2,0.0,10,2022-01-24,2022-02-28,300047,天源迪科,AI,0.018867924528301886,-0.1840591618734594,-0.0034728143749709318,-0.006040381916918078
research_universe_v1_2__cost_0,research_universe_v1_2,0.0,10,2022-01-24,2022-02-28,300058,蓝色光标,AI,0.018867924528301886,-0.21448467966573814,-0.004046880748410153,-0.007038874714639822
research_universe_v1_2__cost_0,research_universe_v1_2,0.0,10,2022-01-24,2022-02-28,300101,振芯科技,商业航天,0.018867924528301886,0.03396226415094339,0.0006407974368102526,0.0011145603628032964
research_universe_v1_2__cost_0,research_universe_v1_2,0.0,10,2022-01-24,2022-02-28,300113,顺网科技,AI,0.018867924528301886,-0.03804347826086962,-0.0007178014766201816,-0.0012484960585749509
research_universe_v1_2__cost_0,research_universe_v1_2,0.0,10,2022-01-24,2022-02-28,300133,华策影视,AI,0.018867924528301886,-0.14531250000000007,-0.002741745283018869,-0.004768809052306816
research_universe_v1_2__cost_0,research_universe_v1_2,0.0,10,2022-01-24,2022-02-28,300170,汉得信息,AI,0.018867924528301886,-0.08259911894273131,-0.001558473942315685,-0.002710705728183496
research_universe_v1_2__cost_0,research_universe_v1_2,0.0,10,2022-01-24,2022-02-28,300182,捷成股份,AI,0.018867924528301886,-0.1519174041297935,-0.002866366115656481,-0.0049855662246338864
research_universe_v1_2__cost_0,research_universe_v1_2,0.0,10,2022-01-24,2022-02-28,300339,润和软件,AI,0.018867924528301886,-0.0652582159624413,-0.001231287093630968,-0.0021416187252926147
research_universe_v1_2__cost_0,research_universe_v1_2,0.0,10,2022-01-24,2022-02-28,300348,长亮科技,AI,0.018867924528301886,-0.1080265540132771,-0.0020382368681750394,-0.0035451733929842697
research_universe_v1_2__cost_0,research_universe_v1_2,0.0,10,2022-01-24,2022-02-28,300378,鼎捷数智,AI,0.018867924528301886,-0.20887622149837126,-0.003941060782988137,-0.006854818517973855
research_universe_v1_2__cost_0,research_universe_v1_2,0.0,10,2022-01-24,2022-02-28,300413,芒果超媒,AI,0.018867924528301886,-0.12496647894877977,-0.0023578580933732033,-0.004101101254509074
research_universe_v1_2__cost_0,research_universe_v1_2,0.0,10,2022-01-24,2022-02-28,300454,深信服,AI,0.018867924528301886,-0.17330824924462696,-0.003269966966879754,-0.005687562651783037
research_universe_v1_2__cost_0,research_universe_v1_2,0.0,10,2022-01-24,2022-02-28,300458,全志科技,AI,0.018867924528301886,-0.025709694697375496,-0.00048508857919576405,-0.0008437307513454709
research_universe_v1_2__cost_0,research_universe_v1_2,0.0,10,2022-01-24,2022-02-28,300496,中科创达,AI,0.018867924528301886,-0.06920250408274375,-0.0013057076242027122,-0.002271060837244474
research_universe_v1_2__cost_0,research_universe_v1_2,0.0,10,2022-01-24,2022-02-28,300627,华测导航,商业航天,0.018867924528301886,0.012403100775193687,0.0002340207693432771,0.00040704013249663525
research_universe_v1_2__cost_0,research_universe_v1_2,0.0,10,2022-01-24,2022-02-28,300629,新劲刚,商业航天,0.018867924528301886,0.08160621761658038,0.0015397399550298185,0.0026781210790156958
research_universe_v1_2__cost_0,research_universe_v1_2,0.0,10,2022-01-24,2022-02-28,300634,彩讯股份,AI,0.018867924528301886,-0.19620958751393536,-0.0037020676889421766,-0.006439129855214389
research_universe_v1_2__cost_0,research_universe_v1_2,0.0,10,2022-01-24,2022-02-28,300674,宇信科技,AI,0.018867924528301886,-0.12116112747160279,-0.0022860590088981656,-0.003976218711220845
research_universe_v1_2__cost_0,research_universe_v1_2,0.0,10,2022-01-24,2022-02-28,300857,协创数据,AI,0.018867924528301886,-0.09867172675521829,-0.0018617306934946847,-0.0032381703140268686
research_universe_v1_2__cost_0,research_universe_v1_2,0.0,10,2022-01-24,2022-02-28,300996,普联软件,AI,0.018867924528301886,-0.10178817056396139,-0.001920531520074743,-0.0033404445536562165
research_universe_v1_2__cost_0,research_universe_v1_2,0.0,10,2022-01-24,2022-02-28,301050,雷电微力,商业航天,0.018867924528301886,0.005998956703181957,0.00011318786232418786,0.00019687142558644818
research_universe_v1_2__cost_0,research_universe_v1_2,0.0,11,2022-02-28,2022-03-28,000063,中兴通讯,AI,0.018867924528301886,-0.14496495758022865,-0.0027351878788722385,-0.0053661665177060875
research_universe_v1_2__cost_0,research_universe_v1_2,0.0,11,2022-02-28,2022-03-28,000681,视觉中国,AI,0.018867924528301886,0.005703422053231932,0.00010761173685343268,0.00021112352232753595
research_universe_v1_2__cost_0,research_universe_v1_2,0.0,11,2022-02-28,2022-03-28,000901,航天科技,商业航天,0.018867924528301886,-0.09272183449651039,-0.0017494685754058563,-0.0034322833051573303
research_universe_v1_2__cost_0,research_universe_v1_2,0.0,11,2022-02-28,2022-03-28,000938,紫光股份,AI,0.018867924528301886,-0.14014801110083264,-0.0026443020962421252,-0.005187857653641394
research_universe_v1_2__cost_0,research_universe_v1_2,0.0,11,2022-02-28,2022-03-28,000977,浪潮信息,AI,0.018867924528301886,-0.14959901295496614,-0.0028226228859427574,-0.005537705303411247
research_universe_v1_2__cost_0,research_universe_v1_2,0.0,11,2022-02-28,2022-03-28,001208,华菱线缆,商业航天,0.018867924528301886,-0.1325301204819277,-0.002500568310979768,-0.004905866265811744
research_universe_v1_2__cost_0,research_universe_v1_2,0.0,11,2022-02-28,2022-03-28,002015,协鑫能科,AI,0.018867924528301886,0.036002482929857305,0.0006792921307520246,0.0013327035835233785
research_universe_v1_2__cost_0,research_universe_v1_2,0.0,11,2022-02-28,2022-03-28,002044,美年健康,AI,0.018867924528301886,-0.19775596072931279,-0.0037312445420625054,-0.0073203306016568735
research_universe_v1_2__cost_0,research_universe_v1_2,0.0,11,2022-02-28,2022-03-28,002049,紫光国微,AI|商业航天,0.018867924528301886,-0.09500451787788822,-0.0017925380731677021,-0.00351678137514707
research_universe_v1_2__cost_0,research_universe_v1_2,0.0,11,2022-02-28,2022-03-28,002065,东华软件,AI,0.018867924528301886,-0.1390644753476612,-0.0026238580254275695,-0.005147748420510427
research_universe_v1_2__cost_0,research_universe_v1_2,0.0,11,2022-02-28,2022-03-28,002131,利欧股份,AI,0.018867924528301886,-0.0818181818181819,-0.0015437392795883376,-0.0030286628930259315
research_universe_v1_2__cost_0,research_universe_v1_2,0.0,11,2022-02-28,2022-03-28,002212,天融信,AI,0.018867924528301886,-0.20699108978752567,-0.003905492260141994,-0.007662187290101388
research_universe_v1_2__cost_0,research_universe_v1_2,0.0,11,2022-02-28,2022-03-28,002230,科大讯飞,AI,0.018867924528301886,-0.0644430718550546,-0.0012159070161331057,-0.002385488605377869
research_universe_v1_2__cost_0,research_universe_v1_2,0.0,11,2022-02-28,2022-03-28,002236,大华股份,AI,0.018867924528301886,-0.11465358675659099,-0.0021632752218224715,-0.004244130779313531
research_universe_v1_2__cost_0,research_universe_v1_2,0.0,11,2022-02-28,2022-03-28,002279,久其软件,AI,0.018867924528301886,0.09940357852882697,0.0018755392175250371,0.003679621363296354
research_universe_v1_2__cost_0,research_universe_v1_2,0.0,11,2022-02-28,2022-03-28,002315,焦点科技,AI,0.018867924528301886,-0.0864197530864198,-0.0016305613789890528,-0.0031989992148559205
research_universe_v1_2__cost_0,research_universe_v1_2,0.0,11,2022-02-28,2022-03-28,002361,神剑股份,商业航天,0.018867924528301886,-0.11637931034482762,-0.0021958360442420307,-0.004308011873700676
research_universe_v1_2__cost_0,research_universe_v1_2,0.0,11,2022-02-28,2022-03-28,002373,千方科技,AI,0.018867924528301886,-0.14701601164483258,-0.0027738870121666523,-0.005442090367381216
research_universe_v1_2__cost_0,research_universe_v1_2,0.0,11,2022-02-28,2022-03-28,002396,星网锐捷,AI,0.018867924528301886,-0.20980495519240905,-0.003958584060234133,-0.007766348120229318
research_universe_v1_2__cost_0,research_universe_v1_2,0.0,11,2022-02-28,2022-03-28,002410,广联达,AI,0.018867924528301886,-0.15360501567398122,-0.0028982078429053057,-0.005685995469665537
research_universe_v1_2__cost_0,research_universe_v1_2,0.0,11,2022-02-28,2022-03-28,002446,盛路通信,商业航天,0.018867924528301886,-0.04354838709677422,-0.0008216676810712117,-0.0016120302495138015
research_universe_v1_2__cost_0,research_universe_v1_2,0.0,11,2022-02-28,2022-03-28,002544,普天科技,商业航天,0.018867924528301886,-0.14497272018706153,-0.0027353343431521042,-0.005366453866052696
research_universe_v1_2__cost_0,research_universe_v1_2,0.0,11,2022-02-28,2022-03-28,002558,巨人网络,AI,0.018867924528301886,0.025988700564971712,0.0004903528408485229,0.000962023492700011
research_universe_v1_2__cost_0,research_universe_v1_2,0.0,11,2022-02-28,2022-03-28,002757,南兴股份,AI,0.018867924528301886,-0.15842204132748916,-0.0029890951193865876,-0.005864307264517613
research_universe_v1_2__cost_0,research_universe_v1_2,0.0,11,2022-02-28,2022-03-28,002792,通宇通讯,商业航天,0.018867924528301886,-0.046979865771812124,-0.0008864125617323042,-0.001739053264451877
research_universe_v1_2__cost_0,research_universe_v1_2,0.0,11,2022-02-28,2022-03-28,002881,美格智能,AI,0.018867924528301886,-0.19040739670615425,-0.0035925923906821554,-0.007048308873975072
research_universe_v1_2__cost_0,research_universe_v1_2,0.0,11,2022-02-28,2022-03-28,002929,润建股份,AI,0.018867924528301886,-0.24822508545884825,-0.004683492178468834,-0.009188545733246043
research_universe_v1_2__cost_0,research_universe_v1_2,0.0,11,2022-02-28,2022-03-28,002935,天奥电子,商业航天,0.018867924528301886,-0.11714285714285722,-0.0022102425876010796,-0.004336276078586332
research_universe_v1_2__cost_0,research_universe_v1_2,0.0,11,2022-02-28,2022-03-28,002987,京北方,AI,0.018867924528301886,-0.05612244897959173,-0.00105891413169041,-0.0020774841839917044
research_universe_v1_2__cost_0,research_universe_v1_2,0.0,11,2022-02-28,2022-03-28,300002,神州泰岳,AI,0.018867924528301886,-0.10869565217391297,-0.002050861361771943,-0.0040235859689957965
research_universe_v1_2__cost_0,research_universe_v1_2,0.0,11,2022-02-28,2022-03-28,300017,网宿科技,AI,0.018867924528301886,-0.11004784688995206,-0.002076374469621737,-0.004073640148514404
research_universe_v1_2__cost_0,research_universe_v1_2,0.0,11,2022-02-28,2022-03-28,300033,同花顺,AI,0.018867924528301886,-0.12163677130044848,-0.0022950334207631788,-0.004502627258129605
research_universe_v1_2__cost_0,research_universe_v1_2,0.0,11,2022-02-28,2022-03-28,300047,天源迪科,AI,0.018867924528301886,-0.17019133937562936,-0.0032111573467099876,-0.006299971263438737
research_universe_v1_2__cost_0,research_universe_v1_2,0.0,11,2022-02-28,2022-03-28,300058,蓝色光标,AI,0.018867924528301886,0.019503546099290947,0.0003679914358356782,0.000721962588763082
research_universe_v1_2__cost_0,research_universe_v1_2,0.0,11,2022-02-28,2022-03-28,300101,振芯科技,商业航天,0.018867924528301886,-0.13972888425443164,-0.002636394042536446,-0.005172342838976036
research_universe_v1_2__cost_0,research_universe_v1_2,0.0,11,2022-02-28,2022-03-28,300113,顺网科技,AI,0.018867924528301886,-0.10522598870056499,-0.0019853960132182073,-0.0038951494677255945
research_universe_v1_2__cost_0,research_universe_v1_2,0.0,11,2022-02-28,2022-03-28,300133,华策影视,AI,0.018867924528301886,-0.10237659963436918,-0.001931633955365456,-0.0037896736585496037
research_universe_v1_2__cost_0,research_universe_v1_2,0.0,11,2022-02-28,2022-03-28,300170,汉得信息,AI,0.018867924528301886,-0.15006002400960383,-0.002831321207728374,-0.005554770545432374
research_universe_v1_2__cost_0,research_universe_v1_2,0.0,11,2022-02-28,2022-03-28,300182,捷成股份,AI,0.018867924528301886,0.026086956521739202,0.000492206726825268,0.0009656606325589944
research_universe_v1_2__cost_0,research_universe_v1_2,0.0,11,2022-02-28,2022-03-28,300339,润和软件,AI,0.018867924528301886,0.06629834254143652,0.0012509121234233304,0.002454165143520091
research_universe_v1_2__cost_0,research_universe_v1_2,0.0,11,2022-02-28,2022-03-28,300348,长亮科技,AI,0.018867924528301886,-0.1332882273342354,-0.002514872213853498,-0.004933929100276037
research_universe_v1_2__cost_0,research_universe_v1_2,0.0,11,2022-02-28,2022-03-28,300378,鼎捷数智,AI,0.018867924528301886,-0.1240349974266598,-0.0023402829703143358,-0.004591402372855113
research_universe_v1_2__cost_0,research_universe_v1_2,0.0,11,2022-02-28,2022-03-28,300413,芒果超媒,AI,0.018867924528301886,-0.07140668096843406,-0.0013472958673289444,-0.0026432604606617853
research_universe_v1_2__cost_0,research_universe_v1_2,0.0,11,2022-02-28,2022-03-28,300454,深信服,AI,0.018867924528301886,-0.2350182746017515,-0.0044343070679575755,-0.008699669335735924
research_universe_v1_2__cost_0,research_universe_v1_2,0.0,11,2022-02-28,2022-03-28,300458,全志科技,AI,0.018867924528301886,-0.06981858163826271,-0.0013173317290238247,-0.0025844738021850943
research_universe_v1_2__cost_0,research_universe_v1_2,0.0,11,2022-02-28,2022-03-28,300496,中科创达,AI,0.018867924528301886,-0.2949777030484684,-0.005565617038650346,-0.010919186953802323
research_universe_v1_2__cost_0,research_universe_v1_2,0.0,11,2022-02-28,2022-03-28,300627,华测导航,商业航天,0.018867924528301886,-0.11944869831546712,-0.002253749024820134,-0.004421631380323715
research_universe_v1_2__cost_0,research_universe_v1_2,0.0,11,2022-02-28,2022-03-28,300629,新劲刚,商业航天,0.018867924528301886,-0.1718562874251497,-0.0032425714608518806,-0.0063616026302613805
research_universe_v1_2__cost_0,research_universe_v1_2,0.0,11,2022-02-28,2022-03-28,300634,彩讯股份,AI,0.018867924528301886,-0.10402219140083213,-0.001962682856619474,-0.0038505885140181686
research_universe_v1_2__cost_0,research_universe_v1_2,0.0,11,2022-02-28,2022-03-28,300674,宇信科技,AI,0.018867924528301886,-0.1981809478219244,-0.003739263166451404,-0.007336062345002969
research_universe_v1_2__cost_0,research_universe_v1_2,0.0,11,2022-02-28,2022-03-28,300857,协创数据,AI,0.018867924528301886,-0.13824561403508773,-0.002608407811982787,-0.005117436638742446
research_universe_v1_2__cost_0,research_universe_v1_2,0.0,11,2022-02-28,2022-03-28,300996,普联软件,AI,0.018867924528301886,-0.1485451761102604,-0.002802739171891706,-0.005498695434505135
research_universe_v1_2__cost_0,research_universe_v1_2,0.0,11,2022-02-28,2022-03-28,301050,雷电微力,商业航天,0.018867924528301886,-0.19600725952813058,-0.003698250179776049,-0.007255598945180079
research_universe_v1_2__cost_0,research_universe_v1_2,0.0,12,2022-03-28,2022-04-27,000063,中兴通讯,AI,0.018518518518518517,-0.04572907679033644,-0.0008468347553766008,-0.0020804962055460726
research_universe_v1_2__cost_0,research_universe_v1_2,0.0,12,2022-03-28,2022-04-27,000681,视觉中国,AI,0.018518518518518517,-0.2854442344045368,-0.005286004340824755,-0.01298660913922363
research_universe_v1_2__cost_0,research_universe_v1_2,0.0,12,2022-03-28,2022-04-27,000901,航天科技,商业航天,0.018518518518518517,-0.18461538461538463,-0.003418803418803419,-0.008399286277716926
research_universe_v1_2__cost_0,research_universe_v1_2,0.0,12,2022-03-28,2022-04-27,000938,紫光股份,AI,0.018518518518518517,-0.17536309844002151,-0.0032474647859263243,-0.007978343026036474
research_universe_v1_2__cost_0,research_universe_v1_2,0.0,12,2022-03-28,2022-04-27,000977,浪潮信息,AI,0.018518518518518517,-0.14980050779833143,-0.002774083477746878,-0.006815343976705076
research_universe_v1_2__cost_0,research_universe_v1_2,0.0,12,2022-03-28,2022-04-27,001208,华菱线缆,商业航天,0.018518518518518517,-0.26302083333333326,-0.004870756172839504,-0.011966431079255989
research_universe_v1_2__cost_0,research_universe_v1_2,0.0,12,2022-03-28,2022-04-27,002015,协鑫能科,AI,0.018518518518518517,-0.2690233672858,-0.0049819142089962964,-0.012239523168322778
research_universe_v1_2__cost_0,research_universe_v1_2,0.0,12,2022-03-28,2022-04-27,002044,美年健康,AI,0.018518518518518517,-0.17132867132867124,-0.003172753172753171,-0.007794792189547901
research_universe_v1_2__cost_0,research_universe_v1_2,0.0,12,2022-03-28,2022-04-27,002049,紫光国微,AI|商业航天,0.018518518518518517,-0.12672942518898866,-0.0023468412072034936,-0.005765698910686142
research_universe_v1_2__cost_0,research_universe_v1_2,0.0,12,2022-03-28,2022-04-27,002065,东华软件,AI,0.018518518518518517,-0.1953010279001467,-0.003616685701854568,-0.00888544173652261
research_universe_v1_2__cost_0,research_universe_v1_2,0.0,12,2022-03-28,2022-04-27,002131,利欧股份,AI,0.018518518518518517,-0.18811881188118817,-0.0034836817015034844,-0.008558678674076243
research_universe_v1_2__cost_0,research_universe_v1_2,0.0,12,2022-03-28,2022-04-27,002212,天融信,AI,0.018518518518518517,-0.247191011235955,-0.004577611319184351,-0.011246235371849439
research_universe_v1_2__cost_0,research_universe_v1_2,0.0,12,2022-03-28,2022-04-27,002230,科大讯飞,AI,0.018518518518518517,-0.22491197183098588,-0.004165036515388627,-0.010232625209593883
research_universe_v1_2__cost_0,research_universe_v1_2,0.0,12,2022-03-28,2022-04-27,002236,大华股份,AI,0.018518518518518517,0.0013850415512466352,2.5648917615678428e-05,6.301403601704048e-05
research_universe_v1_2__cost_0,research_universe_v1_2,0.0,12,2022-03-28,2022-04-27,002279,久其软件,AI,0.018518518518518517,-0.2929475587703436,-0.0054249547920434,-0.013327981390048106
research_universe_v1_2__cost_0,research_universe_v1_2,0.0,12,2022-03-28,2022-04-27,002315,焦点科技,AI,0.018518518518518517,-0.16320166320166307,-0.0030222530222530197,-0.007425044738747501
research_universe_v1_2__cost_0,research_universe_v1_2,0.0,12,2022-03-28,2022-04-27,002361,神剑股份,商业航天,0.018518518518518517,-0.1682926829268292,-0.0031165311653116516,-0.007656666454382194
research_universe_v1_2__cost_0,research_universe_v1_2,0.0,12,2022-03-28,2022-04-27,002373,千方科技,AI,0.018518518518518517,-0.2892491467576792,-0.005356465680697763,-0.013159717941516815
research_universe_v1_2__cost_0,research_universe_v1_2,0.0,12,2022-03-28,2022-04-27,002396,星网锐捷,AI,0.018518518518518517,0.03402268178785861,0.0006300496627381223,0.0015479004898060727
research_universe_v1_2__cost_0,research_universe_v1_2,0.0,12,2022-03-28,2022-04-27,002410,广联达,AI,0.018518518518518517,-0.0796296296296296,-0.0014746227709190667,-0.0036228403003424076
research_universe_v1_2__cost_0,research_universe_v1_2,0.0,12,2022-03-28,2022-04-27,002446,盛路通信,商业航天,0.018518518518518517,-0.050590219224283306,-0.0009368559115608019,-0.002301659393134908
research_universe_v1_2__cost_0,research_universe_v1_2,0.0,12,2022-03-28,2022-04-27,002544,普天科技,商业航天,0.018518518518518517,-0.23062898814949873,-0.0042709071879536795,-0.010492727350125713
research_universe_v1_2__cost_0,research_universe_v1_2,0.0,12,2022-03-28,2022-04-27,002558,巨人网络,AI,0.018518518518518517,-0.16960352422907488,-0.003140806004242127,-0.007716304665927534
research_universe_v1_2__cost_0,research_universe_v1_2,0.0,12,2022-03-28,2022-04-27,002757,南兴股份,AI,0.018518518518518517,-0.29092261904761907,-0.005387455908289242,-0.0132358544610724
research_universe_v1_2__cost_0,research_universe_v1_2,0.0,12,2022-03-28,2022-04-27,002792,通宇通讯,商业航天,0.018518518518518517,-0.3098591549295775,-0.005738132498695879,-0.014097393635135215
research_universe_v1_2__cost_0,research_universe_v1_2,0.0,12,2022-03-28,2022-04-27,002881,美格智能,AI,0.018518518518518517,-0.24660956459671668,-0.004566843788828086,-0.011219781797634302
research_universe_v1_2__cost_0,research_universe_v1_2,0.0,12,2022-03-28,2022-04-27,002929,润建股份,AI,0.018518518518518517,-0.057712486883525704,-0.0010687497571023278,-0.0026256950369742925
research_universe_v1_2__cost_0,research_universe_v1_2,0.0,12,2022-03-28,2022-04-27,002935,天奥电子,商业航天,0.018518518518518517,-0.3087378640776699,-0.005717367853290183,-0.014046379236279034
research_universe_v1_2__cost_0,research_universe_v1_2,0.0,12,2022-03-28,2022-04-27,002987,京北方,AI,0.018518518518518517,-0.3581081081081081,-0.006631631631631631,-0.016292534474512843
research_universe_v1_2__cost_0,research_universe_v1_2,0.0,12,2022-03-28,2022-04-27,300002,神州泰岳,AI,0.018518518518518517,-0.22616407982261633,-0.004188223700418821,-0.010289591282568957
research_universe_v1_2__cost_0,research_universe_v1_2,0.0,12,2022-03-28,2022-04-27,300017,网宿科技,AI,0.018518518518518517,-0.24372759856630832,-0.004513474047524228,-0.011088663484919003
research_universe_v1_2__cost_0,research_universe_v1_2,0.0,12,2022-03-28,2022-04-27,300033,同花顺,AI,0.018518518518518517,-0.19447989789406506,-0.003601479590630834,-0.008848083495730968
research_universe_v1_2__cost_0,research_universe_v1_2,0.0,12,2022-03-28,2022-04-27,300047,天源迪科,AI,0.018518518518518517,-0.2766990291262136,-0.005124056094929881,-0.012588736107985925
research_universe_v1_2__cost_0,research_universe_v1_2,0.0,12,2022-03-28,2022-04-27,300058,蓝色光标,AI,0.018518518518518517,-0.2747826086956522,-0.005088566827697262,-0.012501546387268525
research_universe_v1_2__cost_0,research_universe_v1_2,0.0,12,2022-03-28,2022-04-27,300101,振芯科技,商业航天,0.018518518518518517,-0.13818181818181818,-0.0025589225589225588,-0.00628673851695782
research_universe_v1_2__cost_0,research_universe_v1_2,0.0,12,2022-03-28,2022-04-27,300113,顺网科技,AI,0.018518518518518517,-0.244672454617206,-0.004530971381800111,-0.011131650782425418
research_universe_v1_2__cost_0,research_universe_v1_2,0.0,12,2022-03-28,2022-04-27,300133,华策影视,AI,0.018518518518518517,-0.15478615071283086,-0.0028664101983857564,-0.007042171454840731
research_universe_v1_2__cost_0,research_universe_v1_2,0.0,12,2022-03-28,2022-04-27,300170,汉得信息,AI,0.018518518518518517,0.029661016949152463,0.0005492780916509715,0.0013494616018224544
research_universe_v1_2__cost_0,research_universe_v1_2,0.0,12,2022-03-28,2022-04-27,300182,捷成股份,AI,0.018518518518518517,-0.26271186440677974,-0.0048650345260514765,-0.011952374187570346
research_universe_v1_2__cost_0,research_universe_v1_2,0.0,12,2022-03-28,2022-04-27,300339,润和软件,AI,0.018518518518518517,-0.36363636363636365,-0.006734006734006734,-0.01654404872883637
research_universe_v1_2__cost_0,research_universe_v1_2,0.0,12,2022-03-28,2022-04-27,300348,长亮科技,AI,0.018518518518518517,-0.32552693208430916,-0.006028276520079799,-0.014810216924116399
research_universe_v1_2__cost_0,research_universe_v1_2,0.0,12,2022-03-28,2022-04-27,300378,鼎捷数智,AI,0.018518518518518517,-0.21797884841363102,-0.004036645340993167,-0.009917194897529557
research_universe_v1_2__cost_0,research_universe_v1_2,0.0,12,2022-03-28,2022-04-27,300413,芒果超媒,AI,0.018518518518518517,0.01650165016501659,0.0003055861141669739,0.0007507612871996743
research_universe_v1_2__cost_0,research_universe_v1_2,0.0,12,2022-03-28,2022-04-27,300454,深信服,AI,0.018518518518518517,-0.22040926710538178,-0.004081653094544107,-0.010027769552016005
research_universe_v1_2__cost_0,research_universe_v1_2,0.0,12,2022-03-28,2022-04-27,300458,全志科技,AI,0.018518518518518517,-0.3073286052009456,-0.005691270466684178,-0.013982263405576838
research_universe_v1_2__cost_0,research_universe_v1_2,0.0,12,2022-03-28,2022-04-27,300496,中科创达,AI,0.018518518518518517,-0.13656159270012447,-0.002528918383335638,-0.006213024521325501
research_universe_v1_2__cost_0,research_universe_v1_2,0.0,12,2022-03-28,2022-04-27,300627,华测导航,商业航天,0.018518518518518517,-0.16521739130434776,-0.003059581320450884,-0.007516752574623477
research_universe_v1_2__cost_0,research_universe_v1_2,0.0,12,2022-03-28,2022-04-27,300629,新劲刚,商业航天,0.018518518518518517,-0.15979754157628345,-0.0029592137328941378,-0.007270170365112295
research_universe_v1_2__cost_0,research_universe_v1_2,0.0,12,2022-03-28,2022-04-27,300634,彩讯股份,AI,0.018518518518518517,-0.23993808049535603,-0.004443297786951037,-0.010916255062951241
research_universe_v1_2__cost_0,research_universe_v1_2,0.0,12,2022-03-28,2022-04-27,300674,宇信科技,AI,0.018518518518518517,-0.22746268656716417,-0.004212271973466003,-0.010348672869037795
research_universe_v1_2__cost_0,research_universe_v1_2,0.0,12,2022-03-28,2022-04-27,300857,协创数据,AI,0.018518518518518517,-0.2923452768729642,-0.005413801423573411,-0.01330057989213657
research_universe_v1_2__cost_0,research_universe_v1_2,0.0,12,2022-03-28,2022-04-27,300996,普联软件,AI,0.018518518518518517,-0.3012589928057554,-0.005578870237143619,-0.013706119506691103
research_universe_v1_2__cost_0,research_universe_v1_2,0.0,12,2022-03-28,2022-04-27,301050,雷电微力,商业航天,0.018518518518518517,-0.14688810061270563,-0.0027201500113464006,-0.006682840709112759
research_universe_v1_2__cost_0,research_universe_v1_2,0.0,12,2022-03-28,2022-04-27,301110,青木科技,AI,0.018518518518518517,-0.29598788796366393,-0.005481257184512295,-0.013466304614444594
research_universe_v1_2__cost_0,research_universe_v1_2,0.0,13,2022-04-27,2022-05-30,000063,中兴通讯,AI,0.018518518518518517,0.025316455696202445,0.00046882325363337856,0.001025756788447206
research_universe_v1_2__cost_0,research_universe_v1_2,0.0,13,2022-04-27,2022-05-30,000681,视觉中国,AI,0.018518518518518517,0.19047619047619047,0.003527336860670194,0.007717598694031386
research_universe_v1_2__cost_0,research_universe_v1_2,0.0,13,2022-04-27,2022-05-30,000901,航天科技,商业航天,0.018518518518518517,0.25876010781671166,0.004791853848457623,0.010484285018306791
research_universe_v1_2__cost_0,research_universe_v1_2,0.0,13,2022-04-27,2022-05-30,000938,紫光股份,AI,0.018518518518518517,0.10502283105022836,0.0019448672416708954,0.004255251334722787
research_universe_v1_2__cost_0,research_universe_v1_2,0.0,13,2022-04-27,2022-05-30,000977,浪潮信息,AI,0.018518518518518517,0.024744027303754246,0.0004582227278473008,0.0010025634822237862
research_universe_v1_2__cost_0,research_universe_v1_2,0.0,13,2022-04-27,2022-05-30,001208,华菱线缆,商业航天,0.018518518518518517,0.22379269729093054,0.0041443092090913064,0.009067496698817797
research_universe_v1_2__cost_0,research_universe_v1_2,0.0,13,2022-04-27,2022-05-30,002015,协鑫能科,AI,0.018518518518518517,0.22540983606557385,0.004174256223436553,0.009133018946317883
research_universe_v1_2__cost_0,research_universe_v1_2,0.0,13,2022-04-27,2022-05-30,002044,美年健康,AI,0.018518518518518517,0.048523206751054815,0.0008985779027973113,0.0019660338445238166
research_universe_v1_2__cost_0,research_universe_v1_2,0.0,13,2022-04-27,2022-05-30,002049,紫光国微,AI|商业航天,0.018518518518518517,0.03201306655777869,0.0005928345658847905,0.0012970860034558264
research_universe_v1_2__cost_0,research_universe_v1_2,0.0,13,2022-04-27,2022-05-30,002065,东华软件,AI,0.018518518518518517,0.031021897810219023,0.00057447958907813,0.0012569264296392376
research_universe_v1_2__cost_0,research_universe_v1_2,0.0,13,2022-04-27,2022-05-30,002131,利欧股份,AI,0.018518518518518517,0.030487804878048808,0.0005645889792231261,0.0012352863763312443
research_universe_v1_2__cost_0,research_universe_v1_2,0.0,13,2022-04-27,2022-05-30,002212,天融信,AI,0.018518518518518517,0.03329506314580932,0.0006165752434409133,0.0013490291632219005
research_universe_v1_2__cost_0,research_universe_v1_2,0.0,13,2022-04-27,2022-05-30,002230,科大讯飞,AI,0.018518518518518517,0.008233957978421413,0.00015248070330410024,0.00033361851254011564
research_universe_v1_2__cost_0,research_universe_v1_2,0.0,13,2022-04-27,2022-05-30,002236,大华股份,AI,0.018518518518518517,-0.03941908713692943,-0.0007299830951283228,-0.001597158650891349
research_universe_v1_2__cost_0,research_universe_v1_2,0.0,13,2022-04-27,2022-05-30,002279,久其软件,AI,0.018518518518518517,0.0843989769820972,0.001562944018186985,0.0034196265313067463
research_universe_v1_2__cost_0,research_universe_v1_2,0.0,13,2022-04-27,2022-05-30,002315,焦点科技,AI,0.018518518518518517,0.2012422360248447,0.003726708074534161,0.008153810794128812
research_universe_v1_2__cost_0,research_universe_v1_2,0.0,13,2022-04-27,2022-05-30,002361,神剑股份,商业航天,0.018518518518518517,0.04692082111436946,0.0008689040947105455,0.0019011093557144746
research_universe_v1_2__cost_0,research_universe_v1_2,0.0,13,2022-04-27,2022-05-30,002373,千方科技,AI,0.018518518518518517,0.04081632653061229,0.0007558578987150424,0.0016537711487210132
research_universe_v1_2__cost_0,research_universe_v1_2,0.0,13,2022-04-27,2022-05-30,002396,星网锐捷,AI,0.018518518518518517,0.016129032258064502,0.00029868578255675,0.0006535063410268506
research_universe_v1_2__cost_0,research_universe_v1_2,0.0,13,2022-04-27,2022-05-30,002410,广联达,AI,0.018518518518518517,0.17236753856472165,0.0031919914549022525,0.006983883325232627
research_universe_v1_2__cost_0,research_universe_v1_2,0.0,13,2022-04-27,2022-05-30,002446,盛路通信,商业航天,0.018518518518518517,0.1687388987566607,0.0031247944214196424,0.006836860299552669
research_universe_v1_2__cost_0,research_universe_v1_2,0.0,13,2022-04-27,2022-05-30,002544,普天科技,商业航天,0.018518518518518517,0.44194312796208535,0.008184131999297876,0.017906383462780763
research_universe_v1_2__cost_0,research_universe_v1_2,0.0,13,2022-04-27,2022-05-30,002558,巨人网络,AI,0.018518518518518517,0.07427055702917773,0.0013753806857255135,0.00300924935815017
research_universe_v1_2__cost_0,research_universe_v1_2,0.0,13,2022-04-27,2022-05-30,002757,南兴股份,AI,0.018518518518518517,0.09758656873032545,0.001807158680191212,0.00395395337078786
research_universe_v1_2__cost_0,research_universe_v1_2,0.0,13,2022-04-27,2022-05-30,002792,通宇通讯,商业航天,0.018518518518518517,0.12882653061224492,0.00238567649281935,0.005219715188150693
research_universe_v1_2__cost_0,research_universe_v1_2,0.0,13,2022-04-27,2022-05-30,002881,美格智能,AI,0.018518518518518517,0.35528185693983905,0.0065792936470340565,0.014395094674442726
research_universe_v1_2__cost_0,research_universe_v1_2,0.0,13,2022-04-27,2022-05-30,002929,润建股份,AI,0.018518518518518517,0.09873793615441717,0.0018284802991558734,0.004000603777362593
research_universe_v1_2__cost_0,research_universe_v1_2,0.0,13,2022-04-27,2022-05-30,002935,天奥电子,商业航天,0.018518518518518517,0.3501872659176031,0.006484949368844501,0.014188675127088605
research_universe_v1_2__cost_0,research_universe_v1_2,0.0,13,2022-04-27,2022-05-30,002987,京北方,AI,0.018518518518518517,0.2021052631578948,0.0037426900584795328,0.00818877840377225
research_universe_v1_2__cost_0,research_universe_v1_2,0.0,13,2022-04-27,2022-05-30,300002,神州泰岳,AI,0.018518518518518517,0.09169054441260749,0.0016979730446779163,0.0037150618355222733
research_universe_v1_2__cost_0,research_universe_v1_2,0.0,13,2022-04-27,2022-05-30,300017,网宿科技,AI,0.018518518518518517,0.09715639810426535,0.0017991925574863954,0.003936523978412927
research_universe_v1_2__cost_0,research_universe_v1_2,0.0,13,2022-04-27,2022-05-30,300033,同花顺,AI,0.018518518518518517,0.10675381263616557,0.0019769224562252883,0.004325386196164649
research_universe_v1_2__cost_0,research_universe_v1_2,0.0,13,2022-04-27,2022-05-30,300047,天源迪科,AI,0.018518518518518517,0.0889261744966443,0.0016467810091971167,0.003603056772842674
research_universe_v1_2__cost_0,research_universe_v1_2,0.0,13,2022-04-27,2022-05-30,300058,蓝色光标,AI,0.018518518518518517,0.04076738609112707,0.0007549515942801309,0.0016517882096937666
research_universe_v1_2__cost_0,research_universe_v1_2,0.0,13,2022-04-27,2022-05-30,300101,振芯科技,商业航天,0.018518518518518517,0.21378340365682136,0.0039589519195707655,0.008661946213554213
research_universe_v1_2__cost_0,research_universe_v1_2,0.0,13,2022-04-27,2022-05-30,300113,顺网科技,AI,0.018518518518518517,0.040752351097178785,0.0007546731684662738,0.0016511790309330515
research_universe_v1_2__cost_0,research_universe_v1_2,0.0,13,2022-04-27,2022-05-30,300133,华策影视,AI,0.018518518518518517,0.04337349397590362,0.0008032128514056225,0.0017573809074360627
research_universe_v1_2__cost_0,research_universe_v1_2,0.0,13,2022-04-27,2022-05-30,300170,汉得信息,AI,0.018518518518518517,0.15775034293552803,0.0029213026469542226,0.006391632663266731
research_universe_v1_2__cost_0,research_universe_v1_2,0.0,13,2022-04-27,2022-05-30,300182,捷成股份,AI,0.018518518518518517,0.15172413793103456,0.0028097062579821213,0.006147466545935349
research_universe_v1_2__cost_0,research_universe_v1_2,0.0,13,2022-04-27,2022-05-30,300339,润和软件,AI,0.018518518518518517,0.12287194670614365,0.0022754064204841416,0.004978450971020249
research_universe_v1_2__cost_0,research_universe_v1_2,0.0,13,2022-04-27,2022-05-30,300348,长亮科技,AI,0.018518518518518517,0.04282407407407396,0.0007930384087791474,0.001735119845272677
research_universe_v1_2__cost_0,research_universe_v1_2,0.0,13,2022-04-27,2022-05-30,300378,鼎捷数智,AI,0.018518518518518517,0.10818933132982722,0.002003506135737541,0.004383549671440818
research_universe_v1_2__cost_0,research_universe_v1_2,0.0,13,2022-04-27,2022-05-30,300413,芒果超媒,AI,0.018518518518518517,0.127922077922078,0.0023689273689273703,0.005183069122923355
research_universe_v1_2__cost_0,research_universe_v1_2,0.0,13,2022-04-27,2022-05-30,300454,深信服,AI,0.018518518518518517,0.04775670675300647,0.0008843834583890087,0.0019349772627582737
research_universe_v1_2__cost_0,research_universe_v1_2,0.0,13,2022-04-27,2022-05-30,300458,全志科技,AI,0.018518518518518517,0.04010238907849817,0.0007426368347870031,0.001624844264293719
research_universe_v1_2__cost_0,research_universe_v1_2,0.0,13,2022-04-27,2022-05-30,300496,中科创达,AI,0.018518518518518517,0.2874984988591329,0.005324046275169128,0.011648689706488947
research_universe_v1_2__cost_0,research_universe_v1_2,0.0,13,2022-04-27,2022-05-30,300627,华测导航,商业航天,0.018518518518518517,0.15763888888888888,0.0029192386831275717,0.0063871168358416
research_universe_v1_2__cost_0,research_universe_v1_2,0.0,13,2022-04-27,2022-05-30,300629,新劲刚,商业航天,0.018518518518518517,0.24354561101549055,0.004510103907694269,0.009867833269928687
research_universe_v1_2__cost_0,research_universe_v1_2,0.0,13,2022-04-27,2022-05-30,300634,彩讯股份,AI,0.018518518518518517,0.1537678207739308,0.002847552236554274,0.006230271247141939
research_universe_v1_2__cost_0,research_universe_v1_2,0.0,13,2022-04-27,2022-05-30,300674,宇信科技,AI,0.018518518518518517,0.08500772797527056,0.0015742171847272326,0.003444291534623748
research_universe_v1_2__cost_0,research_universe_v1_2,0.0,13,2022-04-27,2022-05-30,300857,协创数据,AI,0.018518518518518517,0.11507479861910253,0.002131014789242639,0.00466253085657823
research_universe_v1_2__cost_0,research_universe_v1_2,0.0,13,2022-04-27,2022-05-30,300996,普联软件,AI,0.018518518518518517,0.04375804375804382,0.0008103341436674781,0.001772961862142348
research_universe_v1_2__cost_0,research_universe_v1_2,0.0,13,2022-04-27,2022-05-30,301050,雷电微力,商业航天,0.018518518518518517,0.21035721035721044,0.003895503895503897,0.008523125792647688
research_universe_v1_2__cost_0,research_universe_v1_2,0.0,13,2022-04-27,2022-05-30,301110,青木科技,AI,0.018518518518518517,0.1392473118279569,0.002578653922739943,0.005641938077531813
research_universe_v1_2__cost_0,research_universe_v1_2,0.0,14,2022-05-30,2022-06-28,000063,中兴通讯,AI,0.018518518518518517,0.06261022927689597,0.0011594486903128882,0.002278745706853887
research_universe_v1_2__cost_0,research_universe_v1_2,0.0,14,2022-05-30,2022-06-28,000681,视觉中国,AI,0.018518518518518517,0.06666666666666665,0.0012345679012345677,0.0024263827526500533
research_universe_v1_2__cost_0,research_universe_v1_2,0.0,14,2022-05-30,2022-06-28,000901,航天科技,商业航天,0.018518518518518517,0.0021413276231263545,3.965421524308064e-05,7.793520618790382e-05
research_universe_v1_2__cost_0,research_universe_v1_2,0.0,14,2022-05-30,2022-06-28,000938,紫光股份,AI,0.018518518518518517,0.11688311688311681,0.002164502164502163,0.004254047683217624
research_universe_v1_2__cost_0,research_universe_v1_2,0.0,14,2022-05-30,2022-06-28,000977,浪潮信息,AI,0.018518518518518517,0.08617818484596174,0.0015958923119622542,0.0031365189204739462
research_universe_v1_2__cost_0,research_universe_v1_2,0.0,14,2022-05-30,2022-06-28,001208,华菱线缆,商业航天,0.018518518518518517,0.2887391722810395,0.005347021708908139,0.0105088762145575
research_universe_v1_2__cost_0,research_universe_v1_2,0.0,14,2022-05-30,2022-06-28,002015,协鑫能科,AI,0.018518518518518517,0.06287625418060205,0.0011643750774185564,0.0022884278804258047
research_universe_v1_2__cost_0,research_universe_v1_2,0.0,14,2022-05-30,2022-06-28,002044,美年健康,AI,0.018518518518518517,0.06438631790744465,0.001192339220508234,0.0023433877691590044
research_universe_v1_2__cost_0,research_universe_v1_2,0.0,14,2022-05-30,2022-06-28,002049,紫光国微,AI|商业航天,0.018518518518518517,0.08221888106354336,0.0015225718715470992,0.0029924171243215156
research_universe_v1_2__cost_0,research_universe_v1_2,0.0,14,2022-05-30,2022-06-28,002065,东华软件,AI,0.018518518518518517,0.07079646017699104,0.0013110455588331673,0.002576689648831911
research_universe_v1_2__cost_0,research_universe_v1_2,0.0,14,2022-05-30,2022-06-28,002131,利欧股份,AI,0.018518518518518517,0.13609467455621305,0.002520271751040982,0.004953266566060761
research_universe_v1_2__cost_0,research_universe_v1_2,0.0,14,2022-05-30,2022-06-28,002212,天融信,AI,0.018518518518518517,0.15111111111111097,0.002798353909465018,0.0054998009060067835
research_universe_v1_2__cost_0,research_universe_v1_2,0.0,14,2022-05-30,2022-06-28,002230,科大讯飞,AI,0.018518518518518517,0.20754716981132093,0.003843466107617054,0.007553833097872814
research_universe_v1_2__cost_0,research_universe_v1_2,0.0,14,2022-05-30,2022-06-28,002236,大华股份,AI,0.018518518518518517,0.06263498920086397,0.0011599072074234067,0.0022796468626409805
research_universe_v1_2__cost_0,research_universe_v1_2,0.0,14,2022-05-30,2022-06-28,002279,久其软件,AI,0.018518518518518517,0.06839622641509435,0.0012665967854647102,0.0024893313617989944
research_universe_v1_2__cost_0,research_universe_v1_2,0.0,14,2022-05-30,2022-06-28,002315,焦点科技,AI,0.018518518518518517,-0.007238883143743546,-0.0001340533915508064,-0.0002634645181264281
research_universe_v1_2__cost_0,research_universe_v1_2,0.0,14,2022-05-30,2022-06-28,002361,神剑股份,商业航天,0.018518518518518517,0.11764705882352944,0.002178649237472767,0.0042818519164412715
research_universe_v1_2__cost_0,research_universe_v1_2,0.0,14,2022-05-30,2022-06-28,002373,千方科技,AI,0.018518518518518517,0.16493656286043823,0.0030543807937118187,0.00600298847108923
research_universe_v1_2__cost_0,research_universe_v1_2,0.0,14,2022-05-30,2022-06-28,002396,星网锐捷,AI,0.018518518518518517,0.05714285714285716,0.0010582010582010585,0.002079756645128618
research_universe_v1_2__cost_0,research_universe_v1_2,0.0,14,2022-05-30,2022-06-28,002410,广联达,AI,0.018518518518518517,0.10211670480549206,0.0018910500889905938,0.003716613169462542
research_universe_v1_2__cost_0,research_universe_v1_2,0.0,14,2022-05-30,2022-06-28,002446,盛路通信,商业航天,0.018518518518518517,0.08358662613981771,0.0015479004840706983,0.0030421972202679276
research_universe_v1_2__cost_0,research_universe_v1_2,0.0,14,2022-05-30,2022-06-28,002544,普天科技,商业航天,0.018518518518518517,-0.04519309778142977,-0.0008369092181746253,-0.001644836294935329
research_universe_v1_2__cost_0,research_universe_v1_2,0.0,14,2022-05-30,2022-06-28,002558,巨人网络,AI,0.018518518518518517,0.05679012345679024,0.001051668952903523,0.002066918641146346
research_universe_v1_2__cost_0,research_universe_v1_2,0.0,14,2022-05-30,2022-06-28,002757,南兴股份,AI,0.018518518518518517,0.1166347992351815,0.0021599036895403978,0.00424500997834569
research_universe_v1_2__cost_0,research_universe_v1_2,0.0,14,2022-05-30,2022-06-28,002792,通宇通讯,商业航天,0.018518518518518517,-0.014689265536723006,-0.00027202343586524085,-0.000534626708211023
research_universe_v1_2__cost_0,research_universe_v1_2,0.0,14,2022-05-30,2022-06-28,002881,美格智能,AI,0.018518518518518517,0.15763718979377828,0.002919207218403301,0.0057373223773777
research_universe_v1_2__cost_0,research_universe_v1_2,0.0,14,2022-05-30,2022-06-28,002929,润建股份,AI,0.018518518518518517,0.24797297297297294,0.004592092092092091,0.00902516017117469
research_universe_v1_2__cost_0,research_universe_v1_2,0.0,14,2022-05-30,2022-06-28,002935,天奥电子,商业航天,0.018518518518518517,0.05339805825242716,0.0009888529306005028,0.0019434619135303816
research_universe_v1_2__cost_0,research_universe_v1_2,0.0,14,2022-05-30,2022-06-28,002987,京北方,AI,0.018518518518518517,0.02977232924693518,0.0005513394304987996,0.0010835859928647342
research_universe_v1_2__cost_0,research_universe_v1_2,0.0,14,2022-05-30,2022-06-28,300002,神州泰岳,AI,0.018518518518518517,0.06824146981627299,0.0012637309225235738,0.00248369888066541
research_universe_v1_2__cost_0,research_universe_v1_2,0.0,14,2022-05-30,2022-06-28,300017,网宿科技,AI,0.018518518518518517,0.08207343412527002,0.0015198784097272225,0.0029871234751847327
research_universe_v1_2__cost_0,research_universe_v1_2,0.0,14,2022-05-30,2022-06-28,300033,同花顺,AI,0.018518518518518517,0.1823550465282746,0.003376945306079159,0.006636947096323553
research_universe_v1_2__cost_0,research_universe_v1_2,0.0,14,2022-05-30,2022-06-28,300047,天源迪科,AI,0.018518518518518517,0.10015408320493058,0.0018547052445357514,0.0036451821014388294
research_universe_v1_2__cost_0,research_universe_v1_2,0.0,14,2022-05-30,2022-06-28,300058,蓝色光标,AI,0.018518518518518517,0.09447004608294929,0.001749445297832394,0.0034383073568658583
research_universe_v1_2__cost_0,research_universe_v1_2,0.0,14,2022-05-30,2022-06-28,300101,振芯科技,商业航天,0.018518518518518517,0.21263035921205087,0.003937599244667608,0.007738839544228584
research_universe_v1_2__cost_0,research_universe_v1_2,0.0,14,2022-05-30,2022-06-28,300113,顺网科技,AI,0.018518518518518517,0.31024096385542155,0.005745203034359658,0.011291449857964854
research_universe_v1_2__cost_0,research_universe_v1_2,0.0,14,2022-05-30,2022-06-28,300133,华策影视,AI,0.018518518518518517,0.1131639722863742,0.002095629116414337,0.004118686658655405
research_universe_v1_2__cost_0,research_universe_v1_2,0.0,14,2022-05-30,2022-06-28,300170,汉得信息,AI,0.018518518518518517,0.05924170616113744,0.0010970686326136562,0.0021561458110041943
research_universe_v1_2__cost_0,research_universe_v1_2,0.0,14,2022-05-30,2022-06-28,300182,捷成股份,AI,0.018518518518518517,0.03992015968063867,0.0007392622163081234,0.0014529238039820659
research_universe_v1_2__cost_0,research_universe_v1_2,0.0,14,2022-05-30,2022-06-28,300339,润和软件,AI,0.018518518518518517,0.2017139090309823,0.0037354427598330054,0.00734152724763596
research_universe_v1_2__cost_0,research_universe_v1_2,0.0,14,2022-05-30,2022-06-28,300348,长亮科技,AI,0.018518518518518517,0.08213096559378474,0.00152094380729231,0.002989217375628814
research_universe_v1_2__cost_0,research_universe_v1_2,0.0,14,2022-05-30,2022-06-28,300378,鼎捷数智,AI,0.018518518518518517,0.13288135593220352,0.0024607658505963613,0.004836315452739773
research_universe_v1_2__cost_0,research_universe_v1_2,0.0,14,2022-05-30,2022-06-28,300413,芒果超媒,AI,0.018518518518518517,-0.067357512953368,-0.0012473613509882964,-0.0024515266153718207
research_universe_v1_2__cost_0,research_universe_v1_2,0.0,14,2022-05-30,2022-06-28,300454,深信服,AI,0.018518518518518517,0.11841960048559774,0.002192955564548106,0.004309969142909464
research_universe_v1_2__cost_0,research_universe_v1_2,0.0,14,2022-05-30,2022-06-28,300458,全志科技,AI,0.018518518518518517,0.40114848236259215,0.007428675599307262,0.014600096382845068
research_universe_v1_2__cost_0,research_universe_v1_2,0.0,14,2022-05-30,2022-06-28,300496,中科创达,AI,0.018518518518518517,0.2675123589217423,0.004953932572624857,0.009736310607126692
research_universe_v1_2__cost_0,research_universe_v1_2,0.0,14,2022-05-30,2022-06-28,300627,华测导航,商业航天,0.018518518518518517,0.33533293341331727,0.006209869137283653,0.012204690690444329
research_universe_v1_2__cost_0,research_universe_v1_2,0.0,14,2022-05-30,2022-06-28,300629,新劲刚,商业航天,0.018518518518518517,0.10449826989619382,0.0019351531462258114,0.0038032919963684247
research_universe_v1_2__cost_0,research_universe_v1_2,0.0,14,2022-05-30,2022-06-28,300634,彩讯股份,AI,0.018518518518518517,0.0917917034421889,0.001699846360040535,0.0033408270910274354
research_universe_v1_2__cost_0,research_universe_v1_2,0.0,14,2022-05-30,2022-06-28,300674,宇信科技,AI,0.018518518518518517,0.06196581196581197,0.0011475150364039252,0.002255291661117037
research_universe_v1_2__cost_0,research_universe_v1_2,0.0,14,2022-05-30,2022-06-28,300857,协创数据,AI,0.018518518518518517,0.10526315789473695,0.0019493177387914248,0.003831130662079036
research_universe_v1_2__cost_0,research_universe_v1_2,0.0,14,2022-05-30,2022-06-28,300996,普联软件,AI,0.018518518518518517,0.24044389642416775,0.004452664748595699,0.008751133848953648
research_universe_v1_2__cost_0,research_universe_v1_2,0.0,14,2022-05-30,2022-06-28,301050,雷电微力,商业航天,0.018518518518518517,0.15412242348532157,0.002854118953431881,0.005609399852121178
research_universe_v1_2__cost_0,research_universe_v1_2,0.0,14,2022-05-30,2022-06-28,301110,青木科技,AI,0.018518518518518517,-0.026899480887210947,-0.0004981385349483509,-0.0009790265471995262
research_universe_v1_2__cost_0,research_universe_v1_2,0.0,15,2022-06-28,2022-07-26,000063,中兴通讯,AI,0.018518518518518517,-0.034439834024896365,-0.0006377747041647475,-0.0012741559440716595
research_universe_v1_2__cost_0,research_universe_v1_2,0.0,15,2022-06-28,2022-07-26,000681,视觉中国,AI,0.018518518518518517,-0.10138888888888897,-0.0018775720164609067,-0.003751041754359548
research_universe_v1_2__cost_0,research_universe_v1_2,0.0,15,2022-06-28,2022-07-26,000901,航天科技,商业航天,0.018518518518518517,0.011752136752136932,0.00021763216207660986,0.00043478882295000667
research_universe_v1_2__cost_0,research_universe_v1_2,0.0,15,2022-06-28,2022-07-26,000938,紫光股份,AI,0.018518518518518517,0.008985200845665897,0.00016639260825307217,0.0003324216678253099
research_universe_v1_2__cost_0,research_universe_v1_2,0.0,15,2022-06-28,2022-07-26,000977,浪潮信息,AI,0.018518518518518517,-0.06209275584515139,-0.001149865848984285,-0.002297219373551496
research_universe_v1_2__cost_0,research_universe_v1_2,0.0,15,2022-06-28,2022-07-26,001208,华菱线缆,商业航天,0.018518518518518517,-0.07318894697535472,-0.001355350869913976,-0.0027077404543117372
research_universe_v1_2__cost_0,research_universe_v1_2,0.0,15,2022-06-28,2022-07-26,002015,协鑫能科,AI,0.018518518518518517,0.01573316551290116,0.00029135491690557703,0.0005820732568813992
research_universe_v1_2__cost_0,research_universe_v1_2,0.0,15,2022-06-28,2022-07-26,002044,美年健康,AI,0.018518518518518517,-0.0434782608695653,-0.0008051529790660241,-0.0016085467916252994
research_universe_v1_2__cost_0,research_universe_v1_2,0.0,15,2022-06-28,2022-07-26,002049,紫光国微,AI|商业航天,0.018518518518518517,0.1238666276689091,0.0022938264383131316,0.0045826411301041845
research_universe_v1_2__cost_0,research_universe_v1_2,0.0,15,2022-06-28,2022-07-26,002065,东华软件,AI,0.018518518518518517,-0.006611570247933907,-0.00012243648607285012,-0.0002446054625281451
research_universe_v1_2__cost_0,research_universe_v1_2,0.0,15,2022-06-28,2022-07-26,002131,利欧股份,AI,0.018518518518518517,-0.015625,-0.00028935185185185184,-0.0005780715032403409
research_universe_v1_2__cost_0,research_universe_v1_2,0.0,15,2022-06-28,2022-07-26,002212,天融信,AI,0.018518518518518517,-0.12258687258687251,-0.0022701272701272685,-0.004535294573684834
research_universe_v1_2__cost_0,research_universe_v1_2,0.0,15,2022-06-28,2022-07-26,002230,科大讯飞,AI,0.018518518518518517,-0.025886194029850706,-0.0004793739635157538,-0.0009577005501444438
research_universe_v1_2__cost_0,research_universe_v1_2,0.0,15,2022-06-28,2022-07-26,002236,大华股份,AI,0.018518518518518517,-0.10365853658536583,-0.0019196025293586264,-0.003835010948326163
research_universe_v1_2__cost_0,research_universe_v1_2,0.0,15,2022-06-28,2022-07-26,002279,久其软件,AI,0.018518518518518517,0.026490066225165476,0.0004905567819475088,0.0009800417538379255
research_universe_v1_2__cost_0,research_universe_v1_2,0.0,15,2022-06-28,2022-07-26,002315,焦点科技,AI,0.018518518518518517,-0.03645833333333326,-0.0006751543209876529,-0.0013488335075607925
research_universe_v1_2__cost_0,research_universe_v1_2,0.0,15,2022-06-28,2022-07-26,002361,神剑股份,商业航天,0.018518518518518517,0.1578947368421053,0.002923976608187135,0.0058415646643234466
research_universe_v1_2__cost_0,research_universe_v1_2,0.0,15,2022-06-28,2022-07-26,002373,千方科技,AI,0.018518518518518517,-0.006930693069306937,-0.00012834616795012846,-0.0002564119143085871
research_universe_v1_2__cost_0,research_universe_v1_2,0.0,15,2022-06-28,2022-07-26,002396,星网锐捷,AI,0.018518518518518517,0.0108108108108107,0.00020020020020019815,0.0003999629860257453
research_universe_v1_2__cost_0,research_universe_v1_2,0.0,15,2022-06-28,2022-07-26,002410,广联达,AI,0.018518518518518517,-0.148974824811835,-0.0027587930520710183,-0.005511558459132409
research_universe_v1_2__cost_0,research_universe_v1_2,0.0,15,2022-06-28,2022-07-26,002446,盛路通信,商业航天,0.018518518518518517,0.14025245441795242,0.002597267674406526,0.005188860618146121
research_universe_v1_2__cost_0,research_universe_v1_2,0.0,15,2022-06-28,2022-07-26,002544,普天科技,商业航天,0.018518518518518517,0.01118760757314985,0.0002071779180212935,0.0004139031761583203
research_universe_v1_2__cost_0,research_universe_v1_2,0.0,15,2022-06-28,2022-07-26,002558,巨人网络,AI,0.018518518518518517,-0.06425233644859818,-0.0011898580823814476,-0.0023771164619228987
research_universe_v1_2__cost_0,research_universe_v1_2,0.0,15,2022-06-28,2022-07-26,002757,南兴股份,AI,0.018518518518518517,-0.15839041095890405,-0.002933155758498223,-0.005859902909559617
research_universe_v1_2__cost_0,research_universe_v1_2,0.0,15,2022-06-28,2022-07-26,002792,通宇通讯,商业航天,0.018518518518518517,0.059633027522935755,0.0011043153244988102,0.00220621784722919
research_universe_v1_2__cost_0,research_universe_v1_2,0.0,15,2022-06-28,2022-07-26,002881,美格智能,AI,0.018518518518518517,-0.0377415458937197,-0.0006989175165503647,-0.001396307978841399
research_universe_v1_2__cost_0,research_universe_v1_2,0.0,15,2022-06-28,2022-07-26,002929,润建股份,AI,0.018518518518518517,-0.005955603681645827,-0.00011028895706751531,-0.00022033694546897355
research_universe_v1_2__cost_0,research_universe_v1_2,0.0,15,2022-06-28,2022-07-26,002935,天奥电子,商业航天,0.018518518518518517,-0.10401579986833442,-0.001926218516080267,-0.0038482284666006097
research_universe_v1_2__cost_0,research_universe_v1_2,0.0,15,2022-06-28,2022-07-26,002987,京北方,AI,0.018518518518518517,0.006802721088435382,0.00012597631645250705,0.00025167738916586296
research_universe_v1_2__cost_0,research_universe_v1_2,0.0,15,2022-06-28,2022-07-26,300002,神州泰岳,AI,0.018518518518518517,0.027027027027026973,0.0005005005005004995,0.0009999074650643715
research_universe_v1_2__cost_0,research_universe_v1_2,0.0,15,2022-06-28,2022-07-26,300017,网宿科技,AI,0.018518518518518517,-0.02594810379241519,-0.00048052044060028126,-0.0009599909993931417
research_universe_v1_2__cost_0,research_universe_v1_2,0.0,15,2022-06-28,2022-07-26,300033,同花顺,AI,0.018518518518518517,-0.11124564855456331,-0.0020601046028622836,-0.004115708114488517
research_universe_v1_2__cost_0,research_universe_v1_2,0.0,15,2022-06-28,2022-07-26,300047,天源迪科,AI,0.018518518518518517,-0.019607843137254832,-0.00036310820624545985,-0.0007254230628898369
research_universe_v1_2__cost_0,research_universe_v1_2,0.0,15,2022-06-28,2022-07-26,300058,蓝色光标,AI,0.018518518518518517,-0.09684210526315784,-0.0017933723196881081,-0.0035828263274517106
research_universe_v1_2__cost_0,research_universe_v1_2,0.0,15,2022-06-28,2022-07-26,300101,振芯科技,商业航天,0.018518518518518517,0.04491161012900147,0.0008316964838703975,0.0016615758067338236
research_universe_v1_2__cost_0,research_universe_v1_2,0.0,15,2022-06-28,2022-07-26,300113,顺网科技,AI,0.018518518518518517,0.029885057471264354,0.0005534269902085991,0.001105644806197617
research_universe_v1_2__cost_0,research_universe_v1_2,0.0,15,2022-06-28,2022-07-26,300133,华策影视,AI,0.018518518518518517,-0.047717842323651505,-0.0008836637467342871,-0.0017653967899788022
research_universe_v1_2__cost_0,research_universe_v1_2,0.0,15,2022-06-28,2022-07-26,300170,汉得信息,AI,0.018518518518518517,-0.055928411633109576,-0.0010357113265390661,-0.0020691597431421577
research_universe_v1_2__cost_0,research_universe_v1_2,0.0,15,2022-06-28,2022-07-26,300182,捷成股份,AI,0.018518518518518517,0.051823416506717956,0.0009596928982725547,0.0019172889781176796
research_universe_v1_2__cost_0,research_universe_v1_2,0.0,15,2022-06-28,2022-07-26,300339,润和软件,AI,0.018518518518518517,0.24190894130554041,0.004479795209361859,0.00894980258225748
research_universe_v1_2__cost_0,research_universe_v1_2,0.0,15,2022-06-28,2022-07-26,300348,长亮科技,AI,0.018518518518518517,-0.01333333333333342,-0.00024691358024691516,-0.000493287682765094
research_universe_v1_2__cost_0,research_universe_v1_2,0.0,15,2022-06-28,2022-07-26,300378,鼎捷数智,AI,0.018518518518518517,0.028126870137642035,0.0005208679655118895,0.0010405978945224052
research_universe_v1_2__cost_0,research_universe_v1_2,0.0,15,2022-06-28,2022-07-26,300413,芒果超媒,AI,0.018518518518518517,-0.0712962962962963,-0.0013203017832647463,-0.00263771885923
research_universe_v1_2__cost_0,research_universe_v1_2,0.0,15,2022-06-28,2022-07-26,300454,深信服,AI,0.018518518518518517,-0.06502861653838565,-0.0012042336395997342,-0.002405836167422994
research_universe_v1_2__cost_0,research_universe_v1_2,0.0,15,2022-06-28,2022-07-26,300458,全志科技,AI,0.018518518518518517,-0.06908665105386402,-0.0012793824269234078,-0.0025559695506270756
research_universe_v1_2__cost_0,research_universe_v1_2,0.0,15,2022-06-28,2022-07-26,300496,中科创达,AI,0.018518518518518517,-0.012951652071528374,-0.00023984540873200693,-0.0004791667828757941
research_universe_v1_2__cost_0,research_universe_v1_2,0.0,15,2022-06-28,2022-07-26,300627,华测导航,商业航天,0.018518518518518517,-0.013477088948787075,-0.0002495757212738347,-0.0004986061483474643
research_universe_v1_2__cost_0,research_universe_v1_2,0.0,15,2022-06-28,2022-07-26,300629,新劲刚,商业航天,0.018518518518518517,0.013784461152882121,0.00025526779912744666,0.0005099778675202976
research_universe_v1_2__cost_0,research_universe_v1_2,0.0,15,2022-06-28,2022-07-26,300634,彩讯股份,AI,0.018518518518518517,0.017784963621665373,0.00032935117817898835,0.0006579827619744562
research_universe_v1_2__cost_0,research_universe_v1_2,0.0,15,2022-06-28,2022-07-26,300674,宇信科技,AI,0.018518518518518517,-0.03152246814218651,-0.0005837494100404909,-0.0011662233948671686
research_universe_v1_2__cost_0,research_universe_v1_2,0.0,15,2022-06-28,2022-07-26,300857,协创数据,AI,0.018518518518518517,-0.06535947712418311,-0.0012103606874848724,-0.002418076876299469
research_universe_v1_2__cost_0,research_universe_v1_2,0.0,15,2022-06-28,2022-07-26,300996,普联软件,AI,0.018518518518518517,0.05367793240556651,0.0009940357852882685,0.001985899716897231
research_universe_v1_2__cost_0,research_universe_v1_2,0.0,15,2022-06-28,2022-07-26,301050,雷电微力,商业航天,0.018518518518518517,-0.08307400892977945,-0.0015384075727736934,-0.003073453902223303
research_universe_v1_2__cost_0,research_universe_v1_2,0.0,15,2022-06-28,2022-07-26,301110,青木科技,AI,0.018518518518518517,-0.02521823472356932,-0.0004670043467327652,-0.0009329883427661746
research_universe_v1_2__cost_0,research_universe_v1_2,0.0,16,2022-07-26,2022-08-23,000063,中兴通讯,AI,0.018518518518518517,-0.003437902879243615,-6.366486813414101e-05,-0.00012380726600106647
research_universe_v1_2__cost_0,research_universe_v1_2,0.0,16,2022-07-26,2022-08-23,000681,视觉中国,AI,0.018518518518518517,-0.0030911901081915882,-5.724426126280719e-05,-0.00011132129365706318
research_universe_v1_2__cost_0,research_universe_v1_2,0.0,16,2022-07-26,2022-08-23,000901,航天科技,商业航天,0.018518518518518517,-0.05913410770855343,-0.0010950760686769152,-0.0021295634169919775
research_universe_v1_2__cost_0,research_universe_v1_2,0.0,16,2022-07-26,2022-08-23,000938,紫光股份,AI,0.018518518518518517,-0.06495547407019375,-0.0012028791494480323,-0.002339205015065229
research_universe_v1_2__cost_0,research_universe_v1_2,0.0,16,2022-07-26,2022-08-23,000977,浪潮信息,AI,0.018518518518518517,-0.03351042092357992,-0.0006205633504366651,-0.0012067919725545484
research_universe_v1_2__cost_0,research_universe_v1_2,0.0,16,2022-07-26,2022-08-23,001208,华菱线缆,商业航天,0.018518518518518517,-0.02497985495568089,-0.0004625899065866831,-0.0008995854902819349
research_universe_v1_2__cost_0,research_universe_v1_2,0.0,16,2022-07-26,2022-08-23,002015,协鑫能科,AI,0.018518518518518517,-0.08921933085501865,-0.0016522098306484935,-0.0032130056652544888
research_universe_v1_2__cost_0,research_universe_v1_2,0.0,16,2022-07-26,2022-08-23,002044,美年健康,AI,0.018518518518518517,-0.06916996047430823,-0.001280925193968671,-0.0024909789474943152
research_universe_v1_2__cost_0,research_universe_v1_2,0.0,16,2022-07-26,2022-08-23,002049,紫光国微,AI|商业航天,0.018518518518518517,0.10234222511385838,0.0018952263909973771,0.003685593087667508
research_universe_v1_2__cost_0,research_universe_v1_2,0.0,16,2022-07-26,2022-08-23,002065,东华软件,AI,0.018518518518518517,-0.0266222961730449,-0.0004930054846860167,-0.0009587338036089364
research_universe_v1_2__cost_0,research_universe_v1_2,0.0,16,2022-07-26,2022-08-23,002131,利欧股份,AI,0.018518518518518517,0.015873015873015817,0.00029394473838918175,0.0005716260079057234
research_universe_v1_2__cost_0,research_universe_v1_2,0.0,16,2022-07-26,2022-08-23,002212,天融信,AI,0.018518518518518517,0.12761276127612753,0.00236319928289125,0.004595646717024245
research_universe_v1_2__cost_0,research_universe_v1_2,0.0,16,2022-07-26,2022-08-23,002230,科大讯飞,AI,0.018518518518518517,-0.06104859947330632,-0.001130529619876043,-0.002198508933925185
research_universe_v1_2__cost_0,research_universe_v1_2,0.0,16,2022-07-26,2022-08-23,002236,大华股份,AI,0.018518518518518517,0.0075585789871503994,0.0001399736849472296,0.0002722028609074877
research_universe_v1_2__cost_0,research_universe_v1_2,0.0,16,2022-07-26,2022-08-23,002279,久其软件,AI,0.018518518518518517,0.04516129032258065,0.0008363201911589009,0.0016263681902349996
research_universe_v1_2__cost_0,research_universe_v1_2,0.0,16,2022-07-26,2022-08-23,002315,焦点科技,AI,0.018518518518518517,0.006486486486486642,0.000120120120120123,0.00023359419566310207
research_universe_v1_2__cost_0,research_universe_v1_2,0.0,16,2022-07-26,2022-08-23,002361,神剑股份,商业航天,0.018518518518518517,-0.006493506493506551,-0.00012025012025012131,-0.00023384700323416248
research_universe_v1_2__cost_0,research_universe_v1_2,0.0,16,2022-07-26,2022-08-23,002373,千方科技,AI,0.018518518518518517,0.011964107676969205,0.00022155754957350378,0.0004308566919010294
research_universe_v1_2__cost_0,research_universe_v1_2,0.0,16,2022-07-26,2022-08-23,002396,星网锐捷,AI,0.018518518518518517,-0.06001188354129516,-0.0011113311766906512,-0.0021611742651836733
research_universe_v1_2__cost_0,research_universe_v1_2,0.0,16,2022-07-26,2022-08-23,002410,广联达,AI,0.018518518518518517,0.06038426349496806,0.0011182271017586677,0.0021745845753632295
research_universe_v1_2__cost_0,research_universe_v1_2,0.0,16,2022-07-26,2022-08-23,002446,盛路通信,商业航天,0.018518518518518517,0.07011070110701079,0.001298346316796496,0.0025248573116721427
research_universe_v1_2__cost_0,research_universe_v1_2,0.0,16,2022-07-26,2022-08-23,002544,普天科技,商业航天,0.018518518518518517,-0.06468085106382981,-0.0011977935382190706,-0.0023293151709383956
research_universe_v1_2__cost_0,research_universe_v1_2,0.0,16,2022-07-26,2022-08-23,002558,巨人网络,AI,0.018518518518518517,0.01872659176029967,0.0003467887363018457,0.0006743902340460822
research_universe_v1_2__cost_0,research_universe_v1_2,0.0,16,2022-07-26,2022-08-23,002757,南兴股份,AI,0.018518518518518517,0.04883011190233977,0.0009042613315248105,0.0017584914017364328
research_universe_v1_2__cost_0,research_universe_v1_2,0.0,16,2022-07-26,2022-08-23,002792,通宇通讯,商业航天,0.018518518518518517,0.10822510822510822,0.0020041686708353375,0.0038974500539026738
research_universe_v1_2__cost_0,research_universe_v1_2,0.0,16,2022-07-26,2022-08-23,002881,美格智能,AI,0.018518518518518517,0.27455287103859427,0.005084312426640634,0.009887318382743367
research_universe_v1_2__cost_0,research_universe_v1_2,0.0,16,2022-07-26,2022-08-23,002929,润建股份,AI,0.018518518518518517,0.0,0.0,0.0
research_universe_v1_2__cost_0,research_universe_v1_2,0.0,16,2022-07-26,2022-08-23,002935,天奥电子,商业航天,0.018518518518518517,-0.006612784717119791,-0.00012245897624295907,-0.00023814250292619217
research_universe_v1_2__cost_0,research_universe_v1_2,0.0,16,2022-07-26,2022-08-23,002987,京北方,AI,0.018518518518518517,0.21621621621621623,0.004004004004004004,0.007786473188769882
research_universe_v1_2__cost_0,research_universe_v1_2,0.0,16,2022-07-26,2022-08-23,300002,神州泰岳,AI,0.018518518518518517,0.031100478468899517,0.0005759347864611021,0.001120004068121505
research_universe_v1_2__cost_0,research_universe_v1_2,0.0,16,2022-07-26,2022-08-23,300017,网宿科技,AI,0.018518518518518517,-0.008196721311475419,-0.00015179113539769295,-0.000295183922115252
research_universe_v1_2__cost_0,research_universe_v1_2,0.0,16,2022-07-26,2022-08-23,300033,同花顺,AI,0.018518518518518517,-0.023841961852861027,-0.000441517812090019,-0.0008586071848992671
research_universe_v1_2__cost_0,research_universe_v1_2,0.0,16,2022-07-26,2022-08-23,300047,天源迪科,AI,0.018518518518518517,-0.0071428571428571175,-0.0001322751322751318,-0.00025723170355757555
research_universe_v1_2__cost_0,research_universe_v1_2,0.0,16,2022-07-26,2022-08-23,300058,蓝色光标,AI,0.018518518518518517,0.006993006993007089,0.00012950012950013127,0.0002518352342521762
research_universe_v1_2__cost_0,research_universe_v1_2,0.0,16,2022-07-26,2022-08-23,300101,振芯科技,商业航天,0.018518518518518517,0.20667581161408322,0.0038273298447052445,0.007442899954788951
research_universe_v1_2__cost_0,research_universe_v1_2,0.0,16,2022-07-26,2022-08-23,300113,顺网科技,AI,0.018518518518518517,0.0014880952380953438,2.7557319223987847e-05,5.3589938241165565e-05
research_universe_v1_2__cost_0,research_universe_v1_2,0.0,16,2022-07-26,2022-08-23,300133,华策影视,AI,0.018518518518518517,0.04139433551198257,0.0007665617687404179,0.0014907109617933623
research_universe_v1_2__cost_0,research_universe_v1_2,0.0,16,2022-07-26,2022-08-23,300170,汉得信息,AI,0.018518518518518517,0.06753554502369674,0.0012506582411795691,0.0024321196615988885
research_universe_v1_2__cost_0,research_universe_v1_2,0.0,16,2022-07-26,2022-08-23,300182,捷成股份,AI,0.018518518518518517,0.054744525547445244,0.0010137875101378748,0.0019714838593828847
research_universe_v1_2__cost_0,research_universe_v1_2,0.0,16,2022-07-26,2022-08-23,300339,润和软件,AI,0.018518518518518517,-0.11130742049469966,-0.0020612485276796234,-0.004008451634943153
research_universe_v1_2__cost_0,research_universe_v1_2,0.0,16,2022-07-26,2022-08-23,300348,长亮科技,AI,0.018518518518518517,0.1839916839916842,0.003407253407253411,0.006625989203905147
research_universe_v1_2__cost_0,research_universe_v1_2,0.0,16,2022-07-26,2022-08-23,300378,鼎捷数智,AI,0.018518518518518517,0.1041909196740396,0.0019294614754451775,0.0037521690868177336
research_universe_v1_2__cost_0,research_universe_v1_2,0.0,16,2022-07-26,2022-08-23,300413,芒果超媒,AI,0.018518518518518517,-0.07377866400797606,-0.0013662715557032602,-0.0026569496000563224
research_universe_v1_2__cost_0,research_universe_v1_2,0.0,16,2022-07-26,2022-08-23,300454,深信服,AI,0.018518518518518517,0.042005277044854905,0.0007778755008306463,0.0015127124561718382
research_universe_v1_2__cost_0,research_universe_v1_2,0.0,16,2022-07-26,2022-08-23,300458,全志科技,AI,0.018518518518518517,0.028301886792452935,0.0005241090146750543,0.0010192199574922877
research_universe_v1_2__cost_0,research_universe_v1_2,0.0,16,2022-07-26,2022-08-23,300496,中科创达,AI,0.018518518518518517,-0.04234697681353916,-0.0007842032743247992,-0.0015250178980763815
research_universe_v1_2__cost_0,research_universe_v1_2,0.0,16,2022-07-26,2022-08-23,300627,华测导航,商业航天,0.018518518518518517,-0.021402550091074835,-0.0003963435202050895,-0.000770758018856496
research_universe_v1_2__cost_0,research_universe_v1_2,0.0,16,2022-07-26,2022-08-23,300629,新劲刚,商业航天,0.018518518518518517,0.24103831891223715,0.004463672572448836,0.008680377635502882
research_universe_v1_2__cost_0,research_universe_v1_2,0.0,16,2022-07-26,2022-08-23,300634,彩讯股份,AI,0.018518518518518517,0.030976965845909588,0.0005736475156649923,0.001115556077382346
research_universe_v1_2__cost_0,research_universe_v1_2,0.0,16,2022-07-26,2022-08-23,300674,宇信科技,AI,0.018518518518518517,0.035318559556786644,0.0006540473991997526,0.0012719074538788731
research_universe_v1_2__cost_0,research_universe_v1_2,0.0,16,2022-07-26,2022-08-23,300857,协创数据,AI,0.018518518518518517,0.08291708291708288,0.001535501535501535,0.0029860463489900474
research_universe_v1_2__cost_0,research_universe_v1_2,0.0,16,2022-07-26,2022-08-23,300996,普联软件,AI,0.018518518518518517,0.08962264150943411,0.0016596785464710018,0.0032275298653922377
research_universe_v1_2__cost_0,research_universe_v1_2,0.0,16,2022-07-26,2022-08-23,301050,雷电微力,商业航天,0.018518518518518517,0.029068909546997146,0.0005383131397592064,0.0010468423172669244
research_universe_v1_2__cost_0,research_universe_v1_2,0.0,16,2022-07-26,2022-08-23,301110,青木科技,AI,0.018518518518518517,-0.054726368159204064,-0.0010134512622074826,-0.0019708299675555638
research_universe_v1_2__cost_0,research_universe_v1_2,0.0,17,2022-08-23,2022-09-21,000063,中兴通讯,AI,0.01818181818181818,-0.05993962915049589,-0.0010898114390999252,-0.0023199415604406703
research_universe_v1_2__cost_0,research_universe_v1_2,0.0,17,2022-08-23,2022-09-21,000681,视觉中国,AI,0.01818181818181818,-0.13100775193798442,-0.002381959126145171,-0.005070607422306972
research_universe_v1_2__cost_0,research_universe_v1_2,0.0,17,2022-08-23,2022-09-21,000901,航天科技,商业航天,0.01818181818181818,-0.05499438832772163,-0.0009998979695949387,-0.0021285378118065844
research_universe_v1_2__cost_0,research_universe_v1_2,0.0,17,2022-08-23,2022-09-21,000938,紫光股份,AI,0.01818181818181818,-0.0745098039215687,-0.0013547237076648854,-0.002883874879237593
research_universe_v1_2__cost_0,research_universe_v1_2,0.0,17,2022-08-23,2022-09-21,000977,浪潮信息,AI,0.01818181818181818,-0.1061310782241014,-0.0019296559677109343,-0.004107764807958202
research_universe_v1_2__cost_0,research_universe_v1_2,0.0,17,2022-08-23,2022-09-21,001208,华菱线缆,商业航天,0.01818181818181818,-0.17190082644628102,-0.0031254695717505636,-0.006653359008036616
research_universe_v1_2__cost_0,research_universe_v1_2,0.0,17,2022-08-23,2022-09-21,002015,协鑫能科,AI,0.01818181818181818,-0.11700680272108832,-0.002127396413110697,-0.004528705771692109
research_universe_v1_2__cost_0,research_universe_v1_2,0.0,17,2022-08-23,2022-09-21,002044,美年健康,AI,0.01818181818181818,-0.07855626326963905,-0.001428295695811619,-0.0030404916175669526
research_universe_v1_2__cost_0,research_universe_v1_2,0.0,17,2022-08-23,2022-09-21,002049,紫光国微,AI|商业航天,0.01818181818181818,-0.1084813787404828,-0.0019723887043724144,-0.004198732335197788
research_universe_v1_2__cost_0,research_universe_v1_2,0.0,17,2022-08-23,2022-09-21,002065,东华软件,AI,0.01818181818181818,-0.07521367521367517,-0.0013675213675213667,-0.0029111179617674985
research_universe_v1_2__cost_0,research_universe_v1_2,0.0,17,2022-08-23,2022-09-21,002131,利欧股份,AI,0.01818181818181818,-0.06249999999999989,-0.0011363636363636344,-0.002419039783571001
research_universe_v1_2__cost_0,research_universe_v1_2,0.0,17,2022-08-23,2022-09-21,002212,天融信,AI,0.01818181818181818,-0.01658536585365855,-0.00030155210643015545,-0.0006419305572012818
research_universe_v1_2__cost_0,research_universe_v1_2,0.0,17,2022-08-23,2022-09-21,002230,科大讯飞,AI,0.01818181818181818,-0.1106578276389596,-0.002011960502526538,-0.004282970998754982
research_universe_v1_2__cost_0,research_universe_v1_2,0.0,17,2022-08-23,2022-09-21,002236,大华股份,AI,0.01818181818181818,-0.09827456864216055,-0.0017868103389483737,-0.003803681460138655
research_universe_v1_2__cost_0,research_universe_v1_2,0.0,17,2022-08-23,2022-09-21,002279,久其软件,AI,0.01818181818181818,-0.05144032921810704,-0.0009352787130564916,-0.001990979245737454
research_universe_v1_2__cost_0,research_universe_v1_2,0.0,17,2022-08-23,2022-09-21,002315,焦点科技,AI,0.01818181818181818,-0.05370569280343718,-0.0009764671418806759,-0.002078659319932121
research_universe_v1_2__cost_0,research_universe_v1_2,0.0,17,2022-08-23,2022-09-21,002361,神剑股份,商业航天,0.01818181818181818,-0.15032679738562094,-0.0027332144979203806,-0.005818344054602157
research_universe_v1_2__cost_0,research_universe_v1_2,0.0,17,2022-08-23,2022-09-21,002373,千方科技,AI,0.01818181818181818,-0.13990147783251228,-0.002543663233318405,-0.005414835850515587
research_universe_v1_2__cost_0,research_universe_v1_2,0.0,17,2022-08-23,2022-09-21,002396,星网锐捷,AI,0.01818181818181818,-0.10493046776232617,-0.0019078266865877485,-0.004061295616412509
research_universe_v1_2__cost_0,research_universe_v1_2,0.0,17,2022-08-23,2022-09-21,002410,广联达,AI,0.01818181818181818,-0.08081679608858217,-0.0014693962925196756,-0.003127984718704413
research_universe_v1_2__cost_0,research_universe_v1_2,0.0,17,2022-08-23,2022-09-21,002446,盛路通信,商业航天,0.01818181818181818,-0.16321839080459766,-0.002967607105538139,-0.006317308492268186
research_universe_v1_2__cost_0,research_universe_v1_2,0.0,17,2022-08-23,2022-09-21,002544,普天科技,商业航天,0.01818181818181818,-0.07506824385805289,-0.0013648771610555068,-0.0029054890940070346
research_universe_v1_2__cost_0,research_universe_v1_2,0.0,17,2022-08-23,2022-09-21,002558,巨人网络,AI,0.01818181818181818,-0.07965686274509809,-0.0014483065953654198,-0.0030830899202375574
research_universe_v1_2__cost_0,research_universe_v1_2,0.0,17,2022-08-23,2022-09-21,002757,南兴股份,AI,0.01818181818181818,-0.10960232783705148,-0.0019927695970372995,-0.004242118262557109
research_universe_v1_2__cost_0,research_universe_v1_2,0.0,17,2022-08-23,2022-09-21,002792,通宇通讯,商业航天,0.01818181818181818,-0.12499999999999989,-0.0022727272727272704,-0.004838079567142006
research_universe_v1_2__cost_0,research_universe_v1_2,0.0,17,2022-08-23,2022-09-21,002881,美格智能,AI,0.01818181818181818,-0.04775972427375674,-0.0008683586231592134,-0.00184852276912959
research_universe_v1_2__cost_0,research_universe_v1_2,0.0,17,2022-08-23,2022-09-21,002929,润建股份,AI,0.01818181818181818,-0.08632897603485845,-0.0015696177460883354,-0.0033413316400523274
research_universe_v1_2__cost_0,research_universe_v1_2,0.0,17,2022-08-23,2022-09-21,002935,天奥电子,商业航天,0.01818181818181818,0.11390532544378695,0.0020710059171597625,0.004408664220945972
research_universe_v1_2__cost_0,research_universe_v1_2,0.0,17,2022-08-23,2022-09-21,002987,京北方,AI,0.01818181818181818,0.05555555555555558,0.0010101010101010105,0.00215025758539645
research_universe_v1_2__cost_0,research_universe_v1_2,0.0,17,2022-08-23,2022-09-21,300002,神州泰岳,AI,0.01818181818181818,-0.09048723897911826,-0.0016452225268930591,-0.003502275695935745
research_universe_v1_2__cost_0,research_universe_v1_2,0.0,17,2022-08-23,2022-09-21,300017,网宿科技,AI,0.01818181818181818,-0.07024793388429751,-0.0012772351615326818,-0.002718920748476501
research_universe_v1_2__cost_0,research_universe_v1_2,0.0,17,2022-08-23,2022-09-21,300033,同花顺,AI,0.01818181818181818,-0.06943475226796925,-0.0012624500412358045,-0.002687446849577835
research_universe_v1_2__cost_0,research_universe_v1_2,0.0,17,2022-08-23,2022-09-21,300047,天源迪科,AI,0.01818181818181818,-0.12661870503597117,-0.002302158273381294,-0.004900730957220106
research_universe_v1_2__cost_0,research_universe_v1_2,0.0,17,2022-08-23,2022-09-21,300058,蓝色光标,AI,0.01818181818181818,-0.16898148148148162,-0.003072390572390575,-0.006540366822247538
research_universe_v1_2__cost_0,research_universe_v1_2,0.0,17,2022-08-23,2022-09-21,300101,振芯科技,商业航天,0.01818181818181818,0.04964001515725647,0.0009025457301319357,0.0019212987443595377
research_universe_v1_2__cost_0,research_universe_v1_2,0.0,17,2022-08-23,2022-09-21,300113,顺网科技,AI,0.01818181818181818,-0.2057949479940565,-0.0037417263271646638,-0.00796521866328878
research_universe_v1_2__cost_0,research_universe_v1_2,0.0,17,2022-08-23,2022-09-21,300133,华策影视,AI,0.01818181818181818,0.07112970711297062,0.0012932674020540112,0.0027530494608004707
research_universe_v1_2__cost_0,research_universe_v1_2,0.0,17,2022-08-23,2022-09-21,300170,汉得信息,AI,0.01818181818181818,-0.19200887902330743,-0.0034910705276964987,-0.007431633874500046
research_universe_v1_2__cost_0,research_universe_v1_2,0.0,17,2022-08-23,2022-09-21,300182,捷成股份,AI,0.01818181818181818,-0.1539792387543254,-0.002799622522805916,-0.005959710470251062
research_universe_v1_2__cost_0,research_universe_v1_2,0.0,17,2022-08-23,2022-09-21,300339,润和软件,AI,0.01818181818181818,-0.125248508946322,-0.0022772456172058544,-0.004847698015585629
research_universe_v1_2__cost_0,research_universe_v1_2,0.0,17,2022-08-23,2022-09-21,300348,长亮科技,AI,0.01818181818181818,0.014925373134328401,0.00027137042062415275,0.0005776811423453163
research_universe_v1_2__cost_0,research_universe_v1_2,0.0,17,2022-08-23,2022-09-21,300378,鼎捷数智,AI,0.01818181818181818,-0.1418028465998945,-0.0025782335745435365,-0.00548842763758018
research_universe_v1_2__cost_0,research_universe_v1_2,0.0,17,2022-08-23,2022-09-21,300413,芒果超媒,AI,0.01818181818181818,-0.10764262648008616,-0.0019571386632742938,-0.0041662687338144344
research_universe_v1_2__cost_0,research_universe_v1_2,0.0,17,2022-08-23,2022-09-21,300454,深信服,AI,0.01818181818181818,0.09905803707079919,0.0018010552194690761,0.003834005320907435
research_universe_v1_2__cost_0,research_universe_v1_2,0.0,17,2022-08-23,2022-09-21,300458,全志科技,AI,0.01818181818181818,-0.17737003058103984,-0.003224909646927997,-0.006865042566219858
research_universe_v1_2__cost_0,research_universe_v1_2,0.0,17,2022-08-23,2022-09-21,300496,中科创达,AI,0.01818181818181818,-0.14355780459322687,-0.002610141901695034,-0.005556352648850051
research_universe_v1_2__cost_0,research_universe_v1_2,0.0,17,2022-08-23,2022-09-21,300627,华测导航,商业航天,0.01818181818181818,0.016286644951140072,0.00029612081729345587,0.000630368673243259
research_universe_v1_2__cost_0,research_universe_v1_2,0.0,17,2022-08-23,2022-09-21,300629,新劲刚,商业航天,0.01818181818181818,-0.1528884462151393,-0.002779789931184351,-0.0059174917414844454
research_universe_v1_2__cost_0,research_universe_v1_2,0.0,17,2022-08-23,2022-09-21,300634,彩讯股份,AI,0.01818181818181818,0.0015408320493066618,2.801512816921203e-05,5.9637344433184887e-05
research_universe_v1_2__cost_0,research_universe_v1_2,0.0,17,2022-08-23,2022-09-21,300674,宇信科技,AI,0.01818181818181818,-0.05418060200668884,-0.0009851018546670697,-0.0020970405080321173
research_universe_v1_2__cost_0,research_universe_v1_2,0.0,17,2022-08-23,2022-09-21,300857,协创数据,AI,0.01818181818181818,-0.19280442804428044,-0.0035055350553505533,-0.0074624253102042815
research_universe_v1_2__cost_0,research_universe_v1_2,0.0,17,2022-08-23,2022-09-21,300996,普联软件,AI,0.01818181818181818,-0.05021645021645027,-0.0009130263675718231,-0.0019436094538128961
research_universe_v1_2__cost_0,research_universe_v1_2,0.0,17,2022-08-23,2022-09-21,301050,雷电微力,商业航天,0.01818181818181818,-0.2324347576713507,-0.004226086503115467,-0.008996302814266931
research_universe_v1_2__cost_0,research_universe_v1_2,0.0,17,2022-08-23,2022-09-21,301110,青木科技,AI,0.01818181818181818,-0.04421052631578948,-0.0008038277511961723,-0.0017111523521681218
research_universe_v1_2__cost_0,research_universe_v1_2,0.0,17,2022-08-23,2022-09-21,301171,易点天下,AI,0.01818181818181818,-0.1447212336892052,-0.0026312951579855488,-0.00560138274914662
research_universe_v1_2__cost_0,research_universe_v1_2,0.0,18,2022-09-21,2022-10-26,000063,中兴通讯,AI,0.01818181818181818,-0.03899082568807344,-0.000708924103419517,-0.0014619484530224956
research_universe_v1_2__cost_0,research_universe_v1_2,0.0,18,2022-09-21,2022-10-26,000681,视觉中国,AI,0.01818181818181818,-0.09366636931311334,-0.0017030248966020606,-0.0035119903541674874
research_universe_v1_2__cost_0,research_universe_v1_2,0.0,18,2022-09-21,2022-10-26,000901,航天科技,商业航天,0.01818181818181818,0.02375296912114,0.00043187216583890904,0.0008906099280673516
research_universe_v1_2__cost_0,research_universe_v1_2,0.0,18,2022-09-21,2022-10-26,000938,紫光股份,AI,0.01818181818181818,0.00363196125907983,6.603565925599691e-05,0.00013617921781465487
research_universe_v1_2__cost_0,research_universe_v1_2,0.0,18,2022-09-21,2022-10-26,000977,浪潮信息,AI,0.01818181818181818,0.010879848628192912,0.00019781542960350747,0.000407936420694236
research_universe_v1_2__cost_0,research_universe_v1_2,0.0,18,2022-09-21,2022-10-26,001208,华菱线缆,商业航天,0.01818181818181818,0.012974051896207595,0.00023589185265831988,0.0004864578978355936
research_universe_v1_2__cost_0,research_universe_v1_2,0.0,18,2022-09-21,2022-10-26,002015,协鑫能科,AI,0.01818181818181818,0.0046224961479197635,8.404538450763206e-05,0.00017331900449137817
research_universe_v1_2__cost_0,research_universe_v1_2,0.0,18,2022-09-21,2022-10-26,002044,美年健康,AI,0.01818181818181818,-0.02995391705069117,-0.0005446166736489303,-0.001123112473804754
research_universe_v1_2__cost_0,research_universe_v1_2,0.0,18,2022-09-21,2022-10-26,002049,紫光国微,AI|商业航天,0.01818181818181818,0.05011585567692811,0.0009111973759441474,0.0018790778698793919
research_universe_v1_2__cost_0,research_universe_v1_2,0.0,18,2022-09-21,2022-10-26,002065,东华软件,AI,0.01818181818181818,0.06469500924214411,0.001176272895311711,0.0024257185379061904
research_universe_v1_2__cost_0,research_universe_v1_2,0.0,18,2022-09-21,2022-10-26,002131,利欧股份,AI,0.01818181818181818,-0.03888888888888897,-0.0007070707070707086,-0.0014581263655636149
research_universe_v1_2__cost_0,research_universe_v1_2,0.0,18,2022-09-21,2022-10-26,002212,天融信,AI,0.01818181818181818,0.11011904761904767,0.002002164502164503,0.004128878229019413
research_universe_v1_2__cost_0,research_universe_v1_2,0.0,18,2022-09-21,2022-10-26,002230,科大讯飞,AI,0.01818181818181818,-0.0014334862385322333,-2.6063386155131513e-05,-5.374810489053749e-05
research_universe_v1_2__cost_0,research_universe_v1_2,0.0,18,2022-09-21,2022-10-26,002236,大华股份,AI,0.01818181818181818,-0.09317803660565716,-0.0016941461201028572,-0.0034936804765584007
research_universe_v1_2__cost_0,research_universe_v1_2,0.0,18,2022-09-21,2022-10-26,002279,久其软件,AI,0.01818181818181818,0.20824295010845995,0.0037862354565174534,0.007808002354180111
research_universe_v1_2__cost_0,research_universe_v1_2,0.0,18,2022-09-21,2022-10-26,002315,焦点科技,AI,0.01818181818181818,0.026106696935300544,0.0004746672170054644,0.0009788621944921833
research_universe_v1_2__cost_0,research_universe_v1_2,0.0,18,2022-09-21,2022-10-26,002361,神剑股份,商业航天,0.01818181818181818,0.05384615384615388,0.0009790209790209795,0.002018944198472694
research_universe_v1_2__cost_0,research_universe_v1_2,0.0,18,2022-09-21,2022-10-26,002373,千方科技,AI,0.01818181818181818,0.03436426116838476,0.0006248047485160864,0.001288476906241773
research_universe_v1_2__cost_0,research_universe_v1_2,0.0,18,2022-09-21,2022-10-26,002396,星网锐捷,AI,0.01818181818181818,0.004943502824858781,8.988186954288692e-05,0.0001853550464699515
research_universe_v1_2__cost_0,research_universe_v1_2,0.0,18,2022-09-21,2022-10-26,002410,广联达,AI,0.01818181818181818,0.004380475594493172,7.964501080896676e-05,0.00016424452177813106
research_universe_v1_2__cost_0,research_universe_v1_2,0.0,18,2022-09-21,2022-10-26,002446,盛路通信,商业航天,0.01818181818181818,0.4381868131868132,0.007967032967032966,0.016429673451856863
research_universe_v1_2__cost_0,research_universe_v1_2,0.0,18,2022-09-21,2022-10-26,002544,普天科技,商业航天,0.01818181818181818,0.03295622233152984,0.0005992040423914516,0.0012356829434823412
research_universe_v1_2__cost_0,research_universe_v1_2,0.0,18,2022-09-21,2022-10-26,002558,巨人网络,AI,0.01818181818181818,-0.03595206391478023,-0.0006536738893596405,-0.0013480110589003502
research_universe_v1_2__cost_0,research_universe_v1_2,0.0,18,2022-09-21,2022-10-26,002757,南兴股份,AI,0.01818181818181818,0.10239651416121998,0.0018617548029312722,0.0038393243238929804
research_universe_v1_2__cost_0,research_universe_v1_2,0.0,18,2022-09-21,2022-10-26,002792,通宇通讯,商业航天,0.01818181818181818,-0.02343750000000011,-0.0004261363636363656,-0.0008787815149602165
research_universe_v1_2__cost_0,research_universe_v1_2,0.0,18,2022-09-21,2022-10-26,002881,美格智能,AI,0.01818181818181818,-0.21587383660806625,-0.003924978847419386,-0.008094119986120953
research_universe_v1_2__cost_0,research_universe_v1_2,0.0,18,2022-09-21,2022-10-26,002929,润建股份,AI,0.01818181818181818,0.07839046199701949,0.001425281127218536,0.002939225128625994
research_universe_v1_2__cost_0,research_universe_v1_2,0.0,18,2022-09-21,2022-10-26,002935,天奥电子,商业航天,0.01818181818181818,0.00863213811420982,0.0001569479657129058,0.0003236592387989801
research_universe_v1_2__cost_0,research_universe_v1_2,0.0,18,2022-09-21,2022-10-26,002987,京北方,AI,0.01818181818181818,0.1144736842105265,0.0020813397129186635,0.004292153925700413
research_universe_v1_2__cost_0,research_universe_v1_2,0.0,18,2022-09-21,2022-10-26,300002,神州泰岳,AI,0.01818181818181818,0.061224489795918435,0.0011131725417439715,0.0022955925288756594
research_universe_v1_2__cost_0,research_universe_v1_2,0.0,18,2022-09-21,2022-10-26,300017,网宿科技,AI,0.01818181818181818,0.03777777777777769,0.0006868686868686852,0.0014164656122617907
research_universe_v1_2__cost_0,research_universe_v1_2,0.0,18,2022-09-21,2022-10-26,300033,同花顺,AI,0.01818181818181818,0.04518185226846638,0.0008214882230630251,0.0016940790009681661
research_universe_v1_2__cost_0,research_universe_v1_2,0.0,18,2022-09-21,2022-10-26,300047,天源迪科,AI,0.01818181818181818,0.009884678747940523,0.00017972143178073677,0.00037062284650710137
research_universe_v1_2__cost_0,research_universe_v1_2,0.0,18,2022-09-21,2022-10-26,300058,蓝色光标,AI,0.01818181818181818,-0.08635097493036215,-0.0015700177260065844,-0.0032377019975507186
research_universe_v1_2__cost_0,research_universe_v1_2,0.0,18,2022-09-21,2022-10-26,300101,振芯科技,商业航天,0.01818181818181818,0.08808664259927812,0.001601575319986875,0.003302780297862503
research_universe_v1_2__cost_0,research_universe_v1_2,0.0,18,2022-09-21,2022-10-26,300113,顺网科技,AI,0.01818181818181818,-0.08138447146866223,-0.001479717663066586,-0.0030514845496092662
research_universe_v1_2__cost_0,research_universe_v1_2,0.0,18,2022-09-21,2022-10-26,300133,华策影视,AI,0.01818181818181818,-0.1796875,-0.0032670454545454543,-0.006737324948028295
research_universe_v1_2__cost_0,research_universe_v1_2,0.0,18,2022-09-21,2022-10-26,300170,汉得信息,AI,0.01818181818181818,0.13186813186813184,0.002397602397602397,0.004944353139116798
research_universe_v1_2__cost_0,research_universe_v1_2,0.0,18,2022-09-21,2022-10-26,300182,捷成股份,AI,0.01818181818181818,-0.07770961145194277,-0.0014129020263989594,-0.00291369685669153
research_universe_v1_2__cost_0,research_universe_v1_2,0.0,18,2022-09-21,2022-10-26,300339,润和软件,AI,0.01818181818181818,0.10738636363636345,0.0019524793388429717,0.004026417123090421
research_universe_v1_2__cost_0,research_universe_v1_2,0.0,18,2022-09-21,2022-10-26,300348,长亮科技,AI,0.01818181818181818,0.1167820069204153,0.0021233092167348235,0.0043787037423623065
research_universe_v1_2__cost_0,research_universe_v1_2,0.0,18,2022-09-21,2022-10-26,300378,鼎捷数智,AI,0.01818181818181818,0.11302211302211296,0.0020549475094929627,0.0042377277314379425
research_universe_v1_2__cost_0,research_universe_v1_2,0.0,18,2022-09-21,2022-10-26,300413,芒果超媒,AI,0.01818181818181818,-0.16003216726980296,-0.0029096757685418717,-0.006000354576884205
research_universe_v1_2__cost_0,research_universe_v1_2,0.0,18,2022-09-21,2022-10-26,300454,深信服,AI,0.01818181818181818,0.09280250668141177,0.0016873183032983957,0.0034796001029801073
research_universe_v1_2__cost_0,research_universe_v1_2,0.0,18,2022-09-21,2022-10-26,300458,全志科技,AI,0.01818181818181818,-0.06022304832713743,-0.0010949645150388624,-0.002258043803496274
research_universe_v1_2__cost_0,research_universe_v1_2,0.0,18,2022-09-21,2022-10-26,300496,中科创达,AI,0.01818181818181818,-0.06281247159349157,-0.001142044938063483,-0.0023551333950004834
research_universe_v1_2__cost_0,research_universe_v1_2,0.0,18,2022-09-21,2022-10-26,300627,华测导航,商业航天,0.01818181818181818,0.01098901098901095,0.00019980019980019907,0.0004120294282597318
research_universe_v1_2__cost_0,research_universe_v1_2,0.0,18,2022-09-21,2022-10-26,300629,新劲刚,商业航天,0.01818181818181818,0.03880070546737224,0.0007054673721340408,0.001454819956571408
research_universe_v1_2__cost_0,research_universe_v1_2,0.0,18,2022-09-21,2022-10-26,300634,彩讯股份,AI,0.01818181818181818,0.43999999999999995,0.007999999999999998,0.016497658307519716
research_universe_v1_2__cost_0,research_universe_v1_2,0.0,18,2022-09-21,2022-10-26,300674,宇信科技,AI,0.01818181818181818,0.050212164073550225,0.0009129484377009132,0.0018826889221967027
research_universe_v1_2__cost_0,research_universe_v1_2,0.0,18,2022-09-21,2022-10-26,300857,协创数据,AI,0.01818181818181818,0.03542857142857159,0.000644155844155847,0.001328382876709386
research_universe_v1_2__cost_0,research_universe_v1_2,0.0,18,2022-09-21,2022-10-26,300996,普联软件,AI,0.01818181818181818,0.3272561531449407,0.005950111875362559,0.012270364076405858
research_universe_v1_2__cost_0,research_universe_v1_2,0.0,18,2022-09-21,2022-10-26,301050,雷电微力,商业航天,0.01818181818181818,0.0502521950308239,0.0009136762732877072,0.0018841898700485754
research_universe_v1_2__cost_0,research_universe_v1_2,0.0,18,2022-09-21,2022-10-26,301110,青木科技,AI,0.01818181818181818,-0.00770925110132159,-0.00014016820184221073,-0.0002890558874465311
research_universe_v1_2__cost_0,research_universe_v1_2,0.0,18,2022-09-21,2022-10-26,301171,易点天下,AI,0.01818181818181818,-0.08252427184466016,-0.0015004413062665483,-0.0030942209976592577
research_universe_v1_2__cost_0,research_universe_v1_2,0.0,19,2022-10-26,2022-11-23,000063,中兴通讯,AI,0.01818181818181818,0.10644391408114551,0.0019353438923844636,0.0038219862339440355
research_universe_v1_2__cost_0,research_universe_v1_2,0.0,19,2022-10-26,2022-11-23,000681,视觉中国,AI,0.01818181818181818,0.19586614173228356,0.00356120257695061,0.007032790027110802
research_universe_v1_2__cost_0,research_universe_v1_2,0.0,19,2022-10-26,2022-11-23,000901,航天科技,商业航天,0.01818181818181818,0.022041763341067444,0.0004007593334739535,0.000791433843715957
research_universe_v1_2__cost_0,research_universe_v1_2,0.0,19,2022-10-26,2022-11-23,000938,紫光股份,AI,0.01818181818181818,0.12665862484921608,0.002302884088167565,0.004547817738221754
research_universe_v1_2__cost_0,research_universe_v1_2,0.0,19,2022-10-26,2022-11-23,000977,浪潮信息,AI,0.01818181818181818,0.041179223210107585,0.0007487131492746834,0.001478585465333033
research_universe_v1_2__cost_0,research_universe_v1_2,0.0,19,2022-10-26,2022-11-23,001208,华菱线缆,商业航天,0.01818181818181818,0.05221674876847282,0.0009493954321540513,0.0018749000043560742
research_universe_v1_2__cost_0,research_universe_v1_2,0.0,19,2022-10-26,2022-11-23,002015,协鑫能科,AI,0.01818181818181818,0.13266871165644178,0.002412158393753487,0.004763616539311633
research_universe_v1_2__cost_0,research_universe_v1_2,0.0,19,2022-10-26,2022-11-23,002044,美年健康,AI,0.01818181818181818,0.23990498812351535,0.004361908874973006,0.008614053419377187
research_universe_v1_2__cost_0,research_universe_v1_2,0.0,19,2022-10-26,2022-11-23,002049,紫光国微,AI|商业航天,0.01818181818181818,-0.13024839238431474,-0.002368152588805722,-0.004676712304159521
research_universe_v1_2__cost_0,research_universe_v1_2,0.0,19,2022-10-26,2022-11-23,002065,东华软件,AI,0.01818181818181818,0.00694444444444442,0.0001262626262626258,0.0002493479434514428
research_universe_v1_2__cost_0,research_universe_v1_2,0.0,19,2022-10-26,2022-11-23,002131,利欧股份,AI,0.01818181818181818,0.005780346820809301,0.00010509721492380546,0.00020754973327750416
research_universe_v1_2__cost_0,research_universe_v1_2,0.0,19,2022-10-26,2022-11-23,002212,天融信,AI,0.01818181818181818,0.008936550491510209,0.00016248273620927652,0.0003208767100715605
research_universe_v1_2__cost_0,research_universe_v1_2,0.0,19,2022-10-26,2022-11-23,002230,科大讯飞,AI,0.01818181818181818,-0.053115130634510566,-0.0009657296479001921,-0.001907157396941278
research_universe_v1_2__cost_0,research_universe_v1_2,0.0,19,2022-10-26,2022-11-23,002236,大华股份,AI,0.01818181818181818,-0.016513761467889854,-0.00030025020850708823,-0.0005929448343359082
research_universe_v1_2__cost_0,research_universe_v1_2,0.0,19,2022-10-26,2022-11-23,002279,久其软件,AI,0.01818181818181818,0.08617594254937155,0.0015668353190794828,0.003094242343153281
research_universe_v1_2__cost_0,research_universe_v1_2,0.0,19,2022-10-26,2022-11-23,002315,焦点科技,AI,0.01818181818181818,0.09070796460176989,0.0016492357200321797,0.0032569695976489453
research_universe_v1_2__cost_0,research_universe_v1_2,0.0,19,2022-10-26,2022-11-23,002361,神剑股份,商业航天,0.01818181818181818,0.0024330900243307862,4.423800044237793e-05,8.736278310707107e-05
research_universe_v1_2__cost_0,research_universe_v1_2,0.0,19,2022-10-26,2022-11-23,002373,千方科技,AI,0.01818181818181818,0.007751937984496138,0.00014094432699083886,0.0002783418903644028
research_universe_v1_2__cost_0,research_universe_v1_2,0.0,19,2022-10-26,2022-11-23,002396,星网锐捷,AI,0.01818181818181818,0.0850316233309909,0.0015460295151089253,0.0030531542984525346
research_universe_v1_2__cost_0,research_universe_v1_2,0.0,19,2022-10-26,2022-11-23,002410,广联达,AI,0.01818181818181818,0.1065420560747663,0.001937128292268478,0.0038255101305597174
research_universe_v1_2__cost_0,research_universe_v1_2,0.0,19,2022-10-26,2022-11-23,002446,盛路通信,商业航天,0.01818181818181818,0.038204393505252954,0.0006946253364591445,0.0013717709209936104
research_universe_v1_2__cost_0,research_universe_v1_2,0.0,19,2022-10-26,2022-11-23,002544,普天科技,商业航天,0.01818181818181818,-0.07285714285714295,-0.0013246753246753263,-0.002616016138153436
research_universe_v1_2__cost_0,research_universe_v1_2,0.0,19,2022-10-26,2022-11-23,002558,巨人网络,AI,0.01818181818181818,0.06353591160220984,0.0011551983927674515,0.0022813270406386193
research_universe_v1_2__cost_0,research_universe_v1_2,0.0,19,2022-10-26,2022-11-23,002757,南兴股份,AI,0.01818181818181818,0.038537549407114735,0.0007006827164929951,0.0013837332514064346
research_universe_v1_2__cost_0,research_universe_v1_2,0.0,19,2022-10-26,2022-11-23,002792,通宇通讯,商业航天,0.01818181818181818,0.0,0.0,0.0
research_universe_v1_2__cost_0,research_universe_v1_2,0.0,19,2022-10-26,2022-11-23,002881,美格智能,AI,0.01818181818181818,-0.03725684141114405,-0.0006773971165662554,-0.0013377480170926107
research_universe_v1_2__cost_0,research_universe_v1_2,0.0,19,2022-10-26,2022-11-23,002929,润建股份,AI,0.01818181818181818,-0.012161415146489718,-0.00022111663902708577,-0.0004366690352980487
research_universe_v1_2__cost_0,research_universe_v1_2,0.0,19,2022-10-26,2022-11-23,002935,天奥电子,商业航天,0.01818181818181818,0.16194865042791307,0.0029445209168711467,0.005814945061766913
research_universe_v1_2__cost_0,research_universe_v1_2,0.0,19,2022-10-26,2022-11-23,002987,京北方,AI,0.01818181818181818,0.001180637544273777,2.1466137168614128e-05,4.2392094282177e-05
research_universe_v1_2__cost_0,research_universe_v1_2,0.0,19,2022-10-26,2022-11-23,300002,神州泰岳,AI,0.01818181818181818,0.05288461538461542,0.0009615384615384621,0.0018988804924379187
research_universe_v1_2__cost_0,research_universe_v1_2,0.0,19,2022-10-26,2022-11-23,300017,网宿科技,AI,0.01818181818181818,0.09635974304068529,0.0017519953280124598,0.0034599029412534397
research_universe_v1_2__cost_0,research_universe_v1_2,0.0,19,2022-10-26,2022-11-23,300033,同花顺,AI,0.01818181818181818,0.1323766816143499,0.0024068487566245435,0.004753130878290915
research_universe_v1_2__cost_0,research_universe_v1_2,0.0,19,2022-10-26,2022-11-23,300047,天源迪科,AI,0.01818181818181818,0.040783034257748874,0.0007415097137772523,0.001464359863662642
research_universe_v1_2__cost_0,research_universe_v1_2,0.0,19,2022-10-26,2022-11-23,300058,蓝色光标,AI,0.01818181818181818,0.19207317073170738,0.003492239467849225,0.0068965992164374944
research_universe_v1_2__cost_0,research_universe_v1_2,0.0,19,2022-10-26,2022-11-23,300101,振芯科技,商业航天,0.01818181818181818,-0.1310550763105507,-0.00238281956928274,-0.004705677180994728
research_universe_v1_2__cost_0,research_universe_v1_2,0.0,19,2022-10-26,2022-11-23,300113,顺网科技,AI,0.01818181818181818,0.1089613034623218,0.001981114608405851,0.003912375878513081
research_universe_v1_2__cost_0,research_universe_v1_2,0.0,19,2022-10-26,2022-11-23,300133,华策影视,AI,0.01818181818181818,0.08333333333333326,0.0015151515151515136,0.0029921753214173217
research_universe_v1_2__cost_0,research_universe_v1_2,0.0,19,2022-10-26,2022-11-23,300170,汉得信息,AI,0.01818181818181818,0.06917475728155353,0.0012577228596646096,0.0024837960192347743
research_universe_v1_2__cost_0,research_universe_v1_2,0.0,19,2022-10-26,2022-11-23,300182,捷成股份,AI,0.01818181818181818,0.0509977827050998,0.0009272324128199963,0.0018311316822864345
research_universe_v1_2__cost_0,research_universe_v1_2,0.0,19,2022-10-26,2022-11-23,300339,润和软件,AI,0.01818181818181818,0.015905592611595853,0.0002891925929381064,0.0005711078602192181
research_universe_v1_2__cost_0,research_universe_v1_2,0.0,19,2022-10-26,2022-11-23,300348,长亮科技,AI,0.01818181818181818,-0.11463981409759882,-0.0020843602563199786,-0.004116269071136461
research_universe_v1_2__cost_0,research_universe_v1_2,0.0,19,2022-10-26,2022-11-23,300378,鼎捷数智,AI,0.01818181818181818,-0.09823399558498902,-0.0017860726469998002,-0.0035272000477634706
research_universe_v1_2__cost_0,research_universe_v1_2,0.0,19,2022-10-26,2022-11-23,300413,芒果超媒,AI,0.01818181818181818,0.15653422690282426,0.002846076852778623,0.0056205342083492475
research_universe_v1_2__cost_0,research_universe_v1_2,0.0,19,2022-10-26,2022-11-23,300454,深信服,AI,0.01818181818181818,-0.035166132568730024,-0.000639384228522364,-0.001262678808262128
research_universe_v1_2__cost_0,research_universe_v1_2,0.0,19,2022-10-26,2022-11-23,300458,全志科技,AI,0.01818181818181818,0.07436708860759489,0.0013521288837744525,0.002670232407087611
research_universe_v1_2__cost_0,research_universe_v1_2,0.0,19,2022-10-26,2022-11-23,300496,中科创达,AI,0.01818181818181818,0.14267701260911747,0.002594127501983954,0.005122975632750597
research_universe_v1_2__cost_0,research_universe_v1_2,0.0,19,2022-10-26,2022-11-23,300627,华测导航,商业航天,0.01818181818181818,-0.08288043478260865,-0.00150691699604743,-0.0029759134990183156
research_universe_v1_2__cost_0,research_universe_v1_2,0.0,19,2022-10-26,2022-11-23,300629,新劲刚,商业航天,0.01818181818181818,0.2563667232597622,0.004661213150177494,0.009205130190845822
research_universe_v1_2__cost_0,research_universe_v1_2,0.0,19,2022-10-26,2022-11-23,300634,彩讯股份,AI,0.01818181818181818,-0.05181623931623924,-0.0009421134421134408,-0.001860519270368462
research_universe_v1_2__cost_0,research_universe_v1_2,0.0,19,2022-10-26,2022-11-23,300674,宇信科技,AI,0.01818181818181818,0.03232323232323231,0.0005876951331496783,0.0011606013367921738
research_universe_v1_2__cost_0,research_universe_v1_2,0.0,19,2022-10-26,2022-11-23,300857,协创数据,AI,0.01818181818181818,0.04856512141280356,0.0008830022075055192,0.0017437842932763225
research_universe_v1_2__cost_0,research_universe_v1_2,0.0,19,2022-10-26,2022-11-23,300996,普联软件,AI,0.01818181818181818,0.07417582417582413,0.0013486513486513478,0.002663364846536298
research_universe_v1_2__cost_0,research_universe_v1_2,0.0,19,2022-10-26,2022-11-23,301050,雷电微力,商业航天,0.01818181818181818,0.039309854144432554,0.0007147246208078646,0.0014114637055138274
research_universe_v1_2__cost_0,research_universe_v1_2,0.0,19,2022-10-26,2022-11-23,301110,青木科技,AI,0.01818181818181818,-0.03218645948945609,-0.000585208354353747,-0.0011556903572177875
research_universe_v1_2__cost_0,research_universe_v1_2,0.0,19,2022-10-26,2022-11-23,301171,易点天下,AI,0.01818181818181818,0.013605442176870763,0.0002473716759431048,0.0004885184198232372
research_universe_v1_2__cost_0,research_universe_v1_2,0.0,20,2022-11-23,2022-12-21,000063,中兴通讯,AI,0.017857142857142856,0.025021570319240904,0.0004468137557007304,0.0009414680146518151
research_universe_v1_2__cost_0,research_universe_v1_2,0.0,20,2022-11-23,2022-12-21,000681,视觉中国,AI,0.017857142857142856,-0.014814814814814836,-0.0002645502645502649,-0.0005574260173596156
research_universe_v1_2__cost_0,research_universe_v1_2,0.0,20,2022-11-23,2022-12-21,000901,航天科技,商业航天,0.017857142857142856,-0.0771850170261067,-0.0013783038754661909,-0.002904183223247028
research_universe_v1_2__cost_0,research_universe_v1_2,0.0,20,2022-11-23,2022-12-21,000938,紫光股份,AI,0.017857142857142856,-0.004282655246252598,-7.647598654022496e-05,-0.00016114028339089213
research_universe_v1_2__cost_0,research_universe_v1_2,0.0,20,2022-11-23,2022-12-21,000977,浪潮信息,AI,0.017857142857142856,-0.05303370786516848,-0.0009470304975922942,-0.0019954598778738545
research_universe_v1_2__cost_0,research_universe_v1_2,0.0,20,2022-11-23,2022-12-21,001208,华菱线缆,商业航天,0.017857142857142856,-0.13014981273408244,-0.0023241037988229007,-0.0048970501946409995
research_universe_v1_2__cost_0,research_universe_v1_2,0.0,20,2022-11-23,2022-12-21,002015,协鑫能科,AI,0.017857142857142856,-0.1225457007447528,-0.0021883160847277284,-0.0046109359289716245
research_universe_v1_2__cost_0,research_universe_v1_2,0.0,20,2022-11-23,2022-12-21,002044,美年健康,AI,0.017857142857142856,-0.02490421455938696,-0.00044471811713191,-0.0009370523567683175
research_universe_v1_2__cost_0,research_universe_v1_2,0.0,20,2022-11-23,2022-12-21,002049,紫光国微,AI|商业航天,0.017857142857142856,-0.10271093070455206,-0.0018341237625812867,-0.0038646277903308037
research_universe_v1_2__cost_0,research_universe_v1_2,0.0,20,2022-11-23,2022-12-21,002065,东华软件,AI,0.017857142857142856,-0.04655172413793096,-0.0008312807881773385,-0.0017515670976515454
research_universe_v1_2__cost_0,research_universe_v1_2,0.0,20,2022-11-23,2022-12-21,002131,利欧股份,AI,0.017857142857142856,-0.028735632183908066,-0.0005131362889983583,-0.0010812142578095984
research_universe_v1_2__cost_0,research_universe_v1_2,0.0,20,2022-11-23,2022-12-21,002212,天融信,AI,0.017857142857142856,-0.16031886625332137,-0.0028628368973807384,-0.006032198730815843
research_universe_v1_2__cost_0,research_universe_v1_2,0.0,20,2022-11-23,2022-12-21,002230,科大讯飞,AI,0.017857142857142856,-0.03911461491813206,-0.0006984752663952154,-0.00147173652096993
research_universe_v1_2__cost_0,research_universe_v1_2,0.0,20,2022-11-23,2022-12-21,002236,大华股份,AI,0.017857142857142856,-0.043843283582089554,-0.0007829157782515991,-0.0016496586194714347
research_universe_v1_2__cost_0,research_universe_v1_2,0.0,20,2022-11-23,2022-12-21,002279,久其软件,AI,0.017857142857142856,-0.09256198347107436,-0.0016528925619834706,-0.0034827609018501546
research_universe_v1_2__cost_0,research_universe_v1_2,0.0,20,2022-11-23,2022-12-21,002315,焦点科技,AI,0.017857142857142856,0.1957403651115619,0.0034953636627064622,0.007364977120844202
research_universe_v1_2__cost_0,research_universe_v1_2,0.0,20,2022-11-23,2022-12-21,002361,神剑股份,商业航天,0.017857142857142856,-0.08009708737864074,-0.0014303051317614418,-0.0030137535283217025
research_universe_v1_2__cost_0,research_universe_v1_2,0.0,20,2022-11-23,2022-12-21,002373,千方科技,AI,0.017857142857142856,-0.06153846153846154,-0.001098901098901099,-0.0023154619182630155
research_universe_v1_2__cost_0,research_universe_v1_2,0.0,20,2022-11-23,2022-12-21,002396,星网锐捷,AI,0.017857142857142856,-0.08225388601036265,-0.00146881939304219,-0.0030949057861498026
research_universe_v1_2__cost_0,research_universe_v1_2,0.0,20,2022-11-23,2022-12-21,002410,广联达,AI,0.017857142857142856,0.0884009009009008,0.0015785875160875143,0.0033261949431129005
research_universe_v1_2__cost_0,research_universe_v1_2,0.0,20,2022-11-23,2022-12-21,002446,盛路通信,商业航天,0.017857142857142856,-0.12419503219871197,-0.0022177684321198566,-0.004672994096770457
research_universe_v1_2__cost_0,research_universe_v1_2,0.0,20,2022-11-23,2022-12-21,002544,普天科技,商业航天,0.017857142857142856,-0.14124293785310738,-0.0025221953188054886,-0.005314442962114973
research_universe_v1_2__cost_0,research_universe_v1_2,0.0,20,2022-11-23,2022-12-21,002558,巨人网络,AI,0.017857142857142856,-0.04415584415584417,-0.0007884972170686458,-0.0016614191036887225
research_universe_v1_2__cost_0,research_universe_v1_2,0.0,20,2022-11-23,2022-12-21,002757,南兴股份,AI,0.017857142857142856,-0.07706945765937212,-0.0013762403153459307,-0.0028998351569112252
research_universe_v1_2__cost_0,research_universe_v1_2,0.0,20,2022-11-23,2022-12-21,002792,通宇通讯,商业航天,0.017857142857142856,-0.07999999999999996,-0.0014285714285714277,-0.0030101004937419184
research_universe_v1_2__cost_0,research_universe_v1_2,0.0,20,2022-11-23,2022-12-21,002881,美格智能,AI,0.017857142857142856,-0.03082191780821908,-0.0005503913894324836,-0.0011597133751574142
research_universe_v1_2__cost_0,research_universe_v1_2,0.0,20,2022-11-23,2022-12-21,002929,润建股份,AI,0.017857142857142856,0.0008393956351426812,1.4989207770405022e-05,3.158331519734747e-05
research_universe_v1_2__cost_0,research_universe_v1_2,0.0,20,2022-11-23,2022-12-21,002935,天奥电子,商业航天,0.017857142857142856,-0.15524079320113304,-0.002772157021448804,-0.005841129853295223
research_universe_v1_2__cost_0,research_universe_v1_2,0.0,20,2022-11-23,2022-12-21,002987,京北方,AI,0.017857142857142856,-0.10731132075471694,-0.0019162735849056595,-0.004037723244848387
research_universe_v1_2__cost_0,research_universe_v1_2,0.0,20,2022-11-23,2022-12-21,300002,神州泰岳,AI,0.017857142857142856,-0.07990867579908667,-0.0014269406392694048,-0.0030066643059636724
research_universe_v1_2__cost_0,research_universe_v1_2,0.0,20,2022-11-23,2022-12-21,300017,网宿科技,AI,0.017857142857142856,-0.048828125,-0.0008719308035714285,-0.0018372195396374022
research_universe_v1_2__cost_0,research_universe_v1_2,0.0,20,2022-11-23,2022-12-21,300033,同花顺,AI,0.017857142857142856,0.026136543640107757,0.00046672399357335277,0.000983420286447445
research_universe_v1_2__cost_0,research_universe_v1_2,0.0,20,2022-11-23,2022-12-21,300047,天源迪科,AI,0.017857142857142856,-0.0658307210031348,-0.0011755485893416929,-0.002476963572436533
research_universe_v1_2__cost_0,research_universe_v1_2,0.0,20,2022-11-23,2022-12-21,300058,蓝色光标,AI,0.017857142857142856,-0.10741687979539638,-0.0019181585677749352,-0.004041695036354239
research_universe_v1_2__cost_0,research_universe_v1_2,0.0,20,2022-11-23,2022-12-21,300101,振芯科技,商业航天,0.017857142857142856,-0.09583810614738453,-0.0017113947526318665,-0.003606029132919159
research_universe_v1_2__cost_0,research_universe_v1_2,0.0,20,2022-11-23,2022-12-21,300113,顺网科技,AI,0.017857142857142856,-0.09733700642791554,-0.0017381608290699202,-0.0036624271388503624
research_universe_v1_2__cost_0,research_universe_v1_2,0.0,20,2022-11-23,2022-12-21,300133,华策影视,AI,0.017857142857142856,0.05054945054945059,0.0009026687598116176,0.0019019865757160497
research_universe_v1_2__cost_0,research_universe_v1_2,0.0,20,2022-11-23,2022-12-21,300170,汉得信息,AI,0.017857142857142856,-0.09988649262202054,-0.0017836873682503668,-0.0037583547594961584
research_universe_v1_2__cost_0,research_universe_v1_2,0.0,20,2022-11-23,2022-12-21,300182,捷成股份,AI,0.017857142857142856,-0.07172995780590719,-0.001280892103676914,-0.0026989297675956035
research_universe_v1_2__cost_0,research_universe_v1_2,0.0,20,2022-11-23,2022-12-21,300339,润和软件,AI,0.017857142857142856,-0.10353535353535359,-0.0018488455988455998,-0.003895647734956401
research_universe_v1_2__cost_0,research_universe_v1_2,0.0,20,2022-11-23,2022-12-21,300348,长亮科技,AI,0.017857142857142856,-0.10586176727909002,-0.0018903887014123217,-0.003983181974439764
research_universe_v1_2__cost_0,research_universe_v1_2,0.0,20,2022-11-23,2022-12-21,300378,鼎捷数智,AI,0.017857142857142856,-0.09975520195838428,-0.0017813428921140048,-0.003753414783353218
research_universe_v1_2__cost_0,research_universe_v1_2,0.0,20,2022-11-23,2022-12-21,300413,芒果超媒,AI,0.017857142857142856,0.0906456953642385,0.0016186731315042588,0.0034106581546434244
research_universe_v1_2__cost_0,research_universe_v1_2,0.0,20,2022-11-23,2022-12-21,300454,深信服,AI,0.017857142857142856,-0.09745651603880767,-0.0017402949292644227,-0.003666923838084779
research_universe_v1_2__cost_0,research_universe_v1_2,0.0,20,2022-11-23,2022-12-21,300458,全志科技,AI,0.017857142857142856,0.0272459499263622,0.0004865348201136107,0.0010251630915726311
research_universe_v1_2__cost_0,research_universe_v1_2,0.0,20,2022-11-23,2022-12-21,300496,中科创达,AI,0.017857142857142856,-0.12859689330277568,-0.0022963730946924227,-0.004838619650304526
research_universe_v1_2__cost_0,research_universe_v1_2,0.0,20,2022-11-23,2022-12-21,300627,华测导航,商业航天,0.017857142857142856,-0.010370370370370363,-0.00018518518518518504,-0.00039019821215173007
research_universe_v1_2__cost_0,research_universe_v1_2,0.0,20,2022-11-23,2022-12-21,300629,新劲刚,商业航天,0.017857142857142856,-0.12522522522522517,-0.002236164736164735,-0.0047117564034924175
research_universe_v1_2__cost_0,research_universe_v1_2,0.0,20,2022-11-23,2022-12-21,300634,彩讯股份,AI,0.017857142857142856,-0.19661971830985914,-0.0035110663983903417,-0.0073980638895488025
research_universe_v1_2__cost_0,research_universe_v1_2,0.0,20,2022-11-23,2022-12-21,300674,宇信科技,AI,0.017857142857142856,-0.136986301369863,-0.002446183953033268,-0.005154281667366301
research_universe_v1_2__cost_0,research_universe_v1_2,0.0,20,2022-11-23,2022-12-21,300857,协创数据,AI,0.017857142857142856,-0.06736842105263163,-0.0012030075187969933,-0.00253482146841425
research_universe_v1_2__cost_0,research_universe_v1_2,0.0,20,2022-11-23,2022-12-21,300996,普联软件,AI,0.017857142857142856,-0.17391304347826086,-0.003105590062111801,-0.006543696725525913
research_universe_v1_2__cost_0,research_universe_v1_2,0.0,20,2022-11-23,2022-12-21,301050,雷电微力,商业航天,0.017857142857142856,-0.15608420332021222,-0.002787217916432361,-0.005872864218493563
research_universe_v1_2__cost_0,research_universe_v1_2,0.0,20,2022-11-23,2022-12-21,301110,青木科技,AI,0.017857142857142856,0.030389908256880593,0.000542676933158582,0.0011434584731100988
research_universe_v1_2__cost_0,research_universe_v1_2,0.0,20,2022-11-23,2022-12-21,301165,锐捷网络,AI,0.017857142857142856,-0.1202967673555908,-0.0021481565599212643,-0.00452631698515776
research_universe_v1_2__cost_0,research_universe_v1_2,0.0,20,2022-11-23,2022-12-21,301171,易点天下,AI,0.017857142857142856,0.06413124533929904,0.0011452008096303398,0.0024130186657513528
research_universe_v1_2__cost_0,research_universe_v1_2,0.0,21,2022-12-21,2023-01-19,000063,中兴通讯,AI,0.017857142857142856,0.06649831649831639,0.0011874699374699355,0.00222564117867259
research_universe_v1_2__cost_0,research_universe_v1_2,0.0,21,2022-12-21,2023-01-19,000681,视觉中国,AI,0.017857142857142856,0.040935672514619936,0.0007309941520467846,0.001370081578343424
research_universe_v1_2__cost_0,research_universe_v1_2,0.0,21,2022-12-21,2023-01-19,000901,航天科技,商业航天,0.017857142857142856,0.10332103321033204,0.0018450184501845005,0.0034580656811324727
research_universe_v1_2__cost_0,research_universe_v1_2,0.0,21,2022-12-21,2023-01-19,000938,紫光股份,AI,0.017857142857142856,0.2677419354838708,0.0047811059907834075,0.00896109117116506
research_universe_v1_2__cost_0,research_universe_v1_2,0.0,21,2022-12-21,2023-01-19,000977,浪潮信息,AI,0.017857142857142856,0.11770289511153309,0.002101837412705948,0.0039394141687157025
research_universe_v1_2__cost_0,research_universe_v1_2,0.0,21,2022-12-21,2023-01-19,001208,华菱线缆,商业航天,0.017857142857142856,0.07319698600645874,0.0013070890358296203,0.0024498398574469248
research_universe_v1_2__cost_0,research_universe_v1_2,0.0,21,2022-12-21,2023-01-19,002015,协鑫能科,AI,0.017857142857142856,-0.17052469135802473,-0.003045083774250441,-0.005707314035182569
research_universe_v1_2__cost_0,research_universe_v1_2,0.0,21,2022-12-21,2023-01-19,002044,美年健康,AI,0.017857142857142856,0.24950884086444014,0.004455515015436431,0.008350845253124925
research_universe_v1_2__cost_0,research_universe_v1_2,0.0,21,2022-12-21,2023-01-19,002049,紫光国微,AI|商业航天,0.017857142857142856,0.003796752564827477,6.77991529433478e-05,0.00012707402680975762
research_universe_v1_2__cost_0,research_universe_v1_2,0.0,21,2022-12-21,2023-01-19,002065,东华软件,AI,0.017857142857142856,0.07775768535262206,0.0013885300955825367,0.0026024825227484324
research_universe_v1_2__cost_0,research_universe_v1_2,0.0,21,2022-12-21,2023-01-19,002131,利欧股份,AI,0.017857142857142856,0.035502958579881616,0.0006339814032121717,0.0011882533384449277
research_universe_v1_2__cost_0,research_universe_v1_2,0.0,21,2022-12-21,2023-01-19,002212,天融信,AI,0.017857142857142856,0.1561181434599157,0.0027878239903556374,0.005225139328618949
research_universe_v1_2__cost_0,research_universe_v1_2,0.0,21,2022-12-21,2023-01-19,002230,科大讯飞,AI,0.017857142857142856,0.21110760492268854,0.0037697786593337236,0.0070655890763606875
research_universe_v1_2__cost_0,research_universe_v1_2,0.0,21,2022-12-21,2023-01-19,002236,大华股份,AI,0.017857142857142856,0.08975609756097569,0.0016027874564459943,0.0030040590091287437
research_universe_v1_2__cost_0,research_universe_v1_2,0.0,21,2022-12-21,2023-01-19,002279,久其软件,AI,0.017857142857142856,0.5519125683060109,0.009855581576893051,0.018472036642911194
research_universe_v1_2__cost_0,research_universe_v1_2,0.0,21,2022-12-21,2023-01-19,002315,焦点科技,AI,0.017857142857142856,0.022900763358778775,0.00040894220283533525,0.000766468756477841
research_universe_v1_2__cost_0,research_universe_v1_2,0.0,21,2022-12-21,2023-01-19,002361,神剑股份,商业航天,0.017857142857142856,0.06596306068601576,0.001177911797964567,0.0022077266292567367
research_universe_v1_2__cost_0,research_universe_v1_2,0.0,21,2022-12-21,2023-01-19,002373,千方科技,AI,0.017857142857142856,0.17096018735363017,0.0030528604884576815,0.0057218897097560915
research_universe_v1_2__cost_0,research_universe_v1_2,0.0,21,2022-12-21,2023-01-19,002396,星网锐捷,AI,0.017857142857142856,0.06280875088214533,0.0011215848371811665,0.002102154606392633
research_universe_v1_2__cost_0,research_universe_v1_2,0.0,21,2022-12-21,2023-01-19,002410,广联达,AI,0.017857142857142856,0.1577858251422659,0.0028176040203976055,0.005280955193149152
research_universe_v1_2__cost_0,research_universe_v1_2,0.0,21,2022-12-21,2023-01-19,002446,盛路通信,商业航天,0.017857142857142856,0.10294117647058831,0.0018382352941176483,0.003445352204363608
research_universe_v1_2__cost_0,research_universe_v1_2,0.0,21,2022-12-21,2023-01-19,002544,普天科技,商业航天,0.017857142857142856,0.08193779904306231,0.0014631749829118268,0.0027423873150932494
research_universe_v1_2__cost_0,research_universe_v1_2,0.0,21,2022-12-21,2023-01-19,002558,巨人网络,AI,0.017857142857142856,0.2255434782608694,0.004027562111801239,0.007548745280057522
research_universe_v1_2__cost_0,research_universe_v1_2,0.0,21,2022-12-21,2023-01-19,002757,南兴股份,AI,0.017857142857142856,0.06288659793814455,0.0011229749631811526,0.0021047600800736797
research_universe_v1_2__cost_0,research_universe_v1_2,0.0,21,2022-12-21,2023-01-19,002792,通宇通讯,商业航天,0.017857142857142856,0.09565217391304337,0.0017080745341614887,0.0032013955886508994
research_universe_v1_2__cost_0,research_universe_v1_2,0.0,21,2022-12-21,2023-01-19,002881,美格智能,AI,0.017857142857142856,0.10812720848056534,0.0019308430085815237,0.0036189242134476466
research_universe_v1_2__cost_0,research_universe_v1_2,0.0,21,2022-12-21,2023-01-19,002929,润建股份,AI,0.017857142857142856,0.30192899077439184,0.005391589120971283,0.010105302363850916
research_universe_v1_2__cost_0,research_universe_v1_2,0.0,21,2022-12-21,2023-01-19,002935,天奥电子,商业航天,0.017857142857142856,0.12608987256874582,0.0022516048672990324,0.004220119055340072
research_universe_v1_2__cost_0,research_universe_v1_2,0.0,21,2022-12-21,2023-01-19,002987,京北方,AI,0.017857142857142856,0.10832232496697491,0.0019343272315531235,0.003625454593608505
research_universe_v1_2__cost_0,research_universe_v1_2,0.0,21,2022-12-21,2023-01-19,300002,神州泰岳,AI,0.017857142857142856,0.1389578163771712,0.0024813895781637713,0.004650798012838216
research_universe_v1_2__cost_0,research_universe_v1_2,0.0,21,2022-12-21,2023-01-19,300017,网宿科技,AI,0.017857142857142856,0.09034907597535935,0.0016133763567028453,0.0030239054841466437
research_universe_v1_2__cost_0,research_universe_v1_2,0.0,21,2022-12-21,2023-01-19,300033,同花顺,AI,0.017857142857142856,0.2530101883297313,0.00451803907731663,0.008468032326571968
research_universe_v1_2__cost_0,research_universe_v1_2,0.0,21,2022-12-21,2023-01-19,300047,天源迪科,AI,0.017857142857142856,0.08053691275167796,0.0014381591562799634,0.0026955008617072923
research_universe_v1_2__cost_0,research_universe_v1_2,0.0,21,2022-12-21,2023-01-19,300058,蓝色光标,AI,0.017857142857142856,0.034383954154727725,0.0006139991813344237,0.0011508012274910751
research_universe_v1_2__cost_0,research_universe_v1_2,0.0,21,2022-12-21,2023-01-19,300101,振芯科技,商业航天,0.017857142857142856,0.13935810810810811,0.0024885376447876446,0.004664195431100344
research_universe_v1_2__cost_0,research_universe_v1_2,0.0,21,2022-12-21,2023-01-19,300113,顺网科技,AI,0.017857142857142856,0.07833163784333674,0.0013987792472024418,0.0026216922165452467
research_universe_v1_2__cost_0,research_universe_v1_2,0.0,21,2022-12-21,2023-01-19,300133,华策影视,AI,0.017857142857142856,0.16108786610878645,0.002876569037656901,0.0053914716503430426
research_universe_v1_2__cost_0,research_universe_v1_2,0.0,21,2022-12-21,2023-01-19,300170,汉得信息,AI,0.017857142857142856,0.15889029003783106,0.0028373266078184117,0.005317920678614192
research_universe_v1_2__cost_0,research_universe_v1_2,0.0,21,2022-12-21,2023-01-19,300182,捷成股份,AI,0.017857142857142856,0.05227272727272725,0.000933441558441558,0.0017495230024755443
research_universe_v1_2__cost_0,research_universe_v1_2,0.0,21,2022-12-21,2023-01-19,300339,润和软件,AI,0.017857142857142856,0.13070422535211268,0.002334004024144869,0.004374557454812092
research_universe_v1_2__cost_0,research_universe_v1_2,0.0,21,2022-12-21,2023-01-19,300348,长亮科技,AI,0.017857142857142856,0.06164383561643816,0.0011007827788649671,0.002063165899286223
research_universe_v1_2__cost_0,research_universe_v1_2,0.0,21,2022-12-21,2023-01-19,300378,鼎捷数智,AI,0.017857142857142856,0.13392250169952402,0.0023914732446343573,0.0044822703826021965
research_universe_v1_2__cost_0,research_universe_v1_2,0.0,21,2022-12-21,2023-01-19,300413,芒果超媒,AI,0.017857142857142856,0.1984819734345349,0.0035443209541881227,0.006643020102791387
research_universe_v1_2__cost_0,research_universe_v1_2,0.0,21,2022-12-21,2023-01-19,300454,深信服,AI,0.017857142857142856,0.49699786945574287,0.008874961954566836,0.01663408913519263
research_universe_v1_2__cost_0,research_universe_v1_2,0.0,21,2022-12-21,2023-01-19,300458,全志科技,AI,0.017857142857142856,0.00931899641577072,0.00016641065028161997,0.0003118987556228841
research_universe_v1_2__cost_0,research_universe_v1_2,0.0,21,2022-12-21,2023-01-19,300496,中科创达,AI,0.017857142857142856,0.01646210792908631,0.0002939662130193984,0.0005509725241789342
research_universe_v1_2__cost_0,research_universe_v1_2,0.0,21,2022-12-21,2023-01-19,300627,华测导航,商业航天,0.017857142857142856,0.014970059880239583,0.0002673224978614211,0.0005010349655618609
research_universe_v1_2__cost_0,research_universe_v1_2,0.0,21,2022-12-21,2023-01-19,300629,新劲刚,商业航天,0.017857142857142856,0.00720906282183309,0.0001287332646755909,0.00024128110185038398
research_universe_v1_2__cost_0,research_universe_v1_2,0.0,21,2022-12-21,2023-01-19,300634,彩讯股份,AI,0.017857142857142856,0.25245441795231405,0.004508114606291322,0.00844943117239241
research_universe_v1_2__cost_0,research_universe_v1_2,0.0,21,2022-12-21,2023-01-19,300674,宇信科技,AI,0.017857142857142856,0.0823885109599396,0.0014712234099989213,0.0027574722534006117
research_universe_v1_2__cost_0,research_universe_v1_2,0.0,21,2022-12-21,2023-01-19,300857,协创数据,AI,0.017857142857142856,0.13092550790067725,0.0023379554982263795,0.004381963590457938
research_universe_v1_2__cost_0,research_universe_v1_2,0.0,21,2022-12-21,2023-01-19,300996,普联软件,AI,0.017857142857142856,0.326625386996904,0.0058325961963732855,0.01093186940031159
research_universe_v1_2__cost_0,research_universe_v1_2,0.0,21,2022-12-21,2023-01-19,301050,雷电微力,商业航天,0.017857142857142856,0.16183329953356318,0.002889880348813628,0.005416420662791862
research_universe_v1_2__cost_0,research_universe_v1_2,0.0,21,2022-12-21,2023-01-19,301110,青木科技,AI,0.017857142857142856,0.036727879799666185,0.0006558549964226104,0.0012292503929711338
research_universe_v1_2__cost_0,research_universe_v1_2,0.0,21,2022-12-21,2023-01-19,301165,锐捷网络,AI,0.017857142857142856,0.11927710843373474,0.00212994836488812,0.003992101728016481
research_universe_v1_2__cost_0,research_universe_v1_2,0.0,21,2022-12-21,2023-01-19,301171,易点天下,AI,0.017857142857142856,0.020322354590049052,0.00036289918910801876,0.0006801716435083621
research_universe_v1_2__cost_0,research_universe_v1_2,0.0,22,2023-01-19,2023-02-23,000063,中兴通讯,AI,0.017857142857142856,0.11089187056037875,0.0019802119742924774,0.0034557519879249605
research_universe_v1_2__cost_0,research_universe_v1_2,0.0,22,2023-01-19,2023-02-23,000681,视觉中国,AI,0.017857142857142856,0.2207062600321028,0.003941183214858979,0.006877926154542971
research_universe_v1_2__cost_0,research_universe_v1_2,0.0,22,2023-01-19,2023-02-23,000901,航天科技,商业航天,0.017857142857142856,0.12374581939799323,0.0022097467749641647,0.0038563229136727236
research_universe_v1_2__cost_0,research_universe_v1_2,0.0,22,2023-01-19,2023-02-23,000938,紫光股份,AI,0.017857142857142856,-0.027565733672603843,-0.00049224524415364,-0.0008590380742639121
research_universe_v1_2__cost_0,research_universe_v1_2,0.0,22,2023-01-19,2023-02-23,000977,浪潮信息,AI,0.017857142857142856,0.5677282377919322,0.010138004246284502,0.017692261627802266
research_universe_v1_2__cost_0,research_universe_v1_2,0.0,22,2023-01-19,2023-02-23,001208,华菱线缆,商业航天,0.017857142857142856,0.02407221664994985,0.00042986101160624735,0.0007501687014696925
research_universe_v1_2__cost_0,research_universe_v1_2,0.0,22,2023-01-19,2023-02-23,002015,协鑫能科,AI,0.017857142857142856,0.0018604651162790198,3.322259136212535e-05,5.7978154679477776e-05
research_universe_v1_2__cost_0,research_universe_v1_2,0.0,22,2023-01-19,2023-02-23,002044,美年健康,AI,0.017857142857142856,0.03144654088050314,0.0005615453728661274,0.0009799766710761046
research_universe_v1_2__cost_0,research_universe_v1_2,0.0,22,2023-01-19,2023-02-23,002049,紫光国微,AI|商业航天,0.017857142857142856,-0.11564461612747468,-0.0020650824308477617,-0.003603863024907158
research_universe_v1_2__cost_0,research_universe_v1_2,0.0,22,2023-01-19,2023-02-23,002065,东华软件,AI,0.017857142857142856,0.06375838926174504,0.0011385426653883043,0.0019869191431684005
research_universe_v1_2__cost_0,research_universe_v1_2,0.0,22,2023-01-19,2023-02-23,002131,利欧股份,AI,0.017857142857142856,0.17714285714285727,0.003163265306122451,0.005520348584839
research_universe_v1_2__cost_0,research_universe_v1_2,0.0,22,2023-01-19,2023-02-23,002212,天融信,AI,0.017857142857142856,0.0027372262773721623,4.887904066736004e-05,8.53008890699425e-05
research_universe_v1_2__cost_0,research_universe_v1_2,0.0,22,2023-01-19,2023-02-23,002230,科大讯飞,AI,0.017857142857142856,0.2548202188639914,0.004550361051142704,0.007941028259805959
research_universe_v1_2__cost_0,research_universe_v1_2,0.0,22,2023-01-19,2023-02-23,002236,大华股份,AI,0.017857142857142856,0.061772605192479846,0.0011030822355799972,0.0019250356416071522
research_universe_v1_2__cost_0,research_universe_v1_2,0.0,22,2023-01-19,2023-02-23,002279,久其软件,AI,0.017857142857142856,0.021126760563380254,0.0003772635814889331,0.0006583786931032415
research_universe_v1_2__cost_0,research_universe_v1_2,0.0,22,2023-01-19,2023-02-23,002315,焦点科技,AI,0.017857142857142856,0.06882255389718073,0.0012289741767353701,0.0021447350129670567
research_universe_v1_2__cost_0,research_universe_v1_2,0.0,22,2023-01-19,2023-02-23,002361,神剑股份,商业航天,0.017857142857142856,0.04950495049504955,0.0008840169731258847,0.0015427355514960478
research_universe_v1_2__cost_0,research_universe_v1_2,0.0,22,2023-01-19,2023-02-23,002373,千方科技,AI,0.017857142857142856,0.09600000000000009,0.0017142857142857157,0.002991672781461136
research_universe_v1_2__cost_0,research_universe_v1_2,0.0,22,2023-01-19,2023-02-23,002396,星网锐捷,AI,0.017857142857142856,0.08565737051792843,0.0015295959021058647,0.002669362749062686
research_universe_v1_2__cost_0,research_universe_v1_2,0.0,22,2023-01-19,2023-02-23,002410,广联达,AI,0.017857142857142856,-0.08422698838248432,-0.0015040533639729342,-0.002624787381336682
research_universe_v1_2__cost_0,research_universe_v1_2,0.0,22,2023-01-19,2023-02-23,002446,盛路通信,商业航天,0.017857142857142856,-0.053333333333333344,-0.0009523809523809525,-0.0016620404341450743
research_universe_v1_2__cost_0,research_universe_v1_2,0.0,22,2023-01-19,2023-02-23,002544,普天科技,商业航天,0.017857142857142856,0.2747374239911553,0.0049060254284134875,0.008561713264615483
research_universe_v1_2__cost_0,research_universe_v1_2,0.0,22,2023-01-19,2023-02-23,002558,巨人网络,AI,0.017857142857142856,0.07871396895787153,0.0014056065885334201,0.0024529837338754254
research_universe_v1_2__cost_0,research_universe_v1_2,0.0,22,2023-01-19,2023-02-23,002757,南兴股份,AI,0.017857142857142856,0.1348205625606207,0.0024075100457253695,0.004201447993686321
research_universe_v1_2__cost_0,research_universe_v1_2,0.0,22,2023-01-19,2023-02-23,002792,通宇通讯,商业航天,0.017857142857142856,0.1689342403628118,0.003016682863621639,0.005264541341148301
research_universe_v1_2__cost_0,research_universe_v1_2,0.0,22,2023-01-19,2023-02-23,002881,美格智能,AI,0.017857142857142856,0.03890306122448983,0.0006946975218658898,0.0012123461393835652
research_universe_v1_2__cost_0,research_universe_v1_2,0.0,22,2023-01-19,2023-02-23,002929,润建股份,AI,0.017857142857142856,-0.041013528022332046,-0.000732384428970215,-0.0012781151610010858
research_universe_v1_2__cost_0,research_universe_v1_2,0.0,22,2023-01-19,2023-02-23,002935,天奥电子,商业航天,0.017857142857142856,0.09946396664681378,0.001776142261550246,0.0030996212682649037
research_universe_v1_2__cost_0,research_universe_v1_2,0.0,22,2023-01-19,2023-02-23,002987,京北方,AI,0.017857142857142856,0.023837902264600697,0.00042567682615358385,0.0007428667017930898
research_universe_v1_2__cost_0,research_universe_v1_2,0.0,22,2023-01-19,2023-02-23,300002,神州泰岳,AI,0.017857142857142856,0.23965141612200447,0.0042794895736072225,0.0074683189442793394
research_universe_v1_2__cost_0,research_universe_v1_2,0.0,22,2023-01-19,2023-02-23,300017,网宿科技,AI,0.017857142857142856,0.05649717514124308,0.0010088781275221978,0.0017606360531197862
research_universe_v1_2__cost_0,research_universe_v1_2,0.0,22,2023-01-19,2023-02-23,300033,同花顺,AI,0.017857142857142856,0.004927929037821688,8.799873281824442e-05,0.0001535703247023239
research_universe_v1_2__cost_0,research_universe_v1_2,0.0,22,2023-01-19,2023-02-23,300047,天源迪科,AI,0.017857142857142856,0.16614906832298115,0.0029669476486246633,0.005177746305906134
research_universe_v1_2__cost_0,research_universe_v1_2,0.0,22,2023-01-19,2023-02-23,300058,蓝色光标,AI,0.017857142857142856,0.14404432132963985,0.0025722200237435684,0.004488890369228384
research_universe_v1_2__cost_0,research_universe_v1_2,0.0,22,2023-01-19,2023-02-23,300101,振芯科技,商业航天,0.017857142857142856,0.07894736842105265,0.001409774436090226,0.0024602572215963276
research_universe_v1_2__cost_0,research_universe_v1_2,0.0,22,2023-01-19,2023-02-23,300113,顺网科技,AI,0.017857142857142856,0.1198113207547169,0.0021394878706199444,0.0037337111167999575
research_universe_v1_2__cost_0,research_universe_v1_2,0.0,22,2023-01-19,2023-02-23,300133,华策影视,AI,0.017857142857142856,-0.05405405405405406,-0.0009652509652509653,-0.0016845004400118995
research_universe_v1_2__cost_0,research_universe_v1_2,0.0,22,2023-01-19,2023-02-23,300170,汉得信息,AI,0.017857142857142856,0.17627856365614814,0.003147831493859788,0.005493414383803772
research_universe_v1_2__cost_0,research_universe_v1_2,0.0,22,2023-01-19,2023-02-23,300182,捷成股份,AI,0.017857142857142856,0.1166306695464363,0.002082690527614934,0.003634591662142306
research_universe_v1_2__cost_0,research_universe_v1_2,0.0,22,2023-01-19,2023-02-23,300339,润和软件,AI,0.017857142857142856,0.1998006975585449,0.0035678695992597304,0.006226440714612987
research_universe_v1_2__cost_0,research_universe_v1_2,0.0,22,2023-01-19,2023-02-23,300348,长亮科技,AI,0.017857142857142856,0.07926267281105992,0.0014154048716260698,0.002470083133694868
research_universe_v1_2__cost_0,research_universe_v1_2,0.0,22,2023-01-19,2023-02-23,300378,鼎捷数智,AI,0.017857142857142856,0.06414868105515592,0.0011455121616992128,0.001999081907076473
research_universe_v1_2__cost_0,research_universe_v1_2,0.0,22,2023-01-19,2023-02-23,300413,芒果超媒,AI,0.017857142857142856,0.0006333122229260635,1.1309146837965418e-05,1.9736072286401557e-05
research_universe_v1_2__cost_0,research_universe_v1_2,0.0,22,2023-01-19,2023-02-23,300454,深信服,AI,0.017857142857142856,-0.09865441842411693,-0.0017616860432878023,-0.003074393108024046
research_universe_v1_2__cost_0,research_universe_v1_2,0.0,22,2023-01-19,2023-02-23,300458,全志科技,AI,0.017857142857142856,0.024147727272727293,0.00043120941558441594,0.0007525218584996347
research_universe_v1_2__cost_0,research_universe_v1_2,0.0,22,2023-01-19,2023-02-23,300496,中科创达,AI,0.017857142857142856,-0.11154767609008143,-0.0019919227873228824,-0.003476189024936869
research_universe_v1_2__cost_0,research_universe_v1_2,0.0,22,2023-01-19,2023-02-23,300627,华测导航,商业航天,0.017857142857142856,-0.005408062930186808,-9.657255232476441e-05,-0.0001685328611319668
research_universe_v1_2__cost_0,research_universe_v1_2,0.0,22,2023-01-19,2023-02-23,300629,新劲刚,商业航天,0.017857142857142856,0.002556237218813928,4.564709319310586e-05,7.966068031753684e-05
research_universe_v1_2__cost_0,research_universe_v1_2,0.0,22,2023-01-19,2023-02-23,300634,彩讯股份,AI,0.017857142857142856,-0.024636058230682933,-0.0004399296112621952,-0.0007677398422002672
research_universe_v1_2__cost_0,research_universe_v1_2,0.0,22,2023-01-19,2023-02-23,300674,宇信科技,AI,0.017857142857142856,0.0872905027932962,0.0015587589784517178,0.0027202564717370968
research_universe_v1_2__cost_0,research_universe_v1_2,0.0,22,2023-01-19,2023-02-23,300857,协创数据,AI,0.017857142857142856,0.05489021956087825,0.00098018249215854,0.0017105580815490098
research_universe_v1_2__cost_0,research_universe_v1_2,0.0,22,2023-01-19,2023-02-23,300996,普联软件,AI,0.017857142857142856,0.019836639439906545,0.0003542257042840454,0.0006181743155002795
research_universe_v1_2__cost_0,research_universe_v1_2,0.0,22,2023-01-19,2023-02-23,301050,雷电微力,商业航天,0.017857142857142856,0.07400942572874847,0.0013215968880133655,0.0023063748387944388
research_universe_v1_2__cost_0,research_universe_v1_2,0.0,22,2023-01-19,2023-02-23,301110,青木科技,AI,0.017857142857142856,0.05689747718733229,0.0010160263783452195,0.0017731107691161228
research_universe_v1_2__cost_0,research_universe_v1_2,0.0,22,2023-01-19,2023-02-23,301165,锐捷网络,AI,0.017857142857142856,0.06512378902045213,0.001162924803936645,0.0020294694483135836
research_universe_v1_2__cost_0,research_universe_v1_2,0.0,22,2023-01-19,2023-02-23,301171,易点天下,AI,0.017857142857142856,0.1469780219780219,0.0026246075353218196,0.004580314039840046
research_universe_v1_2__cost_0,research_universe_v1_2,0.0,23,2023-02-23,2023-03-23,000063,中兴通讯,AI,0.017857142857142856,0.22877442273534654,0.0040852575488454735,0.006115387047704732
research_universe_v1_2__cost_0,research_universe_v1_2,0.0,23,2023-02-23,2023-03-23,000681,视觉中国,AI,0.017857142857142856,0.16568047337278102,0.002958579881656804,0.004428817735860253
research_universe_v1_2__cost_0,research_universe_v1_2,0.0,23,2023-02-23,2023-03-23,000901,航天科技,商业航天,0.017857142857142856,0.0347222222222221,0.0006200396825396803,0.0009281624471234875
research_universe_v1_2__cost_0,research_universe_v1_2,0.0,23,2023-02-23,2023-03-23,000938,紫光股份,AI,0.017857142857142856,0.34757959005669425,0.00620677839386954,0.009291177298863392
research_universe_v1_2__cost_0,research_universe_v1_2,0.0,23,2023-02-23,2023-03-23,000977,浪潮信息,AI,0.017857142857142856,0.020585048754062862,0.0003675901563225511,0.0005502605537009477
research_universe_v1_2__cost_0,research_universe_v1_2,0.0,23,2023-02-23,2023-03-23,001208,华菱线缆,商业航天,0.017857142857142856,0.010773751224289807,0.00019238841471946083,0.00028799398946985214
research_universe_v1_2__cost_0,research_universe_v1_2,0.0,23,2023-02-23,2023-03-23,002015,协鑫能科,AI,0.017857142857142856,-0.0696378830083565,-0.001243533625149223,-0.001861495715679423
research_universe_v1_2__cost_0,research_universe_v1_2,0.0,23,2023-02-23,2023-03-23,002044,美年健康,AI,0.017857142857142856,0.0060975609756097615,0.00010888501742160288,0.0001629943809582717
research_universe_v1_2__cost_0,research_universe_v1_2,0.0,23,2023-02-23,2023-03-23,002049,紫光国微,AI|商业航天,0.017857142857142856,-0.016380016380016404,-0.00029250029250029293,-0.000437855503311328
research_universe_v1_2__cost_0,research_universe_v1_2,0.0,23,2023-02-23,2023-03-23,002065,东华软件,AI,0.017857142857142856,0.08044164037854884,0.0014364578639026577,0.0021502918017901928
research_universe_v1_2__cost_0,research_universe_v1_2,0.0,23,2023-02-23,2023-03-23,002131,利欧股份,AI,0.017857142857142856,0.18446601941747565,0.003294036061026351,0.004930975641417223
research_universe_v1_2__cost_0,research_universe_v1_2,0.0,23,2023-02-23,2023-03-23,002212,天融信,AI,0.017857142857142856,0.1155595996360328,0.002063564279214871,0.003089032726659582
research_universe_v1_2__cost_0,research_universe_v1_2,0.0,23,2023-02-23,2023-03-23,002230,科大讯飞,AI,0.017857142857142856,0.1704734219269104,0.0030441682486948285,0.004556938419797659
research_universe_v1_2__cost_0,research_universe_v1_2,0.0,23,2023-02-23,2023-03-23,002236,大华股份,AI,0.017857142857142856,0.6163575042158518,0.011006384003854496,0.016475900815178274
research_universe_v1_2__cost_0,research_universe_v1_2,0.0,23,2023-02-23,2023-03-23,002279,久其软件,AI,0.017857142857142856,0.021839080459770344,0.0003899835796387561,0.0005837821736390568
research_universe_v1_2__cost_0,research_universe_v1_2,0.0,23,2023-02-23,2023-03-23,002315,焦点科技,AI,0.017857142857142856,0.30411171450736996,0.005430566330488749,0.00812923410631913
research_universe_v1_2__cost_0,research_universe_v1_2,0.0,23,2023-02-23,2023-03-23,002361,神剑股份,商业航天,0.017857142857142856,-0.04952830188679247,-0.0008844339622641512,-0.0013239449245761494
research_universe_v1_2__cost_0,research_universe_v1_2,0.0,23,2023-02-23,2023-03-23,002373,千方科技,AI,0.017857142857142856,0.2162408759124086,0.003861444212721582,0.005780351823983662
research_universe_v1_2__cost_0,research_universe_v1_2,0.0,23,2023-02-23,2023-03-23,002396,星网锐捷,AI,0.017857142857142856,0.13516819571865435,0.002413717780690256,0.003613191647371003
research_universe_v1_2__cost_0,research_universe_v1_2,0.0,23,2023-02-23,2023-03-23,002410,广联达,AI,0.017857142857142856,0.08294706025859955,0.0014811975046178489,0.002217264377222056
research_universe_v1_2__cost_0,research_universe_v1_2,0.0,23,2023-02-23,2023-03-23,002446,盛路通信,商业航天,0.017857142857142856,0.11468812877263579,0.0020480022995113534,0.0030657373706195618
research_universe_v1_2__cost_0,research_universe_v1_2,0.0,23,2023-02-23,2023-03-23,002544,普天科技,商业航天,0.017857142857142856,0.002601908065915204,4.6462644034200065e-05,6.955180870032589e-05
research_universe_v1_2__cost_0,research_universe_v1_2,0.0,23,2023-02-23,2023-03-23,002558,巨人网络,AI,0.017857142857142856,0.20349434737923944,0.0036338276317721325,0.0054396233694522025
research_universe_v1_2__cost_0,research_universe_v1_2,0.0,23,2023-02-23,2023-03-23,002757,南兴股份,AI,0.017857142857142856,0.11623931623931627,0.002075702075702076,0.0031072022845241793
research_universe_v1_2__cost_0,research_universe_v1_2,0.0,23,2023-02-23,2023-03-23,002792,通宇通讯,商业航天,0.017857142857142856,0.13773035887487883,0.0024594706941942646,0.003681681031771319
research_universe_v1_2__cost_0,research_universe_v1_2,0.0,23,2023-02-23,2023-03-23,002881,美格智能,AI,0.017857142857142856,-0.011356660527931162,-0.00020279750942734216,-0.00030357578381055384
research_universe_v1_2__cost_0,research_universe_v1_2,0.0,23,2023-02-23,2023-03-23,002929,润建股份,AI,0.017857142857142856,0.1833855799373041,0.0032747424988804298,0.004902094328882938
research_universe_v1_2__cost_0,research_universe_v1_2,0.0,23,2023-02-23,2023-03-23,002935,天奥电子,商业航天,0.017857142857142856,-0.0904658721560131,-0.001615462002785948,-0.002418250328106796
research_universe_v1_2__cost_0,research_universe_v1_2,0.0,23,2023-02-23,2023-03-23,002987,京北方,AI,0.017857142857142856,0.1525029103608848,0.0027232662564443716,0.0040765672648515805
research_universe_v1_2__cost_0,research_universe_v1_2,0.0,23,2023-02-23,2023-03-23,300002,神州泰岳,AI,0.017857142857142856,0.36203866432337417,0.0064649761486316815,0.009677683947793047
research_universe_v1_2__cost_0,research_universe_v1_2,0.0,23,2023-02-23,2023-03-23,300017,网宿科技,AI,0.017857142857142856,0.1568627450980391,0.0028011204481792696,0.0041931103493578845
research_universe_v1_2__cost_0,research_universe_v1_2,0.0,23,2023-02-23,2023-03-23,300033,同花顺,AI,0.017857142857142856,0.3876425156307466,0.0069221877791204745,0.010362102506407865
research_universe_v1_2__cost_0,research_universe_v1_2,0.0,23,2023-02-23,2023-03-23,300047,天源迪科,AI,0.017857142857142856,0.08788282290279636,0.0015693361232642206,0.002349202635808699
research_universe_v1_2__cost_0,research_universe_v1_2,0.0,23,2023-02-23,2023-03-23,300058,蓝色光标,AI,0.017857142857142856,0.5980629539951574,0.010679695607056382,0.01598686775752461
research_universe_v1_2__cost_0,research_universe_v1_2,0.0,23,2023-02-23,2023-03-23,300101,振芯科技,商业航天,0.017857142857142856,0.013740982480247466,0.00024537468714727617,0.00036731128103272806
research_universe_v1_2__cost_0,research_universe_v1_2,0.0,23,2023-02-23,2023-03-23,300113,顺网科技,AI,0.017857142857142856,0.3580454928390904,0.006393669514983756,0.009570942167473912
research_universe_v1_2__cost_0,research_universe_v1_2,0.0,23,2023-02-23,2023-03-23,300133,华策影视,AI,0.017857142857142856,0.32380952380952377,0.005782312925170067,0.008655777792603066
research_universe_v1_2__cost_0,research_universe_v1_2,0.0,23,2023-02-23,2023-03-23,300170,汉得信息,AI,0.017857142857142856,0.3367252543940795,0.006012950971322848,0.009001029200448638
research_universe_v1_2__cost_0,research_universe_v1_2,0.0,23,2023-02-23,2023-03-23,300182,捷成股份,AI,0.017857142857142856,0.1895551257253385,0.0033849129593810446,0.005067012941511297
research_universe_v1_2__cost_0,research_universe_v1_2,0.0,23,2023-02-23,2023-03-23,300339,润和软件,AI,0.017857142857142856,0.049003322259136395,0.000875059326056007,0.0013099116529503667
research_universe_v1_2__cost_0,research_universe_v1_2,0.0,23,2023-02-23,2023-03-23,300348,长亮科技,AI,0.017857142857142856,0.06490179333902635,0.0011589605953397561,0.0017348949310537086
research_universe_v1_2__cost_0,research_universe_v1_2,0.0,23,2023-02-23,2023-03-23,300378,鼎捷数智,AI,0.017857142857142856,0.24225352112676068,0.00432595573440644,0.006475697884606938
research_universe_v1_2__cost_0,research_universe_v1_2,0.0,23,2023-02-23,2023-03-23,300413,芒果超媒,AI,0.017857142857142856,0.11424050632911387,0.002040009041591319,0.003053771939953641
research_universe_v1_2__cost_0,research_universe_v1_2,0.0,23,2023-02-23,2023-03-23,300454,深信服,AI,0.017857142857142856,-0.00724897724825968,-0.00012944602229035142,-0.00019377297970235173
research_universe_v1_2__cost_0,research_universe_v1_2,0.0,23,2023-02-23,2023-03-23,300458,全志科技,AI,0.017857142857142856,0.23925104022191412,0.004272340003962752,0.006395438331913321
research_universe_v1_2__cost_0,research_universe_v1_2,0.0,23,2023-02-23,2023-03-23,300496,中科创达,AI,0.017857142857142856,0.22316902168050934,0.0039851611014376665,0.005965548632211943
research_universe_v1_2__cost_0,research_universe_v1_2,0.0,23,2023-02-23,2023-03-23,300627,华测导航,商业航天,0.017857142857142856,0.008403361344537785,0.0001500600240096033,0.00022463091157274318
research_universe_v1_2__cost_0,research_universe_v1_2,0.0,23,2023-02-23,2023-03-23,300629,新劲刚,商业航天,0.017857142857142856,-0.054054054054053946,-0.0009652509652509633,-0.0014449231609273774
research_universe_v1_2__cost_0,research_universe_v1_2,0.0,23,2023-02-23,2023-03-23,300634,彩讯股份,AI,0.017857142857142856,0.6750861079219286,0.012055109070034438,0.018045779729699236
research_universe_v1_2__cost_0,research_universe_v1_2,0.0,23,2023-02-23,2023-03-23,300674,宇信科技,AI,0.017857142857142856,0.11368015414258181,0.0020300027525461035,0.003038793121680606
research_universe_v1_2__cost_0,research_universe_v1_2,0.0,23,2023-02-23,2023-03-23,300857,协创数据,AI,0.017857142857142856,0.12204351939451263,0.002179348560616297,0.003262354894563093
research_universe_v1_2__cost_0,research_universe_v1_2,0.0,23,2023-02-23,2023-03-23,300996,普联软件,AI,0.017857142857142856,0.0680778032036613,0.0012156750572082375,0.0018197930999894888
research_universe_v1_2__cost_0,research_universe_v1_2,0.0,23,2023-02-23,2023-03-23,301050,雷电微力,商业航天,0.017857142857142856,-0.08499918738826595,-0.0015178426319333205,-0.0022721199485702713
research_universe_v1_2__cost_0,research_universe_v1_2,0.0,23,2023-02-23,2023-03-23,301110,青木科技,AI,0.017857142857142856,0.6891823260538341,0.012306827250961322,0.018422586842814323
research_universe_v1_2__cost_0,research_universe_v1_2,0.0,23,2023-02-23,2023-03-23,301165,锐捷网络,AI,0.017857142857142856,0.2789287518948964,0.004980870569551721,0.0074560663564378
research_universe_v1_2__cost_0,research_universe_v1_2,0.0,23,2023-02-23,2023-03-23,301171,易点天下,AI,0.017857142857142856,0.31377245508982043,0.005603079555175364,0.008387476120976064
research_universe_v1_2__cost_0,research_universe_v1_2,0.0,24,2023-03-23,2023-04-21,000063,中兴通讯,AI,0.017857142857142856,-0.0005782017924256255,-1.0325032007600455e-05,-1.5507455471581067e-05
research_universe_v1_2__cost_0,research_universe_v1_2,0.0,24,2023-03-23,2023-04-21,000681,视觉中国,AI,0.017857142857142856,0.007896221094190636,0.00014100394811054708,0.0002117777886820911
research_universe_v1_2__cost_0,research_universe_v1_2,0.0,24,2023-03-23,2023-04-21,000901,航天科技,商业航天,0.017857142857142856,-0.07766059443911799,-0.001386796329269964,-0.00208286834447344
research_universe_v1_2__cost_0,research_universe_v1_2,0.0,24,2023-03-23,2023-04-21,000938,紫光股份,AI,0.017857142857142856,0.03980582524271847,0.000710818307905687,0.0010675979745261622
research_universe_v1_2__cost_0,research_universe_v1_2,0.0,24,2023-03-23,2023-04-21,000977,浪潮信息,AI,0.017857142857142856,0.15525477707006363,0.0027724067333939934,0.004163955514672585
research_universe_v1_2__cost_0,research_universe_v1_2,0.0,24,2023-03-23,2023-04-21,001208,华菱线缆,商业航天,0.017857142857142856,-0.08817829457364346,-0.0015746124031007758,-0.0023649545791344577
research_universe_v1_2__cost_0,research_universe_v1_2,0.0,24,2023-03-23,2023-04-21,002015,协鑫能科,AI,0.017857142857142856,0.35828343313373257,0.006397918448816653,0.009609213354767023
research_universe_v1_2__cost_0,research_universe_v1_2,0.0,24,2023-03-23,2023-04-21,002044,美年健康,AI,0.017857142857142856,-0.0015151515151514694,-2.7056277056276236e-05,-4.0636582178932485e-05
research_universe_v1_2__cost_0,research_universe_v1_2,0.0,24,2023-03-23,2023-04-21,002049,紫光国微,AI|商业航天,0.017857142857142856,-0.048940697566842495,-0.0008739410279793303,-0.001312596567855762
research_universe_v1_2__cost_0,research_universe_v1_2,0.0,24,2023-03-23,2023-04-21,002065,东华软件,AI,0.017857142857142856,0.089051094890511,0.0015901981230448392,0.0023883632095239014
research_universe_v1_2__cost_0,research_universe_v1_2,0.0,24,2023-03-23,2023-04-21,002131,利欧股份,AI,0.017857142857142856,-0.11885245901639341,-0.0021223653395784537,-0.003187640093872095
research_universe_v1_2__cost_0,research_universe_v1_2,0.0,24,2023-03-23,2023-04-21,002212,天融信,AI,0.017857142857142856,-0.0660685154975531,-0.0011797949195991625,-0.001771967115241272
research_universe_v1_2__cost_0,research_universe_v1_2,0.0,24,2023-03-23,2023-04-21,002230,科大讯飞,AI,0.017857142857142856,0.023416711016498226,0.00041815555386603975,0.0006280395670443
research_universe_v1_2__cost_0,research_universe_v1_2,0.0,24,2023-03-23,2023-04-21,002236,大华股份,AI,0.017857142857142856,0.15492957746478875,0.0027665995975855134,0.004155233614352941
research_universe_v1_2__cost_0,research_universe_v1_2,0.0,24,2023-03-23,2023-04-21,002279,久其软件,AI,0.017857142857142856,-0.17547806524184484,-0.0031335368793186575,-0.004706347020408343
research_universe_v1_2__cost_0,research_universe_v1_2,0.0,24,2023-03-23,2023-04-21,002315,焦点科技,AI,0.017857142857142856,0.08625817965496752,0.0015403246366958484,0.0023134568200618485
research_universe_v1_2__cost_0,research_universe_v1_2,0.0,24,2023-03-23,2023-04-21,002361,神剑股份,商业航天,0.017857142857142856,-0.09925558312655092,-0.0017724211272598378,-0.0026620490558904486
research_universe_v1_2__cost_0,research_universe_v1_2,0.0,24,2023-03-23,2023-04-21,002373,千方科技,AI,0.017857142857142856,0.11327831957989498,0.0020228271353552674,0.0030381408701819464
research_universe_v1_2__cost_0,research_universe_v1_2,0.0,24,2023-03-23,2023-04-21,002396,星网锐捷,AI,0.017857142857142856,-0.057650862068965525,-0.0010294796798029557,-0.0015462044361402476
research_universe_v1_2__cost_0,research_universe_v1_2,0.0,24,2023-03-23,2023-04-21,002410,广联达,AI,0.017857142857142856,-0.032665014642937695,-0.0005833038329096017,-0.0008760804042631153
research_universe_v1_2__cost_0,research_universe_v1_2,0.0,24,2023-03-23,2023-04-21,002446,盛路通信,商业航天,0.017857142857142856,-0.128158844765343,-0.002288550799381125,-0.0034372387019942865
research_universe_v1_2__cost_0,research_universe_v1_2,0.0,24,2023-03-23,2023-04-21,002544,普天科技,商业航天,0.017857142857142856,-0.06487889273356406,-0.001158551655956501,-0.001740061261122163
research_universe_v1_2__cost_0,research_universe_v1_2,0.0,24,2023-03-23,2023-04-21,002558,巨人网络,AI,0.017857142857142856,0.17847993168232268,0.003187141637184333,0.00478685751132546
research_universe_v1_2__cost_0,research_universe_v1_2,0.0,24,2023-03-23,2023-04-21,002757,南兴股份,AI,0.017857142857142856,0.0015313935681469104,2.734631371690911e-05,4.107219638299302e-05
research_universe_v1_2__cost_0,research_universe_v1_2,0.0,24,2023-03-23,2023-04-21,002792,通宇通讯,商业航天,0.017857142857142856,0.12446717817561792,0.002222628181707463,0.003338227671578899
research_universe_v1_2__cost_0,research_universe_v1_2,0.0,24,2023-03-23,2023-04-21,002881,美格智能,AI,0.017857142857142856,0.170754424091897,0.0030491861444981606,0.004579658283437735
research_universe_v1_2__cost_0,research_universe_v1_2,0.0,24,2023-03-23,2023-04-21,002929,润建股份,AI,0.017857142857142856,-0.21381267738883636,-0.003818083524800649,-0.005734486847502132
research_universe_v1_2__cost_0,research_universe_v1_2,0.0,24,2023-03-23,2023-04-21,002935,天奥电子,商业航天,0.017857142857142856,-0.06551518761167363,-0.001169914064494172,-0.0017571267815310236
research_universe_v1_2__cost_0,research_universe_v1_2,0.0,24,2023-03-23,2023-04-21,002987,京北方,AI,0.017857142857142856,-0.08888888888888902,-0.0015873015873015895,-0.002384012821164115
research_universe_v1_2__cost_0,research_universe_v1_2,0.0,24,2023-03-23,2023-04-21,300002,神州泰岳,AI,0.017857142857142856,0.5290322580645161,0.00944700460829493,0.014188721467896083
research_universe_v1_2__cost_0,research_universe_v1_2,0.0,24,2023-03-23,2023-04-21,300017,网宿科技,AI,0.017857142857142856,0.010785824345146189,0.0001926040061633248,0.00028927736466359083
research_universe_v1_2__cost_0,research_universe_v1_2,0.0,24,2023-03-23,2023-04-21,300033,同花顺,AI,0.017857142857142856,0.18535206290308315,0.0033098582661264847,0.00497116906188938
research_universe_v1_2__cost_0,research_universe_v1_2,0.0,24,2023-03-23,2023-04-21,300047,天源迪科,AI,0.017857142857142856,-0.09179926560587515,-0.0016392726001049132,-0.00246206954450088
research_universe_v1_2__cost_0,research_universe_v1_2,0.0,24,2023-03-23,2023-04-21,300058,蓝色光标,AI,0.017857142857142856,0.10454545454545472,0.0018668831168831199,0.002803924170346431
research_universe_v1_2__cost_0,research_universe_v1_2,0.0,24,2023-03-23,2023-04-21,300101,振芯科技,商业航天,0.017857142857142856,-0.21450355811589294,-0.0038304206806409453,-0.005753016368253111
research_universe_v1_2__cost_0,research_universe_v1_2,0.0,24,2023-03-23,2023-04-21,300113,顺网科技,AI,0.017857142857142856,-0.13523573200992567,-0.0024149237858915296,-0.003627041838650737
research_universe_v1_2__cost_0,research_universe_v1_2,0.0,24,2023-03-23,2023-04-21,300133,华策影视,AI,0.017857142857142856,0.2892086330935253,0.005164439876670094,0.007756617254471005
research_universe_v1_2__cost_0,research_universe_v1_2,0.0,24,2023-03-23,2023-04-21,300170,汉得信息,AI,0.017857142857142856,-0.19723183391003463,-0.003521997034107761,-0.0052897862338113725
research_universe_v1_2__cost_0,research_universe_v1_2,0.0,24,2023-03-23,2023-04-21,300182,捷成股份,AI,0.017857142857142856,0.1382113821138211,0.0024680603948896624,0.003706849203639319
research_universe_v1_2__cost_0,research_universe_v1_2,0.0,24,2023-03-23,2023-04-21,300339,润和软件,AI,0.017857142857142856,0.009501187648456089,0.00016966406515100157,0.00025482322316481085
research_universe_v1_2__cost_0,research_universe_v1_2,0.0,24,2023-03-23,2023-04-21,300348,长亮科技,AI,0.017857142857142856,0.00400962309542896,7.160041241837429e-05,0.0001075386697598067
research_universe_v1_2__cost_0,research_universe_v1_2,0.0,24,2023-03-23,2023-04-21,300378,鼎捷数智,AI,0.017857142857142856,-0.024036281179138363,-0.0004292193067703279,-0.0006446565281719292
research_universe_v1_2__cost_0,research_universe_v1_2,0.0,24,2023-03-23,2023-04-21,300413,芒果超媒,AI,0.017857142857142856,-0.11019596705481405,-0.001967785125978822,-0.0029554717308666154
research_universe_v1_2__cost_0,research_universe_v1_2,0.0,24,2023-03-23,2023-04-21,300454,深信服,AI,0.017857142857142856,-0.09499710815500284,-0.0016963769313393363,-0.002547836142919206
research_universe_v1_2__cost_0,research_universe_v1_2,0.0,24,2023-03-23,2023-04-21,300458,全志科技,AI,0.017857142857142856,-0.012311135982092991,-0.00021984171396594626,-0.0003301864427745508
research_universe_v1_2__cost_0,research_universe_v1_2,0.0,24,2023-03-23,2023-04-21,300496,中科创达,AI,0.017857142857142856,-0.1962962962962963,-0.0035052910052910053,-0.005264694980070746
research_universe_v1_2__cost_0,research_universe_v1_2,0.0,24,2023-03-23,2023-04-21,300627,华测导航,商业航天,0.017857142857142856,-0.11813725490196081,-0.0021095938375350143,-0.0031684582163633325
research_universe_v1_2__cost_0,research_universe_v1_2,0.0,24,2023-03-23,2023-04-21,300629,新劲刚,商业航天,0.017857142857142856,-0.01994609164420491,-0.0003561802079322305,-0.0005349570548838622
research_universe_v1_2__cost_0,research_universe_v1_2,0.0,24,2023-03-23,2023-04-21,300634,彩讯股份,AI,0.017857142857142856,-0.059287183002056265,-0.0010586996964652904,-0.0015900907995855574
research_universe_v1_2__cost_0,research_universe_v1_2,0.0,24,2023-03-23,2023-04-21,300674,宇信科技,AI,0.017857142857142856,-0.05017301038062294,-0.0008959466139396953,-0.0013456473752678079
research_universe_v1_2__cost_0,research_universe_v1_2,0.0,24,2023-03-23,2023-04-21,300857,协创数据,AI,0.017857142857142856,0.019392917369308593,0.00034630209588051055,0.0005201208410423386
research_universe_v1_2__cost_0,research_universe_v1_2,0.0,24,2023-03-23,2023-04-21,300996,普联软件,AI,0.017857142857142856,-0.1392608462774505,-0.0024868008263830444,-0.003734995983880572
research_universe_v1_2__cost_0,research_universe_v1_2,0.0,24,2023-03-23,2023-04-21,301050,雷电微力,商业航天,0.017857142857142856,-0.07495559502664295,-0.0013384927683329098,-0.0020103198700668944
research_universe_v1_2__cost_0,research_universe_v1_2,0.0,24,2023-03-23,2023-04-21,301110,青木科技,AI,0.017857142857142856,-0.26037282020444974,-0.004649514646508031,-0.006983236593563244
research_universe_v1_2__cost_0,research_universe_v1_2,0.0,24,2023-03-23,2023-04-21,301165,锐捷网络,AI,0.017857142857142856,0.24496246542868438,0.004374329739797935,0.0065699286557169825
research_universe_v1_2__cost_0,research_universe_v1_2,0.0,24,2023-03-23,2023-04-21,301171,易点天下,AI,0.017857142857142856,-0.09753874202370105,-0.001741763250423233,-0.002616003129878123
research_universe_v1_2__cost_0,research_universe_v1_2,0.0,25,2023-04-21,2023-05-24,000063,中兴通讯,AI,0.017857142857142856,-0.13190627711888914,-0.0023554692342658773,-0.0037429773055755347
research_universe_v1_2__cost_0,research_universe_v1_2,0.0,25,2023-04-21,2023-05-24,000681,视觉中国,AI,0.017857142857142856,-0.07890318970341359,-0.0014089855304180998,-0.0022389597739250144
research_universe_v1_2__cost_0,research_universe_v1_2,0.0,25,2023-04-21,2023-05-24,000901,航天科技,商业航天,0.017857142857142856,0.0010395010395012338,1.856251856252203e-05,2.9496919213847817e-05
research_universe_v1_2__cost_0,research_universe_v1_2,0.0,25,2023-04-21,2023-05-24,000938,紫光股份,AI,0.017857142857142856,-0.1596638655462186,-0.0028511404561824744,-0.004530627641937898
research_universe_v1_2__cost_0,research_universe_v1_2,0.0,25,2023-04-21,2023-05-24,000977,浪潮信息,AI,0.017857142857142856,-0.15506547208821497,-0.0027690262872895528,-0.004400143462326784
research_universe_v1_2__cost_0,research_universe_v1_2,0.0,25,2023-04-21,2023-05-24,001208,华菱线缆,商业航天,0.017857142857142856,0.019128586609989284,0.00034158190374980864,0.0005427934677012657
research_universe_v1_2__cost_0,research_universe_v1_2,0.0,25,2023-04-21,2023-05-24,002015,协鑫能科,AI,0.017857142857142856,-0.03453343130051423,-0.0006166684160806112,-0.0009799218995846157
research_universe_v1_2__cost_0,research_universe_v1_2,0.0,25,2023-04-21,2023-05-24,002044,美年健康,AI,0.017857142857142856,-0.047040971168436974,-0.0008400173422935173,-0.0013348363046968197
research_universe_v1_2__cost_0,research_universe_v1_2,0.0,25,2023-04-21,2023-05-24,002049,紫光国微,AI|商业航天,0.017857142857142856,-0.10291828793774316,-0.001837826570316842,-0.0029204130727793613
research_universe_v1_2__cost_0,research_universe_v1_2,0.0,25,2023-04-21,2023-05-24,002065,东华软件,AI,0.017857142857142856,-0.10053619302949057,-0.001795289161240903,-0.00285281866123153
research_universe_v1_2__cost_0,research_universe_v1_2,0.0,25,2023-04-21,2023-05-24,002131,利欧股份,AI,0.017857142857142856,-0.0046511627906975495,-8.305647840531338e-05,-0.0001319815641103048
research_universe_v1_2__cost_0,research_universe_v1_2,0.0,25,2023-04-21,2023-05-24,002212,天融信,AI,0.017857142857142856,-0.13537117903930118,-0.002417342482844664,-0.0038412974881886653
research_universe_v1_2__cost_0,research_universe_v1_2,0.0,25,2023-04-21,2023-05-24,002230,科大讯飞,AI,0.017857142857142856,-0.025307678973825687,-0.0004519228388183158,-0.0007181316168179217
research_universe_v1_2__cost_0,research_universe_v1_2,0.0,25,2023-04-21,2023-05-24,002236,大华股份,AI,0.017857142857142856,-0.1707317073170732,-0.0030487804878048786,-0.004844689121610101
research_universe_v1_2__cost_0,research_universe_v1_2,0.0,25,2023-04-21,2023-05-24,002279,久其软件,AI,0.017857142857142856,-0.07776261937244211,-0.0013886182030793234,-0.0022065949088292372
research_universe_v1_2__cost_0,research_universe_v1_2,0.0,25,2023-04-21,2023-05-24,002315,焦点科技,AI,0.017857142857142856,0.5805038335158816,0.010366139884212172,0.016472397842683062
research_universe_v1_2__cost_0,research_universe_v1_2,0.0,25,2023-04-21,2023-05-24,002361,神剑股份,商业航天,0.017857142857142856,0.04132231404958686,0.000737898465171194,0.0011725634827981966
research_universe_v1_2__cost_0,research_universe_v1_2,0.0,25,2023-04-21,2023-05-24,002373,千方科技,AI,0.017857142857142856,-0.21024258760107817,-0.0037543319214478244,-0.0059658512941505966
research_universe_v1_2__cost_0,research_universe_v1_2,0.0,25,2023-04-21,2023-05-24,002396,星网锐捷,AI,0.017857142857142856,-0.14351057747284157,-0.0025626888834435996,-0.004072261353466431
research_universe_v1_2__cost_0,research_universe_v1_2,0.0,25,2023-04-21,2023-05-24,002410,广联达,AI,0.017857142857142856,-0.17163483931066603,-0.0030649078448333218,-0.004870316427829275
research_universe_v1_2__cost_0,research_universe_v1_2,0.0,25,2023-04-21,2023-05-24,002446,盛路通信,商业航天,0.017857142857142856,-0.08281573498964812,-0.0014788524105294304,-0.002349982300928888
research_universe_v1_2__cost_0,research_universe_v1_2,0.0,25,2023-04-21,2023-05-24,002544,普天科技,商业航天,0.017857142857142856,-0.0846438482886217,-0.0015114972908682445,-0.002401856910231307
research_universe_v1_2__cost_0,research_universe_v1_2,0.0,25,2023-04-21,2023-05-24,002558,巨人网络,AI,0.017857142857142856,0.14782608695652177,0.0026397515527950316,0.0041947184071580625
research_universe_v1_2__cost_0,research_universe_v1_2,0.0,25,2023-04-21,2023-05-24,002757,南兴股份,AI,0.017857142857142856,-0.050458715596330306,-0.0009010484927916125,-0.00143181834459119
research_universe_v1_2__cost_0,research_universe_v1_2,0.0,25,2023-04-21,2023-05-24,002792,通宇通讯,商业航天,0.017857142857142856,-0.20318423047763456,-0.00362828982995776,-0.005765563096312333
research_universe_v1_2__cost_0,research_universe_v1_2,0.0,25,2023-04-21,2023-05-24,002881,美格智能,AI,0.017857142857142856,-0.17899761336515507,-0.0031963859529491974,-0.005079242771548261
research_universe_v1_2__cost_0,research_universe_v1_2,0.0,25,2023-04-21,2023-05-24,002929,润建股份,AI,0.017857142857142856,-0.051985559566786965,-0.0009283135636926243,-0.0014751441244964416
research_universe_v1_2__cost_0,research_universe_v1_2,0.0,25,2023-04-21,2023-05-24,002935,天奥电子,商业航天,0.017857142857142856,0.0,0.0,0.0
research_universe_v1_2__cost_0,research_universe_v1_2,0.0,25,2023-04-21,2023-05-24,002987,京北方,AI,0.017857142857142856,-0.013303769401330268,-0.0002375673107380405,-0.0003775082432423423
research_universe_v1_2__cost_0,research_universe_v1_2,0.0,25,2023-04-21,2023-05-24,300002,神州泰岳,AI,0.017857142857142856,-0.059915611814345904,-0.0010699216395418912,-0.0017001675748049402
research_universe_v1_2__cost_0,research_universe_v1_2,0.0,25,2023-04-21,2023-05-24,300017,网宿科技,AI,0.017857142857142856,0.0335365853658538,0.0005988675958188178,0.0009516353631734163
research_universe_v1_2__cost_0,research_universe_v1_2,0.0,25,2023-04-21,2023-05-24,300033,同花顺,AI,0.017857142857142856,-0.21003204889319516,-0.003750572301664199,-0.005959877040136581
research_universe_v1_2__cost_0,research_universe_v1_2,0.0,25,2023-04-21,2023-05-24,300047,天源迪科,AI,0.017857142857142856,0.02425876010781658,0.0004331921447824389,0.0006883674570173727
research_universe_v1_2__cost_0,research_universe_v1_2,0.0,25,2023-04-21,2023-05-24,300058,蓝色光标,AI,0.017857142857142856,-0.002743484224965731,-4.8990789731530906e-05,-7.784920791143086e-05
research_universe_v1_2__cost_0,research_universe_v1_2,0.0,25,2023-04-21,2023-05-24,300101,振芯科技,商业航天,0.017857142857142856,-0.030629853321829215,-0.0005469616664612359,-0.0008691538292251339
research_universe_v1_2__cost_0,research_universe_v1_2,0.0,25,2023-04-21,2023-05-24,300113,顺网科技,AI,0.017857142857142856,0.007173601147776099,0.00012810002049600176,0.00020355836645420344
research_universe_v1_2__cost_0,research_universe_v1_2,0.0,25,2023-04-21,2023-05-24,300133,华策影视,AI,0.017857142857142856,-0.234375,-0.004185267857142857,-0.006650633503996007
research_universe_v1_2__cost_0,research_universe_v1_2,0.0,25,2023-04-21,2023-05-24,300170,汉得信息,AI,0.017857142857142856,-0.1732758620689655,-0.003094211822660098,-0.004916882149161185
research_universe_v1_2__cost_0,research_universe_v1_2,0.0,25,2023-04-21,2023-05-24,300182,捷成股份,AI,0.017857142857142856,-0.17571428571428582,-0.003137755102040818,-0.004986074946995866
research_universe_v1_2__cost_0,research_universe_v1_2,0.0,25,2023-04-21,2023-05-24,300339,润和软件,AI,0.017857142857142856,-0.1215686274509804,-0.0021708683473389357,-0.0034496357835106088
research_universe_v1_2__cost_0,research_universe_v1_2,0.0,25,2023-04-21,2023-05-24,300348,长亮科技,AI,0.017857142857142856,-0.13658146964856221,-0.0024389548151528967,-0.0038756407384308977
research_universe_v1_2__cost_0,research_universe_v1_2,0.0,25,2023-04-21,2023-05-24,300378,鼎捷数智,AI,0.017857142857142856,-0.0901486988847584,-0.0016097981943706857,-0.0025580627504837193
research_universe_v1_2__cost_0,research_universe_v1_2,0.0,25,2023-04-21,2023-05-24,300413,芒果超媒,AI,0.017857142857142856,-0.1165017555059048,-0.002080388491176871,-0.003305858041352199
research_universe_v1_2__cost_0,research_universe_v1_2,0.0,25,2023-04-21,2023-05-24,300454,深信服,AI,0.017857142857142856,-0.047371784630132696,-0.0008459247255380838,-0.0013442234794890393
research_universe_v1_2__cost_0,research_universe_v1_2,0.0,25,2023-04-21,2023-05-24,300458,全志科技,AI,0.017857142857142856,0.12917847025495766,0.002306758397409958,0.003665572959029645
research_universe_v1_2__cost_0,research_universe_v1_2,0.0,25,2023-04-21,2023-05-24,300496,中科创达,AI,0.017857142857142856,-0.08876453807329387,-0.0015850810370231048,-0.0025187857530751035
research_universe_v1_2__cost_0,research_universe_v1_2,0.0,25,2023-04-21,2023-05-24,300627,华测导航,商业航天,0.017857142857142856,0.09838799332962767,0.0017569284523147796,0.0027918612686035514
research_universe_v1_2__cost_0,research_universe_v1_2,0.0,25,2023-04-21,2023-05-24,300629,新劲刚,商业航天,0.017857142857142856,0.03960396039603964,0.0007072135785007078,0.001123803417176884
research_universe_v1_2__cost_0,research_universe_v1_2,0.0,25,2023-04-21,2023-05-24,300634,彩讯股份,AI,0.017857142857142856,-0.06994535519125678,-0.0012490241998438709,-0.001984771936784526
research_universe_v1_2__cost_0,research_universe_v1_2,0.0,25,2023-04-21,2023-05-24,300674,宇信科技,AI,0.017857142857142856,-0.06739526411657559,-0.001203486859224564,-0.0019124104599225918
research_universe_v1_2__cost_0,research_universe_v1_2,0.0,25,2023-04-21,2023-05-24,300857,协创数据,AI,0.017857142857142856,0.11579818031430933,0.0020678246484698093,0.0032858933661871637
research_universe_v1_2__cost_0,research_universe_v1_2,0.0,25,2023-04-21,2023-05-24,300996,普联软件,AI,0.017857142857142856,-0.024891101431238405,-0.00044448395412925723,-0.0007063107973544837
research_universe_v1_2__cost_0,research_universe_v1_2,0.0,25,2023-04-21,2023-05-24,301050,雷电微力,商业航天,0.017857142857142856,-0.05568356374807981,-0.0009943493526442823,-0.0015800788253221422
research_universe_v1_2__cost_0,research_universe_v1_2,0.0,25,2023-04-21,2023-05-24,301110,青木科技,AI,0.017857142857142856,0.23902439024390243,0.004268292682926829,0.006782564770254139
research_universe_v1_2__cost_0,research_universe_v1_2,0.0,25,2023-04-21,2023-05-24,301165,锐捷网络,AI,0.017857142857142856,-0.2786417010472866,-0.004975744661558689,-0.007906747019074234
research_universe_v1_2__cost_0,research_universe_v1_2,0.0,25,2023-04-21,2023-05-24,301171,易点天下,AI,0.017857142857142856,-0.147979797979798,-0.0026424963924963924,-0.004199080116731755
research_universe_v1_2__cost_0,research_universe_v1_2,0.0,26,2023-05-24,2023-06-21,000063,中兴通讯,AI,0.017857142857142856,0.3662112629123624,0.006539486837720756,0.00910767959757834
research_universe_v1_2__cost_0,research_universe_v1_2,0.0,26,2023-05-24,2023-06-21,000681,视觉中国,AI,0.017857142857142856,0.22782503037667068,0.004068304113869119,0.0056660119202172786
research_universe_v1_2__cost_0,research_universe_v1_2,0.0,26,2023-05-24,2023-06-21,000901,航天科技,商业航天,0.017857142857142856,0.09761163032191056,0.0017430648271769742,0.002427602709155271
research_universe_v1_2__cost_0,research_universe_v1_2,0.0,26,2023-05-24,2023-06-21,000938,紫光股份,AI,0.017857142857142856,0.3462962962962963,0.006183862433862434,0.008612394079341824
research_universe_v1_2__cost_0,research_universe_v1_2,0.0,26,2023-05-24,2023-06-21,000977,浪潮信息,AI,0.017857142857142856,0.6552474170744971,0.011700846733473162,0.01629601308380143
research_universe_v1_2__cost_0,research_universe_v1_2,0.0,26,2023-05-24,2023-06-21,001208,华菱线缆,商业航天,0.017857142857142856,-0.05318039624608961,-0.0009496499329658859,-0.0013225972517332198
research_universe_v1_2__cost_0,research_universe_v1_2,0.0,26,2023-05-24,2023-06-21,002015,协鑫能科,AI,0.017857142857142856,0.0060882800608828,0.00010871928680147858,0.0001514156163681809
research_universe_v1_2__cost_0,research_universe_v1_2,0.0,26,2023-05-24,2023-06-21,002044,美年健康,AI,0.017857142857142856,0.0652866242038217,0.0011658325750682444,0.0016236793224958961
research_universe_v1_2__cost_0,research_universe_v1_2,0.0,26,2023-05-24,2023-06-21,002049,紫光国微,AI|商业航天,0.017857142857142856,-0.043374539145521585,-0.000774545341884314,-0.0010787254386672618
research_universe_v1_2__cost_0,research_universe_v1_2,0.0,26,2023-05-24,2023-06-21,002065,东华软件,AI,0.017857142857142856,0.11773472429210141,0.0021024057909303823,0.0029280643578083825
research_universe_v1_2__cost_0,research_universe_v1_2,0.0,26,2023-05-24,2023-06-21,002131,利欧股份,AI,0.017857142857142856,0.04672897196261694,0.0008344459279038738,0.0011621502331062511
research_universe_v1_2__cost_0,research_universe_v1_2,0.0,26,2023-05-24,2023-06-21,002212,天融信,AI,0.017857142857142856,0.03838383838383819,0.0006854256854256818,0.0009546066359212084
research_universe_v1_2__cost_0,research_universe_v1_2,0.0,26,2023-05-24,2023-06-21,002230,科大讯飞,AI,0.017857142857142856,0.3716877111861996,0.006637280556896421,0.009243878948232273
research_universe_v1_2__cost_0,research_universe_v1_2,0.0,26,2023-05-24,2023-06-21,002236,大华股份,AI,0.017857142857142856,0.08061002178649246,0.0014394646747587939,0.0020047724500512603
research_universe_v1_2__cost_0,research_universe_v1_2,0.0,26,2023-05-24,2023-06-21,002279,久其软件,AI,0.017857142857142856,0.029585798816567976,0.0005283178360101425,0.0007357992600140136
research_universe_v1_2__cost_0,research_universe_v1_2,0.0,26,2023-05-24,2023-06-21,002315,焦点科技,AI,0.017857142857142856,0.10360360360360366,0.001850064350064351,0.0025766231744815122
research_universe_v1_2__cost_0,research_universe_v1_2,0.0,26,2023-05-24,2023-06-21,002361,神剑股份,商业航天,0.017857142857142856,-0.03174603174603163,-0.0005668934240362791,-0.0007895242853483691
research_universe_v1_2__cost_0,research_universe_v1_2,0.0,26,2023-05-24,2023-06-21,002373,千方科技,AI,0.017857142857142856,0.1774744027303754,0.0031691857630424176,0.004413791055974856
research_universe_v1_2__cost_0,research_universe_v1_2,0.0,26,2023-05-24,2023-06-21,002396,星网锐捷,AI,0.017857142857142856,0.1421895861148197,0.0025390997520503516,0.00353625713788044
research_universe_v1_2__cost_0,research_universe_v1_2,0.0,26,2023-05-24,2023-06-21,002410,广联达,AI,0.017857142857142856,0.013213382063536727,0.0002359532511345844,0.00032861700996858814
research_universe_v1_2__cost_0,research_universe_v1_2,0.0,26,2023-05-24,2023-06-21,002446,盛路通信,商业航天,0.017857142857142856,0.023702031602709006,0.00042325056433408935,0.0005894698812166506
research_universe_v1_2__cost_0,research_universe_v1_2,0.0,26,2023-05-24,2023-06-21,002544,普天科技,商业航天,0.017857142857142856,0.18999494694290053,0.0033927669096946523,0.0047251771782042045
research_universe_v1_2__cost_0,research_universe_v1_2,0.0,26,2023-05-24,2023-06-21,002558,巨人网络,AI,0.017857142857142856,0.23042929292929282,0.0041148088023088,0.005730779968934912
research_universe_v1_2__cost_0,research_universe_v1_2,0.0,26,2023-05-24,2023-06-21,002757,南兴股份,AI,0.017857142857142856,0.2222222222222221,0.003968253968253965,0.005526669997438599
research_universe_v1_2__cost_0,research_universe_v1_2,0.0,26,2023-05-24,2023-06-21,002792,通宇通讯,商业航天,0.017857142857142856,0.19695528068506185,0.0035170585836618185,0.004898280782696536
research_universe_v1_2__cost_0,research_universe_v1_2,0.0,26,2023-05-24,2023-06-21,002881,美格智能,AI,0.017857142857142856,0.1634366925064601,0.0029185123661867873,0.004064672992302233
research_universe_v1_2__cost_0,research_universe_v1_2,0.0,26,2023-05-24,2023-06-21,002929,润建股份,AI,0.017857142857142856,0.05178979436405173,0.0009248177565009237,0.001288012962083938
research_universe_v1_2__cost_0,research_universe_v1_2,0.0,26,2023-05-24,2023-06-21,002935,天奥电子,商业航天,0.017857142857142856,0.13448056086679427,0.0024014385869070404,0.003344533564415525
research_universe_v1_2__cost_0,research_universe_v1_2,0.0,26,2023-05-24,2023-06-21,002987,京北方,AI,0.017857142857142856,0.0730337078651686,0.0013041733547351536,0.0018163494092705537
research_universe_v1_2__cost_0,research_universe_v1_2,0.0,26,2023-05-24,2023-06-21,300002,神州泰岳,AI,0.017857142857142856,0.23877917414721717,0.004263913824057449,0.005938441639976666
research_universe_v1_2__cost_0,research_universe_v1_2,0.0,26,2023-05-24,2023-06-21,300017,网宿科技,AI,0.017857142857142856,0.08554572271386429,0.0015276021913190052,0.0021275234060936215
research_universe_v1_2__cost_0,research_universe_v1_2,0.0,26,2023-05-24,2023-06-21,300033,同花顺,AI,0.017857142857142856,0.2774790074535334,0.004954982275955953,0.006900907074356184
research_universe_v1_2__cost_0,research_universe_v1_2,0.0,26,2023-05-24,2023-06-21,300047,天源迪科,AI,0.017857142857142856,0.09342105263157907,0.001668233082706769,0.002323382979186363
research_universe_v1_2__cost_0,research_universe_v1_2,0.0,26,2023-05-24,2023-06-21,300058,蓝色光标,AI,0.017857142857142856,0.07565337001375516,0.0013509530359599134,0.0018815004461706386
research_universe_v1_2__cost_0,research_universe_v1_2,0.0,26,2023-05-24,2023-06-21,300101,振芯科技,商业航天,0.017857142857142856,-0.12639074321317312,-0.0022569775573780915,-0.003143339678115948
research_universe_v1_2__cost_0,research_universe_v1_2,0.0,26,2023-05-24,2023-06-21,300113,顺网科技,AI,0.017857142857142856,0.2592592592592593,0.00462962962962963,0.0064477816636783715
research_universe_v1_2__cost_0,research_universe_v1_2,0.0,26,2023-05-24,2023-06-21,300133,华策影视,AI,0.017857142857142856,0.07288629737609331,0.0013015410245730949,0.001812683308197793
research_universe_v1_2__cost_0,research_universe_v1_2,0.0,26,2023-05-24,2023-06-21,300170,汉得信息,AI,0.017857142857142856,0.27007299270072993,0.004822732012513035,0.006716719376449106
research_universe_v1_2__cost_0,research_universe_v1_2,0.0,26,2023-05-24,2023-06-21,300182,捷成股份,AI,0.017857142857142856,0.15771230502599654,0.002816291161178509,0.003922307389863272
research_universe_v1_2__cost_0,research_universe_v1_2,0.0,26,2023-05-24,2023-06-21,300339,润和软件,AI,0.017857142857142856,0.12410714285714297,0.0022161989795918386,0.003086546503033794
research_universe_v1_2__cost_0,research_universe_v1_2,0.0,26,2023-05-24,2023-06-21,300348,长亮科技,AI,0.017857142857142856,0.07863089731729866,0.0014041231663803333,0.0019555515948383555
research_universe_v1_2__cost_0,research_universe_v1_2,0.0,26,2023-05-24,2023-06-21,300378,鼎捷数智,AI,0.017857142857142856,0.7211440245148113,0.012877571866335915,0.017934862698531614
research_universe_v1_2__cost_0,research_universe_v1_2,0.0,26,2023-05-24,2023-06-21,300413,芒果超媒,AI,0.017857142857142856,0.3002167630057804,0.0053610136251032205,0.007466395395744819
research_universe_v1_2__cost_0,research_universe_v1_2,0.0,26,2023-05-24,2023-06-21,300454,深信服,AI,0.017857142857142856,0.013501048218029332,0.00024109014675052377,0.0003357712715424958
research_universe_v1_2__cost_0,research_universe_v1_2,0.0,26,2023-05-24,2023-06-21,300458,全志科技,AI,0.017857142857142856,-0.04415454089312587,-0.0007884739445201047,-0.0010981240938212158
research_universe_v1_2__cost_0,research_universe_v1_2,0.0,26,2023-05-24,2023-06-21,300496,中科创达,AI,0.017857142857142856,0.26863335340156547,0.004797024167885098,0.00668091552550089
research_universe_v1_2__cost_0,research_universe_v1_2,0.0,26,2023-05-24,2023-06-21,300627,华测导航,商业航天,0.017857142857142856,0.09008097165991891,0.001608588779641409,0.002240315115358459
research_universe_v1_2__cost_0,research_universe_v1_2,0.0,26,2023-05-24,2023-06-21,300629,新劲刚,商业航天,0.017857142857142856,0.051851851851851816,0.0009259259259259252,0.001289556332735673
research_universe_v1_2__cost_0,research_universe_v1_2,0.0,26,2023-05-24,2023-06-21,300634,彩讯股份,AI,0.017857142857142856,0.13787700744222486,0.002462089418611158,0.003429003241654034
research_universe_v1_2__cost_0,research_universe_v1_2,0.0,26,2023-05-24,2023-06-21,300674,宇信科技,AI,0.017857142857142856,0.21158854166666674,0.003778366815476192,0.0052622102026392975
research_universe_v1_2__cost_0,research_universe_v1_2,0.0,26,2023-05-24,2023-06-21,300857,协创数据,AI,0.017857142857142856,-0.011860637509266136,-0.00021179709837975243,-0.00029497423262830235
research_universe_v1_2__cost_0,research_universe_v1_2,0.0,26,2023-05-24,2023-06-21,300996,普联软件,AI,0.017857142857142856,0.098915124441608,0.001766341507885857,0.0024600206274495336
research_universe_v1_2__cost_0,research_universe_v1_2,0.0,26,2023-05-24,2023-06-21,301050,雷电微力,商业航天,0.017857142857142856,-0.08031720211468085,-0.0014342357520478722,-0.0019974900204243855
research_universe_v1_2__cost_0,research_universe_v1_2,0.0,26,2023-05-24,2023-06-21,301110,青木科技,AI,0.017857142857142856,-0.14698162729658792,-0.0026246719160104987,-0.003655435273896399
research_universe_v1_2__cost_0,research_universe_v1_2,0.0,26,2023-05-24,2023-06-21,301165,锐捷网络,AI,0.017857142857142856,0.49406071271447427,0.008822512727044183,0.01228729733042498
research_universe_v1_2__cost_0,research_universe_v1_2,0.0,26,2023-05-24,2023-06-21,301171,易点天下,AI,0.017857142857142856,0.1393005334914048,0.0024875095266322284,0.003464406355833622
research_universe_v1_2__cost_0,research_universe_v1_2,0.0,27,2023-06-21,2023-07-21,000063,中兴通讯,AI,0.017857142857142856,-0.061707317073170787,-0.0011019163763066212,-0.0017256237277370066
research_universe_v1_2__cost_0,research_universe_v1_2,0.0,27,2023-06-21,2023-07-21,000681,视觉中国,AI,0.017857142857142856,-0.051954477981197456,-0.0009277585353785259,-0.0014528889638847067
research_universe_v1_2__cost_0,research_universe_v1_2,0.0,27,2023-06-21,2023-07-21,000901,航天科技,商业航天,0.017857142857142856,-0.04635761589403975,-0.0008278145695364241,-0.001296374656075493
research_universe_v1_2__cost_0,research_universe_v1_2,0.0,27,2023-06-21,2023-07-21,000938,紫光股份,AI,0.017857142857142856,-0.25667125171939487,-0.004583415209274908,-0.007177722565214529
research_universe_v1_2__cost_0,research_universe_v1_2,0.0,27,2023-06-21,2023-07-21,000977,浪潮信息,AI,0.017857142857142856,-0.308311432325887,-0.005505561291533696,-0.008621822311983964
research_universe_v1_2__cost_0,research_universe_v1_2,0.0,27,2023-06-21,2023-07-21,001208,华菱线缆,商业航天,0.017857142857142856,0.013215859030836885,0.0002359974826935158,0.0003695769157974782
research_universe_v1_2__cost_0,research_universe_v1_2,0.0,27,2023-06-21,2023-07-21,002015,协鑫能科,AI,0.017857142857142856,-0.05748865355521937,-0.0010265830992003458,-0.0016076502650877842
research_universe_v1_2__cost_0,research_universe_v1_2,0.0,27,2023-06-21,2023-07-21,002044,美年健康,AI,0.017857142857142856,0.03587443946188329,0.000640614990390773,0.0010032162617163293
research_universe_v1_2__cost_0,research_universe_v1_2,0.0,27,2023-06-21,2023-07-21,002049,紫光国微,AI|商业航天,0.017857142857142856,-0.009635003400589426,-0.0001720536321533826,-0.0002694395295969319
research_universe_v1_2__cost_0,research_universe_v1_2,0.0,27,2023-06-21,2023-07-21,002065,东华软件,AI,0.017857142857142856,-0.132,-0.002357142857142857,-0.0036913342349852458
research_universe_v1_2__cost_0,research_universe_v1_2,0.0,27,2023-06-21,2023-07-21,002131,利欧股份,AI,0.017857142857142856,-0.017857142857142905,-0.000318877551020409,-0.000499368808845408
research_universe_v1_2__cost_0,research_universe_v1_2,0.0,27,2023-06-21,2023-07-21,002212,天融信,AI,0.017857142857142856,-0.08852140077821014,-0.0015807392996108952,-0.002475470281980732
research_universe_v1_2__cost_0,research_universe_v1_2,0.0,27,2023-06-21,2023-07-21,002230,科大讯飞,AI,0.017857142857142856,-0.16647218980941259,-0.0029727176751680818,-0.004655337071336717
research_universe_v1_2__cost_0,research_universe_v1_2,0.0,27,2023-06-21,2023-07-21,002236,大华股份,AI,0.017857142857142856,-0.07006048387096775,-0.001251080069124424,-0.0019592171411555673
research_universe_v1_2__cost_0,research_universe_v1_2,0.0,27,2023-06-21,2023-07-21,002279,久其软件,AI,0.017857142857142856,-0.08620689655172409,-0.0015394088669950729,-0.002410745973736444
research_universe_v1_2__cost_0,research_universe_v1_2,0.0,27,2023-06-21,2023-07-21,002315,焦点科技,AI,0.017857142857142856,-0.21821036106750402,-0.003896613590491143,-0.006102177092704312
research_universe_v1_2__cost_0,research_universe_v1_2,0.0,27,2023-06-21,2023-07-21,002361,神剑股份,商业航天,0.017857142857142856,0.04918032786885229,0.0008782201405152194,0.0013753108178037382
research_universe_v1_2__cost_0,research_universe_v1_2,0.0,27,2023-06-21,2023-07-21,002373,千方科技,AI,0.017857142857142856,-0.08913043478260874,-0.0015916149068322988,-0.002492501706758813
research_universe_v1_2__cost_0,research_universe_v1_2,0.0,27,2023-06-21,2023-07-21,002396,星网锐捷,AI,0.017857142857142856,-0.09585037989479828,-0.0017116139266928263,-0.002680422641984927
research_universe_v1_2__cost_0,research_universe_v1_2,0.0,27,2023-06-21,2023-07-21,002410,广联达,AI,0.017857142857142856,-0.2466703662597115,-0.00440482796892342,-0.00689805127068805
research_universe_v1_2__cost_0,research_universe_v1_2,0.0,27,2023-06-21,2023-07-21,002446,盛路通信,商业航天,0.017857142857142856,-0.05071664829106959,-0.0009056544337690997,-0.0014182734857615994
research_universe_v1_2__cost_0,research_universe_v1_2,0.0,27,2023-06-21,2023-07-21,002544,普天科技,商业航天,0.017857142857142856,-0.10403397027600847,-0.001857749469214437,-0.002909273909706572
research_universe_v1_2__cost_0,research_universe_v1_2,0.0,27,2023-06-21,2023-07-21,002558,巨人网络,AI,0.017857142857142856,-0.2883530015392509,-0.005149160741772338,-0.008063691714716593
research_universe_v1_2__cost_0,research_universe_v1_2,0.0,27,2023-06-21,2023-07-21,002757,南兴股份,AI,0.017857142857142856,-0.1594202898550725,-0.002846790890269152,-0.0044581331340401535
research_universe_v1_2__cost_0,research_universe_v1_2,0.0,27,2023-06-21,2023-07-21,002792,通宇通讯,商业航天,0.017857142857142856,-0.109697933227345,-0.001958891664774018,-0.0030676646699183646
research_universe_v1_2__cost_0,research_universe_v1_2,0.0,27,2023-06-21,2023-07-21,002881,美格智能,AI,0.017857142857142856,-0.14436424208772913,-0.0025779328944237345,-0.004037095978228276
research_universe_v1_2__cost_0,research_universe_v1_2,0.0,27,2023-06-21,2023-07-21,002929,润建股份,AI,0.017857142857142856,-0.08761766835626361,-0.0015646012206475643,-0.002450197718129237
research_universe_v1_2__cost_0,research_universe_v1_2,0.0,27,2023-06-21,2023-07-21,002935,天奥电子,商业航天,0.017857142857142856,-0.1207865168539326,-0.0021569020866773676,-0.0033777530665723013
research_universe_v1_2__cost_0,research_universe_v1_2,0.0,27,2023-06-21,2023-07-21,002987,京北方,AI,0.017857142857142856,-0.13507853403141368,-0.002412116679132387,-0.003777424371831643
research_universe_v1_2__cost_0,research_universe_v1_2,0.0,27,2023-06-21,2023-07-21,300002,神州泰岳,AI,0.017857142857142856,-0.2594202898550725,-0.004632505175983437,-0.00725459846357443
research_universe_v1_2__cost_0,research_universe_v1_2,0.0,27,2023-06-21,2023-07-21,300017,网宿科技,AI,0.017857142857142856,-0.16440217391304346,-0.0029357531055900616,-0.004597449794478906
research_universe_v1_2__cost_0,research_universe_v1_2,0.0,27,2023-06-21,2023-07-21,300033,同花顺,AI,0.017857142857142856,-0.20561299852289516,-0.003671660687908842,-0.005749896216708589
research_universe_v1_2__cost_0,research_universe_v1_2,0.0,27,2023-06-21,2023-07-21,300047,天源迪科,AI,0.017857142857142856,-0.1155234657039712,-0.002062919030428057,-0.003230573665887976
research_universe_v1_2__cost_0,research_universe_v1_2,0.0,27,2023-06-21,2023-07-21,300058,蓝色光标,AI,0.017857142857142856,-0.19309462915601028,-0.0034481183777858976,-0.005399824357540613
research_universe_v1_2__cost_0,research_universe_v1_2,0.0,27,2023-06-21,2023-07-21,300101,振芯科技,商业航天,0.017857142857142856,0.05247070809984722,0.0009369769303544146,0.0014673251601733611
research_universe_v1_2__cost_0,research_universe_v1_2,0.0,27,2023-06-21,2023-07-21,300113,顺网科技,AI,0.017857142857142856,-0.1136877828054299,-0.002030138978668391,-0.0031792394300700784
research_universe_v1_2__cost_0,research_universe_v1_2,0.0,27,2023-06-21,2023-07-21,300133,华策影视,AI,0.017857142857142856,-0.0910326086956521,-0.0016255822981366447,-0.0025456953407445165
research_universe_v1_2__cost_0,research_universe_v1_2,0.0,27,2023-06-21,2023-07-21,300170,汉得信息,AI,0.017857142857142856,-0.046798029556650245,-0.0008356790992258972,-0.0013086906714569278
research_universe_v1_2__cost_0,research_universe_v1_2,0.0,27,2023-06-21,2023-07-21,300182,捷成股份,AI,0.017857142857142856,-0.1511976047904191,-0.002699957228400341,-0.0042281885970503275
research_universe_v1_2__cost_0,research_universe_v1_2,0.0,27,2023-06-21,2023-07-21,300339,润和软件,AI,0.017857142857142856,-0.11993645750595705,-0.0021417224554635184,-0.0033539814516256997
research_universe_v1_2__cost_0,research_universe_v1_2,0.0,27,2023-06-21,2023-07-21,300348,长亮科技,AI,0.017857142857142856,-0.146655231560892,-0.002618843420730214,-0.004101162704548556
research_universe_v1_2__cost_0,research_universe_v1_2,0.0,27,2023-06-21,2023-07-21,300378,鼎捷数智,AI,0.017857142857142856,-0.09317507418397641,-0.00166384061042815,-0.002605608645322743
research_universe_v1_2__cost_0,research_universe_v1_2,0.0,27,2023-06-21,2023-07-21,300413,芒果超媒,AI,0.017857142857142856,-0.12586829674909694,-0.002247648156233874,-0.0035198632794638156
research_universe_v1_2__cost_0,research_universe_v1_2,0.0,27,2023-06-21,2023-07-21,300454,深信服,AI,0.017857142857142856,-0.10781069005460864,-0.001925190893832297,-0.0030148885689087897
research_universe_v1_2__cost_0,research_universe_v1_2,0.0,27,2023-06-21,2023-07-21,300458,全志科技,AI,0.017857142857142856,-0.015748031496063075,-0.0002812148481439835,-0.00044038824087154206
research_universe_v1_2__cost_0,research_universe_v1_2,0.0,27,2023-06-21,2023-07-21,300496,中科创达,AI,0.017857142857142856,-0.15973804100227784,-0.0028524650178978184,-0.004467018934705948
research_universe_v1_2__cost_0,research_universe_v1_2,0.0,27,2023-06-21,2023-07-21,300627,华测导航,商业航天,0.017857142857142856,0.019034354688950872,0.0003398991908741227,0.0005322891295770931
research_universe_v1_2__cost_0,research_universe_v1_2,0.0,27,2023-06-21,2023-07-21,300629,新劲刚,商业航天,0.017857142857142856,-0.018611670020120652,-0.00033235125035929736,-0.0005204688993599993
research_universe_v1_2__cost_0,research_universe_v1_2,0.0,27,2023-06-21,2023-07-21,300634,彩讯股份,AI,0.017857142857142856,-0.12805507745266786,-0.002286697811654783,-0.003581015843672122
research_universe_v1_2__cost_0,research_universe_v1_2,0.0,27,2023-06-21,2023-07-21,300674,宇信科技,AI,0.017857142857142856,-0.1488447071466953,-0.00265794119904813,-0.004162390630204162
research_universe_v1_2__cost_0,research_universe_v1_2,0.0,27,2023-06-21,2023-07-21,300857,协创数据,AI,0.017857142857142856,-0.06676669167291827,-0.0011922623513021119,-0.0018671073843102087
research_universe_v1_2__cost_0,research_universe_v1_2,0.0,27,2023-06-21,2023-07-21,300996,普联软件,AI,0.017857142857142856,-0.2148664343786295,-0.0038369006139040984,-0.006008665342204894
research_universe_v1_2__cost_0,research_universe_v1_2,0.0,27,2023-06-21,2023-07-21,301050,雷电微力,商业航天,0.017857142857142856,-0.037143488834844085,-0.0006632765863365015,-0.00103870478744585
research_universe_v1_2__cost_0,research_universe_v1_2,0.0,27,2023-06-21,2023-07-21,301110,青木科技,AI,0.017857142857142856,-0.017692307692307674,-0.0003159340659340656,-0.00049475925060991
research_universe_v1_2__cost_0,research_universe_v1_2,0.0,27,2023-06-21,2023-07-21,301165,锐捷网络,AI,0.017857142857142856,-0.2550058892815077,-0.004553676594312637,-0.0071311512820279276
research_universe_v1_2__cost_0,research_universe_v1_2,0.0,27,2023-06-21,2023-07-21,301171,易点天下,AI,0.017857142857142856,-0.16701352757544208,-0.002982384420990037,-0.004670475394279407
research_universe_v1_2__cost_0,research_universe_v1_2,0.0,28,2023-07-21,2023-08-18,000063,中兴通讯,AI,0.017857142857142856,-0.13854951910579671,-0.0024740985554606554,-0.004108356367051781
research_universe_v1_2__cost_0,research_universe_v1_2,0.0,28,2023-07-21,2023-08-18,000681,视觉中国,AI,0.017857142857142856,-0.214509394572025,-0.0038305249030718747,-0.0063607657584827376
research_universe_v1_2__cost_0,research_universe_v1_2,0.0,28,2023-07-21,2023-08-18,000901,航天科技,商业航天,0.017857142857142856,-0.039682539682539764,-0.0007086167800453529,-0.0011766913058792873
research_universe_v1_2__cost_0,research_universe_v1_2,0.0,28,2023-07-21,2023-08-18,000938,紫光股份,AI,0.017857142857142856,-0.07660991857883048,-0.0013680342603362586,-0.002271684873422909
research_universe_v1_2__cost_0,research_universe_v1_2,0.0,28,2023-07-21,2023-08-18,000977,浪潮信息,AI,0.017857142857142856,-0.035620992638328186,-0.0006360891542558604,-0.0010562557910766318
research_universe_v1_2__cost_0,research_universe_v1_2,0.0,28,2023-07-21,2023-08-18,001208,华菱线缆,商业航天,0.017857142857142856,-0.0021739130434782483,-3.8819875776397287e-05,-6.446221936556045e-05
research_universe_v1_2__cost_0,research_universe_v1_2,0.0,28,2023-07-21,2023-08-18,002015,协鑫能科,AI,0.017857142857142856,-0.0449438202247191,-0.0008025682182985553,-0.0013327020632879988
research_universe_v1_2__cost_0,research_universe_v1_2,0.0,28,2023-07-21,2023-08-18,002044,美年健康,AI,0.017857142857142856,-0.059163059163059195,-0.0010564831993403426,-0.0017543397651291165
research_universe_v1_2__cost_0,research_universe_v1_2,0.0,28,2023-07-21,2023-08-18,002049,紫光国微,AI|商业航天,0.017857142857142856,-0.017855099004234876,-0.0003188410536470513,-0.0005294504820502057
research_universe_v1_2__cost_0,research_universe_v1_2,0.0,28,2023-07-21,2023-08-18,002065,东华软件,AI,0.017857142857142856,-0.013824884792626668,-0.0002468729427254762,-0.00040994406785471683
research_universe_v1_2__cost_0,research_universe_v1_2,0.0,28,2023-07-21,2023-08-18,002131,利欧股份,AI,0.017857142857142856,-0.00909090909090915,-0.00016233766233766337,-0.0002695692809832561
research_universe_v1_2__cost_0,research_universe_v1_2,0.0,28,2023-07-21,2023-08-18,002212,天融信,AI,0.017857142857142856,0.002134471718249875,3.81155663973192e-05,6.329268070044813e-05
research_universe_v1_2__cost_0,research_universe_v1_2,0.0,28,2023-07-21,2023-08-18,002230,科大讯飞,AI,0.017857142857142856,-0.12241406128480325,-0.002185965380085772,-0.0036298977531062887
research_universe_v1_2__cost_0,research_universe_v1_2,0.0,28,2023-07-21,2023-08-18,002236,大华股份,AI,0.017857142857142856,-0.04552845528455285,-0.0008130081300813008,-0.0013500380250868673
research_universe_v1_2__cost_0,research_universe_v1_2,0.0,28,2023-07-21,2023-08-18,002279,久其软件,AI,0.017857142857142856,0.06289308176100628,0.0011230907457322548,0.0018649447112049039
research_universe_v1_2__cost_0,research_universe_v1_2,0.0,28,2023-07-21,2023-08-18,002315,焦点科技,AI,0.017857142857142856,-0.11526104417670668,-0.002058232931726905,-0.003417792048450333
research_universe_v1_2__cost_0,research_universe_v1_2,0.0,28,2023-07-21,2023-08-18,002361,神剑股份,商业航天,0.017857142857142856,-0.01041666666666663,-0.0001860119047619041,-0.0003088814677933112
research_universe_v1_2__cost_0,research_universe_v1_2,0.0,28,2023-07-21,2023-08-18,002373,千方科技,AI,0.017857142857142856,-0.0342084327764518,-0.0006108648710080679,-0.0010143696889823315
research_universe_v1_2__cost_0,research_universe_v1_2,0.0,28,2023-07-21,2023-08-18,002396,星网锐捷,AI,0.017857142857142856,-0.04395604395604402,-0.0007849293563579289,-0.001303411908050902
research_universe_v1_2__cost_0,research_universe_v1_2,0.0,28,2023-07-21,2023-08-18,002410,广联达,AI,0.017857142857142856,0.047882136279926435,0.0008550381478558292,0.0014198308353814163
research_universe_v1_2__cost_0,research_universe_v1_2,0.0,28,2023-07-21,2023-08-18,002446,盛路通信,商业航天,0.017857142857142856,-0.08478513356562134,-0.001514020242243238,-0.0025141014242689103
research_universe_v1_2__cost_0,research_universe_v1_2,0.0,28,2023-07-21,2023-08-18,002544,普天科技,商业航天,0.017857142857142856,0.05876777251184828,0.0010494245091401478,0.0017426184799107039
research_universe_v1_2__cost_0,research_universe_v1_2,0.0,28,2023-07-21,2023-08-18,002558,巨人网络,AI,0.017857142857142856,-0.10598413842826238,-0.0018925739005046852,-0.0031427074790910023
research_universe_v1_2__cost_0,research_universe_v1_2,0.0,28,2023-07-21,2023-08-18,002757,南兴股份,AI,0.017857142857142856,-0.014890282131661436,-0.0002658978952082399,-0.00044153589126567504
research_universe_v1_2__cost_0,research_universe_v1_2,0.0,28,2023-07-21,2023-08-18,002792,通宇通讯,商业航天,0.017857142857142856,-0.06339285714285703,-0.001132015306122447,-0.0018797643611421543
research_universe_v1_2__cost_0,research_universe_v1_2,0.0,28,2023-07-21,2023-08-18,002881,美格智能,AI,0.017857142857142856,-0.12719013627514608,-0.002271252433484751,-0.003771520894223859
research_universe_v1_2__cost_0,research_universe_v1_2,0.0,28,2023-07-21,2023-08-18,002929,润建股份,AI,0.017857142857142856,-0.05661375661375667,-0.001010959939531369,-0.001678746263054448
research_universe_v1_2__cost_0,research_universe_v1_2,0.0,28,2023-07-21,2023-08-18,002935,天奥电子,商业航天,0.017857142857142856,-0.05047923322683712,-0.0009014148790506628,-0.0014968415666098932
research_universe_v1_2__cost_0,research_universe_v1_2,0.0,28,2023-07-21,2023-08-18,002987,京北方,AI,0.017857142857142856,-0.012106537530266248,-0.00021618817018332584,-0.00035899056789537217
research_universe_v1_2__cost_0,research_universe_v1_2,0.0,28,2023-07-21,2023-08-18,300002,神州泰岳,AI,0.017857142857142856,-0.0772994129158514,-0.0013803466592116323,-0.0022921301876169123
research_universe_v1_2__cost_0,research_universe_v1_2,0.0,28,2023-07-21,2023-08-18,300017,网宿科技,AI,0.017857142857142856,-0.03739837398373991,-0.0006678281068524983,-0.0011089598063213574
research_universe_v1_2__cost_0,research_universe_v1_2,0.0,28,2023-07-21,2023-08-18,300033,同花顺,AI,0.017857142857142856,0.10608032725920413,0.0018942915582000736,0.003145559730030517
research_universe_v1_2__cost_0,research_universe_v1_2,0.0,28,2023-07-21,2023-08-18,300047,天源迪科,AI,0.017857142857142856,-0.0054421768707483276,-9.718172983479156e-05,-0.00016137480766344563
research_universe_v1_2__cost_0,research_universe_v1_2,0.0,28,2023-07-21,2023-08-18,300058,蓝色光标,AI,0.017857142857142856,-0.0855784469096672,-0.001528186551958343,-0.002537625244121285
research_universe_v1_2__cost_0,research_universe_v1_2,0.0,28,2023-07-21,2023-08-18,300101,振芯科技,商业航天,0.017857142857142856,0.00968054211035807,0.00017286682339925124,0.0002870534453839075
research_universe_v1_2__cost_0,research_universe_v1_2,0.0,28,2023-07-21,2023-08-18,300113,顺网科技,AI,0.017857142857142856,-0.11423101467772812,-0.0020398395478165732,-0.0033872489741929015
research_universe_v1_2__cost_0,research_universe_v1_2,0.0,28,2023-07-21,2023-08-18,300133,华策影视,AI,0.017857142857142856,-0.11210762331838564,-0.002001921844971172,-0.0033242848551746605
research_universe_v1_2__cost_0,research_universe_v1_2,0.0,28,2023-07-21,2023-08-18,300170,汉得信息,AI,0.017857142857142856,-0.2006890611541774,-0.003583733234896025,-0.005950956650818956
research_universe_v1_2__cost_0,research_universe_v1_2,0.0,28,2023-07-21,2023-08-18,300182,捷成股份,AI,0.017857142857142856,-0.1128747795414462,-0.0020156210632401106,-0.00334703304783441
research_universe_v1_2__cost_0,research_universe_v1_2,0.0,28,2023-07-21,2023-08-18,300339,润和软件,AI,0.017857142857142856,-0.10018050541516244,-0.001788937596699329,-0.002970614549463479
research_universe_v1_2__cost_0,research_universe_v1_2,0.0,28,2023-07-21,2023-08-18,300348,长亮科技,AI,0.017857142857142856,0.052261306532663365,0.000933237616654703,0.001549684710778107
research_universe_v1_2__cost_0,research_universe_v1_2,0.0,28,2023-07-21,2023-08-18,300378,鼎捷数智,AI,0.017857142857142856,-0.15674083769633507,-0.0027989435302916976,-0.004647776641036542
research_universe_v1_2__cost_0,research_universe_v1_2,0.0,28,2023-07-21,2023-08-18,300413,芒果超媒,AI,0.017857142857142856,-0.1048951048951049,-0.001873126873126873,-0.0031104147805760115
research_universe_v1_2__cost_0,research_universe_v1_2,0.0,28,2023-07-21,2023-08-18,300454,深信服,AI,0.017857142857142856,0.009830288416952548,0.00017554086458843835,0.0002914938158457503
research_universe_v1_2__cost_0,research_universe_v1_2,0.0,28,2023-07-21,2023-08-18,300458,全志科技,AI,0.017857142857142856,-0.19679999999999997,-0.0035142857142857137,-0.00583563579472549
research_universe_v1_2__cost_0,research_universe_v1_2,0.0,28,2023-07-21,2023-08-18,300496,中科创达,AI,0.017857142857142856,-0.10301592680447313,-0.0018395701215084487,-0.003054692225035592
research_universe_v1_2__cost_0,research_universe_v1_2,0.0,28,2023-07-21,2023-08-18,300627,华测导航,商业航天,0.017857142857142856,-0.02733485193621854,-0.0004881223560039025,-0.0008105500020453164
research_universe_v1_2__cost_0,research_universe_v1_2,0.0,28,2023-07-21,2023-08-18,300629,新劲刚,商业航天,0.017857142857142856,-0.09892362890825235,-0.001766493373361649,-0.0029333448668757045
research_universe_v1_2__cost_0,research_universe_v1_2,0.0,28,2023-07-21,2023-08-18,300634,彩讯股份,AI,0.017857142857142856,-0.15475720489538092,-0.002763521515988945,-0.00458895672956886
research_universe_v1_2__cost_0,research_universe_v1_2,0.0,28,2023-07-21,2023-08-18,300674,宇信科技,AI,0.017857142857142856,0.08207070707070718,0.0014655483405483425,0.0024336115644321608
research_universe_v1_2__cost_0,research_universe_v1_2,0.0,28,2023-07-21,2023-08-18,300857,协创数据,AI,0.017857142857142856,-0.03858520900321538,-0.0006890215893431318,-0.00114415257523439
research_universe_v1_2__cost_0,research_universe_v1_2,0.0,28,2023-07-21,2023-08-18,300996,普联软件,AI,0.017857142857142856,-0.008136094674556116,-0.00014528740490278778,-0.00024125653105749547
research_universe_v1_2__cost_0,research_universe_v1_2,0.0,28,2023-07-21,2023-08-18,301050,雷电微力,商业航天,0.017857142857142856,-0.0551090700344431,-0.000984090536329341,-0.0016341283623324697
research_universe_v1_2__cost_0,research_universe_v1_2,0.0,28,2023-07-21,2023-08-18,301110,青木科技,AI,0.017857142857142856,-0.10297572435395452,-0.0018388522206063307,-0.0030535001170107845
research_universe_v1_2__cost_0,research_universe_v1_2,0.0,28,2023-07-21,2023-08-18,301165,锐捷网络,AI,0.017857142857142856,-0.08774703557312258,-0.001566911349520046,-0.0026019295816644564
research_universe_v1_2__cost_0,research_universe_v1_2,0.0,28,2023-07-21,2023-08-18,301171,易点天下,AI,0.017857142857142856,-0.09931292941911318,-0.0017734451681984495,-0.002944888647343613
research_universe_v1_2__cost_0,research_universe_v1_2,0.0,29,2023-08-18,2023-09-15,000063,中兴通讯,AI,0.017857142857142856,-0.0582377791188895,-0.001039960341408741,-0.001764802613813886
research_universe_v1_2__cost_0,research_universe_v1_2,0.0,29,2023-08-18,2023-09-15,000681,视觉中国,AI,0.017857142857142856,-0.04784053156146184,-0.0008542952064546757,-0.0014497306803811286
research_universe_v1_2__cost_0,research_universe_v1_2,0.0,29,2023-08-18,2023-09-15,000901,航天科技,商业航天,0.017857142857142856,0.005165289256198413,9.223730814640023e-05,0.00015652581740513262
research_universe_v1_2__cost_0,research_universe_v1_2,0.0,29,2023-08-18,2023-09-15,000938,紫光股份,AI,0.017857142857142856,-0.024448897795591118,-0.00043658746063555563,-0.0007408846866643789
research_universe_v1_2__cost_0,research_universe_v1_2,0.0,29,2023-08-18,2023-09-15,000977,浪潮信息,AI,0.017857142857142856,-0.1243536074858409,-0.0022206001336757303,-0.003768336891422016
research_universe_v1_2__cost_0,research_universe_v1_2,0.0,29,2023-08-18,2023-09-15,001208,华菱线缆,商业航天,0.017857142857142856,-0.027233115468409563,-0.00048630563336445645,-0.0008252559436174635
research_universe_v1_2__cost_0,research_universe_v1_2,0.0,29,2023-08-18,2023-09-15,002015,协鑫能科,AI,0.017857142857142856,-0.006722689075630228,-0.00012004801920768264,-0.00020372032436728188
research_universe_v1_2__cost_0,research_universe_v1_2,0.0,29,2023-08-18,2023-09-15,002044,美年健康,AI,0.017857142857142856,0.039877300613497146,0.000712094653812449,0.0012084177216111498
research_universe_v1_2__cost_0,research_universe_v1_2,0.0,29,2023-08-18,2023-09-15,002049,紫光国微,AI|商业航天,0.017857142857142856,0.01876238200675906,0.0003350425358349832,0.0005685639340625735
research_universe_v1_2__cost_0,research_universe_v1_2,0.0,29,2023-08-18,2023-09-15,002065,东华软件,AI,0.017857142857142856,-0.02180685358255452,-0.00038940809968847356,-0.0006608217686835921
research_universe_v1_2__cost_0,research_universe_v1_2,0.0,29,2023-08-18,2023-09-15,002131,利欧股份,AI,0.017857142857142856,0.01834862385321112,0.00032765399737877003,0.0005560256559565775
research_universe_v1_2__cost_0,research_universe_v1_2,0.0,29,2023-08-18,2023-09-15,002212,天融信,AI,0.017857142857142856,-0.021299254526091715,-0.0003803438308230663,-0.0006454397923244615
research_universe_v1_2__cost_0,research_universe_v1_2,0.0,29,2023-08-18,2023-09-15,002230,科大讯飞,AI,0.017857142857142856,-0.15278270116979797,-0.0027282625208892492,-0.004629835039203101
research_universe_v1_2__cost_0,research_universe_v1_2,0.0,29,2023-08-18,2023-09-15,002236,大华股份,AI,0.017857142857142856,0.047700170357751315,0.0008517887563884163,0.001445477258926291
research_universe_v1_2__cost_0,research_universe_v1_2,0.0,29,2023-08-18,2023-09-15,002279,久其软件,AI,0.017857142857142856,0.02366863905325456,0.0004226542688081171,0.0007172401952575963
research_universe_v1_2__cost_0,research_universe_v1_2,0.0,29,2023-08-18,2023-09-15,002315,焦点科技,AI,0.017857142857142856,-0.10803449841125745,-0.0019291874716295973,-0.003273812430055709
research_universe_v1_2__cost_0,research_universe_v1_2,0.0,29,2023-08-18,2023-09-15,002361,神剑股份,商业航天,0.017857142857142856,0.0,0.0,0.0
research_universe_v1_2__cost_0,research_universe_v1_2,0.0,29,2023-08-18,2023-09-15,002373,千方科技,AI,0.017857142857142856,-0.01976935749588138,-0.00035302424099788177,-0.0005990787133370665
research_universe_v1_2__cost_0,research_universe_v1_2,0.0,29,2023-08-18,2023-09-15,002396,星网锐捷,AI,0.017857142857142856,-0.04259634888438124,-0.0007606490872210936,-0.0012908141242237274
research_universe_v1_2__cost_0,research_universe_v1_2,0.0,29,2023-08-18,2023-09-15,002410,广联达,AI,0.017857142857142856,-0.1827768014059754,-0.003263871453678132,-0.005538758203799406
research_universe_v1_2__cost_0,research_universe_v1_2,0.0,29,2023-08-18,2023-09-15,002446,盛路通信,商业航天,0.017857142857142856,0.16624365482233494,0.002968636693255981,0.005037747678555785
research_universe_v1_2__cost_0,research_universe_v1_2,0.0,29,2023-08-18,2023-09-15,002544,普天科技,商业航天,0.017857142857142856,-0.05058191584601612,-0.0009032484972502879,-0.0015328039401112633
research_universe_v1_2__cost_0,research_universe_v1_2,0.0,29,2023-08-18,2023-09-15,002558,巨人网络,AI,0.017857142857142856,-0.05483870967741933,-0.0009792626728110593,-0.0016617992588508566
research_universe_v1_2__cost_0,research_universe_v1_2,0.0,29,2023-08-18,2023-09-15,002757,南兴股份,AI,0.017857142857142856,0.003977724741447863,7.103079895442613e-05,0.00012053857696751419
research_universe_v1_2__cost_0,research_universe_v1_2,0.0,29,2023-08-18,2023-09-15,002792,通宇通讯,商业航天,0.017857142857142856,0.23641563393708287,0.00422170774887648,0.007164197107634941
research_universe_v1_2__cost_0,research_universe_v1_2,0.0,29,2023-08-18,2023-09-15,002881,美格智能,AI,0.017857142857142856,0.06319702602230493,0.0011285183218268735,0.0019150846477463442
research_universe_v1_2__cost_0,research_universe_v1_2,0.0,29,2023-08-18,2023-09-15,002929,润建股份,AI,0.017857142857142856,-0.02776219854178341,-0.0004957535453889894,-0.0008412889586970511
research_universe_v1_2__cost_0,research_universe_v1_2,0.0,29,2023-08-18,2023-09-15,002935,天奥电子,商业航天,0.017857142857142856,-0.009421265141318913,-0.000168236877523552,-0.00028549634959277464
research_universe_v1_2__cost_0,research_universe_v1_2,0.0,29,2023-08-18,2023-09-15,002987,京北方,AI,0.017857142857142856,-0.0625,-0.0011160714285714285,-0.0018939623906020803
research_universe_v1_2__cost_0,research_universe_v1_2,0.0,29,2023-08-18,2023-09-15,300002,神州泰岳,AI,0.017857142857142856,-0.05938494167550379,-0.0010604453870625677,-0.0017995655376240364
research_universe_v1_2__cost_0,research_universe_v1_2,0.0,29,2023-08-18,2023-09-15,300017,网宿科技,AI,0.017857142857142856,0.027027027027026973,0.00048262548262548166,0.0008190107635036007
research_universe_v1_2__cost_0,research_universe_v1_2,0.0,29,2023-08-18,2023-09-15,300033,同花顺,AI,0.017857142857142856,-0.16768933344540649,-0.002994452382953687,-0.005081556653611703
research_universe_v1_2__cost_0,research_universe_v1_2,0.0,29,2023-08-18,2023-09-15,300047,天源迪科,AI,0.017857142857142856,0.14363885088919282,0.0025649794801641574,0.004352745302614903
research_universe_v1_2__cost_0,research_universe_v1_2,0.0,29,2023-08-18,2023-09-15,300058,蓝色光标,AI,0.017857142857142856,-0.06759098786828421,-0.001206981926219361,-0.0020482366234587488
research_universe_v1_2__cost_0,research_universe_v1_2,0.0,29,2023-08-18,2023-09-15,300101,振芯科技,商业航天,0.017857142857142856,0.026366251198465918,0.00047082591425831995,0.0007989870104169836
research_universe_v1_2__cost_0,research_universe_v1_2,0.0,29,2023-08-18,2023-09-15,300113,顺网科技,AI,0.017857142857142856,-0.07348703170028825,-0.001312268423219433,-0.002226906787797261
research_universe_v1_2__cost_0,research_universe_v1_2,0.0,29,2023-08-18,2023-09-15,300133,华策影视,AI,0.017857142857142856,-0.03535353535353536,-0.0006313131313131314,-0.001071332261350672
research_universe_v1_2__cost_0,research_universe_v1_2,0.0,29,2023-08-18,2023-09-15,300170,汉得信息,AI,0.017857142857142856,-0.06465517241379304,-0.0011545566502463042,-0.0019592714385538745
research_universe_v1_2__cost_0,research_universe_v1_2,0.0,29,2023-08-18,2023-09-15,300182,捷成股份,AI,0.017857142857142856,0.007952286282306265,0.00014200511218404044,0.00024098129820782245
research_universe_v1_2__cost_0,research_universe_v1_2,0.0,29,2023-08-18,2023-09-15,300339,润和软件,AI,0.017857142857142856,0.19558676028084254,0.0034926207193007597,0.005926943489145929
research_universe_v1_2__cost_0,research_universe_v1_2,0.0,29,2023-08-18,2023-09-15,300348,长亮科技,AI,0.017857142857142856,-0.06781279847182431,-0.0012109428298540054,-0.0020549582385138154
research_universe_v1_2__cost_0,research_universe_v1_2,0.0,29,2023-08-18,2023-09-15,300378,鼎捷数智,AI,0.017857142857142856,-0.07372914241365924,-0.0013165918288153436,-0.002234243565165045
research_universe_v1_2__cost_0,research_universe_v1_2,0.0,29,2023-08-18,2023-09-15,300413,芒果超媒,AI,0.017857142857142856,-0.05397727272727271,-0.0009638798701298697,-0.0016356947918836143
research_universe_v1_2__cost_0,research_universe_v1_2,0.0,29,2023-08-18,2023-09-15,300454,深信服,AI,0.017857142857142856,-0.1121315088621544,-0.002002348372538471,-0.0033979657693821485
research_universe_v1_2__cost_0,research_universe_v1_2,0.0,29,2023-08-18,2023-09-15,300458,全志科技,AI,0.017857142857142856,0.030544488711819362,0.0005454372984253457,0.0009256018057656905
research_universe_v1_2__cost_0,research_universe_v1_2,0.0,29,2023-08-18,2023-09-15,300496,中科创达,AI,0.017857142857142856,-0.051882634428913166,-0.0009264756148020208,-0.001572220133339491
research_universe_v1_2__cost_0,research_universe_v1_2,0.0,29,2023-08-18,2023-09-15,300627,华测导航,商业航天,0.017857142857142856,-0.0430913348946137,-0.0007694881231181017,-0.0013058138824197983
research_universe_v1_2__cost_0,research_universe_v1_2,0.0,29,2023-08-18,2023-09-15,300629,新劲刚,商业航天,0.017857142857142856,0.014220705346985163,0.0002539411669104493,0.0004309356975203809
research_universe_v1_2__cost_0,research_universe_v1_2,0.0,29,2023-08-18,2023-09-15,300634,彩讯股份,AI,0.017857142857142856,-0.03596450256889305,-0.0006422232601588045,-0.0010898466441951256
research_universe_v1_2__cost_0,research_universe_v1_2,0.0,29,2023-08-18,2023-09-15,300674,宇信科技,AI,0.017857142857142856,-0.05192532088681445,-0.0009272378729788294,-0.0015735136780731396
research_universe_v1_2__cost_0,research_universe_v1_2,0.0,29,2023-08-18,2023-09-15,300857,协创数据,AI,0.017857142857142856,-0.024247491638796026,-0.0004329909221213576,-0.0007347813956850892
research_universe_v1_2__cost_0,research_universe_v1_2,0.0,29,2023-08-18,2023-09-15,300996,普联软件,AI,0.017857142857142856,-0.0894854586129753,-0.0015979546180888446,-0.0027117134899000677
research_universe_v1_2__cost_0,research_universe_v1_2,0.0,29,2023-08-18,2023-09-15,301050,雷电微力,商业航天,0.017857142857142856,0.019198055893073995,0.0003428224266620356,0.0005817663333465405
research_universe_v1_2__cost_0,research_universe_v1_2,0.0,29,2023-08-18,2023-09-15,301110,青木科技,AI,0.017857142857142856,0.009166302924487058,0.00016368398079441172,0.00027777012799750956
research_universe_v1_2__cost_0,research_universe_v1_2,0.0,29,2023-08-18,2023-09-15,301165,锐捷网络,AI,0.017857142857142856,-0.0823223570190641,-0.0014700420896261446,-0.0024946471695971935
research_universe_v1_2__cost_0,research_universe_v1_2,0.0,29,2023-08-18,2023-09-15,301171,易点天下,AI,0.017857142857142856,-0.1019417475728156,-0.0018203883495145642,-0.0030891813749626186
research_universe_v1_2__cost_0,research_universe_v1_2,0.0,30,2023-09-15,2023-10-23,000063,中兴通讯,AI,0.017857142857142856,-0.1416212752322974,-0.002528951343433882,-0.004646049064604622
research_universe_v1_2__cost_0,research_universe_v1_2,0.0,30,2023-09-15,2023-10-23,000681,视觉中国,AI,0.017857142857142856,-0.09141660851360789,-0.001632439437742998,-0.0029990271431838806
research_universe_v1_2__cost_0,research_universe_v1_2,0.0,30,2023-09-15,2023-10-23,000901,航天科技,商业航天,0.017857142857142856,-0.07399794450154173,-0.0013213918660989596,-0.0024275878060703126
research_universe_v1_2__cost_0,research_universe_v1_2,0.0,30,2023-09-15,2023-10-23,000938,紫光股份,AI,0.017857142857142856,-0.21076417419884963,-0.0037636459678366003,-0.006914361509473367
research_universe_v1_2__cost_0,research_universe_v1_2,0.0,30,2023-09-15,2023-10-23,000977,浪潮信息,AI,0.017857142857142856,-0.21006749156355464,-0.003751205206492047,-0.00689150603312824
research_universe_v1_2__cost_0,research_universe_v1_2,0.0,30,2023-09-15,2023-10-23,001208,华菱线缆,商业航天,0.017857142857142856,-0.07950727883538622,-0.0014197728363461823,-0.0026083278649800127
research_universe_v1_2__cost_0,research_universe_v1_2,0.0,30,2023-09-15,2023-10-23,002015,协鑫能科,AI,0.017857142857142856,-0.06091370558375642,-0.0010877447425670789,-0.0019983442769089792
research_universe_v1_2__cost_0,research_universe_v1_2,0.0,30,2023-09-15,2023-10-23,002044,美年健康,AI,0.017857142857142856,-0.1504424778761062,-0.002686472819216182,-0.004935438778295106
research_universe_v1_2__cost_0,research_universe_v1_2,0.0,30,2023-09-15,2023-10-23,002049,紫光国微,AI|商业航天,0.017857142857142856,-0.20338595287119654,-0.003631892015557081,-0.006672310459999616
research_universe_v1_2__cost_0,research_universe_v1_2,0.0,30,2023-09-15,2023-10-23,002065,东华软件,AI,0.017857142857142856,-0.07484076433121034,-0.0013364422202001847,-0.0024552374814092695
research_universe_v1_2__cost_0,research_universe_v1_2,0.0,30,2023-09-15,2023-10-23,002131,利欧股份,AI,0.017857142857142856,-0.11261261261261268,-0.0020109395109395123,-0.0036943864728891584
research_universe_v1_2__cost_0,research_universe_v1_2,0.0,30,2023-09-15,2023-10-23,002212,天融信,AI,0.017857142857142856,-0.09466811751904236,-0.0016905020985543279,-0.0031056966414529314
research_universe_v1_2__cost_0,research_universe_v1_2,0.0,30,2023-09-15,2023-10-23,002230,科大讯飞,AI,0.017857142857142856,0.08033472803347297,0.0014345487148834457,0.002635473289044815
research_universe_v1_2__cost_0,research_universe_v1_2,0.0,30,2023-09-15,2023-10-23,002236,大华股份,AI,0.017857142857142856,0.02655826558265595,0.00047425474254742764,0.0008712744943542205
research_universe_v1_2__cost_0,research_universe_v1_2,0.0,30,2023-09-15,2023-10-23,002279,久其软件,AI,0.017857142857142856,-0.06069364161849711,-0.001083815028901734,-0.001991124825041531
research_universe_v1_2__cost_0,research_universe_v1_2,0.0,30,2023-09-15,2023-10-23,002315,焦点科技,AI,0.017857142857142856,-0.09516539440203553,-0.0016993820428934914,-0.003122010382402448
research_universe_v1_2__cost_0,research_universe_v1_2,0.0,30,2023-09-15,2023-10-23,002361,神剑股份,商业航天,0.017857142857142856,-0.0736842105263158,-0.0013157894736842105,-0.0024172954016293676
research_universe_v1_2__cost_0,research_universe_v1_2,0.0,30,2023-09-15,2023-10-23,002373,千方科技,AI,0.017857142857142856,-0.10924369747899165,-0.0019507803121248508,-0.0035838653313472633
research_universe_v1_2__cost_0,research_universe_v1_2,0.0,30,2023-09-15,2023-10-23,002396,星网锐捷,AI,0.017857142857142856,-0.08121468926553677,-0.0014502623083131564,-0.002664341430871757
research_universe_v1_2__cost_0,research_universe_v1_2,0.0,30,2023-09-15,2023-10-23,002410,广联达,AI,0.017857142857142856,-0.20387096774193547,-0.003640552995391705,-0.006688221931512776
research_universe_v1_2__cost_0,research_universe_v1_2,0.0,30,2023-09-15,2023-10-23,002446,盛路通信,商业航天,0.017857142857142856,0.09466811751904247,0.0016905020985543298,0.0031056966414529353
research_universe_v1_2__cost_0,research_universe_v1_2,0.0,30,2023-09-15,2023-10-23,002544,普天科技,商业航天,0.017857142857142856,0.01084394153701096,0.00019364181316090998,0.00035574799303295107
research_universe_v1_2__cost_0,research_universe_v1_2,0.0,30,2023-09-15,2023-10-23,002558,巨人网络,AI,0.017857142857142856,-0.09385665529010245,-0.0016760117016089723,-0.0030790756883260495
research_universe_v1_2__cost_0,research_universe_v1_2,0.0,30,2023-09-15,2023-10-23,002757,南兴股份,AI,0.017857142857142856,-0.02773375594294769,-0.0004952456418383516,-0.0009098378096465525
research_universe_v1_2__cost_0,research_universe_v1_2,0.0,30,2023-09-15,2023-10-23,002792,通宇通讯,商业航天,0.017857142857142856,0.12336160370084803,0.0022028857803722862,0.004047019507078573
research_universe_v1_2__cost_0,research_universe_v1_2,0.0,30,2023-09-15,2023-10-23,002881,美格智能,AI,0.017857142857142856,-0.09580419580419586,-0.0017107892107892117,-0.0031429669982224015
research_universe_v1_2__cost_0,research_universe_v1_2,0.0,30,2023-09-15,2023-10-23,002929,润建股份,AI,0.017857142857142856,-0.018171329679838588,-0.00032448802999711764,-0.0005961314013248117
research_universe_v1_2__cost_0,research_universe_v1_2,0.0,30,2023-09-15,2023-10-23,002935,天奥电子,商业航天,0.017857142857142856,-0.05774456521739135,-0.0010311529503105599,-0.001894376976723327
research_universe_v1_2__cost_0,research_universe_v1_2,0.0,30,2023-09-15,2023-10-23,002987,京北方,AI,0.017857142857142856,-0.07320261437908504,-0.0013071895424836613,-0.002401496085278851
research_universe_v1_2__cost_0,research_universe_v1_2,0.0,30,2023-09-15,2023-10-23,300002,神州泰岳,AI,0.017857142857142856,-0.08568207440811726,-0.0015300370430020938,-0.002810899146362383
research_universe_v1_2__cost_0,research_universe_v1_2,0.0,30,2023-09-15,2023-10-23,300017,网宿科技,AI,0.017857142857142856,-0.014802631578947345,-0.00026433270676691684,-0.00048561737979161323
research_universe_v1_2__cost_0,research_universe_v1_2,0.0,30,2023-09-15,2023-10-23,300033,同花顺,AI,0.017857142857142856,-0.04696021005857398,-0.0008385751796173925,-0.0015405837834633295
research_universe_v1_2__cost_0,research_universe_v1_2,0.0,30,2023-09-15,2023-10-23,300047,天源迪科,AI,0.017857142857142856,0.1578947368421053,0.002819548872180452,0.005179918717777218
research_universe_v1_2__cost_0,research_universe_v1_2,0.0,30,2023-09-15,2023-10-23,300058,蓝色光标,AI,0.017857142857142856,-0.10408921933085491,-0.0018587360594795519,-0.0034147667383611848
research_universe_v1_2__cost_0,research_universe_v1_2,0.0,30,2023-09-15,2023-10-23,300101,振芯科技,商业航天,0.017857142857142856,-0.14712751050910777,-0.002627276973376924,-0.004826687455378579
research_universe_v1_2__cost_0,research_universe_v1_2,0.0,30,2023-09-15,2023-10-23,300113,顺网科技,AI,0.017857142857142856,-0.048989113530326533,-0.0008748055987558309,-0.0016071442989059929
research_universe_v1_2__cost_0,research_universe_v1_2,0.0,30,2023-09-15,2023-10-23,300133,华策影视,AI,0.017857142857142856,-0.12041884816753934,-0.002150336574420345,-0.003950479022109328
research_universe_v1_2__cost_0,research_universe_v1_2,0.0,30,2023-09-15,2023-10-23,300170,汉得信息,AI,0.017857142857142856,-0.11175115207373265,-0.00199555628703094,-0.0036661252676126743
research_universe_v1_2__cost_0,research_universe_v1_2,0.0,30,2023-09-15,2023-10-23,300182,捷成股份,AI,0.017857142857142856,-0.08481262327416184,-0.001514511129895747,-0.0027823758004102504
research_universe_v1_2__cost_0,research_universe_v1_2,0.0,30,2023-09-15,2023-10-23,300339,润和软件,AI,0.017857142857142856,0.016778523489932917,0.00029961649089165924,0.0005504387899203988
research_universe_v1_2__cost_0,research_universe_v1_2,0.0,30,2023-09-15,2023-10-23,300348,长亮科技,AI,0.017857142857142856,-0.061475409836065587,-0.0010977751756440282,-0.0020167716319214575
research_universe_v1_2__cost_0,research_universe_v1_2,0.0,30,2023-09-15,2023-10-23,300378,鼎捷数智,AI,0.017857142857142856,-0.21700879765395897,-0.003875157100963553,-0.007119223574970447
research_universe_v1_2__cost_0,research_universe_v1_2,0.0,30,2023-09-15,2023-10-23,300413,芒果超媒,AI,0.017857142857142856,-0.08333333333333326,-0.0014880952380952367,-0.002733845989937973
research_universe_v1_2__cost_0,research_universe_v1_2,0.0,30,2023-09-15,2023-10-23,300454,深信服,AI,0.017857142857142856,-0.15390980554406297,-0.00274838938471541,-0.005049188456385242
research_universe_v1_2__cost_0,research_universe_v1_2,0.0,30,2023-09-15,2023-10-23,300458,全志科技,AI,0.017857142857142856,-0.08827319587628857,-0.0015763070692194387,-0.002895903870784811
research_universe_v1_2__cost_0,research_universe_v1_2,0.0,30,2023-09-15,2023-10-23,300496,中科创达,AI,0.017857142857142856,-0.12564749634745664,-0.0022437052919188683,-0.004122010848422889
research_universe_v1_2__cost_0,research_universe_v1_2,0.0,30,2023-09-15,2023-10-23,300627,华测导航,商业航天,0.017857142857142856,-0.06999510523739594,-0.0012499125935249275,-0.0022962700532224976
research_universe_v1_2__cost_0,research_universe_v1_2,0.0,30,2023-09-15,2023-10-23,300629,新劲刚,商业航天,0.017857142857142856,-0.092540661805945,-0.0016525118179633036,-0.0030359030062126692
research_universe_v1_2__cost_0,research_universe_v1_2,0.0,30,2023-09-15,2023-10-23,300634,彩讯股份,AI,0.017857142857142856,-0.09786821705426352,-0.0017476467331118484,-0.003210679592834132
research_universe_v1_2__cost_0,research_universe_v1_2,0.0,30,2023-09-15,2023-10-23,300674,宇信科技,AI,0.017857142857142856,-0.05600000000000005,-0.0010000000000000009,-0.0018371445052383212
research_universe_v1_2__cost_0,research_universe_v1_2,0.0,30,2023-09-15,2023-10-23,300857,协创数据,AI,0.017857142857142856,0.0625535561268209,0.0011170277879789445,0.0020521414628840323
research_universe_v1_2__cost_0,research_universe_v1_2,0.0,30,2023-09-15,2023-10-23,300996,普联软件,AI,0.017857142857142856,-0.1384111384111385,-0.0024716274716274733,-0.004540736828496493
research_universe_v1_2__cost_0,research_universe_v1_2,0.0,30,2023-09-15,2023-10-23,301050,雷电微力,商业航天,0.017857142857142856,-0.04005722460658079,-0.0007153075822603712,-0.0013141233943049482
research_universe_v1_2__cost_0,research_universe_v1_2,0.0,30,2023-09-15,2023-10-23,301110,青木科技,AI,0.017857142857142856,-0.08780276816609,-0.0015679065743944643,-0.0028804709478758264
research_universe_v1_2__cost_0,research_universe_v1_2,0.0,30,2023-09-15,2023-10-23,301165,锐捷网络,AI,0.017857142857142856,-0.1454202077431539,-0.002596789423984891,-0.004770677421534824
research_universe_v1_2__cost_0,research_universe_v1_2,0.0,30,2023-09-15,2023-10-23,301171,易点天下,AI,0.017857142857142856,-0.12818532818532824,-0.002289023717595147,-0.004205267345140116
research_universe_v1_2__cost_0,research_universe_v1_2,0.0,31,2023-10-23,2023-11-20,000063,中兴通讯,AI,0.017857142857142856,-0.01642403882045529,-0.00029328640750813013,-0.0004579509943786083
research_universe_v1_2__cost_0,research_universe_v1_2,0.0,31,2023-10-23,2023-11-20,000681,视觉中国,AI,0.017857142857142856,0.3072196620583718,0.005486065393899496,0.008566196857563888
research_universe_v1_2__cost_0,research_universe_v1_2,0.0,31,2023-10-23,2023-11-20,000901,航天科技,商业航天,0.017857142857142856,0.13984461709211993,0.0024972253052164273,0.003899283370913072
research_universe_v1_2__cost_0,research_universe_v1_2,0.0,31,2023-10-23,2023-11-20,000938,紫光股份,AI,0.017857142857142856,0.12597605413846935,0.0022495723953298097,0.0035125866354355217
research_universe_v1_2__cost_0,research_universe_v1_2,0.0,31,2023-10-23,2023-11-20,000977,浪潮信息,AI,0.017857142857142856,0.3367746529013882,0.006013833087524789,0.009390277803387834
research_universe_v1_2__cost_0,research_universe_v1_2,0.0,31,2023-10-23,2023-11-20,001208,华菱线缆,商业航天,0.017857142857142856,0.11313868613138678,0.002020333680917621,0.003154642678512712
research_universe_v1_2__cost_0,research_universe_v1_2,0.0,31,2023-10-23,2023-11-20,002015,协鑫能科,AI,0.017857142857142856,0.06666666666666665,0.0011904761904761901,0.0018588647180913626
research_universe_v1_2__cost_0,research_universe_v1_2,0.0,31,2023-10-23,2023-11-20,002044,美年健康,AI,0.017857142857142856,0.0625,0.0011160714285714285,0.001742685673210653
research_universe_v1_2__cost_0,research_universe_v1_2,0.0,31,2023-10-23,2023-11-20,002049,紫光国微,AI|商业航天,0.017857142857142856,0.09520390580126348,0.0017000697464511333,0.0026545677227769347
research_universe_v1_2__cost_0,research_universe_v1_2,0.0,31,2023-10-23,2023-11-20,002065,东华软件,AI,0.017857142857142856,0.1376936316695354,0.0024588148512417036,0.0038393075072455035
research_universe_v1_2__cost_0,research_universe_v1_2,0.0,31,2023-10-23,2023-11-20,002131,利欧股份,AI,0.017857142857142856,0.18274111675126914,0.0032632342277012344,0.005095365217103231
research_universe_v1_2__cost_0,research_universe_v1_2,0.0,31,2023-10-23,2023-11-20,002212,天融信,AI,0.017857142857142856,0.23798076923076938,0.004249656593406596,0.006635610832609797
research_universe_v1_2__cost_0,research_universe_v1_2,0.0,31,2023-10-23,2023-11-20,002230,科大讯飞,AI,0.017857142857142856,-0.04240898528272652,-0.0007573033086201164,-0.001182488497081743
research_universe_v1_2__cost_0,research_universe_v1_2,0.0,31,2023-10-23,2023-11-20,002236,大华股份,AI,0.017857142857142856,-0.017951425554382228,-0.00032056117061396834,-0.0005005390740372721
research_universe_v1_2__cost_0,research_universe_v1_2,0.0,31,2023-10-23,2023-11-20,002279,久其软件,AI,0.017857142857142856,0.13384615384615395,0.0023901098901098917,0.0037320283955526623
research_universe_v1_2__cost_0,research_universe_v1_2,0.0,31,2023-10-23,2023-11-20,002315,焦点科技,AI,0.017857142857142856,0.25084364454443175,0.004479350795436281,0.006994266009016428
research_universe_v1_2__cost_0,research_universe_v1_2,0.0,31,2023-10-23,2023-11-20,002361,神剑股份,商业航天,0.017857142857142856,0.1477272727272727,0.0026379870129870126,0.004119075227588816
research_universe_v1_2__cost_0,research_universe_v1_2,0.0,31,2023-10-23,2023-11-20,002373,千方科技,AI,0.017857142857142856,0.1584905660377358,0.0028301886792452824,0.004419187820368146
research_universe_v1_2__cost_0,research_universe_v1_2,0.0,31,2023-10-23,2023-11-20,002396,星网锐捷,AI,0.017857142857142856,0.10146041506533443,0.0018117931261666862,0.0028290177877178333
research_universe_v1_2__cost_0,research_universe_v1_2,0.0,31,2023-10-23,2023-11-20,002410,广联达,AI,0.017857142857142856,0.08373851971907054,0.0014953307092691165,0.0023348786977646714
research_universe_v1_2__cost_0,research_universe_v1_2,0.0,31,2023-10-23,2023-11-20,002446,盛路通信,商业航天,0.017857142857142856,0.010934393638170947,0.00019525702925305262,0.0003048833782157795
research_universe_v1_2__cost_0,research_universe_v1_2,0.0,31,2023-10-23,2023-11-20,002544,普天科技,商业航天,0.017857142857142856,0.1100746268656716,0.001965618336886993,0.003069207603565029
research_universe_v1_2__cost_0,research_universe_v1_2,0.0,31,2023-10-23,2023-11-20,002558,巨人网络,AI,0.017857142857142856,0.16290018832391717,0.0029089319343556636,0.004542141189686524
research_universe_v1_2__cost_0,research_universe_v1_2,0.0,31,2023-10-23,2023-11-20,002757,南兴股份,AI,0.017857142857142856,0.23471882640586794,0.004191407614390499,0.006544658176165189
research_universe_v1_2__cost_0,research_universe_v1_2,0.0,31,2023-10-23,2023-11-20,002792,通宇通讯,商业航天,0.017857142857142856,-0.028140013726835944,-0.0005025002451220704,-0.0007846271802513298
research_universe_v1_2__cost_0,research_universe_v1_2,0.0,31,2023-10-23,2023-11-20,002881,美格智能,AI,0.017857142857142856,0.17440061871616397,0.003114296762788642,0.004862807354171721
research_universe_v1_2__cost_0,research_universe_v1_2,0.0,31,2023-10-23,2023-11-20,002929,润建股份,AI,0.017857142857142856,0.43595769682726226,0.007784958871915397,0.012155795718188532
research_universe_v1_2__cost_0,research_universe_v1_2,0.0,31,2023-10-23,2023-11-20,002935,天奥电子,商业航天,0.017857142857142856,0.13698630136986312,0.0024461839530332697,0.0038195850371740363
research_universe_v1_2__cost_0,research_universe_v1_2,0.0,31,2023-10-23,2023-11-20,002987,京北方,AI,0.017857142857142856,0.17489421720733422,0.0031231110215595393,0.004876570346473813
research_universe_v1_2__cost_0,research_universe_v1_2,0.0,31,2023-10-23,2023-11-20,300002,神州泰岳,AI,0.017857142857142856,0.12946979038224415,0.002311960542540074,0.003610002381003572
research_universe_v1_2__cost_0,research_universe_v1_2,0.0,31,2023-10-23,2023-11-20,300017,网宿科技,AI,0.017857142857142856,0.1552587646076795,0.0027724779394228483,0.004329075595555012
research_universe_v1_2__cost_0,research_universe_v1_2,0.0,31,2023-10-23,2023-11-20,300033,同花顺,AI,0.017857142857142856,0.08254741973084667,0.001474061066622262,0.002301667291607246
research_universe_v1_2__cost_0,research_universe_v1_2,0.0,31,2023-10-23,2023-11-20,300047,天源迪科,AI,0.017857142857142856,0.06818181818181812,0.0012175324675324664,0.0019011116435025286
research_universe_v1_2__cost_0,research_universe_v1_2,0.0,31,2023-10-23,2023-11-20,300058,蓝色光标,AI,0.017857142857142856,0.18464730290456433,0.003297273266152934,0.005148515349900352
research_universe_v1_2__cost_0,research_universe_v1_2,0.0,31,2023-10-23,2023-11-20,300101,振芯科技,商业航天,0.017857142857142856,0.34173055859802837,0.006102331403536221,0.009528463177072921
research_universe_v1_2__cost_0,research_universe_v1_2,0.0,31,2023-10-23,2023-11-20,300113,顺网科技,AI,0.017857142857142856,0.2722812755519215,0.004862165634855741,0.007592010847805689
research_universe_v1_2__cost_0,research_universe_v1_2,0.0,31,2023-10-23,2023-11-20,300133,华策影视,AI,0.017857142857142856,0.25,0.004464285714285714,0.006970742692842612
research_universe_v1_2__cost_0,research_universe_v1_2,0.0,31,2023-10-23,2023-11-20,300170,汉得信息,AI,0.017857142857142856,0.23605706874189347,0.004215304798962383,0.006581972348105599
research_universe_v1_2__cost_0,research_universe_v1_2,0.0,31,2023-10-23,2023-11-20,300182,捷成股份,AI,0.017857142857142856,0.18103448275862077,0.0032327586206896564,0.005047779191368789
research_universe_v1_2__cost_0,research_universe_v1_2,0.0,31,2023-10-23,2023-11-20,300339,润和软件,AI,0.017857142857142856,0.19636963696369647,0.0035066006600660083,0.005475368847843374
research_universe_v1_2__cost_0,research_universe_v1_2,0.0,31,2023-10-23,2023-11-20,300348,长亮科技,AI,0.017857142857142856,0.17576419213973793,0.0031386462882096056,0.004900827832085852
research_universe_v1_2__cost_0,research_universe_v1_2,0.0,31,2023-10-23,2023-11-20,300378,鼎捷数智,AI,0.017857142857142856,0.24879614767255198,0.004442788351295571,0.0069371757135833325
research_universe_v1_2__cost_0,research_universe_v1_2,0.0,31,2023-10-23,2023-11-20,300413,芒果超媒,AI,0.017857142857142856,0.09336609336609336,0.0016672516672516671,0.0026033240523638253
research_universe_v1_2__cost_0,research_universe_v1_2,0.0,31,2023-10-23,2023-11-20,300454,深信服,AI,0.017857142857142856,0.08080684596577026,0.0014429793922458973,0.0022531349241902057
research_universe_v1_2__cost_0,research_universe_v1_2,0.0,31,2023-10-23,2023-11-20,300458,全志科技,AI,0.017857142857142856,0.13568904593639575,0.0024230186774356383,0.0037834137018396643
research_universe_v1_2__cost_0,research_universe_v1_2,0.0,31,2023-10-23,2023-11-20,300496,中科创达,AI,0.017857142857142856,0.301686161324624,0.005387252880796857,0.00841190641834144
research_universe_v1_2__cost_0,research_universe_v1_2,0.0,31,2023-10-23,2023-11-20,300627,华测导航,商业航天,0.017857142857142856,0.16315789473684217,0.002913533834586467,0.004549326810065706
research_universe_v1_2__cost_0,research_universe_v1_2,0.0,31,2023-10-23,2023-11-20,300629,新劲刚,商业航天,0.017857142857142856,0.35723114956736723,0.006379127670845843,0.009960665702009965
research_universe_v1_2__cost_0,research_universe_v1_2,0.0,31,2023-10-23,2023-11-20,300634,彩讯股份,AI,0.017857142857142856,0.27926960257787314,0.004986957188890592,0.007786866166011077
research_universe_v1_2__cost_0,research_universe_v1_2,0.0,31,2023-10-23,2023-11-20,300674,宇信科技,AI,0.017857142857142856,0.11408083441981742,0.0020371577574967398,0.003180912571701321
research_universe_v1_2__cost_0,research_universe_v1_2,0.0,31,2023-10-23,2023-11-20,300857,协创数据,AI,0.017857142857142856,0.8693548387096774,0.015524193548387097,0.024240195557691403
research_universe_v1_2__cost_0,research_universe_v1_2,0.0,31,2023-10-23,2023-11-20,300996,普联软件,AI,0.017857142857142856,0.27281368821292795,0.004871673003802285,0.00760685609447084
research_universe_v1_2__cost_0,research_universe_v1_2,0.0,31,2023-10-23,2023-11-20,301050,雷电微力,商业航天,0.017857142857142856,0.17958271236959766,0.0032068341494571008,0.005007299520044917
research_universe_v1_2__cost_0,research_universe_v1_2,0.0,31,2023-10-23,2023-11-20,301110,青木科技,AI,0.017857142857142856,0.10526315789473673,0.0018796992481202985,0.0029350495548810963
research_universe_v1_2__cost_0,research_universe_v1_2,0.0,31,2023-10-23,2023-11-20,301165,锐捷网络,AI,0.017857142857142856,0.12265193370165739,0.0021902131018153104,0.0034199002824553786
research_universe_v1_2__cost_0,research_universe_v1_2,0.0,31,2023-10-23,2023-11-20,301171,易点天下,AI,0.017857142857142856,0.27280779450841464,0.004871567759078832,0.007606691760480159
research_universe_v1_2__cost_0,research_universe_v1_2,0.0,32,2023-11-20,2023-12-18,000063,中兴通讯,AI,0.017857142857142856,-0.05654648956356745,-0.0010097587422065615,-0.0016713875678120251
research_universe_v1_2__cost_0,research_universe_v1_2,0.0,32,2023-11-20,2023-12-18,000681,视觉中国,AI,0.017857142857142856,-0.044065804935370156,-0.0007868893738458956,-0.001302486486836848
research_universe_v1_2__cost_0,research_universe_v1_2,0.0,32,2023-11-20,2023-12-18,000901,航天科技,商业航天,0.017857142857142856,-0.054527750730282265,-0.0009737098344693261,-0.001611718169859051
research_universe_v1_2__cost_0,research_universe_v1_2,0.0,32,2023-11-20,2023-12-18,000938,紫光股份,AI,0.017857142857142856,-0.09015256588072118,-0.001609867247870021,-0.0026647079064033366
research_universe_v1_2__cost_0,research_universe_v1_2,0.0,32,2023-11-20,2023-12-18,000977,浪潮信息,AI,0.017857142857142856,-0.0894806924101198,-0.0015978695073235677,-0.002644848831603592
research_universe_v1_2__cost_0,research_universe_v1_2,0.0,32,2023-11-20,2023-12-18,001208,华菱线缆,商业航天,0.017857142857142856,-0.006557377049180357,-0.00011709601873536351,-0.00019382137710131803
research_universe_v1_2__cost_0,research_universe_v1_2,0.0,32,2023-11-20,2023-12-18,002015,协鑫能科,AI,0.017857142857142856,0.0050675675675675436,9.049227799227755e-05,0.0001497859459862368
research_universe_v1_2__cost_0,research_universe_v1_2,0.0,32,2023-11-20,2023-12-18,002044,美年健康,AI,0.017857142857142856,-0.02941176470588236,-0.0005252100840336135,-0.0008693458825867904
research_universe_v1_2__cost_0,research_universe_v1_2,0.0,32,2023-11-20,2023-12-18,002049,紫光国微,AI|商业航天,0.017857142857142856,-0.17424937721253442,-0.0031115960216524003,-0.005150421273182996
research_universe_v1_2__cost_0,research_universe_v1_2,0.0,32,2023-11-20,2023-12-18,002065,东华软件,AI,0.017857142857142856,-0.062027231467473576,-0.0011076291333477423,-0.001833386021673202
research_universe_v1_2__cost_0,research_universe_v1_2,0.0,32,2023-11-20,2023-12-18,002131,利欧股份,AI,0.017857142857142856,-0.012875536480686844,-0.00022992029429797935,-0.0003805720172697581
research_universe_v1_2__cost_0,research_universe_v1_2,0.0,32,2023-11-20,2023-12-18,002212,天融信,AI,0.017857142857142856,-0.05631067961165048,-0.0010055478502080442,-0.001664417553845777
research_universe_v1_2__cost_0,research_universe_v1_2,0.0,32,2023-11-20,2023-12-18,002230,科大讯飞,AI,0.017857142857142856,-0.047118301314459154,-0.0008413982377581991,-0.0013927114422350997
research_universe_v1_2__cost_0,research_universe_v1_2,0.0,32,2023-11-20,2023-12-18,002236,大华股份,AI,0.017857142857142856,-0.09247311827957005,-0.0016513056835637508,-0.002733298237294386
research_universe_v1_2__cost_0,research_universe_v1_2,0.0,32,2023-11-20,2023-12-18,002279,久其软件,AI,0.017857142857142856,-0.06377204884667564,-0.0011387865865477792,-0.0018849589150253586
research_universe_v1_2__cost_0,research_universe_v1_2,0.0,32,2023-11-20,2023-12-18,002315,焦点科技,AI,0.017857142857142856,0.08902877697841727,0.0015897995889003083,0.002631491223729439
research_universe_v1_2__cost_0,research_universe_v1_2,0.0,32,2023-11-20,2023-12-18,002361,神剑股份,商业航天,0.017857142857142856,-0.07673267326732669,-0.0013702263083451194,-0.0022680459412041496
research_universe_v1_2__cost_0,research_universe_v1_2,0.0,32,2023-11-20,2023-12-18,002373,千方科技,AI,0.017857142857142856,-0.05048859934853411,-0.0009015821312238234,-0.001492329902681556
research_universe_v1_2__cost_0,research_universe_v1_2,0.0,32,2023-11-20,2023-12-18,002396,星网锐捷,AI,0.017857142857142856,-0.06908583391486389,-0.0012336756056225695,-0.0020420224988047
research_universe_v1_2__cost_0,research_universe_v1_2,0.0,32,2023-11-20,2023-12-18,002410,广联达,AI,0.017857142857142856,-0.17846460618145554,-0.0031868679675259915,-0.005275013999424928
research_universe_v1_2__cost_0,research_universe_v1_2,0.0,32,2023-11-20,2023-12-18,002446,盛路通信,商业航天,0.017857142857142856,-0.19665683382497545,-0.00351172917544599,-0.005812735498122099
research_universe_v1_2__cost_0,research_universe_v1_2,0.0,32,2023-11-20,2023-12-18,002544,普天科技,商业航天,0.017857142857142856,-0.13151260504201678,-0.0023484393757502997,-0.0038872180178523615
research_universe_v1_2__cost_0,research_universe_v1_2,0.0,32,2023-11-20,2023-12-18,002558,巨人网络,AI,0.017857142857142856,0.07125506072874499,0.001272411798727589,0.002106139984372209
research_universe_v1_2__cost_0,research_universe_v1_2,0.0,32,2023-11-20,2023-12-18,002757,南兴股份,AI,0.017857142857142856,-0.05742574257425748,-0.0010254596888260262,-0.001697376317288269
research_universe_v1_2__cost_0,research_universe_v1_2,0.0,32,2023-11-20,2023-12-18,002792,通宇通讯,商业航天,0.017857142857142856,-0.12570621468926546,-0.0022447538337368833,-0.003715594125293257
research_universe_v1_2__cost_0,research_universe_v1_2,0.0,32,2023-11-20,2023-12-18,002881,美格智能,AI,0.017857142857142856,-0.1359894632861377,-0.0024283832729667444,-0.004019543919421703
research_universe_v1_2__cost_0,research_universe_v1_2,0.0,32,2023-11-20,2023-12-18,002929,润建股份,AI,0.017857142857142856,-0.15466448445171854,-0.002761865793780688,-0.004571535713177345
research_universe_v1_2__cost_0,research_universe_v1_2,0.0,32,2023-11-20,2023-12-18,002935,天奥电子,商业航天,0.017857142857142856,-0.0437539632213062,-0.0007813207718090393,-0.0012932691442920775
research_universe_v1_2__cost_0,research_universe_v1_2,0.0,32,2023-11-20,2023-12-18,002987,京北方,AI,0.017857142857142856,-0.07563025210084029,-0.0013505402160864336,-0.0022354608409374593
research_universe_v1_2__cost_0,research_universe_v1_2,0.0,32,2023-11-20,2023-12-18,300002,神州泰岳,AI,0.017857142857142856,-0.01091703056768556,-0.0001949469744229564,-0.0003226829695191134
research_universe_v1_2__cost_0,research_universe_v1_2,0.0,32,2023-11-20,2023-12-18,300017,网宿科技,AI,0.017857142857142856,-0.013005780346820761,-0.00023224607762179929,-0.0003844217342074521
research_universe_v1_2__cost_0,research_universe_v1_2,0.0,32,2023-11-20,2023-12-18,300033,同花顺,AI,0.017857142857142856,0.05971025841816768,0.001066254614610137,0.0017649014883369283
research_universe_v1_2__cost_0,research_universe_v1_2,0.0,32,2023-11-20,2023-12-18,300047,天源迪科,AI,0.017857142857142856,-0.12185686653771755,-0.002176015473887813,-0.0036018160164427537
research_universe_v1_2__cost_0,research_universe_v1_2,0.0,32,2023-11-20,2023-12-18,300058,蓝色光标,AI,0.017857142857142856,0.035026269702276736,0.0006254691018263703,0.0010352980738336565
research_universe_v1_2__cost_0,research_universe_v1_2,0.0,32,2023-11-20,2023-12-18,300101,振芯科技,商业航天,0.017857142857142856,-0.14530612244897956,-0.0025947521865889206,-0.00429492349503286
research_universe_v1_2__cost_0,research_universe_v1_2,0.0,32,2023-11-20,2023-12-18,300113,顺网科技,AI,0.017857142857142856,-0.03084832904884316,-0.0005508630187293421,-0.0009118075066720055
research_universe_v1_2__cost_0,research_universe_v1_2,0.0,32,2023-11-20,2023-12-18,300133,华策影视,AI,0.017857142857142856,0.058730158730158744,0.0010487528344671204,0.0017359319369748929
research_universe_v1_2__cost_0,research_universe_v1_2,0.0,32,2023-11-20,2023-12-18,300170,汉得信息,AI,0.017857142857142856,-0.1059811122770199,-0.0018925198620896408,-0.0031325642820598494
research_universe_v1_2__cost_0,research_universe_v1_2,0.0,32,2023-11-20,2023-12-18,300182,捷成股份,AI,0.017857142857142856,0.04379562043795615,0.0007820646506777884,0.001294500438304416
research_universe_v1_2__cost_0,research_universe_v1_2,0.0,32,2023-11-20,2023-12-18,300339,润和软件,AI,0.017857142857142856,-0.07137931034482758,-0.0012746305418719212,-0.0021098125247054587
research_universe_v1_2__cost_0,research_universe_v1_2,0.0,32,2023-11-20,2023-12-18,300348,长亮科技,AI,0.017857142857142856,-0.0362116991643453,-0.0006466374850775947,-0.0010703367133798336
research_universe_v1_2__cost_0,research_universe_v1_2,0.0,32,2023-11-20,2023-12-18,300378,鼎捷数智,AI,0.017857142857142856,-0.07840616966580971,-0.0014001101726037446,-0.0023175107461246808
research_universe_v1_2__cost_0,research_universe_v1_2,0.0,32,2023-11-20,2023-12-18,300413,芒果超媒,AI,0.017857142857142856,0.029962546816479474,0.0005350454788657048,0.0008856257680284926
research_universe_v1_2__cost_0,research_universe_v1_2,0.0,32,2023-11-20,2023-12-18,300454,深信服,AI,0.017857142857142856,-0.14613731478339553,-0.0026095949068463487,-0.004319491678573976
research_universe_v1_2__cost_0,research_universe_v1_2,0.0,32,2023-11-20,2023-12-18,300458,全志科技,AI,0.017857142857142856,-0.11512134411947728,-0.002055738287847808,-0.003402729061276235
research_universe_v1_2__cost_0,research_universe_v1_2,0.0,32,2023-11-20,2023-12-18,300496,中科创达,AI,0.017857142857142856,-0.050647683510328,-0.0009044229198272857,-0.0014970320741569257
research_universe_v1_2__cost_0,research_universe_v1_2,0.0,32,2023-11-20,2023-12-18,300627,华测导航,商业航天,0.017857142857142856,-0.06425339366515848,-0.0011473820297349727,-0.0018991863896511449
research_universe_v1_2__cost_0,research_universe_v1_2,0.0,32,2023-11-20,2023-12-18,300629,新劲刚,商业航天,0.017857142857142856,-0.0842440801457196,-0.001504358574030707,-0.0024900663030377585
research_universe_v1_2__cost_0,research_universe_v1_2,0.0,32,2023-11-20,2023-12-18,300634,彩讯股份,AI,0.017857142857142856,-0.11293031066330816,-0.002016612690416217,-0.0033379670202093974
research_universe_v1_2__cost_0,research_universe_v1_2,0.0,32,2023-11-20,2023-12-18,300674,宇信科技,AI,0.017857142857142856,-0.0643651258045641,-0.0011493772465100732,-0.0019024889414128714
research_universe_v1_2__cost_0,research_universe_v1_2,0.0,32,2023-11-20,2023-12-18,300857,协创数据,AI,0.017857142857142856,0.09836065573770503,0.001756440281030447,0.002907320656519761
research_universe_v1_2__cost_0,research_universe_v1_2,0.0,32,2023-11-20,2023-12-18,300996,普联软件,AI,0.017857142857142856,-0.07393577296489917,-0.001320281660087485,-0.0021853758332988317
research_universe_v1_2__cost_0,research_universe_v1_2,0.0,32,2023-11-20,2023-12-18,301050,雷电微力,商业航天,0.017857142857142856,-0.17203621815118975,-0.0030720753241283883,-0.005085005248788348
research_universe_v1_2__cost_0,research_universe_v1_2,0.0,32,2023-11-20,2023-12-18,301110,青木科技,AI,0.017857142857142856,-0.09781209781209776,-0.00174664460378746,-0.002891106513004202
research_universe_v1_2__cost_0,research_universe_v1_2,0.0,32,2023-11-20,2023-12-18,301165,锐捷网络,AI,0.017857142857142856,-0.04183070866141736,-0.0007469769403824528,-0.0012364220475766861
research_universe_v1_2__cost_0,research_universe_v1_2,0.0,32,2023-11-20,2023-12-18,301171,易点天下,AI,0.017857142857142856,0.1489213639526794,0.002659310070583561,0.004401781935770004
research_universe_v1_2__cost_0,research_universe_v1_2,0.0,33,2023-12-18,2024-01-16,000063,中兴通讯,AI,0.017857142857142856,-0.07320997586484312,-0.0013073209975864844,-0.002436989789567979
research_universe_v1_2__cost_0,research_universe_v1_2,0.0,33,2023-12-18,2024-01-16,000681,视觉中国,AI,0.017857142857142856,-0.18807621389059614,-0.003358503819474931,-0.006260619642303282
research_universe_v1_2__cost_0,research_universe_v1_2,0.0,33,2023-12-18,2024-01-16,000901,航天科技,商业航天,0.017857142857142856,-0.10607621009268808,-0.00189421803736943,-0.0035310302709181556
research_universe_v1_2__cost_0,research_universe_v1_2,0.0,33,2023-12-18,2024-01-16,000938,紫光股份,AI,0.017857142857142856,-0.13008130081300806,-0.002322880371660858,-0.004330103898412216
research_universe_v1_2__cost_0,research_universe_v1_2,0.0,33,2023-12-18,2024-01-16,000977,浪潮信息,AI,0.017857142857142856,-0.12927756653992395,-0.002308527973927213,-0.0043033494541729785
research_universe_v1_2__cost_0,research_universe_v1_2,0.0,33,2023-12-18,2024-01-16,001208,华菱线缆,商业航天,0.017857142857142856,0.017601760176017667,0.00031431714600031545,0.0005859216496201373
research_universe_v1_2__cost_0,research_universe_v1_2,0.0,33,2023-12-18,2024-01-16,002015,协鑫能科,AI,0.017857142857142856,-0.06974789915966384,-0.0012454981992797113,-0.002321745309815668
research_universe_v1_2__cost_0,research_universe_v1_2,0.0,33,2023-12-18,2024-01-16,002044,美年健康,AI,0.017857142857142856,-0.12457912457912457,-0.0022246272246272242,-0.004146949251194024
research_universe_v1_2__cost_0,research_universe_v1_2,0.0,33,2023-12-18,2024-01-16,002049,紫光国微,AI|商业航天,0.017857142857142856,-0.07875516036837082,-0.0014063421494351933,-0.0026215760820333073
research_universe_v1_2__cost_0,research_universe_v1_2,0.0,33,2023-12-18,2024-01-16,002065,东华软件,AI,0.017857142857142856,-0.11774193548387102,-0.0021025345622119824,-0.003919355131435819
research_universe_v1_2__cost_0,research_universe_v1_2,0.0,33,2023-12-18,2024-01-16,002131,利欧股份,AI,0.017857142857142856,-0.07826086956521727,-0.0013975155279503083,-0.0026051222910556076
research_universe_v1_2__cost_0,research_universe_v1_2,0.0,33,2023-12-18,2024-01-16,002212,天融信,AI,0.017857142857142856,-0.09773662551440343,-0.0017452968841857755,-0.003253424900523845
research_universe_v1_2__cost_0,research_universe_v1_2,0.0,33,2023-12-18,2024-01-16,002230,科大讯飞,AI,0.017857142857142856,-0.1559847198641765,-0.0027854414261460087,-0.0051923684599951775
research_universe_v1_2__cost_0,research_universe_v1_2,0.0,33,2023-12-18,2024-01-16,002236,大华股份,AI,0.017857142857142856,-0.08175355450236965,-0.0014598849018280294,-0.002721385647646956
research_universe_v1_2__cost_0,research_universe_v1_2,0.0,33,2023-12-18,2024-01-16,002279,久其软件,AI,0.017857142857142856,-0.13188405797101455,-0.002355072463768117,-0.004390113490482607
research_universe_v1_2__cost_0,research_universe_v1_2,0.0,33,2023-12-18,2024-01-16,002315,焦点科技,AI,0.017857142857142856,-0.16226259289843104,-0.002897546301757697,-0.0054013442492090264
research_universe_v1_2__cost_0,research_universe_v1_2,0.0,33,2023-12-18,2024-01-16,002361,神剑股份,商业航天,0.017857142857142856,-0.008042895442359144,-0.00014362313289927042,-0.0002677292792416367
research_universe_v1_2__cost_0,research_universe_v1_2,0.0,33,2023-12-18,2024-01-16,002373,千方科技,AI,0.017857142857142856,-0.1603773584905661,-0.002863881401617252,-0.005338589181356104
research_universe_v1_2__cost_0,research_universe_v1_2,0.0,33,2023-12-18,2024-01-16,002396,星网锐捷,AI,0.017857142857142856,-0.07946026986506749,-0.0014189333904476337,-0.002645047536895545
research_universe_v1_2__cost_0,research_universe_v1_2,0.0,33,2023-12-18,2024-01-16,002410,广联达,AI,0.017857142857142856,-0.13895631067961167,-0.002481362690707351,-0.004625532331105012
research_universe_v1_2__cost_0,research_universe_v1_2,0.0,33,2023-12-18,2024-01-16,002446,盛路通信,商业航天,0.017857142857142856,-0.11750305997552024,-0.00209826892813429,-0.0039114035214543675
research_universe_v1_2__cost_0,research_universe_v1_2,0.0,33,2023-12-18,2024-01-16,002544,普天科技,商业航天,0.017857142857142856,-0.15674891146589265,-0.002799087704748083,-0.005217806620691938
research_universe_v1_2__cost_0,research_universe_v1_2,0.0,33,2023-12-18,2024-01-16,002558,巨人网络,AI,0.017857142857142856,-0.23960695389266817,-0.004278695605226217,-0.00797595810199314
research_universe_v1_2__cost_0,research_universe_v1_2,0.0,33,2023-12-18,2024-01-16,002757,南兴股份,AI,0.017857142857142856,-0.028711484593837544,-0.0005127050820328133,-0.0009557385311490206
research_universe_v1_2__cost_0,research_universe_v1_2,0.0,33,2023-12-18,2024-01-16,002792,通宇通讯,商业航天,0.017857142857142856,-0.07835218093699525,-0.0013991460881606294,-0.0026081618342061914
research_universe_v1_2__cost_0,research_universe_v1_2,0.0,33,2023-12-18,2024-01-16,002881,美格智能,AI,0.017857142857142856,-0.10289634146341464,-0.0018374346689895471,-0.0034251798415174776
research_universe_v1_2__cost_0,research_universe_v1_2,0.0,33,2023-12-18,2024-01-16,002929,润建股份,AI,0.017857142857142856,-0.13939980638915772,-0.002489282256949245,-0.004640295271580178
research_universe_v1_2__cost_0,research_universe_v1_2,0.0,33,2023-12-18,2024-01-16,002935,天奥电子,商业航天,0.017857142857142856,0.040450928381962736,0.0007223380068207631,0.0013465173056111891
research_universe_v1_2__cost_0,research_universe_v1_2,0.0,33,2023-12-18,2024-01-16,002987,京北方,AI,0.017857142857142856,-0.12207792207792212,-0.0021799628942486093,-0.004063690038428741
research_universe_v1_2__cost_0,research_universe_v1_2,0.0,33,2023-12-18,2024-01-16,300002,神州泰岳,AI,0.017857142857142856,-0.034216335540838916,-0.0006110059918006949,-0.0011389822133447724
research_universe_v1_2__cost_0,research_universe_v1_2,0.0,33,2023-12-18,2024-01-16,300017,网宿科技,AI,0.017857142857142856,0.17569546120058566,0.0031374189500104578,0.005848493186362037
research_universe_v1_2__cost_0,research_universe_v1_2,0.0,33,2023-12-18,2024-01-16,300033,同花顺,AI,0.017857142857142856,-0.17901348605209688,-0.003196669393787444,-0.005958942515010822
research_universe_v1_2__cost_0,research_universe_v1_2,0.0,33,2023-12-18,2024-01-16,300047,天源迪科,AI,0.017857142857142856,-0.11894273127753308,-0.002123977344241662,-0.003959326830018442
research_universe_v1_2__cost_0,research_universe_v1_2,0.0,33,2023-12-18,2024-01-16,300058,蓝色光标,AI,0.017857142857142856,-0.16920473773265654,-0.0030215131737974382,-0.005632432101361072
research_universe_v1_2__cost_0,research_universe_v1_2,0.0,33,2023-12-18,2024-01-16,300101,振芯科技,商业航天,0.017857142857142856,-0.12702960840496658,-0.002268385864374403,-0.004228520157242448
research_universe_v1_2__cost_0,research_universe_v1_2,0.0,33,2023-12-18,2024-01-16,300113,顺网科技,AI,0.017857142857142856,-0.14522546419098137,-0.0025933118605532385,-0.004834217867686085
research_universe_v1_2__cost_0,research_universe_v1_2,0.0,33,2023-12-18,2024-01-16,300133,华策影视,AI,0.017857142857142856,-0.19640179910044975,-0.0035071749839366024,-0.0065377590062889865
research_universe_v1_2__cost_0,research_universe_v1_2,0.0,33,2023-12-18,2024-01-16,300170,汉得信息,AI,0.017857142857142856,-0.11854460093896713,-0.002116867873910127,-0.003946073997210606
research_universe_v1_2__cost_0,research_universe_v1_2,0.0,33,2023-12-18,2024-01-16,300182,捷成股份,AI,0.017857142857142856,-0.19405594405594395,-0.0034652847152847133,-0.006459670948975304
research_universe_v1_2__cost_0,research_universe_v1_2,0.0,33,2023-12-18,2024-01-16,300339,润和软件,AI,0.017857142857142856,-0.0705532862978091,-0.0012598801124608769,-0.0023485547740877623
research_universe_v1_2__cost_0,research_universe_v1_2,0.0,33,2023-12-18,2024-01-16,300348,长亮科技,AI,0.017857142857142856,-0.10404624277456642,-0.0018579686209744004,-0.003463457381172199
research_universe_v1_2__cost_0,research_universe_v1_2,0.0,33,2023-12-18,2024-01-16,300378,鼎捷数智,AI,0.017857142857142856,-0.1324965132496514,-0.0023660091651723464,-0.004410500701965377
research_universe_v1_2__cost_0,research_universe_v1_2,0.0,33,2023-12-18,2024-01-16,300413,芒果超媒,AI,0.017857142857142856,-0.22545454545454546,-0.004025974025974026,-0.007504857347566268
research_universe_v1_2__cost_0,research_universe_v1_2,0.0,33,2023-12-18,2024-01-16,300454,深信服,AI,0.017857142857142856,-0.14982116836667092,-0.002675378006547695,-0.0049871981687956875
research_universe_v1_2__cost_0,research_universe_v1_2,0.0,33,2023-12-18,2024-01-16,300458,全志科技,AI,0.017857142857142856,-0.13572433192686362,-0.002423648784408279,-0.004517947276916652
research_universe_v1_2__cost_0,research_universe_v1_2,0.0,33,2023-12-18,2024-01-16,300496,中科创达,AI,0.017857142857142856,-0.22421634910878918,-0.004003863376942664,-0.00746364067160862
research_universe_v1_2__cost_0,research_universe_v1_2,0.0,33,2023-12-18,2024-01-16,300627,华测导航,商业航天,0.017857142857142856,-0.09719535783365563,-0.0017356313898867076,-0.003235407358572449
research_universe_v1_2__cost_0,research_universe_v1_2,0.0,33,2023-12-18,2024-01-16,300629,新劲刚,商业航天,0.017857142857142856,-0.06215813028344108,-0.001109966612204305,-0.0020690995598610104
research_universe_v1_2__cost_0,research_universe_v1_2,0.0,33,2023-12-18,2024-01-16,300634,彩讯股份,AI,0.017857142857142856,-0.15002366303833403,-0.0026789939828273934,-0.004993938745355854
research_universe_v1_2__cost_0,research_universe_v1_2,0.0,33,2023-12-18,2024-01-16,300674,宇信科技,AI,0.017857142857142856,-0.13320825515947476,-0.0023787188421334777,-0.0044341929344317455
research_universe_v1_2__cost_0,research_universe_v1_2,0.0,33,2023-12-18,2024-01-16,300857,协创数据,AI,0.017857142857142856,0.00471327572662994,8.416563797553463e-05,0.00015689398453594712
research_universe_v1_2__cost_0,research_universe_v1_2,0.0,33,2023-12-18,2024-01-16,300996,普联软件,AI,0.017857142857142856,-0.2201612903225807,-0.003931451612903226,-0.007328657197821769
research_universe_v1_2__cost_0,research_universe_v1_2,0.0,33,2023-12-18,2024-01-16,301050,雷电微力,商业航天,0.017857142857142856,-0.055442522889115,-0.0009900450515913392,-0.0018455526120934847
research_universe_v1_2__cost_0,research_universe_v1_2,0.0,33,2023-12-18,2024-01-16,301110,青木科技,AI,0.017857142857142856,-0.07513076557299103,-0.0013416208138034111,-0.002500928410655704
research_universe_v1_2__cost_0,research_universe_v1_2,0.0,33,2023-12-18,2024-01-16,301165,锐捷网络,AI,0.017857142857142856,-0.12788906009244982,-0.0022837332159366037,-0.0042571293045926715
research_universe_v1_2__cost_0,research_universe_v1_2,0.0,33,2023-12-18,2024-01-16,301171,易点天下,AI,0.017857142857142856,-0.16959418534221682,-0.003028467595396729,-0.005645395906318776
research_universe_v1_2__cost_0,research_universe_v1_2,0.0,34,2024-01-16,2024-02-21,000063,中兴通讯,AI,0.017857142857142856,0.015625,0.00027901785714285713,0.0005673045248832317
research_universe_v1_2__cost_0,research_universe_v1_2,0.0,34,2024-01-16,2024-02-21,000681,视觉中国,AI,0.017857142857142856,-0.015897047691143085,-0.00028387585162755505,-0.0005771818935980802
research_universe_v1_2__cost_0,research_universe_v1_2,0.0,34,2024-01-16,2024-02-21,000901,航天科技,商业航天,0.017857142857142856,-0.12788018433179715,-0.0022835747202106633,-0.004643008461717137
research_universe_v1_2__cost_0,research_universe_v1_2,0.0,34,2024-01-16,2024-02-21,000938,紫光股份,AI,0.017857142857142856,0.007009345794392274,0.0001251668891855763,0.0002544917494803192
research_universe_v1_2__cost_0,research_universe_v1_2,0.0,34,2024-01-16,2024-02-21,000977,浪潮信息,AI,0.017857142857142856,0.08767215317433674,0.0015655741638274418,0.003183155788931649
research_universe_v1_2__cost_0,research_universe_v1_2,0.0,34,2024-01-16,2024-02-21,001208,华菱线缆,商业航天,0.017857142857142856,-0.22702702702702704,-0.004054054054054054,-0.008242781421006092
research_universe_v1_2__cost_0,research_universe_v1_2,0.0,34,2024-01-16,2024-02-21,002015,协鑫能科,AI,0.017857142857142856,-0.17615176151761525,-0.003145567169957415,-0.006395628248006084
research_universe_v1_2__cost_0,research_universe_v1_2,0.0,34,2024-01-16,2024-02-21,002044,美年健康,AI,0.017857142857142856,0.04038461538461546,0.0007211538461538475,0.0014662640027751249
research_universe_v1_2__cost_0,research_universe_v1_2,0.0,34,2024-01-16,2024-02-21,002049,紫光国微,AI|商业航天,0.017857142857142856,-0.03136849362288863,-0.0005601516718372969,-0.0011389112557462732
research_universe_v1_2__cost_0,research_universe_v1_2,0.0,34,2024-01-16,2024-02-21,002065,东华软件,AI,0.017857142857142856,-0.029250457038391242,-0.0005223295899712721,-0.0010620106644980431
research_universe_v1_2__cost_0,research_universe_v1_2,0.0,34,2024-01-16,2024-02-21,002131,利欧股份,AI,0.017857142857142856,0.009433962264151052,0.0001684636118598402,0.0003425234867219552
research_universe_v1_2__cost_0,research_universe_v1_2,0.0,34,2024-01-16,2024-02-21,002212,天融信,AI,0.017857142857142856,-0.23945267958950966,-0.0042759407069555295,-0.008693925672098785
research_universe_v1_2__cost_0,research_universe_v1_2,0.0,34,2024-01-16,2024-02-21,002230,科大讯飞,AI,0.017857142857142856,0.1269801357807392,0.0022675024246560566,0.004610329958316831
research_universe_v1_2__cost_0,research_universe_v1_2,0.0,34,2024-01-16,2024-02-21,002236,大华股份,AI,0.017857142857142856,0.048387096774193505,0.0008640552995391697,0.0017568140125416192
research_universe_v1_2__cost_0,research_universe_v1_2,0.0,34,2024-01-16,2024-02-21,002279,久其软件,AI,0.017857142857142856,-0.1652754590984975,-0.0029513474839017407,-0.0060007370111187916
research_universe_v1_2__cost_0,research_universe_v1_2,0.0,34,2024-01-16,2024-02-21,002315,焦点科技,AI,0.017857142857142856,0.046328240512567787,0.0008272900091529961,0.0016820621102501348
research_universe_v1_2__cost_0,research_universe_v1_2,0.0,34,2024-01-16,2024-02-21,002361,神剑股份,商业航天,0.017857142857142856,-0.2594594594594595,-0.004633204633204633,-0.009420321624006961
research_universe_v1_2__cost_0,research_universe_v1_2,0.0,34,2024-01-16,2024-02-21,002373,千方科技,AI,0.017857142857142856,-0.019407558733401387,-0.000346563548810739,-0.000704639736729324
research_universe_v1_2__cost_0,research_universe_v1_2,0.0,34,2024-01-16,2024-02-21,002396,星网锐捷,AI,0.017857142857142856,-0.08469055374592827,-0.0015123313168915761,-0.003074901398715625
research_universe_v1_2__cost_0,research_universe_v1_2,0.0,34,2024-01-16,2024-02-21,002410,广联达,AI,0.017857142857142856,-0.131782945736434,-0.002353266888150607,-0.004784707930798105
research_universe_v1_2__cost_0,research_universe_v1_2,0.0,34,2024-01-16,2024-02-21,002446,盛路通信,商业航天,0.017857142857142856,-0.16782246879334262,-0.002996829799881118,-0.006093212539106445
research_universe_v1_2__cost_0,research_universe_v1_2,0.0,34,2024-01-16,2024-02-21,002544,普天科技,商业航天,0.017857142857142856,-0.17957544463568553,-0.003206704368494384,-0.00651993358718353
research_universe_v1_2__cost_0,research_universe_v1_2,0.0,34,2024-01-16,2024-02-21,002558,巨人网络,AI,0.017857142857142856,-0.02882703777335993,-0.0005147685316671416,-0.0010466373739396436
research_universe_v1_2__cost_0,research_universe_v1_2,0.0,34,2024-01-16,2024-02-21,002757,南兴股份,AI,0.017857142857142856,-0.13482335976928617,-0.00240755999588011,-0.004895097731652857
research_universe_v1_2__cost_0,research_universe_v1_2,0.0,34,2024-01-16,2024-02-21,002792,通宇通讯,商业航天,0.017857142857142856,-0.16564417177914115,-0.0029579316389132344,-0.0060141240429338935
research_universe_v1_2__cost_0,research_universe_v1_2,0.0,34,2024-01-16,2024-02-21,002881,美格智能,AI,0.017857142857142856,-0.14783347493627874,-0.0026398834810049776,-0.005367462352676017
research_universe_v1_2__cost_0,research_universe_v1_2,0.0,34,2024-01-16,2024-02-21,002929,润建股份,AI,0.017857142857142856,-0.14060742407199112,-0.0025108468584284127,-0.005105102586125824
research_universe_v1_2__cost_0,research_universe_v1_2,0.0,34,2024-01-16,2024-02-21,002935,天奥电子,商业航天,0.017857142857142856,-0.21478648820905033,-0.0038354730037330415,-0.007798358185265482
research_universe_v1_2__cost_0,research_universe_v1_2,0.0,34,2024-01-16,2024-02-21,002987,京北方,AI,0.017857142857142856,-0.1124260355029586,-0.0020076077768385464,-0.0040819071139527215
research_universe_v1_2__cost_0,research_universe_v1_2,0.0,34,2024-01-16,2024-02-21,300002,神州泰岳,AI,0.017857142857142856,0.19314285714285706,0.003448979591836733,0.007012532275585179
research_universe_v1_2__cost_0,research_universe_v1_2,0.0,34,2024-01-16,2024-02-21,300017,网宿科技,AI,0.017857142857142856,0.018679950186799577,0.0003335705390499924,0.0006782220969961452
research_universe_v1_2__cost_0,research_universe_v1_2,0.0,34,2024-01-16,2024-02-21,300033,同花顺,AI,0.017857142857142856,-0.007313231323132219,-0.0001305934164845039,-0.00026552507015236424
research_universe_v1_2__cost_0,research_universe_v1_2,0.0,34,2024-01-16,2024-02-21,300047,天源迪科,AI,0.017857142857142856,-0.17625000000000002,-0.0031473214285714286,-0.006399195040682854
research_universe_v1_2__cost_0,research_universe_v1_2,0.0,34,2024-01-16,2024-02-21,300058,蓝色光标,AI,0.017857142857142856,0.02240325865580428,0.0004000581902822193,0.0008134060804843006
research_universe_v1_2__cost_0,research_universe_v1_2,0.0,34,2024-01-16,2024-02-21,300101,振芯科技,商业航天,0.017857142857142856,-0.1816192560175055,-0.0032432010003125983,-0.0065941392476580474
research_universe_v1_2__cost_0,research_universe_v1_2,0.0,34,2024-01-16,2024-02-21,300113,顺网科技,AI,0.017857142857142856,-0.1326609775019395,-0.0023689460268203483,-0.004816587059986104
research_universe_v1_2__cost_0,research_universe_v1_2,0.0,34,2024-01-16,2024-02-21,300133,华策影视,AI,0.017857142857142856,-0.03917910447761197,-0.0006996268656716423,-0.001422494928065418
research_universe_v1_2__cost_0,research_universe_v1_2,0.0,34,2024-01-16,2024-02-21,300170,汉得信息,AI,0.017857142857142856,-0.15579227696404796,-0.0027820049457865704,-0.005656426474468229
research_universe_v1_2__cost_0,research_universe_v1_2,0.0,34,2024-01-16,2024-02-21,300182,捷成股份,AI,0.017857142857142856,-0.03253796095444694,-0.0005810350170436954,-0.0011813716787156267
research_universe_v1_2__cost_0,research_universe_v1_2,0.0,34,2024-01-16,2024-02-21,300339,润和软件,AI,0.017857142857142856,-0.1418298042349181,-0.0025326750756235372,-0.005149484141169406
research_universe_v1_2__cost_0,research_universe_v1_2,0.0,34,2024-01-16,2024-02-21,300348,长亮科技,AI,0.017857142857142856,-0.16774193548387106,-0.002995391705069126,-0.006090288576810956
research_universe_v1_2__cost_0,research_universe_v1_2,0.0,34,2024-01-16,2024-02-21,300378,鼎捷数智,AI,0.017857142857142856,-0.109860664523044,-0.0019617975807686427,-0.003988764933798502
research_universe_v1_2__cost_0,research_universe_v1_2,0.0,34,2024-01-16,2024-02-21,300413,芒果超媒,AI,0.017857142857142856,0.06619718309859146,0.0011820925553319903,0.0024034535364067023
research_universe_v1_2__cost_0,research_universe_v1_2,0.0,34,2024-01-16,2024-02-21,300454,深信服,AI,0.017857142857142856,-0.06762231224680593,-0.0012075412901215343,-0.0024551963981235057
research_universe_v1_2__cost_0,research_universe_v1_2,0.0,34,2024-01-16,2024-02-21,300458,全志科技,AI,0.017857142857142856,-0.10984540276647681,-0.0019615250494013714,-0.003988210817730774
research_universe_v1_2__cost_0,research_universe_v1_2,0.0,34,2024-01-16,2024-02-21,300496,中科创达,AI,0.017857142857142856,-0.15607669149104741,-0.0027870837766258466,-0.005666752851947225
research_universe_v1_2__cost_0,research_universe_v1_2,0.0,34,2024-01-16,2024-02-21,300627,华测导航,商业航天,0.017857142857142856,-0.04070701660417786,-0.0007269110107888903,-0.0014779695816990045
research_universe_v1_2__cost_0,research_universe_v1_2,0.0,34,2024-01-16,2024-02-21,300629,新劲刚,商业航天,0.017857142857142856,-0.13838812301166492,-0.002471216482351159,-0.005024525335975347
research_universe_v1_2__cost_0,research_universe_v1_2,0.0,34,2024-01-16,2024-02-21,300634,彩讯股份,AI,0.017857142857142856,-0.08574610244988856,-0.001531180400890867,-0.003113225722299068
research_universe_v1_2__cost_0,research_universe_v1_2,0.0,34,2024-01-16,2024-02-21,300674,宇信科技,AI,0.017857142857142856,-0.12698412698412698,-0.0022675736961451243,-0.004610474868892296
research_universe_v1_2__cost_0,research_universe_v1_2,0.0,34,2024-01-16,2024-02-21,300857,协创数据,AI,0.017857142857142856,-0.10242376856919455,-0.0018289958673070456,-0.003718749911353408
research_universe_v1_2__cost_0,research_universe_v1_2,0.0,34,2024-01-16,2024-02-21,300996,普联软件,AI,0.017857142857142856,-0.22233712512926584,-0.003970305805879747,-0.008072502856663156
research_universe_v1_2__cost_0,research_universe_v1_2,0.0,34,2024-01-16,2024-02-21,301050,雷电微力,商业航天,0.017857142857142856,-0.10473882606354334,-0.001870336179706131,-0.0038028038372355777
research_universe_v1_2__cost_0,research_universe_v1_2,0.0,34,2024-01-16,2024-02-21,301110,青木科技,AI,0.017857142857142856,-0.2262210796915166,-0.0040396621373485105,-0.00821351949650992
research_universe_v1_2__cost_0,research_universe_v1_2,0.0,34,2024-01-16,2024-02-21,301165,锐捷网络,AI,0.017857142857142856,-0.07243816254416968,-0.0012935386168601729,-0.0026300478326742077
research_universe_v1_2__cost_0,research_universe_v1_2,0.0,34,2024-01-16,2024-02-21,301171,易点天下,AI,0.017857142857142856,0.058351568198395265,0.0010419922892570582,0.0021185989550708555
research_universe_v1_2__cost_0,research_universe_v1_2,0.0,35,2024-02-21,2024-03-20,000063,中兴通讯,AI,0.017857142857142856,0.19401709401709422,0.003464590964590968,0.005872294555042296
research_universe_v1_2__cost_0,research_universe_v1_2,0.0,35,2024-02-21,2024-03-20,000681,视觉中国,AI,0.017857142857142856,0.12692307692307692,0.0022664835164835162,0.0038415671428360357
research_universe_v1_2__cost_0,research_universe_v1_2,0.0,35,2024-02-21,2024-03-20,000901,航天科技,商业航天,0.017857142857142856,0.11492734478203426,0.002052274013964897,0.003478493605978586
research_universe_v1_2__cost_0,research_universe_v1_2,0.0,35,2024-02-21,2024-03-20,000938,紫光股份,AI,0.017857142857142856,0.35092807424593975,0.006266572754391781,0.010621502347748515
research_universe_v1_2__cost_0,research_universe_v1_2,0.0,35,2024-02-21,2024-03-20,000977,浪潮信息,AI,0.017857142857142856,0.2831995058678194,0.005057134033353917,0.0085715690399514
research_universe_v1_2__cost_0,research_universe_v1_2,0.0,35,2024-02-21,2024-03-20,001208,华菱线缆,商业航天,0.017857142857142856,0.15804195804195786,0.002822177822177819,0.004783438976754507
research_universe_v1_2__cost_0,research_universe_v1_2,0.0,35,2024-02-21,2024-03-20,002015,协鑫能科,AI,0.017857142857142856,0.22258771929824572,0.003974780701754388,0.006737038603099617
research_universe_v1_2__cost_0,research_universe_v1_2,0.0,35,2024-02-21,2024-03-20,002044,美年健康,AI,0.017857142857142856,0.01848428835489835,0.00033007657776604193,0.0005594619711742396
research_universe_v1_2__cost_0,research_universe_v1_2,0.0,35,2024-02-21,2024-03-20,002049,紫光国微,AI|商业航天,0.017857142857142856,0.22384341637010663,0.003997203863751904,0.006775044651562654
research_universe_v1_2__cost_0,research_universe_v1_2,0.0,35,2024-02-21,2024-03-20,002065,东华软件,AI,0.017857142857142856,0.10357815442561225,0.0018496099004573613,0.003134988879903864
research_universe_v1_2__cost_0,research_universe_v1_2,0.0,35,2024-02-21,2024-03-20,002131,利欧股份,AI,0.017857142857142856,0.05607476635513997,0.0010013351134846424,0.0016972089331136202
research_universe_v1_2__cost_0,research_universe_v1_2,0.0,35,2024-02-21,2024-03-20,002212,天融信,AI,0.017857142857142856,0.16041979010494756,0.0028646391090169205,0.0048554085645222175
research_universe_v1_2__cost_0,research_universe_v1_2,0.0,35,2024-02-21,2024-03-20,002230,科大讯飞,AI,0.017857142857142856,0.15350290049085236,0.0027411232230509348,0.004646055809166026
research_universe_v1_2__cost_0,research_universe_v1_2,0.0,35,2024-02-21,2024-03-20,002236,大华股份,AI,0.017857142857142856,0.0923076923076922,0.0016483516483516464,0.002793867012971659
research_universe_v1_2__cost_0,research_universe_v1_2,0.0,35,2024-02-21,2024-03-20,002279,久其软件,AI,0.017857142857142856,0.252,0.0045,0.007627256945412638
research_universe_v1_2__cost_0,research_universe_v1_2,0.0,35,2024-02-21,2024-03-20,002315,焦点科技,AI,0.017857142857142856,0.22468205369759775,0.004012179530314245,0.0068004275975181655
research_universe_v1_2__cost_0,research_universe_v1_2,0.0,35,2024-02-21,2024-03-20,002361,神剑股份,商业航天,0.017857142857142856,0.2737226277372262,0.004887904066736182,0.008284733387005383
research_universe_v1_2__cost_0,research_universe_v1_2,0.0,35,2024-02-21,2024-03-20,002373,千方科技,AI,0.017857142857142856,0.1395833333333334,0.002492559523809525,0.004224753764406804
research_universe_v1_2__cost_0,research_universe_v1_2,0.0,35,2024-02-21,2024-03-20,002396,星网锐捷,AI,0.017857142857142856,0.13523131672597866,0.002414844941535333,0.00409303174498221
research_universe_v1_2__cost_0,research_universe_v1_2,0.0,35,2024-02-21,2024-03-20,002410,广联达,AI,0.017857142857142856,0.07629870129870131,0.0013624768089053804,0.00230932460081938
research_universe_v1_2__cost_0,research_universe_v1_2,0.0,35,2024-02-21,2024-03-20,002446,盛路通信,商业航天,0.017857142857142856,0.23833333333333329,0.00425595238095238,0.007213609412658777
research_universe_v1_2__cost_0,research_universe_v1_2,0.0,35,2024-02-21,2024-03-20,002544,普天科技,商业航天,0.017857142857142856,0.7209790209790208,0.01287462537462537,0.02182179462404381
research_universe_v1_2__cost_0,research_universe_v1_2,0.0,35,2024-02-21,2024-03-20,002558,巨人网络,AI,0.017857142857142856,0.2712384851586489,0.004843544377833016,0.008209546110275823
research_universe_v1_2__cost_0,research_universe_v1_2,0.0,35,2024-02-21,2024-03-20,002757,南兴股份,AI,0.017857142857142856,0.1908333333333332,0.0034077380952380926,0.005775932012233773
research_universe_v1_2__cost_0,research_universe_v1_2,0.0,35,2024-02-21,2024-03-20,002792,通宇通讯,商业航天,0.017857142857142856,0.375,0.006696428571428571,0.011350084740197379
research_universe_v1_2__cost_0,research_universe_v1_2,0.0,35,2024-02-21,2024-03-20,002881,美格智能,AI,0.017857142857142856,0.30309072781655044,0.005412334425295543,0.009173614519162524
research_universe_v1_2__cost_0,research_universe_v1_2,0.0,35,2024-02-21,2024-03-20,002929,润建股份,AI,0.017857142857142856,0.3334424083769634,0.005954328721017203,0.010092265576144092
research_universe_v1_2__cost_0,research_universe_v1_2,0.0,35,2024-02-21,2024-03-20,002935,天奥电子,商业航天,0.017857142857142856,0.19074675324675328,0.0034061920222634512,0.005773311502048451
research_universe_v1_2__cost_0,research_universe_v1_2,0.0,35,2024-02-21,2024-03-20,002987,京北方,AI,0.017857142857142856,0.1433333333333333,0.002559523809523809,0.004338254611808774
research_universe_v1_2__cost_0,research_universe_v1_2,0.0,35,2024-02-21,2024-03-20,300002,神州泰岳,AI,0.017857142857142856,0.006704980842911823,0.00011973180076628254,0.00020293893532919796
research_universe_v1_2__cost_0,research_universe_v1_2,0.0,35,2024-02-21,2024-03-20,300017,网宿科技,AI,0.017857142857142856,0.1308068459657703,0.002335836535103041,0.003959116763491836
research_universe_v1_2__cost_0,research_universe_v1_2,0.0,35,2024-02-21,2024-03-20,300033,同花顺,AI,0.017857142857142856,0.07605122974045098,0.0013580576739366246,0.002301834405734234
research_universe_v1_2__cost_0,research_universe_v1_2,0.0,35,2024-02-21,2024-03-20,300047,天源迪科,AI,0.017857142857142856,0.29742033383915034,0.005311077389984827,0.009001989313419067
research_universe_v1_2__cost_0,research_universe_v1_2,0.0,35,2024-02-21,2024-03-20,300058,蓝色光标,AI,0.017857142857142856,0.09960159362549792,0.0017785998861696056,0.0030146307410882783
research_universe_v1_2__cost_0,research_universe_v1_2,0.0,35,2024-02-21,2024-03-20,300101,振芯科技,商业航天,0.017857142857142856,0.21724598930481287,0.0038793926661573725,0.0065753610348737055
research_universe_v1_2__cost_0,research_universe_v1_2,0.0,35,2024-02-21,2024-03-20,300113,顺网科技,AI,0.017857142857142856,0.16547406082289795,0.002954893943266035,0.005008385633718578
research_universe_v1_2__cost_0,research_universe_v1_2,0.0,35,2024-02-21,2024-03-20,300133,华策影视,AI,0.017857142857142856,0.4737864077669902,0.008460471567267681,0.014340042338424128
research_universe_v1_2__cost_0,research_universe_v1_2,0.0,35,2024-02-21,2024-03-20,300170,汉得信息,AI,0.017857142857142856,0.14037854889589907,0.002506759801712483,0.004248822468465055
research_universe_v1_2__cost_0,research_universe_v1_2,0.0,35,2024-02-21,2024-03-20,300182,捷成股份,AI,0.017857142857142856,0.26905829596412567,0.0048046124279308156,0.008143558557989154
research_universe_v1_2__cost_0,research_universe_v1_2,0.0,35,2024-02-21,2024-03-20,300339,润和软件,AI,0.017857142857142856,0.16992551210428308,0.0030343841447193405,0.005143117231746795
research_universe_v1_2__cost_0,research_universe_v1_2,0.0,35,2024-02-21,2024-03-20,300348,长亮科技,AI,0.017857142857142856,0.13178294573643412,0.002353266888150609,0.00398866027045696
research_universe_v1_2__cost_0,research_universe_v1_2,0.0,35,2024-02-21,2024-03-20,300378,鼎捷数智,AI,0.017857142857142856,0.2215532811559302,0.003956308592070182,0.006705729374902888
research_universe_v1_2__cost_0,research_universe_v1_2,0.0,35,2024-02-21,2024-03-20,300413,芒果超媒,AI,0.017857142857142856,0.12769704975781582,0.0022803044599609967,0.003864992895531762
research_universe_v1_2__cost_0,research_universe_v1_2,0.0,35,2024-02-21,2024-03-20,300454,深信服,AI,0.017857142857142856,0.3079879679144384,0.0054997851413292565,0.009321838759440178
research_universe_v1_2__cost_0,research_universe_v1_2,0.0,35,2024-02-21,2024-03-20,300458,全志科技,AI,0.017857142857142856,0.1864716636197441,0.0033298511360668587,0.005643917823279137
research_universe_v1_2__cost_0,research_universe_v1_2,0.0,35,2024-02-21,2024-03-20,300496,中科创达,AI,0.017857142857142856,0.18663161847540377,0.003332707472775067,0.005648759159722718
research_universe_v1_2__cost_0,research_universe_v1_2,0.0,35,2024-02-21,2024-03-20,300627,华测导航,商业航天,0.017857142857142856,0.008933556672250154,0.00015952779771875273,0.0002703910006970532
research_universe_v1_2__cost_0,research_universe_v1_2,0.0,35,2024-02-21,2024-03-20,300629,新劲刚,商业航天,0.017857142857142856,0.1581538461538461,0.002824175824175823,0.00478682548222478
research_universe_v1_2__cost_0,research_universe_v1_2,0.0,35,2024-02-21,2024-03-20,300634,彩讯股份,AI,0.017857142857142856,0.30450669914738127,0.005437619627631808,0.009216471571414843
research_universe_v1_2__cost_0,research_universe_v1_2,0.0,35,2024-02-21,2024-03-20,300674,宇信科技,AI,0.017857142857142856,0.150413223140496,0.0026859504132231427,0.004552540876508925
research_universe_v1_2__cost_0,research_universe_v1_2,0.0,35,2024-02-21,2024-03-20,300857,协创数据,AI,0.017857142857142856,0.38414634146341453,0.006859756097560973,0.01162691607532414
research_universe_v1_2__cost_0,research_universe_v1_2,0.0,35,2024-02-21,2024-03-20,300996,普联软件,AI,0.017857142857142856,0.15957446808510656,0.0028495440729483313,0.004829823293701017
research_universe_v1_2__cost_0,research_universe_v1_2,0.0,35,2024-02-21,2024-03-20,301050,雷电微力,商业航天,0.017857142857142856,0.1037593984962406,0.0018528464017185822,0.003140474574731305
research_universe_v1_2__cost_0,research_universe_v1_2,0.0,35,2024-02-21,2024-03-20,301110,青木科技,AI,0.017857142857142856,0.25116279069767433,0.0044850498338870415,0.007601917221341498
research_universe_v1_2__cost_0,research_universe_v1_2,0.0,35,2024-02-21,2024-03-20,301165,锐捷网络,AI,0.017857142857142856,0.27428571428571424,0.004897959183673468,0.008301776267115795
research_universe_v1_2__cost_0,research_universe_v1_2,0.0,35,2024-02-21,2024-03-20,301171,易点天下,AI,0.017857142857142856,0.045485871812543044,0.0008122477109382686,0.0013767159988109837
research_universe_v1_2__cost_0,research_universe_v1_2,0.0,36,2024-03-20,2024-04-19,000063,中兴通讯,AI,0.017857142857142856,-0.03937007874015752,-0.0007030371203599557,-0.0014079999143780317
research_universe_v1_2__cost_0,research_universe_v1_2,0.0,36,2024-03-20,2024-04-19,000681,视觉中国,AI,0.017857142857142856,-0.16860068259385674,-0.003010726474890299,-0.006029699565068185
research_universe_v1_2__cost_0,research_universe_v1_2,0.0,36,2024-03-20,2024-04-19,000901,航天科技,商业航天,0.017857142857142856,-0.07345971563981035,-0.0013117806364251847,-0.0026271543426096204
research_universe_v1_2__cost_0,research_universe_v1_2,0.0,36,2024-03-20,2024-04-19,000938,紫光股份,AI,0.017857142857142856,-0.16530699871189347,-0.0029519106912838117,-0.005911906896823853
research_universe_v1_2__cost_0,research_universe_v1_2,0.0,36,2024-03-20,2024-04-19,000977,浪潮信息,AI,0.017857142857142856,-0.1434416365824307,-0.002561457796114834,-0.005129931625468197
research_universe_v1_2__cost_0,research_universe_v1_2,0.0,36,2024-03-20,2024-04-19,001208,华菱线缆,商业航天,0.017857142857142856,-0.13043478260869557,-0.0023291925465838493,-0.004664764933721993
research_universe_v1_2__cost_0,research_universe_v1_2,0.0,36,2024-03-20,2024-04-19,002015,协鑫能科,AI,0.017857142857142856,-0.18206278026905842,-0.003251121076233186,-0.0065111472273686145
research_universe_v1_2__cost_0,research_universe_v1_2,0.0,36,2024-03-20,2024-04-19,002044,美年健康,AI,0.017857142857142856,-0.17604355716878395,-0.0031436349494425703,-0.006295880560879472
research_universe_v1_2__cost_0,research_universe_v1_2,0.0,36,2024-03-20,2024-04-19,002049,紫光国微,AI|商业航天,0.017857142857142856,-0.14699040418726372,-0.002624828646201138,-0.005256846903355508
research_universe_v1_2__cost_0,research_universe_v1_2,0.0,36,2024-03-20,2024-04-19,002065,东华软件,AI,0.017857142857142856,-0.12969283276450527,-0.0023159434422233083,-0.0046382304346678374
research_universe_v1_2__cost_0,research_universe_v1_2,0.0,36,2024-03-20,2024-04-19,002131,利欧股份,AI,0.017857142857142856,-0.11946902654867253,-0.0021333754740834377,-0.0042725944304444815
research_universe_v1_2__cost_0,research_universe_v1_2,0.0,36,2024-03-20,2024-04-19,002212,天融信,AI,0.017857142857142856,-0.2596899224806202,-0.004637320044296789,-0.009287342070885784
research_universe_v1_2__cost_0,research_universe_v1_2,0.0,36,2024-03-20,2024-04-19,002230,科大讯飞,AI,0.017857142857142856,-0.14119922630560933,-0.002521414755457309,-0.0050497358631329675
research_universe_v1_2__cost_0,research_universe_v1_2,0.0,36,2024-03-20,2024-04-19,002236,大华股份,AI,0.017857142857142856,-0.11267605633802813,-0.002012072434607645,-0.004029656092980502
research_universe_v1_2__cost_0,research_universe_v1_2,0.0,36,2024-03-20,2024-04-19,002279,久其软件,AI,0.017857142857142856,-0.23482428115015974,-0.004193290734824281,-0.00839806722093401
research_universe_v1_2__cost_0,research_universe_v1_2,0.0,36,2024-03-20,2024-04-19,002315,焦点科技,AI,0.017857142857142856,-0.17500000000000004,-0.0031250000000000006,-0.006258559619410346
research_universe_v1_2__cost_0,research_universe_v1_2,0.0,36,2024-03-20,2024-04-19,002361,神剑股份,商业航天,0.017857142857142856,-0.10601719197707737,-0.0018931641424478102,-0.0037915138095486333
research_universe_v1_2__cost_0,research_universe_v1_2,0.0,36,2024-03-20,2024-04-19,002373,千方科技,AI,0.017857142857142856,-0.10694698354661791,-0.0019097675633324626,-0.0038247661293863166
research_universe_v1_2__cost_0,research_universe_v1_2,0.0,36,2024-03-20,2024-04-19,002396,星网锐捷,AI,0.017857142857142856,-0.0650470219435737,-0.0011615539632781017,-0.0023262895137082795
research_universe_v1_2__cost_0,research_universe_v1_2,0.0,36,2024-03-20,2024-04-19,002410,广联达,AI,0.017857142857142856,-0.2639517345399698,-0.004713423831070889,-0.009439758098658135
research_universe_v1_2__cost_0,research_universe_v1_2,0.0,36,2024-03-20,2024-04-19,002446,盛路通信,商业航天,0.017857142857142856,-0.17496635262449522,-0.003124399154008843,-0.006257356281663868
research_universe_v1_2__cost_0,research_universe_v1_2,0.0,36,2024-03-20,2024-04-19,002544,普天科技,商业航天,0.017857142857142856,-0.02559934985778134,-0.000457131247460381,-0.0009155146131603898
research_universe_v1_2__cost_0,research_universe_v1_2,0.0,36,2024-03-20,2024-04-19,002558,巨人网络,AI,0.017857142857142856,-0.2093397745571658,-0.003738210259949389,-0.007486659770171102
research_universe_v1_2__cost_0,research_universe_v1_2,0.0,36,2024-03-20,2024-04-19,002757,南兴股份,AI,0.017857142857142856,-0.11336599020293903,-0.0020243926821953396,-0.004054330334277617
research_universe_v1_2__cost_0,research_universe_v1_2,0.0,36,2024-03-20,2024-04-19,002792,通宇通讯,商业航天,0.017857142857142856,-0.18105423987776925,-0.0032331114263887363,-0.006475078597840233
research_universe_v1_2__cost_0,research_universe_v1_2,0.0,36,2024-03-20,2024-04-19,002881,美格智能,AI,0.017857142857142856,-0.22417750573833206,-0.004003169745327358,-0.008017304485680318
research_universe_v1_2__cost_0,research_universe_v1_2,0.0,36,2024-03-20,2024-04-19,002929,润建股份,AI,0.017857142857142856,-0.1776687116564417,-0.0031726555652936018,-0.006354001282318092
research_universe_v1_2__cost_0,research_universe_v1_2,0.0,36,2024-03-20,2024-04-19,002935,天奥电子,商业航天,0.017857142857142856,-0.09066121336059985,-0.00161895023858214,-0.003242334908487976
research_universe_v1_2__cost_0,research_universe_v1_2,0.0,36,2024-03-20,2024-04-19,002987,京北方,AI,0.017857142857142856,-0.03352769679300294,-0.0005987088713036239,-0.0011990576530315536
research_universe_v1_2__cost_0,research_universe_v1_2,0.0,36,2024-03-20,2024-04-19,300002,神州泰岳,AI,0.017857142857142856,-0.18553758325404368,-0.003313171129536494,-0.0066354172939242445
research_universe_v1_2__cost_0,research_universe_v1_2,0.0,36,2024-03-20,2024-04-19,300017,网宿科技,AI,0.017857142857142856,-0.030270270270270183,-0.0005405405405405389,-0.0010825616638980024
research_universe_v1_2__cost_0,research_universe_v1_2,0.0,36,2024-03-20,2024-04-19,300033,同花顺,AI,0.017857142857142856,-0.18938276806404053,-0.0033818351440007234,-0.006772933398958623
research_universe_v1_2__cost_0,research_universe_v1_2,0.0,36,2024-03-20,2024-04-19,300047,天源迪科,AI,0.017857142857142856,-0.21754385964912282,-0.0038847117794486214,-0.007780064088289552
research_universe_v1_2__cost_0,research_universe_v1_2,0.0,36,2024-03-20,2024-04-19,300058,蓝色光标,AI,0.017857142857142856,-0.20289855072463758,-0.0036231884057970993,-0.00725630100801199
research_universe_v1_2__cost_0,research_universe_v1_2,0.0,36,2024-03-20,2024-04-19,300101,振芯科技,商业航天,0.017857142857142856,-0.20593080724876445,-0.0036773358437279364,-0.007364744197941099
research_universe_v1_2__cost_0,research_universe_v1_2,0.0,36,2024-03-20,2024-04-19,300113,顺网科技,AI,0.017857142857142856,-0.22102839600920943,-0.003946935643021596,-0.007904682251464437
research_universe_v1_2__cost_0,research_universe_v1_2,0.0,36,2024-03-20,2024-04-19,300133,华策影视,AI,0.017857142857142856,-0.10144927536231874,-0.0018115942028985488,-0.0036281505040059933
research_universe_v1_2__cost_0,research_universe_v1_2,0.0,36,2024-03-20,2024-04-19,300170,汉得信息,AI,0.017857142857142856,-0.23098201936376217,-0.0041246789172100385,-0.008260655652570859
research_universe_v1_2__cost_0,research_universe_v1_2,0.0,36,2024-03-20,2024-04-19,300182,捷成股份,AI,0.017857142857142856,-0.18551236749116606,-0.003312720848056537,-0.006634515497608138
research_universe_v1_2__cost_0,research_universe_v1_2,0.0,36,2024-03-20,2024-04-19,300339,润和软件,AI,0.017857142857142856,-0.1249502586549941,-0.00223125461883918,-0.0044686208185887085
research_universe_v1_2__cost_0,research_universe_v1_2,0.0,36,2024-03-20,2024-04-19,300348,长亮科技,AI,0.017857142857142856,-0.2009132420091324,-0.003587736464448793,-0.007185300019675282
research_universe_v1_2__cost_0,research_universe_v1_2,0.0,36,2024-03-20,2024-04-19,300378,鼎捷数智,AI,0.017857142857142856,-0.21931986200098563,-0.003916426107160457,-0.007843579611737246
research_universe_v1_2__cost_0,research_universe_v1_2,0.0,36,2024-03-20,2024-04-19,300413,芒果超媒,AI,0.017857142857142856,-0.11440843420538849,-0.0020430077536676516,-0.004091611465358912
research_universe_v1_2__cost_0,research_universe_v1_2,0.0,36,2024-03-20,2024-04-19,300454,深信服,AI,0.017857142857142856,-0.31927941740130317,-0.005701418167880413,-0.011418452966038037
research_universe_v1_2__cost_0,research_universe_v1_2,0.0,36,2024-03-20,2024-04-19,300458,全志科技,AI,0.017857142857142856,-0.11479198767334364,-0.002049856922738279,-0.0041053285639099345
research_universe_v1_2__cost_0,research_universe_v1_2,0.0,36,2024-03-20,2024-04-19,300496,中科创达,AI,0.017857142857142856,-0.29145569620253164,-0.005204566003616636,-0.010423387720573106
research_universe_v1_2__cost_0,research_universe_v1_2,0.0,36,2024-03-20,2024-04-19,300627,华测导航,商业航天,0.017857142857142856,0.06474820143884874,0.0011562178828365846,0.0023156027368835745
research_universe_v1_2__cost_0,research_universe_v1_2,0.0,36,2024-03-20,2024-04-19,300629,新劲刚,商业航天,0.017857142857142856,-0.04888416578108401,-0.0008729315318050715,-0.001748254091348876
research_universe_v1_2__cost_0,research_universe_v1_2,0.0,36,2024-03-20,2024-04-19,300634,彩讯股份,AI,0.017857142857142856,-0.22735760971055097,-0.004059957316259838,-0.008131035173143494
research_universe_v1_2__cost_0,research_universe_v1_2,0.0,36,2024-03-20,2024-04-19,300674,宇信科技,AI,0.017857142857142856,-0.15014367816091956,-0.0026811371100164206,-0.005369618064272423
research_universe_v1_2__cost_0,research_universe_v1_2,0.0,36,2024-03-20,2024-04-19,300857,协创数据,AI,0.017857142857142856,-0.14443045940843302,-0.002579115346579161,-0.005165295091808593
research_universe_v1_2__cost_0,research_universe_v1_2,0.0,36,2024-03-20,2024-04-19,300996,普联软件,AI,0.017857142857142856,-0.17889908256880738,-0.0031946264744429887,-0.006398003280655399
research_universe_v1_2__cost_0,research_universe_v1_2,0.0,36,2024-03-20,2024-04-19,301050,雷电微力,商业航天,0.017857142857142856,-0.12861035422343325,-0.0022966134682755935,-0.004599517540461943
research_universe_v1_2__cost_0,research_universe_v1_2,0.0,36,2024-03-20,2024-04-19,301110,青木科技,AI,0.017857142857142856,-0.0971853425385023,-0.0017354525453303982,-0.003475658630914474
research_universe_v1_2__cost_0,research_universe_v1_2,0.0,36,2024-03-20,2024-04-19,301165,锐捷网络,AI,0.017857142857142856,-0.11958146487294463,-0.0021353833013025825,-0.0042766155844785585
research_universe_v1_2__cost_0,research_universe_v1_2,0.0,36,2024-03-20,2024-04-19,301171,易点天下,AI,0.017857142857142856,-0.24983520105471324,-0.004461342875977022,-0.008934905719018817
research_universe_v1_2__cost_0,research_universe_v1_2,0.0,37,2024-04-19,2024-05-22,000063,中兴通讯,AI,0.017857142857142856,-0.01974664679582716,-0.00035261869278262783,-0.0006677545134197766
research_universe_v1_2__cost_0,research_universe_v1_2,0.0,37,2024-04-19,2024-05-22,000681,视觉中国,AI,0.017857142857142856,0.0755336617405582,0.0013488153882242535,0.0025542535937311105
research_universe_v1_2__cost_0,research_universe_v1_2,0.0,37,2024-04-19,2024-05-22,000901,航天科技,商业航天,0.017857142857142856,0.054987212276214725,0.0009819145049324057,0.001859452876099092
research_universe_v1_2__cost_0,research_universe_v1_2,0.0,37,2024-04-19,2024-05-22,000938,紫光股份,AI,0.017857142857142856,0.18981481481481466,0.0033895502645502618,0.006418796093183588
research_universe_v1_2__cost_0,research_universe_v1_2,0.0,37,2024-04-19,2024-05-22,000977,浪潮信息,AI,0.017857142857142856,0.11520089912896858,0.002057158913017296,0.0038956447207857633
research_universe_v1_2__cost_0,research_universe_v1_2,0.0,37,2024-04-19,2024-05-22,001208,华菱线缆,商业航天,0.017857142857142856,0.08194444444444438,0.0014632936507936495,0.002771041240228037
research_universe_v1_2__cost_0,research_universe_v1_2,0.0,37,2024-04-19,2024-05-22,002015,协鑫能科,AI,0.017857142857142856,0.028508771929824706,0.000509085213032584,0.0009640553824165394
research_universe_v1_2__cost_0,research_universe_v1_2,0.0,37,2024-04-19,2024-05-22,002044,美年健康,AI,0.017857142857142856,-0.01541850220264318,-0.00027533039647577106,-0.0005213935582300202
research_universe_v1_2__cost_0,research_universe_v1_2,0.0,37,2024-04-19,2024-05-22,002049,紫光国微,AI|商业航天,0.017857142857142856,-0.038009204022498744,-0.000678735786116049,-0.001285322910767823
research_universe_v1_2__cost_0,research_universe_v1_2,0.0,37,2024-04-19,2024-05-22,002065,东华软件,AI,0.017857142857142856,-0.005882352941176339,-0.00010504201680672032,-0.00019891821465245694
research_universe_v1_2__cost_0,research_universe_v1_2,0.0,37,2024-04-19,2024-05-22,002131,利欧股份,AI,0.017857142857142856,-0.09045226130653261,-0.001615218951902368,-0.0030587423961634754
research_universe_v1_2__cost_0,research_universe_v1_2,0.0,37,2024-04-19,2024-05-22,002212,天融信,AI,0.017857142857142856,0.04013961605584626,0.0007167788581401118,0.0013573651296529161
research_universe_v1_2__cost_0,research_universe_v1_2,0.0,37,2024-04-19,2024-05-22,002230,科大讯飞,AI,0.017857142857142856,-0.01644144144144133,-0.0002935971685971666,-0.0005559853702335652
research_universe_v1_2__cost_0,research_universe_v1_2,0.0,37,2024-04-19,2024-05-22,002236,大华股份,AI,0.017857142857142856,0.036190476190476106,0.000646258503401359,0.0012238206349094265
research_universe_v1_2__cost_0,research_universe_v1_2,0.0,37,2024-04-19,2024-05-22,002279,久其软件,AI,0.017857142857142856,0.05427974947807934,0.0009692812406799882,0.001835529245853611
research_universe_v1_2__cost_0,research_universe_v1_2,0.0,37,2024-04-19,2024-05-22,002315,焦点科技,AI,0.017857142857142856,0.0876456876456877,0.001565101565101566,0.0029638350304394736
research_universe_v1_2__cost_0,research_universe_v1_2,0.0,37,2024-04-19,2024-05-22,002361,神剑股份,商业航天,0.017857142857142856,0.14102564102564097,0.002518315018315017,0.0047689366846167015
research_universe_v1_2__cost_0,research_universe_v1_2,0.0,37,2024-04-19,2024-05-22,002373,千方科技,AI,0.017857142857142856,-0.06550665301944714,-0.001169761661061556,-0.0022151792993027383
research_universe_v1_2__cost_0,research_universe_v1_2,0.0,37,2024-04-19,2024-05-22,002396,星网锐捷,AI,0.017857142857142856,-0.0796311818943839,-0.0014219853909711408,-0.002692815730626363
research_universe_v1_2__cost_0,research_universe_v1_2,0.0,37,2024-04-19,2024-05-22,002410,广联达,AI,0.017857142857142856,0.30327868852459017,0.005415690866510539,0.01025570139478674
research_universe_v1_2__cost_0,research_universe_v1_2,0.0,37,2024-04-19,2024-05-22,002446,盛路通信,商业航天,0.017857142857142856,0.047308319738988525,0.0008447914239105094,0.0015997827051168576
research_universe_v1_2__cost_0,research_universe_v1_2,0.0,37,2024-04-19,2024-05-22,002544,普天科技,商业航天,0.017857142857142856,-0.06422018348623848,-0.001146788990825687,-0.0021716759214351275
research_universe_v1_2__cost_0,research_universe_v1_2,0.0,37,2024-04-19,2024-05-22,002558,巨人网络,AI,0.017857142857142856,0.05295315682281054,0.0009455920861216168,0.0017906690606188974
research_universe_v1_2__cost_0,research_universe_v1_2,0.0,37,2024-04-19,2024-05-22,002757,南兴股份,AI,0.017857142857142856,-0.014996053670086829,-0.00026778667268012195,-0.0005071079978906478
research_universe_v1_2__cost_0,research_universe_v1_2,0.0,37,2024-04-19,2024-05-22,002792,通宇通讯,商业航天,0.017857142857142856,0.06063432835820892,0.001082755863539445,0.002050416298423225
research_universe_v1_2__cost_0,research_universe_v1_2,0.0,37,2024-04-19,2024-05-22,002881,美格智能,AI,0.017857142857142856,0.044378698224851965,0.0007924767540152136,0.001500714341312945
research_universe_v1_2__cost_0,research_universe_v1_2,0.0,37,2024-04-19,2024-05-22,002929,润建股份,AI,0.017857142857142856,-0.004774694121157719,-8.526239502067355e-05,-0.00016146151711569044
research_universe_v1_2__cost_0,research_universe_v1_2,0.0,37,2024-04-19,2024-05-22,002935,天奥电子,商业航天,0.017857142857142856,0.0037481259370315545,6.693082030413489e-05,0.00012674698834677314
research_universe_v1_2__cost_0,research_universe_v1_2,0.0,37,2024-04-19,2024-05-22,002987,京北方,AI,0.017857142857142856,0.012066365007541435,0.00021547080370609706,0.000408037363389663
research_universe_v1_2__cost_0,research_universe_v1_2,0.0,37,2024-04-19,2024-05-22,300002,神州泰岳,AI,0.017857142857142856,0.023364485981308247,0.00041722296395193295,0.0007900957124046309
research_universe_v1_2__cost_0,research_universe_v1_2,0.0,37,2024-04-19,2024-05-22,300017,网宿科技,AI,0.017857142857142856,-0.09141583054626534,-0.001632425545469024,-0.003091326546549958
research_universe_v1_2__cost_0,research_universe_v1_2,0.0,37,2024-04-19,2024-05-22,300033,同花顺,AI,0.017857142857142856,0.08926715176715194,0.0015940562815562845,0.0030186666176274706
research_universe_v1_2__cost_0,research_universe_v1_2,0.0,37,2024-04-19,2024-05-22,300047,天源迪科,AI,0.017857142857142856,0.08221225710014934,0.001468076019645524,0.002780097618834845
research_universe_v1_2__cost_0,research_universe_v1_2,0.0,37,2024-04-19,2024-05-22,300058,蓝色光标,AI,0.017857142857142856,0.027272727272727115,0.0004870129870129842,0.0009222571770250431
research_universe_v1_2__cost_0,research_universe_v1_2,0.0,37,2024-04-19,2024-05-22,300101,振芯科技,商业航天,0.017857142857142856,0.05878284923928079,0.0010496937364157283,0.0019878065018866307
research_universe_v1_2__cost_0,research_universe_v1_2,0.0,37,2024-04-19,2024-05-22,300113,顺网科技,AI,0.017857142857142856,0.09753694581280792,0.0017417311752287127,0.003298318771035396
research_universe_v1_2__cost_0,research_universe_v1_2,0.0,37,2024-04-19,2024-05-22,300133,华策影视,AI,0.017857142857142856,0.21847507331378302,0.0039013405948889824,0.0073879741600393675
research_universe_v1_2__cost_0,research_universe_v1_2,0.0,37,2024-04-19,2024-05-22,300170,汉得信息,AI,0.017857142857142856,0.19064748201438864,0.0034044193216855112,0.006446953647549204
research_universe_v1_2__cost_0,research_universe_v1_2,0.0,37,2024-04-19,2024-05-22,300182,捷成股份,AI,0.017857142857142856,0.06290672451193058,0.0011233343662844745,0.0021272598660230686
research_universe_v1_2__cost_0,research_universe_v1_2,0.0,37,2024-04-19,2024-05-22,300339,润和软件,AI,0.017857142857142856,0.03319690768531158,0.0005928019229519925,0.0011225898334866085
research_universe_v1_2__cost_0,research_universe_v1_2,0.0,37,2024-04-19,2024-05-22,300348,长亮科技,AI,0.017857142857142856,0.05428571428571427,0.0009693877551020405,0.0018357309523641435
research_universe_v1_2__cost_0,research_universe_v1_2,0.0,37,2024-04-19,2024-05-22,300378,鼎捷数智,AI,0.017857142857142856,0.09911616161616155,0.0017699314574314562,0.0033517216850215857
research_universe_v1_2__cost_0,research_universe_v1_2,0.0,37,2024-04-19,2024-05-22,300413,芒果超媒,AI,0.017857142857142856,0.09215167548500891,0.0016455656336608732,0.0031162099500008644
research_universe_v1_2__cost_0,research_universe_v1_2,0.0,37,2024-04-19,2024-05-22,300454,深信服,AI,0.017857142857142856,0.04973723723723711,0.0008881649506649483,0.0016819192136061118
research_universe_v1_2__cost_0,research_universe_v1_2,0.0,37,2024-04-19,2024-05-22,300458,全志科技,AI,0.017857142857142856,0.07397737162750206,0.001321024493348251,0.002501625937100142
research_universe_v1_2__cost_0,research_universe_v1_2,0.0,37,2024-04-19,2024-05-22,300496,中科创达,AI,0.017857142857142856,0.12929879410451095,0.0023089070375805526,0.004372380497597539
research_universe_v1_2__cost_0,research_universe_v1_2,0.0,37,2024-04-19,2024-05-22,300627,华测导航,商业航天,0.017857142857142856,0.07328482328482333,0.0013086575586575594,0.002478206655519492
research_universe_v1_2__cost_0,research_universe_v1_2,0.0,37,2024-04-19,2024-05-22,300629,新劲刚,商业航天,0.017857142857142856,0.08938547486033532,0.0015961691939345593,0.003022667842763664
research_universe_v1_2__cost_0,research_universe_v1_2,0.0,37,2024-04-19,2024-05-22,300634,彩讯股份,AI,0.017857142857142856,0.10815709969788512,0.001931376780319377,0.0036574509195615693
research_universe_v1_2__cost_0,research_universe_v1_2,0.0,37,2024-04-19,2024-05-22,300674,宇信科技,AI,0.017857142857142856,0.002535925612848544,4.5284385943723996e-05,8.575510521787785e-05
research_universe_v1_2__cost_0,research_universe_v1_2,0.0,37,2024-04-19,2024-05-22,300857,协创数据,AI,0.017857142857142856,0.09047443913203379,0.0016156149845006032,0.003059492363650582
research_universe_v1_2__cost_0,research_universe_v1_2,0.0,37,2024-04-19,2024-05-22,300996,普联软件,AI,0.017857142857142856,0.08519553072625685,0.0015213487629688722,0.0028809802876341084
research_universe_v1_2__cost_0,research_universe_v1_2,0.0,37,2024-04-19,2024-05-22,301050,雷电微力,商业航天,0.017857142857142856,0.10068792995622267,0.0017979987492182617,0.0034048727548704628
research_universe_v1_2__cost_0,research_universe_v1_2,0.0,37,2024-04-19,2024-05-22,301110,青木科技,AI,0.017857142857142856,0.24705882352941178,0.004411764705882353,0.00835456501540338
research_universe_v1_2__cost_0,research_universe_v1_2,0.0,37,2024-04-19,2024-05-22,301165,锐捷网络,AI,0.017857142857142856,0.0045274476513863515,8.084727948904198e-05,0.00015310060663686293
research_universe_v1_2__cost_0,research_universe_v1_2,0.0,37,2024-04-19,2024-05-22,301171,易点天下,AI,0.017857142857142856,0.117750439367311,0.0021026864172734106,0.00398186021949303
research_universe_v1_2__cost_0,research_universe_v1_2,0.0,38,2024-05-22,2024-06-20,000063,中兴通讯,AI,0.017857142857142856,-0.0003800836183959211,-6.787207471355733e-06,-1.393588537714892e-05
research_universe_v1_2__cost_0,research_universe_v1_2,0.0,38,2024-05-22,2024-06-20,000681,视觉中国,AI,0.017857142857142856,-0.10610687022900755,-0.0018947655398037062,-0.003890441759842321
research_universe_v1_2__cost_0,research_universe_v1_2,0.0,38,2024-05-22,2024-06-20,000901,航天科技,商业航天,0.017857142857142856,0.09090909090909083,0.0016233766233766217,0.003333210402480994
research_universe_v1_2__cost_0,research_universe_v1_2,0.0,38,2024-05-22,2024-06-20,000938,紫光股份,AI,0.017857142857142856,-0.009079118028534228,-0.00016212710765239693,-0.00033288871723869356
research_universe_v1_2__cost_0,research_universe_v1_2,0.0,38,2024-05-22,2024-06-20,000977,浪潮信息,AI,0.017857142857142856,-0.059208868732678166,-0.0010573012273692528,-0.0021709117889678418
research_universe_v1_2__cost_0,research_universe_v1_2,0.0,38,2024-05-22,2024-06-20,001208,华菱线缆,商业航天,0.017857142857142856,-0.10397946084723997,-0.0018567760865578565,-0.003812439625944244
research_universe_v1_2__cost_0,research_universe_v1_2,0.0,38,2024-05-22,2024-06-20,002015,协鑫能科,AI,0.017857142857142856,-0.12260127931769726,-0.002189308559244594,-0.004495214455371495
research_universe_v1_2__cost_0,research_universe_v1_2,0.0,38,2024-05-22,2024-06-20,002044,美年健康,AI,0.017857142857142856,-0.134228187919463,-0.002396931927133268,-0.00492151871507261
research_universe_v1_2__cost_0,research_universe_v1_2,0.0,38,2024-05-22,2024-06-20,002049,紫光国微,AI|商业航天,0.017857142857142856,0.019135364989369297,0.0003417029462387374,0.0007016041740162005
research_universe_v1_2__cost_0,research_universe_v1_2,0.0,38,2024-05-22,2024-06-20,002065,东华软件,AI,0.017857142857142856,-0.07692307692307698,-0.0013736263736263746,-0.0028204088020993075
research_universe_v1_2__cost_0,research_universe_v1_2,0.0,38,2024-05-22,2024-06-20,002131,利欧股份,AI,0.017857142857142856,-0.24309392265193364,-0.004340962904498815,-0.008913115109396698
research_universe_v1_2__cost_0,research_universe_v1_2,0.0,38,2024-05-22,2024-06-20,002212,天融信,AI,0.017857142857142856,-0.15771812080536918,-0.0028163950143815925,-0.005782784490210322
research_universe_v1_2__cost_0,research_universe_v1_2,0.0,38,2024-05-22,2024-06-20,002230,科大讯飞,AI,0.017857142857142856,-0.04030226700251904,-0.0007196833393306972,-0.001477695291779994
research_universe_v1_2__cost_0,research_universe_v1_2,0.0,38,2024-05-22,2024-06-20,002236,大华股份,AI,0.017857142857142856,-0.09926470588235303,-0.0017725840336134469,-0.003639571652709033
research_universe_v1_2__cost_0,research_universe_v1_2,0.0,38,2024-05-22,2024-06-20,002279,久其软件,AI,0.017857142857142856,-0.12673267326732662,-0.002263083451202261,-0.004646693313557663
research_universe_v1_2__cost_0,research_universe_v1_2,0.0,38,2024-05-22,2024-06-20,002315,焦点科技,AI,0.017857142857142856,-0.15216459494213452,-0.0027172249096809736,-0.005579162718254731
research_universe_v1_2__cost_0,research_universe_v1_2,0.0,38,2024-05-22,2024-06-20,002361,神剑股份,商业航天,0.017857142857142856,-0.0898876404494382,-0.0016051364365971105,-0.0032957586002059294
research_universe_v1_2__cost_0,research_universe_v1_2,0.0,38,2024-05-22,2024-06-20,002373,千方科技,AI,0.017857142857142856,0.10405257393209189,0.0018580816773587836,0.0038151203401890887
research_universe_v1_2__cost_0,research_universe_v1_2,0.0,38,2024-05-22,2024-06-20,002396,星网锐捷,AI,0.017857142857142856,-0.061020036429872526,-0.001089643507676295,-0.0022373188220660254
research_universe_v1_2__cost_0,research_universe_v1_2,0.0,38,2024-05-22,2024-06-20,002410,广联达,AI,0.017857142857142856,-0.23191823899371078,-0.004141397124887692,-0.008503355154128018
research_universe_v1_2__cost_0,research_universe_v1_2,0.0,38,2024-05-22,2024-06-20,002446,盛路通信,商业航天,0.017857142857142856,-0.09345794392523354,-0.0016688918558077418,-0.0034266648997468155
research_universe_v1_2__cost_0,research_universe_v1_2,0.0,38,2024-05-22,2024-06-20,002544,普天科技,商业航天,0.017857142857142856,-0.15285204991087342,-0.0027295008912655966,-0.0056043684708381464
research_universe_v1_2__cost_0,research_universe_v1_2,0.0,38,2024-05-22,2024-06-20,002558,巨人网络,AI,0.017857142857142856,-0.1083172147001934,-0.0019342359767891676,-0.003971484734870974
research_universe_v1_2__cost_0,research_universe_v1_2,0.0,38,2024-05-22,2024-06-20,002757,南兴股份,AI,0.017857142857142856,-0.08012820512820518,-0.0014308608058608066,-0.002937925835520111
research_universe_v1_2__cost_0,research_universe_v1_2,0.0,38,2024-05-22,2024-06-20,002792,通宇通讯,商业航天,0.017857142857142856,-0.06948109058926999,-0.0012407337605226784,-0.0025475460332066717
research_universe_v1_2__cost_0,research_universe_v1_2,0.0,38,2024-05-22,2024-06-20,002881,美格智能,AI,0.017857142857142856,-0.025023607176581697,-0.0004468501281532446,-0.0009174984252343827
research_universe_v1_2__cost_0,research_universe_v1_2,0.0,38,2024-05-22,2024-06-20,002929,润建股份,AI,0.017857142857142856,-0.11904047976012,-0.0021257228528592854,-0.004364656619980365
research_universe_v1_2__cost_0,research_universe_v1_2,0.0,38,2024-05-22,2024-06-20,002935,天奥电子,商业航天,0.017857142857142856,-0.0828976848394325,-0.0014803158007041517,-0.003039469679932264
research_universe_v1_2__cost_0,research_universe_v1_2,0.0,38,2024-05-22,2024-06-20,002987,京北方,AI,0.017857142857142856,-0.06110283159463492,-0.0010911219927613378,-0.002240354532815098
research_universe_v1_2__cost_0,research_universe_v1_2,0.0,38,2024-05-22,2024-06-20,300002,神州泰岳,AI,0.017857142857142856,-0.05821917808219179,-0.001039628180039139,-0.002134624470082009
research_universe_v1_2__cost_0,research_universe_v1_2,0.0,38,2024-05-22,2024-06-20,300017,网宿科技,AI,0.017857142857142856,-0.012269938650306678,-0.00021910604732690495,-0.0004498811586170645
research_universe_v1_2__cost_0,research_universe_v1_2,0.0,38,2024-05-22,2024-06-20,300033,同花顺,AI,0.017857142857142856,-0.08207085768817846,-0.0014655510301460437,-0.003009153802454513
research_universe_v1_2__cost_0,research_universe_v1_2,0.0,38,2024-05-22,2024-06-20,300047,天源迪科,AI,0.017857142857142856,-0.07734806629834257,-0.00138121546961326,-0.002835991171171678
research_universe_v1_2__cost_0,research_universe_v1_2,0.0,38,2024-05-22,2024-06-20,300058,蓝色光标,AI,0.017857142857142856,-0.11946902654867253,-0.0021333754740834377,-0.00438036942272945
research_universe_v1_2__cost_0,research_universe_v1_2,0.0,38,2024-05-22,2024-06-20,300101,振芯科技,商业航天,0.017857142857142856,0.009144350097975096,0.00016329196603526955,0.00033528047157548583
research_universe_v1_2__cost_0,research_universe_v1_2,0.0,38,2024-05-22,2024-06-20,300113,顺网科技,AI,0.017857142857142856,-0.09066427289048473,-0.0016190048730443701,-0.0033242340728513353
research_universe_v1_2__cost_0,research_universe_v1_2,0.0,38,2024-05-22,2024-06-20,300133,华策影视,AI,0.017857142857142856,-0.2743682310469314,-0.004899432697266632,-0.010059797460195356
research_universe_v1_2__cost_0,research_universe_v1_2,0.0,38,2024-05-22,2024-06-20,300170,汉得信息,AI,0.017857142857142856,-0.05740181268882172,-0.0010250323694432448,-0.0021046555109321082
research_universe_v1_2__cost_0,research_universe_v1_2,0.0,38,2024-05-22,2024-06-20,300182,捷成股份,AI,0.017857142857142856,-0.23877551020408172,-0.004263848396501459,-0.008754779159169479
research_universe_v1_2__cost_0,research_universe_v1_2,0.0,38,2024-05-22,2024-06-20,300339,润和软件,AI,0.017857142857142856,-0.05149647887323938,-0.0009195799798792746,-0.0018881345897856683
research_universe_v1_2__cost_0,research_universe_v1_2,0.0,38,2024-05-22,2024-06-20,300348,长亮科技,AI,0.017857142857142856,-0.04742547425474253,-0.000846883468834688,-0.0017388699254135276
research_universe_v1_2__cost_0,research_universe_v1_2,0.0,38,2024-05-22,2024-06-20,300378,鼎捷数智,AI,0.017857142857142856,-0.045950603101665766,-0.0008205464839583172,-0.001684793310846227
research_universe_v1_2__cost_0,research_universe_v1_2,0.0,38,2024-05-22,2024-06-20,300413,芒果超媒,AI,0.017857142857142856,-0.19499394428744443,-0.0034820347194186503,-0.0071495142787168075
research_universe_v1_2__cost_0,research_universe_v1_2,0.0,38,2024-05-22,2024-06-20,300454,深信服,AI,0.017857142857142856,-0.08403361344537819,-0.001500600240096039,-0.003081118859436217
research_universe_v1_2__cost_0,research_universe_v1_2,0.0,38,2024-05-22,2024-06-20,300458,全志科技,AI,0.017857142857142856,0.08346839546191243,0.0014905070618198646,0.0030603949643524856
research_universe_v1_2__cost_0,research_universe_v1_2,0.0,38,2024-05-22,2024-06-20,300496,中科创达,AI,0.017857142857142856,-0.014633181728297417,-0.0002613068165767396,-0.0005365302091397139
research_universe_v1_2__cost_0,research_universe_v1_2,0.0,38,2024-05-22,2024-06-20,300627,华测导航,商业航天,0.017857142857142856,-0.02421307506053272,-0.00043237634036665565,-0.0008877800103460294
research_universe_v1_2__cost_0,research_universe_v1_2,0.0,38,2024-05-22,2024-06-20,300629,新劲刚,商业航天,0.017857142857142856,-0.07538461538461527,-0.0013461538461538441,-0.002764000626057315
research_universe_v1_2__cost_0,research_universe_v1_2,0.0,38,2024-05-22,2024-06-20,300634,彩讯股份,AI,0.017857142857142856,-0.06324972737186474,-0.0011294594173547274,-0.0023190711415298523
research_universe_v1_2__cost_0,research_universe_v1_2,0.0,38,2024-05-22,2024-06-20,300674,宇信科技,AI,0.017857142857142856,-0.05817875210792578,-0.0010389062876415317,-0.0021331422390245157
research_universe_v1_2__cost_0,research_universe_v1_2,0.0,38,2024-05-22,2024-06-20,300857,协创数据,AI,0.017857142857142856,0.02259696458684668,0.00040351722476511927,0.0008285248116790926
research_universe_v1_2__cost_0,research_universe_v1_2,0.0,38,2024-05-22,2024-06-20,300996,普联软件,AI,0.017857142857142856,-0.09523809523809512,-0.0017006802721088413,-0.00349193470736104
research_universe_v1_2__cost_0,research_universe_v1_2,0.0,38,2024-05-22,2024-06-20,301050,雷电微力,商业航天,0.017857142857142856,0.014204545454545414,0.0002536525974025967,0.0005208141253876543
research_universe_v1_2__cost_0,research_universe_v1_2,0.0,38,2024-05-22,2024-06-20,301110,青木科技,AI,0.017857142857142856,-0.10424528301886793,-0.001861522911051213,-0.0038221860794487284
research_universe_v1_2__cost_0,research_universe_v1_2,0.0,38,2024-05-22,2024-06-20,301165,锐捷网络,AI,0.017857142857142856,-0.10309859154929579,-0.0018410462776659961,-0.0037801422761657736
research_universe_v1_2__cost_0,research_universe_v1_2,0.0,38,2024-05-22,2024-06-20,301171,易点天下,AI,0.017857142857142856,-0.11556603773584906,-0.002063679245283019,-0.004237265110701079
research_universe_v1_2__cost_0,research_universe_v1_2,0.0,39,2024-06-20,2024-07-18,000063,中兴通讯,AI,0.017857142857142856,0.03650190114068441,0.0006518196632265073,0.0013924836075864698
research_universe_v1_2__cost_0,research_universe_v1_2,0.0,39,2024-06-20,2024-07-18,000681,视觉中国,AI,0.017857142857142856,-0.06233988044406491,-0.0011132121507868734,-0.0023781572713895385
research_universe_v1_2__cost_0,research_universe_v1_2,0.0,39,2024-06-20,2024-07-18,000901,航天科技,商业航天,0.017857142857142856,-0.09777777777777785,-0.0017460317460317473,-0.003730050996988574
research_universe_v1_2__cost_0,research_universe_v1_2,0.0,39,2024-06-20,2024-07-18,000938,紫光股份,AI,0.017857142857142856,0.05759162303664911,0.0010284218399401626,0.0021970195662890757
research_universe_v1_2__cost_0,research_universe_v1_2,0.0,39,2024-06-20,2024-07-18,000977,浪潮信息,AI,0.017857142857142856,0.0024102838778787827,4.304078353354969e-05,9.194810913109669e-05
research_universe_v1_2__cost_0,research_universe_v1_2,0.0,39,2024-06-20,2024-07-18,001208,华菱线缆,商业航天,0.017857142857142856,0.035816618911174825,0.0006395824805566933,0.0013663412905744162
research_universe_v1_2__cost_0,research_universe_v1_2,0.0,39,2024-06-20,2024-07-18,002015,协鑫能科,AI,0.017857142857142856,-0.049817739975698716,-0.0008896024995660484,-0.0019004595408825585
research_universe_v1_2__cost_0,research_universe_v1_2,0.0,39,2024-06-20,2024-07-18,002044,美年健康,AI,0.017857142857142856,-0.09302325581395354,-0.0016611295681063132,-0.003548674310031412
research_universe_v1_2__cost_0,research_universe_v1_2,0.0,39,2024-06-20,2024-07-18,002049,紫光国微,AI|商业航天,0.017857142857142856,-0.10187760778859534,-0.0018192429962249166,-0.0038864523324135744
research_universe_v1_2__cost_0,research_universe_v1_2,0.0,39,2024-06-20,2024-07-18,002065,东华软件,AI,0.017857142857142856,-0.07692307692307676,-0.0013736263736263707,-0.0029344806794490445
research_universe_v1_2__cost_0,research_universe_v1_2,0.0,39,2024-06-20,2024-07-18,002131,利欧股份,AI,0.017857142857142856,0.058394160583941535,0.0010427528675703845,0.0022276349683408823
research_universe_v1_2__cost_0,research_universe_v1_2,0.0,39,2024-06-20,2024-07-18,002212,天融信,AI,0.017857142857142856,-0.1394422310756971,-0.002490039840637448,-0.005319476928881741
research_universe_v1_2__cost_0,research_universe_v1_2,0.0,39,2024-06-20,2024-07-18,002230,科大讯飞,AI,0.017857142857142856,-0.07874015748031493,-0.0014060742407199095,-0.0030037991206958775
research_universe_v1_2__cost_0,research_universe_v1_2,0.0,39,2024-06-20,2024-07-18,002236,大华股份,AI,0.017857142857142856,-0.05578231292517,-0.000996112730806607,-0.0021279975539406012
research_universe_v1_2__cost_0,research_universe_v1_2,0.0,39,2024-06-20,2024-07-18,002279,久其软件,AI,0.017857142857142856,0.09977324263038545,0.0017816650469711687,0.00380617448672303
research_universe_v1_2__cost_0,research_universe_v1_2,0.0,39,2024-06-20,2024-07-18,002315,焦点科技,AI,0.017857142857142856,-0.08746208291203239,-0.0015618229091434355,-0.0033365253023664903
research_universe_v1_2__cost_0,research_universe_v1_2,0.0,39,2024-06-20,2024-07-18,002361,神剑股份,商业航天,0.017857142857142856,-0.08024691358024694,-0.0014329805996472667,-0.0030612792273264798
research_universe_v1_2__cost_0,research_universe_v1_2,0.0,39,2024-06-20,2024-07-18,002373,千方科技,AI,0.017857142857142856,-0.12896825396825407,-0.002303004535147394,-0.0049199130439175585
research_universe_v1_2__cost_0,research_universe_v1_2,0.0,39,2024-06-20,2024-07-18,002396,星网锐捷,AI,0.017857142857142856,-0.08341416100872945,-0.0014895385894415972,-0.0031821041703433955
research_universe_v1_2__cost_0,research_universe_v1_2,0.0,39,2024-06-20,2024-07-18,002410,广联达,AI,0.017857142857142856,0.03377686796315249,0.0006031583564848658,0.0012885283638522436
research_universe_v1_2__cost_0,research_universe_v1_2,0.0,39,2024-06-20,2024-07-18,002446,盛路通信,商业航天,0.017857142857142856,-0.10996563573883167,-0.001963672066764851,-0.004194996435226136
research_universe_v1_2__cost_0,research_universe_v1_2,0.0,39,2024-06-20,2024-07-18,002544,普天科技,商业航天,0.017857142857142856,-0.07469752761704374,-0.0013338844217329238,-0.0028495798707327473
research_universe_v1_2__cost_0,research_universe_v1_2,0.0,39,2024-06-20,2024-07-18,002558,巨人网络,AI,0.017857142857142856,-0.06399132321041212,-0.0011427022001859308,-0.0024411569209733417
research_universe_v1_2__cost_0,research_universe_v1_2,0.0,39,2024-06-20,2024-07-18,002757,南兴股份,AI,0.017857142857142856,-0.06794425087108025,-0.001213290194126433,-0.002591954188990716
research_universe_v1_2__cost_0,research_universe_v1_2,0.0,39,2024-06-20,2024-07-18,002792,通宇通讯,商业航天,0.017857142857142856,-0.07655954631379969,-0.0013671347556035657,-0.0029206126233079894
research_universe_v1_2__cost_0,research_universe_v1_2,0.0,39,2024-06-20,2024-07-18,002881,美格智能,AI,0.017857142857142856,-0.09394673123486674,-0.0016776202006226204,-0.0035839032801794186
research_universe_v1_2__cost_0,research_universe_v1_2,0.0,39,2024-06-20,2024-07-18,002929,润建股份,AI,0.017857142857142856,-0.07147719537100061,-0.001276378488767868,-0.0027267298348862836
research_universe_v1_2__cost_0,research_universe_v1_2,0.0,39,2024-06-20,2024-07-18,002935,天奥电子,商业航天,0.017857142857142856,0.027687296416938123,0.0004944160074453236,0.00105622187322189
research_universe_v1_2__cost_0,research_universe_v1_2,0.0,39,2024-06-20,2024-07-18,002987,京北方,AI,0.017857142857142856,-0.13492063492063489,-0.002409297052154194,-0.0051469859536368255
research_universe_v1_2__cost_0,research_universe_v1_2,0.0,39,2024-06-20,2024-07-18,300002,神州泰岳,AI,0.017857142857142856,-0.00969696969696976,-0.00017316017316017427,-0.0003699224129244888
research_universe_v1_2__cost_0,research_universe_v1_2,0.0,39,2024-06-20,2024-07-18,300017,网宿科技,AI,0.017857142857142856,-0.10807453416149082,-0.0019299023957409073,-0.004122854221685565
research_universe_v1_2__cost_0,research_universe_v1_2,0.0,39,2024-06-20,2024-07-18,300033,同花顺,AI,0.017857142857142856,-0.11591942820013001,-0.002069989789288036,-0.004422123191538819
research_universe_v1_2__cost_0,research_universe_v1_2,0.0,39,2024-06-20,2024-07-18,300047,天源迪科,AI,0.017857142857142856,-0.07485029940119758,-0.0013366124893070997,-0.002855407846769285
research_universe_v1_2__cost_0,research_universe_v1_2,0.0,39,2024-06-20,2024-07-18,300058,蓝色光标,AI,0.017857142857142856,-0.07537688442211055,-0.001346015793251974,-0.0028754961431787175
research_universe_v1_2__cost_0,research_universe_v1_2,0.0,39,2024-06-20,2024-07-18,300101,振芯科技,商业航天,0.017857142857142856,-0.15533980582524265,-0.00277392510402219,-0.0059259415662660415
research_universe_v1_2__cost_0,research_universe_v1_2,0.0,39,2024-06-20,2024-07-18,300113,顺网科技,AI,0.017857142857142856,-0.038499506416584506,-0.0006874911860104376,-0.0014686887507212958
research_universe_v1_2__cost_0,research_universe_v1_2,0.0,39,2024-06-20,2024-07-18,300133,华策影视,AI,0.017857142857142856,-0.07794361525704818,-0.001391850272447289,-0.002973412429756836
research_universe_v1_2__cost_0,research_universe_v1_2,0.0,39,2024-06-20,2024-07-18,300170,汉得信息,AI,0.017857142857142856,-0.054487179487179516,-0.0009729853479853484,-0.002078590481276412
research_universe_v1_2__cost_0,research_universe_v1_2,0.0,39,2024-06-20,2024-07-18,300182,捷成股份,AI,0.017857142857142856,-0.02144772117962468,-0.00038299502106472637,-0.0008181930044576446
research_universe_v1_2__cost_0,research_universe_v1_2,0.0,39,2024-06-20,2024-07-18,300339,润和软件,AI,0.017857142857142856,-0.0863109048723898,-0.001541266158435532,-0.003292609876059306
research_universe_v1_2__cost_0,research_universe_v1_2,0.0,39,2024-06-20,2024-07-18,300348,长亮科技,AI,0.017857142857142856,0.13798008534850625,0.00246393009550904,0.005263698629850994
research_universe_v1_2__cost_0,research_universe_v1_2,0.0,39,2024-06-20,2024-07-18,300378,鼎捷数智,AI,0.017857142857142856,-0.10295003010234793,-0.0018383933946847844,-0.003927363365692496
research_universe_v1_2__cost_0,research_universe_v1_2,0.0,39,2024-06-20,2024-07-18,300413,芒果超媒,AI,0.017857142857142856,-0.02006018054162495,-0.00035821750967187407,-0.0007652607589335567
research_universe_v1_2__cost_0,research_universe_v1_2,0.0,39,2024-06-20,2024-07-18,300454,深信服,AI,0.017857142857142856,-0.05309389029865308,-0.0009481051839045192,-0.002025438938616403
research_universe_v1_2__cost_0,research_universe_v1_2,0.0,39,2024-06-20,2024-07-18,300458,全志科技,AI,0.017857142857142856,0.2864622288706058,0.00511539694411796,0.010928032388165162
research_universe_v1_2__cost_0,research_universe_v1_2,0.0,39,2024-06-20,2024-07-18,300496,中科创达,AI,0.017857142857142856,-0.09773228978526982,-0.0017452194604512467,-0.003728315709731471
research_universe_v1_2__cost_0,research_universe_v1_2,0.0,39,2024-06-20,2024-07-18,300627,华测导航,商业航天,0.017857142857142856,0.05558312655086861,0.0009925558312655109,0.002120398942569641
research_universe_v1_2__cost_0,research_universe_v1_2,0.0,39,2024-06-20,2024-07-18,300629,新劲刚,商业航天,0.017857142857142856,-0.08430393788130885,-0.0015054274621662295,-0.003216047599884259
research_universe_v1_2__cost_0,research_universe_v1_2,0.0,39,2024-06-20,2024-07-18,300634,彩讯股份,AI,0.017857142857142856,-0.06635622817229336,-0.00118493264593381,-0.0025313739039251994
research_universe_v1_2__cost_0,research_universe_v1_2,0.0,39,2024-06-20,2024-07-18,300674,宇信科技,AI,0.017857142857142856,-0.09400179051029545,-0.0016786034019695615,-0.0035860036951190282
research_universe_v1_2__cost_0,research_universe_v1_2,0.0,39,2024-06-20,2024-07-18,300857,协创数据,AI,0.017857142857142856,0.1645778364116095,0.002938889935921598,0.006278356255800129
research_universe_v1_2__cost_0,research_universe_v1_2,0.0,39,2024-06-20,2024-07-18,300996,普联软件,AI,0.017857142857142856,0.13940256045519206,0.002489331436699858,0.005317963564179361
research_universe_v1_2__cost_0,research_universe_v1_2,0.0,39,2024-06-20,2024-07-18,301050,雷电微力,商业航天,0.017857142857142856,-0.09551820728291327,-0.0017056822729091653,-0.0036438523394951416
research_universe_v1_2__cost_0,research_universe_v1_2,0.0,39,2024-06-20,2024-07-18,301110,青木科技,AI,0.017857142857142856,-0.020010531858873026,-0.000357330926051304,-0.0007633667486297136
research_universe_v1_2__cost_0,research_universe_v1_2,0.0,39,2024-06-20,2024-07-18,301165,锐捷网络,AI,0.017857142857142856,0.028894472361808976,0.0005159727207465888,0.001102273521551839
research_universe_v1_2__cost_0,research_universe_v1_2,0.0,39,2024-06-20,2024-07-18,301171,易点天下,AI,0.017857142857142856,-0.06044444444444441,-0.0010793650793650786,-0.002305849707229297
research_universe_v1_2__cost_0,research_universe_v1_2,0.0,40,2024-07-18,2024-08-15,000063,中兴通讯,AI,0.017857142857142856,-0.06529713866471021,-0.0011660203332983965,-0.0025065339483765583
research_universe_v1_2__cost_0,research_universe_v1_2,0.0,40,2024-07-18,2024-08-15,000681,视觉中国,AI,0.017857142857142856,0.021857923497267784,0.0003903200624512104,0.000839050966203046
research_universe_v1_2__cost_0,research_universe_v1_2,0.0,40,2024-07-18,2024-08-15,000901,航天科技,商业航天,0.017857142857142856,0.36330049261083763,0.0064875087966221,0.013945864042632823
research_universe_v1_2__cost_0,research_universe_v1_2,0.0,40,2024-07-18,2024-08-15,000938,紫光股份,AI,0.017857142857142856,-0.1773927392739273,-0.003167727487034416,-0.006809500879797605
research_universe_v1_2__cost_0,research_universe_v1_2,0.0,40,2024-07-18,2024-08-15,000977,浪潮信息,AI,0.017857142857142856,-0.11621693828479829,-0.002075302469371398,-0.004461170996833649
research_universe_v1_2__cost_0,research_universe_v1_2,0.0,40,2024-07-18,2024-08-15,001208,华菱线缆,商业航天,0.017857142857142856,0.1590594744121716,0.002840347757360207,0.00610574951028461
research_universe_v1_2__cost_0,research_universe_v1_2,0.0,40,2024-07-18,2024-08-15,002015,协鑫能科,AI,0.017857142857142856,-0.07544757033248084,-0.0013472780416514435,-0.0028961743229201664
research_universe_v1_2__cost_0,research_universe_v1_2,0.0,40,2024-07-18,2024-08-15,002044,美年健康,AI,0.017857142857142856,0.0370370370370372,0.0006613756613756643,0.0014217252482884993
research_universe_v1_2__cost_0,research_universe_v1_2,0.0,40,2024-07-18,2024-08-15,002049,紫光国微,AI|商业航天,0.017857142857142856,-0.04200542005420049,-0.0007500967866821516,-0.0016124444889125571
research_universe_v1_2__cost_0,research_universe_v1_2,0.0,40,2024-07-18,2024-08-15,002065,东华软件,AI,0.017857142857142856,0.02083333333333326,0.0003720238095238082,0.0007997204521622745
research_universe_v1_2__cost_0,research_universe_v1_2,0.0,40,2024-07-18,2024-08-15,002131,利欧股份,AI,0.017857142857142856,-0.01379310344827589,-0.0002463054187192123,-0.0005294700924660605
research_universe_v1_2__cost_0,research_universe_v1_2,0.0,40,2024-07-18,2024-08-15,002212,天融信,AI,0.017857142857142856,0.03703703703703698,0.0006613756613756604,0.0014217252482884909
research_universe_v1_2__cost_0,research_universe_v1_2,0.0,40,2024-07-18,2024-08-15,002230,科大讯飞,AI,0.017857142857142856,-0.10360010360010363,-0.0018500018500018506,-0.003976853841366416
research_universe_v1_2__cost_0,research_universe_v1_2,0.0,40,2024-07-18,2024-08-15,002236,大华股份,AI,0.017857142857142856,-0.06844380403458217,-0.0012222107863318244,-0.002627323675691633
research_universe_v1_2__cost_0,research_universe_v1_2,0.0,40,2024-07-18,2024-08-15,002279,久其软件,AI,0.017857142857142856,-0.04536082474226799,-0.0008100147275404998,-0.001741247005120338
research_universe_v1_2__cost_0,research_universe_v1_2,0.0,40,2024-07-18,2024-08-15,002315,焦点科技,AI,0.017857142857142856,-0.017728531855955687,-0.0003165809259992087,-0.0006805377365768745
research_universe_v1_2__cost_0,research_universe_v1_2,0.0,40,2024-07-18,2024-08-15,002361,神剑股份,商业航天,0.017857142857142856,0.0738255033557047,0.0013183125599232981,0.00283390871638713
research_universe_v1_2__cost_0,research_universe_v1_2,0.0,40,2024-07-18,2024-08-15,002373,千方科技,AI,0.017857142857142856,-0.06264236902050102,-0.0011186137325089468,-0.0024046264165243827
research_universe_v1_2__cost_0,research_universe_v1_2,0.0,40,2024-07-18,2024-08-15,002396,星网锐捷,AI,0.017857142857142856,0.031746031746031855,0.0005668934240362831,0.0012186216413901411
research_universe_v1_2__cost_0,research_universe_v1_2,0.0,40,2024-07-18,2024-08-15,002410,广联达,AI,0.017857142857142856,-0.018811881188118718,-0.0003359264497878342,-0.0007221238142296962
research_universe_v1_2__cost_0,research_universe_v1_2,0.0,40,2024-07-18,2024-08-15,002446,盛路通信,商业航天,0.017857142857142856,0.09845559845559859,0.0017581356867071177,0.003779373874311308
research_universe_v1_2__cost_0,research_universe_v1_2,0.0,40,2024-07-18,2024-08-15,002544,普天科技,商业航天,0.017857142857142856,-0.017623649801023267,-0.00031470803216112974,-0.0006765116730059498
research_universe_v1_2__cost_0,research_universe_v1_2,0.0,40,2024-07-18,2024-08-15,002558,巨人网络,AI,0.017857142857142856,0.07647740440324435,0.0013656679357722204,0.0029357061326188757
research_universe_v1_2__cost_0,research_universe_v1_2,0.0,40,2024-07-18,2024-08-15,002757,南兴股份,AI,0.017857142857142856,0.007476635514018781,0.0001335113484646211,0.00028700248002833475
research_universe_v1_2__cost_0,research_universe_v1_2,0.0,40,2024-07-18,2024-08-15,002792,通宇通讯,商业航天,0.017857142857142856,0.16888433981576267,0.003015791782424333,0.006482892508828292
research_universe_v1_2__cost_0,research_universe_v1_2,0.0,40,2024-07-18,2024-08-15,002881,美格智能,AI,0.017857142857142856,0.011758417958311007,0.0002099717492555537,0.00045136547166400897
research_universe_v1_2__cost_0,research_universe_v1_2,0.0,40,2024-07-18,2024-08-15,002929,润建股份,AI,0.017857142857142856,-0.028225806451612878,-0.0005040322580645157,-0.0010834922255101812
research_universe_v1_2__cost_0,research_universe_v1_2,0.0,40,2024-07-18,2024-08-15,002935,天奥电子,商业航天,0.017857142857142856,-0.02852614896988903,-0.000509395517319447,-0.0010950213481271105
research_universe_v1_2__cost_0,research_universe_v1_2,0.0,40,2024-07-18,2024-08-15,002987,京北方,AI,0.017857142857142856,-0.011009174311926717,-0.0001965923984272628,-0.0004226045692160334
research_universe_v1_2__cost_0,research_universe_v1_2,0.0,40,2024-07-18,2024-08-15,300002,神州泰岳,AI,0.017857142857142856,0.05385556915544676,0.0009617065920615492,0.0020673312055896325
research_universe_v1_2__cost_0,research_universe_v1_2,0.0,40,2024-07-18,2024-08-15,300017,网宿科技,AI,0.017857142857142856,-0.0348189415041783,-0.0006217668125746125,-0.001336580142889601
research_universe_v1_2__cost_0,research_universe_v1_2,0.0,40,2024-07-18,2024-08-15,300033,同花顺,AI,0.017857142857142856,0.04468616786711732,0.0007979672833413806,0.0017153492338603433
research_universe_v1_2__cost_0,research_universe_v1_2,0.0,40,2024-07-18,2024-08-15,300047,天源迪科,AI,0.017857142857142856,0.050161812297734754,0.0008957466481738348,0.0019255405061771385
research_universe_v1_2__cost_0,research_universe_v1_2,0.0,40,2024-07-18,2024-08-15,300058,蓝色光标,AI,0.017857142857142856,0.021739130434782483,0.0003881987577639729,0.0008344909066041106
research_universe_v1_2__cost_0,research_universe_v1_2,0.0,40,2024-07-18,2024-08-15,300101,振芯科技,商业航天,0.017857142857142856,0.03601532567049803,0.0006431308155446077,0.0013825052414391532
research_universe_v1_2__cost_0,research_universe_v1_2,0.0,40,2024-07-18,2024-08-15,300113,顺网科技,AI,0.017857142857142856,0.06570841889117052,0.0011733646230566164,0.00252232159039273
research_universe_v1_2__cost_0,research_universe_v1_2,0.0,40,2024-07-18,2024-08-15,300133,华策影视,AI,0.017857142857142856,-0.008992805755395628,-0.0001605858170606362,-0.000345203072875801
research_universe_v1_2__cost_0,research_universe_v1_2,0.0,40,2024-07-18,2024-08-15,300170,汉得信息,AI,0.017857142857142856,0.011864406779660941,0.00021186440677965966,0.00045543402021444655
research_universe_v1_2__cost_0,research_universe_v1_2,0.0,40,2024-07-18,2024-08-15,300182,捷成股份,AI,0.017857142857142856,0.027397260273972712,0.0004892367906066555,0.0010516871699668346
research_universe_v1_2__cost_0,research_universe_v1_2,0.0,40,2024-07-18,2024-08-15,300339,润和软件,AI,0.017857142857142856,-0.03047232097511432,-0.0005441485888413271,-0.0011697282388153185
research_universe_v1_2__cost_0,research_universe_v1_2,0.0,40,2024-07-18,2024-08-15,300348,长亮科技,AI,0.017857142857142856,-0.11499999999999999,-0.0020535714285714285,-0.004414456895935771
research_universe_v1_2__cost_0,research_universe_v1_2,0.0,40,2024-07-18,2024-08-15,300378,鼎捷数智,AI,0.017857142857142856,0.08053691275167796,0.0014381591562799634,0.003091536781513237
research_universe_v1_2__cost_0,research_universe_v1_2,0.0,40,2024-07-18,2024-08-15,300413,芒果超媒,AI,0.017857142857142856,0.03735926305015358,0.000667129697324171,0.0014340944034680772
research_universe_v1_2__cost_0,research_universe_v1_2,0.0,40,2024-07-18,2024-08-15,300454,深信服,AI,0.017857142857142856,-0.01855287569573283,-0.0003313013517095148,-0.0007121814787344952
research_universe_v1_2__cost_0,research_universe_v1_2,0.0,40,2024-07-18,2024-08-15,300458,全志科技,AI,0.017857142857142856,-0.07267441860465118,-0.0012977574750830567,-0.0027897225075428286
research_universe_v1_2__cost_0,research_universe_v1_2,0.0,40,2024-07-18,2024-08-15,300496,中科创达,AI,0.017857142857142856,-0.11143238434163694,-0.0019898640061006595,-0.004277508325978299
research_universe_v1_2__cost_0,research_universe_v1_2,0.0,40,2024-07-18,2024-08-15,300627,华测导航,商业航天,0.017857142857142856,-0.08368594264221918,-0.001494391832896771,-0.0032124172746941723
research_universe_v1_2__cost_0,research_universe_v1_2,0.0,40,2024-07-18,2024-08-15,300629,新劲刚,商业航天,0.017857142857142856,-0.0048455481526348265,-8.652764558276476e-05,-0.00018600403006076212
research_universe_v1_2__cost_0,research_universe_v1_2,0.0,40,2024-07-18,2024-08-15,300634,彩讯股份,AI,0.017857142857142856,-0.14339152119700738,-0.0025605628785179886,-0.00550431034405956
research_universe_v1_2__cost_0,research_universe_v1_2,0.0,40,2024-07-18,2024-08-15,300674,宇信科技,AI,0.017857142857142856,-0.024703557312252933,-0.00044113495200451665,-0.000948285121141039
research_universe_v1_2__cost_0,research_universe_v1_2,0.0,40,2024-07-18,2024-08-15,300857,协创数据,AI,0.017857142857142856,-0.21750212404418023,-0.0038839665007889324,-0.008349163055369641
research_universe_v1_2__cost_0,research_universe_v1_2,0.0,40,2024-07-18,2024-08-15,300996,普联软件,AI,0.017857142857142856,-0.024968789013732895,-0.00044587123238808737,-0.0009584664595203346
research_universe_v1_2__cost_0,research_universe_v1_2,0.0,40,2024-07-18,2024-08-15,301050,雷电微力,商业航天,0.017857142857142856,-0.008052028491793095,-0.00014378622306773382,-0.000309089849581455
research_universe_v1_2__cost_0,research_universe_v1_2,0.0,40,2024-07-18,2024-08-15,301110,青木科技,AI,0.017857142857142856,-0.00967221923696937,-0.0001727182006601673,-0.0003712834339968874
research_universe_v1_2__cost_0,research_universe_v1_2,0.0,40,2024-07-18,2024-08-15,301165,锐捷网络,AI,0.017857142857142856,-0.038461538461538436,-0.0006868131868131863,-0.0014764069886072802
research_universe_v1_2__cost_0,research_universe_v1_2,0.0,40,2024-07-18,2024-08-15,301171,易点天下,AI,0.017857142857142856,-0.045411542100283864,-0.0008109203946479261,-0.0017431938711276146
research_universe_v1_2__cost_0,research_universe_v1_2,0.0,41,2024-08-15,2024-09-12,000063,中兴通讯,AI,0.017857142857142856,-0.08712715855572994,-0.001555842117066606,-0.0034043367881937767
research_universe_v1_2__cost_0,research_universe_v1_2,0.0,41,2024-08-15,2024-09-12,000681,视觉中国,AI,0.017857142857142856,-0.036541889483065915,-0.0006525337407690342,-0.0014278085127468134
research_universe_v1_2__cost_0,research_universe_v1_2,0.0,41,2024-08-15,2024-09-12,000901,航天科技,商业航天,0.017857142857142856,-0.17434507678410116,-0.0031133049425732346,-0.006812219847120799
research_universe_v1_2__cost_0,research_universe_v1_2,0.0,41,2024-08-15,2024-09-12,000938,紫光股份,AI,0.017857142857142856,-0.07522567703109329,-0.001343315661269523,-0.0029393078344214225
research_universe_v1_2__cost_0,research_universe_v1_2,0.0,41,2024-08-15,2024-09-12,000977,浪潮信息,AI,0.017857142857142856,-0.05139056831922606,-0.0009176887199861796,-0.0020079938930112305
research_universe_v1_2__cost_0,research_universe_v1_2,0.0,41,2024-08-15,2024-09-12,001208,华菱线缆,商业航天,0.017857142857142856,-0.03699284009546544,-0.0006605864302761685,-0.0014454285956796023
research_universe_v1_2__cost_0,research_universe_v1_2,0.0,41,2024-08-15,2024-09-12,002015,协鑫能科,AI,0.017857142857142856,-0.08022130013831263,-0.0014325232167555827,-0.0031345028092808346
research_universe_v1_2__cost_0,research_universe_v1_2,0.0,41,2024-08-15,2024-09-12,002044,美年健康,AI,0.017857142857142856,-0.07967032967032972,-0.001422684458398745,-0.0031129746306456643
research_universe_v1_2__cost_0,research_universe_v1_2,0.0,41,2024-08-15,2024-09-12,002049,紫光国微,AI|商业航天,0.017857142857142856,-0.08324914124065474,-0.0014865918078688345,-0.003252810246644526
research_universe_v1_2__cost_0,research_universe_v1_2,0.0,41,2024-08-15,2024-09-12,002065,东华软件,AI,0.017857142857142856,0.027210884353741527,0.0004859086491739558,0.0010632162942106707
research_universe_v1_2__cost_0,research_universe_v1_2,0.0,41,2024-08-15,2024-09-12,002131,利欧股份,AI,0.017857142857142856,-0.013986013986013957,-0.0002497502497502492,-0.000546478305066322
research_universe_v1_2__cost_0,research_universe_v1_2,0.0,41,2024-08-15,2024-09-12,002212,天融信,AI,0.017857142857142856,-0.049107142857143016,-0.0008769132653061253,-0.0019187731559583239
research_universe_v1_2__cost_0,research_universe_v1_2,0.0,41,2024-08-15,2024-09-12,002230,科大讯飞,AI,0.017857142857142856,-0.017336030049118767,-0.0003095719651628351,-0.0006773741487242208
research_universe_v1_2__cost_0,research_universe_v1_2,0.0,41,2024-08-15,2024-09-12,002236,大华股份,AI,0.017857142857142856,-0.02706883217324052,-0.0004833720030935807,-0.0010576658611202423
research_universe_v1_2__cost_0,research_universe_v1_2,0.0,41,2024-08-15,2024-09-12,002279,久其软件,AI,0.017857142857142856,0.08207343412527002,0.0014655970379512501,0.003206871608780131
research_universe_v1_2__cost_0,research_universe_v1_2,0.0,41,2024-08-15,2024-09-12,002315,焦点科技,AI,0.017857142857142856,-0.03948110547095318,-0.0007050197405527353,-0.001542653083393653
research_universe_v1_2__cost_0,research_universe_v1_2,0.0,41,2024-08-15,2024-09-12,002361,神剑股份,商业航天,0.017857142857142856,-0.078125,-0.0013950892857142855,-0.003052593657206414
research_universe_v1_2__cost_0,research_universe_v1_2,0.0,41,2024-08-15,2024-09-12,002373,千方科技,AI,0.017857142857142856,-0.09599027946537064,-0.00171411213331019,-0.003750647273593108
research_universe_v1_2__cost_0,research_universe_v1_2,0.0,41,2024-08-15,2024-09-12,002396,星网锐捷,AI,0.017857142857142856,0.06564102564102581,0.001172161172161175,0.002564804845111283
research_universe_v1_2__cost_0,research_universe_v1_2,0.0,41,2024-08-15,2024-09-12,002410,广联达,AI,0.017857142857142856,-0.07870837537840558,-0.0014055067031858138,-0.0030753879993490225
research_universe_v1_2__cost_0,research_universe_v1_2,0.0,41,2024-08-15,2024-09-12,002446,盛路通信,商业航天,0.017857142857142856,-0.038664323374341114,-0.000690434345970377,-0.0015107387941464497
research_universe_v1_2__cost_0,research_universe_v1_2,0.0,41,2024-08-15,2024-09-12,002544,普天科技,商业航天,0.017857142857142856,-0.06539351851851871,-0.0011677414021164054,-0.0025551339501061173
research_universe_v1_2__cost_0,research_universe_v1_2,0.0,41,2024-08-15,2024-09-12,002558,巨人网络,AI,0.017857142857142856,-0.009687836383207693,-0.00017299707827156594,-0.0003785347570615467
research_universe_v1_2__cost_0,research_universe_v1_2,0.0,41,2024-08-15,2024-09-12,002757,南兴股份,AI,0.017857142857142856,0.030612244897959107,0.0005466472303206983,0.0011961183309870003
research_universe_v1_2__cost_0,research_universe_v1_2,0.0,41,2024-08-15,2024-09-12,002792,通宇通讯,商业航天,0.017857142857142856,-0.07530647985989491,-0.0013447585689266948,-0.0029424650594157796
research_universe_v1_2__cost_0,research_universe_v1_2,0.0,41,2024-08-15,2024-09-12,002881,美格智能,AI,0.017857142857142856,0.08135235076597991,0.0014527205493924983,0.003178696575322389
research_universe_v1_2__cost_0,research_universe_v1_2,0.0,41,2024-08-15,2024-09-12,002929,润建股份,AI,0.017857142857142856,-0.07921539041870995,-0.001414560543191249,-0.003095198698819632
research_universe_v1_2__cost_0,research_universe_v1_2,0.0,41,2024-08-15,2024-09-12,002935,天奥电子,商业航天,0.017857142857142856,0.04241435562805873,0.0007573992076439058,0.0016572645499482786
research_universe_v1_2__cost_0,research_universe_v1_2,0.0,41,2024-08-15,2024-09-12,002987,京北方,AI,0.017857142857142856,0.15769944341372932,0.0028160614895308806,0.006161821705084569
research_universe_v1_2__cost_0,research_universe_v1_2,0.0,41,2024-08-15,2024-09-12,300002,神州泰岳,AI,0.017857142857142856,0.04761904761904767,0.0008503401360544227,0.0018606285148686738
research_universe_v1_2__cost_0,research_universe_v1_2,0.0,41,2024-08-15,2024-09-12,300017,网宿科技,AI,0.017857142857142856,-0.07359307359307354,-0.0013141620284477418,-0.002875516795706127
research_universe_v1_2__cost_0,research_universe_v1_2,0.0,41,2024-08-15,2024-09-12,300033,同花顺,AI,0.017857142857142856,-0.024905023216546973,-0.0004447325574383388,-0.0009731189235636453
research_universe_v1_2__cost_0,research_universe_v1_2,0.0,41,2024-08-15,2024-09-12,300047,天源迪科,AI,0.017857142857142856,0.258859784283513,0.0046224961479198745,0.010114479815803807
research_universe_v1_2__cost_0,research_universe_v1_2,0.0,41,2024-08-15,2024-09-12,300058,蓝色光标,AI,0.017857142857142856,0.015957446808510634,0.0002849544072948327,0.0006235084916847142
research_universe_v1_2__cost_0,research_universe_v1_2,0.0,41,2024-08-15,2024-09-12,300101,振芯科技,商业航天,0.017857142857142856,-0.06952662721893488,-0.001241546914623837,-0.0027166277280700857
research_universe_v1_2__cost_0,research_universe_v1_2,0.0,41,2024-08-15,2024-09-12,300113,顺网科技,AI,0.017857142857142856,-0.012524084778420153,-0.000223644371043217,-0.0004893560544885857
research_universe_v1_2__cost_0,research_universe_v1_2,0.0,41,2024-08-15,2024-09-12,300133,华策影视,AI,0.017857142857142856,-0.09074410163339386,-0.0016204303863106046,-0.003545662324159902
research_universe_v1_2__cost_0,research_universe_v1_2,0.0,41,2024-08-15,2024-09-12,300170,汉得信息,AI,0.017857142857142856,0.09045226130653261,0.001615218951902368,0.0035342591890470225
research_universe_v1_2__cost_0,research_universe_v1_2,0.0,41,2024-08-15,2024-09-12,300182,捷成股份,AI,0.017857142857142856,0.08266666666666667,0.001476190476190476,0.0032300511018120135
research_universe_v1_2__cost_0,research_universe_v1_2,0.0,41,2024-08-15,2024-09-12,300339,润和软件,AI,0.017857142857142856,0.08695652173913038,0.0015527950310558994,0.0033976694619340937
research_universe_v1_2__cost_0,research_universe_v1_2,0.0,41,2024-08-15,2024-09-12,300348,长亮科技,AI,0.017857142857142856,0.09604519774011289,0.00171509281678773,0.0037527931062605368
research_universe_v1_2__cost_0,research_universe_v1_2,0.0,41,2024-08-15,2024-09-12,300378,鼎捷数智,AI,0.017857142857142856,0.02795031055900621,0.0004991126885536823,0.0010921080413359594
research_universe_v1_2__cost_0,research_universe_v1_2,0.0,41,2024-08-15,2024-09-12,300413,芒果超媒,AI,0.017857142857142856,-0.11642821904292056,-0.0020790753400521528,-0.0045492229500193075
research_universe_v1_2__cost_0,research_universe_v1_2,0.0,41,2024-08-15,2024-09-12,300454,深信服,AI,0.017857142857142856,-0.042638101239235504,-0.0007613946649863482,-0.0016660070066971551
research_universe_v1_2__cost_0,research_universe_v1_2,0.0,41,2024-08-15,2024-09-12,300458,全志科技,AI,0.017857142857142856,-0.18432601880877741,-0.0032915360501567393,-0.007202207179184438
research_universe_v1_2__cost_0,research_universe_v1_2,0.0,41,2024-08-15,2024-09-12,300496,中科创达,AI,0.017857142857142856,-0.16070087609511896,-0.0028696585016985527,-0.006279097280966068
research_universe_v1_2__cost_0,research_universe_v1_2,0.0,41,2024-08-15,2024-09-12,300627,华测导航,商业航天,0.017857142857142856,0.027706516162134598,0.0004947592171809749,0.0010825822143976842
research_universe_v1_2__cost_0,research_universe_v1_2,0.0,41,2024-08-15,2024-09-12,300629,新劲刚,商业航天,0.017857142857142856,-0.06573341448569692,-0.0011738109729588734,-0.0025684147728071505
research_universe_v1_2__cost_0,research_universe_v1_2,0.0,41,2024-08-15,2024-09-12,300634,彩讯股份,AI,0.017857142857142856,0.01455604075691408,0.00025992929923060855,0.0005687510744140029
research_universe_v1_2__cost_0,research_universe_v1_2,0.0,41,2024-08-15,2024-09-12,300674,宇信科技,AI,0.017857142857142856,0.1063829787234043,0.0018996960486322195,0.004156723277898098
research_universe_v1_2__cost_0,research_universe_v1_2,0.0,41,2024-08-15,2024-09-12,300857,协创数据,AI,0.017857142857142856,-0.1664857039449873,-0.0029729589990176303,-0.006505129009638569
research_universe_v1_2__cost_0,research_universe_v1_2,0.0,41,2024-08-15,2024-09-12,300996,普联软件,AI,0.017857142857142856,0.060179257362355854,0.0010746295957563545,0.0023513960872924146
research_universe_v1_2__cost_0,research_universe_v1_2,0.0,41,2024-08-15,2024-09-12,301050,雷电微力,商业航天,0.017857142857142856,-0.0387137059007181,-0.0006913161767985375,-0.0015126683274174287
research_universe_v1_2__cost_0,research_universe_v1_2,0.0,41,2024-08-15,2024-09-12,301110,青木科技,AI,0.017857142857142856,0.04286489419424844,0.0007654445391830078,0.0016748685329175917
research_universe_v1_2__cost_0,research_universe_v1_2,0.0,41,2024-08-15,2024-09-12,301165,锐捷网络,AI,0.017857142857142856,-0.0031746031746032743,-5.6689342403629896e-05,-0.00012404190099124868
research_universe_v1_2__cost_0,research_universe_v1_2,0.0,41,2024-08-15,2024-09-12,301171,易点天下,AI,0.017857142857142856,-0.0069375619425173785,-0.00012388503468781033,-0.0002710727370522261
research_universe_v1_2__cost_0,research_universe_v1_2,0.0,42,2024-09-12,2024-10-21,000063,中兴通讯,AI,0.017857142857142856,0.33705932932072225,0.006018916595012897,0.008777952504788036
research_universe_v1_2__cost_0,research_universe_v1_2,0.0,42,2024-09-12,2024-10-21,000681,视觉中国,AI,0.017857142857142856,0.20444033302497688,0.0036507202325888727,0.005324188880850441
research_universe_v1_2__cost_0,research_universe_v1_2,0.0,42,2024-09-12,2024-10-21,000901,航天科技,商业航天,0.017857142857142856,0.2582056892778992,0.004610815879962486,0.006724386717066053
research_universe_v1_2__cost_0,research_universe_v1_2,0.0,42,2024-09-12,2024-10-21,000938,紫光股份,AI,0.017857142857142856,0.33731019522776573,0.006023396343352959,0.00878448574337703
research_universe_v1_2__cost_0,research_universe_v1_2,0.0,42,2024-09-12,2024-10-21,000977,浪潮信息,AI,0.017857142857142856,0.3849585723390696,0.006874260220340528,0.010025380609144926
research_universe_v1_2__cost_0,research_universe_v1_2,0.0,42,2024-09-12,2024-10-21,001208,华菱线缆,商业航天,0.017857142857142856,0.12019826517967758,0.0021463975924942424,0.0031302936044863864
research_universe_v1_2__cost_0,research_universe_v1_2,0.0,42,2024-09-12,2024-10-21,002015,协鑫能科,AI,0.017857142857142856,0.14135338345864645,0.002524167561761544,0.0036812311022266257
research_universe_v1_2__cost_0,research_universe_v1_2,0.0,42,2024-09-12,2024-10-21,002044,美年健康,AI,0.017857142857142856,0.16417910447761197,0.002931769722814499,0.004275675692725913
research_universe_v1_2__cost_0,research_universe_v1_2,0.0,42,2024-09-12,2024-10-21,002049,紫光国微,AI|商业航天,0.017857142857142856,0.5922415693189331,0.010575742309266662,0.015423600282240029
research_universe_v1_2__cost_0,research_universe_v1_2,0.0,42,2024-09-12,2024-10-21,002065,东华软件,AI,0.017857142857142856,0.32891832229580564,0.005873541469567958,0.008565938278242579
research_universe_v1_2__cost_0,research_universe_v1_2,0.0,42,2024-09-12,2024-10-21,002131,利欧股份,AI,0.017857142857142856,0.2056737588652482,0.003672745694022289,0.005356310684053157
research_universe_v1_2__cost_0,research_universe_v1_2,0.0,42,2024-09-12,2024-10-21,002212,天融信,AI,0.017857142857142856,0.431924882629108,0.0077129443326626424,0.011248512577875599
research_universe_v1_2__cost_0,research_universe_v1_2,0.0,42,2024-09-12,2024-10-21,002230,科大讯飞,AI,0.017857142857142856,0.35489561893560717,0.006337421766707271,0.009242458570876261
research_universe_v1_2__cost_0,research_universe_v1_2,0.0,42,2024-09-12,2024-10-21,002236,大华股份,AI,0.017857142857142856,0.2662957074721781,0.004755280490574609,0.0069350730541431664
research_universe_v1_2__cost_0,research_universe_v1_2,0.0,42,2024-09-12,2024-10-21,002279,久其软件,AI,0.017857142857142856,0.26147704590818366,0.004669232962646136,0.006809581846317426
research_universe_v1_2__cost_0,research_universe_v1_2,0.0,42,2024-09-12,2024-10-21,002315,焦点科技,AI,0.017857142857142856,0.3229594832648268,0.00576713362972905,0.008410753711469059
research_universe_v1_2__cost_0,research_universe_v1_2,0.0,42,2024-09-12,2024-10-21,002361,神剑股份,商业航天,0.017857142857142856,0.2169491525423728,0.0038740920096852283,0.005649952964686812
research_universe_v1_2__cost_0,research_universe_v1_2,0.0,42,2024-09-12,2024-10-21,002373,千方科技,AI,0.017857142857142856,0.3803763440860213,0.006792434715821808,0.009906046775388071
research_universe_v1_2__cost_0,research_universe_v1_2,0.0,42,2024-09-12,2024-10-21,002396,星网锐捷,AI,0.017857142857142856,0.17901828681424448,0.003196755121682937,0.004662128837409251
research_universe_v1_2__cost_0,research_universe_v1_2,0.0,42,2024-09-12,2024-10-21,002410,广联达,AI,0.017857142857142856,0.583789704271632,0.010424816147707714,0.015203490457327001
research_universe_v1_2__cost_0,research_universe_v1_2,0.0,42,2024-09-12,2024-10-21,002446,盛路通信,商业航天,0.017857142857142856,0.23583180987202934,0.004211282319143381,0.006141709325615768
research_universe_v1_2__cost_0,research_universe_v1_2,0.0,42,2024-09-12,2024-10-21,002544,普天科技,商业航天,0.017857142857142856,0.5814241486068112,0.010382574082264485,0.01514188487793219
research_universe_v1_2__cost_0,research_universe_v1_2,0.0,42,2024-09-12,2024-10-21,002558,巨人网络,AI,0.017857142857142856,0.26086956521739135,0.004658385093167703,0.006793761377374772
research_universe_v1_2__cost_0,research_universe_v1_2,0.0,42,2024-09-12,2024-10-21,002757,南兴股份,AI,0.017857142857142856,0.153915391539154,0.00274848913462775,0.0040083803626185105
research_universe_v1_2__cost_0,research_universe_v1_2,0.0,42,2024-09-12,2024-10-21,002792,通宇通讯,商业航天,0.017857142857142856,0.21685606060606055,0.0038724296536796527,0.005647528594481204
research_universe_v1_2__cost_0,research_universe_v1_2,0.0,42,2024-09-12,2024-10-21,002881,美格智能,AI,0.017857142857142856,0.17586712261846604,0.003140484332472608,0.004580063849915575
research_universe_v1_2__cost_0,research_universe_v1_2,0.0,42,2024-09-12,2024-10-21,002929,润建股份,AI,0.017857142857142856,0.25153625563293724,0.004491718850588165,0.0065506963110259775
research_universe_v1_2__cost_0,research_universe_v1_2,0.0,42,2024-09-12,2024-10-21,002935,天奥电子,商业航天,0.017857142857142856,0.3779342723004695,0.0067488262910798125,0.009842448505641149
research_universe_v1_2__cost_0,research_universe_v1_2,0.0,42,2024-09-12,2024-10-21,002987,京北方,AI,0.017857142857142856,0.6522435897435899,0.011647206959706962,0.01698621801645439
research_universe_v1_2__cost_0,research_universe_v1_2,0.0,42,2024-09-12,2024-10-21,300002,神州泰岳,AI,0.017857142857142856,0.5332594235033261,0.009522489705416538,0.013887542889485793
research_universe_v1_2__cost_0,research_universe_v1_2,0.0,42,2024-09-12,2024-10-21,300017,网宿科技,AI,0.017857142857142856,0.4112149532710281,0.0073431241655540725,0.010709169024771446
research_universe_v1_2__cost_0,research_universe_v1_2,0.0,42,2024-09-12,2024-10-21,300033,同花顺,AI,0.017857142857142856,1.0135642135642136,0.018099360956503812,0.02639600139580685
research_universe_v1_2__cost_0,research_universe_v1_2,0.0,42,2024-09-12,2024-10-21,300047,天源迪科,AI,0.017857142857142856,1.0012239902080786,0.01787899982514426,0.02607462801997735
research_universe_v1_2__cost_0,research_universe_v1_2,0.0,42,2024-09-12,2024-10-21,300058,蓝色光标,AI,0.017857142857142856,0.3455497382198953,0.0061705310396409875,0.008999066117674434
research_universe_v1_2__cost_0,research_universe_v1_2,0.0,42,2024-09-12,2024-10-21,300101,振芯科技,商业航天,0.017857142857142856,0.46979332273449903,0.008389166477401767,0.012234710970145099
research_universe_v1_2__cost_0,research_universe_v1_2,0.0,42,2024-09-12,2024-10-21,300113,顺网科技,AI,0.017857142857142856,0.4009756097560975,0.007160278745644597,0.010442508341516046
research_universe_v1_2__cost_0,research_universe_v1_2,0.0,42,2024-09-12,2024-10-21,300133,华策影视,AI,0.017857142857142856,0.4131736526946108,0.007378100940975193,0.010760178947997766
research_universe_v1_2__cost_0,research_universe_v1_2,0.0,42,2024-09-12,2024-10-21,300170,汉得信息,AI,0.017857142857142856,0.4208909370199694,0.00751590958964231,0.010961158269384489
research_universe_v1_2__cost_0,research_universe_v1_2,0.0,42,2024-09-12,2024-10-21,300182,捷成股份,AI,0.017857142857142856,0.4113300492610841,0.0073451794510907865,0.010712166441090522
research_universe_v1_2__cost_0,research_universe_v1_2,0.0,42,2024-09-12,2024-10-21,300339,润和软件,AI,0.017857142857142856,2.363855421686747,0.04221170395869191,0.06156130038462126
research_universe_v1_2__cost_0,research_universe_v1_2,0.0,42,2024-09-12,2024-10-21,300348,长亮科技,AI,0.017857142857142856,1.606958762886598,0.028695692194403533,0.041849628450276156
research_universe_v1_2__cost_0,research_universe_v1_2,0.0,42,2024-09-12,2024-10-21,300378,鼎捷数智,AI,0.017857142857142856,0.44048338368580064,0.007865774708675012,0.011471399497929788
research_universe_v1_2__cost_0,research_universe_v1_2,0.0,42,2024-09-12,2024-10-21,300413,芒果超媒,AI,0.017857142857142856,0.35678391959799005,0.006371141421392679,0.009291635116627305
research_universe_v1_2__cost_0,research_universe_v1_2,0.0,42,2024-09-12,2024-10-21,300454,深信服,AI,0.017857142857142856,0.48639754278192204,0.008685670406820035,0.012667130554106953
research_universe_v1_2__cost_0,research_universe_v1_2,0.0,42,2024-09-12,2024-10-21,300458,全志科技,AI,0.017857142857142856,0.9815526518063029,0.01752772592511255,0.02556233223352221
research_universe_v1_2__cost_0,research_universe_v1_2,0.0,42,2024-09-12,2024-10-21,300496,中科创达,AI,0.017857142857142856,0.9460184909036682,0.016893187337565504,0.02463692489550421
research_universe_v1_2__cost_0,research_universe_v1_2,0.0,42,2024-09-12,2024-10-21,300627,华测导航,商业航天,0.017857142857142856,0.3000499251123314,0.005358034377005918,0.007814125771297338
research_universe_v1_2__cost_0,research_universe_v1_2,0.0,42,2024-09-12,2024-10-21,300629,新劲刚,商业航天,0.017857142857142856,0.3752442996742671,0.006700791065611912,0.009772394215793805
research_universe_v1_2__cost_0,research_universe_v1_2,0.0,42,2024-09-12,2024-10-21,300634,彩讯股份,AI,0.017857142857142856,0.44045911047345765,0.007865341258454601,0.011470767356681792
research_universe_v1_2__cost_0,research_universe_v1_2,0.0,42,2024-09-12,2024-10-21,300674,宇信科技,AI,0.017857142857142856,1.4450549450549448,0.02580455259026687,0.03763320748327837
research_universe_v1_2__cost_0,research_universe_v1_2,0.0,42,2024-09-12,2024-10-21,300857,协创数据,AI,0.017857142857142856,0.9292227529309596,0.016593263445195707,0.024199517657720812
research_universe_v1_2__cost_0,research_universe_v1_2,0.0,42,2024-09-12,2024-10-21,300996,普联软件,AI,0.017857142857142856,0.29227053140096615,0.005219116632160109,0.007611528950577287
research_universe_v1_2__cost_0,research_universe_v1_2,0.0,42,2024-09-12,2024-10-21,301050,雷电微力,商业航天,0.017857142857142856,0.9678467034751543,0.017282976847770613,0.02520539162094115
research_universe_v1_2__cost_0,research_universe_v1_2,0.0,42,2024-09-12,2024-10-21,301110,青木科技,AI,0.017857142857142856,0.5286160249739855,0.009439571874535455,0.013766616013396953
research_universe_v1_2__cost_0,research_universe_v1_2,0.0,42,2024-09-12,2024-10-21,301165,锐捷网络,AI,0.017857142857142856,0.5821656050955415,0.010395814376706098,0.015161194445347394
research_universe_v1_2__cost_0,research_universe_v1_2,0.0,42,2024-09-12,2024-10-21,301171,易点天下,AI,0.017857142857142856,0.5768463073852297,0.010300826917593387,0.015022665294547608
research_universe_v1_2__cost_0,research_universe_v1_2,0.0,43,2024-10-21,2024-11-18,000063,中兴通讯,AI,0.017857142857142856,0.018327974276527437,0.0003272852549379899,0.0004669365034551364
research_universe_v1_2__cost_0,research_universe_v1_2,0.0,43,2024-10-21,2024-11-18,000681,视觉中国,AI,0.017857142857142856,0.03840245775729656,0.0006857581742374386,0.0009783683171271386
research_universe_v1_2__cost_0,research_universe_v1_2,0.0,43,2024-10-21,2024-11-18,000901,航天科技,商业航天,0.017857142857142856,0.04869565217391303,0.0008695652173913041,0.0012406050563195433
research_universe_v1_2__cost_0,research_universe_v1_2,0.0,43,2024-10-21,2024-11-18,000938,紫光股份,AI,0.017857142857142856,0.02676399026763998,0.0004779283976364282,0.0006818584446664179
research_universe_v1_2__cost_0,research_universe_v1_2,0.0,43,2024-10-21,2024-11-18,000977,浪潮信息,AI,0.017857142857142856,0.07547169811320753,0.0013477088948787058,0.0019227706398483489
research_universe_v1_2__cost_0,research_universe_v1_2,0.0,43,2024-10-21,2024-11-18,001208,华菱线缆,商业航天,0.017857142857142856,-0.016592920353982188,-0.0002963021491782533,-0.00042273303613922216
research_universe_v1_2__cost_0,research_universe_v1_2,0.0,43,2024-10-21,2024-11-18,002015,协鑫能科,AI,0.017857142857142856,0.046113306982872304,0.000823451910408434,0.0011748153942419948
research_universe_v1_2__cost_0,research_universe_v1_2,0.0,43,2024-10-21,2024-11-18,002044,美年健康,AI,0.017857142857142856,0.22564102564102573,0.004029304029304031,0.005748591195033785
research_universe_v1_2__cost_0,research_universe_v1_2,0.0,43,2024-10-21,2024-11-18,002049,紫光国微,AI|商业航天,0.017857142857142856,-0.0991140642303433,-0.0017698940041132732,-0.0025251003682504555
research_universe_v1_2__cost_0,research_universe_v1_2,0.0,43,2024-10-21,2024-11-18,002065,东华软件,AI,0.017857142857142856,0.35382059800664467,0.006318224964404369,0.009014185113475093
research_universe_v1_2__cost_0,research_universe_v1_2,0.0,43,2024-10-21,2024-11-18,002131,利欧股份,AI,0.017857142857142856,0.276470588235294,0.0049369747899159645,0.007043561270385642
research_universe_v1_2__cost_0,research_universe_v1_2,0.0,43,2024-10-21,2024-11-18,002212,天融信,AI,0.017857142857142856,0.13278688524590176,0.002371194379391103,0.0033829730970774473
research_universe_v1_2__cost_0,research_universe_v1_2,0.0,43,2024-10-21,2024-11-18,002230,科大讯飞,AI,0.017857142857142856,0.04709201388888884,0.0008409288194444435,0.0011997496272187415
research_universe_v1_2__cost_0,research_universe_v1_2,0.0,43,2024-10-21,2024-11-18,002236,大华股份,AI,0.017857142857142856,-0.003138731952291196,-5.6048784862342784e-05,-7.996456678590708e-05
research_universe_v1_2__cost_0,research_universe_v1_2,0.0,43,2024-10-21,2024-11-18,002279,久其软件,AI,0.017857142857142856,-0.02848101265822789,-0.0005085895117540694,-0.0007256025278541645
research_universe_v1_2__cost_0,research_universe_v1_2,0.0,43,2024-10-21,2024-11-18,002315,焦点科技,AI,0.017857142857142856,0.14558366622281382,0.0025997083254073895,0.0037089929874748843
research_universe_v1_2__cost_0,research_universe_v1_2,0.0,43,2024-10-21,2024-11-18,002361,神剑股份,商业航天,0.017857142857142856,0.058495821727019504,0.0010445682451253482,0.0014902811435593406
research_universe_v1_2__cost_0,research_universe_v1_2,0.0,43,2024-10-21,2024-11-18,002373,千方科技,AI,0.017857142857142856,-0.028237585199610393,-0.0005042425928501855,-0.0007194007968468598
research_universe_v1_2__cost_0,research_universe_v1_2,0.0,43,2024-10-21,2024-11-18,002396,星网锐捷,AI,0.017857142857142856,0.08571428571428585,0.0015306122448979615,0.002183718083827772
research_universe_v1_2__cost_0,research_universe_v1_2,0.0,43,2024-10-21,2024-11-18,002410,广联达,AI,0.017857142857142856,-0.10719225449515912,-0.00191414740169927,-0.002730906086852386
research_universe_v1_2__cost_0,research_universe_v1_2,0.0,43,2024-10-21,2024-11-18,002446,盛路通信,商业航天,0.017857142857142856,0.029585798816567976,0.0005283178360101425,0.0007537488455026796
research_universe_v1_2__cost_0,research_universe_v1_2,0.0,43,2024-10-21,2024-11-18,002544,普天科技,商业航天,0.017857142857142856,-0.1523101018010964,-0.0027198232464481498,-0.003880360442614863
research_universe_v1_2__cost_0,research_universe_v1_2,0.0,43,2024-10-21,2024-11-18,002558,巨人网络,AI,0.017857142857142856,0.06120689655172429,0.001092980295566505,0.001559350413308051
research_universe_v1_2__cost_0,research_universe_v1_2,0.0,43,2024-10-21,2024-11-18,002757,南兴股份,AI,0.017857142857142856,0.37831513260530425,0.006755627367951861,0.009638225291985535
research_universe_v1_2__cost_0,research_universe_v1_2,0.0,43,2024-10-21,2024-11-18,002792,通宇通讯,商业航天,0.017857142857142856,0.15797665369649816,0.0028210116731517527,0.0040247255474957985
research_universe_v1_2__cost_0,research_universe_v1_2,0.0,43,2024-10-21,2024-11-18,002881,美格智能,AI,0.017857142857142856,0.006647278770253395,0.00011870140661166777,0.00016935080001987874
research_universe_v1_2__cost_0,research_universe_v1_2,0.0,43,2024-10-21,2024-11-18,002929,润建股份,AI,0.017857142857142856,-0.048445171849427204,-0.0008650923544540572,-0.0012342236414869447
research_universe_v1_2__cost_0,research_universe_v1_2,0.0,43,2024-10-21,2024-11-18,002935,天奥电子,商业航天,0.017857142857142856,-0.11300397501419646,-0.002017928125253508,-0.0028789696108007575
research_universe_v1_2__cost_0,research_universe_v1_2,0.0,43,2024-10-21,2024-11-18,002987,京北方,AI,0.017857142857142856,-0.1901066925315229,-0.0033947623666343374,-0.004843293260607339
research_universe_v1_2__cost_0,research_universe_v1_2,0.0,43,2024-10-21,2024-11-18,300002,神州泰岳,AI,0.017857142857142856,-0.11279826464208242,-0.0020142547257514716,-0.0028737287871052333
research_universe_v1_2__cost_0,research_universe_v1_2,0.0,43,2024-10-21,2024-11-18,300017,网宿科技,AI,0.017857142857142856,-0.047461368653421654,-0.0008475244402396723,-0.0012091595718030877
research_universe_v1_2__cost_0,research_universe_v1_2,0.0,43,2024-10-21,2024-11-18,300033,同花顺,AI,0.017857142857142856,0.3265730256557262,0.005831661172423682,0.008320006587838855
research_universe_v1_2__cost_0,research_universe_v1_2,0.0,43,2024-10-21,2024-11-18,300047,天源迪科,AI,0.017857142857142856,-0.14434250764526002,-0.002577544779379643,-0.003677372349116692
research_universe_v1_2__cost_0,research_universe_v1_2,0.0,43,2024-10-21,2024-11-18,300058,蓝色光标,AI,0.017857142857142856,0.2859922178988328,0.0051070038910505855,0.0072861410773630815
research_universe_v1_2__cost_0,research_universe_v1_2,0.0,43,2024-10-21,2024-11-18,300101,振芯科技,商业航天,0.017857142857142856,0.1719848566792863,0.0030711581549872553,0.004381608486209318
research_universe_v1_2__cost_0,research_universe_v1_2,0.0,43,2024-10-21,2024-11-18,300113,顺网科技,AI,0.017857142857142856,-0.05501392757660162,-0.000982391563867886,-0.0014015739326331878
research_universe_v1_2__cost_0,research_universe_v1_2,0.0,43,2024-10-21,2024-11-18,300133,华策影视,AI,0.017857142857142856,0.0197740112994349,0.0003531073446327661,0.000503776770751224
research_universe_v1_2__cost_0,research_universe_v1_2,0.0,43,2024-10-21,2024-11-18,300170,汉得信息,AI,0.017857142857142856,-0.039999999999999925,-0.0007142857142857129,-0.0010190684391196232
research_universe_v1_2__cost_0,research_universe_v1_2,0.0,43,2024-10-21,2024-11-18,300182,捷成股份,AI,0.017857142857142856,-0.05759162303664922,-0.0010284218399401646,-0.0014672451348580991
research_universe_v1_2__cost_0,research_universe_v1_2,0.0,43,2024-10-21,2024-11-18,300339,润和软件,AI,0.017857142857142856,-0.13252148997134672,-0.0023664551780597626,-0.003376211698372684
research_universe_v1_2__cost_0,research_universe_v1_2,0.0,43,2024-10-21,2024-11-18,300348,长亮科技,AI,0.017857142857142856,-0.23628274839347507,-0.004219334792740626,-0.006019707289905843
research_universe_v1_2__cost_0,research_universe_v1_2,0.0,43,2024-10-21,2024-11-18,300378,鼎捷数智,AI,0.017857142857142856,0.03187919463087252,0.0005692713326941522,0.0008121770278218499
research_universe_v1_2__cost_0,research_universe_v1_2,0.0,43,2024-10-21,2024-11-18,300413,芒果超媒,AI,0.017857142857142856,0.0683127572016462,0.0012198706643151106,0.001740384371335988
research_universe_v1_2__cost_0,research_universe_v1_2,0.0,43,2024-10-21,2024-11-18,300454,深信服,AI,0.017857142857142856,-0.06214022140221398,-0.001109646810753821,-0.0015831284607725532
research_universe_v1_2__cost_0,research_universe_v1_2,0.0,43,2024-10-21,2024-11-18,300458,全志科技,AI,0.017857142857142856,-0.16058960434445313,-0.0028676715061509484,-0.0040912949359535
research_universe_v1_2__cost_0,research_universe_v1_2,0.0,43,2024-10-21,2024-11-18,300496,中科创达,AI,0.017857142857142856,-0.16567049808429124,-0.0029584017515052003,-0.004220739397273238
research_universe_v1_2__cost_0,research_universe_v1_2,0.0,43,2024-10-21,2024-11-18,300627,华测导航,商业航天,0.017857142857142856,0.005376344086021501,9.600614439324107e-05,0.00013697156439779895
research_universe_v1_2__cost_0,research_universe_v1_2,0.0,43,2024-10-21,2024-11-18,300629,新劲刚,商业航天,0.017857142857142856,0.03268593083846527,0.0005836773364011655,0.0008327300130181706
research_universe_v1_2__cost_0,research_universe_v1_2,0.0,43,2024-10-21,2024-11-18,300634,彩讯股份,AI,0.017857142857142856,0.04980079681274896,0.0008892999430848028,0.0012687605068720422
research_universe_v1_2__cost_0,research_universe_v1_2,0.0,43,2024-10-21,2024-11-18,300674,宇信科技,AI,0.017857142857142856,-0.22359550561797747,-0.003992776886035312,-0.005696478072606892
research_universe_v1_2__cost_0,research_universe_v1_2,0.0,43,2024-10-21,2024-11-18,300857,协创数据,AI,0.017857142857142856,-0.04591492234976369,-0.0008199093276743515,-0.0011697612062818118
research_universe_v1_2__cost_0,research_universe_v1_2,0.0,43,2024-10-21,2024-11-18,300996,普联软件,AI,0.017857142857142856,-0.10747663551401854,-0.0019192256341789024,-0.002738151179877494
research_universe_v1_2__cost_0,research_universe_v1_2,0.0,43,2024-10-21,2024-11-18,301050,雷电微力,商业航天,0.017857142857142856,-0.1280739395939925,-0.0022870346356070087,-0.003262902742848777
research_universe_v1_2__cost_0,research_universe_v1_2,0.0,43,2024-10-21,2024-11-18,301110,青木科技,AI,0.017857142857142856,-0.06466984343090532,-0.0011548186326947377,-0.0016475749100810805
research_universe_v1_2__cost_0,research_universe_v1_2,0.0,43,2024-10-21,2024-11-18,301165,锐捷网络,AI,0.017857142857142856,0.02657004830917864,0.00047446514837819,0.0006769174414441928
research_universe_v1_2__cost_0,research_universe_v1_2,0.0,43,2024-10-21,2024-11-18,301171,易点天下,AI,0.017857142857142856,0.5829113924050633,0.010409132007233273,0.01485066507008188
research_universe_v1_2__cost_0,research_universe_v1_2,0.0,44,2024-11-18,2024-12-16,000063,中兴通讯,AI,0.017857142857142856,-0.029049573729081235,-0.0005187423880193078,-0.0006608523766914548
research_universe_v1_2__cost_0,research_universe_v1_2,0.0,44,2024-11-18,2024-12-16,000681,视觉中国,AI,0.017857142857142856,1.009615384615385,0.01802884615384616,0.022967866333935237
research_universe_v1_2__cost_0,research_universe_v1_2,0.0,44,2024-11-18,2024-12-16,000901,航天科技,商业航天,0.017857142857142856,-0.008291873963515717,-0.0001480691779199235,-0.00018863287520565845
research_universe_v1_2__cost_0,research_universe_v1_2,0.0,44,2024-11-18,2024-12-16,000938,紫光股份,AI,0.017857142857142856,-0.018957345971563955,-0.00033852403520649916,-0.00043126302843227453
research_universe_v1_2__cost_0,research_universe_v1_2,0.0,44,2024-11-18,2024-12-16,000977,浪潮信息,AI,0.017857142857142856,-0.02802738553701334,-0.0005004890274466667,-0.0006375984899923272
research_universe_v1_2__cost_0,research_universe_v1_2,0.0,44,2024-11-18,2024-12-16,001208,华菱线缆,商业航天,0.017857142857142856,0.07874015748031482,0.0014060742407199073,0.0017912696653387774
research_universe_v1_2__cost_0,research_universe_v1_2,0.0,44,2024-11-18,2024-12-16,002015,协鑫能科,AI,0.017857142857142856,-0.017632241813602123,-0.00031486146095718073,-0.0004011180686363188
research_universe_v1_2__cost_0,research_universe_v1_2,0.0,44,2024-11-18,2024-12-16,002044,美年健康,AI,0.017857142857142856,0.09414225941422605,0.0016811117752540364,0.0021416540036424984
research_universe_v1_2__cost_0,research_universe_v1_2,0.0,44,2024-11-18,2024-12-16,002049,紫光国微,AI|商业航天,0.017857142857142856,-0.0026121696373694325,-4.6645886381597005e-05,-5.942457294816361e-05
research_universe_v1_2__cost_0,research_universe_v1_2,0.0,44,2024-11-18,2024-12-16,002065,东华软件,AI,0.017857142857142856,-0.02944785276073625,-0.0005258545135845759,-0.0006699128760678054
research_universe_v1_2__cost_0,research_universe_v1_2,0.0,44,2024-11-18,2024-12-16,002131,利欧股份,AI,0.017857142857142856,0.7926267281105992,0.014154048716260699,0.01803156431781582
research_universe_v1_2__cost_0,research_universe_v1_2,0.0,44,2024-11-18,2024-12-16,002212,天融信,AI,0.017857142857142856,0.0709117221418234,0.0012662807525325606,0.0016131796132276737
research_universe_v1_2__cost_0,research_universe_v1_2,0.0,44,2024-11-18,2024-12-16,002230,科大讯飞,AI,0.017857142857142856,0.04435233160621754,0.0007920059215395989,0.0010089767246544516
research_universe_v1_2__cost_0,research_universe_v1_2,0.0,44,2024-11-18,2024-12-16,002236,大华股份,AI,0.017857142857142856,-0.020780856423173844,-0.00037108672184239,-0.00047274629517851663
research_universe_v1_2__cost_0,research_universe_v1_2,0.0,44,2024-11-18,2024-12-16,002279,久其软件,AI,0.017857142857142856,0.26221498371335517,0.004682410423452771,0.005965161375762551
research_universe_v1_2__cost_0,research_universe_v1_2,0.0,44,2024-11-18,2024-12-16,002315,焦点科技,AI,0.017857142857142856,0.3173188686555599,0.005666408368849284,0.007218726528511531
research_universe_v1_2__cost_0,research_universe_v1_2,0.0,44,2024-11-18,2024-12-16,002361,神剑股份,商业航天,0.017857142857142856,0.17105263157894757,0.003054511278195492,0.003891297654571487
research_universe_v1_2__cost_0,research_universe_v1_2,0.0,44,2024-11-18,2024-12-16,002373,千方科技,AI,0.017857142857142856,0.0641282565130259,0.0011451474377326052,0.0014588617074021617
research_universe_v1_2__cost_0,research_universe_v1_2,0.0,44,2024-11-18,2024-12-16,002396,星网锐捷,AI,0.017857142857142856,0.004511278195488577,8.055853920515317e-05,0.00010262763045023362
research_universe_v1_2__cost_0,research_universe_v1_2,0.0,44,2024-11-18,2024-12-16,002410,广联达,AI,0.017857142857142856,-0.04879938032532927,-0.0008714175058094512,-0.0011101431907339738
research_universe_v1_2__cost_0,research_universe_v1_2,0.0,44,2024-11-18,2024-12-16,002446,盛路通信,商业航天,0.017857142857142856,0.06321839080459779,0.001128899835796389,0.0014381630588955632
research_universe_v1_2__cost_0,research_universe_v1_2,0.0,44,2024-11-18,2024-12-16,002544,普天科技,商业航天,0.017857142857142856,0.02863741339491921,0.0005113823820521287,0.0006514760898326825
research_universe_v1_2__cost_0,research_universe_v1_2,0.0,44,2024-11-18,2024-12-16,002558,巨人网络,AI,0.017857142857142856,0.05686433793663692,0.0010154346060113736,0.001293613917535481
research_universe_v1_2__cost_0,research_universe_v1_2,0.0,44,2024-11-18,2024-12-16,002757,南兴股份,AI,0.017857142857142856,-0.12959818902093945,-0.0023142533753739186,-0.0029482453693858383
research_universe_v1_2__cost_0,research_universe_v1_2,0.0,44,2024-11-18,2024-12-16,002792,通宇通讯,商业航天,0.017857142857142856,0.0463709677419355,0.0008280529953917053,0.001054898929930359
research_universe_v1_2__cost_0,research_universe_v1_2,0.0,44,2024-11-18,2024-12-16,002881,美格智能,AI,0.017857142857142856,0.1432108955839868,0.0025573374211426214,0.003257922529171058
research_universe_v1_2__cost_0,research_universe_v1_2,0.0,44,2024-11-18,2024-12-16,002929,润建股份,AI,0.017857142857142856,0.09184726522187825,0.0016401297361049686,0.0020894448944607062
research_universe_v1_2__cost_0,research_universe_v1_2,0.0,44,2024-11-18,2024-12-16,002935,天奥电子,商业航天,0.017857142857142856,0.08834827144686308,0.0015776477044082693,0.002009845848574104
research_universe_v1_2__cost_0,research_universe_v1_2,0.0,44,2024-11-18,2024-12-16,002987,京北方,AI,0.017857142857142856,0.14850299401197598,0.002651839178785285,0.0033783131364976174
research_universe_v1_2__cost_0,research_universe_v1_2,0.0,44,2024-11-18,2024-12-16,300002,神州泰岳,AI,0.017857142857142856,-0.016299918500407462,-0.0002910699732215618,-0.0003708088793773833
research_universe_v1_2__cost_0,research_universe_v1_2,0.0,44,2024-11-18,2024-12-16,300017,网宿科技,AI,0.017857142857142856,0.1390498261877171,0.002483032610494948,0.0031632618423827327
research_universe_v1_2__cost_0,research_universe_v1_2,0.0,44,2024-11-18,2024-12-16,300033,同花顺,AI,0.017857142857142856,0.11971260331694666,0.0021377250592311903,0.002723356946980842
research_universe_v1_2__cost_0,research_universe_v1_2,0.0,44,2024-11-18,2024-12-16,300047,天源迪科,AI,0.017857142857142856,-0.053609721229449625,-0.0009573164505258861,-0.0012195742360508856
research_universe_v1_2__cost_0,research_universe_v1_2,0.0,44,2024-11-18,2024-12-16,300058,蓝色光标,AI,0.017857142857142856,0.22844175491679253,0.0040793170520855805,0.005196849980665925
research_universe_v1_2__cost_0,research_universe_v1_2,0.0,44,2024-11-18,2024-12-16,300101,振芯科技,商业航天,0.017857142857142856,0.07198892478080299,0.0012855165139429104,0.0016376850304426367
research_universe_v1_2__cost_0,research_universe_v1_2,0.0,44,2024-11-18,2024-12-16,300113,顺网科技,AI,0.017857142857142856,0.30508474576271194,0.005447941888619856,0.006940410940617718
research_universe_v1_2__cost_0,research_universe_v1_2,0.0,44,2024-11-18,2024-12-16,300133,华策影视,AI,0.017857142857142856,0.2880886426592799,0.005144440047487141,0.006553764470857237
research_universe_v1_2__cost_0,research_universe_v1_2,0.0,44,2024-11-18,2024-12-16,300170,汉得信息,AI,0.017857142857142856,0.4572072072072071,0.008164414414414413,0.010401063793265561
research_universe_v1_2__cost_0,research_universe_v1_2,0.0,44,2024-11-18,2024-12-16,300182,捷成股份,AI,0.017857142857142856,0.3018518518518518,0.0053902116402116396,0.006866865433736684
research_universe_v1_2__cost_0,research_universe_v1_2,0.0,44,2024-11-18,2024-12-16,300339,润和软件,AI,0.017857142857142856,-0.043600330305532675,-0.000778577326884512,-0.0009918693532531579
research_universe_v1_2__cost_0,research_universe_v1_2,0.0,44,2024-11-18,2024-12-16,300348,长亮科技,AI,0.017857142857142856,0.060194174757281615,0.0010748959778086001,0.0013693647907648129
research_universe_v1_2__cost_0,research_universe_v1_2,0.0,44,2024-11-18,2024-12-16,300378,鼎捷数智,AI,0.017857142857142856,0.19674796747967482,0.00351335656213705,0.004475844056465211
research_universe_v1_2__cost_0,research_universe_v1_2,0.0,44,2024-11-18,2024-12-16,300413,芒果超媒,AI,0.017857142857142856,0.139060092449923,0.0024832159366057678,0.003163495390862369
research_universe_v1_2__cost_0,research_universe_v1_2,0.0,44,2024-11-18,2024-12-16,300454,深信服,AI,0.017857142857142856,-0.025653131885426506,-0.0004580916408111876,-0.0005835862974847042
research_universe_v1_2__cost_0,research_universe_v1_2,0.0,44,2024-11-18,2024-12-16,300458,全志科技,AI,0.017857142857142856,0.18900184842883538,0.0033750330076577745,0.0042996266278508425
research_universe_v1_2__cost_0,research_universe_v1_2,0.0,44,2024-11-18,2024-12-16,300496,中科创达,AI,0.017857142857142856,0.17174871418074944,0.00306694132465624,0.003907132924516045
research_universe_v1_2__cost_0,research_universe_v1_2,0.0,44,2024-11-18,2024-12-16,300627,华测导航,商业航天,0.017857142857142856,0.08212375859434684,0.001466495689184765,0.0018682436291854627
research_universe_v1_2__cost_0,research_universe_v1_2,0.0,44,2024-11-18,2024-12-16,300629,新劲刚,商业航天,0.017857142857142856,0.06192660550458706,0.0011058322411533403,0.001408776073955658
research_universe_v1_2__cost_0,research_universe_v1_2,0.0,44,2024-11-18,2024-12-16,300634,彩讯股份,AI,0.017857142857142856,0.16698292220113875,0.002981837896448906,0.0037987153282402733
research_universe_v1_2__cost_0,research_universe_v1_2,0.0,44,2024-11-18,2024-12-16,300674,宇信科技,AI,0.017857142857142856,-0.0019295706705257931,-3.445661911653202e-05,-4.389604389735135e-05
research_universe_v1_2__cost_0,research_universe_v1_2,0.0,44,2024-11-18,2024-12-16,300857,协创数据,AI,0.017857142857142856,0.23543288511441363,0.004204158662757386,0.005355892073673718
research_universe_v1_2__cost_0,research_universe_v1_2,0.0,44,2024-11-18,2024-12-16,300996,普联软件,AI,0.017857142857142856,0.081675392670157,0.001458489154824232,0.0018580436968425075
research_universe_v1_2__cost_0,research_universe_v1_2,0.0,44,2024-11-18,2024-12-16,301050,雷电微力,商业航天,0.017857142857142856,-0.022146507666098825,-0.00039547335118033614,-0.0005038136656685399
research_universe_v1_2__cost_0,research_universe_v1_2,0.0,44,2024-11-18,2024-12-16,301110,青木科技,AI,0.017857142857142856,0.3111353711790392,0.005555988771054271,0.007078057373028072
research_universe_v1_2__cost_0,research_universe_v1_2,0.0,44,2024-11-18,2024-12-16,301165,锐捷网络,AI,0.017857142857142856,0.04627450980392145,0.0008263305322128829,0.0010527045962653685
research_universe_v1_2__cost_0,research_universe_v1_2,0.0,44,2024-11-18,2024-12-16,301171,易点天下,AI,0.017857142857142856,-0.01959216313474621,-0.00034986005597761085,-0.0004457045632708234
research_universe_v1_2__cost_0,research_universe_v1_2,0.0,45,2024-12-16,2025-01-14,000063,中兴通讯,AI,0.017857142857142856,0.32357723577235786,0.00577816492450639,0.007963600650661382
research_universe_v1_2__cost_0,research_universe_v1_2,0.0,45,2024-12-16,2025-01-14,000681,视觉中国,AI,0.017857142857142856,-0.19506808980493195,-0.0034833587465166417,-0.004800845656480926
research_universe_v1_2__cost_0,research_universe_v1_2,0.0,45,2024-12-16,2025-01-14,000901,航天科技,商业航天,0.017857142857142856,-0.12040133779264228,-0.002150023889154326,-0.0029632126923185005
research_universe_v1_2__cost_0,research_universe_v1_2,0.0,45,2024-12-16,2025-01-14,000938,紫光股份,AI,0.017857142857142856,0.018115942028985588,0.00032349896480331404,0.00044585376157570177
research_universe_v1_2__cost_0,research_universe_v1_2,0.0,45,2024-12-16,2025-01-14,000977,浪潮信息,AI,0.017857142857142856,0.10631741140215722,0.0018985252036099504,0.0026165913822642933
research_universe_v1_2__cost_0,research_universe_v1_2,0.0,45,2024-12-16,2025-01-14,001208,华菱线缆,商业航天,0.017857142857142856,-0.08133472367049,-0.0014524057798301784,-0.002001739265735486
research_universe_v1_2__cost_0,research_universe_v1_2,0.0,45,2024-12-16,2025-01-14,002015,协鑫能科,AI,0.017857142857142856,-0.07692307692307687,-0.0013736263736263726,-0.0018931636645368164
research_universe_v1_2__cost_0,research_universe_v1_2,0.0,45,2024-12-16,2025-01-14,002044,美年健康,AI,0.017857142857142856,-0.15296367112810716,-0.0027314941272876276,-0.0037646084342605954
research_universe_v1_2__cost_0,research_universe_v1_2,0.0,45,2024-12-16,2025-01-14,002049,紫光国微,AI|商业航天,0.017857142857142856,-0.08396240949006306,-0.0014993287408939832,-0.0020664095768361326
research_universe_v1_2__cost_0,research_universe_v1_2,0.0,45,2024-12-16,2025-01-14,002065,东华软件,AI,0.017857142857142856,-0.12262958280657388,-0.0021898139786888193,-0.0030180523147672893
research_universe_v1_2__cost_0,research_universe_v1_2,0.0,45,2024-12-16,2025-01-14,002131,利欧股份,AI,0.017857142857142856,-0.06940874035989719,-0.0012394417921410212,-0.0017082273682581571
research_universe_v1_2__cost_0,research_universe_v1_2,0.0,45,2024-12-16,2025-01-14,002212,天融信,AI,0.017857142857142856,-0.1837837837837838,-0.003281853281853282,-0.004523126160677154
research_universe_v1_2__cost_0,research_universe_v1_2,0.0,45,2024-12-16,2025-01-14,002230,科大讯飞,AI,0.017857142857142856,-0.0690613216908117,-0.0012332378873359231,-0.00169967700304913
research_universe_v1_2__cost_0,research_universe_v1_2,0.0,45,2024-12-16,2025-01-14,002236,大华股份,AI,0.017857142857142856,-0.08488745980707402,-0.001515847496554893,-0.0020891761082605666
research_universe_v1_2__cost_0,research_universe_v1_2,0.0,45,2024-12-16,2025-01-14,002279,久其软件,AI,0.017857142857142856,-0.216774193548387,-0.003870967741935482,-0.005335057346256011
research_universe_v1_2__cost_0,research_universe_v1_2,0.0,45,2024-12-16,2025-01-14,002315,焦点科技,AI,0.017857142857142856,-0.1029411764705882,-0.0018382352941176464,-0.00253349843342427
research_universe_v1_2__cost_0,research_universe_v1_2,0.0,45,2024-12-16,2025-01-14,002361,神剑股份,商业航天,0.017857142857142856,0.15955056179775284,0.002849117174959872,0.003926719241275243
research_universe_v1_2__cost_0,research_universe_v1_2,0.0,45,2024-12-16,2025-01-14,002373,千方科技,AI,0.017857142857142856,-0.1374764595103577,-0.002454936776970673,-0.003383450692364291
research_universe_v1_2__cost_0,research_universe_v1_2,0.0,45,2024-12-16,2025-01-14,002396,星网锐捷,AI,0.017857142857142856,0.08532934131736525,0.0015237382378100936,0.002100051310511649
research_universe_v1_2__cost_0,research_universe_v1_2,0.0,45,2024-12-16,2025-01-14,002410,广联达,AI,0.017857142857142856,-0.13192182410423448,-0.002355746859004187,-0.0032467448513962024
research_universe_v1_2__cost_0,research_universe_v1_2,0.0,45,2024-12-16,2025-01-14,002446,盛路通信,商业航天,0.017857142857142856,-0.12432432432432428,-0.002220077220077219,-0.00305976181457572
research_universe_v1_2__cost_0,research_universe_v1_2,0.0,45,2024-12-16,2025-01-14,002544,普天科技,商业航天,0.017857142857142856,-0.1356084418500224,-0.0024215793187504,-0.0033374766712939126
research_universe_v1_2__cost_0,research_universe_v1_2,0.0,45,2024-12-16,2025-01-14,002558,巨人网络,AI,0.017857142857142856,-0.11068408916218286,-0.001976501592181837,-0.0027240602459745735
research_universe_v1_2__cost_0,research_universe_v1_2,0.0,45,2024-12-16,2025-01-14,002757,南兴股份,AI,0.017857142857142856,-0.05721716514954489,-0.0010217350919561588,-0.0014081789546359692
research_universe_v1_2__cost_0,research_universe_v1_2,0.0,45,2024-12-16,2025-01-14,002792,通宇通讯,商业航天,0.017857142857142856,-0.09377007064868337,-0.0016744655472979173,-0.00230778717745079
research_universe_v1_2__cost_0,research_universe_v1_2,0.0,45,2024-12-16,2025-01-14,002881,美格智能,AI,0.017857142857142856,0.1252707581227437,0.002236977823620423,0.003083054617590464
research_universe_v1_2__cost_0,research_universe_v1_2,0.0,45,2024-12-16,2025-01-14,002929,润建股份,AI,0.017857142857142856,-0.028040327662255726,-0.000500720136825995,-0.0006901040831345589
research_universe_v1_2__cost_0,research_universe_v1_2,0.0,45,2024-12-16,2025-01-14,002935,天奥电子,商业航天,0.017857142857142856,-0.10529411764705876,-0.001880252100840335,-0.0025914069690453952
research_universe_v1_2__cost_0,research_universe_v1_2,0.0,45,2024-12-16,2025-01-14,002987,京北方,AI,0.017857142857142856,-0.16162669447340983,-0.002886190972739461,-0.00397781520755129
research_universe_v1_2__cost_0,research_universe_v1_2,0.0,45,2024-12-16,2025-01-14,300002,神州泰岳,AI,0.017857142857142856,-0.051367025683512924,-0.0009172683157770165,-0.00126420042553163
research_universe_v1_2__cost_0,research_universe_v1_2,0.0,45,2024-12-16,2025-01-14,300017,网宿科技,AI,0.017857142857142856,-0.0722278738555443,-0.0012897834617061482,-0.0017776094225508484
research_universe_v1_2__cost_0,research_universe_v1_2,0.0,45,2024-12-16,2025-01-14,300033,同花顺,AI,0.017857142857142856,-0.02735562310030404,-0.0004884932696482863,-0.0006732527317653749
research_universe_v1_2__cost_0,research_universe_v1_2,0.0,45,2024-12-16,2025-01-14,300047,天源迪科,AI,0.017857142857142856,-0.13746223564954685,-0.0024546827794561937,-0.0033831006271103563
research_universe_v1_2__cost_0,research_universe_v1_2,0.0,45,2024-12-16,2025-01-14,300058,蓝色光标,AI,0.017857142857142856,-0.14655172413793094,-0.0026169950738916237,-0.0036068031884710036
research_universe_v1_2__cost_0,research_universe_v1_2,0.0,45,2024-12-16,2025-01-14,300101,振芯科技,商业航天,0.017857142857142856,-0.241928540680155,-0.004320152512145625,-0.005954134194191129
research_universe_v1_2__cost_0,research_universe_v1_2,0.0,45,2024-12-16,2025-01-14,300113,顺网科技,AI,0.017857142857142856,-0.18181818181818188,-0.003246753246753248,-0.004474750479814298
research_universe_v1_2__cost_0,research_universe_v1_2,0.0,45,2024-12-16,2025-01-14,300133,华策影视,AI,0.017857142857142856,-0.25806451612903225,-0.004608294930875576,-0.0063512587455428725
research_universe_v1_2__cost_0,research_universe_v1_2,0.0,45,2024-12-16,2025-01-14,300170,汉得信息,AI,0.017857142857142856,-0.040185471406491424,-0.0007175977036873468,-0.0009890097660176865
research_universe_v1_2__cost_0,research_universe_v1_2,0.0,45,2024-12-16,2025-01-14,300182,捷成股份,AI,0.017857142857142856,-0.1578947368421053,-0.002819548872180452,-0.003885967521943995
research_universe_v1_2__cost_0,research_universe_v1_2,0.0,45,2024-12-16,2025-01-14,300339,润和软件,AI,0.017857142857142856,-0.11068900017268168,-0.001976589288797887,-0.0027241811114807964
research_universe_v1_2__cost_0,research_universe_v1_2,0.0,45,2024-12-16,2025-01-14,300348,长亮科技,AI,0.017857142857142856,-0.19841269841269826,-0.0035430839002267545,-0.00488316024582909
research_universe_v1_2__cost_0,research_universe_v1_2,0.0,45,2024-12-16,2025-01-14,300378,鼎捷数智,AI,0.017857142857142856,-0.1528532608695652,-0.0027295225155279496,-0.003761891113294966
research_universe_v1_2__cost_0,research_universe_v1_2,0.0,45,2024-12-16,2025-01-14,300413,芒果超媒,AI,0.017857142857142856,-0.13222861007778153,-0.0023612251799603845,-0.0032542952001490175
research_universe_v1_2__cost_0,research_universe_v1_2,0.0,45,2024-12-16,2025-01-14,300454,深信服,AI,0.017857142857142856,-0.11985139718946847,-0.002140203521240508,-0.0029496780339399327
research_universe_v1_2__cost_0,research_universe_v1_2,0.0,45,2024-12-16,2025-01-14,300458,全志科技,AI,0.017857142857142856,-0.0349786241741159,-0.0006246182888234982,-0.0008608633841850298
research_universe_v1_2__cost_0,research_universe_v1_2,0.0,45,2024-12-16,2025-01-14,300496,中科创达,AI,0.017857142857142856,-0.16867847625019594,-0.0030121156473249273,-0.0041513675089419975
research_universe_v1_2__cost_0,research_universe_v1_2,0.0,45,2024-12-16,2025-01-14,300627,华测导航,商业航天,0.017857142857142856,-0.05118249205788916,-0.0009139730724623064,-0.00125965884491772
research_universe_v1_2__cost_0,research_universe_v1_2,0.0,45,2024-12-16,2025-01-14,300629,新劲刚,商业航天,0.017857142857142856,-0.1369330453563714,-0.0024452329527923466,-0.003370076657259707
research_universe_v1_2__cost_0,research_universe_v1_2,0.0,45,2024-12-16,2025-01-14,300634,彩讯股份,AI,0.017857142857142856,-0.17113821138211383,-0.003056039488966318,-0.004211904364231708
research_universe_v1_2__cost_0,research_universe_v1_2,0.0,45,2024-12-16,2025-01-14,300674,宇信科技,AI,0.017857142857142856,-0.10633156114064779,-0.0018987778775115677,-0.002616939623284343
research_universe_v1_2__cost_0,research_universe_v1_2,0.0,45,2024-12-16,2025-01-14,300857,协创数据,AI,0.017857142857142856,-0.0032461332824135214,-5.796666575738431e-05,-7.989100054661584e-05
research_universe_v1_2__cost_0,research_universe_v1_2,0.0,45,2024-12-16,2025-01-14,300996,普联软件,AI,0.017857142857142856,-0.1510164569215876,-0.00269672244502835,-0.0037166852968835104
research_universe_v1_2__cost_0,research_universe_v1_2,0.0,45,2024-12-16,2025-01-14,301050,雷电微力,商业航天,0.017857142857142856,-0.02690669763840481,-0.000480476743542943,-0.0006622041699221856
research_universe_v1_2__cost_0,research_universe_v1_2,0.0,45,2024-12-16,2025-01-14,301110,青木科技,AI,0.017857142857142856,0.2558978628920343,0.004569604694500612,0.006297934966177709
research_universe_v1_2__cost_0,research_universe_v1_2,0.0,45,2024-12-16,2025-01-14,301165,锐捷网络,AI,0.017857142857142856,0.29122938530734643,0.005200524737631186,0.007167483574020391
research_universe_v1_2__cost_0,research_universe_v1_2,0.0,45,2024-12-16,2025-01-14,301171,易点天下,AI,0.017857142857142856,-0.07667210440456762,-0.001369144721510136,-0.0018869869478499092
research_universe_v1_2__cost_0,research_universe_v1_2,0.0,46,2025-01-14,2025-02-19,000063,中兴通讯,AI,0.017857142857142856,-0.02678132678132683,-0.0004782379782379791,-0.0005259178342415386
research_universe_v1_2__cost_0,research_universe_v1_2,0.0,46,2025-01-14,2025-02-19,000681,视觉中国,AI,0.017857142857142856,0.15409236396890713,0.002751649356587627,0.0030259860907336108
research_universe_v1_2__cost_0,research_universe_v1_2,0.0,46,2025-01-14,2025-02-19,000901,航天科技,商业航天,0.017857142857142856,0.051330798479087614,0.0009166214014122788,0.001008007653483147
research_universe_v1_2__cost_0,research_universe_v1_2,0.0,46,2025-01-14,2025-02-19,000938,紫光股份,AI,0.017857142857142856,0.17516805061289054,0.0031280009038016166,0.0034398595170003557
research_universe_v1_2__cost_0,research_universe_v1_2,0.0,46,2025-01-14,2025-02-19,000977,浪潮信息,AI,0.017857142857142856,0.28093911659371273,0.005016769939173441,0.005516936967279574
research_universe_v1_2__cost_0,research_universe_v1_2,0.0,46,2025-01-14,2025-02-19,001208,华菱线缆,商业航天,0.017857142857142856,0.13280363223609526,0.0023714934327874154,0.0026079289952772354
research_universe_v1_2__cost_0,research_universe_v1_2,0.0,46,2025-01-14,2025-02-19,002015,协鑫能科,AI,0.017857142857142856,0.0625,0.0011160714285714285,0.0012273426521577167
research_universe_v1_2__cost_0,research_universe_v1_2,0.0,46,2025-01-14,2025-02-19,002044,美年健康,AI,0.017857142857142856,0.5914221218961626,0.010561109319574331,0.01161404153012449
research_universe_v1_2__cost_0,research_universe_v1_2,0.0,46,2025-01-14,2025-02-19,002049,紫光国微,AI|商业航天,0.017857142857142856,0.07080390178271112,0.0012643553889769843,0.0013904103775537145
research_universe_v1_2__cost_0,research_universe_v1_2,0.0,46,2025-01-14,2025-02-19,002065,东华软件,AI,0.017857142857142856,0.7737752161383284,0.013817414573898722,0.015194997215186025
research_universe_v1_2__cost_0,research_universe_v1_2,0.0,46,2025-01-14,2025-02-19,002131,利欧股份,AI,0.017857142857142856,0.17679558011049723,0.003157063930544593,0.0034718200989212757
research_universe_v1_2__cost_0,research_universe_v1_2,0.0,46,2025-01-14,2025-02-19,002212,天融信,AI,0.017857142857142856,0.48344370860927155,0.008632923368022705,0.009493617335895451
research_universe_v1_2__cost_0,research_universe_v1_2,0.0,46,2025-01-14,2025-02-19,002230,科大讯飞,AI,0.017857142857142856,0.15753570667235128,0.00281313761914913,0.0030936046725885398
research_universe_v1_2__cost_0,research_universe_v1_2,0.0,46,2025-01-14,2025-02-19,002236,大华股份,AI,0.017857142857142856,0.1588193956430075,0.0028360606364822767,0.0031188130922011927
research_universe_v1_2__cost_0,research_universe_v1_2,0.0,46,2025-01-14,2025-02-19,002279,久其软件,AI,0.017857142857142856,0.22405271828665563,0.004000941397975993,0.004399831319761435
research_universe_v1_2__cost_0,research_universe_v1_2,0.0,46,2025-01-14,2025-02-19,002315,焦点科技,AI,0.017857142857142856,0.10885245901639351,0.0019437939110070268,0.002137588251889113
research_universe_v1_2__cost_0,research_universe_v1_2,0.0,46,2025-01-14,2025-02-19,002361,神剑股份,商业航天,0.017857142857142856,0.0019379844961240345,3.46068660022149e-05,3.805713650101454e-05
research_universe_v1_2__cost_0,research_universe_v1_2,0.0,46,2025-01-14,2025-02-19,002373,千方科技,AI,0.017857142857142856,0.16157205240174677,0.0028852152214597637,0.0031728683409492074
research_universe_v1_2__cost_0,research_universe_v1_2,0.0,46,2025-01-14,2025-02-19,002396,星网锐捷,AI,0.017857142857142856,0.11862068965517225,0.0021182266009852186,0.0023294117094745047
research_universe_v1_2__cost_0,research_universe_v1_2,0.0,46,2025-01-14,2025-02-19,002410,广联达,AI,0.017857142857142856,0.27861163227016883,0.004975207719110157,0.005471231034759352
research_universe_v1_2__cost_0,research_universe_v1_2,0.0,46,2025-01-14,2025-02-19,002446,盛路通信,商业航天,0.017857142857142856,-0.035493827160493874,-0.0006338183421516763,-0.0006970094073982105
research_universe_v1_2__cost_0,research_universe_v1_2,0.0,46,2025-01-14,2025-02-19,002544,普天科技,商业航天,0.017857142857142856,0.06805194805194792,0.0012152133580704985,0.001336368934505231
research_universe_v1_2__cost_0,research_universe_v1_2,0.0,46,2025-01-14,2025-02-19,002558,巨人网络,AI,0.017857142857142856,0.3820224719101124,0.006821829855537721,0.0075019595817280675
research_universe_v1_2__cost_0,research_universe_v1_2,0.0,46,2025-01-14,2025-02-19,002757,南兴股份,AI,0.017857142857142856,0.5062068965517241,0.009039408866995073,0.00994062903926912
research_universe_v1_2__cost_0,research_universe_v1_2,0.0,46,2025-01-14,2025-02-19,002792,通宇通讯,商业航天,0.017857142857142856,0.04464918497519488,0.0007973068745570514,0.0008767975856661785
research_universe_v1_2__cost_0,research_universe_v1_2,0.0,46,2025-01-14,2025-02-19,002881,美格智能,AI,0.017857142857142856,0.8020532563362206,0.01432237957743251,0.01575030673285488
research_universe_v1_2__cost_0,research_universe_v1_2,0.0,46,2025-01-14,2025-02-19,002929,润建股份,AI,0.017857142857142856,0.8288492706645056,0.014800879833294743,0.016276512993541818
research_universe_v1_2__cost_0,research_universe_v1_2,0.0,46,2025-01-14,2025-02-19,002935,天奥电子,商业航天,0.017857142857142856,0.02235371466140701,0.00039917347609655374,0.00043897067900972985
research_universe_v1_2__cost_0,research_universe_v1_2,0.0,46,2025-01-14,2025-02-19,002987,京北方,AI,0.017857142857142856,0.4042288557213931,0.007218372423596305,0.007938037053756378
research_universe_v1_2__cost_0,research_universe_v1_2,0.0,46,2025-01-14,2025-02-19,300002,神州泰岳,AI,0.017857142857142856,0.25502183406113543,0.004553961322520276,0.005007986786795506
research_universe_v1_2__cost_0,research_universe_v1_2,0.0,46,2025-01-14,2025-02-19,300017,网宿科技,AI,0.017857142857142856,0.4057017543859651,0.007244674185463662,0.007966961075409744
research_universe_v1_2__cost_0,research_universe_v1_2,0.0,46,2025-01-14,2025-02-19,300033,同花顺,AI,0.017857142857142856,0.06468253968253967,0.0011550453514739226,0.0012702022368362399
research_universe_v1_2__cost_0,research_universe_v1_2,0.0,46,2025-01-14,2025-02-19,300047,天源迪科,AI,0.017857142857142856,0.23817863397548167,0.004253189892419316,0.004677228740972316
research_universe_v1_2__cost_0,research_universe_v1_2,0.0,46,2025-01-14,2025-02-19,300058,蓝色光标,AI,0.017857142857142856,0.0,0.0,0.0
research_universe_v1_2__cost_0,research_universe_v1_2,0.0,46,2025-01-14,2025-02-19,300101,振芯科技,商业航天,0.017857142857142856,0.053378762067007424,0.0009531921797679896,0.0010482245024674658
research_universe_v1_2__cost_0,research_universe_v1_2,0.0,46,2025-01-14,2025-02-19,300113,顺网科技,AI,0.017857142857142856,0.5362318840579712,0.009575569358178056,0.010530244204019833
research_universe_v1_2__cost_0,research_universe_v1_2,0.0,46,2025-01-14,2025-02-19,300133,华策影视,AI,0.017857142857142856,0.23478260869565215,0.004192546583850931,0.0046105393541924665
research_universe_v1_2__cost_0,research_universe_v1_2,0.0,46,2025-01-14,2025-02-19,300170,汉得信息,AI,0.017857142857142856,0.7246376811594204,0.012939958592132506,0.014230059735161935
research_universe_v1_2__cost_0,research_universe_v1_2,0.0,46,2025-01-14,2025-02-19,300182,捷成股份,AI,0.017857142857142856,0.10641891891891886,0.0019003378378378366,0.0020897996509712463
research_universe_v1_2__cost_0,research_universe_v1_2,0.0,46,2025-01-14,2025-02-19,300339,润和软件,AI,0.017857142857142856,0.11980582524271854,0.002139389736477117,0.0023526847887574737
research_universe_v1_2__cost_0,research_universe_v1_2,0.0,46,2025-01-14,2025-02-19,300348,长亮科技,AI,0.017857142857142856,0.22467631378522457,0.00401207703187901,0.00441207716541083
research_universe_v1_2__cost_0,research_universe_v1_2,0.0,46,2025-01-14,2025-02-19,300378,鼎捷数智,AI,0.017857142857142856,0.6611868484362469,0.011806908007790122,0.012984045122104729
research_universe_v1_2__cost_0,research_universe_v1_2,0.0,46,2025-01-14,2025-02-19,300413,芒果超媒,AI,0.017857142857142856,0.03585346843335935,0.0006402405077385598,0.0007040718565768358
research_universe_v1_2__cost_0,research_universe_v1_2,0.0,46,2025-01-14,2025-02-19,300454,深信服,AI,0.017857142857142856,0.872270141310332,0.015576252523398785,0.017129189578140948
research_universe_v1_2__cost_0,research_universe_v1_2,0.0,46,2025-01-14,2025-02-19,300458,全志科技,AI,0.017857142857142856,0.30124848973016527,0.005379437316610094,0.005915761925502844
research_universe_v1_2__cost_0,research_universe_v1_2,0.0,46,2025-01-14,2025-02-19,300496,中科创达,AI,0.017857142857142856,0.22854987742787114,0.004081247811211984,0.004488144203402311
research_universe_v1_2__cost_0,research_universe_v1_2,0.0,46,2025-01-14,2025-02-19,300627,华测导航,商业航天,0.017857142857142856,0.13653273809523814,0.002438084608843538,0.002681159246082632
research_universe_v1_2__cost_0,research_universe_v1_2,0.0,46,2025-01-14,2025-02-19,300629,新劲刚,商业航天,0.017857142857142856,0.04204204204204198,0.0007507507507507497,0.0008255998621120965
research_universe_v1_2__cost_0,research_universe_v1_2,0.0,46,2025-01-14,2025-02-19,300634,彩讯股份,AI,0.017857142857142856,0.4865129965669446,0.00868773208155258,0.00955389042425075
research_universe_v1_2__cost_0,research_universe_v1_2,0.0,46,2025-01-14,2025-02-19,300674,宇信科技,AI,0.017857142857142856,0.6219578150351541,0.01110638955419918,0.012213685667767435
research_universe_v1_2__cost_0,research_universe_v1_2,0.0,46,2025-01-14,2025-02-19,300857,协创数据,AI,0.017857142857142856,0.07049808429118776,0.0012588943623426385,0.0013844048919357545
research_universe_v1_2__cost_0,research_universe_v1_2,0.0,46,2025-01-14,2025-02-19,300996,普联软件,AI,0.017857142857142856,0.5564424173318132,0.009936471738068093,0.01092712819617726
research_universe_v1_2__cost_0,research_universe_v1_2,0.0,46,2025-01-14,2025-02-19,301050,雷电微力,商业航天,0.017857142857142856,0.030037795902128517,0.0005363892125380092,0.0005898666893998497
research_universe_v1_2__cost_0,research_universe_v1_2,0.0,46,2025-01-14,2025-02-19,301110,青木科技,AI,0.017857142857142856,-0.1630939226519338,-0.002912391475927389,-0.003202754041254879
research_universe_v1_2__cost_0,research_universe_v1_2,0.0,46,2025-01-14,2025-02-19,301165,锐捷网络,AI,0.017857142857142856,0.05021770682148041,0.000896744764669293,0.000986149335608871
research_universe_v1_2__cost_0,research_universe_v1_2,0.0,46,2025-01-14,2025-02-19,301171,易点天下,AI,0.017857142857142856,0.1303003533568905,0.002326792024230187,0.0025587709002581377
research_universe_v1_2__cost_0,research_universe_v1_2,0.0,47,2025-02-19,2025-03-19,000063,中兴通讯,AI,0.017857142857142856,-0.08987629386518559,-0.001604933819021171,-0.001752122752433288
research_universe_v1_2__cost_0,research_universe_v1_2,0.0,47,2025-02-19,2025-03-19,000681,视觉中国,AI,0.017857142857142856,-0.08399366085578441,-0.0014998868009961502,-0.001637441842743715
research_universe_v1_2__cost_0,research_universe_v1_2,0.0,47,2025-02-19,2025-03-19,000901,航天科技,商业航天,0.017857142857142856,0.07594936708860756,0.001356238698010849,0.0014806197316999535
research_universe_v1_2__cost_0,research_universe_v1_2,0.0,47,2025-02-19,2025-03-19,000938,紫光股份,AI,0.017857142857142856,-0.029946164199192493,-0.0005347529321284374,-0.0005837952744270071
research_universe_v1_2__cost_0,research_universe_v1_2,0.0,47,2025-02-19,2025-03-19,000977,浪潮信息,AI,0.017857142857142856,-0.08527493010251619,-0.0015227666089735032,-0.001662419964366745
research_universe_v1_2__cost_0,research_universe_v1_2,0.0,47,2025-02-19,2025-03-19,001208,华菱线缆,商业航天,0.017857142857142856,0.0651302605210422,0.0011630403664471822,0.0012697031266331463
research_universe_v1_2__cost_0,research_universe_v1_2,0.0,47,2025-02-19,2025-03-19,002015,协鑫能科,AI,0.017857142857142856,0.0535947712418301,0.0009570494864612517,0.0010448207649185522
research_universe_v1_2__cost_0,research_universe_v1_2,0.0,47,2025-02-19,2025-03-19,002044,美年健康,AI,0.017857142857142856,-0.11205673758865253,-0.0020010131712259378,-0.0021845266537918245
research_universe_v1_2__cost_0,research_universe_v1_2,0.0,47,2025-02-19,2025-03-19,002049,紫光国微,AI|商业航天,0.017857142857142856,0.059368619444008175,0.0010601539186430031,0.0011573809336690238
research_universe_v1_2__cost_0,research_universe_v1_2,0.0,47,2025-02-19,2025-03-19,002065,东华软件,AI,0.017857142857142856,-0.04549147034930956,-0.0008123476848090992,-0.0008868483202058768
research_universe_v1_2__cost_0,research_universe_v1_2,0.0,47,2025-02-19,2025-03-19,002131,利欧股份,AI,0.017857142857142856,-0.05633802816901412,-0.0010060362173038235,-0.0010983000826694502
research_universe_v1_2__cost_0,research_universe_v1_2,0.0,47,2025-02-19,2025-03-19,002212,天融信,AI,0.017857142857142856,-0.013392857142857206,-0.00023915816326530726,-0.00026109142590244853
research_universe_v1_2__cost_0,research_universe_v1_2,0.0,47,2025-02-19,2025-03-19,002230,科大讯飞,AI,0.017857142857142856,-0.07826887661141801,-0.0013976585109181788,-0.0015258381673365852
research_universe_v1_2__cost_0,research_universe_v1_2,0.0,47,2025-02-19,2025-03-19,002236,大华股份,AI,0.017857142857142856,0.08065494238932702,0.0014402668283808396,0.0015723541056166818
research_universe_v1_2__cost_0,research_universe_v1_2,0.0,47,2025-02-19,2025-03-19,002279,久其软件,AI,0.017857142857142856,-0.02826379542395696,-0.00050471063257066,-0.0005509977870996472
research_universe_v1_2__cost_0,research_universe_v1_2,0.0,47,2025-02-19,2025-03-19,002315,焦点科技,AI,0.017857142857142856,-0.050561797752809,-0.000902889245585875,-0.0009856934730699137
research_universe_v1_2__cost_0,research_universe_v1_2,0.0,47,2025-02-19,2025-03-19,002361,神剑股份,商业航天,0.017857142857142856,0.34042553191489366,0.006079027355623101,0.006636536669747314
research_universe_v1_2__cost_0,research_universe_v1_2,0.0,47,2025-02-19,2025-03-19,002373,千方科技,AI,0.017857142857142856,-0.0535714285714286,-0.000956632653061225,-0.0010443657036097898
research_universe_v1_2__cost_0,research_universe_v1_2,0.0,47,2025-02-19,2025-03-19,002396,星网锐捷,AI,0.017857142857142856,-0.008631319358816336,-0.000154130702836006,-0.00016826607308468566
research_universe_v1_2__cost_0,research_universe_v1_2,0.0,47,2025-02-19,2025-03-19,002410,广联达,AI,0.017857142857142856,0.06969919295671301,0.0012446284456555893,0.0013587736716077446
research_universe_v1_2__cost_0,research_universe_v1_2,0.0,47,2025-02-19,2025-03-19,002446,盛路通信,商业航天,0.017857142857142856,0.07519999999999993,0.0013428571428571415,0.00146601095034718
research_universe_v1_2__cost_0,research_universe_v1_2,0.0,47,2025-02-19,2025-03-19,002544,普天科技,商业航天,0.017857142857142856,0.06663424124513617,0.0011898971650917173,0.0012990229698596467
research_universe_v1_2__cost_0,research_universe_v1_2,0.0,47,2025-02-19,2025-03-19,002558,巨人网络,AI,0.017857142857142856,-0.04315196998123827,-0.0007705708925221119,-0.000841240166509949
research_universe_v1_2__cost_0,research_universe_v1_2,0.0,47,2025-02-19,2025-03-19,002757,南兴股份,AI,0.017857142857142856,-0.01098901098901095,-0.00019623233908948123,-0.00021422886227893034
research_universe_v1_2__cost_0,research_universe_v1_2,0.0,47,2025-02-19,2025-03-19,002792,通宇通讯,商业航天,0.017857142857142856,0.08819538670284932,0.0015749176196937378,0.001719353758995762
research_universe_v1_2__cost_0,research_universe_v1_2,0.0,47,2025-02-19,2025-03-19,002881,美格智能,AI,0.017857142857142856,-0.08634502403418198,-0.001541875429181821,-0.001683281259868369
research_universe_v1_2__cost_0,research_universe_v1_2,0.0,47,2025-02-19,2025-03-19,002929,润建股份,AI,0.017857142857142856,0.12779156327543428,0.0022819922013470407,0.0024912743500501515
research_universe_v1_2__cost_0,research_universe_v1_2,0.0,47,2025-02-19,2025-03-19,002935,天奥电子,商业航天,0.017857142857142856,0.03022508038585192,0.0005397335783187843,0.0005892326970848767
research_universe_v1_2__cost_0,research_universe_v1_2,0.0,47,2025-02-19,2025-03-19,002987,京北方,AI,0.017857142857142856,0.04074402125775034,0.0007275718081741131,0.0007942976240031959
research_universe_v1_2__cost_0,research_universe_v1_2,0.0,47,2025-02-19,2025-03-19,300002,神州泰岳,AI,0.017857142857142856,-0.022268615170493944,-0.000397653842330249,-0.00043412278841770596
research_universe_v1_2__cost_0,research_universe_v1_2,0.0,47,2025-02-19,2025-03-19,300017,网宿科技,AI,0.017857142857142856,-0.009360374414976724,-0.00016714954312458435,-0.0001824788748897004
research_universe_v1_2__cost_0,research_universe_v1_2,0.0,47,2025-02-19,2025-03-19,300033,同花顺,AI,0.017857142857142856,0.018542676108833422,0.00033111921622916825,0.00036148625298259126
research_universe_v1_2__cost_0,research_universe_v1_2,0.0,47,2025-02-19,2025-03-19,300047,天源迪科,AI,0.017857142857142856,0.15063649222065045,0.0026899373610830436,0.002936632275496829
research_universe_v1_2__cost_0,research_universe_v1_2,0.0,47,2025-02-19,2025-03-19,300058,蓝色光标,AI,0.017857142857142856,0.04329004329004338,0.0007730364873222032,0.0008439318817048819
research_universe_v1_2__cost_0,research_universe_v1_2,0.0,47,2025-02-19,2025-03-19,300101,振芯科技,商业航天,0.017857142857142856,0.1132075471698113,0.0020215633423180585,0.0022069614868735162
research_universe_v1_2__cost_0,research_universe_v1_2,0.0,47,2025-02-19,2025-03-19,300113,顺网科技,AI,0.017857142857142856,-0.028301886792452935,-0.0005053908355795167,-0.0005517403717183812
research_universe_v1_2__cost_0,research_universe_v1_2,0.0,47,2025-02-19,2025-03-19,300133,华策影视,AI,0.017857142857142856,-0.08450704225352113,-0.0015090543259557343,-0.0016474501240041745
research_universe_v1_2__cost_0,research_universe_v1_2,0.0,47,2025-02-19,2025-03-19,300170,汉得信息,AI,0.017857142857142856,-0.06862745098039225,-0.0012254901960784329,-0.0013378802477615618
research_universe_v1_2__cost_0,research_universe_v1_2,0.0,47,2025-02-19,2025-03-19,300182,捷成股份,AI,0.017857142857142856,-0.05038167938931304,-0.0008996728462377328,-0.000982182096829971
research_universe_v1_2__cost_0,research_universe_v1_2,0.0,47,2025-02-19,2025-03-19,300339,润和软件,AI,0.017857142857142856,0.050459511010924274,0.0009010626966236477,0.000983699410786957
research_universe_v1_2__cost_0,research_universe_v1_2,0.0,47,2025-02-19,2025-03-19,300348,长亮科技,AI,0.017857142857142856,-0.02238805970149238,-0.0003997867803837925,-0.00043645133882199837
research_universe_v1_2__cost_0,research_universe_v1_2,0.0,47,2025-02-19,2025-03-19,300378,鼎捷数智,AI,0.017857142857142856,-0.10813420226888726,-0.0019309678976587009,-0.002108057508420821
research_universe_v1_2__cost_0,research_universe_v1_2,0.0,47,2025-02-19,2025-03-19,300413,芒果超媒,AI,0.017857142857142856,0.0056433408577878375,0.00010077394388906851,0.0001100159507188647
research_universe_v1_2__cost_0,research_universe_v1_2,0.0,47,2025-02-19,2025-03-19,300454,深信服,AI,0.017857142857142856,0.04989217800431289,0.0008909317500770159,0.0009726393522738495
research_universe_v1_2__cost_0,research_universe_v1_2,0.0,47,2025-02-19,2025-03-19,300458,全志科技,AI,0.017857142857142856,0.17270194986072407,0.0030839633903700725,0.003366794543113449
research_universe_v1_2__cost_0,research_universe_v1_2,0.0,47,2025-02-19,2025-03-19,300496,中科创达,AI,0.017857142857142856,0.005065234075211089,9.04506084859123e-05,9.874585931291403e-05
research_universe_v1_2__cost_0,research_universe_v1_2,0.0,47,2025-02-19,2025-03-19,300627,华测导航,商业航天,0.017857142857142856,-0.051391162029459925,-0.0009176993219546415,-0.0010018617857214698
research_universe_v1_2__cost_0,research_universe_v1_2,0.0,47,2025-02-19,2025-03-19,300629,新劲刚,商业航天,0.017857142857142856,0.06964457252641698,0.0012436530808288746,0.00135770885579755
research_universe_v1_2__cost_0,research_universe_v1_2,0.0,47,2025-02-19,2025-03-19,300634,彩讯股份,AI,0.017857142857142856,-0.05179808644011874,-0.0009249658292878346,-0.0010097947064926054
research_universe_v1_2__cost_0,research_universe_v1_2,0.0,47,2025-02-19,2025-03-19,300674,宇信科技,AI,0.017857142857142856,-0.14238079359786593,-0.002542514171390463,-0.0027756888634786346
research_universe_v1_2__cost_0,research_universe_v1_2,0.0,47,2025-02-19,2025-03-19,300857,协创数据,AI,0.017857142857142856,0.1904080171796707,0.003400143163922691,0.0037119712529161105
research_universe_v1_2__cost_0,research_universe_v1_2,0.0,47,2025-02-19,2025-03-19,300996,普联软件,AI,0.017857142857142856,-0.06959706959706968,-0.0012428048142333872,-0.0013567827944332323
research_universe_v1_2__cost_0,research_universe_v1_2,0.0,47,2025-02-19,2025-03-19,301050,雷电微力,商业航天,0.017857142857142856,0.061993047508690724,0.0011070187055123343,0.001208543703366139
research_universe_v1_2__cost_0,research_universe_v1_2,0.0,47,2025-02-19,2025-03-19,301110,青木科技,AI,0.017857142857142856,-0.032215473989965604,-0.0005752763212493857,-0.0006280350749988614
research_universe_v1_2__cost_0,research_universe_v1_2,0.0,47,2025-02-19,2025-03-19,301165,锐捷网络,AI,0.017857142857142856,0.07186290768380332,0.001283266208639345,0.001400954914737291
research_universe_v1_2__cost_0,research_universe_v1_2,0.0,47,2025-02-19,2025-03-19,301171,易点天下,AI,0.017857142857142856,-0.14966783899960912,-0.002672639982135877,-0.0029177485490455572
research_universe_v1_2__cost_0,research_universe_v1_2,0.0,48,2025-03-19,2025-04-17,000063,中兴通讯,AI,0.017857142857142856,-0.13453536754507622,-0.0024024172775906467,-0.0031062116873907227
research_universe_v1_2__cost_0,research_universe_v1_2,0.0,48,2025-03-19,2025-04-17,000681,视觉中国,AI,0.017857142857142856,-0.18382352941176472,-0.003282563025210084,-0.00424419842823058
research_universe_v1_2__cost_0,research_universe_v1_2,0.0,48,2025-03-19,2025-04-17,000901,航天科技,商业航天,0.017857142857142856,-0.14873949579831924,-0.0026560624249699866,-0.003434162842499713
research_universe_v1_2__cost_0,research_universe_v1_2,0.0,48,2025-03-19,2025-04-17,000938,紫光股份,AI,0.017857142857142856,-0.13978494623655902,-0.002496159754224268,-0.003227416267144799
research_universe_v1_2__cost_0,research_universe_v1_2,0.0,48,2025-03-19,2025-04-17,000977,浪潮信息,AI,0.017857142857142856,-0.20224146714212943,-0.0036114547703951683,-0.004669439868304136
research_universe_v1_2__cost_0,research_universe_v1_2,0.0,48,2025-03-19,2025-04-17,001208,华菱线缆,商业航天,0.017857142857142856,-0.08842897460018828,-0.0015790888321462193,-0.002041687025644396
research_universe_v1_2__cost_0,research_universe_v1_2,0.0,48,2025-03-19,2025-04-17,002015,协鑫能科,AI,0.017857142857142856,-0.1550868486352358,-0.0027694080113434966,-0.003580713314139945
research_universe_v1_2__cost_0,research_universe_v1_2,0.0,48,2025-03-19,2025-04-17,002044,美年健康,AI,0.017857142857142856,-0.15495207667731625,-0.00276700136923779,-0.0035776016399500185
research_universe_v1_2__cost_0,research_universe_v1_2,0.0,48,2025-03-19,2025-04-17,002049,紫光国微,AI|商业航天,0.017857142857142856,0.008154188287620379,0.00014561050513607819,0.0001882674825391515
research_universe_v1_2__cost_0,research_universe_v1_2,0.0,48,2025-03-19,2025-04-17,002065,东华软件,AI,0.017857142857142856,-0.21361702127659576,-0.0038145896656534956,-0.004932083661143118
research_universe_v1_2__cost_0,research_universe_v1_2,0.0,48,2025-03-19,2025-04-17,002131,利欧股份,AI,0.017857142857142856,-0.2189054726368158,-0.003909026297085997,-0.0050541857501555775
research_universe_v1_2__cost_0,research_universe_v1_2,0.0,48,2025-03-19,2025-04-17,002212,天融信,AI,0.017857142857142856,-0.17420814479638014,-0.003110859728506788,-0.004022194202753905
research_universe_v1_2__cost_0,research_universe_v1_2,0.0,48,2025-03-19,2025-04-17,002230,科大讯飞,AI,0.017857142857142856,-0.11968031968031956,-0.002137148565719992,-0.00276323181424476
research_universe_v1_2__cost_0,research_universe_v1_2,0.0,48,2025-03-19,2025-04-17,002236,大华股份,AI,0.017857142857142856,-0.1806958473625141,-0.0032267115600448943,-0.004171985130618936
research_universe_v1_2__cost_0,research_universe_v1_2,0.0,48,2025-03-19,2025-04-17,002279,久其软件,AI,0.017857142857142856,-0.0817174515235457,-0.0014592402057776017,-0.0018867284314749123
research_universe_v1_2__cost_0,research_universe_v1_2,0.0,48,2025-03-19,2025-04-17,002315,焦点科技,AI,0.017857142857142856,-0.11927748364995328,-0.002129955065177737,-0.0027539309589495412
research_universe_v1_2__cost_0,research_universe_v1_2,0.0,48,2025-03-19,2025-04-17,002361,神剑股份,商业航天,0.017857142857142856,-0.1976911976911977,-0.0035301999587713873,-0.004564381247607051
research_universe_v1_2__cost_0,research_universe_v1_2,0.0,48,2025-03-19,2025-04-17,002373,千方科技,AI,0.017857142857142856,-0.19066534260178747,-0.0034047382607462046,-0.004402165217793719
research_universe_v1_2__cost_0,research_universe_v1_2,0.0,48,2025-03-19,2025-04-17,002396,星网锐捷,AI,0.017857142857142856,-0.1312189054726367,-0.002343194740582798,-0.003029639753644393
research_universe_v1_2__cost_0,research_universe_v1_2,0.0,48,2025-03-19,2025-04-17,002410,广联达,AI,0.017857142857142856,0.05075445816186552,0.0009063296100333129,0.001171841234066187
research_universe_v1_2__cost_0,research_universe_v1_2,0.0,48,2025-03-19,2025-04-17,002446,盛路通信,商业航天,0.017857142857142856,-0.15922619047619035,-0.0028433248299319703,-0.0036762842575959135
research_universe_v1_2__cost_0,research_universe_v1_2,0.0,48,2025-03-19,2025-04-17,002544,普天科技,商业航天,0.017857142857142856,-0.09028727770177836,-0.001612272816103185,-0.0020845923442844145
research_universe_v1_2__cost_0,research_universe_v1_2,0.0,48,2025-03-19,2025-04-17,002558,巨人网络,AI,0.017857142857142856,-0.17124183006535953,-0.003057889822595706,-0.003953706624698354
research_universe_v1_2__cost_0,research_universe_v1_2,0.0,48,2025-03-19,2025-04-17,002757,南兴股份,AI,0.017857142857142856,-0.20185185185185195,-0.003604497354497356,-0.0046604442592659365
research_universe_v1_2__cost_0,research_universe_v1_2,0.0,48,2025-03-19,2025-04-17,002792,通宇通讯,商业航天,0.017857142857142856,-0.18204488778054861,-0.0032508015675097963,-0.004203132368625754
research_universe_v1_2__cost_0,research_universe_v1_2,0.0,48,2025-03-19,2025-04-17,002881,美格智能,AI,0.017857142857142856,-0.16270459859703823,-0.0029054392606613967,-0.003756595272875017
research_universe_v1_2__cost_0,research_universe_v1_2,0.0,48,2025-03-19,2025-04-17,002929,润建股份,AI,0.017857142857142856,-0.28304258997328313,-0.005054331963808627,-0.006535011700248849
research_universe_v1_2__cost_0,research_universe_v1_2,0.0,48,2025-03-19,2025-04-17,002935,天奥电子,商业航天,0.017857142857142856,-0.18414481897627966,-0.0032883003388621363,-0.004251616502886663
research_universe_v1_2__cost_0,research_universe_v1_2,0.0,48,2025-03-19,2025-04-17,002987,京北方,AI,0.017857142857142856,-0.12425531914893628,-0.0022188449848024334,-0.002868861412457752
research_universe_v1_2__cost_0,research_universe_v1_2,0.0,48,2025-03-19,2025-04-17,300002,神州泰岳,AI,0.017857142857142856,-0.20498220640569398,-0.003660396542958821,-0.004732719260838018
research_universe_v1_2__cost_0,research_universe_v1_2,0.0,48,2025-03-19,2025-04-17,300017,网宿科技,AI,0.017857142857142856,-0.19212598425196847,-0.0034308211473565798,-0.00443588915409145
research_universe_v1_2__cost_0,research_universe_v1_2,0.0,48,2025-03-19,2025-04-17,300033,同花顺,AI,0.017857142857142856,-0.15616137590339407,-0.0027885959982748942,-0.0036055224719077337
research_universe_v1_2__cost_0,research_universe_v1_2,0.0,48,2025-03-19,2025-04-17,300047,天源迪科,AI,0.017857142857142856,-0.27166564228641676,-0.004851172183686013,-0.006272335732459659
research_universe_v1_2__cost_0,research_universe_v1_2,0.0,48,2025-03-19,2025-04-17,300058,蓝色光标,AI,0.017857142857142856,-0.20055325034578153,-0.003581308041888956,-0.004630461577023904
research_universe_v1_2__cost_0,research_universe_v1_2,0.0,48,2025-03-19,2025-04-17,300101,振芯科技,商业航天,0.017857142857142856,-0.20774818401937045,-0.0037097890003459006,-0.004796581367490265
research_universe_v1_2__cost_0,research_universe_v1_2,0.0,48,2025-03-19,2025-04-17,300113,顺网科技,AI,0.017857142857142856,-0.2038834951456311,-0.0036407766990291263,-0.00470735173243749
research_universe_v1_2__cost_0,research_universe_v1_2,0.0,48,2025-03-19,2025-04-17,300133,华策影视,AI,0.017857142857142856,-0.13846153846153852,-0.0024725274725274737,-0.0031968608468641428
research_universe_v1_2__cost_0,research_universe_v1_2,0.0,48,2025-03-19,2025-04-17,300170,汉得信息,AI,0.017857142857142856,-0.14887218045112782,-0.0026584317937701396,-0.0034372263240719713
research_universe_v1_2__cost_0,research_universe_v1_2,0.0,48,2025-03-19,2025-04-17,300182,捷成股份,AI,0.017857142857142856,-0.180064308681672,-0.0032154340836012857,-0.004157403888026249
research_universe_v1_2__cost_0,research_universe_v1_2,0.0,48,2025-03-19,2025-04-17,300339,润和软件,AI,0.017857142857142856,-0.20699900957411688,-0.0036964108852520867,-0.004779284098673859
research_universe_v1_2__cost_0,research_universe_v1_2,0.0,48,2025-03-19,2025-04-17,300348,长亮科技,AI,0.017857142857142856,-0.21628498727735368,-0.00386223191566703,-0.0049936828326051395
research_universe_v1_2__cost_0,research_universe_v1_2,0.0,48,2025-03-19,2025-04-17,300378,鼎捷数智,AI,0.017857142857142856,-0.06982408660351835,-0.001246858689348542,-0.0016121291956671692
research_universe_v1_2__cost_0,research_universe_v1_2,0.0,48,2025-03-19,2025-04-17,300413,芒果超媒,AI,0.017857142857142856,0.029180695847362603,0.0005210838544171893,0.0006737367291682773
research_universe_v1_2__cost_0,research_universe_v1_2,0.0,48,2025-03-19,2025-04-17,300454,深信服,AI,0.017857142857142856,-0.17888152366725796,-0.0031943129226296063,-0.004130095227839087
research_universe_v1_2__cost_0,research_universe_v1_2,0.0,48,2025-03-19,2025-04-17,300458,全志科技,AI,0.017857142857142856,-0.18923198733174984,-0.003379142630924104,-0.004369071281431727
research_universe_v1_2__cost_0,research_universe_v1_2,0.0,48,2025-03-19,2025-04-17,300496,中科创达,AI,0.017857142857142856,-0.23778252901649366,-0.004246116589580243,-0.00549002752336397
research_universe_v1_2__cost_0,research_universe_v1_2,0.0,48,2025-03-19,2025-04-17,300627,华测导航,商业航天,0.017857142857142856,-0.049344375431331966,-0.0008811495612737851,-0.0011392846243233725
research_universe_v1_2__cost_0,research_universe_v1_2,0.0,48,2025-03-19,2025-04-17,300629,新劲刚,商业航天,0.017857142857142856,-0.1297709923664122,-0.0023173391494002177,-0.002996209699563084
research_universe_v1_2__cost_0,research_universe_v1_2,0.0,48,2025-03-19,2025-04-17,300634,彩讯股份,AI,0.017857142857142856,-0.20876826722338204,-0.003728004771846108,-0.004820133496779615
research_universe_v1_2__cost_0,research_universe_v1_2,0.0,48,2025-03-19,2025-04-17,300674,宇信科技,AI,0.017857142857142856,-0.16485225505443224,-0.002943790268829147,-0.003806181308950046
research_universe_v1_2__cost_0,research_universe_v1_2,0.0,48,2025-03-19,2025-04-17,300857,协创数据,AI,0.017857142857142856,-0.2546602525556223,-0.004547504509921827,-0.005879707821343798
research_universe_v1_2__cost_0,research_universe_v1_2,0.0,48,2025-03-19,2025-04-17,300996,普联软件,AI,0.017857142857142856,-0.13228346456692908,-0.0023622047244094475,-0.003054218761833456
research_universe_v1_2__cost_0,research_universe_v1_2,0.0,48,2025-03-19,2025-04-17,301050,雷电微力,商业航天,0.017857142857142856,-0.12365884706310248,-0.0022081936975554012,-0.0028550898028206167
research_universe_v1_2__cost_0,research_universe_v1_2,0.0,48,2025-03-19,2025-04-17,301110,青木科技,AI,0.017857142857142856,-0.053478854024556655,-0.0009549795361527974,-0.001234743282978602
research_universe_v1_2__cost_0,research_universe_v1_2,0.0,48,2025-03-19,2025-04-17,301165,锐捷网络,AI,0.017857142857142856,-0.11887570912841672,-0.0021227805201502986,-0.002744654612236663
research_universe_v1_2__cost_0,research_universe_v1_2,0.0,48,2025-03-19,2025-04-17,301171,易点天下,AI,0.017857142857142856,-0.17095588235294124,-0.003052783613445379,-0.00394710453825444
research_universe_v1_2__cost_0,research_universe_v1_2,0.0,49,2025-04-17,2025-05-20,000063,中兴通讯,AI,0.017857142857142856,0.02596153846153837,0.00046359890109889945,0.0005625409401674526
research_universe_v1_2__cost_0,research_universe_v1_2,0.0,49,2025-04-17,2025-05-20,000681,视觉中国,AI,0.017857142857142856,0.11446740858505566,0.0020440608675902795,0.0024803076959158572
research_universe_v1_2__cost_0,research_universe_v1_2,0.0,49,2025-04-17,2025-05-20,000901,航天科技,商业航天,0.017857142857142856,0.13524185587364257,0.0024150331406007602,0.0029304534808620854
research_universe_v1_2__cost_0,research_universe_v1_2,0.0,49,2025-04-17,2025-05-20,000938,紫光股份,AI,0.017857142857142856,-0.01733870967741935,-0.00030961981566820265,-0.00037569938536870614
research_universe_v1_2__cost_0,research_universe_v1_2,0.0,49,2025-04-17,2025-05-20,000977,浪潮信息,AI,0.017857142857142856,0.07066836951894429,0.001261935169981148,0.0015312594470540568
research_universe_v1_2__cost_0,research_universe_v1_2,0.0,49,2025-04-17,2025-05-20,001208,华菱线缆,商业航天,0.017857142857142856,0.09494324045407643,0.0016954150081085076,0.002057253264351263
research_universe_v1_2__cost_0,research_universe_v1_2,0.0,49,2025-04-17,2025-05-20,002015,协鑫能科,AI,0.017857142857142856,0.052863436123347984,0.0009439899307740711,0.0011454578125778805
research_universe_v1_2__cost_0,research_universe_v1_2,0.0,49,2025-04-17,2025-05-20,002044,美年健康,AI,0.017857142857142856,0.001890359168241984,3.375641371860686e-05,4.096076298915903e-05
research_universe_v1_2__cost_0,research_universe_v1_2,0.0,49,2025-04-17,2025-05-20,002049,紫光国微,AI|商业航天,0.017857142857142856,-0.05602941176470588,-0.0010005252100840337,-0.001214058944073814
research_universe_v1_2__cost_0,research_universe_v1_2,0.0,49,2025-04-17,2025-05-20,002065,东华软件,AI,0.017857142857142856,0.044372294372294396,0.000792362399505257,0.0009614696844933573
research_universe_v1_2__cost_0,research_universe_v1_2,0.0,49,2025-04-17,2025-05-20,002131,利欧股份,AI,0.017857142857142856,0.197452229299363,0.0035259326660600538,0.004278443008020461
research_universe_v1_2__cost_0,research_universe_v1_2,0.0,49,2025-04-17,2025-05-20,002212,天融信,AI,0.017857142857142856,-0.005479452054794498,-9.784735812133032e-05,-0.00011873010203432784
research_universe_v1_2__cost_0,research_universe_v1_2,0.0,49,2025-04-17,2025-05-20,002230,科大讯飞,AI,0.017857142857142856,0.07149341806627318,0.0012766681797548782,0.00154913679997695
research_universe_v1_2__cost_0,research_universe_v1_2,0.0,49,2025-04-17,2025-05-20,002236,大华股份,AI,0.017857142857142856,0.043150684931506866,0.0007705479452054798,0.000934999553520336
research_universe_v1_2__cost_0,research_universe_v1_2,0.0,49,2025-04-17,2025-05-20,002279,久其软件,AI,0.017857142857142856,0.010558069381598756,0.00018853695324283493,0.0002287748195306997
research_universe_v1_2__cost_0,research_universe_v1_2,0.0,49,2025-04-17,2025-05-20,002315,焦点科技,AI,0.017857142857142856,0.09653465346534662,0.0017238330975954752,0.0020917363891815163
research_universe_v1_2__cost_0,research_universe_v1_2,0.0,49,2025-04-17,2025-05-20,002361,神剑股份,商业航天,0.017857142857142856,0.1762589928057554,0.003147482014388489,0.0038192227965538885
research_universe_v1_2__cost_0,research_universe_v1_2,0.0,49,2025-04-17,2025-05-20,002373,千方科技,AI,0.017857142857142856,0.1361963190184048,0.0024320771253286567,0.0029511350208103115
research_universe_v1_2__cost_0,research_universe_v1_2,0.0,49,2025-04-17,2025-05-20,002396,星网锐捷,AI,0.017857142857142856,0.07659269863994256,0.0013677267614275457,0.0016596292537404017
research_universe_v1_2__cost_0,research_universe_v1_2,0.0,49,2025-04-17,2025-05-20,002410,广联达,AI,0.017857142857142856,-0.10574412532637079,-0.001888287952256621,-0.0022912894690893717
research_universe_v1_2__cost_0,research_universe_v1_2,0.0,49,2025-04-17,2025-05-20,002446,盛路通信,商业航天,0.017857142857142856,0.18584070796460184,0.003318584070796461,0.00402684173492534
research_universe_v1_2__cost_0,research_universe_v1_2,0.0,49,2025-04-17,2025-05-20,002544,普天科技,商业航天,0.017857142857142856,0.11127819548872186,0.001987110633727176,0.002411203049584368
research_universe_v1_2__cost_0,research_universe_v1_2,0.0,49,2025-04-17,2025-05-20,002558,巨人网络,AI,0.017857142857142856,0.13249211356466883,0.002365930599369086,0.0028708713946155426
research_universe_v1_2__cost_0,research_universe_v1_2,0.0,49,2025-04-17,2025-05-20,002757,南兴股份,AI,0.017857142857142856,0.1357308584686776,0.002423765329797814,0.002941049308222735
research_universe_v1_2__cost_0,research_universe_v1_2,0.0,49,2025-04-17,2025-05-20,002792,通宇通讯,商业航天,0.017857142857142856,0.16463414634146334,0.0029398954703832737,0.003567332791305808
research_universe_v1_2__cost_0,research_universe_v1_2,0.0,49,2025-04-17,2025-05-20,002881,美格智能,AI,0.017857142857142856,0.08703746800093093,0.0015542405000166237,0.0018859490608222212
research_universe_v1_2__cost_0,research_universe_v1_2,0.0,49,2025-04-17,2025-05-20,002929,润建股份,AI,0.017857142857142856,0.13130206049978077,0.0023446796517817992,0.0028450850348833152
research_universe_v1_2__cost_0,research_universe_v1_2,0.0,49,2025-04-17,2025-05-20,002935,天奥电子,商业航天,0.017857142857142856,0.09334353481254776,0.0016668488359383527,0.0020225904527883076
research_universe_v1_2__cost_0,research_universe_v1_2,0.0,49,2025-04-17,2025-05-20,002987,京北方,AI,0.017857142857142856,0.020408163265306145,0.00036443148688046685,0.0004422090534952029
research_universe_v1_2__cost_0,research_universe_v1_2,0.0,49,2025-04-17,2025-05-20,300002,神州泰岳,AI,0.017857142857142856,-0.04655326768128909,-0.0008313083514515908,-0.0010087275454841306
research_universe_v1_2__cost_0,research_universe_v1_2,0.0,49,2025-04-17,2025-05-20,300017,网宿科技,AI,0.017857142857142856,0.06432748538011701,0.001148705096073518,0.0013938636247597326
research_universe_v1_2__cost_0,research_universe_v1_2,0.0,49,2025-04-17,2025-05-20,300033,同花顺,AI,0.017857142857142856,-0.015394622723330476,-0.0002749039772023299,-0.0003335744356265856
research_universe_v1_2__cost_0,research_universe_v1_2,0.0,49,2025-04-17,2025-05-20,300047,天源迪科,AI,0.017857142857142856,0.3443037974683545,0.006148282097649187,0.007460458563270961
research_universe_v1_2__cost_0,research_universe_v1_2,0.0,49,2025-04-17,2025-05-20,300058,蓝色光标,AI,0.017857142857142856,0.06401384083044981,0.0011431043005437466,0.001387067498247062
research_universe_v1_2__cost_0,research_universe_v1_2,0.0,49,2025-04-17,2025-05-20,300101,振芯科技,商业航天,0.017857142857142856,0.05623471882640607,0.001004191407614394,0.0012185075875038997
research_universe_v1_2__cost_0,research_universe_v1_2,0.0,49,2025-04-17,2025-05-20,300113,顺网科技,AI,0.017857142857142856,0.11498257839721249,0.0020532603285216516,0.002491470520911993
research_universe_v1_2__cost_0,research_universe_v1_2,0.0,49,2025-04-17,2025-05-20,300133,华策影视,AI,0.017857142857142856,0.02083333333333348,0.00037202380952381216,0.00045142174210968905
research_universe_v1_2__cost_0,research_universe_v1_2,0.0,49,2025-04-17,2025-05-20,300170,汉得信息,AI,0.017857142857142856,0.06360424028268552,0.0011357900050479556,0.0013781921737907015
research_universe_v1_2__cost_0,research_universe_v1_2,0.0,49,2025-04-17,2025-05-20,300182,捷成股份,AI,0.017857142857142856,0.045098039215686336,0.0008053221288515417,0.0009771953005668506
research_universe_v1_2__cost_0,research_universe_v1_2,0.0,49,2025-04-17,2025-05-20,300339,润和软件,AI,0.017857142857142856,0.10886761032472947,0.0019440644700844548,0.002358969902981174
research_universe_v1_2__cost_0,research_universe_v1_2,0.0,49,2025-04-17,2025-05-20,300348,长亮科技,AI,0.017857142857142856,0.045454545454545414,0.0008116883116883109,0.00098492016460295
research_universe_v1_2__cost_0,research_universe_v1_2,0.0,49,2025-04-17,2025-05-20,300378,鼎捷数智,AI,0.017857142857142856,0.011056153622345244,0.0001974313146847365,0.00023956743020310737
research_universe_v1_2__cost_0,research_universe_v1_2,0.0,49,2025-04-17,2025-05-20,300413,芒果超媒,AI,0.017857142857142856,-0.17157397310069078,-0.003063820948226621,-0.003717706648214122
research_universe_v1_2__cost_0,research_universe_v1_2,0.0,49,2025-04-17,2025-05-20,300454,深信服,AI,0.017857142857142856,0.04479818078453657,0.0007999675140095815,0.0009706978950288071
research_universe_v1_2__cost_0,research_universe_v1_2,0.0,49,2025-04-17,2025-05-20,300458,全志科技,AI,0.017857142857142856,0.08170572916666652,0.0014590308779761877,0.0017704196448364207
research_universe_v1_2__cost_0,research_universe_v1_2,0.0,49,2025-04-17,2025-05-20,300496,中科创达,AI,0.017857142857142856,0.12242035664195572,0.0021860777971777806,0.0026526341119200336
research_universe_v1_2__cost_0,research_universe_v1_2,0.0,49,2025-04-17,2025-05-20,300627,华测导航,商业航天,0.017857142857142856,0.08566243194192369,0.0015296862846772086,0.0018561544445076282
research_universe_v1_2__cost_0,research_universe_v1_2,0.0,49,2025-04-17,2025-05-20,300629,新劲刚,商业航天,0.017857142857142856,0.02786377708978338,0.0004975674480318461,0.0006037591101900464
research_universe_v1_2__cost_0,research_universe_v1_2,0.0,49,2025-04-17,2025-05-20,300634,彩讯股份,AI,0.017857142857142856,0.09234828496042224,0.0016490765171503971,0.0020010251365284244
research_universe_v1_2__cost_0,research_universe_v1_2,0.0,49,2025-04-17,2025-05-20,300674,宇信科技,AI,0.017857142857142856,0.022346368715083775,0.0003990422984836388,0.0004842065613690479
research_universe_v1_2__cost_0,research_universe_v1_2,0.0,49,2025-04-17,2025-05-20,300857,协创数据,AI,0.017857142857142856,0.08632513110125051,0.0015415201982366161,0.0018705139713395293
research_universe_v1_2__cost_0,research_universe_v1_2,0.0,49,2025-04-17,2025-05-20,300996,普联软件,AI,0.017857142857142856,-0.03901996370235927,-0.0006967850661135584,-0.000845494079595635
research_universe_v1_2__cost_0,research_universe_v1_2,0.0,49,2025-04-17,2025-05-20,301050,雷电微力,商业航天,0.017857142857142856,0.046897696617555606,0.0008374588681706358,0.0010161907155853667
research_universe_v1_2__cost_0,research_universe_v1_2,0.0,49,2025-04-17,2025-05-20,301110,青木科技,AI,0.017857142857142856,0.04669933698472195,0.0008339167318700348,0.0010118926107365023
research_universe_v1_2__cost_0,research_universe_v1_2,0.0,49,2025-04-17,2025-05-20,301165,锐捷网络,AI,0.017857142857142856,0.012876792508047963,0.00022994272335799933,0.0002790174771248622
research_universe_v1_2__cost_0,research_universe_v1_2,0.0,49,2025-04-17,2025-05-20,301171,易点天下,AI,0.017857142857142856,0.10809312638580937,0.0019302343997465957,0.0023421881963118967
research_universe_v1_2__cost_0,research_universe_v1_2,0.0,50,2025-05-20,2025-06-18,000063,中兴通讯,AI,0.017857142857142856,-0.015620118712902142,-0.00027893069130182393,-0.0003322591909469581
research_universe_v1_2__cost_0,research_universe_v1_2,0.0,50,2025-05-20,2025-06-18,000681,视觉中国,AI,0.017857142857142856,-0.060865430337612936,-0.0010868826846002308,-0.0012946827749720962
research_universe_v1_2__cost_0,research_universe_v1_2,0.0,50,2025-05-20,2025-06-18,000901,航天科技,商业航天,0.017857142857142856,-0.009565217391304337,-0.00017080745341614887,-0.00020346397169449367
research_universe_v1_2__cost_0,research_universe_v1_2,0.0,50,2025-05-20,2025-06-18,000938,紫光股份,AI,0.017857142857142856,-0.05457529749692247,-0.0009745588838736155,-0.0011608838911729346
research_universe_v1_2__cost_0,research_universe_v1_2,0.0,50,2025-05-20,2025-06-18,000977,浪潮信息,AI,0.017857142857142856,-0.02644135188866792,-0.0004721669980119271,-0.0005624401675523722
research_universe_v1_2__cost_0,research_universe_v1_2,0.0,50,2025-05-20,2025-06-18,001208,华菱线缆,商业航天,0.017857142857142856,-0.03393025447690856,-0.0006058974013733671,-0.0007217383624498367
research_universe_v1_2__cost_0,research_universe_v1_2,0.0,50,2025-05-20,2025-06-18,002015,协鑫能科,AI,0.017857142857142856,0.7852161785216181,0.014021717473600322,0.016702516606263484
research_universe_v1_2__cost_0,research_universe_v1_2,0.0,50,2025-05-20,2025-06-18,002044,美年健康,AI,0.017857142857142856,-0.05471698113207546,-0.0009770889487870618,-0.0011638976768458612
research_universe_v1_2__cost_0,research_universe_v1_2,0.0,50,2025-05-20,2025-06-18,002049,紫光国微,AI|商业航天,0.017857142857142856,-0.026795451004829385,-0.00047849019651481043,-0.0005699722925005432
research_universe_v1_2__cost_0,research_universe_v1_2,0.0,50,2025-05-20,2025-06-18,002065,东华软件,AI,0.017857142857142856,-0.07461139896373059,-0.0013323464100666177,-0.0015870764819881395
research_universe_v1_2__cost_0,research_universe_v1_2,0.0,50,2025-05-20,2025-06-18,002131,利欧股份,AI,0.017857142857142856,-0.11170212765957444,-0.001994680851063829,-0.0023760420292176145
research_universe_v1_2__cost_0,research_universe_v1_2,0.0,50,2025-05-20,2025-06-18,002212,天融信,AI,0.017857142857142856,-0.02754820936639124,-0.0004919323101141293,-0.0005859843913064575
research_universe_v1_2__cost_0,research_universe_v1_2,0.0,50,2025-05-20,2025-06-18,002230,科大讯飞,AI,0.017857142857142856,0.008049142130904574,0.00014373468090901024,0.00017121518097185686
research_universe_v1_2__cost_0,research_universe_v1_2,0.0,50,2025-05-20,2025-06-18,002236,大华股份,AI,0.017857142857142856,-0.014445173998686833,-0.0002579495356908363,-0.0003072666676935896
research_universe_v1_2__cost_0,research_universe_v1_2,0.0,50,2025-05-20,2025-06-18,002279,久其软件,AI,0.017857142857142856,-0.05373134328358209,-0.0009594882729211087,-0.001142931944118324
research_universe_v1_2__cost_0,research_universe_v1_2,0.0,50,2025-05-20,2025-06-18,002315,焦点科技,AI,0.017857142857142856,-0.013866494679135921,-0.00024761597641314144,-0.0002949574448211087
research_universe_v1_2__cost_0,research_universe_v1_2,0.0,50,2025-05-20,2025-06-18,002361,神剑股份,商业航天,0.017857142857142856,-0.10397553516819569,-0.0018567059851463514,-0.002211687876912624
research_universe_v1_2__cost_0,research_universe_v1_2,0.0,50,2025-05-20,2025-06-18,002373,千方科技,AI,0.017857142857142856,-0.04427645788336931,-0.0007906510336315949,-0.0009418148699583137
research_universe_v1_2__cost_0,research_universe_v1_2,0.0,50,2025-05-20,2025-06-18,002396,星网锐捷,AI,0.017857142857142856,0.03656914893617036,0.0006530205167173278,0.0007778709024224365
research_universe_v1_2__cost_0,research_universe_v1_2,0.0,50,2025-05-20,2025-06-18,002410,广联达,AI,0.017857142857142856,-0.04744525547445244,-0.0008472367049009364,-0.0010092191031296205
research_universe_v1_2__cost_0,research_universe_v1_2,0.0,50,2025-05-20,2025-06-18,002446,盛路通信,商业航天,0.017857142857142856,0.040298507462686484,0.00071961620469083,0.0008571989580887411
research_universe_v1_2__cost_0,research_universe_v1_2,0.0,50,2025-05-20,2025-06-18,002544,普天科技,商业航天,0.017857142857142856,0.010374379792512212,0.00018525678200914664,0.00022067585399267086
research_universe_v1_2__cost_0,research_universe_v1_2,0.0,50,2025-05-20,2025-06-18,002558,巨人网络,AI,0.017857142857142856,0.42827298050139295,0.0076477317946677306,0.009109894529053614
research_universe_v1_2__cost_0,research_universe_v1_2,0.0,50,2025-05-20,2025-06-18,002757,南兴股份,AI,0.017857142857142856,-0.10061287027579158,-0.0017966583977819923,-0.0021401598471254327
research_universe_v1_2__cost_0,research_universe_v1_2,0.0,50,2025-05-20,2025-06-18,002792,通宇通讯,商业航天,0.017857142857142856,-0.04712041884816742,-0.0008414360508601325,-0.0010023094274336061
research_universe_v1_2__cost_0,research_universe_v1_2,0.0,50,2025-05-20,2025-06-18,002881,美格智能,AI,0.017857142857142856,-0.0633697281096125,-0.0011316022876716517,-0.0013479522773944788
research_universe_v1_2__cost_0,research_universe_v1_2,0.0,50,2025-05-20,2025-06-18,002929,润建股份,AI,0.017857142857142856,-0.09862429761674085,-0.0017611481717275152,-0.002097860453953108
research_universe_v1_2__cost_0,research_universe_v1_2,0.0,50,2025-05-20,2025-06-18,002935,天奥电子,商业航天,0.017857142857142856,0.05528341497550748,0.0009872038388483479,0.0011759464233376687
research_universe_v1_2__cost_0,research_universe_v1_2,0.0,50,2025-05-20,2025-06-18,002987,京北方,AI,0.017857142857142856,0.19904761904761914,0.0035544217687074843,0.004233988363356851
research_universe_v1_2__cost_0,research_universe_v1_2,0.0,50,2025-05-20,2025-06-18,300002,神州泰岳,AI,0.017857142857142856,0.031924882629107865,0.0005700871898054975,0.0006790816298126063
research_universe_v1_2__cost_0,research_universe_v1_2,0.0,50,2025-05-20,2025-06-18,300017,网宿科技,AI,0.017857142857142856,-0.08241758241758246,-0.0014717425431711151,-0.001753123632232778
research_universe_v1_2__cost_0,research_universe_v1_2,0.0,50,2025-05-20,2025-06-18,300033,同花顺,AI,0.017857142857142856,-0.03391323497027088,-0.00060559348161198,-0.0007213763365517184
research_universe_v1_2__cost_0,research_universe_v1_2,0.0,50,2025-05-20,2025-06-18,300047,天源迪科,AI,0.017857142857142856,-0.0671688637790333,-0.0011994439960541661,-0.001428764578953803
research_universe_v1_2__cost_0,research_universe_v1_2,0.0,50,2025-05-20,2025-06-18,300058,蓝色光标,AI,0.017857142857142856,0.04552845528455274,0.0008130081300812989,0.0009684463989006191
research_universe_v1_2__cost_0,research_universe_v1_2,0.0,50,2025-05-20,2025-06-18,300101,振芯科技,商业航天,0.017857142857142856,0.2251157407407407,0.004019923941798941,0.004788489464306178
research_universe_v1_2__cost_0,research_universe_v1_2,0.0,50,2025-05-20,2025-06-18,300113,顺网科技,AI,0.017857142857142856,-0.047395833333333304,-0.000846354166666666,-0.001008167833230529
research_universe_v1_2__cost_0,research_universe_v1_2,0.0,50,2025-05-20,2025-06-18,300133,华策影视,AI,0.017857142857142856,0.042274052478134205,0.0007548937942523965,0.0008992212372132768
research_universe_v1_2__cost_0,research_universe_v1_2,0.0,50,2025-05-20,2025-06-18,300170,汉得信息,AI,0.017857142857142856,-0.08139534883720922,-0.0014534883720930217,-0.0017313794631508184
research_universe_v1_2__cost_0,research_universe_v1_2,0.0,50,2025-05-20,2025-06-18,300182,捷成股份,AI,0.017857142857142856,0.0037523452157597337,6.70061645671381e-05,7.98170108984004e-05
research_universe_v1_2__cost_0,research_universe_v1_2,0.0,50,2025-05-20,2025-06-18,300339,润和软件,AI,0.017857142857142856,-0.0672048057067769,-0.0012000858161924444,-0.0014295291080878415
research_universe_v1_2__cost_0,research_universe_v1_2,0.0,50,2025-05-20,2025-06-18,300348,长亮科技,AI,0.017857142857142856,0.2026397515527949,0.0036185669920141945,0.004310397452294065
research_universe_v1_2__cost_0,research_universe_v1_2,0.0,50,2025-05-20,2025-06-18,300378,鼎捷数智,AI,0.017857142857142856,-0.024460431654676262,-0.00043679342240493323,-0.0005203035508995888
research_universe_v1_2__cost_0,research_universe_v1_2,0.0,50,2025-05-20,2025-06-18,300413,芒果超媒,AI,0.017857142857142856,-0.08073716542343135,-0.0014417350968469883,-0.0017173790901334285
research_universe_v1_2__cost_0,research_universe_v1_2,0.0,50,2025-05-20,2025-06-18,300454,深信服,AI,0.017857142857142856,-0.012188486233540186,-0.00021765153988464615,-0.0002592641355202465
research_universe_v1_2__cost_0,research_universe_v1_2,0.0,50,2025-05-20,2025-06-18,300458,全志科技,AI,0.017857142857142856,-0.026482094492927932,-0.0004728945445165702,-0.000563306812997091
research_universe_v1_2__cost_0,research_universe_v1_2,0.0,50,2025-05-20,2025-06-18,300496,中科创达,AI,0.017857142857142856,-0.010531952873973682,-0.00018807058703524432,-0.00022402762778669217
research_universe_v1_2__cost_0,research_universe_v1_2,0.0,50,2025-05-20,2025-06-18,300627,华测导航,商业航天,0.017857142857142856,0.06954195921096606,0.0012418207001958226,0.0014792432457774178
research_universe_v1_2__cost_0,research_universe_v1_2,0.0,50,2025-05-20,2025-06-18,300629,新劲刚,商业航天,0.017857142857142856,0.03614457831325302,0.0006454388984509467,0.0007688397616057
research_universe_v1_2__cost_0,research_universe_v1_2,0.0,50,2025-05-20,2025-06-18,300634,彩讯股份,AI,0.017857142857142856,0.04347826086956519,0.0007763975155279497,0.0009248362349749716
research_universe_v1_2__cost_0,research_universe_v1_2,0.0,50,2025-05-20,2025-06-18,300674,宇信科技,AI,0.017857142857142856,0.19854280510018207,0.0035454072339318227,0.004223250348055109
research_universe_v1_2__cost_0,research_universe_v1_2,0.0,50,2025-05-20,2025-06-18,300857,协创数据,AI,0.017857142857142856,0.09357593761604166,0.0016709988860007438,0.0019904756100686755
research_universe_v1_2__cost_0,research_universe_v1_2,0.0,50,2025-05-20,2025-06-18,300996,普联软件,AI,0.017857142857142856,-0.05193578847969793,-0.0009274247942803202,-0.0011047382787944687
research_universe_v1_2__cost_0,research_universe_v1_2,0.0,50,2025-05-20,2025-06-18,301050,雷电微力,商业航天,0.017857142857142856,0.006541129831516335,0.00011680588984850597,0.00013913789937482695
research_universe_v1_2__cost_0,research_universe_v1_2,0.0,50,2025-05-20,2025-06-18,301110,青木科技,AI,0.017857142857142856,0.12310658220875781,0.0021983318251563894,0.002618628843783443
research_universe_v1_2__cost_0,research_universe_v1_2,0.0,50,2025-05-20,2025-06-18,301165,锐捷网络,AI,0.017857142857142856,0.04709621496677263,0.0008410038386923684,0.0010017945810231646
research_universe_v1_2__cost_0,research_universe_v1_2,0.0,50,2025-05-20,2025-06-18,301171,易点天下,AI,0.017857142857142856,-0.017508754377188462,-0.00031265632816407965,-0.0003724328009779125
research_universe_v1_2__cost_0,research_universe_v1_2,0.0,51,2025-06-18,2025-07-16,000063,中兴通讯,AI,0.017857142857142856,0.054903205331640725,0.0009804143809221558,0.0010762617506280647
research_universe_v1_2__cost_0,research_universe_v1_2,0.0,51,2025-06-18,2025-07-16,000681,视觉中国,AI,0.017857142857142856,0.025316455696202445,0.00045207956600361505,0.0004962758141843889
research_universe_v1_2__cost_0,research_universe_v1_2,0.0,51,2025-06-18,2025-07-16,000901,航天科技,商业航天,0.017857142857142856,0.08955223880597019,0.0015991471215351819,0.0017554831039059795
research_universe_v1_2__cost_0,research_universe_v1_2,0.0,51,2025-06-18,2025-07-16,000938,紫光股份,AI,0.017857142857142856,0.06814236111111116,0.0012168278769841279,0.0013357875267641062
research_universe_v1_2__cost_0,research_universe_v1_2,0.0,51,2025-06-18,2025-07-16,000977,浪潮信息,AI,0.017857142857142856,0.11272207473963647,0.0020128941917792226,0.002209678957009689
research_universe_v1_2__cost_0,research_universe_v1_2,0.0,51,2025-06-18,2025-07-16,001208,华菱线缆,商业航天,0.017857142857142856,0.08585365853658544,0.0015331010452961685,0.0016829802244926275
research_universe_v1_2__cost_0,research_universe_v1_2,0.0,51,2025-06-18,2025-07-16,002015,协鑫能科,AI,0.017857142857142856,-0.028906250000000022,-0.000516183035714286,-0.0005666461737738182
research_universe_v1_2__cost_0,research_universe_v1_2,0.0,51,2025-06-18,2025-07-16,002044,美年健康,AI,0.017857142857142856,0.017964071856287456,0.0003207869974337046,0.00035214780826856517
research_universe_v1_2__cost_0,research_universe_v1_2,0.0,51,2025-06-18,2025-07-16,002049,紫光国微,AI|商业航天,0.017857142857142856,0.05858812229870325,0.0010462164696197008,0.0011484967897652822
research_universe_v1_2__cost_0,research_universe_v1_2,0.0,51,2025-06-18,2025-07-16,002065,东华软件,AI,0.017857142857142856,0.044792833146696465,0.0007998720204767225,0.0008780691897103426
research_universe_v1_2__cost_0,research_universe_v1_2,0.0,51,2025-06-18,2025-07-16,002131,利欧股份,AI,0.017857142857142856,0.11976047904191622,0.002138579982891361,0.002347652055123765
research_universe_v1_2__cost_0,research_universe_v1_2,0.0,51,2025-06-18,2025-07-16,002212,天融信,AI,0.017857142857142856,0.16855524079320117,0.003009915014164306,0.0033041706297078305
research_universe_v1_2__cost_0,research_universe_v1_2,0.0,51,2025-06-18,2025-07-16,002230,科大讯飞,AI,0.017857142857142856,-0.010716537087623546,-0.0001913667337075633,-0.0002100751476517049
research_universe_v1_2__cost_0,research_universe_v1_2,0.0,51,2025-06-18,2025-07-16,002236,大华股份,AI,0.017857142857142856,0.03997335109926703,0.0007138098410583398,0.0007835933908174564
research_universe_v1_2__cost_0,research_universe_v1_2,0.0,51,2025-06-18,2025-07-16,002279,久其软件,AI,0.017857142857142856,0.11356466876971605,0.002027940513744929,0.002226196239022723
research_universe_v1_2__cost_0,research_universe_v1_2,0.0,51,2025-06-18,2025-07-16,002315,焦点科技,AI,0.017857142857142856,0.25506867233485964,0.00455479772026535,0.005000084314918603
research_universe_v1_2__cost_0,research_universe_v1_2,0.0,51,2025-06-18,2025-07-16,002361,神剑股份,商业航天,0.017857142857142856,0.06143344709897591,0.0010970258410531411,0.0012042733920993192
research_universe_v1_2__cost_0,research_universe_v1_2,0.0,51,2025-06-18,2025-07-16,002373,千方科技,AI,0.017857142857142856,0.1209039548022599,0.0021589991928974983,0.0023700674900003697
research_universe_v1_2__cost_0,research_universe_v1_2,0.0,51,2025-06-18,2025-07-16,002396,星网锐捷,AI,0.017857142857142856,0.22835150737652343,0.00407770548886649,0.004476350544618923
research_universe_v1_2__cost_0,research_universe_v1_2,0.0,51,2025-06-18,2025-07-16,002410,广联达,AI,0.017857142857142856,0.024521072796934718,0.00043787629994526277,0.00048068400699545277
research_universe_v1_2__cost_0,research_universe_v1_2,0.0,51,2025-06-18,2025-07-16,002446,盛路通信,商业航天,0.017857142857142856,-0.0028694404591104172,-5.12400081984003e-05,-5.6249339053896825e-05
research_universe_v1_2__cost_0,research_universe_v1_2,0.0,51,2025-06-18,2025-07-16,002544,普天科技,商业航天,0.017857142857142856,-0.010714285714285676,-0.0001913265306122442,-0.0002100310142173217
research_universe_v1_2__cost_0,research_universe_v1_2,0.0,51,2025-06-18,2025-07-16,002558,巨人网络,AI,0.017857142857142856,0.20136518771331047,0.0035958069234519724,0.003947340562992224
research_universe_v1_2__cost_0,research_universe_v1_2,0.0,51,2025-06-18,2025-07-16,002757,南兴股份,AI,0.017857142857142856,0.004542873367404887,8.11227387036587e-05,8.905346807624506e-05
research_universe_v1_2__cost_0,research_universe_v1_2,0.0,51,2025-06-18,2025-07-16,002792,通宇通讯,商业航天,0.017857142857142856,0.07005494505494503,0.001250981161695447,0.0013732797083440308
research_universe_v1_2__cost_0,research_universe_v1_2,0.0,51,2025-06-18,2025-07-16,002881,美格智能,AI,0.017857142857142856,0.01897142857142864,0.00033877551020408285,0.00037189491584080695
research_universe_v1_2__cost_0,research_universe_v1_2,0.0,51,2025-06-18,2025-07-16,002929,润建股份,AI,0.017857142857142856,0.025365434221840122,0.0004529541825328593,0.0004972359350630803
research_universe_v1_2__cost_0,research_universe_v1_2,0.0,51,2025-06-18,2025-07-16,002935,天奥电子,商业航天,0.017857142857142856,0.022546419098143256,0.0004026146267525581,0.0004419750785475047
research_universe_v1_2__cost_0,research_universe_v1_2,0.0,51,2025-06-18,2025-07-16,002987,京北方,AI,0.017857142857142856,0.4567116759332803,0.008155565641665719,0.008952870873441595
research_universe_v1_2__cost_0,research_universe_v1_2,0.0,51,2025-06-18,2025-07-16,300002,神州泰岳,AI,0.017857142857142856,0.15104640582347595,0.0026972572468477846,0.00296094678217202
research_universe_v1_2__cost_0,research_universe_v1_2,0.0,51,2025-06-18,2025-07-16,300017,网宿科技,AI,0.017857142857142856,0.04091816367265477,0.0007306814941545495,0.0008021144521672876
research_universe_v1_2__cost_0,research_universe_v1_2,0.0,51,2025-06-18,2025-07-16,300033,同花顺,AI,0.017857142857142856,0.100581262821974,0.0017960939789638212,0.001971683899897438
research_universe_v1_2__cost_0,research_universe_v1_2,0.0,51,2025-06-18,2025-07-16,300047,天源迪科,AI,0.017857142857142856,0.060565275908479155,0.0010815227840799849,0.0011872547237049185
research_universe_v1_2__cost_0,research_universe_v1_2,0.0,51,2025-06-18,2025-07-16,300058,蓝色光标,AI,0.017857142857142856,0.031104199066874116,0.0005554321261941807,0.0006097323378004195
research_universe_v1_2__cost_0,research_universe_v1_2,0.0,51,2025-06-18,2025-07-16,300101,振芯科技,商业航天,0.017857142857142856,0.025980160604629043,0.0004639314393683758,0.0005092863515897886
research_universe_v1_2__cost_0,research_universe_v1_2,0.0,51,2025-06-18,2025-07-16,300113,顺网科技,AI,0.017857142857142856,0.11481683980317126,0.0020503007107709153,0.0022507424158882037
research_universe_v1_2__cost_0,research_universe_v1_2,0.0,51,2025-06-18,2025-07-16,300133,华策影视,AI,0.017857142857142856,0.06013986013986017,0.0010739260739260745,0.0011789153432058572
research_universe_v1_2__cost_0,research_universe_v1_2,0.0,51,2025-06-18,2025-07-16,300170,汉得信息,AI,0.017857142857142856,0.09644364074743828,0.001722207870489969,0.001890574530226251
research_universe_v1_2__cost_0,research_universe_v1_2,0.0,51,2025-06-18,2025-07-16,300182,捷成股份,AI,0.017857142857142856,0.04485981308411224,0.0008010680907877185,0.0008793821903678565
research_universe_v1_2__cost_0,research_universe_v1_2,0.0,51,2025-06-18,2025-07-16,300339,润和软件,AI,0.017857142857142856,0.011471120949889224,0.00020484144553373614,0.00022486717561604884
research_universe_v1_2__cost_0,research_universe_v1_2,0.0,51,2025-06-18,2025-07-16,300348,长亮科技,AI,0.017857142857142856,0.2569399612653325,0.0045882135940237935,0.005036766994701616
research_universe_v1_2__cost_0,research_universe_v1_2,0.0,51,2025-06-18,2025-07-16,300378,鼎捷数智,AI,0.017857142857142856,0.34365781710914445,0.006136746734091865,0.006736687987973507
research_universe_v1_2__cost_0,research_universe_v1_2,0.0,51,2025-06-18,2025-07-16,300413,芒果超媒,AI,0.017857142857142856,0.015274463007159955,0.00027275826798499916,0.0002994236893217526
research_universe_v1_2__cost_0,research_universe_v1_2,0.0,51,2025-06-18,2025-07-16,300454,深信服,AI,0.017857142857142856,0.044287760273218124,0.0007908528620217521,0.00086816829937578
research_universe_v1_2__cost_0,research_universe_v1_2,0.0,51,2025-06-18,2025-07-16,300458,全志科技,AI,0.017857142857142856,-0.0030911901081916993,-5.519982336056606e-05,-6.0596274065792014e-05
research_universe_v1_2__cost_0,research_universe_v1_2,0.0,51,2025-06-18,2025-07-16,300496,中科创达,AI,0.017857142857142856,0.015334656323290563,0.00027383314863018863,0.0003006036525571141
research_universe_v1_2__cost_0,research_universe_v1_2,0.0,51,2025-06-18,2025-07-16,300627,华测导航,商业航天,0.017857142857142856,0.043451078462019455,0.0007759121153932045,0.0008517669139666774
research_universe_v1_2__cost_0,research_universe_v1_2,0.0,51,2025-06-18,2025-07-16,300629,新劲刚,商业航天,0.017857142857142856,0.009689922480620172,0.0001730343300110745,0.00018995052965390953
research_universe_v1_2__cost_0,research_universe_v1_2,0.0,51,2025-06-18,2025-07-16,300634,彩讯股份,AI,0.017857142857142856,0.06365740740740744,0.0011367394179894186,0.001247869451754154
research_universe_v1_2__cost_0,research_universe_v1_2,0.0,51,2025-06-18,2025-07-16,300674,宇信科技,AI,0.017857142857142856,0.09498480243161089,0.0016961571862787659,0.0018619770763947014
research_universe_v1_2__cost_0,research_universe_v1_2,0.0,51,2025-06-18,2025-07-16,300857,协创数据,AI,0.017857142857142856,-0.00882852292020364,-0.00015765219500363644,-0.0001730646048106498
research_universe_v1_2__cost_0,research_universe_v1_2,0.0,51,2025-06-18,2025-07-16,300996,普联软件,AI,0.017857142857142856,0.47908366533864544,0.008555065452475811,0.009391426625095945
research_universe_v1_2__cost_0,research_universe_v1_2,0.0,51,2025-06-18,2025-07-16,301050,雷电微力,商业航天,0.017857142857142856,-0.0013784954706577146,-2.461599054745919e-05,-2.7022501500981005e-05
research_universe_v1_2__cost_0,research_universe_v1_2,0.0,51,2025-06-18,2025-07-16,301110,青木科技,AI,0.017857142857142856,-0.05787150564001964,-0.0010334197435717793,-0.0011344490288933034
research_universe_v1_2__cost_0,research_universe_v1_2,0.0,51,2025-06-18,2025-07-16,301165,锐捷网络,AI,0.017857142857142856,0.23951434878587197,0.004277041942604857,0.004695174548875833
research_universe_v1_2__cost_0,research_universe_v1_2,0.0,51,2025-06-18,2025-07-16,301171,易点天下,AI,0.017857142857142856,0.05702647657841142,0.001018329938900204,0.0011178840132137194
research_universe_v1_2__cost_0,research_universe_v1_2,0.0,52,2025-07-16,2025-08-13,000063,中兴通讯,AI,0.017857142857142856,0.0679903730445246,0.0012141138043665106,0.0012364923836045102
research_universe_v1_2__cost_0,research_universe_v1_2,0.0,52,2025-07-16,2025-08-13,000681,视觉中国,AI,0.017857142857142856,0.028641975308641987,0.0005114638447971783,0.0005208911605372688
research_universe_v1_2__cost_0,research_universe_v1_2,0.0,52,2025-07-16,2025-08-13,000901,航天科技,商业航天,0.017857142857142856,0.6970185334407735,0.012446759525728096,0.012676178541722373
research_universe_v1_2__cost_0,research_universe_v1_2,0.0,52,2025-07-16,2025-08-13,000938,紫光股份,AI,0.017857142857142856,0.026818366517675774,0.00047889940210135305,0.0004877264891325788
research_universe_v1_2__cost_0,research_universe_v1_2,0.0,52,2025-07-16,2025-08-13,000977,浪潮信息,AI,0.017857142857142856,0.07102220590934105,0.0012682536769525188,0.0012916301638201358
research_universe_v1_2__cost_0,research_universe_v1_2,0.0,52,2025-07-16,2025-08-13,001208,华菱线缆,商业航天,0.017857142857142856,0.16352201257861632,0.0029200359389038627,0.002973858122130469
research_universe_v1_2__cost_0,research_universe_v1_2,0.0,52,2025-07-16,2025-08-13,002015,协鑫能科,AI,0.017857142857142856,-0.06918744971842317,-0.0012354901735432708,-0.001258262762609445
research_universe_v1_2__cost_0,research_universe_v1_2,0.0,52,2025-07-16,2025-08-13,002044,美年健康,AI,0.017857142857142856,0.027450980392156987,0.0004901960784313747,0.0004992313861133074
research_universe_v1_2__cost_0,research_universe_v1_2,0.0,52,2025-07-16,2025-08-13,002049,紫光国微,AI|商业航天,0.017857142857142856,0.1338273098442464,0.0023897733900758284,0.002433821759329466
research_universe_v1_2__cost_0,research_universe_v1_2,0.0,52,2025-07-16,2025-08-13,002065,东华软件,AI,0.017857142857142856,0.022508038585209,0.0004019292604501607,0.0004093376317006199
research_universe_v1_2__cost_0,research_universe_v1_2,0.0,52,2025-07-16,2025-08-13,002131,利欧股份,AI,0.017857142857142856,0.08021390374331538,0.0014323911382734889,0.0014587930113700452
research_universe_v1_2__cost_0,research_universe_v1_2,0.0,52,2025-07-16,2025-08-13,002212,天融信,AI,0.017857142857142856,-0.038787878787878816,-0.0006926406926406931,-0.0007054074650536057
research_universe_v1_2__cost_0,research_universe_v1_2,0.0,52,2025-07-16,2025-08-13,002230,科大讯飞,AI,0.017857142857142856,0.03887000849617661,0.0006941072945745823,0.0007069010994349229
research_universe_v1_2__cost_0,research_universe_v1_2,0.0,52,2025-07-16,2025-08-13,002236,大华股份,AI,0.017857142857142856,0.04099935938500954,0.000732131417589456,0.0007456260841373776
research_universe_v1_2__cost_0,research_universe_v1_2,0.0,52,2025-07-16,2025-08-13,002279,久其软件,AI,0.017857142857142856,0.026912181303116123,0.0004805746661270736,0.0004894326316711779
research_universe_v1_2__cost_0,research_universe_v1_2,0.0,52,2025-07-16,2025-08-13,002315,焦点科技,AI,0.017857142857142856,-0.01875977071391366,-0.000334995905605601,-0.0003411705594074429
research_universe_v1_2__cost_0,research_universe_v1_2,0.0,52,2025-07-16,2025-08-13,002361,神剑股份,商业航天,0.017857142857142856,0.19774919614147923,0.0035312356453835575,0.003596323478512592
research_universe_v1_2__cost_0,research_universe_v1_2,0.0,52,2025-07-16,2025-08-13,002373,千方科技,AI,0.017857142857142856,0.157258064516129,0.0028081797235023033,0.002859940169871439
research_universe_v1_2__cost_0,research_universe_v1_2,0.0,52,2025-07-16,2025-08-13,002396,星网锐捷,AI,0.017857142857142856,0.2088772845953002,0.0037299515106303605,0.0037987020800863192
research_universe_v1_2__cost_0,research_universe_v1_2,0.0,52,2025-07-16,2025-08-13,002410,广联达,AI,0.017857142857142856,-0.025430067314884064,-0.00045410834490864396,-0.0004624784824876968
research_universe_v1_2__cost_0,research_universe_v1_2,0.0,52,2025-07-16,2025-08-13,002446,盛路通信,商业航天,0.017857142857142856,0.12374100719424441,0.0022096608427543646,0.002250389372551853
research_universe_v1_2__cost_0,research_universe_v1_2,0.0,52,2025-07-16,2025-08-13,002544,普天科技,商业航天,0.017857142857142856,0.08438628158844774,0.0015068978855079954,0.001534673069031265
research_universe_v1_2__cost_0,research_universe_v1_2,0.0,52,2025-07-16,2025-08-13,002558,巨人网络,AI,0.017857142857142856,0.14326298701298712,0.0025582676252319126,0.002605421684890375
research_universe_v1_2__cost_0,research_universe_v1_2,0.0,52,2025-07-16,2025-08-13,002757,南兴股份,AI,0.017857142857142856,0.15149802148106262,0.0027053218121618323,0.0027551863786629445
research_universe_v1_2__cost_0,research_universe_v1_2,0.0,52,2025-07-16,2025-08-13,002792,通宇通讯,商业航天,0.017857142857142856,0.1450577663671373,0.002590317256556023,0.0026380620559059015
research_universe_v1_2__cost_0,research_universe_v1_2,0.0,52,2025-07-16,2025-08-13,002881,美格智能,AI,0.017857142857142856,0.13167339614176776,0.00235131064538871,0.0023946500682679667
research_universe_v1_2__cost_0,research_universe_v1_2,0.0,52,2025-07-16,2025-08-13,002929,润建股份,AI,0.017857142857142856,-0.04109014675052414,-0.0007337526205450738,-0.000747277169150734
research_universe_v1_2__cost_0,research_universe_v1_2,0.0,52,2025-07-16,2025-08-13,002935,天奥电子,商业航天,0.017857142857142856,0.07392996108949412,0.0013201778765981093,0.0013445114317503957
research_universe_v1_2__cost_0,research_universe_v1_2,0.0,52,2025-07-16,2025-08-13,002987,京北方,AI,0.017857142857142856,-0.0708833151581244,-0.0012657734849665073,-0.0012891042568668083
research_universe_v1_2__cost_0,research_universe_v1_2,0.0,52,2025-07-16,2025-08-13,300002,神州泰岳,AI,0.017857142857142856,0.12332015810276675,0.002202145680406549,0.0022427356905236895
research_universe_v1_2__cost_0,research_universe_v1_2,0.0,52,2025-07-16,2025-08-13,300017,网宿科技,AI,0.017857142857142856,0.11505273250239711,0.0020545130803999484,0.0020923819223486045
research_universe_v1_2__cost_0,research_universe_v1_2,0.0,52,2025-07-16,2025-08-13,300033,同花顺,AI,0.017857142857142856,0.1774452441360741,0.003168665073858466,0.003227069996180408
research_universe_v1_2__cost_0,research_universe_v1_2,0.0,52,2025-07-16,2025-08-13,300047,天源迪科,AI,0.017857142857142856,0.09771573604060912,0.00174492385786802,0.00177708634270028
research_universe_v1_2__cost_0,research_universe_v1_2,0.0,52,2025-07-16,2025-08-13,300058,蓝色光标,AI,0.017857142857142856,0.05580693815987936,0.0009965524671407028,0.0010149209497907856
research_universe_v1_2__cost_0,research_universe_v1_2,0.0,52,2025-07-16,2025-08-13,300101,振芯科技,商业航天,0.017857142857142856,0.1390423572744015,0.002482899237042884,0.002528664104484717
research_universe_v1_2__cost_0,research_universe_v1_2,0.0,52,2025-07-16,2025-08-13,300113,顺网科技,AI,0.017857142857142856,0.05394801373222147,0.0009633573880753833,0.0009811140181095884
research_universe_v1_2__cost_0,research_universe_v1_2,0.0,52,2025-07-16,2025-08-13,300133,华策影视,AI,0.017857142857142856,0.02506596306068598,0.00044760648322653536,0.0004558567783111496
research_universe_v1_2__cost_0,research_universe_v1_2,0.0,52,2025-07-16,2025-08-13,300170,汉得信息,AI,0.017857142857142856,0.03408466190214399,0.0006086546768239998,0.00061987341666939
research_universe_v1_2__cost_0,research_universe_v1_2,0.0,52,2025-07-16,2025-08-13,300182,捷成股份,AI,0.017857142857142856,0.08228980322003587,0.0014694607717863548,0.0014965459133935793
research_universe_v1_2__cost_0,research_universe_v1_2,0.0,52,2025-07-16,2025-08-13,300339,润和软件,AI,0.017857142857142856,0.07103064066852371,0.0012684042976522092,0.0012917835607647308
research_universe_v1_2__cost_0,research_universe_v1_2,0.0,52,2025-07-16,2025-08-13,300348,长亮科技,AI,0.017857142857142856,-0.12326656394452995,-0.002201188641866606,-0.002241761011822896
research_universe_v1_2__cost_0,research_universe_v1_2,0.0,52,2025-07-16,2025-08-13,300378,鼎捷数智,AI,0.017857142857142856,0.21075740944017562,0.0037635251685745647,0.0038328945686227725
research_universe_v1_2__cost_0,research_universe_v1_2,0.0,52,2025-07-16,2025-08-13,300413,芒果超媒,AI,0.017857142857142856,0.046544428772919755,0.0008311505138021384,0.0008464703030714237
research_universe_v1_2__cost_0,research_universe_v1_2,0.0,52,2025-07-16,2025-08-13,300454,深信服,AI,0.017857142857142856,0.1083447621057072,0.0019347278947447713,0.001970388852836838
research_universe_v1_2__cost_0,research_universe_v1_2,0.0,52,2025-07-16,2025-08-13,300458,全志科技,AI,0.017857142857142856,0.0644961240310078,0.0011517165005537106,0.001172944970961228
research_universe_v1_2__cost_0,research_universe_v1_2,0.0,52,2025-07-16,2025-08-13,300496,中科创达,AI,0.017857142857142856,0.07125088841506755,0.0012723372931262062,0.0012957890493201349
research_universe_v1_2__cost_0,research_universe_v1_2,0.0,52,2025-07-16,2025-08-13,300627,华测导航,商业航天,0.017857142857142856,0.09766327142001185,0.0017439869896430688,0.0017761322060942824
research_universe_v1_2__cost_0,research_universe_v1_2,0.0,52,2025-07-16,2025-08-13,300629,新劲刚,商业航天,0.017857142857142856,0.10556621880998085,0.0018851110501782293,0.0019198574692182908
research_universe_v1_2__cost_0,research_universe_v1_2,0.0,52,2025-07-16,2025-08-13,300634,彩讯股份,AI,0.017857142857142856,0.024301777294160276,0.00043396030882429063,0.0004419590772447175
research_universe_v1_2__cost_0,research_universe_v1_2,0.0,52,2025-07-16,2025-08-13,300674,宇信科技,AI,0.017857142857142856,-0.1127689104788342,-0.002013730544264896,-0.0020508476813790115
research_universe_v1_2__cost_0,research_universe_v1_2,0.0,52,2025-07-16,2025-08-13,300857,协创数据,AI,0.017857142857142856,0.05789653991092836,0.0010338667841237206,0.0010529230452969642
research_universe_v1_2__cost_0,research_universe_v1_2,0.0,52,2025-07-16,2025-08-13,300996,普联软件,AI,0.017857142857142856,-0.1265993265993265,-0.0022607022607022587,-0.002302371587327737
research_universe_v1_2__cost_0,research_universe_v1_2,0.0,52,2025-07-16,2025-08-13,301050,雷电微力,商业航天,0.017857142857142856,0.06862551764937885,0.0012254556723103366,0.0012480433051721192
research_universe_v1_2__cost_0,research_universe_v1_2,0.0,52,2025-07-16,2025-08-13,301110,青木科技,AI,0.017857142857142856,0.08068714211348249,0.0014408418234550444,0.0014673994598147072
research_universe_v1_2__cost_0,research_universe_v1_2,0.0,52,2025-07-16,2025-08-13,301165,锐捷网络,AI,0.017857142857142856,0.07813891362422076,0.0013953377432896564,0.001421056647184561
research_universe_v1_2__cost_0,research_universe_v1_2,0.0,52,2025-07-16,2025-08-13,301171,易点天下,AI,0.017857142857142856,0.1565510597302504,0.002795554638040186,0.002847082378484733
research_universe_v1_2__cost_0,research_universe_v1_2,0.0,53,2025-08-13,2025-09-10,000063,中兴通讯,AI,0.017857142857142856,0.15746478873239456,0.0028118712273641883,0.0027762479593916502
research_universe_v1_2__cost_0,research_universe_v1_2,0.0,53,2025-08-13,2025-09-10,000681,视觉中国,AI,0.017857142857142856,-0.02352376380220833,-0.0004200672107537202,-0.00041474542835147853
research_universe_v1_2__cost_0,research_universe_v1_2,0.0,53,2025-08-13,2025-09-10,000901,航天科技,商业航天,0.017857142857142856,-0.23741690408357075,-0.0042395875729209056,-0.004185876733415366
research_universe_v1_2__cost_0,research_universe_v1_2,0.0,53,2025-08-13,2025-09-10,000938,紫光股份,AI,0.017857142857142856,0.04629996042738438,0.0008267850076318639,0.0008163105649917024
research_universe_v1_2__cost_0,research_universe_v1_2,0.0,53,2025-08-13,2025-09-10,000977,浪潮信息,AI,0.017857142857142856,0.02313228238519538,0.0004130764711642032,0.0004078432536248543
research_universe_v1_2__cost_0,research_universe_v1_2,0.0,53,2025-08-13,2025-09-10,001208,华菱线缆,商业航天,0.017857142857142856,-0.08339768339768339,-0.0014892443463872032,-0.0014703772838020974
research_universe_v1_2__cost_0,research_universe_v1_2,0.0,53,2025-08-13,2025-09-10,002015,协鑫能科,AI,0.017857142857142856,0.04062229904926529,0.0007253981973083086,0.0007162082123196529
research_universe_v1_2__cost_0,research_universe_v1_2,0.0,53,2025-08-13,2025-09-10,002044,美年健康,AI,0.017857142857142856,0.007633587786259444,0.00013631406761177578,0.00013458712061942973
research_universe_v1_2__cost_0,research_universe_v1_2,0.0,53,2025-08-13,2025-09-10,002049,紫光国微,AI|商业航天,0.017857142857142856,0.0017337956788476827,3.0960637122280045e-05,3.05684004287664e-05
research_universe_v1_2__cost_0,research_universe_v1_2,0.0,53,2025-08-13,2025-09-10,002065,东华软件,AI,0.017857142857142856,0.05136268343815509,0.0009171907756813408,0.0009055709929309537
research_universe_v1_2__cost_0,research_universe_v1_2,0.0,53,2025-08-13,2025-09-10,002131,利欧股份,AI,0.017857142857142856,0.4678217821782178,0.008353960396039603,0.008248125048060653
research_universe_v1_2__cost_0,research_universe_v1_2,0.0,53,2025-08-13,2025-09-10,002212,天融信,AI,0.017857142857142856,0.2295081967213115,0.004098360655737705,0.004046439003541596
research_universe_v1_2__cost_0,research_universe_v1_2,0.0,53,2025-08-13,2025-09-10,002230,科大讯飞,AI,0.017857142857142856,0.025761602944183393,0.00046002862400327485,0.0004542005751266312
research_universe_v1_2__cost_0,research_universe_v1_2,0.0,53,2025-08-13,2025-09-10,002236,大华股份,AI,0.017857142857142856,0.08307692307692327,0.0014835164835164869,0.0014647219865567083
research_universe_v1_2__cost_0,research_universe_v1_2,0.0,53,2025-08-13,2025-09-10,002279,久其软件,AI,0.017857142857142856,-0.06068965517241387,-0.0010837438423645332,-0.0010700140182764192
research_universe_v1_2__cost_0,research_universe_v1_2,0.0,53,2025-08-13,2025-09-10,002315,焦点科技,AI,0.017857142857142856,-0.04726500265533706,-0.0008440179045595904,-0.0008333251403621594
research_universe_v1_2__cost_0,research_universe_v1_2,0.0,53,2025-08-13,2025-09-10,002361,神剑股份,商业航天,0.017857142857142856,-0.13557046979865772,-0.002420901246404602,-0.002390231131430467
research_universe_v1_2__cost_0,research_universe_v1_2,0.0,53,2025-08-13,2025-09-10,002373,千方科技,AI,0.017857142857142856,-0.08449477351916379,-0.0015088352414136391,-0.0014897199840689167
research_universe_v1_2__cost_0,research_universe_v1_2,0.0,53,2025-08-13,2025-09-10,002396,星网锐捷,AI,0.017857142857142856,-0.04276457883369322,-0.0007636531934588076,-0.0007539785603945588
research_universe_v1_2__cost_0,research_universe_v1_2,0.0,53,2025-08-13,2025-09-10,002410,广联达,AI,0.017857142857142856,0.03530314658480438,0.0006304133318715068,0.0006224266990427444
research_universe_v1_2__cost_0,research_universe_v1_2,0.0,53,2025-08-13,2025-09-10,002446,盛路通信,商业航天,0.017857142857142856,0.11779769526248418,0.00210353027254436,0.0020768808933487714
research_universe_v1_2__cost_0,research_universe_v1_2,0.0,53,2025-08-13,2025-09-10,002544,普天科技,商业航天,0.017857142857142856,-0.028297960882230577,-0.0005053207300398317,-0.0004989188807648343
research_universe_v1_2__cost_0,research_universe_v1_2,0.0,53,2025-08-13,2025-09-10,002558,巨人网络,AI,0.017857142857142856,0.5449059282925097,0.009730463005223388,0.009607188906552494
research_universe_v1_2__cost_0,research_universe_v1_2,0.0,53,2025-08-13,2025-09-10,002757,南兴股份,AI,0.017857142857142856,-0.0893470790378007,-0.001595483554246441,-0.0015752705595525212
research_universe_v1_2__cost_0,research_universe_v1_2,0.0,53,2025-08-13,2025-09-10,002792,通宇通讯,商业航天,0.017857142857142856,-0.08127802690582953,-0.0014513933376040986,-0.00143300580502584
research_universe_v1_2__cost_0,research_universe_v1_2,0.0,53,2025-08-13,2025-09-10,002881,美格智能,AI,0.017857142857142856,-0.024182358771060564,-0.00043182783519751,-0.0004263570588185854
research_universe_v1_2__cost_0,research_universe_v1_2,0.0,53,2025-08-13,2025-09-10,002929,润建股份,AI,0.017857142857142856,0.00983821600349799,0.00017568242863389268,0.00017345672847650747
research_universe_v1_2__cost_0,research_universe_v1_2,0.0,53,2025-08-13,2025-09-10,002935,天奥电子,商业航天,0.017857142857142856,-0.07427536231884047,-0.0013263457556935796,-0.001309542436316966
research_universe_v1_2__cost_0,research_universe_v1_2,0.0,53,2025-08-13,2025-09-10,002987,京北方,AI,0.017857142857142856,0.062793427230047,0.0011213112005365533,0.0011071054399780353
research_universe_v1_2__cost_0,research_universe_v1_2,0.0,53,2025-08-13,2025-09-10,300002,神州泰岳,AI,0.017857142857142856,-0.04363124560168907,-0.0007791293857444477,-0.0007692586866087441
research_universe_v1_2__cost_0,research_universe_v1_2,0.0,53,2025-08-13,2025-09-10,300017,网宿科技,AI,0.017857142857142856,-0.06964746345657791,-0.0012437047045817482,-0.0012279483550238944
research_universe_v1_2__cost_0,research_universe_v1_2,0.0,53,2025-08-13,2025-09-10,300033,同花顺,AI,0.017857142857142856,0.08522427440633251,0.0015218620429702234,0.0015025817505989467
research_universe_v1_2__cost_0,research_universe_v1_2,0.0,53,2025-08-13,2025-09-10,300047,天源迪科,AI,0.017857142857142856,-0.06936416184971095,-0.0012386457473162668,-0.0012229534890967986
research_universe_v1_2__cost_0,research_universe_v1_2,0.0,53,2025-08-13,2025-09-10,300058,蓝色光标,AI,0.017857142857142856,-0.052857142857142825,-0.0009438775510204076,-0.000931919676631977
research_universe_v1_2__cost_0,research_universe_v1_2,0.0,53,2025-08-13,2025-09-10,300101,振芯科技,商业航天,0.017857142857142856,-0.014551333872271588,-0.0002598452477191355,-0.0002565532986423756
research_universe_v1_2__cost_0,research_universe_v1_2,0.0,53,2025-08-13,2025-09-10,300113,顺网科技,AI,0.017857142857142856,0.13959981386691478,0.0024928538190520494,0.00246127214534372
research_universe_v1_2__cost_0,research_universe_v1_2,0.0,53,2025-08-13,2025-09-10,300133,华策影视,AI,0.017857142857142856,0.15444015444015458,0.0027578599007170457,0.0027229208959298127
research_universe_v1_2__cost_0,research_universe_v1_2,0.0,53,2025-08-13,2025-09-10,300170,汉得信息,AI,0.017857142857142856,-0.0797448165869219,-0.0014240145819093195,-0.001405973907587363
research_universe_v1_2__cost_0,research_universe_v1_2,0.0,53,2025-08-13,2025-09-10,300182,捷成股份,AI,0.017857142857142856,-0.06115702479338847,-0.0010920897284533654,-0.0010782541713097269
research_universe_v1_2__cost_0,research_universe_v1_2,0.0,53,2025-08-13,2025-09-10,300339,润和软件,AI,0.017857142857142856,0.07022106631989589,0.0012539476128552837,0.0012380614970895411
research_universe_v1_2__cost_0,research_universe_v1_2,0.0,53,2025-08-13,2025-09-10,300348,长亮科技,AI,0.017857142857142856,-0.08845928529584068,-0.0015796300945685835,-0.0015596179455026214
research_universe_v1_2__cost_0,research_universe_v1_2,0.0,53,2025-08-13,2025-09-10,300378,鼎捷数智,AI,0.017857142857142856,-0.11205802357207617,-0.002001036135215646,-0.0019756852422679843
research_universe_v1_2__cost_0,research_universe_v1_2,0.0,53,2025-08-13,2025-09-10,300413,芒果超媒,AI,0.017857142857142856,0.32569631626235407,0.0058160056475420364,0.005742323351675879
research_universe_v1_2__cost_0,research_universe_v1_2,0.0,53,2025-08-13,2025-09-10,300454,深信服,AI,0.017857142857142856,0.04987626118408528,0.00089064752114438,0.0008793640117837668
research_universe_v1_2__cost_0,research_universe_v1_2,0.0,53,2025-08-13,2025-09-10,300458,全志科技,AI,0.017857142857142856,0.08127002621613744,0.0014512504681453112,0.0014328647455635296
research_universe_v1_2__cost_0,research_universe_v1_2,0.0,53,2025-08-13,2025-09-10,300496,中科创达,AI,0.017857142857142856,0.19522308840603753,0.0034861265786792412,0.003441961248457171
research_universe_v1_2__cost_0,research_universe_v1_2,0.0,53,2025-08-13,2025-09-10,300627,华测导航,商业航天,0.017857142857142856,-0.05322052401746735,-0.0009503665003119169,-0.0009383264181832378
research_universe_v1_2__cost_0,research_universe_v1_2,0.0,53,2025-08-13,2025-09-10,300629,新劲刚,商业航天,0.017857142857142856,-0.1440972222222222,-0.002573164682539682,-0.0025405655598872887
research_universe_v1_2__cost_0,research_universe_v1_2,0.0,53,2025-08-13,2025-09-10,300634,彩讯股份,AI,0.017857142857142856,-0.09454674220963166,-0.001688334682314851,-0.0016669453675304006
research_universe_v1_2__cost_0,research_universe_v1_2,0.0,53,2025-08-13,2025-09-10,300674,宇信科技,AI,0.017857142857142856,-0.028157997653500133,-0.0005028213866696452,-0.000496451201283721
research_universe_v1_2__cost_0,research_universe_v1_2,0.0,53,2025-08-13,2025-09-10,300857,协创数据,AI,0.017857142857142856,0.478788860103627,0.008549801073279052,0.008441484642646909
research_universe_v1_2__cost_0,research_universe_v1_2,0.0,53,2025-08-13,2025-09-10,300996,普联软件,AI,0.017857142857142856,-0.060909791827293835,-0.0010876748540588185,-0.0010738952284429439
research_universe_v1_2__cost_0,research_universe_v1_2,0.0,53,2025-08-13,2025-09-10,301050,雷电微力,商业航天,0.017857142857142856,-0.10463185089499893,-0.0018684259088392666,-0.0018447550393521862
research_universe_v1_2__cost_0,research_universe_v1_2,0.0,53,2025-08-13,2025-09-10,301110,青木科技,AI,0.017857142857142856,0.13631984585741797,0.002434282961739606,0.0024034433153777347
research_universe_v1_2__cost_0,research_universe_v1_2,0.0,53,2025-08-13,2025-09-10,301165,锐捷网络,AI,0.017857142857142856,0.23890150733016724,0.004266098345181557,0.004212051643800406
research_universe_v1_2__cost_0,research_universe_v1_2,0.0,53,2025-08-13,2025-09-10,301171,易点天下,AI,0.017857142857142856,-0.007080383173677651,-0.00012643541381567234,-0.00012483361833380866
research_universe_v1_2__cost_0,research_universe_v1_2,0.0,54,2025-09-10,2025-10-16,000063,中兴通讯,AI,0.017857142857142856,0.3149184716476028,0.005623544136564335,0.005466064428072687
research_universe_v1_2__cost_0,research_universe_v1_2,0.0,54,2025-09-10,2025-10-16,000681,视觉中国,AI,0.017857142857142856,0.21779744346116026,0.0038892400618064328,0.0037803271811899216
research_universe_v1_2__cost_0,research_universe_v1_2,0.0,54,2025-09-10,2025-10-16,000901,航天科技,商业航天,0.017857142857142856,0.04607721046077229,0.000822807329656648,0.0007997657289734384
research_universe_v1_2__cost_0,research_universe_v1_2,0.0,54,2025-09-10,2025-10-16,000938,紫光股份,AI,0.017857142857142856,0.06543116490166412,0.0011684136589582878,0.001135693822865239
research_universe_v1_2__cost_0,research_universe_v1_2,0.0,54,2025-09-10,2025-10-16,000977,浪潮信息,AI,0.017857142857142856,0.12828671914252232,0.002290834270402184,0.00222668257098545
research_universe_v1_2__cost_0,research_universe_v1_2,0.0,54,2025-09-10,2025-10-16,001208,华菱线缆,商业航天,0.017857142857142856,0.08003369839932617,0.001429173185702253,0.0013891511335581096
research_universe_v1_2__cost_0,research_universe_v1_2,0.0,54,2025-09-10,2025-10-16,002015,协鑫能科,AI,0.017857142857142856,-0.07558139534883712,-0.0013496677740863772,-0.0013118721629091265
research_universe_v1_2__cost_0,research_universe_v1_2,0.0,54,2025-09-10,2025-10-16,002044,美年健康,AI,0.017857142857142856,-0.018939393939394034,-0.00033820346320346487,-0.00032873253499471317
research_universe_v1_2__cost_0,research_universe_v1_2,0.0,54,2025-09-10,2025-10-16,002049,紫光国微,AI|商业航天,0.017857142857142856,0.11716149647184126,0.0020921695798543083,0.002033581215017211
research_universe_v1_2__cost_0,research_universe_v1_2,0.0,54,2025-09-10,2025-10-16,002065,东华软件,AI,0.017857142857142856,0.04386839481555338,0.0007833641931348817,0.0007614271438681102
research_universe_v1_2__cost_0,research_universe_v1_2,0.0,54,2025-09-10,2025-10-16,002131,利欧股份,AI,0.017857142857142856,-0.13827993254637427,-0.0024692845097566835,-0.0024001355539849953
research_universe_v1_2__cost_0,research_universe_v1_2,0.0,54,2025-09-10,2025-10-16,002212,天融信,AI,0.017857142857142856,-0.03179487179487184,-0.0005677655677655685,-0.0005518660649018919
research_universe_v1_2__cost_0,research_universe_v1_2,0.0,54,2025-09-10,2025-10-16,002230,科大讯飞,AI,0.017857142857142856,0.07056009567470589,0.0012600017084768908,0.0012247170735684956
research_universe_v1_2__cost_0,research_universe_v1_2,0.0,54,2025-09-10,2025-10-16,002236,大华股份,AI,0.017857142857142856,0.07613636363636367,0.0013595779220779225,0.001321504790678741
research_universe_v1_2__cost_0,research_universe_v1_2,0.0,54,2025-09-10,2025-10-16,002279,久其软件,AI,0.017857142857142856,0.05433186490455211,0.0009702118732955733,0.000943042408760159
research_universe_v1_2__cost_0,research_universe_v1_2,0.0,54,2025-09-10,2025-10-16,002315,焦点科技,AI,0.017857142857142856,-0.044593088071348985,-0.0007963051441312319,-0.0007740057011246729
research_universe_v1_2__cost_0,research_universe_v1_2,0.0,54,2025-09-10,2025-10-16,002361,神剑股份,商业航天,0.017857142857142856,0.007763975155279379,0.00013864241348713176,0.00013475992117795412
research_universe_v1_2__cost_0,research_universe_v1_2,0.0,54,2025-09-10,2025-10-16,002373,千方科技,AI,0.017857142857142856,0.05994291151284492,0.001070409134157945,0.001040433781547487
research_universe_v1_2__cost_0,research_universe_v1_2,0.0,54,2025-09-10,2025-10-16,002396,星网锐捷,AI,0.017857142857142856,-0.0072202166064981865,-0.00012893243940175332,-0.0001253218617163953
research_universe_v1_2__cost_0,research_universe_v1_2,0.0,54,2025-09-10,2025-10-16,002410,广联达,AI,0.017857142857142856,0.05114899925871019,0.000913374986762682,0.0008877971619664448
research_universe_v1_2__cost_0,research_universe_v1_2,0.0,54,2025-09-10,2025-10-16,002446,盛路通信,商业航天,0.017857142857142856,-0.009163802978235935,-0.00016363933889707027,-0.00015905684167441658
research_universe_v1_2__cost_0,research_universe_v1_2,0.0,54,2025-09-10,2025-10-16,002544,普天科技,商业航天,0.017857142857142856,0.04154175588865083,0.0007418170694401934,0.0007210434908903252
research_universe_v1_2__cost_0,research_universe_v1_2,0.0,54,2025-09-10,2025-10-16,002558,巨人网络,AI,0.017857142857142856,-0.09765625,-0.001743861607142857,-0.0016950271335664814
research_universe_v1_2__cost_0,research_universe_v1_2,0.0,54,2025-09-10,2025-10-16,002757,南兴股份,AI,0.017857142857142856,-0.0835579514824798,-0.0014921062764728535,-0.001450321868677477
research_universe_v1_2__cost_0,research_universe_v1_2,0.0,54,2025-09-10,2025-10-16,002792,通宇通讯,商业航天,0.017857142857142856,0.11836485661989005,0.002113658153926608,0.002054468030785739
research_universe_v1_2__cost_0,research_universe_v1_2,0.0,54,2025-09-10,2025-10-16,002881,美格智能,AI,0.017857142857142856,-0.0741417834653666,-0.0013239604190244034,-0.0012868847073772246
research_universe_v1_2__cost_0,research_universe_v1_2,0.0,54,2025-09-10,2025-10-16,002929,润建股份,AI,0.017857142857142856,-0.022732193115392874,-0.00040593201991772986,-0.00039456444555329627
research_universe_v1_2__cost_0,research_universe_v1_2,0.0,54,2025-09-10,2025-10-16,002935,天奥电子,商业航天,0.017857142857142856,0.012393998695368502,0.00022132140527443754,0.00021512360020006077
research_universe_v1_2__cost_0,research_universe_v1_2,0.0,54,2025-09-10,2025-10-16,002987,京北方,AI,0.017857142857142856,-0.055770292655991094,-0.000995898083142698,-0.0009680093112202074
research_universe_v1_2__cost_0,research_universe_v1_2,0.0,54,2025-09-10,2025-10-16,300002,神州泰岳,AI,0.017857142857142856,-0.0934510669610007,-0.0016687690528750124,-0.0016220374441946557
research_universe_v1_2__cost_0,research_universe_v1_2,0.0,54,2025-09-10,2025-10-16,300017,网宿科技,AI,0.017857142857142856,0.044362292051756125,0.0007921837866385022,0.0007699997566456555
research_universe_v1_2__cost_0,research_universe_v1_2,0.0,54,2025-09-10,2025-10-16,300033,同花顺,AI,0.017857142857142856,0.011143528648999146,0.00019899158301784188,0.00019341909425898483
research_universe_v1_2__cost_0,research_universe_v1_2,0.0,54,2025-09-10,2025-10-16,300047,天源迪科,AI,0.017857142857142856,0.006211180124223503,0.0001109139307897054,0.0001078079369423633
research_universe_v1_2__cost_0,research_universe_v1_2,0.0,54,2025-09-10,2025-10-16,300058,蓝色光标,AI,0.017857142857142856,-0.06485671191553544,-0.0011581555699202756,-0.0011257229976651478
research_universe_v1_2__cost_0,research_universe_v1_2,0.0,54,2025-09-10,2025-10-16,300101,振芯科技,商业航天,0.017857142857142856,-0.015586546349466768,-0.00027833118481190654,-0.0002705368983648027
research_universe_v1_2__cost_0,research_universe_v1_2,0.0,54,2025-09-10,2025-10-16,300113,顺网科技,AI,0.017857142857142856,0.02409146590445088,0.0004302047482937657,0.0004181574491692646
research_universe_v1_2__cost_0,research_universe_v1_2,0.0,54,2025-09-10,2025-10-16,300133,华策影视,AI,0.017857142857142856,-0.16722408026755864,-0.0029861442904921182,-0.002902521379217522
research_universe_v1_2__cost_0,research_universe_v1_2,0.0,54,2025-09-10,2025-10-16,300170,汉得信息,AI,0.017857142857142856,-0.008087810514153526,-0.00014442518775274152,-0.00014038075671177729
research_universe_v1_2__cost_0,research_universe_v1_2,0.0,54,2025-09-10,2025-10-16,300182,捷成股份,AI,0.017857142857142856,0.06338028169014098,0.0011317907444668032,0.0011000964833062484
research_universe_v1_2__cost_0,research_universe_v1_2,0.0,54,2025-09-10,2025-10-16,300339,润和软件,AI,0.017857142857142856,0.055893074119076624,0.0009980906092692254,0.0009701404386332401
research_universe_v1_2__cost_0,research_universe_v1_2,0.0,54,2025-09-10,2025-10-16,300348,长亮科技,AI,0.017857142857142856,-0.07455012853470433,-0.0013312522952625772,-0.0012939723845344525
research_universe_v1_2__cost_0,research_universe_v1_2,0.0,54,2025-09-10,2025-10-16,300378,鼎捷数智,AI,0.017857142857142856,0.006126199714110658,0.00010939642346626175,0.00010633292534850343
research_universe_v1_2__cost_0,research_universe_v1_2,0.0,54,2025-09-10,2025-10-16,300413,芒果超媒,AI,0.017857142857142856,0.02067095899695026,0.0003691242678026832,0.00035878744449710975
research_universe_v1_2__cost_0,research_universe_v1_2,0.0,54,2025-09-10,2025-10-16,300454,深信服,AI,0.017857142857142856,-0.039891205802357166,-0.0007123429607563779,-0.0006923947645509638
research_universe_v1_2__cost_0,research_universe_v1_2,0.0,54,2025-09-10,2025-10-16,300458,全志科技,AI,0.017857142857142856,0.10802801724137945,0.0019290717364532043,0.0018750507049935445
research_universe_v1_2__cost_0,research_universe_v1_2,0.0,54,2025-09-10,2025-10-16,300496,中科创达,AI,0.017857142857142856,-0.038301415487094204,-0.000683953847983825,-0.0006648006502873921
research_universe_v1_2__cost_0,research_universe_v1_2,0.0,54,2025-09-10,2025-10-16,300627,华测导航,商业航天,0.017857142857142856,-0.0821562409916402,-0.001467075731993575,-0.0014259922705680073
research_universe_v1_2__cost_0,research_universe_v1_2,0.0,54,2025-09-10,2025-10-16,300629,新劲刚,商业航天,0.017857142857142856,-0.006085192697768638,-0.0001086641553172971,-0.00010562116337355222
research_universe_v1_2__cost_0,research_universe_v1_2,0.0,54,2025-09-10,2025-10-16,300634,彩讯股份,AI,0.017857142857142856,-0.016816581931951458,-0.00030029610592770457,-0.000291886721725456
research_universe_v1_2__cost_0,research_universe_v1_2,0.0,54,2025-09-10,2025-10-16,300674,宇信科技,AI,0.017857142857142856,-0.036619718309859106,-0.000653923541247484,-0.0006356113014658302
research_universe_v1_2__cost_0,research_universe_v1_2,0.0,54,2025-09-10,2025-10-16,300857,协创数据,AI,0.017857142857142856,0.21570130296726164,0.0038518089815582435,0.0037439443074575637
research_universe_v1_2__cost_0,research_universe_v1_2,0.0,54,2025-09-10,2025-10-16,300996,普联软件,AI,0.017857142857142856,0.013957307060755264,0.00024923762608491544,0.0002422580651980719
research_universe_v1_2__cost_0,research_universe_v1_2,0.0,54,2025-09-10,2025-10-16,301050,雷电微力,商业航天,0.017857142857142856,-0.032769991755976946,-0.000585178424213874,-0.0005687912979776597
research_universe_v1_2__cost_0,research_universe_v1_2,0.0,54,2025-09-10,2025-10-16,301110,青木科技,AI,0.017857142857142856,0.1941500635862654,0.0034669654211833107,0.0033698777678067464
research_universe_v1_2__cost_0,research_universe_v1_2,0.0,54,2025-09-10,2025-10-16,301165,锐捷网络,AI,0.017857142857142856,-0.013666666666666716,-0.00024404761904761992,-0.0002372133972521847
research_universe_v1_2__cost_0,research_universe_v1_2,0.0,54,2025-09-10,2025-10-16,301171,易点天下,AI,0.017857142857142856,-0.03649328859060408,-0.0006516658676893585,-0.0006334168509864552
research_universe_v1_2__cost_0,research_universe_v1_2,0.0,55,2025-10-16,2025-11-13,000063,中兴通讯,AI,0.017857142857142856,-0.2531926707384786,-0.004521297691758547,-0.004475620890106832
research_universe_v1_2__cost_0,research_universe_v1_2,0.0,55,2025-10-16,2025-11-13,000681,视觉中国,AI,0.017857142857142856,-0.12959224868792896,-0.002314147297998731,-0.0022907684244252843
research_universe_v1_2__cost_0,research_universe_v1_2,0.0,55,2025-10-16,2025-11-13,000901,航天科技,商业航天,0.017857142857142856,0.1779761904761903,0.0031781462585033977,0.003146038760575444
research_universe_v1_2__cost_0,research_universe_v1_2,0.0,55,2025-10-16,2025-11-13,000938,紫光股份,AI,0.017857142857142856,-0.08306709265175727,-0.0014833409402099512,-0.0014683553598463
research_universe_v1_2__cost_0,research_universe_v1_2,0.0,55,2025-10-16,2025-11-13,000977,浪潮信息,AI,0.017857142857142856,-0.09722428380584835,-0.0017361479251044348,-0.001718608340272942
research_universe_v1_2__cost_0,research_universe_v1_2,0.0,55,2025-10-16,2025-11-13,001208,华菱线缆,商业航天,0.017857142857142856,-0.03354134165366618,-0.0005989525295297532,-0.0005929015597075289
research_universe_v1_2__cost_0,research_universe_v1_2,0.0,55,2025-10-16,2025-11-13,002015,协鑫能科,AI,0.017857142857142856,0.0017969451931716396,3.2088307020922135e-05,3.176413211914434e-05
research_universe_v1_2__cost_0,research_universe_v1_2,0.0,55,2025-10-16,2025-11-13,002044,美年健康,AI,0.017857142857142856,0.061776061776061875,0.001103143960286819,0.0010919993528527286
research_universe_v1_2__cost_0,research_universe_v1_2,0.0,55,2025-10-16,2025-11-13,002049,紫光国微,AI|商业航天,0.017857142857142856,-0.07913240376593966,-0.0014130786386774938,-0.00139880288930253
research_universe_v1_2__cost_0,research_universe_v1_2,0.0,55,2025-10-16,2025-11-13,002065,东华软件,AI,0.017857142857142856,-0.05062082139446045,-0.0009039432391867937,-0.0008948110742961681
research_universe_v1_2__cost_0,research_universe_v1_2,0.0,55,2025-10-16,2025-11-13,002131,利欧股份,AI,0.017857142857142856,-0.03913894324853229,-0.000698909700866648,-0.000691848905060803
research_universe_v1_2__cost_0,research_universe_v1_2,0.0,55,2025-10-16,2025-11-13,002212,天融信,AI,0.017857142857142856,0.02436440677966112,0.0004350786924939485,0.00043068327230824427
research_universe_v1_2__cost_0,research_universe_v1_2,0.0,55,2025-10-16,2025-11-13,002230,科大讯飞,AI,0.017857142857142856,-0.05287655929994417,-0.0009442242732132887,-0.0009346851656865018
research_universe_v1_2__cost_0,research_universe_v1_2,0.0,55,2025-10-16,2025-11-13,002236,大华股份,AI,0.017857142857142856,0.025343189017951406,0.0004525569467491322,0.0004479849509855165
research_universe_v1_2__cost_0,research_universe_v1_2,0.0,55,2025-10-16,2025-11-13,002279,久其软件,AI,0.017857142857142856,0.03342618384401108,0.0005968961400716265,0.0005908659451020664
research_universe_v1_2__cost_0,research_universe_v1_2,0.0,55,2025-10-16,2025-11-13,002315,焦点科技,AI,0.017857142857142856,-0.025962660443407226,-0.0004636189364894147,-0.000458935186016048
research_universe_v1_2__cost_0,research_universe_v1_2,0.0,55,2025-10-16,2025-11-13,002361,神剑股份,商业航天,0.017857142857142856,0.05084745762711873,0.0009079903147699772,0.0008988172639476379
research_universe_v1_2__cost_0,research_universe_v1_2,0.0,55,2025-10-16,2025-11-13,002373,千方科技,AI,0.017857142857142856,0.0035906642728904536,6.411900487304381e-05,6.347123707110723e-05
research_universe_v1_2__cost_0,research_universe_v1_2,0.0,55,2025-10-16,2025-11-13,002396,星网锐捷,AI,0.017857142857142856,-0.10590909090909084,-0.001891233766233765,-0.0018721274132557804
research_universe_v1_2__cost_0,research_universe_v1_2,0.0,55,2025-10-16,2025-11-13,002410,广联达,AI,0.017857142857142856,-0.041607898448518976,-0.0007429981865806959,-0.0007354919830281423
research_universe_v1_2__cost_0,research_universe_v1_2,0.0,55,2025-10-16,2025-11-13,002446,盛路通信,商业航天,0.017857142857142856,-0.0023121387283236983,-4.12881915772089e-05,-4.087107404463239e-05
research_universe_v1_2__cost_0,research_universe_v1_2,0.0,55,2025-10-16,2025-11-13,002544,普天科技,商业航天,0.017857142857142856,0.125,0.002232142857142857,0.0022095924405379397
research_universe_v1_2__cost_0,research_universe_v1_2,0.0,55,2025-10-16,2025-11-13,002558,巨人网络,AI,0.017857142857142856,-0.07002801120448177,-0.0012505002000800314,-0.0012378669134666324
research_universe_v1_2__cost_0,research_universe_v1_2,0.0,55,2025-10-16,2025-11-13,002757,南兴股份,AI,0.017857142857142856,0.010588235294117565,0.00018907563025209937,0.00018716547731615344
research_universe_v1_2__cost_0,research_universe_v1_2,0.0,55,2025-10-16,2025-11-13,002792,通宇通讯,商业航天,0.017857142857142856,0.043644298963448014,0.000779362481490143,0.0007714889044977004
research_universe_v1_2__cost_0,research_universe_v1_2,0.0,55,2025-10-16,2025-11-13,002881,美格智能,AI,0.017857142857142856,-0.06494076349276001,-0.001159656490942143,-0.001147940960770918
research_universe_v1_2__cost_0,research_universe_v1_2,0.0,55,2025-10-16,2025-11-13,002929,润建股份,AI,0.017857142857142856,-0.04851572884359767,-0.0008663523007785298,-0.0008575999016000151
research_universe_v1_2__cost_0,research_universe_v1_2,0.0,55,2025-10-16,2025-11-13,002935,天奥电子,商业航天,0.017857142857142856,0.27963917525773185,0.004993556701030926,0.004943108861821987
research_universe_v1_2__cost_0,research_universe_v1_2,0.0,55,2025-10-16,2025-11-13,002987,京北方,AI,0.017857142857142856,-0.05321637426900583,-0.0009502923976608183,-0.000940691986381064
research_universe_v1_2__cost_0,research_universe_v1_2,0.0,55,2025-10-16,2025-11-13,300002,神州泰岳,AI,0.017857142857142856,-0.03490259740259738,-0.0006232606679035246,-0.0006169641230073464
research_universe_v1_2__cost_0,research_universe_v1_2,0.0,55,2025-10-16,2025-11-13,300017,网宿科技,AI,0.017857142857142856,-0.02300884955752225,-0.000410872313527183,-0.000406721440382207
research_universe_v1_2__cost_0,research_universe_v1_2,0.0,55,2025-10-16,2025-11-13,300033,同花顺,AI,0.017857142857142856,-0.04396264978158937,-0.0007850473175283815,-0.0007771163089873341
research_universe_v1_2__cost_0,research_universe_v1_2,0.0,55,2025-10-16,2025-11-13,300047,天源迪科,AI,0.017857142857142856,-0.05432098765432092,-0.0009700176366843021,-0.000960217949468338
research_universe_v1_2__cost_0,research_universe_v1_2,0.0,55,2025-10-16,2025-11-13,300058,蓝色光标,AI,0.017857142857142856,0.3354838709677419,0.0059907834101382475,0.0059302610017018245
research_universe_v1_2__cost_0,research_universe_v1_2,0.0,55,2025-10-16,2025-11-13,300101,振芯科技,商业航天,0.017857142857142856,-0.04249999999999998,-0.0007589285714285711,-0.0007512614297828992
research_universe_v1_2__cost_0,research_universe_v1_2,0.0,55,2025-10-16,2025-11-13,300113,顺网科技,AI,0.017857142857142856,-0.19178628389154706,-0.0034247550694919116,-0.0033901561846850048
research_universe_v1_2__cost_0,research_universe_v1_2,0.0,55,2025-10-16,2025-11-13,300133,华策影视,AI,0.017857142857142856,0.05622489959839361,0.0010040160642570287,0.0009938729049809212
research_universe_v1_2__cost_0,research_universe_v1_2,0.0,55,2025-10-16,2025-11-13,300170,汉得信息,AI,0.017857142857142856,-0.004076878276062956,-7.28013977868385e-05,-7.206591535825645e-05
research_universe_v1_2__cost_0,research_universe_v1_2,0.0,55,2025-10-16,2025-11-13,300182,捷成股份,AI,0.017857142857142856,0.013245033112582849,0.00023651844843897943,0.00023412900032190209
research_universe_v1_2__cost_0,research_universe_v1_2,0.0,55,2025-10-16,2025-11-13,300339,润和软件,AI,0.017857142857142856,-0.05244122965641951,-0.0009364505295789197,-0.0009269899569707084
research_universe_v1_2__cost_0,research_universe_v1_2,0.0,55,2025-10-16,2025-11-13,300348,长亮科技,AI,0.017857142857142856,-0.013194444444444398,-0.00023561507936507853,-0.00023323475761233726
research_universe_v1_2__cost_0,research_universe_v1_2,0.0,55,2025-10-16,2025-11-13,300378,鼎捷数智,AI,0.017857142857142856,-0.13314390095392736,-0.0023775696598915597,-0.0023535500564122406
research_universe_v1_2__cost_0,research_universe_v1_2,0.0,55,2025-10-16,2025-11-13,300413,芒果超媒,AI,0.017857142857142856,-0.11719787516600266,-0.0020928191993929046,-0.002071676312111269
research_universe_v1_2__cost_0,research_universe_v1_2,0.0,55,2025-10-16,2025-11-13,300454,深信服,AI,0.017857142857142856,0.15080264400377708,0.0026929043572103046,0.002665699057631039
research_universe_v1_2__cost_0,research_universe_v1_2,0.0,55,2025-10-16,2025-11-13,300458,全志科技,AI,0.017857142857142856,-0.13177729151470952,-0.002353165919905527,-0.0023293928573237324
research_universe_v1_2__cost_0,research_universe_v1_2,0.0,55,2025-10-16,2025-11-13,300496,中科创达,AI,0.017857142857142856,-0.07099567099567106,-0.0012677798392084117,-0.0012549719835436273
research_universe_v1_2__cost_0,research_universe_v1_2,0.0,55,2025-10-16,2025-11-13,300627,华测导航,商业航天,0.017857142857142856,-0.001570351758793942,-2.8041995692748962e-05,-2.7758699001732416e-05
research_universe_v1_2__cost_0,research_universe_v1_2,0.0,55,2025-10-16,2025-11-13,300629,新劲刚,商业航天,0.017857142857142856,-0.03316326530612257,-0.0005922011661807601,-0.0005862184025917004
research_universe_v1_2__cost_0,research_universe_v1_2,0.0,55,2025-10-16,2025-11-13,300634,彩讯股份,AI,0.017857142857142856,0.01153540175019896,0.00020598931696783854,0.0002039082920464619
research_universe_v1_2__cost_0,research_universe_v1_2,0.0,55,2025-10-16,2025-11-13,300674,宇信科技,AI,0.017857142857142856,-0.05513784461152882,-0.0009846043680630146,-0.0009746573171295172
research_universe_v1_2__cost_0,research_universe_v1_2,0.0,55,2025-10-16,2025-11-13,300857,协创数据,AI,0.017857142857142856,0.03539583896244247,0.0006320685529007584,0.0006256830255832893
research_universe_v1_2__cost_0,research_universe_v1_2,0.0,55,2025-10-16,2025-11-13,300996,普联软件,AI,0.017857142857142856,0.005668016194332104,0.00010121457489878756,0.00010019204588674271
research_universe_v1_2__cost_0,research_universe_v1_2,0.0,55,2025-10-16,2025-11-13,301050,雷电微力,商业航天,0.017857142857142856,-0.03132324738972936,-0.0005593437033880243,-0.000553692885163566
research_universe_v1_2__cost_0,research_universe_v1_2,0.0,55,2025-10-16,2025-11-13,301110,青木科技,AI,0.017857142857142856,-0.08111466098686548,-0.0014484760890511692,-0.0014338427338670056
research_universe_v1_2__cost_0,research_universe_v1_2,0.0,55,2025-10-16,2025-11-13,301165,锐捷网络,AI,0.017857142857142856,-0.16086515714768512,-0.0028725920919229486,-0.0028435714814357823
research_universe_v1_2__cost_0,research_universe_v1_2,0.0,55,2025-10-16,2025-11-13,301171,易点天下,AI,0.017857142857142856,0.04832390074009574,0.000862926798930281,0.0008542090061809703
research_universe_v1_2__cost_0,research_universe_v1_2,0.0,56,2025-11-13,2025-12-11,000063,中兴通讯,AI,0.017857142857142856,-0.06270136307311036,-0.0011196671977341136,-0.0011196671977341136
research_universe_v1_2__cost_0,research_universe_v1_2,0.0,56,2025-11-13,2025-12-11,000681,视觉中国,AI,0.017857142857142856,0.020408163265306145,0.00036443148688046685,0.00036443148688046685
research_universe_v1_2__cost_0,research_universe_v1_2,0.0,56,2025-11-13,2025-12-11,000901,航天科技,商业航天,0.017857142857142856,0.1414855987872663,0.0025265285497726125,0.0025265285497726125
research_universe_v1_2__cost_0,research_universe_v1_2,0.0,56,2025-11-13,2025-12-11,000938,紫光股份,AI,0.017857142857142856,-0.04761904761904745,-0.0008503401360544187,-0.0008503401360544187
research_universe_v1_2__cost_0,research_universe_v1_2,0.0,56,2025-11-13,2025-12-11,000977,浪潮信息,AI,0.017857142857142856,0.004932587964485258,8.808192793723673e-05,8.808192793723673e-05
research_universe_v1_2__cost_0,research_universe_v1_2,0.0,56,2025-11-13,2025-12-11,001208,华菱线缆,商业航天,0.017857142857142856,0.1937046004842613,0.0034590107229332374,0.0034590107229332374
research_universe_v1_2__cost_0,research_universe_v1_2,0.0,56,2025-11-13,2025-12-11,002015,协鑫能科,AI,0.017857142857142856,-0.12556053811659196,-0.0022421524663677134,-0.0022421524663677134
research_universe_v1_2__cost_0,research_universe_v1_2,0.0,56,2025-11-13,2025-12-11,002044,美年健康,AI,0.017857142857142856,-0.12,-0.0021428571428571425,-0.0021428571428571425
research_universe_v1_2__cost_0,research_universe_v1_2,0.0,56,2025-11-13,2025-12-11,002049,紫光国微,AI|商业航天,0.017857142857142856,-0.020577196842241352,-0.0003674499436114527,-0.0003674499436114527
research_universe_v1_2__cost_0,research_universe_v1_2,0.0,56,2025-11-13,2025-12-11,002065,东华软件,AI,0.017857142857142856,-0.010060362173038184,-0.00017964932451853898,-0.00017964932451853898
research_universe_v1_2__cost_0,research_universe_v1_2,0.0,56,2025-11-13,2025-12-11,002131,利欧股份,AI,0.017857142857142856,0.018329938900203624,0.0003273203375036361,0.0003273203375036361
research_universe_v1_2__cost_0,research_universe_v1_2,0.0,56,2025-11-13,2025-12-11,002212,天融信,AI,0.017857142857142856,-0.09410548086866599,-0.0016804550155118925,-0.0016804550155118925
research_universe_v1_2__cost_0,research_universe_v1_2,0.0,56,2025-11-13,2025-12-11,002230,科大讯飞,AI,0.017857142857142856,-0.03931590328287793,-0.0007020697014799629,-0.0007020697014799629
research_universe_v1_2__cost_0,research_universe_v1_2,0.0,56,2025-11-13,2025-12-11,002236,大华股份,AI,0.017857142857142856,-0.0628218331616891,-0.0011218184493158767,-0.0011218184493158767
research_universe_v1_2__cost_0,research_universe_v1_2,0.0,56,2025-11-13,2025-12-11,002279,久其软件,AI,0.017857142857142856,0.07816711590296488,0.001395841355410087,0.001395841355410087
research_universe_v1_2__cost_0,research_universe_v1_2,0.0,56,2025-11-13,2025-12-11,002315,焦点科技,AI,0.017857142857142856,-0.02875112309074579,-0.0005134129123347463,-0.0005134129123347463
research_universe_v1_2__cost_0,research_universe_v1_2,0.0,56,2025-11-13,2025-12-11,002361,神剑股份,商业航天,0.017857142857142856,-0.011730205278592365,-0.00020946795140343508,-0.00020946795140343508
research_universe_v1_2__cost_0,research_universe_v1_2,0.0,56,2025-11-13,2025-12-11,002373,千方科技,AI,0.017857142857142856,-0.06171735241502674,-0.0011020955788397632,-0.0011020955788397632
research_universe_v1_2__cost_0,research_universe_v1_2,0.0,56,2025-11-13,2025-12-11,002396,星网锐捷,AI,0.017857142857142856,0.13014743263853568,0.0023240612971167085,0.0023240612971167085
research_universe_v1_2__cost_0,research_universe_v1_2,0.0,56,2025-11-13,2025-12-11,002410,广联达,AI,0.017857142857142856,-0.11037527593818985,-0.001970987070324819,-0.001970987070324819
research_universe_v1_2__cost_0,research_universe_v1_2,0.0,56,2025-11-13,2025-12-11,002446,盛路通信,商业航天,0.017857142857142856,0.03592120509849339,0.0006414500910445248,0.0006414500910445248
research_universe_v1_2__cost_0,research_universe_v1_2,0.0,56,2025-11-13,2025-12-11,002544,普天科技,商业航天,0.017857142857142856,0.20906432748538006,0.0037332915622389296,0.0037332915622389296
research_universe_v1_2__cost_0,research_universe_v1_2,0.0,56,2025-11-13,2025-12-11,002558,巨人网络,AI,0.017857142857142856,0.1396495071193864,0.0024937411985604713,0.0024937411985604713
research_universe_v1_2__cost_0,research_universe_v1_2,0.0,56,2025-11-13,2025-12-11,002757,南兴股份,AI,0.017857142857142856,-0.03725261932479629,-0.000665225345085648,-0.000665225345085648
research_universe_v1_2__cost_0,research_universe_v1_2,0.0,56,2025-11-13,2025-12-11,002792,通宇通讯,商业航天,0.017857142857142856,0.4767381076842656,0.008513180494361885,0.008513180494361885
research_universe_v1_2__cost_0,research_universe_v1_2,0.0,56,2025-11-13,2025-12-11,002881,美格智能,AI,0.017857142857142856,0.03120600656968575,0.0005572501173158169,0.0005572501173158169
research_universe_v1_2__cost_0,research_universe_v1_2,0.0,56,2025-11-13,2025-12-11,002929,润建股份,AI,0.017857142857142856,-0.07008149010477316,-0.0012514551804423777,-0.0012514551804423777
research_universe_v1_2__cost_0,research_universe_v1_2,0.0,56,2025-11-13,2025-12-11,002935,天奥电子,商业航天,0.017857142857142856,-0.0226586102719033,-0.00040461804056970177,-0.00040461804056970177
research_universe_v1_2__cost_0,research_universe_v1_2,0.0,56,2025-11-13,2025-12-11,002987,京北方,AI,0.017857142857142856,-0.03829524397776407,-0.0006838436424600726,-0.0006838436424600726
research_universe_v1_2__cost_0,research_universe_v1_2,0.0,56,2025-11-13,2025-12-11,300002,神州泰岳,AI,0.017857142857142856,-0.07989907485281755,-0.0014267691938003133,-0.0014267691938003133
research_universe_v1_2__cost_0,research_universe_v1_2,0.0,56,2025-11-13,2025-12-11,300017,网宿科技,AI,0.017857142857142856,-0.11413043478260865,-0.0020380434782608686,-0.0020380434782608686
research_universe_v1_2__cost_0,research_universe_v1_2,0.0,56,2025-11-13,2025-12-11,300033,同花顺,AI,0.017857142857142856,-0.0718477531857814,-0.0012829955926032394,-0.0012829955926032394
research_universe_v1_2__cost_0,research_universe_v1_2,0.0,56,2025-11-13,2025-12-11,300047,天源迪科,AI,0.017857142857142856,-0.2121409921671018,-0.0037882320029839606,-0.0037882320029839606
research_universe_v1_2__cost_0,research_universe_v1_2,0.0,56,2025-11-13,2025-12-11,300058,蓝色光标,AI,0.017857142857142856,0.05434782608695676,0.0009704968944099421,0.0009704968944099421
research_universe_v1_2__cost_0,research_universe_v1_2,0.0,56,2025-11-13,2025-12-11,300101,振芯科技,商业航天,0.017857142857142856,0.012619669277632584,0.00022535123710058183,0.00022535123710058183
research_universe_v1_2__cost_0,research_universe_v1_2,0.0,56,2025-11-13,2025-12-11,300113,顺网科技,AI,0.017857142857142856,-0.05673408978786376,-0.001013108746211853,-0.001013108746211853
research_universe_v1_2__cost_0,research_universe_v1_2,0.0,56,2025-11-13,2025-12-11,300133,华策影视,AI,0.017857142857142856,-0.020278833967046772,-0.00036212203512583517,-0.00036212203512583517
research_universe_v1_2__cost_0,research_universe_v1_2,0.0,56,2025-11-13,2025-12-11,300170,汉得信息,AI,0.017857142857142856,0.08479532163742687,0.0015142021720969082,0.0015142021720969082
research_universe_v1_2__cost_0,research_universe_v1_2,0.0,56,2025-11-13,2025-12-11,300182,捷成股份,AI,0.017857142857142856,-0.11928104575163401,-0.0021300186741363214,-0.0021300186741363214
research_universe_v1_2__cost_0,research_universe_v1_2,0.0,56,2025-11-13,2025-12-11,300339,润和软件,AI,0.017857142857142856,-0.15249826509368491,-0.0027231833052443733,-0.0027231833052443733
research_universe_v1_2__cost_0,research_universe_v1_2,0.0,56,2025-11-13,2025-12-11,300348,长亮科技,AI,0.017857142857142856,-0.03659394792399728,-0.0006534633557856658,-0.0006534633557856658
research_universe_v1_2__cost_0,research_universe_v1_2,0.0,56,2025-11-13,2025-12-11,300378,鼎捷数智,AI,0.017857142857142856,-0.023413720440177976,-0.00041810215071746385,-0.00041810215071746385
research_universe_v1_2__cost_0,research_universe_v1_2,0.0,56,2025-11-13,2025-12-11,300413,芒果超媒,AI,0.017857142857142856,-0.12222640090259496,-0.0021826143018320527,-0.0021826143018320527
research_universe_v1_2__cost_0,research_universe_v1_2,0.0,56,2025-11-13,2025-12-11,300454,深信服,AI,0.017857142857142856,-0.09304997128087311,-0.0016616066300155913,-0.0016616066300155913
research_universe_v1_2__cost_0,research_universe_v1_2,0.0,56,2025-11-13,2025-12-11,300458,全志科技,AI,0.017857142857142856,-0.03416409969196299,-0.0006100732087850534,-0.0006100732087850534
research_universe_v1_2__cost_0,research_universe_v1_2,0.0,56,2025-11-13,2025-12-11,300496,中科创达,AI,0.017857142857142856,-0.03417210313762031,-0.0006102161274575056,-0.0006102161274575056
research_universe_v1_2__cost_0,research_universe_v1_2,0.0,56,2025-11-13,2025-12-11,300627,华测导航,商业航天,0.017857142857142856,-0.048128342245989275,-0.0008594346829640942,-0.0008594346829640942
research_universe_v1_2__cost_0,research_universe_v1_2,0.0,56,2025-11-13,2025-12-11,300629,新劲刚,商业航天,0.017857142857142856,0.029023746701847042,0.0005182811911044115,0.0005182811911044115
research_universe_v1_2__cost_0,research_universe_v1_2,0.0,56,2025-11-13,2025-12-11,300634,彩讯股份,AI,0.017857142857142856,-0.05033425088478183,-0.0008988259086568183,-0.0008988259086568183
research_universe_v1_2__cost_0,research_universe_v1_2,0.0,56,2025-11-13,2025-12-11,300674,宇信科技,AI,0.017857142857142856,-0.058797524314765814,-0.0010499557913351038,-0.0010499557913351038
research_universe_v1_2__cost_0,research_universe_v1_2,0.0,56,2025-11-13,2025-12-11,300857,协创数据,AI,0.017857142857142856,-0.12212943632567841,-0.0021808827915299716,-0.0021808827915299716
research_universe_v1_2__cost_0,research_universe_v1_2,0.0,56,2025-11-13,2025-12-11,300996,普联软件,AI,0.017857142857142856,-0.03784219001610312,-0.0006757533931446985,-0.0006757533931446985
research_universe_v1_2__cost_0,research_universe_v1_2,0.0,56,2025-11-13,2025-12-11,301050,雷电微力,商业航天,0.017857142857142856,0.036735591728992656,0.0006559927094462974,0.0006559927094462974
research_universe_v1_2__cost_0,research_universe_v1_2,0.0,56,2025-11-13,2025-12-11,301110,青木科技,AI,0.017857142857142856,-0.10952288970446211,-0.0019557658875796803,-0.0019557658875796803
research_universe_v1_2__cost_0,research_universe_v1_2,0.0,56,2025-11-13,2025-12-11,301165,锐捷网络,AI,0.017857142857142856,0.1723721304873138,0.0030780737587020324,0.0030780737587020324
research_universe_v1_2__cost_0,research_universe_v1_2,0.0,56,2025-11-13,2025-12-11,301171,易点天下,AI,0.017857142857142856,0.1254152823920267,0.002239558614143334,0.002239558614143334
