factor_name,sample_basis,period_index,rebalance_date,portfolio,period_return,mean_forward_realized_volatility,signal_count,label_count,label_coverage,risk_label_count,risk_label_coverage,research_only,primary_factor,underlying_measure,primary_lookback_return_intervals,required_price_observations,target_rebalance_step,forward_horizon_trading_days_approx,signal_construction_point_in_time,universe_point_in_time,current_universe_historical_research,suspension_status_available,execution_sim_ready,formal_performance_conclusion_allowed,no_investment_conclusion
LOWVOL20,lowvol20_primary_reliable_sample,1,2021-04-29,Q1,0.18297153997062385,0.5420224103903682,10,10,1.0,10,1.0,True,LOWVOL20,VOL20,20,21,20_baseline_calendar_entries,20,True,False,True,False,False,False,True
LOWVOL20,lowvol20_primary_reliable_sample,1,2021-04-29,Q2,0.03913994806234213,0.4123531987576158,10,10,1.0,10,1.0,True,LOWVOL20,VOL20,20,21,20_baseline_calendar_entries,20,True,False,True,False,False,False,True
LOWVOL20,lowvol20_primary_reliable_sample,1,2021-04-29,Q3,0.08106041032969304,0.3321911499765417,9,9,1.0,9,1.0,True,LOWVOL20,VOL20,20,21,20_baseline_calendar_entries,20,True,False,True,False,False,False,True
LOWVOL20,lowvol20_primary_reliable_sample,1,2021-04-29,Q4,0.04974139447929593,0.3410444667791829,9,9,1.0,9,1.0,True,LOWVOL20,VOL20,20,21,20_baseline_calendar_entries,20,True,False,True,False,False,False,True
LOWVOL20,lowvol20_primary_reliable_sample,1,2021-04-29,Q5,0.07435633841837293,0.3069837473225545,9,9,1.0,9,1.0,True,LOWVOL20,VOL20,20,21,20_baseline_calendar_entries,20,True,False,True,False,False,False,True
LOWVOL20,lowvol20_primary_reliable_sample,1,2021-04-29,UNIVERSE,0.08654336530587056,0.39076022059966703,47,47,1.0,47,1.0,True,LOWVOL20,VOL20,20,21,20_baseline_calendar_entries,20,True,False,True,False,False,False,True
LOWVOL20,lowvol20_primary_reliable_sample,1,2021-04-29,Q5-Q1,-0.10861520155225092,-0.23503866306781374,47,47,1.0,47,1.0,True,LOWVOL20,VOL20,20,21,20_baseline_calendar_entries,20,True,False,True,False,False,False,True
LOWVOL20,lowvol20_primary_reliable_sample,1,2021-04-29,Q5-UNIVERSE,-0.012187026887497635,-0.08377647327711252,47,47,1.0,47,1.0,True,LOWVOL20,VOL20,20,21,20_baseline_calendar_entries,20,True,False,True,False,False,False,True
LOWVOL20,lowvol20_primary_reliable_sample,2,2021-06-01,Q1,0.22471229415455155,0.6132958536363333,10,10,1.0,9,0.9,True,LOWVOL20,VOL20,20,21,20_baseline_calendar_entries,20,True,False,True,False,False,False,True
LOWVOL20,lowvol20_primary_reliable_sample,2,2021-06-01,Q2,-0.0143875493194619,0.4367983023301084,10,10,1.0,10,1.0,True,LOWVOL20,VOL20,20,21,20_baseline_calendar_entries,20,True,False,True,False,False,False,True
LOWVOL20,lowvol20_primary_reliable_sample,2,2021-06-01,Q3,0.05636691043180566,0.48178141991843726,10,10,1.0,10,1.0,True,LOWVOL20,VOL20,20,21,20_baseline_calendar_entries,20,True,False,True,False,False,False,True
LOWVOL20,lowvol20_primary_reliable_sample,2,2021-06-01,Q4,0.01779012841829887,0.3259114700907133,9,9,1.0,9,1.0,True,LOWVOL20,VOL20,20,21,20_baseline_calendar_entries,20,True,False,True,False,False,False,True
LOWVOL20,lowvol20_primary_reliable_sample,2,2021-06-01,Q5,0.029766513676483072,0.4104651809592023,9,9,1.0,9,1.0,True,LOWVOL20,VOL20,20,21,20_baseline_calendar_entries,20,True,False,True,False,False,False,True
LOWVOL20,lowvol20_primary_reliable_sample,2,2021-06-01,UNIVERSE,0.06447763190670813,0.453890420524717,48,48,1.0,47,0.9791666666666666,True,LOWVOL20,VOL20,20,21,20_baseline_calendar_entries,20,True,False,True,False,False,False,True
LOWVOL20,lowvol20_primary_reliable_sample,2,2021-06-01,Q5-Q1,-0.1949457804780685,-0.202830672677131,48,48,1.0,47,0.9791666666666666,True,LOWVOL20,VOL20,20,21,20_baseline_calendar_entries,20,True,False,True,False,False,False,True
LOWVOL20,lowvol20_primary_reliable_sample,2,2021-06-01,Q5-UNIVERSE,-0.03471111823022506,-0.043425239565514695,48,48,1.0,47,0.9791666666666666,True,LOWVOL20,VOL20,20,21,20_baseline_calendar_entries,20,True,False,True,False,False,False,True
LOWVOL20,lowvol20_primary_reliable_sample,3,2021-06-30,Q1,-0.04936402542290389,0.5483322814974252,10,10,1.0,10,1.0,True,LOWVOL20,VOL20,20,21,20_baseline_calendar_entries,20,True,False,True,False,False,False,True
LOWVOL20,lowvol20_primary_reliable_sample,3,2021-06-30,Q2,0.01833187966745762,0.5836972550840043,10,10,1.0,10,1.0,True,LOWVOL20,VOL20,20,21,20_baseline_calendar_entries,20,True,False,True,False,False,False,True
LOWVOL20,lowvol20_primary_reliable_sample,3,2021-06-30,Q3,-0.10476321771471059,0.48652633349900637,9,9,1.0,9,1.0,True,LOWVOL20,VOL20,20,21,20_baseline_calendar_entries,20,True,False,True,False,False,False,True
LOWVOL20,lowvol20_primary_reliable_sample,3,2021-06-30,Q4,-0.06054545061143606,0.33937679766341833,9,9,1.0,9,1.0,True,LOWVOL20,VOL20,20,21,20_baseline_calendar_entries,20,True,False,True,False,False,False,True
LOWVOL20,lowvol20_primary_reliable_sample,3,2021-06-30,Q5,-0.021965843856695238,0.36150576196828,9,9,1.0,9,1.0,True,LOWVOL20,VOL20,20,21,20_baseline_calendar_entries,20,True,False,True,False,False,False,True
LOWVOL20,lowvol20_primary_reliable_sample,3,2021-06-30,UNIVERSE,-0.04246366100425616,0.46823351923384327,47,47,1.0,47,1.0,True,LOWVOL20,VOL20,20,21,20_baseline_calendar_entries,20,True,False,True,False,False,False,True
LOWVOL20,lowvol20_primary_reliable_sample,3,2021-06-30,Q5-Q1,0.027398181566208653,-0.1868265195291452,47,47,1.0,47,1.0,True,LOWVOL20,VOL20,20,21,20_baseline_calendar_entries,20,True,False,True,False,False,False,True
LOWVOL20,lowvol20_primary_reliable_sample,3,2021-06-30,Q5-UNIVERSE,0.02049781714756092,-0.10672775726556327,47,47,1.0,47,1.0,True,LOWVOL20,VOL20,20,21,20_baseline_calendar_entries,20,True,False,True,False,False,False,True
LOWVOL20,lowvol20_primary_reliable_sample,4,2021-07-28,Q1,0.16800780762215567,0.6988250233339379,10,10,1.0,10,1.0,True,LOWVOL20,VOL20,20,21,20_baseline_calendar_entries,20,True,False,True,False,False,False,True
LOWVOL20,lowvol20_primary_reliable_sample,4,2021-07-28,Q2,0.13449392115354736,0.5574969622363507,10,10,1.0,10,1.0,True,LOWVOL20,VOL20,20,21,20_baseline_calendar_entries,20,True,False,True,False,False,False,True
LOWVOL20,lowvol20_primary_reliable_sample,4,2021-07-28,Q3,0.09305900788455668,0.5216273933857892,10,10,1.0,10,1.0,True,LOWVOL20,VOL20,20,21,20_baseline_calendar_entries,20,True,False,True,False,False,False,True
LOWVOL20,lowvol20_primary_reliable_sample,4,2021-07-28,Q4,0.10056481005507896,0.4302804990739091,10,10,1.0,10,1.0,True,LOWVOL20,VOL20,20,21,20_baseline_calendar_entries,20,True,False,True,False,False,False,True
LOWVOL20,lowvol20_primary_reliable_sample,4,2021-07-28,Q5,0.08922087015324558,0.37487985959832243,10,10,1.0,10,1.0,True,LOWVOL20,VOL20,20,21,20_baseline_calendar_entries,20,True,False,True,False,False,False,True
LOWVOL20,lowvol20_primary_reliable_sample,4,2021-07-28,UNIVERSE,0.11706928337371687,0.5166219475256618,50,50,1.0,50,1.0,True,LOWVOL20,VOL20,20,21,20_baseline_calendar_entries,20,True,False,True,False,False,False,True
LOWVOL20,lowvol20_primary_reliable_sample,4,2021-07-28,Q5-Q1,-0.07878693746891009,-0.3239451637356155,50,50,1.0,50,1.0,True,LOWVOL20,VOL20,20,21,20_baseline_calendar_entries,20,True,False,True,False,False,False,True
LOWVOL20,lowvol20_primary_reliable_sample,4,2021-07-28,Q5-UNIVERSE,-0.027848413220471296,-0.1417420879273394,50,50,1.0,50,1.0,True,LOWVOL20,VOL20,20,21,20_baseline_calendar_entries,20,True,False,True,False,False,False,True
LOWVOL20,lowvol20_primary_reliable_sample,5,2021-08-25,Q1,-0.08204973197293755,0.5895304245919906,10,10,1.0,10,1.0,True,LOWVOL20,VOL20,20,21,20_baseline_calendar_entries,20,True,False,True,False,False,False,True
LOWVOL20,lowvol20_primary_reliable_sample,5,2021-08-25,Q2,-0.03492013529971298,0.5114749682000473,10,10,1.0,10,1.0,True,LOWVOL20,VOL20,20,21,20_baseline_calendar_entries,20,True,False,True,False,False,False,True
LOWVOL20,lowvol20_primary_reliable_sample,5,2021-08-25,Q3,-0.030266188155743768,0.4145607806178254,10,10,1.0,10,1.0,True,LOWVOL20,VOL20,20,21,20_baseline_calendar_entries,20,True,False,True,False,False,False,True
LOWVOL20,lowvol20_primary_reliable_sample,5,2021-08-25,Q4,-0.007177765701382399,0.3735599921505962,10,10,1.0,10,1.0,True,LOWVOL20,VOL20,20,21,20_baseline_calendar_entries,20,True,False,True,False,False,False,True
LOWVOL20,lowvol20_primary_reliable_sample,5,2021-08-25,Q5,0.043177605762363805,0.40384684719423936,10,10,1.0,10,1.0,True,LOWVOL20,VOL20,20,21,20_baseline_calendar_entries,20,True,False,True,False,False,False,True
LOWVOL20,lowvol20_primary_reliable_sample,5,2021-08-25,UNIVERSE,-0.02224724307348258,0.45859460255093987,50,50,1.0,50,1.0,True,LOWVOL20,VOL20,20,21,20_baseline_calendar_entries,20,True,False,True,False,False,False,True
LOWVOL20,lowvol20_primary_reliable_sample,5,2021-08-25,Q5-Q1,0.12522733773530137,-0.1856835773977512,50,50,1.0,50,1.0,True,LOWVOL20,VOL20,20,21,20_baseline_calendar_entries,20,True,False,True,False,False,False,True
LOWVOL20,lowvol20_primary_reliable_sample,5,2021-08-25,Q5-UNIVERSE,0.06542484883584639,-0.05474775535670051,50,50,1.0,50,1.0,True,LOWVOL20,VOL20,20,21,20_baseline_calendar_entries,20,True,False,True,False,False,False,True
LOWVOL20,lowvol20_primary_reliable_sample,6,2021-09-24,Q1,-0.026357385941859383,0.6469145946660769,11,11,1.0,11,1.0,True,LOWVOL20,VOL20,20,21,20_baseline_calendar_entries,20,True,False,True,False,False,False,True
LOWVOL20,lowvol20_primary_reliable_sample,6,2021-09-24,Q2,-0.007412064561667153,0.5577081153268694,10,10,1.0,10,1.0,True,LOWVOL20,VOL20,20,21,20_baseline_calendar_entries,20,True,False,True,False,False,False,True
LOWVOL20,lowvol20_primary_reliable_sample,6,2021-09-24,Q3,-0.03564705077371588,0.4642954112196083,10,10,1.0,10,1.0,True,LOWVOL20,VOL20,20,21,20_baseline_calendar_entries,20,True,False,True,False,False,False,True
LOWVOL20,lowvol20_primary_reliable_sample,6,2021-09-24,Q4,-0.041363527387454344,0.4027130710259052,10,10,1.0,10,1.0,True,LOWVOL20,VOL20,20,21,20_baseline_calendar_entries,20,True,False,True,False,False,False,True
LOWVOL20,lowvol20_primary_reliable_sample,6,2021-09-24,Q5,-0.07047088735616285,0.33252361960993404,10,10,1.0,10,1.0,True,LOWVOL20,VOL20,20,21,20_baseline_calendar_entries,20,True,False,True,False,False,False,True
LOWVOL20,lowvol20_primary_reliable_sample,6,2021-09-24,UNIVERSE,-0.03605620678726383,0.48408750417941204,51,51,1.0,51,1.0,True,LOWVOL20,VOL20,20,21,20_baseline_calendar_entries,20,True,False,True,False,False,False,True
LOWVOL20,lowvol20_primary_reliable_sample,6,2021-09-24,Q5-Q1,-0.044113501414303466,-0.3143909750561429,51,51,1.0,51,1.0,True,LOWVOL20,VOL20,20,21,20_baseline_calendar_entries,20,True,False,True,False,False,False,True
LOWVOL20,lowvol20_primary_reliable_sample,6,2021-09-24,Q5-UNIVERSE,-0.034414680568899014,-0.151563884569478,51,51,1.0,51,1.0,True,LOWVOL20,VOL20,20,21,20_baseline_calendar_entries,20,True,False,True,False,False,False,True
LOWVOL20,lowvol20_primary_reliable_sample,7,2021-10-29,Q1,0.09074760912420142,0.46971193387290633,11,11,1.0,11,1.0,True,LOWVOL20,VOL20,20,21,20_baseline_calendar_entries,20,True,False,True,False,False,False,True
LOWVOL20,lowvol20_primary_reliable_sample,7,2021-10-29,Q2,0.19890198191958872,0.5581442895046055,10,10,1.0,10,1.0,True,LOWVOL20,VOL20,20,21,20_baseline_calendar_entries,20,True,False,True,False,False,False,True
LOWVOL20,lowvol20_primary_reliable_sample,7,2021-10-29,Q3,0.06864659509215582,0.42875731693901764,10,10,1.0,10,1.0,True,LOWVOL20,VOL20,20,21,20_baseline_calendar_entries,20,True,False,True,False,False,False,True
LOWVOL20,lowvol20_primary_reliable_sample,7,2021-10-29,Q4,0.09123268650549039,0.3593446820384978,10,10,1.0,10,1.0,True,LOWVOL20,VOL20,20,21,20_baseline_calendar_entries,20,True,False,True,False,False,False,True
LOWVOL20,lowvol20_primary_reliable_sample,7,2021-10-29,Q5,0.09011788887955545,0.26464486108863783,10,10,1.0,10,1.0,True,LOWVOL20,VOL20,20,21,20_baseline_calendar_entries,20,True,False,True,False,False,False,True
LOWVOL20,lowvol20_primary_reliable_sample,7,2021-10-29,UNIVERSE,0.1075924553791004,0.4171714268295992,51,51,1.0,51,1.0,True,LOWVOL20,VOL20,20,21,20_baseline_calendar_entries,20,True,False,True,False,False,False,True
LOWVOL20,lowvol20_primary_reliable_sample,7,2021-10-29,Q5-Q1,-0.0006297202446459704,-0.2050670727842685,51,51,1.0,51,1.0,True,LOWVOL20,VOL20,20,21,20_baseline_calendar_entries,20,True,False,True,False,False,False,True
LOWVOL20,lowvol20_primary_reliable_sample,7,2021-10-29,Q5-UNIVERSE,-0.017474566499544944,-0.15252656574096135,51,51,1.0,51,1.0,True,LOWVOL20,VOL20,20,21,20_baseline_calendar_entries,20,True,False,True,False,False,False,True
LOWVOL20,lowvol20_primary_reliable_sample,8,2021-11-26,Q1,0.048555164142150976,0.5581402661033589,11,11,1.0,11,1.0,True,LOWVOL20,VOL20,20,21,20_baseline_calendar_entries,20,True,False,True,False,False,False,True
LOWVOL20,lowvol20_primary_reliable_sample,8,2021-11-26,Q2,-0.0203907527621505,0.47087815266620325,10,10,1.0,10,1.0,True,LOWVOL20,VOL20,20,21,20_baseline_calendar_entries,20,True,False,True,False,False,False,True
LOWVOL20,lowvol20_primary_reliable_sample,8,2021-11-26,Q3,-0.03823506483081261,0.38537887980440677,10,10,1.0,10,1.0,True,LOWVOL20,VOL20,20,21,20_baseline_calendar_entries,20,True,False,True,False,False,False,True
LOWVOL20,lowvol20_primary_reliable_sample,8,2021-11-26,Q4,0.03301479989569196,0.4401838571785728,10,10,1.0,10,1.0,True,LOWVOL20,VOL20,20,21,20_baseline_calendar_entries,20,True,False,True,False,False,False,True
LOWVOL20,lowvol20_primary_reliable_sample,8,2021-11-26,Q5,-0.0011506534483173847,0.2879223309962079,10,10,1.0,10,1.0,True,LOWVOL20,VOL20,20,21,20_baseline_calendar_entries,20,True,False,True,False,False,False,True
LOWVOL20,lowvol20_primary_reliable_sample,8,2021-11-26,UNIVERSE,0.0052252959628975556,0.43104264967825207,51,51,1.0,51,1.0,True,LOWVOL20,VOL20,20,21,20_baseline_calendar_entries,20,True,False,True,False,False,False,True
LOWVOL20,lowvol20_primary_reliable_sample,8,2021-11-26,Q5-Q1,-0.04970581759046836,-0.270217935107151,51,51,1.0,51,1.0,True,LOWVOL20,VOL20,20,21,20_baseline_calendar_entries,20,True,False,True,False,False,False,True
LOWVOL20,lowvol20_primary_reliable_sample,8,2021-11-26,Q5-UNIVERSE,-0.00637594941121494,-0.14312031868204417,51,51,1.0,51,1.0,True,LOWVOL20,VOL20,20,21,20_baseline_calendar_entries,20,True,False,True,False,False,False,True
LOWVOL20,lowvol20_primary_reliable_sample,9,2021-12-24,Q1,0.001990775000220622,0.6249117341976081,11,11,1.0,11,1.0,True,LOWVOL20,VOL20,20,21,20_baseline_calendar_entries,20,True,False,True,False,False,False,True
LOWVOL20,lowvol20_primary_reliable_sample,9,2021-12-24,Q2,0.010672638311067573,0.4817801144312666,10,10,1.0,10,1.0,True,LOWVOL20,VOL20,20,21,20_baseline_calendar_entries,20,True,False,True,False,False,False,True
LOWVOL20,lowvol20_primary_reliable_sample,9,2021-12-24,Q3,0.07277405365260095,0.4698623265936188,10,10,1.0,10,1.0,True,LOWVOL20,VOL20,20,21,20_baseline_calendar_entries,20,True,False,True,False,False,False,True
LOWVOL20,lowvol20_primary_reliable_sample,9,2021-12-24,Q4,0.04606809810382665,0.4501506243485379,10,10,1.0,10,1.0,True,LOWVOL20,VOL20,20,21,20_baseline_calendar_entries,20,True,False,True,False,False,False,True
LOWVOL20,lowvol20_primary_reliable_sample,9,2021-12-24,Q5,0.028656677752905323,0.3376249943371912,10,10,1.0,10,1.0,True,LOWVOL20,VOL20,20,21,20_baseline_calendar_entries,20,True,False,True,False,False,False,True
LOWVOL20,lowvol20_primary_reliable_sample,9,2021-12-24,UNIVERSE,0.03144339614130259,0.4758472484956831,51,51,1.0,51,1.0,True,LOWVOL20,VOL20,20,21,20_baseline_calendar_entries,20,True,False,True,False,False,False,True
LOWVOL20,lowvol20_primary_reliable_sample,9,2021-12-24,Q5-Q1,0.0266659027526847,-0.287286739860417,51,51,1.0,51,1.0,True,LOWVOL20,VOL20,20,21,20_baseline_calendar_entries,20,True,False,True,False,False,False,True
LOWVOL20,lowvol20_primary_reliable_sample,9,2021-12-24,Q5-UNIVERSE,-0.0027867183883972697,-0.13822225415849193,51,51,1.0,51,1.0,True,LOWVOL20,VOL20,20,21,20_baseline_calendar_entries,20,True,False,True,False,False,False,True
LOWVOL20,lowvol20_primary_reliable_sample,10,2022-01-24,Q1,-0.13423204626428664,0.6072651657901441,11,11,1.0,11,1.0,True,LOWVOL20,VOL20,20,21,20_baseline_calendar_entries,20,True,False,True,False,False,False,True
LOWVOL20,lowvol20_primary_reliable_sample,10,2022-01-24,Q2,-0.016994567029049768,0.5668383215929224,10,10,1.0,10,1.0,True,LOWVOL20,VOL20,20,21,20_baseline_calendar_entries,20,True,False,True,False,False,False,True
LOWVOL20,lowvol20_primary_reliable_sample,10,2022-01-24,Q3,-0.09600490483564145,0.49437644869232855,10,10,1.0,10,1.0,True,LOWVOL20,VOL20,20,21,20_baseline_calendar_entries,20,True,False,True,False,False,False,True
LOWVOL20,lowvol20_primary_reliable_sample,10,2022-01-24,Q4,-0.014994601552590404,0.4886311080514254,10,10,1.0,10,1.0,True,LOWVOL20,VOL20,20,21,20_baseline_calendar_entries,20,True,False,True,False,False,False,True
LOWVOL20,lowvol20_primary_reliable_sample,10,2022-01-24,Q5,-0.044434741206486064,0.39760313964886035,10,10,1.0,10,1.0,True,LOWVOL20,VOL20,20,21,20_baseline_calendar_entries,20,True,False,True,False,False,False,True
LOWVOL20,lowvol20_primary_reliable_sample,10,2022-01-24,UNIVERSE,-0.06276158147342803,0.5128315098734696,51,51,1.0,51,1.0,True,LOWVOL20,VOL20,20,21,20_baseline_calendar_entries,20,True,False,True,False,False,False,True
LOWVOL20,lowvol20_primary_reliable_sample,10,2022-01-24,Q5-Q1,0.08979730505780058,-0.20966202614128376,51,51,1.0,51,1.0,True,LOWVOL20,VOL20,20,21,20_baseline_calendar_entries,20,True,False,True,False,False,False,True
LOWVOL20,lowvol20_primary_reliable_sample,10,2022-01-24,Q5-UNIVERSE,0.018326840266941966,-0.11522837022460924,51,51,1.0,51,1.0,True,LOWVOL20,VOL20,20,21,20_baseline_calendar_entries,20,True,False,True,False,False,False,True
LOWVOL20,lowvol20_primary_reliable_sample,11,2022-02-28,Q1,-0.12401532732076291,0.41966236266150414,11,11,1.0,11,1.0,True,LOWVOL20,VOL20,20,21,20_baseline_calendar_entries,20,True,False,True,False,False,False,True
LOWVOL20,lowvol20_primary_reliable_sample,11,2022-02-28,Q2,-0.10986493706998948,0.44194354783006123,10,10,1.0,10,1.0,True,LOWVOL20,VOL20,20,21,20_baseline_calendar_entries,20,True,False,True,False,False,False,True
LOWVOL20,lowvol20_primary_reliable_sample,11,2022-02-28,Q3,-0.12005024469816646,0.5136813838417456,10,10,1.0,10,1.0,True,LOWVOL20,VOL20,20,21,20_baseline_calendar_entries,20,True,False,True,False,False,False,True
LOWVOL20,lowvol20_primary_reliable_sample,11,2022-02-28,Q4,-0.1142458176467875,0.43474740036569115,10,10,1.0,10,1.0,True,LOWVOL20,VOL20,20,21,20_baseline_calendar_entries,20,True,False,True,False,False,False,True
LOWVOL20,lowvol20_primary_reliable_sample,11,2022-02-28,Q5,-0.09634431706770934,0.44815414817035454,10,10,1.0,10,1.0,True,LOWVOL20,VOL20,20,21,20_baseline_calendar_entries,20,True,False,True,False,False,False,True
LOWVOL20,lowvol20_primary_reliable_sample,11,2022-02-28,UNIVERSE,-0.11312199539911606,0.4510107998304916,51,51,1.0,51,1.0,True,LOWVOL20,VOL20,20,21,20_baseline_calendar_entries,20,True,False,True,False,False,False,True
LOWVOL20,lowvol20_primary_reliable_sample,11,2022-02-28,Q5-Q1,0.027671010253053574,0.028491785508850398,51,51,1.0,51,1.0,True,LOWVOL20,VOL20,20,21,20_baseline_calendar_entries,20,True,False,True,False,False,False,True
LOWVOL20,lowvol20_primary_reliable_sample,11,2022-02-28,Q5-UNIVERSE,0.016777678331406726,-0.002856651660137044,51,51,1.0,51,1.0,True,LOWVOL20,VOL20,20,21,20_baseline_calendar_entries,20,True,False,True,False,False,False,True
LOWVOL20,lowvol20_primary_reliable_sample,12,2022-03-28,Q1,-0.2473453596342295,0.658816954699181,11,11,1.0,11,1.0,True,LOWVOL20,VOL20,20,21,20_baseline_calendar_entries,20,True,False,True,False,False,False,True
LOWVOL20,lowvol20_primary_reliable_sample,12,2022-03-28,Q2,-0.1966756742670275,0.558046392189798,10,10,1.0,10,1.0,True,LOWVOL20,VOL20,20,21,20_baseline_calendar_entries,20,True,False,True,False,False,False,True
LOWVOL20,lowvol20_primary_reliable_sample,12,2022-03-28,Q3,-0.13934972543017726,0.5555450508135031,10,10,1.0,10,1.0,True,LOWVOL20,VOL20,20,21,20_baseline_calendar_entries,20,True,False,True,False,False,False,True
LOWVOL20,lowvol20_primary_reliable_sample,12,2022-03-28,Q4,-0.20121943291427757,0.5112740485434181,10,10,1.0,10,1.0,True,LOWVOL20,VOL20,20,21,20_baseline_calendar_entries,20,True,False,True,False,False,False,True
LOWVOL20,lowvol20_primary_reliable_sample,12,2022-03-28,Q5,-0.21154325541436095,0.5770363655312167,10,10,1.0,10,1.0,True,LOWVOL20,VOL20,20,21,20_baseline_calendar_entries,20,True,False,True,False,False,False,True
LOWVOL20,lowvol20_primary_reliable_sample,12,2022-03-28,UNIVERSE,-0.20017019286735213,0.5738432367151048,51,51,1.0,51,1.0,True,LOWVOL20,VOL20,20,21,20_baseline_calendar_entries,20,True,False,True,False,False,False,True
LOWVOL20,lowvol20_primary_reliable_sample,12,2022-03-28,Q5-Q1,0.03580210421986854,-0.08178058916796427,51,51,1.0,51,1.0,True,LOWVOL20,VOL20,20,21,20_baseline_calendar_entries,20,True,False,True,False,False,False,True
LOWVOL20,lowvol20_primary_reliable_sample,12,2022-03-28,Q5-UNIVERSE,-0.011373062547008816,0.00319312881611189,51,51,1.0,51,1.0,True,LOWVOL20,VOL20,20,21,20_baseline_calendar_entries,20,True,False,True,False,False,False,True
LOWVOL20,lowvol20_primary_reliable_sample,13,2022-04-27,Q1,0.14025911064900293,0.5821060648279164,11,11,1.0,11,1.0,True,LOWVOL20,VOL20,20,21,20_baseline_calendar_entries,20,True,False,True,False,False,False,True
LOWVOL20,lowvol20_primary_reliable_sample,13,2022-04-27,Q2,0.12055402131532489,0.4778211256254257,11,11,1.0,11,1.0,True,LOWVOL20,VOL20,20,21,20_baseline_calendar_entries,20,True,False,True,False,False,False,True
LOWVOL20,lowvol20_primary_reliable_sample,13,2022-04-27,Q3,0.13640383874695702,0.4737497176263738,10,10,1.0,10,1.0,True,LOWVOL20,VOL20,20,21,20_baseline_calendar_entries,20,True,False,True,False,False,False,True
LOWVOL20,lowvol20_primary_reliable_sample,13,2022-04-27,Q4,0.1442076490169056,0.4234517080634689,10,10,1.0,10,1.0,True,LOWVOL20,VOL20,20,21,20_baseline_calendar_entries,20,True,False,True,False,False,False,True
LOWVOL20,lowvol20_primary_reliable_sample,13,2022-04-27,Q5,0.048176521374246294,0.4141968990575874,10,10,1.0,10,1.0,True,LOWVOL20,VOL20,20,21,20_baseline_calendar_entries,20,True,False,True,False,False,False,True
LOWVOL20,lowvol20_primary_reliable_sample,13,2022-04-27,UNIVERSE,0.11840047198055181,0.47640735273963586,52,52,1.0,52,1.0,True,LOWVOL20,VOL20,20,21,20_baseline_calendar_entries,20,True,False,True,False,False,False,True
LOWVOL20,lowvol20_primary_reliable_sample,13,2022-04-27,Q5-Q1,-0.09208258927475663,-0.167909165770329,52,52,1.0,52,1.0,True,LOWVOL20,VOL20,20,21,20_baseline_calendar_entries,20,True,False,True,False,False,False,True
LOWVOL20,lowvol20_primary_reliable_sample,13,2022-04-27,Q5-UNIVERSE,-0.07022395060630551,-0.06221045368204847,52,52,1.0,52,1.0,True,LOWVOL20,VOL20,20,21,20_baseline_calendar_entries,20,True,False,True,False,False,False,True
LOWVOL20,lowvol20_primary_reliable_sample,14,2022-05-30,Q1,0.06231140674483707,0.3920206281338203,11,11,1.0,11,1.0,True,LOWVOL20,VOL20,20,21,20_baseline_calendar_entries,20,True,False,True,False,False,False,True
LOWVOL20,lowvol20_primary_reliable_sample,14,2022-05-30,Q2,0.17378404882519358,0.4738440182751464,11,11,1.0,11,1.0,True,LOWVOL20,VOL20,20,21,20_baseline_calendar_entries,20,True,False,True,False,False,False,True
LOWVOL20,lowvol20_primary_reliable_sample,14,2022-05-30,Q3,0.14323782439155003,0.3872638495628403,10,10,1.0,10,1.0,True,LOWVOL20,VOL20,20,21,20_baseline_calendar_entries,20,True,False,True,False,False,False,True
LOWVOL20,lowvol20_primary_reliable_sample,14,2022-05-30,Q4,0.09597597428173024,0.3237951697463813,10,10,1.0,10,1.0,True,LOWVOL20,VOL20,20,21,20_baseline_calendar_entries,20,True,False,True,False,False,False,True
LOWVOL20,lowvol20_primary_reliable_sample,14,2022-05-30,Q5,0.10647306031560022,0.3697488854293696,10,10,1.0,10,1.0,True,LOWVOL20,VOL20,20,21,20_baseline_calendar_entries,20,True,False,True,False,False,False,True
LOWVOL20,lowvol20_primary_reliable_sample,14,2022-05-30,UNIVERSE,0.11642151156075273,0.3910113491900874,52,52,1.0,52,1.0,True,LOWVOL20,VOL20,20,21,20_baseline_calendar_entries,20,True,False,True,False,False,False,True
LOWVOL20,lowvol20_primary_reliable_sample,14,2022-05-30,Q5-Q1,0.044161653570763154,-0.022271742704450703,52,52,1.0,52,1.0,True,LOWVOL20,VOL20,20,21,20_baseline_calendar_entries,20,True,False,True,False,False,False,True
LOWVOL20,lowvol20_primary_reliable_sample,14,2022-05-30,Q5-UNIVERSE,-0.009948451245152506,-0.021262463760717776,52,52,1.0,52,1.0,True,LOWVOL20,VOL20,20,21,20_baseline_calendar_entries,20,True,False,True,False,False,False,True
LOWVOL20,lowvol20_primary_reliable_sample,15,2022-06-28,Q1,0.00037881887623482,0.5038907841453479,11,11,1.0,11,1.0,True,LOWVOL20,VOL20,20,21,20_baseline_calendar_entries,20,True,False,True,False,False,False,True
LOWVOL20,lowvol20_primary_reliable_sample,15,2022-06-28,Q2,-0.05215527734315324,0.383265167496938,11,11,1.0,11,1.0,True,LOWVOL20,VOL20,20,21,20_baseline_calendar_entries,20,True,False,True,False,False,False,True
LOWVOL20,lowvol20_primary_reliable_sample,15,2022-06-28,Q3,-0.00161637875884163,0.34613815326260305,10,10,1.0,10,1.0,True,LOWVOL20,VOL20,20,21,20_baseline_calendar_entries,20,True,False,True,False,False,False,True
LOWVOL20,lowvol20_primary_reliable_sample,15,2022-06-28,Q4,-0.03823080640324481,0.30474551466470906,10,10,1.0,10,1.0,True,LOWVOL20,VOL20,20,21,20_baseline_calendar_entries,20,True,False,True,False,False,False,True
LOWVOL20,lowvol20_primary_reliable_sample,15,2022-06-28,Q5,0.01228663349089697,0.4034319593208239,10,10,1.0,10,1.0,True,LOWVOL20,VOL20,20,21,20_baseline_calendar_entries,20,True,False,True,False,False,False,True
LOWVOL20,lowvol20_primary_reliable_sample,15,2022-06-28,UNIVERSE,-0.016252818458615335,0.39042061039512505,52,52,1.0,52,1.0,True,LOWVOL20,VOL20,20,21,20_baseline_calendar_entries,20,True,False,True,False,False,False,True
LOWVOL20,lowvol20_primary_reliable_sample,15,2022-06-28,Q5-Q1,0.01190781461466215,-0.10045882482452406,52,52,1.0,52,1.0,True,LOWVOL20,VOL20,20,21,20_baseline_calendar_entries,20,True,False,True,False,False,False,True
LOWVOL20,lowvol20_primary_reliable_sample,15,2022-06-28,Q5-UNIVERSE,0.028539451949512306,0.013011348925698829,52,52,1.0,52,1.0,True,LOWVOL20,VOL20,20,21,20_baseline_calendar_entries,20,True,False,True,False,False,False,True
LOWVOL20,lowvol20_primary_reliable_sample,16,2022-07-26,Q1,0.027446878021498235,0.5025595887517927,11,11,1.0,11,1.0,True,LOWVOL20,VOL20,20,21,20_baseline_calendar_entries,20,True,False,True,False,False,False,True
LOWVOL20,lowvol20_primary_reliable_sample,16,2022-07-26,Q2,0.04672846155263944,0.40087944489309985,11,11,1.0,11,1.0,True,LOWVOL20,VOL20,20,21,20_baseline_calendar_entries,20,True,False,True,False,False,False,True
LOWVOL20,lowvol20_primary_reliable_sample,16,2022-07-26,Q3,0.020181645116740955,0.4568550832606661,10,10,1.0,10,1.0,True,LOWVOL20,VOL20,20,21,20_baseline_calendar_entries,20,True,False,True,False,False,False,True
LOWVOL20,lowvol20_primary_reliable_sample,16,2022-07-26,Q4,0.06282636103321926,0.41920747431723376,10,10,1.0,10,1.0,True,LOWVOL20,VOL20,20,21,20_baseline_calendar_entries,20,True,False,True,False,False,False,True
LOWVOL20,lowvol20_primary_reliable_sample,16,2022-07-26,Q5,-0.014103650238950372,0.33131213662471354,10,10,1.0,10,1.0,True,LOWVOL20,VOL20,20,21,20_baseline_calendar_entries,20,True,False,True,False,False,False,True
LOWVOL20,lowvol20_primary_reliable_sample,16,2022-07-26,UNIVERSE,0.02894177489280025,0.4232995444638454,52,52,1.0,52,1.0,True,LOWVOL20,VOL20,20,21,20_baseline_calendar_entries,20,True,False,True,False,False,False,True
LOWVOL20,lowvol20_primary_reliable_sample,16,2022-07-26,Q5-Q1,-0.04155052826044861,-0.1712474521270792,52,52,1.0,52,1.0,True,LOWVOL20,VOL20,20,21,20_baseline_calendar_entries,20,True,False,True,False,False,False,True
LOWVOL20,lowvol20_primary_reliable_sample,16,2022-07-26,Q5-UNIVERSE,-0.04304542513175062,-0.09198740783913184,52,52,1.0,52,1.0,True,LOWVOL20,VOL20,20,21,20_baseline_calendar_entries,20,True,False,True,False,False,False,True
LOWVOL20,lowvol20_primary_reliable_sample,17,2022-08-23,Q1,-0.05818541368896584,0.48958582068239154,11,11,1.0,11,1.0,True,LOWVOL20,VOL20,20,21,20_baseline_calendar_entries,20,True,False,True,False,False,False,True
LOWVOL20,lowvol20_primary_reliable_sample,17,2022-08-23,Q2,-0.08709954669063762,0.47451093289952034,11,11,1.0,11,1.0,True,LOWVOL20,VOL20,20,21,20_baseline_calendar_entries,20,True,False,True,False,False,False,True
LOWVOL20,lowvol20_primary_reliable_sample,17,2022-08-23,Q3,-0.11875659769291577,0.3034467516350371,10,10,1.0,10,1.0,True,LOWVOL20,VOL20,20,21,20_baseline_calendar_entries,20,True,False,True,False,False,False,True
LOWVOL20,lowvol20_primary_reliable_sample,17,2022-08-23,Q4,-0.09932029471959226,0.32344636072039906,10,10,1.0,10,1.0,True,LOWVOL20,VOL20,20,21,20_baseline_calendar_entries,20,True,False,True,False,False,False,True
LOWVOL20,lowvol20_primary_reliable_sample,17,2022-08-23,Q5,-0.08386123078125463,0.24592797448402742,10,10,1.0,10,1.0,True,LOWVOL20,VOL20,20,21,20_baseline_calendar_entries,20,True,False,True,False,False,False,True
LOWVOL20,lowvol20_primary_reliable_sample,17,2022-08-23,UNIVERSE,-0.08879838069448587,0.3717937530345321,52,52,1.0,52,1.0,True,LOWVOL20,VOL20,20,21,20_baseline_calendar_entries,20,True,False,True,False,False,False,True
LOWVOL20,lowvol20_primary_reliable_sample,17,2022-08-23,Q5-Q1,-0.025675817092288784,-0.24365784619836411,52,52,1.0,52,1.0,True,LOWVOL20,VOL20,20,21,20_baseline_calendar_entries,20,True,False,True,False,False,False,True
LOWVOL20,lowvol20_primary_reliable_sample,17,2022-08-23,Q5-UNIVERSE,0.004937149913231242,-0.12586577855050468,52,52,1.0,52,1.0,True,LOWVOL20,VOL20,20,21,20_baseline_calendar_entries,20,True,False,True,False,False,False,True
LOWVOL20,lowvol20_primary_reliable_sample,18,2022-09-21,Q1,0.04312334527236686,0.5691151909495908,11,11,1.0,11,1.0,True,LOWVOL20,VOL20,20,21,20_baseline_calendar_entries,20,True,False,True,False,False,False,True
LOWVOL20,lowvol20_primary_reliable_sample,18,2022-09-21,Q2,0.1127661897061172,0.5400696744018362,11,11,1.0,11,1.0,True,LOWVOL20,VOL20,20,21,20_baseline_calendar_entries,20,True,False,True,False,False,False,True
LOWVOL20,lowvol20_primary_reliable_sample,18,2022-09-21,Q3,0.01976370707642253,0.418083301443716,11,11,1.0,11,1.0,True,LOWVOL20,VOL20,20,21,20_baseline_calendar_entries,20,True,False,True,False,False,False,True
LOWVOL20,lowvol20_primary_reliable_sample,18,2022-09-21,Q4,-0.0001676576225466131,0.36002765262541053,10,10,1.0,10,1.0,True,LOWVOL20,VOL20,20,21,20_baseline_calendar_entries,20,True,False,True,False,False,False,True
LOWVOL20,lowvol20_primary_reliable_sample,18,2022-09-21,Q5,-0.0007636793639237194,0.3554895595014149,10,10,1.0,10,1.0,True,LOWVOL20,VOL20,20,21,20_baseline_calendar_entries,20,True,False,True,False,False,False,True
LOWVOL20,lowvol20_primary_reliable_sample,18,2022-09-21,UNIVERSE,0.03628060929696734,0.4519834331323552,53,53,1.0,53,1.0,True,LOWVOL20,VOL20,20,21,20_baseline_calendar_entries,20,True,False,True,False,False,False,True
LOWVOL20,lowvol20_primary_reliable_sample,18,2022-09-21,Q5-Q1,-0.04388702463629058,-0.21362563144817592,53,53,1.0,53,1.0,True,LOWVOL20,VOL20,20,21,20_baseline_calendar_entries,20,True,False,True,False,False,False,True
LOWVOL20,lowvol20_primary_reliable_sample,18,2022-09-21,Q5-UNIVERSE,-0.03704428866089106,-0.09649387363094025,53,53,1.0,53,1.0,True,LOWVOL20,VOL20,20,21,20_baseline_calendar_entries,20,True,False,True,False,False,False,True
LOWVOL20,lowvol20_primary_reliable_sample,19,2022-10-26,Q1,0.00016303232991476957,0.5189039617138459,11,11,1.0,11,1.0,True,LOWVOL20,VOL20,20,21,20_baseline_calendar_entries,20,True,False,True,False,False,False,True
LOWVOL20,lowvol20_primary_reliable_sample,19,2022-10-26,Q2,0.06216218455489619,0.4927234941411926,11,11,1.0,11,1.0,True,LOWVOL20,VOL20,20,21,20_baseline_calendar_entries,20,True,False,True,False,False,False,True
LOWVOL20,lowvol20_primary_reliable_sample,19,2022-10-26,Q3,0.040003170246683234,0.4907871229435818,11,11,1.0,11,1.0,True,LOWVOL20,VOL20,20,21,20_baseline_calendar_entries,20,True,False,True,False,False,False,True
LOWVOL20,lowvol20_primary_reliable_sample,19,2022-10-26,Q4,0.0709049873732905,0.3771169864701425,10,10,1.0,10,1.0,True,LOWVOL20,VOL20,20,21,20_baseline_calendar_entries,20,True,False,True,False,False,False,True
LOWVOL20,lowvol20_primary_reliable_sample,19,2022-10-26,Q5,0.05917046493461442,0.3438040310086463,10,10,1.0,10,1.0,True,LOWVOL20,VOL20,20,21,20_baseline_calendar_entries,20,True,False,True,False,False,False,True
LOWVOL20,lowvol20_primary_reliable_sample,19,2022-10-26,UNIVERSE,0.04578050531180162,0.44784472719948515,53,53,1.0,53,1.0,True,LOWVOL20,VOL20,20,21,20_baseline_calendar_entries,20,True,False,True,False,False,False,True
LOWVOL20,lowvol20_primary_reliable_sample,19,2022-10-26,Q5-Q1,0.05900743260469965,-0.17509993070519958,53,53,1.0,53,1.0,True,LOWVOL20,VOL20,20,21,20_baseline_calendar_entries,20,True,False,True,False,False,False,True
LOWVOL20,lowvol20_primary_reliable_sample,19,2022-10-26,Q5-UNIVERSE,0.013389959622812801,-0.10404069619083883,53,53,1.0,53,1.0,True,LOWVOL20,VOL20,20,21,20_baseline_calendar_entries,20,True,False,True,False,False,False,True
LOWVOL20,lowvol20_primary_reliable_sample,20,2022-11-23,Q1,-0.09583686238108037,0.3594133530549986,11,11,1.0,11,1.0,True,LOWVOL20,VOL20,20,21,20_baseline_calendar_entries,20,True,False,True,False,False,False,True
LOWVOL20,lowvol20_primary_reliable_sample,20,2022-11-23,Q2,-0.10099300112859795,0.33257710823923275,11,11,1.0,11,1.0,True,LOWVOL20,VOL20,20,21,20_baseline_calendar_entries,20,True,False,True,False,False,False,True
LOWVOL20,lowvol20_primary_reliable_sample,20,2022-11-23,Q3,-0.03174491309445484,0.3507815192819063,11,11,1.0,11,1.0,True,LOWVOL20,VOL20,20,21,20_baseline_calendar_entries,20,True,False,True,False,False,False,True
LOWVOL20,lowvol20_primary_reliable_sample,20,2022-11-23,Q4,-0.028932592691328484,0.30747455613016117,10,10,1.0,10,1.0,True,LOWVOL20,VOL20,20,21,20_baseline_calendar_entries,20,True,False,True,False,False,False,True
LOWVOL20,lowvol20_primary_reliable_sample,20,2022-11-23,Q5,-0.05034854218023316,0.2681793923302874,10,10,1.0,10,1.0,True,LOWVOL20,VOL20,20,21,20_baseline_calendar_entries,20,True,False,True,False,False,False,True
LOWVOL20,lowvol20_primary_reliable_sample,20,2022-11-23,UNIVERSE,-0.062398752667190215,0.3250383258668302,53,53,1.0,53,1.0,True,LOWVOL20,VOL20,20,21,20_baseline_calendar_entries,20,True,False,True,False,False,False,True
LOWVOL20,lowvol20_primary_reliable_sample,20,2022-11-23,Q5-Q1,0.04548832020084721,-0.09123396072471118,53,53,1.0,53,1.0,True,LOWVOL20,VOL20,20,21,20_baseline_calendar_entries,20,True,False,True,False,False,False,True
LOWVOL20,lowvol20_primary_reliable_sample,20,2022-11-23,Q5-UNIVERSE,0.012050210486957057,-0.056858933536542755,53,53,1.0,53,1.0,True,LOWVOL20,VOL20,20,21,20_baseline_calendar_entries,20,True,False,True,False,False,False,True
LOWVOL20,lowvol20_primary_reliable_sample,21,2022-12-21,Q1,0.1094996823296312,0.39557656426092797,11,11,1.0,11,1.0,True,LOWVOL20,VOL20,20,21,20_baseline_calendar_entries,20,True,False,True,False,False,False,True
LOWVOL20,lowvol20_primary_reliable_sample,21,2022-12-21,Q2,0.13079279666955956,0.40446271595900835,11,11,1.0,11,1.0,True,LOWVOL20,VOL20,20,21,20_baseline_calendar_entries,20,True,False,True,False,False,False,True
LOWVOL20,lowvol20_primary_reliable_sample,21,2022-12-21,Q3,0.1629084891376187,0.43438031656797177,11,11,1.0,11,1.0,True,LOWVOL20,VOL20,20,21,20_baseline_calendar_entries,20,True,False,True,False,False,False,True
LOWVOL20,lowvol20_primary_reliable_sample,21,2022-12-21,Q4,0.0979836417826629,0.2817164561786042,11,11,1.0,11,1.0,True,LOWVOL20,VOL20,20,21,20_baseline_calendar_entries,20,True,False,True,False,False,False,True
LOWVOL20,lowvol20_primary_reliable_sample,21,2022-12-21,Q5,0.12064233972828446,0.32330714607131755,10,10,1.0,10,1.0,True,LOWVOL20,VOL20,20,21,20_baseline_calendar_entries,20,True,False,True,False,False,False,True
LOWVOL20,lowvol20_primary_reliable_sample,21,2022-12-21,UNIVERSE,0.12443433530364889,0.3687142230249038,54,54,1.0,54,1.0,True,LOWVOL20,VOL20,20,21,20_baseline_calendar_entries,20,True,False,True,False,False,False,True
LOWVOL20,lowvol20_primary_reliable_sample,21,2022-12-21,Q5-Q1,0.011142657398653263,-0.07226941818961041,54,54,1.0,54,1.0,True,LOWVOL20,VOL20,20,21,20_baseline_calendar_entries,20,True,False,True,False,False,False,True
LOWVOL20,lowvol20_primary_reliable_sample,21,2022-12-21,Q5-UNIVERSE,-0.003791995575364429,-0.045407076953586256,54,54,1.0,54,1.0,True,LOWVOL20,VOL20,20,21,20_baseline_calendar_entries,20,True,False,True,False,False,False,True
LOWVOL20,lowvol20_primary_reliable_sample,22,2023-01-19,Q1,0.008666051457721702,0.45859196326875973,11,11,1.0,11,1.0,True,LOWVOL20,VOL20,20,21,20_baseline_calendar_entries,20,True,False,True,False,False,False,True
LOWVOL20,lowvol20_primary_reliable_sample,22,2023-01-19,Q2,0.04118878123677754,0.48563255920541587,11,11,1.0,11,1.0,True,LOWVOL20,VOL20,20,21,20_baseline_calendar_entries,20,True,False,True,False,False,False,True
LOWVOL20,lowvol20_primary_reliable_sample,22,2023-01-19,Q3,0.09581079433550696,0.4330119294550224,11,11,1.0,11,1.0,True,LOWVOL20,VOL20,20,21,20_baseline_calendar_entries,20,True,False,True,False,False,False,True
LOWVOL20,lowvol20_primary_reliable_sample,22,2023-01-19,Q4,0.07024099715318394,0.4569803446689315,11,11,1.0,11,1.0,True,LOWVOL20,VOL20,20,21,20_baseline_calendar_entries,20,True,False,True,False,False,False,True
LOWVOL20,lowvol20_primary_reliable_sample,22,2023-01-19,Q5,0.15498242466059742,0.4670856816841195,10,10,1.0,10,1.0,True,LOWVOL20,VOL20,20,21,20_baseline_calendar_entries,20,True,False,True,False,False,False,True
LOWVOL20,lowvol20_primary_reliable_sample,22,2023-01-19,UNIVERSE,0.07268142801150121,0.4601341033226041,54,54,1.0,54,1.0,True,LOWVOL20,VOL20,20,21,20_baseline_calendar_entries,20,True,False,True,False,False,False,True
LOWVOL20,lowvol20_primary_reliable_sample,22,2023-01-19,Q5-Q1,0.14631637320287572,0.008493718415359786,54,54,1.0,54,1.0,True,LOWVOL20,VOL20,20,21,20_baseline_calendar_entries,20,True,False,True,False,False,False,True
LOWVOL20,lowvol20_primary_reliable_sample,22,2023-01-19,Q5-UNIVERSE,0.08230099664909621,0.006951578361515387,54,54,1.0,54,1.0,True,LOWVOL20,VOL20,20,21,20_baseline_calendar_entries,20,True,False,True,False,False,False,True
LOWVOL20,lowvol20_primary_reliable_sample,23,2023-02-23,Q1,0.212211800038285,0.6108951196580292,11,11,1.0,11,1.0,True,LOWVOL20,VOL20,20,21,20_baseline_calendar_entries,20,True,False,True,False,False,False,True
LOWVOL20,lowvol20_primary_reliable_sample,23,2023-02-23,Q2,0.23745930102963175,0.5983190102681077,11,11,1.0,11,1.0,True,LOWVOL20,VOL20,20,21,20_baseline_calendar_entries,20,True,False,True,False,False,False,True
LOWVOL20,lowvol20_primary_reliable_sample,23,2023-02-23,Q3,0.1268899320938703,0.4700911057893131,11,11,1.0,11,1.0,True,LOWVOL20,VOL20,20,21,20_baseline_calendar_entries,20,True,False,True,False,False,False,True
LOWVOL20,lowvol20_primary_reliable_sample,23,2023-02-23,Q4,0.10661692459673935,0.4595507979490818,11,11,1.0,11,1.0,True,LOWVOL20,VOL20,20,21,20_baseline_calendar_entries,20,True,False,True,False,False,False,True
LOWVOL20,lowvol20_primary_reliable_sample,23,2023-02-23,Q5,0.1451486754404938,0.41736456335121985,10,10,1.0,10,1.0,True,LOWVOL20,VOL20,20,21,20_baseline_calendar_entries,20,True,False,True,False,False,False,True
LOWVOL20,lowvol20_primary_reliable_sample,23,2023-02-23,UNIVERSE,0.16604526462497646,0.5129826297004082,54,54,1.0,54,1.0,True,LOWVOL20,VOL20,20,21,20_baseline_calendar_entries,20,True,False,True,False,False,False,True
LOWVOL20,lowvol20_primary_reliable_sample,23,2023-02-23,Q5-Q1,-0.06706312459779118,-0.19353055630680938,54,54,1.0,54,1.0,True,LOWVOL20,VOL20,20,21,20_baseline_calendar_entries,20,True,False,True,False,False,False,True
LOWVOL20,lowvol20_primary_reliable_sample,23,2023-02-23,Q5-UNIVERSE,-0.020896589184482645,-0.09561806634918835,54,54,1.0,54,1.0,True,LOWVOL20,VOL20,20,21,20_baseline_calendar_entries,20,True,False,True,False,False,False,True
LOWVOL20,lowvol20_primary_reliable_sample,24,2023-03-23,Q1,0.025625939019797303,0.8668401969576377,11,11,1.0,11,1.0,True,LOWVOL20,VOL20,20,21,20_baseline_calendar_entries,20,True,False,True,False,False,False,True
LOWVOL20,lowvol20_primary_reliable_sample,24,2023-03-23,Q2,0.006767604157231624,0.715882239248481,11,11,1.0,11,1.0,True,LOWVOL20,VOL20,20,21,20_baseline_calendar_entries,20,True,False,True,False,False,False,True
LOWVOL20,lowvol20_primary_reliable_sample,24,2023-03-23,Q3,0.007607251176238869,0.6780360326492111,11,11,1.0,11,1.0,True,LOWVOL20,VOL20,20,21,20_baseline_calendar_entries,20,True,False,True,False,False,False,True
LOWVOL20,lowvol20_primary_reliable_sample,24,2023-03-23,Q4,-0.07093339049807439,0.6114459585508816,11,11,1.0,11,1.0,True,LOWVOL20,VOL20,20,21,20_baseline_calendar_entries,20,True,False,True,False,False,False,True
LOWVOL20,lowvol20_primary_reliable_sample,24,2023-03-23,Q5,-0.006923188736436547,0.4448493807191377,10,10,1.0,10,1.0,True,LOWVOL20,VOL20,20,21,20_baseline_calendar_entries,20,True,False,True,False,False,False,True
LOWVOL20,lowvol20_primary_reliable_sample,24,2023-03-23,UNIVERSE,-0.007583156388097001,0.6674581946048095,54,54,1.0,54,1.0,True,LOWVOL20,VOL20,20,21,20_baseline_calendar_entries,20,True,False,True,False,False,False,True
LOWVOL20,lowvol20_primary_reliable_sample,24,2023-03-23,Q5-Q1,-0.03254912775623385,-0.4219908162385,54,54,1.0,54,1.0,True,LOWVOL20,VOL20,20,21,20_baseline_calendar_entries,20,True,False,True,False,False,False,True
LOWVOL20,lowvol20_primary_reliable_sample,24,2023-03-23,Q5-UNIVERSE,0.0006599676516604539,-0.22260881388567177,54,54,1.0,54,1.0,True,LOWVOL20,VOL20,20,21,20_baseline_calendar_entries,20,True,False,True,False,False,False,True
LOWVOL20,lowvol20_primary_reliable_sample,25,2023-04-21,Q1,-0.06724447631015035,0.830773297955065,11,11,1.0,11,1.0,True,LOWVOL20,VOL20,20,21,20_baseline_calendar_entries,20,True,False,True,False,False,False,True
LOWVOL20,lowvol20_primary_reliable_sample,25,2023-04-21,Q2,-0.036700498727847065,0.6824994728248116,11,11,1.0,11,1.0,True,LOWVOL20,VOL20,20,21,20_baseline_calendar_entries,20,True,False,True,False,False,False,True
LOWVOL20,lowvol20_primary_reliable_sample,25,2023-04-21,Q3,-0.07928933693970217,0.5341470208002286,11,11,1.0,11,1.0,True,LOWVOL20,VOL20,20,21,20_baseline_calendar_entries,20,True,False,True,False,False,False,True
LOWVOL20,lowvol20_primary_reliable_sample,25,2023-04-21,Q4,-0.04955764949525598,0.5177314319184879,11,11,1.0,11,1.0,True,LOWVOL20,VOL20,20,21,20_baseline_calendar_entries,20,True,False,True,False,False,False,True
LOWVOL20,lowvol20_primary_reliable_sample,25,2023-04-21,Q5,-0.018592415534799945,0.3458113346344107,10,10,1.0,10,1.0,True,LOWVOL20,VOL20,20,21,20_baseline_calendar_entries,20,True,False,True,False,False,False,True
LOWVOL20,lowvol20_primary_reliable_sample,25,2023-04-21,UNIVERSE,-0.050863624658342786,0.5865699408301598,54,54,1.0,54,1.0,True,LOWVOL20,VOL20,20,21,20_baseline_calendar_entries,20,True,False,True,False,False,False,True
LOWVOL20,lowvol20_primary_reliable_sample,25,2023-04-21,Q5-Q1,0.048652060775350406,-0.48496196332065433,54,54,1.0,54,1.0,True,LOWVOL20,VOL20,20,21,20_baseline_calendar_entries,20,True,False,True,False,False,False,True
LOWVOL20,lowvol20_primary_reliable_sample,25,2023-04-21,Q5-UNIVERSE,0.03227120912354284,-0.24075860619574907,54,54,1.0,54,1.0,True,LOWVOL20,VOL20,20,21,20_baseline_calendar_entries,20,True,False,True,False,False,False,True
LOWVOL20,lowvol20_primary_reliable_sample,26,2023-05-24,Q1,0.129192241596437,0.6506525700171176,11,11,1.0,11,1.0,True,LOWVOL20,VOL20,20,21,20_baseline_calendar_entries,20,True,False,True,False,False,False,True
LOWVOL20,lowvol20_primary_reliable_sample,26,2023-05-24,Q2,0.2343928145926176,0.5445060390927761,11,11,1.0,11,1.0,True,LOWVOL20,VOL20,20,21,20_baseline_calendar_entries,20,True,False,True,False,False,False,True
LOWVOL20,lowvol20_primary_reliable_sample,26,2023-05-24,Q3,0.21280876773049281,0.5199267241273545,11,11,1.0,11,1.0,True,LOWVOL20,VOL20,20,21,20_baseline_calendar_entries,20,True,False,True,False,False,False,True
LOWVOL20,lowvol20_primary_reliable_sample,26,2023-05-24,Q4,0.11976396025073281,0.4054473857062716,11,11,1.0,11,1.0,True,LOWVOL20,VOL20,20,21,20_baseline_calendar_entries,20,True,False,True,False,False,False,True
LOWVOL20,lowvol20_primary_reliable_sample,26,2023-05-24,Q5,-0.002646780505811608,0.3477532249641888,10,10,1.0,10,1.0,True,LOWVOL20,VOL20,20,21,20_baseline_calendar_entries,20,True,False,True,False,False,False,True
LOWVOL20,lowvol20_primary_reliable_sample,26,2023-05-24,UNIVERSE,0.14131977445953645,0.49635911403741856,54,54,1.0,54,1.0,True,LOWVOL20,VOL20,20,21,20_baseline_calendar_entries,20,True,False,True,False,False,False,True
LOWVOL20,lowvol20_primary_reliable_sample,26,2023-05-24,Q5-Q1,-0.1318390221022486,-0.3028993450529288,54,54,1.0,54,1.0,True,LOWVOL20,VOL20,20,21,20_baseline_calendar_entries,20,True,False,True,False,False,False,True
LOWVOL20,lowvol20_primary_reliable_sample,26,2023-05-24,Q5-UNIVERSE,-0.14396655496534805,-0.14860588907322975,54,54,1.0,54,1.0,True,LOWVOL20,VOL20,20,21,20_baseline_calendar_entries,20,True,False,True,False,False,False,True
LOWVOL20,lowvol20_primary_reliable_sample,27,2023-06-21,Q1,-0.1635817848417336,0.6061538880194657,11,11,1.0,11,1.0,True,LOWVOL20,VOL20,20,21,20_baseline_calendar_entries,20,True,False,True,False,False,False,True
LOWVOL20,lowvol20_primary_reliable_sample,27,2023-06-21,Q2,-0.12497670868773104,0.47838308909136307,11,11,1.0,11,1.0,True,LOWVOL20,VOL20,20,21,20_baseline_calendar_entries,20,True,False,True,False,False,False,True
LOWVOL20,lowvol20_primary_reliable_sample,27,2023-06-21,Q3,-0.13437006771805732,0.5089343836815995,11,11,1.0,11,1.0,True,LOWVOL20,VOL20,20,21,20_baseline_calendar_entries,20,True,False,True,False,False,False,True
LOWVOL20,lowvol20_primary_reliable_sample,27,2023-06-21,Q4,-0.07748446101275168,0.38505380345842705,11,11,1.0,11,1.0,True,LOWVOL20,VOL20,20,21,20_baseline_calendar_entries,20,True,False,True,False,False,False,True
LOWVOL20,lowvol20_primary_reliable_sample,27,2023-06-21,Q5,-0.04989368366216829,0.298655990375808,10,10,1.0,10,1.0,True,LOWVOL20,VOL20,20,21,20_baseline_calendar_entries,20,True,False,True,False,False,False,True
LOWVOL20,lowvol20_primary_reliable_sample,27,2023-06-21,UNIVERSE,-0.11117555706453135,0.45833956871328674,54,54,1.0,54,1.0,True,LOWVOL20,VOL20,20,21,20_baseline_calendar_entries,20,True,False,True,False,False,False,True
LOWVOL20,lowvol20_primary_reliable_sample,27,2023-06-21,Q5-Q1,0.11368810117956532,-0.3074978976436577,54,54,1.0,54,1.0,True,LOWVOL20,VOL20,20,21,20_baseline_calendar_entries,20,True,False,True,False,False,False,True
LOWVOL20,lowvol20_primary_reliable_sample,27,2023-06-21,Q5-UNIVERSE,0.06128187340236306,-0.15968357833747876,54,54,1.0,54,1.0,True,LOWVOL20,VOL20,20,21,20_baseline_calendar_entries,20,True,False,True,False,False,False,True
LOWVOL20,lowvol20_primary_reliable_sample,28,2023-07-21,Q1,-0.1035787052455362,0.4598975169775558,11,11,1.0,11,1.0,True,LOWVOL20,VOL20,20,21,20_baseline_calendar_entries,20,True,False,True,False,False,False,True
LOWVOL20,lowvol20_primary_reliable_sample,28,2023-07-21,Q2,-0.08017954994672112,0.3790966689023536,11,11,1.0,11,1.0,True,LOWVOL20,VOL20,20,21,20_baseline_calendar_entries,20,True,False,True,False,False,False,True
LOWVOL20,lowvol20_primary_reliable_sample,28,2023-07-21,Q3,-0.07312404664419077,0.40049190328606554,11,11,1.0,11,1.0,True,LOWVOL20,VOL20,20,21,20_baseline_calendar_entries,20,True,False,True,False,False,False,True
LOWVOL20,lowvol20_primary_reliable_sample,28,2023-07-21,Q4,-0.0007543941505196691,0.3200136179308808,11,11,1.0,11,1.0,True,LOWVOL20,VOL20,20,21,20_baseline_calendar_entries,20,True,False,True,False,False,False,True
LOWVOL20,lowvol20_primary_reliable_sample,28,2023-07-21,Q5,-0.03023869514055997,0.2744586707581117,10,10,1.0,10,1.0,True,LOWVOL20,VOL20,20,21,20_baseline_calendar_entries,20,True,False,True,False,False,False,True
LOWVOL20,lowvol20_primary_reliable_sample,28,2023-07-21,UNIVERSE,-0.058081307541893425,0.36850154603049134,54,54,1.0,54,1.0,True,LOWVOL20,VOL20,20,21,20_baseline_calendar_entries,20,True,False,True,False,False,False,True
LOWVOL20,lowvol20_primary_reliable_sample,28,2023-07-21,Q5-Q1,0.07334001010497623,-0.18543884621944412,54,54,1.0,54,1.0,True,LOWVOL20,VOL20,20,21,20_baseline_calendar_entries,20,True,False,True,False,False,False,True
LOWVOL20,lowvol20_primary_reliable_sample,28,2023-07-21,Q5-UNIVERSE,0.027842612401333455,-0.09404287527237964,54,54,1.0,54,1.0,True,LOWVOL20,VOL20,20,21,20_baseline_calendar_entries,20,True,False,True,False,False,False,True
LOWVOL20,lowvol20_primary_reliable_sample,29,2023-08-18,Q1,-0.05038192947992941,0.48496594802083953,11,11,1.0,11,1.0,True,LOWVOL20,VOL20,20,21,20_baseline_calendar_entries,20,True,False,True,False,False,False,True
LOWVOL20,lowvol20_primary_reliable_sample,29,2023-08-18,Q2,-0.07505773999829846,0.47569239440968736,11,11,1.0,11,1.0,True,LOWVOL20,VOL20,20,21,20_baseline_calendar_entries,20,True,False,True,False,False,False,True
LOWVOL20,lowvol20_primary_reliable_sample,29,2023-08-18,Q3,0.03704504846085755,0.5230149807330325,11,11,1.0,11,1.0,True,LOWVOL20,VOL20,20,21,20_baseline_calendar_entries,20,True,False,True,False,False,False,True
LOWVOL20,lowvol20_primary_reliable_sample,29,2023-08-18,Q4,0.0011409787235065118,0.3901418657675633,11,11,1.0,11,1.0,True,LOWVOL20,VOL20,20,21,20_baseline_calendar_entries,20,True,False,True,False,False,False,True
LOWVOL20,lowvol20_primary_reliable_sample,29,2023-08-18,Q5,-0.015882532022677264,0.3076205435299092,10,10,1.0,10,1.0,True,LOWVOL20,VOL20,20,21,20_baseline_calendar_entries,20,True,False,True,False,False,False,True
LOWVOL20,lowvol20_primary_reliable_sample,29,2023-08-18,UNIVERSE,-0.020715099730727302,0.43866986136187847,54,54,1.0,54,1.0,True,LOWVOL20,VOL20,20,21,20_baseline_calendar_entries,20,True,False,True,False,False,False,True
LOWVOL20,lowvol20_primary_reliable_sample,29,2023-08-18,Q5-Q1,0.03449939745725214,-0.17734540449093034,54,54,1.0,54,1.0,True,LOWVOL20,VOL20,20,21,20_baseline_calendar_entries,20,True,False,True,False,False,False,True
LOWVOL20,lowvol20_primary_reliable_sample,29,2023-08-18,Q5-UNIVERSE,0.004832567708050038,-0.13104931783196927,54,54,1.0,54,1.0,True,LOWVOL20,VOL20,20,21,20_baseline_calendar_entries,20,True,False,True,False,False,False,True
LOWVOL20,lowvol20_primary_reliable_sample,30,2023-09-15,Q1,-0.056829587495918286,0.526237421633316,11,11,1.0,11,1.0,True,LOWVOL20,VOL20,20,21,20_baseline_calendar_entries,20,True,False,True,False,False,False,True
LOWVOL20,lowvol20_primary_reliable_sample,30,2023-09-15,Q2,-0.08859086647124127,0.4124389445961649,11,11,1.0,11,1.0,True,LOWVOL20,VOL20,20,21,20_baseline_calendar_entries,20,True,False,True,False,False,False,True
LOWVOL20,lowvol20_primary_reliable_sample,30,2023-09-15,Q3,-0.07978598834306998,0.3999007781030897,11,11,1.0,11,1.0,True,LOWVOL20,VOL20,20,21,20_baseline_calendar_entries,20,True,False,True,False,False,False,True
LOWVOL20,lowvol20_primary_reliable_sample,30,2023-09-15,Q4,-0.07426050044216127,0.3318414793134883,11,11,1.0,11,1.0,True,LOWVOL20,VOL20,20,21,20_baseline_calendar_entries,20,True,False,True,False,False,False,True
LOWVOL20,lowvol20_primary_reliable_sample,30,2023-09-15,Q5,-0.08653853260969455,0.25272242991785326,10,10,1.0,10,1.0,True,LOWVOL20,VOL20,20,21,20_baseline_calendar_entries,20,True,False,True,False,False,False,True
LOWVOL20,lowvol20_primary_reliable_sample,30,2023-09-15,UNIVERSE,-0.07702817956246749,0.387070910357133,54,54,1.0,54,1.0,True,LOWVOL20,VOL20,20,21,20_baseline_calendar_entries,20,True,False,True,False,False,False,True
LOWVOL20,lowvol20_primary_reliable_sample,30,2023-09-15,Q5-Q1,-0.02970894511377626,-0.27351499171546273,54,54,1.0,54,1.0,True,LOWVOL20,VOL20,20,21,20_baseline_calendar_entries,20,True,False,True,False,False,False,True
LOWVOL20,lowvol20_primary_reliable_sample,30,2023-09-15,Q5-UNIVERSE,-0.009510353047227055,-0.13434848043927972,54,54,1.0,54,1.0,True,LOWVOL20,VOL20,20,21,20_baseline_calendar_entries,20,True,False,True,False,False,False,True
LOWVOL20,lowvol20_primary_reliable_sample,31,2023-10-23,Q1,0.2281614840205454,0.5709171009568604,11,11,1.0,11,1.0,True,LOWVOL20,VOL20,20,21,20_baseline_calendar_entries,20,True,False,True,False,False,False,True
LOWVOL20,lowvol20_primary_reliable_sample,31,2023-10-23,Q2,0.13049739732927784,0.4088893096872972,11,11,1.0,11,1.0,True,LOWVOL20,VOL20,20,21,20_baseline_calendar_entries,20,True,False,True,False,False,False,True
LOWVOL20,lowvol20_primary_reliable_sample,31,2023-10-23,Q3,0.17524600798535347,0.3980051596471958,11,11,1.0,11,1.0,True,LOWVOL20,VOL20,20,21,20_baseline_calendar_entries,20,True,False,True,False,False,False,True
LOWVOL20,lowvol20_primary_reliable_sample,31,2023-10-23,Q4,0.17015572541821536,0.33958700145679993,11,11,1.0,11,1.0,True,LOWVOL20,VOL20,20,21,20_baseline_calendar_entries,20,True,False,True,False,False,False,True
LOWVOL20,lowvol20_primary_reliable_sample,31,2023-10-23,Q5,0.18158377446464014,0.33534880335369577,10,10,1.0,10,1.0,True,LOWVOL20,VOL20,20,21,20_baseline_calendar_entries,20,True,False,True,False,False,False,True
LOWVOL20,lowvol20_primary_reliable_sample,31,2023-10-23,UNIVERSE,0.17704637975803175,0.4119420800512341,54,54,1.0,54,1.0,True,LOWVOL20,VOL20,20,21,20_baseline_calendar_entries,20,True,False,True,False,False,False,True
LOWVOL20,lowvol20_primary_reliable_sample,31,2023-10-23,Q5-Q1,-0.04657770955590526,-0.23556829760316467,54,54,1.0,54,1.0,True,LOWVOL20,VOL20,20,21,20_baseline_calendar_entries,20,True,False,True,False,False,False,True
LOWVOL20,lowvol20_primary_reliable_sample,31,2023-10-23,Q5-UNIVERSE,0.004537394706608383,-0.07659327669753835,54,54,1.0,54,1.0,True,LOWVOL20,VOL20,20,21,20_baseline_calendar_entries,20,True,False,True,False,False,False,True
LOWVOL20,lowvol20_primary_reliable_sample,32,2023-11-20,Q1,-0.07648391536742606,0.4695984735085531,11,11,1.0,11,1.0,True,LOWVOL20,VOL20,20,21,20_baseline_calendar_entries,20,True,False,True,False,False,False,True
LOWVOL20,lowvol20_primary_reliable_sample,32,2023-11-20,Q2,-0.03350534126778242,0.40767462396121057,11,11,1.0,11,1.0,True,LOWVOL20,VOL20,20,21,20_baseline_calendar_entries,20,True,False,True,False,False,False,True
LOWVOL20,lowvol20_primary_reliable_sample,32,2023-11-20,Q3,-0.0669573707178789,0.3630388459432738,11,11,1.0,11,1.0,True,LOWVOL20,VOL20,20,21,20_baseline_calendar_entries,20,True,False,True,False,False,False,True
LOWVOL20,lowvol20_primary_reliable_sample,32,2023-11-20,Q4,-0.05536285753750047,0.3014055712451155,11,11,1.0,11,1.0,True,LOWVOL20,VOL20,20,21,20_baseline_calendar_entries,20,True,False,True,False,False,False,True
LOWVOL20,lowvol20_primary_reliable_sample,32,2023-11-20,Q5,-0.05442879553290816,0.30978171002042776,10,10,1.0,10,1.0,True,LOWVOL20,VOL20,20,21,20_baseline_calendar_entries,20,True,False,True,False,False,False,True
LOWVOL20,lowvol20_primary_reliable_sample,32,2023-11-20,UNIVERSE,-0.05740170905788053,0.37142055113785116,54,54,1.0,54,1.0,True,LOWVOL20,VOL20,20,21,20_baseline_calendar_entries,20,True,False,True,False,False,False,True
LOWVOL20,lowvol20_primary_reliable_sample,32,2023-11-20,Q5-Q1,0.022055119834517904,-0.15981676348812535,54,54,1.0,54,1.0,True,LOWVOL20,VOL20,20,21,20_baseline_calendar_entries,20,True,False,True,False,False,False,True
LOWVOL20,lowvol20_primary_reliable_sample,32,2023-11-20,Q5-UNIVERSE,0.0029729135249723718,-0.061638841117423404,54,54,1.0,54,1.0,True,LOWVOL20,VOL20,20,21,20_baseline_calendar_entries,20,True,False,True,False,False,False,True
LOWVOL20,lowvol20_primary_reliable_sample,33,2023-12-18,Q1,-0.11529204363086451,0.4755349281066159,11,11,1.0,11,1.0,True,LOWVOL20,VOL20,20,21,20_baseline_calendar_entries,20,True,False,True,False,False,False,True
LOWVOL20,lowvol20_primary_reliable_sample,33,2023-12-18,Q2,-0.1255918063745274,0.37795780542190066,11,11,1.0,11,1.0,True,LOWVOL20,VOL20,20,21,20_baseline_calendar_entries,20,True,False,True,False,False,False,True
LOWVOL20,lowvol20_primary_reliable_sample,33,2023-12-18,Q3,-0.10491571382601168,0.3865641178291478,11,11,1.0,11,1.0,True,LOWVOL20,VOL20,20,21,20_baseline_calendar_entries,20,True,False,True,False,False,False,True
LOWVOL20,lowvol20_primary_reliable_sample,33,2023-12-18,Q4,-0.12088684456823193,0.2961685495301287,11,11,1.0,11,1.0,True,LOWVOL20,VOL20,20,21,20_baseline_calendar_entries,20,True,False,True,False,False,False,True
LOWVOL20,lowvol20_primary_reliable_sample,33,2023-12-18,Q5,-0.07873212041642802,0.2826506806376616,10,10,1.0,10,1.0,True,LOWVOL20,VOL20,20,21,20_baseline_calendar_entries,20,True,False,True,False,False,False,True
LOWVOL20,lowvol20_primary_reliable_sample,33,2023-12-18,UNIVERSE,-0.10964577215852357,0.3652775225211544,54,54,1.0,54,1.0,True,LOWVOL20,VOL20,20,21,20_baseline_calendar_entries,20,True,False,True,False,False,False,True
LOWVOL20,lowvol20_primary_reliable_sample,33,2023-12-18,Q5-Q1,0.03655992321443649,-0.19288424746895433,54,54,1.0,54,1.0,True,LOWVOL20,VOL20,20,21,20_baseline_calendar_entries,20,True,False,True,False,False,False,True
LOWVOL20,lowvol20_primary_reliable_sample,33,2023-12-18,Q5-UNIVERSE,0.030913651742095552,-0.08262684188349284,54,54,1.0,54,1.0,True,LOWVOL20,VOL20,20,21,20_baseline_calendar_entries,20,True,False,True,False,False,False,True
LOWVOL20,lowvol20_primary_reliable_sample,34,2024-01-16,Q1,-0.04828867217589345,0.828215493797662,11,11,1.0,11,1.0,True,LOWVOL20,VOL20,20,21,20_baseline_calendar_entries,20,True,False,True,False,False,False,True
LOWVOL20,lowvol20_primary_reliable_sample,34,2024-01-16,Q2,-0.028259216396307584,0.6911247793306982,11,11,1.0,11,1.0,True,LOWVOL20,VOL20,20,21,20_baseline_calendar_entries,20,True,False,True,False,False,False,True
LOWVOL20,lowvol20_primary_reliable_sample,34,2024-01-16,Q3,-0.12358657992148366,0.7220245647577778,11,11,1.0,11,1.0,True,LOWVOL20,VOL20,20,21,20_baseline_calendar_entries,20,True,False,True,False,False,False,True
LOWVOL20,lowvol20_primary_reliable_sample,34,2024-01-16,Q4,-0.11442069698847095,0.7022111556472903,11,11,1.0,11,1.0,True,LOWVOL20,VOL20,20,21,20_baseline_calendar_entries,20,True,False,True,False,False,False,True
LOWVOL20,lowvol20_primary_reliable_sample,34,2024-01-16,Q5,-0.09800219616447615,0.6988704220373784,10,10,1.0,10,1.0,True,LOWVOL20,VOL20,20,21,20_baseline_calendar_entries,20,True,False,True,False,False,False,True
LOWVOL20,lowvol20_primary_reliable_sample,34,2024-01-16,UNIVERSE,-0.08222460707311988,0.729037780541509,54,54,1.0,54,1.0,True,LOWVOL20,VOL20,20,21,20_baseline_calendar_entries,20,True,False,True,False,False,False,True
LOWVOL20,lowvol20_primary_reliable_sample,34,2024-01-16,Q5-Q1,-0.049713523988582704,-0.12934507176028365,54,54,1.0,54,1.0,True,LOWVOL20,VOL20,20,21,20_baseline_calendar_entries,20,True,False,True,False,False,False,True
LOWVOL20,lowvol20_primary_reliable_sample,34,2024-01-16,Q5-UNIVERSE,-0.01577758909135628,-0.03016735850413066,54,54,1.0,54,1.0,True,LOWVOL20,VOL20,20,21,20_baseline_calendar_entries,20,True,False,True,False,False,False,True
LOWVOL20,lowvol20_primary_reliable_sample,35,2024-02-21,Q1,0.21258139275399673,0.6187935769019319,11,11,1.0,11,1.0,True,LOWVOL20,VOL20,20,21,20_baseline_calendar_entries,20,True,False,True,False,False,False,True
LOWVOL20,lowvol20_primary_reliable_sample,35,2024-02-21,Q2,0.2140649412355497,0.570379867231434,11,11,1.0,11,1.0,True,LOWVOL20,VOL20,20,21,20_baseline_calendar_entries,20,True,False,True,False,False,False,True
LOWVOL20,lowvol20_primary_reliable_sample,35,2024-02-21,Q3,0.16123407925002325,0.4580929088834474,11,11,1.0,11,1.0,True,LOWVOL20,VOL20,20,21,20_baseline_calendar_entries,20,True,False,True,False,False,False,True
LOWVOL20,lowvol20_primary_reliable_sample,35,2024-02-21,Q4,0.18772905320231717,0.5022894509913364,11,11,1.0,11,1.0,True,LOWVOL20,VOL20,20,21,20_baseline_calendar_entries,20,True,False,True,False,False,False,True
LOWVOL20,lowvol20_primary_reliable_sample,35,2024-02-21,Q5,0.14564707132456034,0.5042907878824161,10,10,1.0,10,1.0,True,LOWVOL20,VOL20,20,21,20_baseline_calendar_entries,20,True,False,True,False,False,False,True
LOWVOL20,lowvol20_primary_reliable_sample,35,2024-02-21,UNIVERSE,0.18496620081678442,0.5312596615354409,54,54,1.0,54,1.0,True,LOWVOL20,VOL20,20,21,20_baseline_calendar_entries,20,True,False,True,False,False,False,True
LOWVOL20,lowvol20_primary_reliable_sample,35,2024-02-21,Q5-Q1,-0.0669343214294364,-0.11450278901951583,54,54,1.0,54,1.0,True,LOWVOL20,VOL20,20,21,20_baseline_calendar_entries,20,True,False,True,False,False,False,True
LOWVOL20,lowvol20_primary_reliable_sample,35,2024-02-21,Q5-UNIVERSE,-0.039319129492224075,-0.026968873653024805,54,54,1.0,54,1.0,True,LOWVOL20,VOL20,20,21,20_baseline_calendar_entries,20,True,False,True,False,False,False,True
LOWVOL20,lowvol20_primary_reliable_sample,36,2024-03-20,Q1,-0.17412243320954612,0.6219851691410576,11,11,1.0,11,1.0,True,LOWVOL20,VOL20,20,21,20_baseline_calendar_entries,20,True,False,True,False,False,False,True
LOWVOL20,lowvol20_primary_reliable_sample,36,2024-03-20,Q2,-0.17274643298328918,0.6215166366554509,11,11,1.0,11,1.0,True,LOWVOL20,VOL20,20,21,20_baseline_calendar_entries,20,True,False,True,False,False,False,True
LOWVOL20,lowvol20_primary_reliable_sample,36,2024-03-20,Q3,-0.1581098536124508,0.5886087278856995,11,11,1.0,11,1.0,True,LOWVOL20,VOL20,20,21,20_baseline_calendar_entries,20,True,False,True,False,False,False,True
LOWVOL20,lowvol20_primary_reliable_sample,36,2024-03-20,Q4,-0.17382565727940882,0.5579921312029547,11,11,1.0,11,1.0,True,LOWVOL20,VOL20,20,21,20_baseline_calendar_entries,20,True,False,True,False,False,False,True
LOWVOL20,lowvol20_primary_reliable_sample,36,2024-03-20,Q5,-0.10153809136329546,0.422784439409085,10,10,1.0,10,1.0,True,LOWVOL20,VOL20,20,21,20_baseline_calendar_entries,20,True,False,True,False,False,False,True
LOWVOL20,lowvol20_primary_reliable_sample,36,2024-03-20,UNIVERSE,-0.15707831595489996,0.565166179774586,54,54,1.0,54,1.0,True,LOWVOL20,VOL20,20,21,20_baseline_calendar_entries,20,True,False,True,False,False,False,True
LOWVOL20,lowvol20_primary_reliable_sample,36,2024-03-20,Q5-Q1,0.07258434184625066,-0.19920072973197261,54,54,1.0,54,1.0,True,LOWVOL20,VOL20,20,21,20_baseline_calendar_entries,20,True,False,True,False,False,False,True
LOWVOL20,lowvol20_primary_reliable_sample,36,2024-03-20,Q5-UNIVERSE,0.0555402245916045,-0.14238174036550105,54,54,1.0,54,1.0,True,LOWVOL20,VOL20,20,21,20_baseline_calendar_entries,20,True,False,True,False,False,False,True
LOWVOL20,lowvol20_primary_reliable_sample,37,2024-04-19,Q1,0.10133568582619504,0.44065200071778343,11,11,1.0,11,1.0,True,LOWVOL20,VOL20,20,21,20_baseline_calendar_entries,20,True,False,True,False,False,False,True
LOWVOL20,lowvol20_primary_reliable_sample,37,2024-04-19,Q2,0.04455905794511603,0.3719277827155004,11,11,1.0,11,1.0,True,LOWVOL20,VOL20,20,21,20_baseline_calendar_entries,20,True,False,True,False,False,False,True
LOWVOL20,lowvol20_primary_reliable_sample,37,2024-04-19,Q3,0.10554078788838689,0.4019353049826009,11,11,1.0,11,1.0,True,LOWVOL20,VOL20,20,21,20_baseline_calendar_entries,20,True,False,True,False,False,False,True
LOWVOL20,lowvol20_primary_reliable_sample,37,2024-04-19,Q4,0.03050504997442983,0.36517769312912357,11,11,1.0,11,1.0,True,LOWVOL20,VOL20,20,21,20_baseline_calendar_entries,20,True,False,True,False,False,False,True
LOWVOL20,lowvol20_primary_reliable_sample,37,2024-04-19,Q5,-0.003012565821494273,0.37166275056052206,10,10,1.0,10,1.0,True,LOWVOL20,VOL20,20,21,20_baseline_calendar_entries,20,True,False,True,False,False,False,True
LOWVOL20,lowvol20_primary_reliable_sample,37,2024-04-19,UNIVERSE,0.05687445814371229,0.3906157056037095,54,54,1.0,54,1.0,True,LOWVOL20,VOL20,20,21,20_baseline_calendar_entries,20,True,False,True,False,False,False,True
LOWVOL20,lowvol20_primary_reliable_sample,37,2024-04-19,Q5-Q1,-0.10434825164768931,-0.06898925015726137,54,54,1.0,54,1.0,True,LOWVOL20,VOL20,20,21,20_baseline_calendar_entries,20,True,False,True,False,False,False,True
LOWVOL20,lowvol20_primary_reliable_sample,37,2024-04-19,Q5-UNIVERSE,-0.05988702396520656,-0.018952955043187447,54,54,1.0,54,1.0,True,LOWVOL20,VOL20,20,21,20_baseline_calendar_entries,20,True,False,True,False,False,False,True
LOWVOL20,lowvol20_primary_reliable_sample,38,2024-05-22,Q1,-0.07526059278830871,0.37868537555117054,11,11,1.0,11,1.0,True,LOWVOL20,VOL20,20,21,20_baseline_calendar_entries,20,True,False,True,False,False,False,True
LOWVOL20,lowvol20_primary_reliable_sample,38,2024-05-22,Q2,-0.09593423259394857,0.3662193988518373,11,11,1.0,11,1.0,True,LOWVOL20,VOL20,20,21,20_baseline_calendar_entries,20,True,False,True,False,False,False,True
LOWVOL20,lowvol20_primary_reliable_sample,38,2024-05-22,Q3,-0.0804974840687463,0.3835772814867049,11,11,1.0,11,1.0,True,LOWVOL20,VOL20,20,21,20_baseline_calendar_entries,20,True,False,True,False,False,False,True
LOWVOL20,lowvol20_primary_reliable_sample,38,2024-05-22,Q4,-0.06328983810326058,0.3154431943859734,11,11,1.0,11,1.0,True,LOWVOL20,VOL20,20,21,20_baseline_calendar_entries,20,True,False,True,False,False,False,True
LOWVOL20,lowvol20_primary_reliable_sample,38,2024-05-22,Q5,-0.04588277364962388,0.36523899809496163,10,10,1.0,10,1.0,True,LOWVOL20,VOL20,20,21,20_baseline_calendar_entries,20,True,False,True,False,False,False,True
LOWVOL20,lowvol20_primary_reliable_sample,38,2024-05-22,UNIVERSE,-0.07265983999246564,0.3617697728515215,54,54,1.0,54,1.0,True,LOWVOL20,VOL20,20,21,20_baseline_calendar_entries,20,True,False,True,False,False,False,True
LOWVOL20,lowvol20_primary_reliable_sample,38,2024-05-22,Q5-Q1,0.029377819138684834,-0.013446377456208913,54,54,1.0,54,1.0,True,LOWVOL20,VOL20,20,21,20_baseline_calendar_entries,20,True,False,True,False,False,False,True
LOWVOL20,lowvol20_primary_reliable_sample,38,2024-05-22,Q5-UNIVERSE,0.026777066342841764,0.0034692252434401216,54,54,1.0,54,1.0,True,LOWVOL20,VOL20,20,21,20_baseline_calendar_entries,20,True,False,True,False,False,False,True
LOWVOL20,lowvol20_primary_reliable_sample,39,2024-06-20,Q1,-0.019269353974172357,0.4883579095123993,11,11,1.0,11,1.0,True,LOWVOL20,VOL20,20,21,20_baseline_calendar_entries,20,True,False,True,False,False,False,True
LOWVOL20,lowvol20_primary_reliable_sample,39,2024-06-20,Q2,-0.016818267538681816,0.5147585757371812,11,11,1.0,11,1.0,True,LOWVOL20,VOL20,20,21,20_baseline_calendar_entries,20,True,False,True,False,False,False,True
LOWVOL20,lowvol20_primary_reliable_sample,39,2024-06-20,Q3,-0.0480477193217296,0.5061227864924137,11,11,1.0,11,1.0,True,LOWVOL20,VOL20,20,21,20_baseline_calendar_entries,20,True,False,True,False,False,False,True
LOWVOL20,lowvol20_primary_reliable_sample,39,2024-06-20,Q4,-0.053218250560370745,0.39740075034597006,11,11,1.0,11,1.0,True,LOWVOL20,VOL20,20,21,20_baseline_calendar_entries,20,True,False,True,False,False,False,True
LOWVOL20,lowvol20_primary_reliable_sample,39,2024-06-20,Q5,-0.05108662926750479,0.4292034136074947,10,10,1.0,10,1.0,True,LOWVOL20,VOL20,20,21,20_baseline_calendar_entries,20,True,False,True,False,False,False,True
LOWVOL20,lowvol20_primary_reliable_sample,39,2024-06-20,UNIVERSE,-0.037439922185547175,0.46787174776004725,54,54,1.0,54,1.0,True,LOWVOL20,VOL20,20,21,20_baseline_calendar_entries,20,True,False,True,False,False,False,True
LOWVOL20,lowvol20_primary_reliable_sample,39,2024-06-20,Q5-Q1,-0.031817275293332434,-0.059154495904904625,54,54,1.0,54,1.0,True,LOWVOL20,VOL20,20,21,20_baseline_calendar_entries,20,True,False,True,False,False,False,True
LOWVOL20,lowvol20_primary_reliable_sample,39,2024-06-20,Q5-UNIVERSE,-0.013646707081957615,-0.03866833415255255,54,54,1.0,54,1.0,True,LOWVOL20,VOL20,20,21,20_baseline_calendar_entries,20,True,False,True,False,False,False,True
LOWVOL20,lowvol20_primary_reliable_sample,40,2024-07-18,Q1,-0.055999896820377565,0.422802648240067,11,11,1.0,11,1.0,True,LOWVOL20,VOL20,20,21,20_baseline_calendar_entries,20,True,False,True,False,False,False,True
LOWVOL20,lowvol20_primary_reliable_sample,40,2024-07-18,Q2,-0.019289679570110792,0.3862205149807472,11,11,1.0,11,1.0,True,LOWVOL20,VOL20,20,21,20_baseline_calendar_entries,20,True,False,True,False,False,False,True
LOWVOL20,lowvol20_primary_reliable_sample,40,2024-07-18,Q3,-0.0017555367707931383,0.3435395050433372,11,11,1.0,11,1.0,True,LOWVOL20,VOL20,20,21,20_baseline_calendar_entries,20,True,False,True,False,False,False,True
LOWVOL20,lowvol20_primary_reliable_sample,40,2024-07-18,Q4,0.013450049236757099,0.28951643125322746,11,11,1.0,11,1.0,True,LOWVOL20,VOL20,20,21,20_baseline_calendar_entries,20,True,False,True,False,False,False,True
LOWVOL20,lowvol20_primary_reliable_sample,40,2024-07-18,Q5,0.03783023318447304,0.36876670040542103,10,10,1.0,10,1.0,True,LOWVOL20,VOL20,20,21,20_baseline_calendar_entries,20,True,False,True,False,False,False,True
LOWVOL20,lowvol20_primary_reliable_sample,40,2024-07-18,UNIVERSE,-0.005948951320834037,0.36204698331009966,54,54,1.0,54,1.0,True,LOWVOL20,VOL20,20,21,20_baseline_calendar_entries,20,True,False,True,False,False,False,True
LOWVOL20,lowvol20_primary_reliable_sample,40,2024-07-18,Q5-Q1,0.0938301300048506,-0.05403594783464599,54,54,1.0,54,1.0,True,LOWVOL20,VOL20,20,21,20_baseline_calendar_entries,20,True,False,True,False,False,False,True
LOWVOL20,lowvol20_primary_reliable_sample,40,2024-07-18,Q5-UNIVERSE,0.04377918450530707,0.006719717095321376,54,54,1.0,54,1.0,True,LOWVOL20,VOL20,20,21,20_baseline_calendar_entries,20,True,False,True,False,False,False,True
LOWVOL20,lowvol20_primary_reliable_sample,41,2024-08-15,Q1,-0.049956640314263695,0.40037948276013907,11,11,1.0,11,1.0,True,LOWVOL20,VOL20,20,21,20_baseline_calendar_entries,20,True,False,True,False,False,False,True
LOWVOL20,lowvol20_primary_reliable_sample,41,2024-08-15,Q2,-0.011074867332881372,0.37317745460597873,11,11,1.0,11,1.0,True,LOWVOL20,VOL20,20,21,20_baseline_calendar_entries,20,True,False,True,False,False,False,True
LOWVOL20,lowvol20_primary_reliable_sample,41,2024-08-15,Q3,-0.03599580001781104,0.3774954608730661,11,11,1.0,11,1.0,True,LOWVOL20,VOL20,20,21,20_baseline_calendar_entries,20,True,False,True,False,False,False,True
LOWVOL20,lowvol20_primary_reliable_sample,41,2024-08-15,Q4,0.05891083326272942,0.40486660484855225,11,11,1.0,11,1.0,True,LOWVOL20,VOL20,20,21,20_baseline_calendar_entries,20,True,False,True,False,False,False,True
LOWVOL20,lowvol20_primary_reliable_sample,41,2024-08-15,Q5,-0.04109294364570284,0.2898148005034803,10,10,1.0,10,1.0,True,LOWVOL20,VOL20,20,21,20_baseline_calendar_entries,20,True,False,True,False,False,False,True
LOWVOL20,lowvol20_primary_reliable_sample,41,2024-08-15,UNIVERSE,-0.01537427138669485,0.37061587109259075,54,54,1.0,54,1.0,True,LOWVOL20,VOL20,20,21,20_baseline_calendar_entries,20,True,False,True,False,False,False,True
LOWVOL20,lowvol20_primary_reliable_sample,41,2024-08-15,Q5-Q1,0.008863696668560857,-0.11056468225665878,54,54,1.0,54,1.0,True,LOWVOL20,VOL20,20,21,20_baseline_calendar_entries,20,True,False,True,False,False,False,True
LOWVOL20,lowvol20_primary_reliable_sample,41,2024-08-15,Q5-UNIVERSE,-0.025718672259007987,-0.08080107058911046,54,54,1.0,54,1.0,True,LOWVOL20,VOL20,20,21,20_baseline_calendar_entries,20,True,False,True,False,False,False,True
LOWVOL20,lowvol20_primary_reliable_sample,42,2024-09-12,Q1,0.5440988439855249,0.9832313591519658,11,11,1.0,11,1.0,True,LOWVOL20,VOL20,20,21,20_baseline_calendar_entries,20,True,False,True,False,False,False,True
LOWVOL20,lowvol20_primary_reliable_sample,42,2024-09-12,Q2,0.7216136731788528,0.9677040231281091,11,11,1.0,11,1.0,True,LOWVOL20,VOL20,20,21,20_baseline_calendar_entries,20,True,False,True,False,False,False,True
LOWVOL20,lowvol20_primary_reliable_sample,42,2024-09-12,Q3,0.5424556734442993,1.1446427181888235,11,11,1.0,11,1.0,True,LOWVOL20,VOL20,20,21,20_baseline_calendar_entries,20,True,False,True,False,False,False,True
LOWVOL20,lowvol20_primary_reliable_sample,42,2024-09-12,Q4,0.39984690301037545,0.8232287938904098,11,11,1.0,11,1.0,True,LOWVOL20,VOL20,20,21,20_baseline_calendar_entries,20,True,False,True,False,False,False,True
LOWVOL20,lowvol20_primary_reliable_sample,42,2024-09-12,Q5,0.2751605707302816,0.6964572146247825,10,10,1.0,10,1.0,True,LOWVOL20,VOL20,20,21,20_baseline_calendar_entries,20,True,False,True,False,False,False,True
LOWVOL20,lowvol20_primary_reliable_sample,42,2024-09-12,UNIVERSE,0.5007365136502295,0.9272490367444484,54,54,1.0,54,1.0,True,LOWVOL20,VOL20,20,21,20_baseline_calendar_entries,20,True,False,True,False,False,False,True
LOWVOL20,lowvol20_primary_reliable_sample,42,2024-09-12,Q5-Q1,-0.2689382732552433,-0.2867741445271833,54,54,1.0,54,1.0,True,LOWVOL20,VOL20,20,21,20_baseline_calendar_entries,20,True,False,True,False,False,False,True
LOWVOL20,lowvol20_primary_reliable_sample,42,2024-09-12,Q5-UNIVERSE,-0.22557594291994792,-0.23079182211966587,54,54,1.0,54,1.0,True,LOWVOL20,VOL20,20,21,20_baseline_calendar_entries,20,True,False,True,False,False,False,True
LOWVOL20,lowvol20_primary_reliable_sample,43,2024-10-21,Q1,-0.0982263385953994,0.8278166740488323,11,11,1.0,11,1.0,True,LOWVOL20,VOL20,20,21,20_baseline_calendar_entries,20,True,False,True,False,False,False,True
LOWVOL20,lowvol20_primary_reliable_sample,43,2024-10-21,Q2,0.017153826090114458,0.6720531473160318,11,11,1.0,11,1.0,True,LOWVOL20,VOL20,20,21,20_baseline_calendar_entries,20,True,False,True,False,False,False,True
LOWVOL20,lowvol20_primary_reliable_sample,43,2024-10-21,Q3,0.04476526417569391,0.6465251005548635,11,11,1.0,11,1.0,True,LOWVOL20,VOL20,20,21,20_baseline_calendar_entries,20,True,False,True,False,False,False,True
LOWVOL20,lowvol20_primary_reliable_sample,43,2024-10-21,Q4,0.044619626755402715,0.5723358503949704,11,11,1.0,11,1.0,True,LOWVOL20,VOL20,20,21,20_baseline_calendar_entries,20,True,False,True,False,False,False,True
LOWVOL20,lowvol20_primary_reliable_sample,43,2024-10-21,Q5,0.12840145456152946,0.5329521508799085,10,10,1.0,10,1.0,True,LOWVOL20,VOL20,20,21,20_baseline_calendar_entries,20,True,False,True,False,False,False,True
LOWVOL20,lowvol20_primary_reliable_sample,43,2024-10-21,UNIVERSE,0.025471309412948576,0.6525103704492733,54,54,1.0,54,1.0,True,LOWVOL20,VOL20,20,21,20_baseline_calendar_entries,20,True,False,True,False,False,False,True
LOWVOL20,lowvol20_primary_reliable_sample,43,2024-10-21,Q5-Q1,0.22662779315692888,-0.29486452316892375,54,54,1.0,54,1.0,True,LOWVOL20,VOL20,20,21,20_baseline_calendar_entries,20,True,False,True,False,False,False,True
LOWVOL20,lowvol20_primary_reliable_sample,43,2024-10-21,Q5-UNIVERSE,0.10293014514858088,-0.11955821956936474,54,54,1.0,54,1.0,True,LOWVOL20,VOL20,20,21,20_baseline_calendar_entries,20,True,False,True,False,False,False,True
LOWVOL20,lowvol20_primary_reliable_sample,44,2024-11-18,Q1,0.04246792041565861,0.6042243814048985,11,11,1.0,11,1.0,True,LOWVOL20,VOL20,20,21,20_baseline_calendar_entries,20,True,False,True,False,False,False,True
LOWVOL20,lowvol20_primary_reliable_sample,44,2024-11-18,Q2,0.17319617222729572,0.5691180131565354,11,11,1.0,11,1.0,True,LOWVOL20,VOL20,20,21,20_baseline_calendar_entries,20,True,False,True,False,False,False,True
LOWVOL20,lowvol20_primary_reliable_sample,44,2024-11-18,Q3,0.1965767130855847,0.636520161341397,11,11,1.0,11,1.0,True,LOWVOL20,VOL20,20,21,20_baseline_calendar_entries,20,True,False,True,False,False,False,True
LOWVOL20,lowvol20_primary_reliable_sample,44,2024-11-18,Q4,0.08915957153483413,0.3912829332408359,11,11,1.0,11,1.0,True,LOWVOL20,VOL20,20,21,20_baseline_calendar_entries,20,True,False,True,False,False,False,True
LOWVOL20,lowvol20_primary_reliable_sample,44,2024-11-18,Q5,0.08844321439848203,0.3755670495857655,10,10,1.0,10,1.0,True,LOWVOL20,VOL20,20,21,20_baseline_calendar_entries,20,True,False,True,False,False,False,True
LOWVOL20,lowvol20_primary_reliable_sample,44,2024-11-18,UNIVERSE,0.11851548692373938,0.5179309421562591,54,54,1.0,54,1.0,True,LOWVOL20,VOL20,20,21,20_baseline_calendar_entries,20,True,False,True,False,False,False,True
LOWVOL20,lowvol20_primary_reliable_sample,44,2024-11-18,Q5-Q1,0.04597529398282342,-0.22865733181913306,54,54,1.0,54,1.0,True,LOWVOL20,VOL20,20,21,20_baseline_calendar_entries,20,True,False,True,False,False,False,True
LOWVOL20,lowvol20_primary_reliable_sample,44,2024-11-18,Q5-UNIVERSE,-0.03007227252525735,-0.14236389257049364,54,54,1.0,54,1.0,True,LOWVOL20,VOL20,20,21,20_baseline_calendar_entries,20,True,False,True,False,False,False,True
LOWVOL20,lowvol20_primary_reliable_sample,45,2024-12-16,Q1,-0.12193233887342018,0.7433120405767375,11,11,1.0,11,1.0,True,LOWVOL20,VOL20,20,21,20_baseline_calendar_entries,20,True,False,True,False,False,False,True
LOWVOL20,lowvol20_primary_reliable_sample,45,2024-12-16,Q2,-0.06865671839513593,0.7123200951065504,11,11,1.0,11,1.0,True,LOWVOL20,VOL20,20,21,20_baseline_calendar_entries,20,True,False,True,False,False,False,True
LOWVOL20,lowvol20_primary_reliable_sample,45,2024-12-16,Q3,-0.08596074014595818,0.601765453310938,11,11,1.0,11,1.0,True,LOWVOL20,VOL20,20,21,20_baseline_calendar_entries,20,True,False,True,False,False,False,True
LOWVOL20,lowvol20_primary_reliable_sample,45,2024-12-16,Q4,-0.09073397626901512,0.46050642484956356,11,11,1.0,11,1.0,True,LOWVOL20,VOL20,20,21,20_baseline_calendar_entries,20,True,False,True,False,False,False,True
LOWVOL20,lowvol20_primary_reliable_sample,45,2024-12-16,Q5,0.01966645418630031,0.5976260495509756,10,10,1.0,10,1.0,True,LOWVOL20,VOL20,20,21,20_baseline_calendar_entries,20,True,False,True,False,False,False,True
LOWVOL20,lowvol20_primary_reliable_sample,45,2024-12-16,UNIVERSE,-0.07117512904918187,0.6235778638479895,54,54,1.0,54,1.0,True,LOWVOL20,VOL20,20,21,20_baseline_calendar_entries,20,True,False,True,False,False,False,True
LOWVOL20,lowvol20_primary_reliable_sample,45,2024-12-16,Q5-Q1,0.1415987930597205,-0.14568599102576185,54,54,1.0,54,1.0,True,LOWVOL20,VOL20,20,21,20_baseline_calendar_entries,20,True,False,True,False,False,False,True
LOWVOL20,lowvol20_primary_reliable_sample,45,2024-12-16,Q5-UNIVERSE,0.09084158323548218,-0.025951814297013875,54,54,1.0,54,1.0,True,LOWVOL20,VOL20,20,21,20_baseline_calendar_entries,20,True,False,True,False,False,False,True
LOWVOL20,lowvol20_primary_reliable_sample,46,2025-01-14,Q1,0.2072371713593129,0.8102979294018382,11,11,1.0,11,1.0,True,LOWVOL20,VOL20,20,21,20_baseline_calendar_entries,20,True,False,True,False,False,False,True
LOWVOL20,lowvol20_primary_reliable_sample,46,2025-01-14,Q2,0.25731536942374333,0.6811445813364461,11,11,1.0,11,1.0,True,LOWVOL20,VOL20,20,21,20_baseline_calendar_entries,20,True,False,True,False,False,False,True
LOWVOL20,lowvol20_primary_reliable_sample,46,2025-01-14,Q3,0.3372027513065067,0.7017288265364031,11,11,1.0,11,1.0,True,LOWVOL20,VOL20,20,21,20_baseline_calendar_entries,20,True,False,True,False,False,False,True
LOWVOL20,lowvol20_primary_reliable_sample,46,2025-01-14,Q4,0.19067420678329994,0.49780702276126054,11,11,1.0,11,1.0,True,LOWVOL20,VOL20,20,21,20_baseline_calendar_entries,20,True,False,True,False,False,False,True
LOWVOL20,lowvol20_primary_reliable_sample,46,2025-01-14,Q5,0.2964120967849744,0.4755183501142768,10,10,1.0,10,1.0,True,LOWVOL20,VOL20,20,21,20_baseline_calendar_entries,20,True,False,True,False,False,False,True
LOWVOL20,lowvol20_primary_reliable_sample,46,2025-01-14,UNIVERSE,0.25705269361946725,0.6362212122507074,54,54,1.0,54,1.0,True,LOWVOL20,VOL20,20,21,20_baseline_calendar_entries,20,True,False,True,False,False,False,True
LOWVOL20,lowvol20_primary_reliable_sample,46,2025-01-14,Q5-Q1,0.08917492542566147,-0.3347795792875614,54,54,1.0,54,1.0,True,LOWVOL20,VOL20,20,21,20_baseline_calendar_entries,20,True,False,True,False,False,False,True
LOWVOL20,lowvol20_primary_reliable_sample,46,2025-01-14,Q5-UNIVERSE,0.03935940316550712,-0.1607028621364306,54,54,1.0,54,1.0,True,LOWVOL20,VOL20,20,21,20_baseline_calendar_entries,20,True,False,True,False,False,False,True
LOWVOL20,lowvol20_primary_reliable_sample,47,2025-02-19,Q1,-0.06050001100529212,0.6757529695768357,11,11,1.0,11,1.0,True,LOWVOL20,VOL20,20,21,20_baseline_calendar_entries,20,True,False,True,False,False,False,True
LOWVOL20,lowvol20_primary_reliable_sample,47,2025-02-19,Q2,0.041651638145472396,0.7347609600992766,11,11,1.0,11,1.0,True,LOWVOL20,VOL20,20,21,20_baseline_calendar_entries,20,True,False,True,False,False,False,True
LOWVOL20,lowvol20_primary_reliable_sample,47,2025-02-19,Q3,0.0008479714099122484,0.5503712438905555,11,11,1.0,11,1.0,True,LOWVOL20,VOL20,20,21,20_baseline_calendar_entries,20,True,False,True,False,False,False,True
LOWVOL20,lowvol20_primary_reliable_sample,47,2025-02-19,Q4,0.011302521300112252,0.4602488532341605,11,11,1.0,11,1.0,True,LOWVOL20,VOL20,20,21,20_baseline_calendar_entries,20,True,False,True,False,False,False,True
LOWVOL20,lowvol20_primary_reliable_sample,47,2025-02-19,Q5,0.05032721443906553,0.39206539734944046,10,10,1.0,10,1.0,True,LOWVOL20,VOL20,20,21,20_baseline_calendar_entries,20,True,False,True,False,False,False,True
LOWVOL20,lowvol20_primary_reliable_sample,47,2025-02-19,UNIVERSE,0.00795547153227607,0.5657986716352501,54,54,1.0,54,1.0,True,LOWVOL20,VOL20,20,21,20_baseline_calendar_entries,20,True,False,True,False,False,False,True
LOWVOL20,lowvol20_primary_reliable_sample,47,2025-02-19,Q5-Q1,0.11082722544435765,-0.28368757222739527,54,54,1.0,54,1.0,True,LOWVOL20,VOL20,20,21,20_baseline_calendar_entries,20,True,False,True,False,False,False,True
LOWVOL20,lowvol20_primary_reliable_sample,47,2025-02-19,Q5-UNIVERSE,0.04237174290678946,-0.17373327428580965,54,54,1.0,54,1.0,True,LOWVOL20,VOL20,20,21,20_baseline_calendar_entries,20,True,False,True,False,False,False,True
LOWVOL20,lowvol20_primary_reliable_sample,48,2025-03-19,Q1,-0.1818021521872798,0.7445347316463319,11,11,1.0,11,1.0,True,LOWVOL20,VOL20,20,21,20_baseline_calendar_entries,20,True,False,True,False,False,False,True
LOWVOL20,lowvol20_primary_reliable_sample,48,2025-03-19,Q2,-0.187260734030556,0.7753052401552986,11,11,1.0,11,1.0,True,LOWVOL20,VOL20,20,21,20_baseline_calendar_entries,20,True,False,True,False,False,False,True
LOWVOL20,lowvol20_primary_reliable_sample,48,2025-03-19,Q3,-0.14567532802597363,0.5873950287351434,11,11,1.0,11,1.0,True,LOWVOL20,VOL20,20,21,20_baseline_calendar_entries,20,True,False,True,False,False,False,True
LOWVOL20,lowvol20_primary_reliable_sample,48,2025-03-19,Q4,-0.1490456470338488,0.5751286698882437,11,11,1.0,11,1.0,True,LOWVOL20,VOL20,20,21,20_baseline_calendar_entries,20,True,False,True,False,False,False,True
LOWVOL20,lowvol20_primary_reliable_sample,48,2025-03-19,Q5,-0.11874334601579091,0.49651708493707575,10,10,1.0,10,1.0,True,LOWVOL20,VOL20,20,21,20_baseline_calendar_entries,20,True,False,True,False,False,False,True
LOWVOL20,lowvol20_primary_reliable_sample,48,2025-03-19,UNIVERSE,-0.1572047395224472,0.6383550226675176,54,54,1.0,54,1.0,True,LOWVOL20,VOL20,20,21,20_baseline_calendar_entries,20,True,False,True,False,False,False,True
LOWVOL20,lowvol20_primary_reliable_sample,48,2025-03-19,Q5-Q1,0.06305880617148889,-0.24801764670925613,54,54,1.0,54,1.0,True,LOWVOL20,VOL20,20,21,20_baseline_calendar_entries,20,True,False,True,False,False,False,True
LOWVOL20,lowvol20_primary_reliable_sample,48,2025-03-19,Q5-UNIVERSE,0.0384613935066563,-0.1418379377304419,54,54,1.0,54,1.0,True,LOWVOL20,VOL20,20,21,20_baseline_calendar_entries,20,True,False,True,False,False,False,True
LOWVOL20,lowvol20_primary_reliable_sample,49,2025-04-17,Q1,0.09322350502856733,0.5208263720728908,11,11,1.0,11,1.0,True,LOWVOL20,VOL20,20,21,20_baseline_calendar_entries,20,True,False,True,False,False,False,True
LOWVOL20,lowvol20_primary_reliable_sample,49,2025-04-17,Q2,0.05607261497541074,0.4189995159985745,11,11,1.0,11,1.0,True,LOWVOL20,VOL20,20,21,20_baseline_calendar_entries,20,True,False,True,False,False,False,True
LOWVOL20,lowvol20_primary_reliable_sample,49,2025-04-17,Q3,0.07124138381238192,0.47352482365140497,11,11,1.0,11,1.0,True,LOWVOL20,VOL20,20,21,20_baseline_calendar_entries,20,True,False,True,False,False,False,True
LOWVOL20,lowvol20_primary_reliable_sample,49,2025-04-17,Q4,0.05817769596757006,0.34907885088054,11,11,1.0,11,1.0,True,LOWVOL20,VOL20,20,21,20_baseline_calendar_entries,20,True,False,True,False,False,False,True
LOWVOL20,lowvol20_primary_reliable_sample,49,2025-04-17,Q5,0.047298055381521785,0.3098040607561051,10,10,1.0,10,1.0,True,LOWVOL20,VOL20,20,21,20_baseline_calendar_entries,20,True,False,True,False,False,False,True
LOWVOL20,lowvol20_primary_reliable_sample,49,2025-04-17,UNIVERSE,0.06553421761923052,0.416384551781455,54,54,1.0,54,1.0,True,LOWVOL20,VOL20,20,21,20_baseline_calendar_entries,20,True,False,True,False,False,False,True
LOWVOL20,lowvol20_primary_reliable_sample,49,2025-04-17,Q5-Q1,-0.04592544964704554,-0.21102231131678573,54,54,1.0,54,1.0,True,LOWVOL20,VOL20,20,21,20_baseline_calendar_entries,20,True,False,True,False,False,False,True
LOWVOL20,lowvol20_primary_reliable_sample,49,2025-04-17,Q5-UNIVERSE,-0.018236162237708735,-0.10658049102534989,54,54,1.0,54,1.0,True,LOWVOL20,VOL20,20,21,20_baseline_calendar_entries,20,True,False,True,False,False,False,True
LOWVOL20,lowvol20_primary_reliable_sample,50,2025-05-20,Q1,-0.03853079829388895,0.47009075473571094,11,11,1.0,11,1.0,True,LOWVOL20,VOL20,20,21,20_baseline_calendar_entries,20,True,False,True,False,False,False,True
LOWVOL20,lowvol20_primary_reliable_sample,50,2025-05-20,Q2,0.0030700351897084773,0.36945708500316277,11,11,1.0,11,1.0,True,LOWVOL20,VOL20,20,21,20_baseline_calendar_entries,20,True,False,True,False,False,False,True
LOWVOL20,lowvol20_primary_reliable_sample,50,2025-05-20,Q3,0.06895986633464453,0.38441805668074386,11,11,1.0,11,1.0,True,LOWVOL20,VOL20,20,21,20_baseline_calendar_entries,20,True,False,True,False,False,False,True
LOWVOL20,lowvol20_primary_reliable_sample,50,2025-05-20,Q4,-0.009352836392355391,0.2881811015790619,11,11,1.0,11,1.0,True,LOWVOL20,VOL20,20,21,20_baseline_calendar_entries,20,True,False,True,False,False,False,True
LOWVOL20,lowvol20_primary_reliable_sample,50,2025-05-20,Q5,0.07264619237430184,0.29479077359543493,10,10,1.0,10,1.0,True,LOWVOL20,VOL20,20,21,20_baseline_calendar_entries,20,True,False,True,False,False,False,True
LOWVOL20,lowvol20_primary_reliable_sample,50,2025-05-20,UNIVERSE,0.01837168257337433,0.36262082803592266,54,54,1.0,54,1.0,True,LOWVOL20,VOL20,20,21,20_baseline_calendar_entries,20,True,False,True,False,False,False,True
LOWVOL20,lowvol20_primary_reliable_sample,50,2025-05-20,Q5-Q1,0.11117699066819078,-0.175299981140276,54,54,1.0,54,1.0,True,LOWVOL20,VOL20,20,21,20_baseline_calendar_entries,20,True,False,True,False,False,False,True
LOWVOL20,lowvol20_primary_reliable_sample,50,2025-05-20,Q5-UNIVERSE,0.0542745098009275,-0.06783005444048773,54,54,1.0,54,1.0,True,LOWVOL20,VOL20,20,21,20_baseline_calendar_entries,20,True,False,True,False,False,False,True
LOWVOL20,lowvol20_primary_reliable_sample,51,2025-06-18,Q1,0.0999186371133114,0.5438902484298306,11,11,1.0,11,1.0,True,LOWVOL20,VOL20,20,21,20_baseline_calendar_entries,20,True,False,True,False,False,False,True
LOWVOL20,lowvol20_primary_reliable_sample,51,2025-06-18,Q2,0.08097016494829533,0.39381332814654607,11,11,1.0,11,1.0,True,LOWVOL20,VOL20,20,21,20_baseline_calendar_entries,20,True,False,True,False,False,False,True
LOWVOL20,lowvol20_primary_reliable_sample,51,2025-06-18,Q3,0.1422106600078072,0.4182003081033862,11,11,1.0,11,1.0,True,LOWVOL20,VOL20,20,21,20_baseline_calendar_entries,20,True,False,True,False,False,False,True
LOWVOL20,lowvol20_primary_reliable_sample,51,2025-06-18,Q4,0.05323135827466557,0.31911662034010196,11,11,1.0,11,1.0,True,LOWVOL20,VOL20,20,21,20_baseline_calendar_entries,20,True,False,True,False,False,False,True
LOWVOL20,lowvol20_primary_reliable_sample,51,2025-06-18,Q5,0.05780742498928969,0.2358397244410862,10,10,1.0,10,1.0,True,LOWVOL20,VOL20,20,21,20_baseline_calendar_entries,20,True,False,True,False,False,False,True
LOWVOL20,lowvol20_primary_reliable_sample,51,2025-06-18,UNIVERSE,0.08736506062366244,0.38488190369684017,54,54,1.0,54,1.0,True,LOWVOL20,VOL20,20,21,20_baseline_calendar_entries,20,True,False,True,False,False,False,True
LOWVOL20,lowvol20_primary_reliable_sample,51,2025-06-18,Q5-Q1,-0.04211121212402172,-0.3080505239887444,54,54,1.0,54,1.0,True,LOWVOL20,VOL20,20,21,20_baseline_calendar_entries,20,True,False,True,False,False,False,True
LOWVOL20,lowvol20_primary_reliable_sample,51,2025-06-18,Q5-UNIVERSE,-0.029557635634372748,-0.14904217925575397,54,54,1.0,54,1.0,True,LOWVOL20,VOL20,20,21,20_baseline_calendar_entries,20,True,False,True,False,False,False,True
LOWVOL20,lowvol20_primary_reliable_sample,52,2025-07-16,Q1,0.01507516777881361,0.4030912787958045,11,11,1.0,11,1.0,True,LOWVOL20,VOL20,20,21,20_baseline_calendar_entries,20,True,False,True,False,False,False,True
LOWVOL20,lowvol20_primary_reliable_sample,52,2025-07-16,Q2,0.07441246364198661,0.4150721010881871,11,11,1.0,11,1.0,True,LOWVOL20,VOL20,20,21,20_baseline_calendar_entries,20,True,False,True,False,False,False,True
LOWVOL20,lowvol20_primary_reliable_sample,52,2025-07-16,Q3,0.14220150796828127,0.3908788008123553,11,11,1.0,11,1.0,True,LOWVOL20,VOL20,20,21,20_baseline_calendar_entries,20,True,False,True,False,False,False,True
LOWVOL20,lowvol20_primary_reliable_sample,52,2025-07-16,Q4,0.10126985339662982,0.29951424334967586,11,11,1.0,11,1.0,True,LOWVOL20,VOL20,20,21,20_baseline_calendar_entries,20,True,False,True,False,False,False,True
LOWVOL20,lowvol20_primary_reliable_sample,52,2025-07-16,Q5,0.05901892349693475,0.24722881385157752,10,10,1.0,10,1.0,True,LOWVOL20,VOL20,20,21,20_baseline_calendar_entries,20,True,False,True,False,False,False,True
LOWVOL20,lowvol20_primary_reliable_sample,52,2025-07-16,UNIVERSE,0.0787544102891143,0.3530816445004079,54,54,1.0,54,1.0,True,LOWVOL20,VOL20,20,21,20_baseline_calendar_entries,20,True,False,True,False,False,False,True
LOWVOL20,lowvol20_primary_reliable_sample,52,2025-07-16,Q5-Q1,0.04394375571812114,-0.15586246494422695,54,54,1.0,54,1.0,True,LOWVOL20,VOL20,20,21,20_baseline_calendar_entries,20,True,False,True,False,False,False,True
LOWVOL20,lowvol20_primary_reliable_sample,52,2025-07-16,Q5-UNIVERSE,-0.019735486792179548,-0.10585283064883039,54,54,1.0,54,1.0,True,LOWVOL20,VOL20,20,21,20_baseline_calendar_entries,20,True,False,True,False,False,False,True
LOWVOL20,lowvol20_primary_reliable_sample,53,2025-08-13,Q1,0.02905571797729021,0.4987824743580198,11,11,1.0,11,1.0,True,LOWVOL20,VOL20,20,21,20_baseline_calendar_entries,20,True,False,True,False,False,False,True
LOWVOL20,lowvol20_primary_reliable_sample,53,2025-08-13,Q2,0.054132713391578574,0.6020118956629112,11,11,1.0,11,1.0,True,LOWVOL20,VOL20,20,21,20_baseline_calendar_entries,20,True,False,True,False,False,False,True
LOWVOL20,lowvol20_primary_reliable_sample,53,2025-08-13,Q3,-0.008261125204914762,0.5364440973300704,11,11,1.0,11,1.0,True,LOWVOL20,VOL20,20,21,20_baseline_calendar_entries,20,True,False,True,False,False,False,True
LOWVOL20,lowvol20_primary_reliable_sample,53,2025-08-13,Q4,0.0452657660493907,0.577119172225715,11,11,1.0,11,1.0,True,LOWVOL20,VOL20,20,21,20_baseline_calendar_entries,20,True,False,True,False,False,False,True
LOWVOL20,lowvol20_primary_reliable_sample,53,2025-08-13,Q5,0.03167138250435543,0.46438761270923656,10,10,1.0,10,1.0,True,LOWVOL20,VOL20,20,21,20_baseline_calendar_entries,20,True,False,True,False,False,False,True
LOWVOL20,lowvol20_primary_reliable_sample,53,2025-08-13,UNIVERSE,0.030348844803524934,0.5370705585636341,54,54,1.0,54,1.0,True,LOWVOL20,VOL20,20,21,20_baseline_calendar_entries,20,True,False,True,False,False,False,True
LOWVOL20,lowvol20_primary_reliable_sample,53,2025-08-13,Q5-Q1,0.0026156645270652215,-0.03439486164878325,54,54,1.0,54,1.0,True,LOWVOL20,VOL20,20,21,20_baseline_calendar_entries,20,True,False,True,False,False,False,True
LOWVOL20,lowvol20_primary_reliable_sample,53,2025-08-13,Q5-UNIVERSE,0.0013225377008304964,-0.0726829458543975,54,54,1.0,54,1.0,True,LOWVOL20,VOL20,20,21,20_baseline_calendar_entries,20,True,False,True,False,False,False,True
LOWVOL20,lowvol20_primary_reliable_sample,54,2025-09-10,Q1,0.035157227214916695,0.5095883816107235,11,11,1.0,11,1.0,True,LOWVOL20,VOL20,20,21,20_baseline_calendar_entries,20,True,False,True,False,False,False,True
LOWVOL20,lowvol20_primary_reliable_sample,54,2025-09-10,Q2,0.012535529660818147,0.5049513693877787,11,11,1.0,11,1.0,True,LOWVOL20,VOL20,20,21,20_baseline_calendar_entries,20,True,False,True,False,False,False,True
LOWVOL20,lowvol20_primary_reliable_sample,54,2025-09-10,Q3,0.0229483931866353,0.4608861610259471,11,11,1.0,11,1.0,True,LOWVOL20,VOL20,20,21,20_baseline_calendar_entries,20,True,False,True,False,False,False,True
LOWVOL20,lowvol20_primary_reliable_sample,54,2025-09-10,Q4,0.03273299657398936,0.39144363979190294,11,11,1.0,11,1.0,True,LOWVOL20,VOL20,20,21,20_baseline_calendar_entries,20,True,False,True,False,False,False,True
LOWVOL20,lowvol20_primary_reliable_sample,54,2025-09-10,Q5,-0.012640141301155738,0.43292891733272204,10,10,1.0,10,1.0,True,LOWVOL20,VOL20,20,21,20_baseline_calendar_entries,20,True,False,True,False,False,False,True
LOWVOL20,lowvol20_primary_reliable_sample,54,2025-09-10,UNIVERSE,0.01871692962941476,0.46046026376494625,54,54,1.0,54,1.0,True,LOWVOL20,VOL20,20,21,20_baseline_calendar_entries,20,True,False,True,False,False,False,True
LOWVOL20,lowvol20_primary_reliable_sample,54,2025-09-10,Q5-Q1,-0.047797368516072435,-0.07665946427800147,54,54,1.0,54,1.0,True,LOWVOL20,VOL20,20,21,20_baseline_calendar_entries,20,True,False,True,False,False,False,True
LOWVOL20,lowvol20_primary_reliable_sample,54,2025-09-10,Q5-UNIVERSE,-0.031357070930570496,-0.027531346432224213,54,54,1.0,54,1.0,True,LOWVOL20,VOL20,20,21,20_baseline_calendar_entries,20,True,False,True,False,False,False,True
LOWVOL20,lowvol20_primary_reliable_sample,55,2025-10-16,Q1,-0.035293829562954175,0.4677182600188759,11,11,1.0,11,1.0,True,LOWVOL20,VOL20,20,21,20_baseline_calendar_entries,20,True,False,True,False,False,False,True
LOWVOL20,lowvol20_primary_reliable_sample,55,2025-10-16,Q2,-0.07389055574622545,0.37035254698352316,11,11,1.0,11,1.0,True,LOWVOL20,VOL20,20,21,20_baseline_calendar_entries,20,True,False,True,False,False,False,True
LOWVOL20,lowvol20_primary_reliable_sample,55,2025-10-16,Q3,-0.049192417217736824,0.3935098695014074,11,11,1.0,11,1.0,True,LOWVOL20,VOL20,20,21,20_baseline_calendar_entries,20,True,False,True,False,False,False,True
LOWVOL20,lowvol20_primary_reliable_sample,55,2025-10-16,Q4,0.01898195951223984,0.3410621479271729,11,11,1.0,11,1.0,True,LOWVOL20,VOL20,20,21,20_baseline_calendar_entries,20,True,False,True,False,False,False,True
LOWVOL20,lowvol20_primary_reliable_sample,55,2025-10-16,Q5,0.03386838988286596,0.3000826902442811,10,10,1.0,10,1.0,True,LOWVOL20,VOL20,20,21,20_baseline_calendar_entries,20,True,False,True,False,False,False,True
LOWVOL20,lowvol20_primary_reliable_sample,55,2025-10-16,UNIVERSE,-0.022123321746903395,0.37592403650339973,54,54,1.0,54,1.0,True,LOWVOL20,VOL20,20,21,20_baseline_calendar_entries,20,True,False,True,False,False,False,True
LOWVOL20,lowvol20_primary_reliable_sample,55,2025-10-16,Q5-Q1,0.06916221944582013,-0.16763556977459482,54,54,1.0,54,1.0,True,LOWVOL20,VOL20,20,21,20_baseline_calendar_entries,20,True,False,True,False,False,False,True
LOWVOL20,lowvol20_primary_reliable_sample,55,2025-10-16,Q5-UNIVERSE,0.055991711629769354,-0.07584134625911865,54,54,1.0,54,1.0,True,LOWVOL20,VOL20,20,21,20_baseline_calendar_entries,20,True,False,True,False,False,False,True
LOWVOL20,lowvol20_primary_reliable_sample,56,2025-11-13,Q1,-0.008926718073187588,0.538543249357472,11,11,1.0,11,1.0,True,LOWVOL20,VOL20,20,21,20_baseline_calendar_entries,20,True,False,True,False,False,False,True
LOWVOL20,lowvol20_primary_reliable_sample,56,2025-11-13,Q2,0.025061410091496185,0.44964078325292295,11,11,1.0,11,1.0,True,LOWVOL20,VOL20,20,21,20_baseline_calendar_entries,20,True,False,True,False,False,False,True
LOWVOL20,lowvol20_primary_reliable_sample,56,2025-11-13,Q3,-0.037922645837668426,0.38268954522905757,11,11,1.0,11,1.0,True,LOWVOL20,VOL20,20,21,20_baseline_calendar_entries,20,True,False,True,False,False,False,True
LOWVOL20,lowvol20_primary_reliable_sample,56,2025-11-13,Q4,-0.023608480774849307,0.35753811089850146,11,11,1.0,11,1.0,True,LOWVOL20,VOL20,20,21,20_baseline_calendar_entries,20,True,False,True,False,False,False,True
LOWVOL20,lowvol20_primary_reliable_sample,56,2025-11-13,Q5,-0.02550387258319159,0.3515153041839379,10,10,1.0,10,1.0,True,LOWVOL20,VOL20,20,21,20_baseline_calendar_entries,20,True,False,True,False,False,False,True
LOWVOL20,lowvol20_primary_reliable_sample,56,2025-11-13,UNIVERSE,-0.013970361229041047,0.4171792892214236,54,54,1.0,54,1.0,True,LOWVOL20,VOL20,20,21,20_baseline_calendar_entries,20,True,False,True,False,False,False,True
LOWVOL20,lowvol20_primary_reliable_sample,56,2025-11-13,Q5-Q1,-0.016577154510004,-0.1870279451735341,54,54,1.0,54,1.0,True,LOWVOL20,VOL20,20,21,20_baseline_calendar_entries,20,True,False,True,False,False,False,True
LOWVOL20,lowvol20_primary_reliable_sample,56,2025-11-13,Q5-UNIVERSE,-0.011533511354150542,-0.06566398503748572,54,54,1.0,54,1.0,True,LOWVOL20,VOL20,20,21,20_baseline_calendar_entries,20,True,False,True,False,False,False,True
LOWVOL20,lowvol20_all_exact_windows_diagnostic,1,2021-04-29,Q1,0.18297153997062385,0.5420224103903682,10,10,1.0,10,1.0,True,LOWVOL20,VOL20,20,21,20_baseline_calendar_entries,20,True,False,True,False,False,False,True
LOWVOL20,lowvol20_all_exact_windows_diagnostic,1,2021-04-29,Q2,0.03913994806234213,0.4123531987576158,10,10,1.0,10,1.0,True,LOWVOL20,VOL20,20,21,20_baseline_calendar_entries,20,True,False,True,False,False,False,True
LOWVOL20,lowvol20_all_exact_windows_diagnostic,1,2021-04-29,Q3,0.08106041032969304,0.3321911499765417,9,9,1.0,9,1.0,True,LOWVOL20,VOL20,20,21,20_baseline_calendar_entries,20,True,False,True,False,False,False,True
LOWVOL20,lowvol20_all_exact_windows_diagnostic,1,2021-04-29,Q4,0.04974139447929593,0.3410444667791829,9,9,1.0,9,1.0,True,LOWVOL20,VOL20,20,21,20_baseline_calendar_entries,20,True,False,True,False,False,False,True
LOWVOL20,lowvol20_all_exact_windows_diagnostic,1,2021-04-29,Q5,0.07435633841837293,0.3069837473225545,9,9,1.0,9,1.0,True,LOWVOL20,VOL20,20,21,20_baseline_calendar_entries,20,True,False,True,False,False,False,True
LOWVOL20,lowvol20_all_exact_windows_diagnostic,1,2021-04-29,UNIVERSE,0.08654336530587056,0.39076022059966703,47,47,1.0,47,1.0,True,LOWVOL20,VOL20,20,21,20_baseline_calendar_entries,20,True,False,True,False,False,False,True
LOWVOL20,lowvol20_all_exact_windows_diagnostic,1,2021-04-29,Q5-Q1,-0.10861520155225092,-0.23503866306781374,47,47,1.0,47,1.0,True,LOWVOL20,VOL20,20,21,20_baseline_calendar_entries,20,True,False,True,False,False,False,True
LOWVOL20,lowvol20_all_exact_windows_diagnostic,1,2021-04-29,Q5-UNIVERSE,-0.012187026887497635,-0.08377647327711252,47,47,1.0,47,1.0,True,LOWVOL20,VOL20,20,21,20_baseline_calendar_entries,20,True,False,True,False,False,False,True
LOWVOL20,lowvol20_all_exact_windows_diagnostic,2,2021-06-01,Q1,0.22471229415455155,0.6132958536363333,10,10,1.0,9,0.9,True,LOWVOL20,VOL20,20,21,20_baseline_calendar_entries,20,True,False,True,False,False,False,True
LOWVOL20,lowvol20_all_exact_windows_diagnostic,2,2021-06-01,Q2,-0.0143875493194619,0.4367983023301084,10,10,1.0,10,1.0,True,LOWVOL20,VOL20,20,21,20_baseline_calendar_entries,20,True,False,True,False,False,False,True
LOWVOL20,lowvol20_all_exact_windows_diagnostic,2,2021-06-01,Q3,0.05636691043180566,0.48178141991843726,10,10,1.0,10,1.0,True,LOWVOL20,VOL20,20,21,20_baseline_calendar_entries,20,True,False,True,False,False,False,True
LOWVOL20,lowvol20_all_exact_windows_diagnostic,2,2021-06-01,Q4,0.01779012841829887,0.3259114700907133,9,9,1.0,9,1.0,True,LOWVOL20,VOL20,20,21,20_baseline_calendar_entries,20,True,False,True,False,False,False,True
LOWVOL20,lowvol20_all_exact_windows_diagnostic,2,2021-06-01,Q5,0.029766513676483072,0.4104651809592023,9,9,1.0,9,1.0,True,LOWVOL20,VOL20,20,21,20_baseline_calendar_entries,20,True,False,True,False,False,False,True
LOWVOL20,lowvol20_all_exact_windows_diagnostic,2,2021-06-01,UNIVERSE,0.06447763190670813,0.453890420524717,48,48,1.0,47,0.9791666666666666,True,LOWVOL20,VOL20,20,21,20_baseline_calendar_entries,20,True,False,True,False,False,False,True
LOWVOL20,lowvol20_all_exact_windows_diagnostic,2,2021-06-01,Q5-Q1,-0.1949457804780685,-0.202830672677131,48,48,1.0,47,0.9791666666666666,True,LOWVOL20,VOL20,20,21,20_baseline_calendar_entries,20,True,False,True,False,False,False,True
LOWVOL20,lowvol20_all_exact_windows_diagnostic,2,2021-06-01,Q5-UNIVERSE,-0.03471111823022506,-0.043425239565514695,48,48,1.0,47,0.9791666666666666,True,LOWVOL20,VOL20,20,21,20_baseline_calendar_entries,20,True,False,True,False,False,False,True
LOWVOL20,lowvol20_all_exact_windows_diagnostic,3,2021-06-30,Q1,-0.04936402542290389,0.5483322814974252,10,10,1.0,10,1.0,True,LOWVOL20,VOL20,20,21,20_baseline_calendar_entries,20,True,False,True,False,False,False,True
LOWVOL20,lowvol20_all_exact_windows_diagnostic,3,2021-06-30,Q2,0.01833187966745762,0.5836972550840043,10,10,1.0,10,1.0,True,LOWVOL20,VOL20,20,21,20_baseline_calendar_entries,20,True,False,True,False,False,False,True
LOWVOL20,lowvol20_all_exact_windows_diagnostic,3,2021-06-30,Q3,-0.10476321771471059,0.48652633349900637,9,9,1.0,9,1.0,True,LOWVOL20,VOL20,20,21,20_baseline_calendar_entries,20,True,False,True,False,False,False,True
LOWVOL20,lowvol20_all_exact_windows_diagnostic,3,2021-06-30,Q4,-0.06054545061143606,0.33937679766341833,9,9,1.0,9,1.0,True,LOWVOL20,VOL20,20,21,20_baseline_calendar_entries,20,True,False,True,False,False,False,True
LOWVOL20,lowvol20_all_exact_windows_diagnostic,3,2021-06-30,Q5,-0.021965843856695238,0.36150576196828,9,9,1.0,9,1.0,True,LOWVOL20,VOL20,20,21,20_baseline_calendar_entries,20,True,False,True,False,False,False,True
LOWVOL20,lowvol20_all_exact_windows_diagnostic,3,2021-06-30,UNIVERSE,-0.04246366100425616,0.46823351923384327,47,47,1.0,47,1.0,True,LOWVOL20,VOL20,20,21,20_baseline_calendar_entries,20,True,False,True,False,False,False,True
LOWVOL20,lowvol20_all_exact_windows_diagnostic,3,2021-06-30,Q5-Q1,0.027398181566208653,-0.1868265195291452,47,47,1.0,47,1.0,True,LOWVOL20,VOL20,20,21,20_baseline_calendar_entries,20,True,False,True,False,False,False,True
LOWVOL20,lowvol20_all_exact_windows_diagnostic,3,2021-06-30,Q5-UNIVERSE,0.02049781714756092,-0.10672775726556327,47,47,1.0,47,1.0,True,LOWVOL20,VOL20,20,21,20_baseline_calendar_entries,20,True,False,True,False,False,False,True
LOWVOL20,lowvol20_all_exact_windows_diagnostic,4,2021-07-28,Q1,0.16800780762215567,0.6988250233339379,10,10,1.0,10,1.0,True,LOWVOL20,VOL20,20,21,20_baseline_calendar_entries,20,True,False,True,False,False,False,True
LOWVOL20,lowvol20_all_exact_windows_diagnostic,4,2021-07-28,Q2,0.13449392115354736,0.5574969622363507,10,10,1.0,10,1.0,True,LOWVOL20,VOL20,20,21,20_baseline_calendar_entries,20,True,False,True,False,False,False,True
LOWVOL20,lowvol20_all_exact_windows_diagnostic,4,2021-07-28,Q3,0.09305900788455668,0.5216273933857892,10,10,1.0,10,1.0,True,LOWVOL20,VOL20,20,21,20_baseline_calendar_entries,20,True,False,True,False,False,False,True
LOWVOL20,lowvol20_all_exact_windows_diagnostic,4,2021-07-28,Q4,0.10056481005507896,0.4302804990739091,10,10,1.0,10,1.0,True,LOWVOL20,VOL20,20,21,20_baseline_calendar_entries,20,True,False,True,False,False,False,True
LOWVOL20,lowvol20_all_exact_windows_diagnostic,4,2021-07-28,Q5,0.08922087015324558,0.37487985959832243,10,10,1.0,10,1.0,True,LOWVOL20,VOL20,20,21,20_baseline_calendar_entries,20,True,False,True,False,False,False,True
LOWVOL20,lowvol20_all_exact_windows_diagnostic,4,2021-07-28,UNIVERSE,0.11706928337371687,0.5166219475256618,50,50,1.0,50,1.0,True,LOWVOL20,VOL20,20,21,20_baseline_calendar_entries,20,True,False,True,False,False,False,True
LOWVOL20,lowvol20_all_exact_windows_diagnostic,4,2021-07-28,Q5-Q1,-0.07878693746891009,-0.3239451637356155,50,50,1.0,50,1.0,True,LOWVOL20,VOL20,20,21,20_baseline_calendar_entries,20,True,False,True,False,False,False,True
LOWVOL20,lowvol20_all_exact_windows_diagnostic,4,2021-07-28,Q5-UNIVERSE,-0.027848413220471296,-0.1417420879273394,50,50,1.0,50,1.0,True,LOWVOL20,VOL20,20,21,20_baseline_calendar_entries,20,True,False,True,False,False,False,True
LOWVOL20,lowvol20_all_exact_windows_diagnostic,5,2021-08-25,Q1,-0.08204973197293755,0.5895304245919906,10,10,1.0,10,1.0,True,LOWVOL20,VOL20,20,21,20_baseline_calendar_entries,20,True,False,True,False,False,False,True
LOWVOL20,lowvol20_all_exact_windows_diagnostic,5,2021-08-25,Q2,-0.03492013529971298,0.5114749682000473,10,10,1.0,10,1.0,True,LOWVOL20,VOL20,20,21,20_baseline_calendar_entries,20,True,False,True,False,False,False,True
LOWVOL20,lowvol20_all_exact_windows_diagnostic,5,2021-08-25,Q3,-0.030266188155743768,0.4145607806178254,10,10,1.0,10,1.0,True,LOWVOL20,VOL20,20,21,20_baseline_calendar_entries,20,True,False,True,False,False,False,True
LOWVOL20,lowvol20_all_exact_windows_diagnostic,5,2021-08-25,Q4,-0.007177765701382399,0.3735599921505962,10,10,1.0,10,1.0,True,LOWVOL20,VOL20,20,21,20_baseline_calendar_entries,20,True,False,True,False,False,False,True
LOWVOL20,lowvol20_all_exact_windows_diagnostic,5,2021-08-25,Q5,0.043177605762363805,0.40384684719423936,10,10,1.0,10,1.0,True,LOWVOL20,VOL20,20,21,20_baseline_calendar_entries,20,True,False,True,False,False,False,True
LOWVOL20,lowvol20_all_exact_windows_diagnostic,5,2021-08-25,UNIVERSE,-0.02224724307348258,0.45859460255093987,50,50,1.0,50,1.0,True,LOWVOL20,VOL20,20,21,20_baseline_calendar_entries,20,True,False,True,False,False,False,True
LOWVOL20,lowvol20_all_exact_windows_diagnostic,5,2021-08-25,Q5-Q1,0.12522733773530137,-0.1856835773977512,50,50,1.0,50,1.0,True,LOWVOL20,VOL20,20,21,20_baseline_calendar_entries,20,True,False,True,False,False,False,True
LOWVOL20,lowvol20_all_exact_windows_diagnostic,5,2021-08-25,Q5-UNIVERSE,0.06542484883584639,-0.05474775535670051,50,50,1.0,50,1.0,True,LOWVOL20,VOL20,20,21,20_baseline_calendar_entries,20,True,False,True,False,False,False,True
LOWVOL20,lowvol20_all_exact_windows_diagnostic,6,2021-09-24,Q1,-0.026357385941859383,0.6469145946660769,11,11,1.0,11,1.0,True,LOWVOL20,VOL20,20,21,20_baseline_calendar_entries,20,True,False,True,False,False,False,True
LOWVOL20,lowvol20_all_exact_windows_diagnostic,6,2021-09-24,Q2,-0.007412064561667153,0.5577081153268694,10,10,1.0,10,1.0,True,LOWVOL20,VOL20,20,21,20_baseline_calendar_entries,20,True,False,True,False,False,False,True
LOWVOL20,lowvol20_all_exact_windows_diagnostic,6,2021-09-24,Q3,-0.03564705077371588,0.4642954112196083,10,10,1.0,10,1.0,True,LOWVOL20,VOL20,20,21,20_baseline_calendar_entries,20,True,False,True,False,False,False,True
LOWVOL20,lowvol20_all_exact_windows_diagnostic,6,2021-09-24,Q4,-0.041363527387454344,0.4027130710259052,10,10,1.0,10,1.0,True,LOWVOL20,VOL20,20,21,20_baseline_calendar_entries,20,True,False,True,False,False,False,True
LOWVOL20,lowvol20_all_exact_windows_diagnostic,6,2021-09-24,Q5,-0.07047088735616285,0.33252361960993404,10,10,1.0,10,1.0,True,LOWVOL20,VOL20,20,21,20_baseline_calendar_entries,20,True,False,True,False,False,False,True
LOWVOL20,lowvol20_all_exact_windows_diagnostic,6,2021-09-24,UNIVERSE,-0.03605620678726383,0.48408750417941204,51,51,1.0,51,1.0,True,LOWVOL20,VOL20,20,21,20_baseline_calendar_entries,20,True,False,True,False,False,False,True
LOWVOL20,lowvol20_all_exact_windows_diagnostic,6,2021-09-24,Q5-Q1,-0.044113501414303466,-0.3143909750561429,51,51,1.0,51,1.0,True,LOWVOL20,VOL20,20,21,20_baseline_calendar_entries,20,True,False,True,False,False,False,True
LOWVOL20,lowvol20_all_exact_windows_diagnostic,6,2021-09-24,Q5-UNIVERSE,-0.034414680568899014,-0.151563884569478,51,51,1.0,51,1.0,True,LOWVOL20,VOL20,20,21,20_baseline_calendar_entries,20,True,False,True,False,False,False,True
LOWVOL20,lowvol20_all_exact_windows_diagnostic,7,2021-10-29,Q1,0.09074760912420142,0.46971193387290633,11,11,1.0,11,1.0,True,LOWVOL20,VOL20,20,21,20_baseline_calendar_entries,20,True,False,True,False,False,False,True
LOWVOL20,lowvol20_all_exact_windows_diagnostic,7,2021-10-29,Q2,0.19890198191958872,0.5581442895046055,10,10,1.0,10,1.0,True,LOWVOL20,VOL20,20,21,20_baseline_calendar_entries,20,True,False,True,False,False,False,True
LOWVOL20,lowvol20_all_exact_windows_diagnostic,7,2021-10-29,Q3,0.06864659509215582,0.42875731693901764,10,10,1.0,10,1.0,True,LOWVOL20,VOL20,20,21,20_baseline_calendar_entries,20,True,False,True,False,False,False,True
LOWVOL20,lowvol20_all_exact_windows_diagnostic,7,2021-10-29,Q4,0.09123268650549039,0.3593446820384978,10,10,1.0,10,1.0,True,LOWVOL20,VOL20,20,21,20_baseline_calendar_entries,20,True,False,True,False,False,False,True
LOWVOL20,lowvol20_all_exact_windows_diagnostic,7,2021-10-29,Q5,0.09011788887955545,0.26464486108863783,10,10,1.0,10,1.0,True,LOWVOL20,VOL20,20,21,20_baseline_calendar_entries,20,True,False,True,False,False,False,True
LOWVOL20,lowvol20_all_exact_windows_diagnostic,7,2021-10-29,UNIVERSE,0.1075924553791004,0.4171714268295992,51,51,1.0,51,1.0,True,LOWVOL20,VOL20,20,21,20_baseline_calendar_entries,20,True,False,True,False,False,False,True
LOWVOL20,lowvol20_all_exact_windows_diagnostic,7,2021-10-29,Q5-Q1,-0.0006297202446459704,-0.2050670727842685,51,51,1.0,51,1.0,True,LOWVOL20,VOL20,20,21,20_baseline_calendar_entries,20,True,False,True,False,False,False,True
LOWVOL20,lowvol20_all_exact_windows_diagnostic,7,2021-10-29,Q5-UNIVERSE,-0.017474566499544944,-0.15252656574096135,51,51,1.0,51,1.0,True,LOWVOL20,VOL20,20,21,20_baseline_calendar_entries,20,True,False,True,False,False,False,True
LOWVOL20,lowvol20_all_exact_windows_diagnostic,8,2021-11-26,Q1,0.048555164142150976,0.5581402661033589,11,11,1.0,11,1.0,True,LOWVOL20,VOL20,20,21,20_baseline_calendar_entries,20,True,False,True,False,False,False,True
LOWVOL20,lowvol20_all_exact_windows_diagnostic,8,2021-11-26,Q2,-0.0203907527621505,0.47087815266620325,10,10,1.0,10,1.0,True,LOWVOL20,VOL20,20,21,20_baseline_calendar_entries,20,True,False,True,False,False,False,True
LOWVOL20,lowvol20_all_exact_windows_diagnostic,8,2021-11-26,Q3,-0.03823506483081261,0.38537887980440677,10,10,1.0,10,1.0,True,LOWVOL20,VOL20,20,21,20_baseline_calendar_entries,20,True,False,True,False,False,False,True
LOWVOL20,lowvol20_all_exact_windows_diagnostic,8,2021-11-26,Q4,0.03301479989569196,0.4401838571785728,10,10,1.0,10,1.0,True,LOWVOL20,VOL20,20,21,20_baseline_calendar_entries,20,True,False,True,False,False,False,True
LOWVOL20,lowvol20_all_exact_windows_diagnostic,8,2021-11-26,Q5,-0.0011506534483173847,0.2879223309962079,10,10,1.0,10,1.0,True,LOWVOL20,VOL20,20,21,20_baseline_calendar_entries,20,True,False,True,False,False,False,True
LOWVOL20,lowvol20_all_exact_windows_diagnostic,8,2021-11-26,UNIVERSE,0.0052252959628975556,0.43104264967825207,51,51,1.0,51,1.0,True,LOWVOL20,VOL20,20,21,20_baseline_calendar_entries,20,True,False,True,False,False,False,True
LOWVOL20,lowvol20_all_exact_windows_diagnostic,8,2021-11-26,Q5-Q1,-0.04970581759046836,-0.270217935107151,51,51,1.0,51,1.0,True,LOWVOL20,VOL20,20,21,20_baseline_calendar_entries,20,True,False,True,False,False,False,True
LOWVOL20,lowvol20_all_exact_windows_diagnostic,8,2021-11-26,Q5-UNIVERSE,-0.00637594941121494,-0.14312031868204417,51,51,1.0,51,1.0,True,LOWVOL20,VOL20,20,21,20_baseline_calendar_entries,20,True,False,True,False,False,False,True
LOWVOL20,lowvol20_all_exact_windows_diagnostic,9,2021-12-24,Q1,0.001990775000220622,0.6249117341976081,11,11,1.0,11,1.0,True,LOWVOL20,VOL20,20,21,20_baseline_calendar_entries,20,True,False,True,False,False,False,True
LOWVOL20,lowvol20_all_exact_windows_diagnostic,9,2021-12-24,Q2,0.010672638311067573,0.4817801144312666,10,10,1.0,10,1.0,True,LOWVOL20,VOL20,20,21,20_baseline_calendar_entries,20,True,False,True,False,False,False,True
LOWVOL20,lowvol20_all_exact_windows_diagnostic,9,2021-12-24,Q3,0.07277405365260095,0.4698623265936188,10,10,1.0,10,1.0,True,LOWVOL20,VOL20,20,21,20_baseline_calendar_entries,20,True,False,True,False,False,False,True
LOWVOL20,lowvol20_all_exact_windows_diagnostic,9,2021-12-24,Q4,0.04606809810382665,0.4501506243485379,10,10,1.0,10,1.0,True,LOWVOL20,VOL20,20,21,20_baseline_calendar_entries,20,True,False,True,False,False,False,True
LOWVOL20,lowvol20_all_exact_windows_diagnostic,9,2021-12-24,Q5,0.028656677752905323,0.3376249943371912,10,10,1.0,10,1.0,True,LOWVOL20,VOL20,20,21,20_baseline_calendar_entries,20,True,False,True,False,False,False,True
LOWVOL20,lowvol20_all_exact_windows_diagnostic,9,2021-12-24,UNIVERSE,0.03144339614130259,0.4758472484956831,51,51,1.0,51,1.0,True,LOWVOL20,VOL20,20,21,20_baseline_calendar_entries,20,True,False,True,False,False,False,True
LOWVOL20,lowvol20_all_exact_windows_diagnostic,9,2021-12-24,Q5-Q1,0.0266659027526847,-0.287286739860417,51,51,1.0,51,1.0,True,LOWVOL20,VOL20,20,21,20_baseline_calendar_entries,20,True,False,True,False,False,False,True
LOWVOL20,lowvol20_all_exact_windows_diagnostic,9,2021-12-24,Q5-UNIVERSE,-0.0027867183883972697,-0.13822225415849193,51,51,1.0,51,1.0,True,LOWVOL20,VOL20,20,21,20_baseline_calendar_entries,20,True,False,True,False,False,False,True
LOWVOL20,lowvol20_all_exact_windows_diagnostic,10,2022-01-24,Q1,-0.13423204626428664,0.6072651657901441,11,11,1.0,11,1.0,True,LOWVOL20,VOL20,20,21,20_baseline_calendar_entries,20,True,False,True,False,False,False,True
LOWVOL20,lowvol20_all_exact_windows_diagnostic,10,2022-01-24,Q2,-0.016994567029049768,0.5668383215929224,10,10,1.0,10,1.0,True,LOWVOL20,VOL20,20,21,20_baseline_calendar_entries,20,True,False,True,False,False,False,True
LOWVOL20,lowvol20_all_exact_windows_diagnostic,10,2022-01-24,Q3,-0.09600490483564145,0.49437644869232855,10,10,1.0,10,1.0,True,LOWVOL20,VOL20,20,21,20_baseline_calendar_entries,20,True,False,True,False,False,False,True
LOWVOL20,lowvol20_all_exact_windows_diagnostic,10,2022-01-24,Q4,-0.014994601552590404,0.4886311080514254,10,10,1.0,10,1.0,True,LOWVOL20,VOL20,20,21,20_baseline_calendar_entries,20,True,False,True,False,False,False,True
LOWVOL20,lowvol20_all_exact_windows_diagnostic,10,2022-01-24,Q5,-0.044434741206486064,0.39760313964886035,10,10,1.0,10,1.0,True,LOWVOL20,VOL20,20,21,20_baseline_calendar_entries,20,True,False,True,False,False,False,True
LOWVOL20,lowvol20_all_exact_windows_diagnostic,10,2022-01-24,UNIVERSE,-0.06276158147342803,0.5128315098734696,51,51,1.0,51,1.0,True,LOWVOL20,VOL20,20,21,20_baseline_calendar_entries,20,True,False,True,False,False,False,True
LOWVOL20,lowvol20_all_exact_windows_diagnostic,10,2022-01-24,Q5-Q1,0.08979730505780058,-0.20966202614128376,51,51,1.0,51,1.0,True,LOWVOL20,VOL20,20,21,20_baseline_calendar_entries,20,True,False,True,False,False,False,True
LOWVOL20,lowvol20_all_exact_windows_diagnostic,10,2022-01-24,Q5-UNIVERSE,0.018326840266941966,-0.11522837022460924,51,51,1.0,51,1.0,True,LOWVOL20,VOL20,20,21,20_baseline_calendar_entries,20,True,False,True,False,False,False,True
LOWVOL20,lowvol20_all_exact_windows_diagnostic,11,2022-02-28,Q1,-0.12401532732076291,0.41966236266150414,11,11,1.0,11,1.0,True,LOWVOL20,VOL20,20,21,20_baseline_calendar_entries,20,True,False,True,False,False,False,True
LOWVOL20,lowvol20_all_exact_windows_diagnostic,11,2022-02-28,Q2,-0.10986493706998948,0.44194354783006123,10,10,1.0,10,1.0,True,LOWVOL20,VOL20,20,21,20_baseline_calendar_entries,20,True,False,True,False,False,False,True
LOWVOL20,lowvol20_all_exact_windows_diagnostic,11,2022-02-28,Q3,-0.12005024469816646,0.5136813838417456,10,10,1.0,10,1.0,True,LOWVOL20,VOL20,20,21,20_baseline_calendar_entries,20,True,False,True,False,False,False,True
LOWVOL20,lowvol20_all_exact_windows_diagnostic,11,2022-02-28,Q4,-0.1142458176467875,0.43474740036569115,10,10,1.0,10,1.0,True,LOWVOL20,VOL20,20,21,20_baseline_calendar_entries,20,True,False,True,False,False,False,True
LOWVOL20,lowvol20_all_exact_windows_diagnostic,11,2022-02-28,Q5,-0.09634431706770934,0.44815414817035454,10,10,1.0,10,1.0,True,LOWVOL20,VOL20,20,21,20_baseline_calendar_entries,20,True,False,True,False,False,False,True
LOWVOL20,lowvol20_all_exact_windows_diagnostic,11,2022-02-28,UNIVERSE,-0.11312199539911606,0.4510107998304916,51,51,1.0,51,1.0,True,LOWVOL20,VOL20,20,21,20_baseline_calendar_entries,20,True,False,True,False,False,False,True
LOWVOL20,lowvol20_all_exact_windows_diagnostic,11,2022-02-28,Q5-Q1,0.027671010253053574,0.028491785508850398,51,51,1.0,51,1.0,True,LOWVOL20,VOL20,20,21,20_baseline_calendar_entries,20,True,False,True,False,False,False,True
LOWVOL20,lowvol20_all_exact_windows_diagnostic,11,2022-02-28,Q5-UNIVERSE,0.016777678331406726,-0.002856651660137044,51,51,1.0,51,1.0,True,LOWVOL20,VOL20,20,21,20_baseline_calendar_entries,20,True,False,True,False,False,False,True
LOWVOL20,lowvol20_all_exact_windows_diagnostic,12,2022-03-28,Q1,-0.2473453596342295,0.658816954699181,11,11,1.0,11,1.0,True,LOWVOL20,VOL20,20,21,20_baseline_calendar_entries,20,True,False,True,False,False,False,True
LOWVOL20,lowvol20_all_exact_windows_diagnostic,12,2022-03-28,Q2,-0.1966756742670275,0.558046392189798,10,10,1.0,10,1.0,True,LOWVOL20,VOL20,20,21,20_baseline_calendar_entries,20,True,False,True,False,False,False,True
LOWVOL20,lowvol20_all_exact_windows_diagnostic,12,2022-03-28,Q3,-0.13934972543017726,0.5555450508135031,10,10,1.0,10,1.0,True,LOWVOL20,VOL20,20,21,20_baseline_calendar_entries,20,True,False,True,False,False,False,True
LOWVOL20,lowvol20_all_exact_windows_diagnostic,12,2022-03-28,Q4,-0.20121943291427757,0.5112740485434181,10,10,1.0,10,1.0,True,LOWVOL20,VOL20,20,21,20_baseline_calendar_entries,20,True,False,True,False,False,False,True
LOWVOL20,lowvol20_all_exact_windows_diagnostic,12,2022-03-28,Q5,-0.21154325541436095,0.5770363655312167,10,10,1.0,10,1.0,True,LOWVOL20,VOL20,20,21,20_baseline_calendar_entries,20,True,False,True,False,False,False,True
LOWVOL20,lowvol20_all_exact_windows_diagnostic,12,2022-03-28,UNIVERSE,-0.20017019286735213,0.5738432367151048,51,51,1.0,51,1.0,True,LOWVOL20,VOL20,20,21,20_baseline_calendar_entries,20,True,False,True,False,False,False,True
LOWVOL20,lowvol20_all_exact_windows_diagnostic,12,2022-03-28,Q5-Q1,0.03580210421986854,-0.08178058916796427,51,51,1.0,51,1.0,True,LOWVOL20,VOL20,20,21,20_baseline_calendar_entries,20,True,False,True,False,False,False,True
LOWVOL20,lowvol20_all_exact_windows_diagnostic,12,2022-03-28,Q5-UNIVERSE,-0.011373062547008816,0.00319312881611189,51,51,1.0,51,1.0,True,LOWVOL20,VOL20,20,21,20_baseline_calendar_entries,20,True,False,True,False,False,False,True
LOWVOL20,lowvol20_all_exact_windows_diagnostic,13,2022-04-27,Q1,0.14025911064900293,0.5821060648279164,11,11,1.0,11,1.0,True,LOWVOL20,VOL20,20,21,20_baseline_calendar_entries,20,True,False,True,False,False,False,True
LOWVOL20,lowvol20_all_exact_windows_diagnostic,13,2022-04-27,Q2,0.12055402131532489,0.4778211256254257,11,11,1.0,11,1.0,True,LOWVOL20,VOL20,20,21,20_baseline_calendar_entries,20,True,False,True,False,False,False,True
LOWVOL20,lowvol20_all_exact_windows_diagnostic,13,2022-04-27,Q3,0.13640383874695702,0.4737497176263738,10,10,1.0,10,1.0,True,LOWVOL20,VOL20,20,21,20_baseline_calendar_entries,20,True,False,True,False,False,False,True
LOWVOL20,lowvol20_all_exact_windows_diagnostic,13,2022-04-27,Q4,0.1442076490169056,0.4234517080634689,10,10,1.0,10,1.0,True,LOWVOL20,VOL20,20,21,20_baseline_calendar_entries,20,True,False,True,False,False,False,True
LOWVOL20,lowvol20_all_exact_windows_diagnostic,13,2022-04-27,Q5,0.048176521374246294,0.4141968990575874,10,10,1.0,10,1.0,True,LOWVOL20,VOL20,20,21,20_baseline_calendar_entries,20,True,False,True,False,False,False,True
LOWVOL20,lowvol20_all_exact_windows_diagnostic,13,2022-04-27,UNIVERSE,0.11840047198055181,0.47640735273963586,52,52,1.0,52,1.0,True,LOWVOL20,VOL20,20,21,20_baseline_calendar_entries,20,True,False,True,False,False,False,True
LOWVOL20,lowvol20_all_exact_windows_diagnostic,13,2022-04-27,Q5-Q1,-0.09208258927475663,-0.167909165770329,52,52,1.0,52,1.0,True,LOWVOL20,VOL20,20,21,20_baseline_calendar_entries,20,True,False,True,False,False,False,True
LOWVOL20,lowvol20_all_exact_windows_diagnostic,13,2022-04-27,Q5-UNIVERSE,-0.07022395060630551,-0.06221045368204847,52,52,1.0,52,1.0,True,LOWVOL20,VOL20,20,21,20_baseline_calendar_entries,20,True,False,True,False,False,False,True
LOWVOL20,lowvol20_all_exact_windows_diagnostic,14,2022-05-30,Q1,0.06231140674483707,0.3920206281338203,11,11,1.0,11,1.0,True,LOWVOL20,VOL20,20,21,20_baseline_calendar_entries,20,True,False,True,False,False,False,True
LOWVOL20,lowvol20_all_exact_windows_diagnostic,14,2022-05-30,Q2,0.17378404882519358,0.4738440182751464,11,11,1.0,11,1.0,True,LOWVOL20,VOL20,20,21,20_baseline_calendar_entries,20,True,False,True,False,False,False,True
LOWVOL20,lowvol20_all_exact_windows_diagnostic,14,2022-05-30,Q3,0.14323782439155003,0.3872638495628403,10,10,1.0,10,1.0,True,LOWVOL20,VOL20,20,21,20_baseline_calendar_entries,20,True,False,True,False,False,False,True
LOWVOL20,lowvol20_all_exact_windows_diagnostic,14,2022-05-30,Q4,0.09597597428173024,0.3237951697463813,10,10,1.0,10,1.0,True,LOWVOL20,VOL20,20,21,20_baseline_calendar_entries,20,True,False,True,False,False,False,True
LOWVOL20,lowvol20_all_exact_windows_diagnostic,14,2022-05-30,Q5,0.10647306031560022,0.3697488854293696,10,10,1.0,10,1.0,True,LOWVOL20,VOL20,20,21,20_baseline_calendar_entries,20,True,False,True,False,False,False,True
LOWVOL20,lowvol20_all_exact_windows_diagnostic,14,2022-05-30,UNIVERSE,0.11642151156075273,0.3910113491900874,52,52,1.0,52,1.0,True,LOWVOL20,VOL20,20,21,20_baseline_calendar_entries,20,True,False,True,False,False,False,True
LOWVOL20,lowvol20_all_exact_windows_diagnostic,14,2022-05-30,Q5-Q1,0.044161653570763154,-0.022271742704450703,52,52,1.0,52,1.0,True,LOWVOL20,VOL20,20,21,20_baseline_calendar_entries,20,True,False,True,False,False,False,True
LOWVOL20,lowvol20_all_exact_windows_diagnostic,14,2022-05-30,Q5-UNIVERSE,-0.009948451245152506,-0.021262463760717776,52,52,1.0,52,1.0,True,LOWVOL20,VOL20,20,21,20_baseline_calendar_entries,20,True,False,True,False,False,False,True
LOWVOL20,lowvol20_all_exact_windows_diagnostic,15,2022-06-28,Q1,0.00037881887623482,0.5038907841453479,11,11,1.0,11,1.0,True,LOWVOL20,VOL20,20,21,20_baseline_calendar_entries,20,True,False,True,False,False,False,True
LOWVOL20,lowvol20_all_exact_windows_diagnostic,15,2022-06-28,Q2,-0.05215527734315324,0.383265167496938,11,11,1.0,11,1.0,True,LOWVOL20,VOL20,20,21,20_baseline_calendar_entries,20,True,False,True,False,False,False,True
LOWVOL20,lowvol20_all_exact_windows_diagnostic,15,2022-06-28,Q3,-0.00161637875884163,0.34613815326260305,10,10,1.0,10,1.0,True,LOWVOL20,VOL20,20,21,20_baseline_calendar_entries,20,True,False,True,False,False,False,True
LOWVOL20,lowvol20_all_exact_windows_diagnostic,15,2022-06-28,Q4,-0.03823080640324481,0.30474551466470906,10,10,1.0,10,1.0,True,LOWVOL20,VOL20,20,21,20_baseline_calendar_entries,20,True,False,True,False,False,False,True
LOWVOL20,lowvol20_all_exact_windows_diagnostic,15,2022-06-28,Q5,0.01228663349089697,0.4034319593208239,10,10,1.0,10,1.0,True,LOWVOL20,VOL20,20,21,20_baseline_calendar_entries,20,True,False,True,False,False,False,True
LOWVOL20,lowvol20_all_exact_windows_diagnostic,15,2022-06-28,UNIVERSE,-0.016252818458615335,0.39042061039512505,52,52,1.0,52,1.0,True,LOWVOL20,VOL20,20,21,20_baseline_calendar_entries,20,True,False,True,False,False,False,True
LOWVOL20,lowvol20_all_exact_windows_diagnostic,15,2022-06-28,Q5-Q1,0.01190781461466215,-0.10045882482452406,52,52,1.0,52,1.0,True,LOWVOL20,VOL20,20,21,20_baseline_calendar_entries,20,True,False,True,False,False,False,True
LOWVOL20,lowvol20_all_exact_windows_diagnostic,15,2022-06-28,Q5-UNIVERSE,0.028539451949512306,0.013011348925698829,52,52,1.0,52,1.0,True,LOWVOL20,VOL20,20,21,20_baseline_calendar_entries,20,True,False,True,False,False,False,True
LOWVOL20,lowvol20_all_exact_windows_diagnostic,16,2022-07-26,Q1,0.027446878021498235,0.5025595887517927,11,11,1.0,11,1.0,True,LOWVOL20,VOL20,20,21,20_baseline_calendar_entries,20,True,False,True,False,False,False,True
LOWVOL20,lowvol20_all_exact_windows_diagnostic,16,2022-07-26,Q2,0.04672846155263944,0.40087944489309985,11,11,1.0,11,1.0,True,LOWVOL20,VOL20,20,21,20_baseline_calendar_entries,20,True,False,True,False,False,False,True
LOWVOL20,lowvol20_all_exact_windows_diagnostic,16,2022-07-26,Q3,0.020181645116740955,0.4568550832606661,10,10,1.0,10,1.0,True,LOWVOL20,VOL20,20,21,20_baseline_calendar_entries,20,True,False,True,False,False,False,True
LOWVOL20,lowvol20_all_exact_windows_diagnostic,16,2022-07-26,Q4,0.06282636103321926,0.41920747431723376,10,10,1.0,10,1.0,True,LOWVOL20,VOL20,20,21,20_baseline_calendar_entries,20,True,False,True,False,False,False,True
LOWVOL20,lowvol20_all_exact_windows_diagnostic,16,2022-07-26,Q5,-0.014103650238950372,0.33131213662471354,10,10,1.0,10,1.0,True,LOWVOL20,VOL20,20,21,20_baseline_calendar_entries,20,True,False,True,False,False,False,True
LOWVOL20,lowvol20_all_exact_windows_diagnostic,16,2022-07-26,UNIVERSE,0.02894177489280025,0.4232995444638454,52,52,1.0,52,1.0,True,LOWVOL20,VOL20,20,21,20_baseline_calendar_entries,20,True,False,True,False,False,False,True
LOWVOL20,lowvol20_all_exact_windows_diagnostic,16,2022-07-26,Q5-Q1,-0.04155052826044861,-0.1712474521270792,52,52,1.0,52,1.0,True,LOWVOL20,VOL20,20,21,20_baseline_calendar_entries,20,True,False,True,False,False,False,True
LOWVOL20,lowvol20_all_exact_windows_diagnostic,16,2022-07-26,Q5-UNIVERSE,-0.04304542513175062,-0.09198740783913184,52,52,1.0,52,1.0,True,LOWVOL20,VOL20,20,21,20_baseline_calendar_entries,20,True,False,True,False,False,False,True
LOWVOL20,lowvol20_all_exact_windows_diagnostic,17,2022-08-23,Q1,-0.05818541368896584,0.48958582068239154,11,11,1.0,11,1.0,True,LOWVOL20,VOL20,20,21,20_baseline_calendar_entries,20,True,False,True,False,False,False,True
LOWVOL20,lowvol20_all_exact_windows_diagnostic,17,2022-08-23,Q2,-0.08709954669063762,0.47451093289952034,11,11,1.0,11,1.0,True,LOWVOL20,VOL20,20,21,20_baseline_calendar_entries,20,True,False,True,False,False,False,True
LOWVOL20,lowvol20_all_exact_windows_diagnostic,17,2022-08-23,Q3,-0.11875659769291577,0.3034467516350371,10,10,1.0,10,1.0,True,LOWVOL20,VOL20,20,21,20_baseline_calendar_entries,20,True,False,True,False,False,False,True
LOWVOL20,lowvol20_all_exact_windows_diagnostic,17,2022-08-23,Q4,-0.09932029471959226,0.32344636072039906,10,10,1.0,10,1.0,True,LOWVOL20,VOL20,20,21,20_baseline_calendar_entries,20,True,False,True,False,False,False,True
LOWVOL20,lowvol20_all_exact_windows_diagnostic,17,2022-08-23,Q5,-0.08386123078125463,0.24592797448402742,10,10,1.0,10,1.0,True,LOWVOL20,VOL20,20,21,20_baseline_calendar_entries,20,True,False,True,False,False,False,True
LOWVOL20,lowvol20_all_exact_windows_diagnostic,17,2022-08-23,UNIVERSE,-0.08879838069448587,0.3717937530345321,52,52,1.0,52,1.0,True,LOWVOL20,VOL20,20,21,20_baseline_calendar_entries,20,True,False,True,False,False,False,True
LOWVOL20,lowvol20_all_exact_windows_diagnostic,17,2022-08-23,Q5-Q1,-0.025675817092288784,-0.24365784619836411,52,52,1.0,52,1.0,True,LOWVOL20,VOL20,20,21,20_baseline_calendar_entries,20,True,False,True,False,False,False,True
LOWVOL20,lowvol20_all_exact_windows_diagnostic,17,2022-08-23,Q5-UNIVERSE,0.004937149913231242,-0.12586577855050468,52,52,1.0,52,1.0,True,LOWVOL20,VOL20,20,21,20_baseline_calendar_entries,20,True,False,True,False,False,False,True
LOWVOL20,lowvol20_all_exact_windows_diagnostic,18,2022-09-21,Q1,0.04312334527236686,0.5691151909495908,11,11,1.0,11,1.0,True,LOWVOL20,VOL20,20,21,20_baseline_calendar_entries,20,True,False,True,False,False,False,True
LOWVOL20,lowvol20_all_exact_windows_diagnostic,18,2022-09-21,Q2,0.1127661897061172,0.5400696744018362,11,11,1.0,11,1.0,True,LOWVOL20,VOL20,20,21,20_baseline_calendar_entries,20,True,False,True,False,False,False,True
LOWVOL20,lowvol20_all_exact_windows_diagnostic,18,2022-09-21,Q3,0.01976370707642253,0.418083301443716,11,11,1.0,11,1.0,True,LOWVOL20,VOL20,20,21,20_baseline_calendar_entries,20,True,False,True,False,False,False,True
LOWVOL20,lowvol20_all_exact_windows_diagnostic,18,2022-09-21,Q4,-0.0001676576225466131,0.36002765262541053,10,10,1.0,10,1.0,True,LOWVOL20,VOL20,20,21,20_baseline_calendar_entries,20,True,False,True,False,False,False,True
LOWVOL20,lowvol20_all_exact_windows_diagnostic,18,2022-09-21,Q5,-0.0007636793639237194,0.3554895595014149,10,10,1.0,10,1.0,True,LOWVOL20,VOL20,20,21,20_baseline_calendar_entries,20,True,False,True,False,False,False,True
LOWVOL20,lowvol20_all_exact_windows_diagnostic,18,2022-09-21,UNIVERSE,0.03628060929696734,0.4519834331323552,53,53,1.0,53,1.0,True,LOWVOL20,VOL20,20,21,20_baseline_calendar_entries,20,True,False,True,False,False,False,True
LOWVOL20,lowvol20_all_exact_windows_diagnostic,18,2022-09-21,Q5-Q1,-0.04388702463629058,-0.21362563144817592,53,53,1.0,53,1.0,True,LOWVOL20,VOL20,20,21,20_baseline_calendar_entries,20,True,False,True,False,False,False,True
LOWVOL20,lowvol20_all_exact_windows_diagnostic,18,2022-09-21,Q5-UNIVERSE,-0.03704428866089106,-0.09649387363094025,53,53,1.0,53,1.0,True,LOWVOL20,VOL20,20,21,20_baseline_calendar_entries,20,True,False,True,False,False,False,True
LOWVOL20,lowvol20_all_exact_windows_diagnostic,19,2022-10-26,Q1,0.00016303232991476957,0.5189039617138459,11,11,1.0,11,1.0,True,LOWVOL20,VOL20,20,21,20_baseline_calendar_entries,20,True,False,True,False,False,False,True
LOWVOL20,lowvol20_all_exact_windows_diagnostic,19,2022-10-26,Q2,0.06216218455489619,0.4927234941411926,11,11,1.0,11,1.0,True,LOWVOL20,VOL20,20,21,20_baseline_calendar_entries,20,True,False,True,False,False,False,True
LOWVOL20,lowvol20_all_exact_windows_diagnostic,19,2022-10-26,Q3,0.040003170246683234,0.4907871229435818,11,11,1.0,11,1.0,True,LOWVOL20,VOL20,20,21,20_baseline_calendar_entries,20,True,False,True,False,False,False,True
LOWVOL20,lowvol20_all_exact_windows_diagnostic,19,2022-10-26,Q4,0.0709049873732905,0.3771169864701425,10,10,1.0,10,1.0,True,LOWVOL20,VOL20,20,21,20_baseline_calendar_entries,20,True,False,True,False,False,False,True
LOWVOL20,lowvol20_all_exact_windows_diagnostic,19,2022-10-26,Q5,0.05917046493461442,0.3438040310086463,10,10,1.0,10,1.0,True,LOWVOL20,VOL20,20,21,20_baseline_calendar_entries,20,True,False,True,False,False,False,True
LOWVOL20,lowvol20_all_exact_windows_diagnostic,19,2022-10-26,UNIVERSE,0.04578050531180162,0.44784472719948515,53,53,1.0,53,1.0,True,LOWVOL20,VOL20,20,21,20_baseline_calendar_entries,20,True,False,True,False,False,False,True
LOWVOL20,lowvol20_all_exact_windows_diagnostic,19,2022-10-26,Q5-Q1,0.05900743260469965,-0.17509993070519958,53,53,1.0,53,1.0,True,LOWVOL20,VOL20,20,21,20_baseline_calendar_entries,20,True,False,True,False,False,False,True
LOWVOL20,lowvol20_all_exact_windows_diagnostic,19,2022-10-26,Q5-UNIVERSE,0.013389959622812801,-0.10404069619083883,53,53,1.0,53,1.0,True,LOWVOL20,VOL20,20,21,20_baseline_calendar_entries,20,True,False,True,False,False,False,True
LOWVOL20,lowvol20_all_exact_windows_diagnostic,20,2022-11-23,Q1,-0.09583686238108037,0.3594133530549986,11,11,1.0,11,1.0,True,LOWVOL20,VOL20,20,21,20_baseline_calendar_entries,20,True,False,True,False,False,False,True
LOWVOL20,lowvol20_all_exact_windows_diagnostic,20,2022-11-23,Q2,-0.10099300112859795,0.33257710823923275,11,11,1.0,11,1.0,True,LOWVOL20,VOL20,20,21,20_baseline_calendar_entries,20,True,False,True,False,False,False,True
LOWVOL20,lowvol20_all_exact_windows_diagnostic,20,2022-11-23,Q3,-0.03174491309445484,0.3507815192819063,11,11,1.0,11,1.0,True,LOWVOL20,VOL20,20,21,20_baseline_calendar_entries,20,True,False,True,False,False,False,True
LOWVOL20,lowvol20_all_exact_windows_diagnostic,20,2022-11-23,Q4,-0.028932592691328484,0.30747455613016117,10,10,1.0,10,1.0,True,LOWVOL20,VOL20,20,21,20_baseline_calendar_entries,20,True,False,True,False,False,False,True
LOWVOL20,lowvol20_all_exact_windows_diagnostic,20,2022-11-23,Q5,-0.05034854218023316,0.2681793923302874,10,10,1.0,10,1.0,True,LOWVOL20,VOL20,20,21,20_baseline_calendar_entries,20,True,False,True,False,False,False,True
LOWVOL20,lowvol20_all_exact_windows_diagnostic,20,2022-11-23,UNIVERSE,-0.062398752667190215,0.3250383258668302,53,53,1.0,53,1.0,True,LOWVOL20,VOL20,20,21,20_baseline_calendar_entries,20,True,False,True,False,False,False,True
LOWVOL20,lowvol20_all_exact_windows_diagnostic,20,2022-11-23,Q5-Q1,0.04548832020084721,-0.09123396072471118,53,53,1.0,53,1.0,True,LOWVOL20,VOL20,20,21,20_baseline_calendar_entries,20,True,False,True,False,False,False,True
LOWVOL20,lowvol20_all_exact_windows_diagnostic,20,2022-11-23,Q5-UNIVERSE,0.012050210486957057,-0.056858933536542755,53,53,1.0,53,1.0,True,LOWVOL20,VOL20,20,21,20_baseline_calendar_entries,20,True,False,True,False,False,False,True
LOWVOL20,lowvol20_all_exact_windows_diagnostic,21,2022-12-21,Q1,0.1094996823296312,0.39557656426092797,11,11,1.0,11,1.0,True,LOWVOL20,VOL20,20,21,20_baseline_calendar_entries,20,True,False,True,False,False,False,True
LOWVOL20,lowvol20_all_exact_windows_diagnostic,21,2022-12-21,Q2,0.13079279666955956,0.40446271595900835,11,11,1.0,11,1.0,True,LOWVOL20,VOL20,20,21,20_baseline_calendar_entries,20,True,False,True,False,False,False,True
LOWVOL20,lowvol20_all_exact_windows_diagnostic,21,2022-12-21,Q3,0.1629084891376187,0.43438031656797177,11,11,1.0,11,1.0,True,LOWVOL20,VOL20,20,21,20_baseline_calendar_entries,20,True,False,True,False,False,False,True
LOWVOL20,lowvol20_all_exact_windows_diagnostic,21,2022-12-21,Q4,0.0979836417826629,0.2817164561786042,11,11,1.0,11,1.0,True,LOWVOL20,VOL20,20,21,20_baseline_calendar_entries,20,True,False,True,False,False,False,True
LOWVOL20,lowvol20_all_exact_windows_diagnostic,21,2022-12-21,Q5,0.12064233972828446,0.32330714607131755,10,10,1.0,10,1.0,True,LOWVOL20,VOL20,20,21,20_baseline_calendar_entries,20,True,False,True,False,False,False,True
LOWVOL20,lowvol20_all_exact_windows_diagnostic,21,2022-12-21,UNIVERSE,0.12443433530364889,0.3687142230249038,54,54,1.0,54,1.0,True,LOWVOL20,VOL20,20,21,20_baseline_calendar_entries,20,True,False,True,False,False,False,True
LOWVOL20,lowvol20_all_exact_windows_diagnostic,21,2022-12-21,Q5-Q1,0.011142657398653263,-0.07226941818961041,54,54,1.0,54,1.0,True,LOWVOL20,VOL20,20,21,20_baseline_calendar_entries,20,True,False,True,False,False,False,True
LOWVOL20,lowvol20_all_exact_windows_diagnostic,21,2022-12-21,Q5-UNIVERSE,-0.003791995575364429,-0.045407076953586256,54,54,1.0,54,1.0,True,LOWVOL20,VOL20,20,21,20_baseline_calendar_entries,20,True,False,True,False,False,False,True
LOWVOL20,lowvol20_all_exact_windows_diagnostic,22,2023-01-19,Q1,0.008666051457721702,0.45859196326875973,11,11,1.0,11,1.0,True,LOWVOL20,VOL20,20,21,20_baseline_calendar_entries,20,True,False,True,False,False,False,True
LOWVOL20,lowvol20_all_exact_windows_diagnostic,22,2023-01-19,Q2,0.04118878123677754,0.48563255920541587,11,11,1.0,11,1.0,True,LOWVOL20,VOL20,20,21,20_baseline_calendar_entries,20,True,False,True,False,False,False,True
LOWVOL20,lowvol20_all_exact_windows_diagnostic,22,2023-01-19,Q3,0.09581079433550696,0.4330119294550224,11,11,1.0,11,1.0,True,LOWVOL20,VOL20,20,21,20_baseline_calendar_entries,20,True,False,True,False,False,False,True
LOWVOL20,lowvol20_all_exact_windows_diagnostic,22,2023-01-19,Q4,0.07024099715318394,0.4569803446689315,11,11,1.0,11,1.0,True,LOWVOL20,VOL20,20,21,20_baseline_calendar_entries,20,True,False,True,False,False,False,True
LOWVOL20,lowvol20_all_exact_windows_diagnostic,22,2023-01-19,Q5,0.15498242466059742,0.4670856816841195,10,10,1.0,10,1.0,True,LOWVOL20,VOL20,20,21,20_baseline_calendar_entries,20,True,False,True,False,False,False,True
LOWVOL20,lowvol20_all_exact_windows_diagnostic,22,2023-01-19,UNIVERSE,0.07268142801150121,0.4601341033226041,54,54,1.0,54,1.0,True,LOWVOL20,VOL20,20,21,20_baseline_calendar_entries,20,True,False,True,False,False,False,True
LOWVOL20,lowvol20_all_exact_windows_diagnostic,22,2023-01-19,Q5-Q1,0.14631637320287572,0.008493718415359786,54,54,1.0,54,1.0,True,LOWVOL20,VOL20,20,21,20_baseline_calendar_entries,20,True,False,True,False,False,False,True
LOWVOL20,lowvol20_all_exact_windows_diagnostic,22,2023-01-19,Q5-UNIVERSE,0.08230099664909621,0.006951578361515387,54,54,1.0,54,1.0,True,LOWVOL20,VOL20,20,21,20_baseline_calendar_entries,20,True,False,True,False,False,False,True
LOWVOL20,lowvol20_all_exact_windows_diagnostic,23,2023-02-23,Q1,0.212211800038285,0.6108951196580292,11,11,1.0,11,1.0,True,LOWVOL20,VOL20,20,21,20_baseline_calendar_entries,20,True,False,True,False,False,False,True
LOWVOL20,lowvol20_all_exact_windows_diagnostic,23,2023-02-23,Q2,0.23745930102963175,0.5983190102681077,11,11,1.0,11,1.0,True,LOWVOL20,VOL20,20,21,20_baseline_calendar_entries,20,True,False,True,False,False,False,True
LOWVOL20,lowvol20_all_exact_windows_diagnostic,23,2023-02-23,Q3,0.1268899320938703,0.4700911057893131,11,11,1.0,11,1.0,True,LOWVOL20,VOL20,20,21,20_baseline_calendar_entries,20,True,False,True,False,False,False,True
LOWVOL20,lowvol20_all_exact_windows_diagnostic,23,2023-02-23,Q4,0.10661692459673935,0.4595507979490818,11,11,1.0,11,1.0,True,LOWVOL20,VOL20,20,21,20_baseline_calendar_entries,20,True,False,True,False,False,False,True
LOWVOL20,lowvol20_all_exact_windows_diagnostic,23,2023-02-23,Q5,0.1451486754404938,0.41736456335121985,10,10,1.0,10,1.0,True,LOWVOL20,VOL20,20,21,20_baseline_calendar_entries,20,True,False,True,False,False,False,True
LOWVOL20,lowvol20_all_exact_windows_diagnostic,23,2023-02-23,UNIVERSE,0.16604526462497646,0.5129826297004082,54,54,1.0,54,1.0,True,LOWVOL20,VOL20,20,21,20_baseline_calendar_entries,20,True,False,True,False,False,False,True
LOWVOL20,lowvol20_all_exact_windows_diagnostic,23,2023-02-23,Q5-Q1,-0.06706312459779118,-0.19353055630680938,54,54,1.0,54,1.0,True,LOWVOL20,VOL20,20,21,20_baseline_calendar_entries,20,True,False,True,False,False,False,True
LOWVOL20,lowvol20_all_exact_windows_diagnostic,23,2023-02-23,Q5-UNIVERSE,-0.020896589184482645,-0.09561806634918835,54,54,1.0,54,1.0,True,LOWVOL20,VOL20,20,21,20_baseline_calendar_entries,20,True,False,True,False,False,False,True
LOWVOL20,lowvol20_all_exact_windows_diagnostic,24,2023-03-23,Q1,0.025625939019797303,0.8668401969576377,11,11,1.0,11,1.0,True,LOWVOL20,VOL20,20,21,20_baseline_calendar_entries,20,True,False,True,False,False,False,True
LOWVOL20,lowvol20_all_exact_windows_diagnostic,24,2023-03-23,Q2,0.006767604157231624,0.715882239248481,11,11,1.0,11,1.0,True,LOWVOL20,VOL20,20,21,20_baseline_calendar_entries,20,True,False,True,False,False,False,True
LOWVOL20,lowvol20_all_exact_windows_diagnostic,24,2023-03-23,Q3,0.007607251176238869,0.6780360326492111,11,11,1.0,11,1.0,True,LOWVOL20,VOL20,20,21,20_baseline_calendar_entries,20,True,False,True,False,False,False,True
LOWVOL20,lowvol20_all_exact_windows_diagnostic,24,2023-03-23,Q4,-0.07093339049807439,0.6114459585508816,11,11,1.0,11,1.0,True,LOWVOL20,VOL20,20,21,20_baseline_calendar_entries,20,True,False,True,False,False,False,True
LOWVOL20,lowvol20_all_exact_windows_diagnostic,24,2023-03-23,Q5,-0.006923188736436547,0.4448493807191377,10,10,1.0,10,1.0,True,LOWVOL20,VOL20,20,21,20_baseline_calendar_entries,20,True,False,True,False,False,False,True
LOWVOL20,lowvol20_all_exact_windows_diagnostic,24,2023-03-23,UNIVERSE,-0.007583156388097001,0.6674581946048095,54,54,1.0,54,1.0,True,LOWVOL20,VOL20,20,21,20_baseline_calendar_entries,20,True,False,True,False,False,False,True
LOWVOL20,lowvol20_all_exact_windows_diagnostic,24,2023-03-23,Q5-Q1,-0.03254912775623385,-0.4219908162385,54,54,1.0,54,1.0,True,LOWVOL20,VOL20,20,21,20_baseline_calendar_entries,20,True,False,True,False,False,False,True
LOWVOL20,lowvol20_all_exact_windows_diagnostic,24,2023-03-23,Q5-UNIVERSE,0.0006599676516604539,-0.22260881388567177,54,54,1.0,54,1.0,True,LOWVOL20,VOL20,20,21,20_baseline_calendar_entries,20,True,False,True,False,False,False,True
LOWVOL20,lowvol20_all_exact_windows_diagnostic,25,2023-04-21,Q1,-0.06724447631015035,0.830773297955065,11,11,1.0,11,1.0,True,LOWVOL20,VOL20,20,21,20_baseline_calendar_entries,20,True,False,True,False,False,False,True
LOWVOL20,lowvol20_all_exact_windows_diagnostic,25,2023-04-21,Q2,-0.036700498727847065,0.6824994728248116,11,11,1.0,11,1.0,True,LOWVOL20,VOL20,20,21,20_baseline_calendar_entries,20,True,False,True,False,False,False,True
LOWVOL20,lowvol20_all_exact_windows_diagnostic,25,2023-04-21,Q3,-0.07928933693970217,0.5341470208002286,11,11,1.0,11,1.0,True,LOWVOL20,VOL20,20,21,20_baseline_calendar_entries,20,True,False,True,False,False,False,True
LOWVOL20,lowvol20_all_exact_windows_diagnostic,25,2023-04-21,Q4,-0.04955764949525598,0.5177314319184879,11,11,1.0,11,1.0,True,LOWVOL20,VOL20,20,21,20_baseline_calendar_entries,20,True,False,True,False,False,False,True
LOWVOL20,lowvol20_all_exact_windows_diagnostic,25,2023-04-21,Q5,-0.018592415534799945,0.3458113346344107,10,10,1.0,10,1.0,True,LOWVOL20,VOL20,20,21,20_baseline_calendar_entries,20,True,False,True,False,False,False,True
LOWVOL20,lowvol20_all_exact_windows_diagnostic,25,2023-04-21,UNIVERSE,-0.050863624658342786,0.5865699408301598,54,54,1.0,54,1.0,True,LOWVOL20,VOL20,20,21,20_baseline_calendar_entries,20,True,False,True,False,False,False,True
LOWVOL20,lowvol20_all_exact_windows_diagnostic,25,2023-04-21,Q5-Q1,0.048652060775350406,-0.48496196332065433,54,54,1.0,54,1.0,True,LOWVOL20,VOL20,20,21,20_baseline_calendar_entries,20,True,False,True,False,False,False,True
LOWVOL20,lowvol20_all_exact_windows_diagnostic,25,2023-04-21,Q5-UNIVERSE,0.03227120912354284,-0.24075860619574907,54,54,1.0,54,1.0,True,LOWVOL20,VOL20,20,21,20_baseline_calendar_entries,20,True,False,True,False,False,False,True
LOWVOL20,lowvol20_all_exact_windows_diagnostic,26,2023-05-24,Q1,0.129192241596437,0.6506525700171176,11,11,1.0,11,1.0,True,LOWVOL20,VOL20,20,21,20_baseline_calendar_entries,20,True,False,True,False,False,False,True
LOWVOL20,lowvol20_all_exact_windows_diagnostic,26,2023-05-24,Q2,0.2343928145926176,0.5445060390927761,11,11,1.0,11,1.0,True,LOWVOL20,VOL20,20,21,20_baseline_calendar_entries,20,True,False,True,False,False,False,True
LOWVOL20,lowvol20_all_exact_windows_diagnostic,26,2023-05-24,Q3,0.21280876773049281,0.5199267241273545,11,11,1.0,11,1.0,True,LOWVOL20,VOL20,20,21,20_baseline_calendar_entries,20,True,False,True,False,False,False,True
LOWVOL20,lowvol20_all_exact_windows_diagnostic,26,2023-05-24,Q4,0.11976396025073281,0.4054473857062716,11,11,1.0,11,1.0,True,LOWVOL20,VOL20,20,21,20_baseline_calendar_entries,20,True,False,True,False,False,False,True
LOWVOL20,lowvol20_all_exact_windows_diagnostic,26,2023-05-24,Q5,-0.002646780505811608,0.3477532249641888,10,10,1.0,10,1.0,True,LOWVOL20,VOL20,20,21,20_baseline_calendar_entries,20,True,False,True,False,False,False,True
LOWVOL20,lowvol20_all_exact_windows_diagnostic,26,2023-05-24,UNIVERSE,0.14131977445953645,0.49635911403741856,54,54,1.0,54,1.0,True,LOWVOL20,VOL20,20,21,20_baseline_calendar_entries,20,True,False,True,False,False,False,True
LOWVOL20,lowvol20_all_exact_windows_diagnostic,26,2023-05-24,Q5-Q1,-0.1318390221022486,-0.3028993450529288,54,54,1.0,54,1.0,True,LOWVOL20,VOL20,20,21,20_baseline_calendar_entries,20,True,False,True,False,False,False,True
LOWVOL20,lowvol20_all_exact_windows_diagnostic,26,2023-05-24,Q5-UNIVERSE,-0.14396655496534805,-0.14860588907322975,54,54,1.0,54,1.0,True,LOWVOL20,VOL20,20,21,20_baseline_calendar_entries,20,True,False,True,False,False,False,True
LOWVOL20,lowvol20_all_exact_windows_diagnostic,27,2023-06-21,Q1,-0.1635817848417336,0.6061538880194657,11,11,1.0,11,1.0,True,LOWVOL20,VOL20,20,21,20_baseline_calendar_entries,20,True,False,True,False,False,False,True
LOWVOL20,lowvol20_all_exact_windows_diagnostic,27,2023-06-21,Q2,-0.12497670868773104,0.47838308909136307,11,11,1.0,11,1.0,True,LOWVOL20,VOL20,20,21,20_baseline_calendar_entries,20,True,False,True,False,False,False,True
LOWVOL20,lowvol20_all_exact_windows_diagnostic,27,2023-06-21,Q3,-0.13437006771805732,0.5089343836815995,11,11,1.0,11,1.0,True,LOWVOL20,VOL20,20,21,20_baseline_calendar_entries,20,True,False,True,False,False,False,True
LOWVOL20,lowvol20_all_exact_windows_diagnostic,27,2023-06-21,Q4,-0.07748446101275168,0.38505380345842705,11,11,1.0,11,1.0,True,LOWVOL20,VOL20,20,21,20_baseline_calendar_entries,20,True,False,True,False,False,False,True
LOWVOL20,lowvol20_all_exact_windows_diagnostic,27,2023-06-21,Q5,-0.04989368366216829,0.298655990375808,10,10,1.0,10,1.0,True,LOWVOL20,VOL20,20,21,20_baseline_calendar_entries,20,True,False,True,False,False,False,True
LOWVOL20,lowvol20_all_exact_windows_diagnostic,27,2023-06-21,UNIVERSE,-0.11117555706453135,0.45833956871328674,54,54,1.0,54,1.0,True,LOWVOL20,VOL20,20,21,20_baseline_calendar_entries,20,True,False,True,False,False,False,True
LOWVOL20,lowvol20_all_exact_windows_diagnostic,27,2023-06-21,Q5-Q1,0.11368810117956532,-0.3074978976436577,54,54,1.0,54,1.0,True,LOWVOL20,VOL20,20,21,20_baseline_calendar_entries,20,True,False,True,False,False,False,True
LOWVOL20,lowvol20_all_exact_windows_diagnostic,27,2023-06-21,Q5-UNIVERSE,0.06128187340236306,-0.15968357833747876,54,54,1.0,54,1.0,True,LOWVOL20,VOL20,20,21,20_baseline_calendar_entries,20,True,False,True,False,False,False,True
LOWVOL20,lowvol20_all_exact_windows_diagnostic,28,2023-07-21,Q1,-0.1035787052455362,0.4598975169775558,11,11,1.0,11,1.0,True,LOWVOL20,VOL20,20,21,20_baseline_calendar_entries,20,True,False,True,False,False,False,True
LOWVOL20,lowvol20_all_exact_windows_diagnostic,28,2023-07-21,Q2,-0.08017954994672112,0.3790966689023536,11,11,1.0,11,1.0,True,LOWVOL20,VOL20,20,21,20_baseline_calendar_entries,20,True,False,True,False,False,False,True
LOWVOL20,lowvol20_all_exact_windows_diagnostic,28,2023-07-21,Q3,-0.07312404664419077,0.40049190328606554,11,11,1.0,11,1.0,True,LOWVOL20,VOL20,20,21,20_baseline_calendar_entries,20,True,False,True,False,False,False,True
LOWVOL20,lowvol20_all_exact_windows_diagnostic,28,2023-07-21,Q4,-0.0007543941505196691,0.3200136179308808,11,11,1.0,11,1.0,True,LOWVOL20,VOL20,20,21,20_baseline_calendar_entries,20,True,False,True,False,False,False,True
LOWVOL20,lowvol20_all_exact_windows_diagnostic,28,2023-07-21,Q5,-0.03023869514055997,0.2744586707581117,10,10,1.0,10,1.0,True,LOWVOL20,VOL20,20,21,20_baseline_calendar_entries,20,True,False,True,False,False,False,True
LOWVOL20,lowvol20_all_exact_windows_diagnostic,28,2023-07-21,UNIVERSE,-0.058081307541893425,0.36850154603049134,54,54,1.0,54,1.0,True,LOWVOL20,VOL20,20,21,20_baseline_calendar_entries,20,True,False,True,False,False,False,True
LOWVOL20,lowvol20_all_exact_windows_diagnostic,28,2023-07-21,Q5-Q1,0.07334001010497623,-0.18543884621944412,54,54,1.0,54,1.0,True,LOWVOL20,VOL20,20,21,20_baseline_calendar_entries,20,True,False,True,False,False,False,True
LOWVOL20,lowvol20_all_exact_windows_diagnostic,28,2023-07-21,Q5-UNIVERSE,0.027842612401333455,-0.09404287527237964,54,54,1.0,54,1.0,True,LOWVOL20,VOL20,20,21,20_baseline_calendar_entries,20,True,False,True,False,False,False,True
LOWVOL20,lowvol20_all_exact_windows_diagnostic,29,2023-08-18,Q1,-0.05038192947992941,0.48496594802083953,11,11,1.0,11,1.0,True,LOWVOL20,VOL20,20,21,20_baseline_calendar_entries,20,True,False,True,False,False,False,True
LOWVOL20,lowvol20_all_exact_windows_diagnostic,29,2023-08-18,Q2,-0.07505773999829846,0.47569239440968736,11,11,1.0,11,1.0,True,LOWVOL20,VOL20,20,21,20_baseline_calendar_entries,20,True,False,True,False,False,False,True
LOWVOL20,lowvol20_all_exact_windows_diagnostic,29,2023-08-18,Q3,0.03704504846085755,0.5230149807330325,11,11,1.0,11,1.0,True,LOWVOL20,VOL20,20,21,20_baseline_calendar_entries,20,True,False,True,False,False,False,True
LOWVOL20,lowvol20_all_exact_windows_diagnostic,29,2023-08-18,Q4,0.0011409787235065118,0.3901418657675633,11,11,1.0,11,1.0,True,LOWVOL20,VOL20,20,21,20_baseline_calendar_entries,20,True,False,True,False,False,False,True
LOWVOL20,lowvol20_all_exact_windows_diagnostic,29,2023-08-18,Q5,-0.015882532022677264,0.3076205435299092,10,10,1.0,10,1.0,True,LOWVOL20,VOL20,20,21,20_baseline_calendar_entries,20,True,False,True,False,False,False,True
LOWVOL20,lowvol20_all_exact_windows_diagnostic,29,2023-08-18,UNIVERSE,-0.020715099730727302,0.43866986136187847,54,54,1.0,54,1.0,True,LOWVOL20,VOL20,20,21,20_baseline_calendar_entries,20,True,False,True,False,False,False,True
LOWVOL20,lowvol20_all_exact_windows_diagnostic,29,2023-08-18,Q5-Q1,0.03449939745725214,-0.17734540449093034,54,54,1.0,54,1.0,True,LOWVOL20,VOL20,20,21,20_baseline_calendar_entries,20,True,False,True,False,False,False,True
LOWVOL20,lowvol20_all_exact_windows_diagnostic,29,2023-08-18,Q5-UNIVERSE,0.004832567708050038,-0.13104931783196927,54,54,1.0,54,1.0,True,LOWVOL20,VOL20,20,21,20_baseline_calendar_entries,20,True,False,True,False,False,False,True
LOWVOL20,lowvol20_all_exact_windows_diagnostic,30,2023-09-15,Q1,-0.056829587495918286,0.526237421633316,11,11,1.0,11,1.0,True,LOWVOL20,VOL20,20,21,20_baseline_calendar_entries,20,True,False,True,False,False,False,True
LOWVOL20,lowvol20_all_exact_windows_diagnostic,30,2023-09-15,Q2,-0.08859086647124127,0.4124389445961649,11,11,1.0,11,1.0,True,LOWVOL20,VOL20,20,21,20_baseline_calendar_entries,20,True,False,True,False,False,False,True
LOWVOL20,lowvol20_all_exact_windows_diagnostic,30,2023-09-15,Q3,-0.07978598834306998,0.3999007781030897,11,11,1.0,11,1.0,True,LOWVOL20,VOL20,20,21,20_baseline_calendar_entries,20,True,False,True,False,False,False,True
LOWVOL20,lowvol20_all_exact_windows_diagnostic,30,2023-09-15,Q4,-0.07426050044216127,0.3318414793134883,11,11,1.0,11,1.0,True,LOWVOL20,VOL20,20,21,20_baseline_calendar_entries,20,True,False,True,False,False,False,True
LOWVOL20,lowvol20_all_exact_windows_diagnostic,30,2023-09-15,Q5,-0.08653853260969455,0.25272242991785326,10,10,1.0,10,1.0,True,LOWVOL20,VOL20,20,21,20_baseline_calendar_entries,20,True,False,True,False,False,False,True
LOWVOL20,lowvol20_all_exact_windows_diagnostic,30,2023-09-15,UNIVERSE,-0.07702817956246749,0.387070910357133,54,54,1.0,54,1.0,True,LOWVOL20,VOL20,20,21,20_baseline_calendar_entries,20,True,False,True,False,False,False,True
LOWVOL20,lowvol20_all_exact_windows_diagnostic,30,2023-09-15,Q5-Q1,-0.02970894511377626,-0.27351499171546273,54,54,1.0,54,1.0,True,LOWVOL20,VOL20,20,21,20_baseline_calendar_entries,20,True,False,True,False,False,False,True
LOWVOL20,lowvol20_all_exact_windows_diagnostic,30,2023-09-15,Q5-UNIVERSE,-0.009510353047227055,-0.13434848043927972,54,54,1.0,54,1.0,True,LOWVOL20,VOL20,20,21,20_baseline_calendar_entries,20,True,False,True,False,False,False,True
LOWVOL20,lowvol20_all_exact_windows_diagnostic,31,2023-10-23,Q1,0.2281614840205454,0.5709171009568604,11,11,1.0,11,1.0,True,LOWVOL20,VOL20,20,21,20_baseline_calendar_entries,20,True,False,True,False,False,False,True
LOWVOL20,lowvol20_all_exact_windows_diagnostic,31,2023-10-23,Q2,0.13049739732927784,0.4088893096872972,11,11,1.0,11,1.0,True,LOWVOL20,VOL20,20,21,20_baseline_calendar_entries,20,True,False,True,False,False,False,True
LOWVOL20,lowvol20_all_exact_windows_diagnostic,31,2023-10-23,Q3,0.17524600798535347,0.3980051596471958,11,11,1.0,11,1.0,True,LOWVOL20,VOL20,20,21,20_baseline_calendar_entries,20,True,False,True,False,False,False,True
LOWVOL20,lowvol20_all_exact_windows_diagnostic,31,2023-10-23,Q4,0.17015572541821536,0.33958700145679993,11,11,1.0,11,1.0,True,LOWVOL20,VOL20,20,21,20_baseline_calendar_entries,20,True,False,True,False,False,False,True
LOWVOL20,lowvol20_all_exact_windows_diagnostic,31,2023-10-23,Q5,0.18158377446464014,0.33534880335369577,10,10,1.0,10,1.0,True,LOWVOL20,VOL20,20,21,20_baseline_calendar_entries,20,True,False,True,False,False,False,True
LOWVOL20,lowvol20_all_exact_windows_diagnostic,31,2023-10-23,UNIVERSE,0.17704637975803175,0.4119420800512341,54,54,1.0,54,1.0,True,LOWVOL20,VOL20,20,21,20_baseline_calendar_entries,20,True,False,True,False,False,False,True
LOWVOL20,lowvol20_all_exact_windows_diagnostic,31,2023-10-23,Q5-Q1,-0.04657770955590526,-0.23556829760316467,54,54,1.0,54,1.0,True,LOWVOL20,VOL20,20,21,20_baseline_calendar_entries,20,True,False,True,False,False,False,True
LOWVOL20,lowvol20_all_exact_windows_diagnostic,31,2023-10-23,Q5-UNIVERSE,0.004537394706608383,-0.07659327669753835,54,54,1.0,54,1.0,True,LOWVOL20,VOL20,20,21,20_baseline_calendar_entries,20,True,False,True,False,False,False,True
LOWVOL20,lowvol20_all_exact_windows_diagnostic,32,2023-11-20,Q1,-0.07648391536742606,0.4695984735085531,11,11,1.0,11,1.0,True,LOWVOL20,VOL20,20,21,20_baseline_calendar_entries,20,True,False,True,False,False,False,True
LOWVOL20,lowvol20_all_exact_windows_diagnostic,32,2023-11-20,Q2,-0.03350534126778242,0.40767462396121057,11,11,1.0,11,1.0,True,LOWVOL20,VOL20,20,21,20_baseline_calendar_entries,20,True,False,True,False,False,False,True
LOWVOL20,lowvol20_all_exact_windows_diagnostic,32,2023-11-20,Q3,-0.0669573707178789,0.3630388459432738,11,11,1.0,11,1.0,True,LOWVOL20,VOL20,20,21,20_baseline_calendar_entries,20,True,False,True,False,False,False,True
LOWVOL20,lowvol20_all_exact_windows_diagnostic,32,2023-11-20,Q4,-0.05536285753750047,0.3014055712451155,11,11,1.0,11,1.0,True,LOWVOL20,VOL20,20,21,20_baseline_calendar_entries,20,True,False,True,False,False,False,True
LOWVOL20,lowvol20_all_exact_windows_diagnostic,32,2023-11-20,Q5,-0.05442879553290816,0.30978171002042776,10,10,1.0,10,1.0,True,LOWVOL20,VOL20,20,21,20_baseline_calendar_entries,20,True,False,True,False,False,False,True
LOWVOL20,lowvol20_all_exact_windows_diagnostic,32,2023-11-20,UNIVERSE,-0.05740170905788053,0.37142055113785116,54,54,1.0,54,1.0,True,LOWVOL20,VOL20,20,21,20_baseline_calendar_entries,20,True,False,True,False,False,False,True
LOWVOL20,lowvol20_all_exact_windows_diagnostic,32,2023-11-20,Q5-Q1,0.022055119834517904,-0.15981676348812535,54,54,1.0,54,1.0,True,LOWVOL20,VOL20,20,21,20_baseline_calendar_entries,20,True,False,True,False,False,False,True
LOWVOL20,lowvol20_all_exact_windows_diagnostic,32,2023-11-20,Q5-UNIVERSE,0.0029729135249723718,-0.061638841117423404,54,54,1.0,54,1.0,True,LOWVOL20,VOL20,20,21,20_baseline_calendar_entries,20,True,False,True,False,False,False,True
LOWVOL20,lowvol20_all_exact_windows_diagnostic,33,2023-12-18,Q1,-0.11529204363086451,0.4755349281066159,11,11,1.0,11,1.0,True,LOWVOL20,VOL20,20,21,20_baseline_calendar_entries,20,True,False,True,False,False,False,True
LOWVOL20,lowvol20_all_exact_windows_diagnostic,33,2023-12-18,Q2,-0.1255918063745274,0.37795780542190066,11,11,1.0,11,1.0,True,LOWVOL20,VOL20,20,21,20_baseline_calendar_entries,20,True,False,True,False,False,False,True
LOWVOL20,lowvol20_all_exact_windows_diagnostic,33,2023-12-18,Q3,-0.10491571382601168,0.3865641178291478,11,11,1.0,11,1.0,True,LOWVOL20,VOL20,20,21,20_baseline_calendar_entries,20,True,False,True,False,False,False,True
LOWVOL20,lowvol20_all_exact_windows_diagnostic,33,2023-12-18,Q4,-0.12088684456823193,0.2961685495301287,11,11,1.0,11,1.0,True,LOWVOL20,VOL20,20,21,20_baseline_calendar_entries,20,True,False,True,False,False,False,True
LOWVOL20,lowvol20_all_exact_windows_diagnostic,33,2023-12-18,Q5,-0.07873212041642802,0.2826506806376616,10,10,1.0,10,1.0,True,LOWVOL20,VOL20,20,21,20_baseline_calendar_entries,20,True,False,True,False,False,False,True
LOWVOL20,lowvol20_all_exact_windows_diagnostic,33,2023-12-18,UNIVERSE,-0.10964577215852357,0.3652775225211544,54,54,1.0,54,1.0,True,LOWVOL20,VOL20,20,21,20_baseline_calendar_entries,20,True,False,True,False,False,False,True
LOWVOL20,lowvol20_all_exact_windows_diagnostic,33,2023-12-18,Q5-Q1,0.03655992321443649,-0.19288424746895433,54,54,1.0,54,1.0,True,LOWVOL20,VOL20,20,21,20_baseline_calendar_entries,20,True,False,True,False,False,False,True
LOWVOL20,lowvol20_all_exact_windows_diagnostic,33,2023-12-18,Q5-UNIVERSE,0.030913651742095552,-0.08262684188349284,54,54,1.0,54,1.0,True,LOWVOL20,VOL20,20,21,20_baseline_calendar_entries,20,True,False,True,False,False,False,True
LOWVOL20,lowvol20_all_exact_windows_diagnostic,34,2024-01-16,Q1,-0.04828867217589345,0.828215493797662,11,11,1.0,11,1.0,True,LOWVOL20,VOL20,20,21,20_baseline_calendar_entries,20,True,False,True,False,False,False,True
LOWVOL20,lowvol20_all_exact_windows_diagnostic,34,2024-01-16,Q2,-0.028259216396307584,0.6911247793306982,11,11,1.0,11,1.0,True,LOWVOL20,VOL20,20,21,20_baseline_calendar_entries,20,True,False,True,False,False,False,True
LOWVOL20,lowvol20_all_exact_windows_diagnostic,34,2024-01-16,Q3,-0.12358657992148366,0.7220245647577778,11,11,1.0,11,1.0,True,LOWVOL20,VOL20,20,21,20_baseline_calendar_entries,20,True,False,True,False,False,False,True
LOWVOL20,lowvol20_all_exact_windows_diagnostic,34,2024-01-16,Q4,-0.11442069698847095,0.7022111556472903,11,11,1.0,11,1.0,True,LOWVOL20,VOL20,20,21,20_baseline_calendar_entries,20,True,False,True,False,False,False,True
LOWVOL20,lowvol20_all_exact_windows_diagnostic,34,2024-01-16,Q5,-0.09800219616447615,0.6988704220373784,10,10,1.0,10,1.0,True,LOWVOL20,VOL20,20,21,20_baseline_calendar_entries,20,True,False,True,False,False,False,True
LOWVOL20,lowvol20_all_exact_windows_diagnostic,34,2024-01-16,UNIVERSE,-0.08222460707311988,0.729037780541509,54,54,1.0,54,1.0,True,LOWVOL20,VOL20,20,21,20_baseline_calendar_entries,20,True,False,True,False,False,False,True
LOWVOL20,lowvol20_all_exact_windows_diagnostic,34,2024-01-16,Q5-Q1,-0.049713523988582704,-0.12934507176028365,54,54,1.0,54,1.0,True,LOWVOL20,VOL20,20,21,20_baseline_calendar_entries,20,True,False,True,False,False,False,True
LOWVOL20,lowvol20_all_exact_windows_diagnostic,34,2024-01-16,Q5-UNIVERSE,-0.01577758909135628,-0.03016735850413066,54,54,1.0,54,1.0,True,LOWVOL20,VOL20,20,21,20_baseline_calendar_entries,20,True,False,True,False,False,False,True
LOWVOL20,lowvol20_all_exact_windows_diagnostic,35,2024-02-21,Q1,0.21258139275399673,0.6187935769019319,11,11,1.0,11,1.0,True,LOWVOL20,VOL20,20,21,20_baseline_calendar_entries,20,True,False,True,False,False,False,True
LOWVOL20,lowvol20_all_exact_windows_diagnostic,35,2024-02-21,Q2,0.2140649412355497,0.570379867231434,11,11,1.0,11,1.0,True,LOWVOL20,VOL20,20,21,20_baseline_calendar_entries,20,True,False,True,False,False,False,True
LOWVOL20,lowvol20_all_exact_windows_diagnostic,35,2024-02-21,Q3,0.16123407925002325,0.4580929088834474,11,11,1.0,11,1.0,True,LOWVOL20,VOL20,20,21,20_baseline_calendar_entries,20,True,False,True,False,False,False,True
LOWVOL20,lowvol20_all_exact_windows_diagnostic,35,2024-02-21,Q4,0.18772905320231717,0.5022894509913364,11,11,1.0,11,1.0,True,LOWVOL20,VOL20,20,21,20_baseline_calendar_entries,20,True,False,True,False,False,False,True
LOWVOL20,lowvol20_all_exact_windows_diagnostic,35,2024-02-21,Q5,0.14564707132456034,0.5042907878824161,10,10,1.0,10,1.0,True,LOWVOL20,VOL20,20,21,20_baseline_calendar_entries,20,True,False,True,False,False,False,True
LOWVOL20,lowvol20_all_exact_windows_diagnostic,35,2024-02-21,UNIVERSE,0.18496620081678442,0.5312596615354409,54,54,1.0,54,1.0,True,LOWVOL20,VOL20,20,21,20_baseline_calendar_entries,20,True,False,True,False,False,False,True
LOWVOL20,lowvol20_all_exact_windows_diagnostic,35,2024-02-21,Q5-Q1,-0.0669343214294364,-0.11450278901951583,54,54,1.0,54,1.0,True,LOWVOL20,VOL20,20,21,20_baseline_calendar_entries,20,True,False,True,False,False,False,True
LOWVOL20,lowvol20_all_exact_windows_diagnostic,35,2024-02-21,Q5-UNIVERSE,-0.039319129492224075,-0.026968873653024805,54,54,1.0,54,1.0,True,LOWVOL20,VOL20,20,21,20_baseline_calendar_entries,20,True,False,True,False,False,False,True
LOWVOL20,lowvol20_all_exact_windows_diagnostic,36,2024-03-20,Q1,-0.17412243320954612,0.6219851691410576,11,11,1.0,11,1.0,True,LOWVOL20,VOL20,20,21,20_baseline_calendar_entries,20,True,False,True,False,False,False,True
LOWVOL20,lowvol20_all_exact_windows_diagnostic,36,2024-03-20,Q2,-0.17274643298328918,0.6215166366554509,11,11,1.0,11,1.0,True,LOWVOL20,VOL20,20,21,20_baseline_calendar_entries,20,True,False,True,False,False,False,True
LOWVOL20,lowvol20_all_exact_windows_diagnostic,36,2024-03-20,Q3,-0.1581098536124508,0.5886087278856995,11,11,1.0,11,1.0,True,LOWVOL20,VOL20,20,21,20_baseline_calendar_entries,20,True,False,True,False,False,False,True
LOWVOL20,lowvol20_all_exact_windows_diagnostic,36,2024-03-20,Q4,-0.17382565727940882,0.5579921312029547,11,11,1.0,11,1.0,True,LOWVOL20,VOL20,20,21,20_baseline_calendar_entries,20,True,False,True,False,False,False,True
LOWVOL20,lowvol20_all_exact_windows_diagnostic,36,2024-03-20,Q5,-0.10153809136329546,0.422784439409085,10,10,1.0,10,1.0,True,LOWVOL20,VOL20,20,21,20_baseline_calendar_entries,20,True,False,True,False,False,False,True
LOWVOL20,lowvol20_all_exact_windows_diagnostic,36,2024-03-20,UNIVERSE,-0.15707831595489996,0.565166179774586,54,54,1.0,54,1.0,True,LOWVOL20,VOL20,20,21,20_baseline_calendar_entries,20,True,False,True,False,False,False,True
LOWVOL20,lowvol20_all_exact_windows_diagnostic,36,2024-03-20,Q5-Q1,0.07258434184625066,-0.19920072973197261,54,54,1.0,54,1.0,True,LOWVOL20,VOL20,20,21,20_baseline_calendar_entries,20,True,False,True,False,False,False,True
LOWVOL20,lowvol20_all_exact_windows_diagnostic,36,2024-03-20,Q5-UNIVERSE,0.0555402245916045,-0.14238174036550105,54,54,1.0,54,1.0,True,LOWVOL20,VOL20,20,21,20_baseline_calendar_entries,20,True,False,True,False,False,False,True
LOWVOL20,lowvol20_all_exact_windows_diagnostic,37,2024-04-19,Q1,0.10133568582619504,0.44065200071778343,11,11,1.0,11,1.0,True,LOWVOL20,VOL20,20,21,20_baseline_calendar_entries,20,True,False,True,False,False,False,True
LOWVOL20,lowvol20_all_exact_windows_diagnostic,37,2024-04-19,Q2,0.04455905794511603,0.3719277827155004,11,11,1.0,11,1.0,True,LOWVOL20,VOL20,20,21,20_baseline_calendar_entries,20,True,False,True,False,False,False,True
LOWVOL20,lowvol20_all_exact_windows_diagnostic,37,2024-04-19,Q3,0.10554078788838689,0.4019353049826009,11,11,1.0,11,1.0,True,LOWVOL20,VOL20,20,21,20_baseline_calendar_entries,20,True,False,True,False,False,False,True
LOWVOL20,lowvol20_all_exact_windows_diagnostic,37,2024-04-19,Q4,0.03050504997442983,0.36517769312912357,11,11,1.0,11,1.0,True,LOWVOL20,VOL20,20,21,20_baseline_calendar_entries,20,True,False,True,False,False,False,True
LOWVOL20,lowvol20_all_exact_windows_diagnostic,37,2024-04-19,Q5,-0.003012565821494273,0.37166275056052206,10,10,1.0,10,1.0,True,LOWVOL20,VOL20,20,21,20_baseline_calendar_entries,20,True,False,True,False,False,False,True
LOWVOL20,lowvol20_all_exact_windows_diagnostic,37,2024-04-19,UNIVERSE,0.05687445814371229,0.3906157056037095,54,54,1.0,54,1.0,True,LOWVOL20,VOL20,20,21,20_baseline_calendar_entries,20,True,False,True,False,False,False,True
LOWVOL20,lowvol20_all_exact_windows_diagnostic,37,2024-04-19,Q5-Q1,-0.10434825164768931,-0.06898925015726137,54,54,1.0,54,1.0,True,LOWVOL20,VOL20,20,21,20_baseline_calendar_entries,20,True,False,True,False,False,False,True
LOWVOL20,lowvol20_all_exact_windows_diagnostic,37,2024-04-19,Q5-UNIVERSE,-0.05988702396520656,-0.018952955043187447,54,54,1.0,54,1.0,True,LOWVOL20,VOL20,20,21,20_baseline_calendar_entries,20,True,False,True,False,False,False,True
LOWVOL20,lowvol20_all_exact_windows_diagnostic,38,2024-05-22,Q1,-0.07526059278830871,0.37868537555117054,11,11,1.0,11,1.0,True,LOWVOL20,VOL20,20,21,20_baseline_calendar_entries,20,True,False,True,False,False,False,True
LOWVOL20,lowvol20_all_exact_windows_diagnostic,38,2024-05-22,Q2,-0.09593423259394857,0.3662193988518373,11,11,1.0,11,1.0,True,LOWVOL20,VOL20,20,21,20_baseline_calendar_entries,20,True,False,True,False,False,False,True
LOWVOL20,lowvol20_all_exact_windows_diagnostic,38,2024-05-22,Q3,-0.0804974840687463,0.3835772814867049,11,11,1.0,11,1.0,True,LOWVOL20,VOL20,20,21,20_baseline_calendar_entries,20,True,False,True,False,False,False,True
LOWVOL20,lowvol20_all_exact_windows_diagnostic,38,2024-05-22,Q4,-0.06328983810326058,0.3154431943859734,11,11,1.0,11,1.0,True,LOWVOL20,VOL20,20,21,20_baseline_calendar_entries,20,True,False,True,False,False,False,True
LOWVOL20,lowvol20_all_exact_windows_diagnostic,38,2024-05-22,Q5,-0.04588277364962388,0.36523899809496163,10,10,1.0,10,1.0,True,LOWVOL20,VOL20,20,21,20_baseline_calendar_entries,20,True,False,True,False,False,False,True
LOWVOL20,lowvol20_all_exact_windows_diagnostic,38,2024-05-22,UNIVERSE,-0.07265983999246564,0.3617697728515215,54,54,1.0,54,1.0,True,LOWVOL20,VOL20,20,21,20_baseline_calendar_entries,20,True,False,True,False,False,False,True
LOWVOL20,lowvol20_all_exact_windows_diagnostic,38,2024-05-22,Q5-Q1,0.029377819138684834,-0.013446377456208913,54,54,1.0,54,1.0,True,LOWVOL20,VOL20,20,21,20_baseline_calendar_entries,20,True,False,True,False,False,False,True
LOWVOL20,lowvol20_all_exact_windows_diagnostic,38,2024-05-22,Q5-UNIVERSE,0.026777066342841764,0.0034692252434401216,54,54,1.0,54,1.0,True,LOWVOL20,VOL20,20,21,20_baseline_calendar_entries,20,True,False,True,False,False,False,True
LOWVOL20,lowvol20_all_exact_windows_diagnostic,39,2024-06-20,Q1,-0.019269353974172357,0.4883579095123993,11,11,1.0,11,1.0,True,LOWVOL20,VOL20,20,21,20_baseline_calendar_entries,20,True,False,True,False,False,False,True
LOWVOL20,lowvol20_all_exact_windows_diagnostic,39,2024-06-20,Q2,-0.016818267538681816,0.5147585757371812,11,11,1.0,11,1.0,True,LOWVOL20,VOL20,20,21,20_baseline_calendar_entries,20,True,False,True,False,False,False,True
LOWVOL20,lowvol20_all_exact_windows_diagnostic,39,2024-06-20,Q3,-0.0480477193217296,0.5061227864924137,11,11,1.0,11,1.0,True,LOWVOL20,VOL20,20,21,20_baseline_calendar_entries,20,True,False,True,False,False,False,True
LOWVOL20,lowvol20_all_exact_windows_diagnostic,39,2024-06-20,Q4,-0.053218250560370745,0.39740075034597006,11,11,1.0,11,1.0,True,LOWVOL20,VOL20,20,21,20_baseline_calendar_entries,20,True,False,True,False,False,False,True
LOWVOL20,lowvol20_all_exact_windows_diagnostic,39,2024-06-20,Q5,-0.05108662926750479,0.4292034136074947,10,10,1.0,10,1.0,True,LOWVOL20,VOL20,20,21,20_baseline_calendar_entries,20,True,False,True,False,False,False,True
LOWVOL20,lowvol20_all_exact_windows_diagnostic,39,2024-06-20,UNIVERSE,-0.037439922185547175,0.46787174776004725,54,54,1.0,54,1.0,True,LOWVOL20,VOL20,20,21,20_baseline_calendar_entries,20,True,False,True,False,False,False,True
LOWVOL20,lowvol20_all_exact_windows_diagnostic,39,2024-06-20,Q5-Q1,-0.031817275293332434,-0.059154495904904625,54,54,1.0,54,1.0,True,LOWVOL20,VOL20,20,21,20_baseline_calendar_entries,20,True,False,True,False,False,False,True
LOWVOL20,lowvol20_all_exact_windows_diagnostic,39,2024-06-20,Q5-UNIVERSE,-0.013646707081957615,-0.03866833415255255,54,54,1.0,54,1.0,True,LOWVOL20,VOL20,20,21,20_baseline_calendar_entries,20,True,False,True,False,False,False,True
LOWVOL20,lowvol20_all_exact_windows_diagnostic,40,2024-07-18,Q1,-0.055999896820377565,0.422802648240067,11,11,1.0,11,1.0,True,LOWVOL20,VOL20,20,21,20_baseline_calendar_entries,20,True,False,True,False,False,False,True
LOWVOL20,lowvol20_all_exact_windows_diagnostic,40,2024-07-18,Q2,-0.019289679570110792,0.3862205149807472,11,11,1.0,11,1.0,True,LOWVOL20,VOL20,20,21,20_baseline_calendar_entries,20,True,False,True,False,False,False,True
LOWVOL20,lowvol20_all_exact_windows_diagnostic,40,2024-07-18,Q3,-0.0017555367707931383,0.3435395050433372,11,11,1.0,11,1.0,True,LOWVOL20,VOL20,20,21,20_baseline_calendar_entries,20,True,False,True,False,False,False,True
LOWVOL20,lowvol20_all_exact_windows_diagnostic,40,2024-07-18,Q4,0.013450049236757099,0.28951643125322746,11,11,1.0,11,1.0,True,LOWVOL20,VOL20,20,21,20_baseline_calendar_entries,20,True,False,True,False,False,False,True
LOWVOL20,lowvol20_all_exact_windows_diagnostic,40,2024-07-18,Q5,0.03783023318447304,0.36876670040542103,10,10,1.0,10,1.0,True,LOWVOL20,VOL20,20,21,20_baseline_calendar_entries,20,True,False,True,False,False,False,True
LOWVOL20,lowvol20_all_exact_windows_diagnostic,40,2024-07-18,UNIVERSE,-0.005948951320834037,0.36204698331009966,54,54,1.0,54,1.0,True,LOWVOL20,VOL20,20,21,20_baseline_calendar_entries,20,True,False,True,False,False,False,True
LOWVOL20,lowvol20_all_exact_windows_diagnostic,40,2024-07-18,Q5-Q1,0.0938301300048506,-0.05403594783464599,54,54,1.0,54,1.0,True,LOWVOL20,VOL20,20,21,20_baseline_calendar_entries,20,True,False,True,False,False,False,True
LOWVOL20,lowvol20_all_exact_windows_diagnostic,40,2024-07-18,Q5-UNIVERSE,0.04377918450530707,0.006719717095321376,54,54,1.0,54,1.0,True,LOWVOL20,VOL20,20,21,20_baseline_calendar_entries,20,True,False,True,False,False,False,True
LOWVOL20,lowvol20_all_exact_windows_diagnostic,41,2024-08-15,Q1,-0.049956640314263695,0.40037948276013907,11,11,1.0,11,1.0,True,LOWVOL20,VOL20,20,21,20_baseline_calendar_entries,20,True,False,True,False,False,False,True
LOWVOL20,lowvol20_all_exact_windows_diagnostic,41,2024-08-15,Q2,-0.011074867332881372,0.37317745460597873,11,11,1.0,11,1.0,True,LOWVOL20,VOL20,20,21,20_baseline_calendar_entries,20,True,False,True,False,False,False,True
LOWVOL20,lowvol20_all_exact_windows_diagnostic,41,2024-08-15,Q3,-0.03599580001781104,0.3774954608730661,11,11,1.0,11,1.0,True,LOWVOL20,VOL20,20,21,20_baseline_calendar_entries,20,True,False,True,False,False,False,True
LOWVOL20,lowvol20_all_exact_windows_diagnostic,41,2024-08-15,Q4,0.05891083326272942,0.40486660484855225,11,11,1.0,11,1.0,True,LOWVOL20,VOL20,20,21,20_baseline_calendar_entries,20,True,False,True,False,False,False,True
LOWVOL20,lowvol20_all_exact_windows_diagnostic,41,2024-08-15,Q5,-0.04109294364570284,0.2898148005034803,10,10,1.0,10,1.0,True,LOWVOL20,VOL20,20,21,20_baseline_calendar_entries,20,True,False,True,False,False,False,True
LOWVOL20,lowvol20_all_exact_windows_diagnostic,41,2024-08-15,UNIVERSE,-0.01537427138669485,0.37061587109259075,54,54,1.0,54,1.0,True,LOWVOL20,VOL20,20,21,20_baseline_calendar_entries,20,True,False,True,False,False,False,True
LOWVOL20,lowvol20_all_exact_windows_diagnostic,41,2024-08-15,Q5-Q1,0.008863696668560857,-0.11056468225665878,54,54,1.0,54,1.0,True,LOWVOL20,VOL20,20,21,20_baseline_calendar_entries,20,True,False,True,False,False,False,True
LOWVOL20,lowvol20_all_exact_windows_diagnostic,41,2024-08-15,Q5-UNIVERSE,-0.025718672259007987,-0.08080107058911046,54,54,1.0,54,1.0,True,LOWVOL20,VOL20,20,21,20_baseline_calendar_entries,20,True,False,True,False,False,False,True
LOWVOL20,lowvol20_all_exact_windows_diagnostic,42,2024-09-12,Q1,0.5440988439855249,0.9832313591519658,11,11,1.0,11,1.0,True,LOWVOL20,VOL20,20,21,20_baseline_calendar_entries,20,True,False,True,False,False,False,True
LOWVOL20,lowvol20_all_exact_windows_diagnostic,42,2024-09-12,Q2,0.7216136731788528,0.9677040231281091,11,11,1.0,11,1.0,True,LOWVOL20,VOL20,20,21,20_baseline_calendar_entries,20,True,False,True,False,False,False,True
LOWVOL20,lowvol20_all_exact_windows_diagnostic,42,2024-09-12,Q3,0.5424556734442993,1.1446427181888235,11,11,1.0,11,1.0,True,LOWVOL20,VOL20,20,21,20_baseline_calendar_entries,20,True,False,True,False,False,False,True
LOWVOL20,lowvol20_all_exact_windows_diagnostic,42,2024-09-12,Q4,0.39984690301037545,0.8232287938904098,11,11,1.0,11,1.0,True,LOWVOL20,VOL20,20,21,20_baseline_calendar_entries,20,True,False,True,False,False,False,True
LOWVOL20,lowvol20_all_exact_windows_diagnostic,42,2024-09-12,Q5,0.2751605707302816,0.6964572146247825,10,10,1.0,10,1.0,True,LOWVOL20,VOL20,20,21,20_baseline_calendar_entries,20,True,False,True,False,False,False,True
LOWVOL20,lowvol20_all_exact_windows_diagnostic,42,2024-09-12,UNIVERSE,0.5007365136502295,0.9272490367444484,54,54,1.0,54,1.0,True,LOWVOL20,VOL20,20,21,20_baseline_calendar_entries,20,True,False,True,False,False,False,True
LOWVOL20,lowvol20_all_exact_windows_diagnostic,42,2024-09-12,Q5-Q1,-0.2689382732552433,-0.2867741445271833,54,54,1.0,54,1.0,True,LOWVOL20,VOL20,20,21,20_baseline_calendar_entries,20,True,False,True,False,False,False,True
LOWVOL20,lowvol20_all_exact_windows_diagnostic,42,2024-09-12,Q5-UNIVERSE,-0.22557594291994792,-0.23079182211966587,54,54,1.0,54,1.0,True,LOWVOL20,VOL20,20,21,20_baseline_calendar_entries,20,True,False,True,False,False,False,True
LOWVOL20,lowvol20_all_exact_windows_diagnostic,43,2024-10-21,Q1,-0.0982263385953994,0.8278166740488323,11,11,1.0,11,1.0,True,LOWVOL20,VOL20,20,21,20_baseline_calendar_entries,20,True,False,True,False,False,False,True
LOWVOL20,lowvol20_all_exact_windows_diagnostic,43,2024-10-21,Q2,0.017153826090114458,0.6720531473160318,11,11,1.0,11,1.0,True,LOWVOL20,VOL20,20,21,20_baseline_calendar_entries,20,True,False,True,False,False,False,True
LOWVOL20,lowvol20_all_exact_windows_diagnostic,43,2024-10-21,Q3,0.04476526417569391,0.6465251005548635,11,11,1.0,11,1.0,True,LOWVOL20,VOL20,20,21,20_baseline_calendar_entries,20,True,False,True,False,False,False,True
LOWVOL20,lowvol20_all_exact_windows_diagnostic,43,2024-10-21,Q4,0.044619626755402715,0.5723358503949704,11,11,1.0,11,1.0,True,LOWVOL20,VOL20,20,21,20_baseline_calendar_entries,20,True,False,True,False,False,False,True
LOWVOL20,lowvol20_all_exact_windows_diagnostic,43,2024-10-21,Q5,0.12840145456152946,0.5329521508799085,10,10,1.0,10,1.0,True,LOWVOL20,VOL20,20,21,20_baseline_calendar_entries,20,True,False,True,False,False,False,True
LOWVOL20,lowvol20_all_exact_windows_diagnostic,43,2024-10-21,UNIVERSE,0.025471309412948576,0.6525103704492733,54,54,1.0,54,1.0,True,LOWVOL20,VOL20,20,21,20_baseline_calendar_entries,20,True,False,True,False,False,False,True
LOWVOL20,lowvol20_all_exact_windows_diagnostic,43,2024-10-21,Q5-Q1,0.22662779315692888,-0.29486452316892375,54,54,1.0,54,1.0,True,LOWVOL20,VOL20,20,21,20_baseline_calendar_entries,20,True,False,True,False,False,False,True
LOWVOL20,lowvol20_all_exact_windows_diagnostic,43,2024-10-21,Q5-UNIVERSE,0.10293014514858088,-0.11955821956936474,54,54,1.0,54,1.0,True,LOWVOL20,VOL20,20,21,20_baseline_calendar_entries,20,True,False,True,False,False,False,True
LOWVOL20,lowvol20_all_exact_windows_diagnostic,44,2024-11-18,Q1,0.04246792041565861,0.6042243814048985,11,11,1.0,11,1.0,True,LOWVOL20,VOL20,20,21,20_baseline_calendar_entries,20,True,False,True,False,False,False,True
LOWVOL20,lowvol20_all_exact_windows_diagnostic,44,2024-11-18,Q2,0.17319617222729572,0.5691180131565354,11,11,1.0,11,1.0,True,LOWVOL20,VOL20,20,21,20_baseline_calendar_entries,20,True,False,True,False,False,False,True
LOWVOL20,lowvol20_all_exact_windows_diagnostic,44,2024-11-18,Q3,0.1965767130855847,0.636520161341397,11,11,1.0,11,1.0,True,LOWVOL20,VOL20,20,21,20_baseline_calendar_entries,20,True,False,True,False,False,False,True
LOWVOL20,lowvol20_all_exact_windows_diagnostic,44,2024-11-18,Q4,0.08915957153483413,0.3912829332408359,11,11,1.0,11,1.0,True,LOWVOL20,VOL20,20,21,20_baseline_calendar_entries,20,True,False,True,False,False,False,True
LOWVOL20,lowvol20_all_exact_windows_diagnostic,44,2024-11-18,Q5,0.08844321439848203,0.3755670495857655,10,10,1.0,10,1.0,True,LOWVOL20,VOL20,20,21,20_baseline_calendar_entries,20,True,False,True,False,False,False,True
LOWVOL20,lowvol20_all_exact_windows_diagnostic,44,2024-11-18,UNIVERSE,0.11851548692373938,0.5179309421562591,54,54,1.0,54,1.0,True,LOWVOL20,VOL20,20,21,20_baseline_calendar_entries,20,True,False,True,False,False,False,True
LOWVOL20,lowvol20_all_exact_windows_diagnostic,44,2024-11-18,Q5-Q1,0.04597529398282342,-0.22865733181913306,54,54,1.0,54,1.0,True,LOWVOL20,VOL20,20,21,20_baseline_calendar_entries,20,True,False,True,False,False,False,True
LOWVOL20,lowvol20_all_exact_windows_diagnostic,44,2024-11-18,Q5-UNIVERSE,-0.03007227252525735,-0.14236389257049364,54,54,1.0,54,1.0,True,LOWVOL20,VOL20,20,21,20_baseline_calendar_entries,20,True,False,True,False,False,False,True
LOWVOL20,lowvol20_all_exact_windows_diagnostic,45,2024-12-16,Q1,-0.12193233887342018,0.7433120405767375,11,11,1.0,11,1.0,True,LOWVOL20,VOL20,20,21,20_baseline_calendar_entries,20,True,False,True,False,False,False,True
LOWVOL20,lowvol20_all_exact_windows_diagnostic,45,2024-12-16,Q2,-0.06865671839513593,0.7123200951065504,11,11,1.0,11,1.0,True,LOWVOL20,VOL20,20,21,20_baseline_calendar_entries,20,True,False,True,False,False,False,True
LOWVOL20,lowvol20_all_exact_windows_diagnostic,45,2024-12-16,Q3,-0.08596074014595818,0.601765453310938,11,11,1.0,11,1.0,True,LOWVOL20,VOL20,20,21,20_baseline_calendar_entries,20,True,False,True,False,False,False,True
LOWVOL20,lowvol20_all_exact_windows_diagnostic,45,2024-12-16,Q4,-0.09073397626901512,0.46050642484956356,11,11,1.0,11,1.0,True,LOWVOL20,VOL20,20,21,20_baseline_calendar_entries,20,True,False,True,False,False,False,True
LOWVOL20,lowvol20_all_exact_windows_diagnostic,45,2024-12-16,Q5,0.01966645418630031,0.5976260495509756,10,10,1.0,10,1.0,True,LOWVOL20,VOL20,20,21,20_baseline_calendar_entries,20,True,False,True,False,False,False,True
LOWVOL20,lowvol20_all_exact_windows_diagnostic,45,2024-12-16,UNIVERSE,-0.07117512904918187,0.6235778638479895,54,54,1.0,54,1.0,True,LOWVOL20,VOL20,20,21,20_baseline_calendar_entries,20,True,False,True,False,False,False,True
LOWVOL20,lowvol20_all_exact_windows_diagnostic,45,2024-12-16,Q5-Q1,0.1415987930597205,-0.14568599102576185,54,54,1.0,54,1.0,True,LOWVOL20,VOL20,20,21,20_baseline_calendar_entries,20,True,False,True,False,False,False,True
LOWVOL20,lowvol20_all_exact_windows_diagnostic,45,2024-12-16,Q5-UNIVERSE,0.09084158323548218,-0.025951814297013875,54,54,1.0,54,1.0,True,LOWVOL20,VOL20,20,21,20_baseline_calendar_entries,20,True,False,True,False,False,False,True
LOWVOL20,lowvol20_all_exact_windows_diagnostic,46,2025-01-14,Q1,0.2072371713593129,0.8102979294018382,11,11,1.0,11,1.0,True,LOWVOL20,VOL20,20,21,20_baseline_calendar_entries,20,True,False,True,False,False,False,True
LOWVOL20,lowvol20_all_exact_windows_diagnostic,46,2025-01-14,Q2,0.25731536942374333,0.6811445813364461,11,11,1.0,11,1.0,True,LOWVOL20,VOL20,20,21,20_baseline_calendar_entries,20,True,False,True,False,False,False,True
LOWVOL20,lowvol20_all_exact_windows_diagnostic,46,2025-01-14,Q3,0.3372027513065067,0.7017288265364031,11,11,1.0,11,1.0,True,LOWVOL20,VOL20,20,21,20_baseline_calendar_entries,20,True,False,True,False,False,False,True
LOWVOL20,lowvol20_all_exact_windows_diagnostic,46,2025-01-14,Q4,0.19067420678329994,0.49780702276126054,11,11,1.0,11,1.0,True,LOWVOL20,VOL20,20,21,20_baseline_calendar_entries,20,True,False,True,False,False,False,True
LOWVOL20,lowvol20_all_exact_windows_diagnostic,46,2025-01-14,Q5,0.2964120967849744,0.4755183501142768,10,10,1.0,10,1.0,True,LOWVOL20,VOL20,20,21,20_baseline_calendar_entries,20,True,False,True,False,False,False,True
LOWVOL20,lowvol20_all_exact_windows_diagnostic,46,2025-01-14,UNIVERSE,0.25705269361946725,0.6362212122507074,54,54,1.0,54,1.0,True,LOWVOL20,VOL20,20,21,20_baseline_calendar_entries,20,True,False,True,False,False,False,True
LOWVOL20,lowvol20_all_exact_windows_diagnostic,46,2025-01-14,Q5-Q1,0.08917492542566147,-0.3347795792875614,54,54,1.0,54,1.0,True,LOWVOL20,VOL20,20,21,20_baseline_calendar_entries,20,True,False,True,False,False,False,True
LOWVOL20,lowvol20_all_exact_windows_diagnostic,46,2025-01-14,Q5-UNIVERSE,0.03935940316550712,-0.1607028621364306,54,54,1.0,54,1.0,True,LOWVOL20,VOL20,20,21,20_baseline_calendar_entries,20,True,False,True,False,False,False,True
LOWVOL20,lowvol20_all_exact_windows_diagnostic,47,2025-02-19,Q1,-0.06050001100529212,0.6757529695768357,11,11,1.0,11,1.0,True,LOWVOL20,VOL20,20,21,20_baseline_calendar_entries,20,True,False,True,False,False,False,True
LOWVOL20,lowvol20_all_exact_windows_diagnostic,47,2025-02-19,Q2,0.041651638145472396,0.7347609600992766,11,11,1.0,11,1.0,True,LOWVOL20,VOL20,20,21,20_baseline_calendar_entries,20,True,False,True,False,False,False,True
LOWVOL20,lowvol20_all_exact_windows_diagnostic,47,2025-02-19,Q3,0.0008479714099122484,0.5503712438905555,11,11,1.0,11,1.0,True,LOWVOL20,VOL20,20,21,20_baseline_calendar_entries,20,True,False,True,False,False,False,True
LOWVOL20,lowvol20_all_exact_windows_diagnostic,47,2025-02-19,Q4,0.011302521300112252,0.4602488532341605,11,11,1.0,11,1.0,True,LOWVOL20,VOL20,20,21,20_baseline_calendar_entries,20,True,False,True,False,False,False,True
LOWVOL20,lowvol20_all_exact_windows_diagnostic,47,2025-02-19,Q5,0.05032721443906553,0.39206539734944046,10,10,1.0,10,1.0,True,LOWVOL20,VOL20,20,21,20_baseline_calendar_entries,20,True,False,True,False,False,False,True
LOWVOL20,lowvol20_all_exact_windows_diagnostic,47,2025-02-19,UNIVERSE,0.00795547153227607,0.5657986716352501,54,54,1.0,54,1.0,True,LOWVOL20,VOL20,20,21,20_baseline_calendar_entries,20,True,False,True,False,False,False,True
LOWVOL20,lowvol20_all_exact_windows_diagnostic,47,2025-02-19,Q5-Q1,0.11082722544435765,-0.28368757222739527,54,54,1.0,54,1.0,True,LOWVOL20,VOL20,20,21,20_baseline_calendar_entries,20,True,False,True,False,False,False,True
LOWVOL20,lowvol20_all_exact_windows_diagnostic,47,2025-02-19,Q5-UNIVERSE,0.04237174290678946,-0.17373327428580965,54,54,1.0,54,1.0,True,LOWVOL20,VOL20,20,21,20_baseline_calendar_entries,20,True,False,True,False,False,False,True
LOWVOL20,lowvol20_all_exact_windows_diagnostic,48,2025-03-19,Q1,-0.1818021521872798,0.7445347316463319,11,11,1.0,11,1.0,True,LOWVOL20,VOL20,20,21,20_baseline_calendar_entries,20,True,False,True,False,False,False,True
LOWVOL20,lowvol20_all_exact_windows_diagnostic,48,2025-03-19,Q2,-0.187260734030556,0.7753052401552986,11,11,1.0,11,1.0,True,LOWVOL20,VOL20,20,21,20_baseline_calendar_entries,20,True,False,True,False,False,False,True
LOWVOL20,lowvol20_all_exact_windows_diagnostic,48,2025-03-19,Q3,-0.14567532802597363,0.5873950287351434,11,11,1.0,11,1.0,True,LOWVOL20,VOL20,20,21,20_baseline_calendar_entries,20,True,False,True,False,False,False,True
LOWVOL20,lowvol20_all_exact_windows_diagnostic,48,2025-03-19,Q4,-0.1490456470338488,0.5751286698882437,11,11,1.0,11,1.0,True,LOWVOL20,VOL20,20,21,20_baseline_calendar_entries,20,True,False,True,False,False,False,True
LOWVOL20,lowvol20_all_exact_windows_diagnostic,48,2025-03-19,Q5,-0.11874334601579091,0.49651708493707575,10,10,1.0,10,1.0,True,LOWVOL20,VOL20,20,21,20_baseline_calendar_entries,20,True,False,True,False,False,False,True
LOWVOL20,lowvol20_all_exact_windows_diagnostic,48,2025-03-19,UNIVERSE,-0.1572047395224472,0.6383550226675176,54,54,1.0,54,1.0,True,LOWVOL20,VOL20,20,21,20_baseline_calendar_entries,20,True,False,True,False,False,False,True
LOWVOL20,lowvol20_all_exact_windows_diagnostic,48,2025-03-19,Q5-Q1,0.06305880617148889,-0.24801764670925613,54,54,1.0,54,1.0,True,LOWVOL20,VOL20,20,21,20_baseline_calendar_entries,20,True,False,True,False,False,False,True
LOWVOL20,lowvol20_all_exact_windows_diagnostic,48,2025-03-19,Q5-UNIVERSE,0.0384613935066563,-0.1418379377304419,54,54,1.0,54,1.0,True,LOWVOL20,VOL20,20,21,20_baseline_calendar_entries,20,True,False,True,False,False,False,True
LOWVOL20,lowvol20_all_exact_windows_diagnostic,49,2025-04-17,Q1,0.09322350502856733,0.5208263720728908,11,11,1.0,11,1.0,True,LOWVOL20,VOL20,20,21,20_baseline_calendar_entries,20,True,False,True,False,False,False,True
LOWVOL20,lowvol20_all_exact_windows_diagnostic,49,2025-04-17,Q2,0.05607261497541074,0.4189995159985745,11,11,1.0,11,1.0,True,LOWVOL20,VOL20,20,21,20_baseline_calendar_entries,20,True,False,True,False,False,False,True
LOWVOL20,lowvol20_all_exact_windows_diagnostic,49,2025-04-17,Q3,0.07124138381238192,0.47352482365140497,11,11,1.0,11,1.0,True,LOWVOL20,VOL20,20,21,20_baseline_calendar_entries,20,True,False,True,False,False,False,True
LOWVOL20,lowvol20_all_exact_windows_diagnostic,49,2025-04-17,Q4,0.05817769596757006,0.34907885088054,11,11,1.0,11,1.0,True,LOWVOL20,VOL20,20,21,20_baseline_calendar_entries,20,True,False,True,False,False,False,True
LOWVOL20,lowvol20_all_exact_windows_diagnostic,49,2025-04-17,Q5,0.047298055381521785,0.3098040607561051,10,10,1.0,10,1.0,True,LOWVOL20,VOL20,20,21,20_baseline_calendar_entries,20,True,False,True,False,False,False,True
LOWVOL20,lowvol20_all_exact_windows_diagnostic,49,2025-04-17,UNIVERSE,0.06553421761923052,0.416384551781455,54,54,1.0,54,1.0,True,LOWVOL20,VOL20,20,21,20_baseline_calendar_entries,20,True,False,True,False,False,False,True
LOWVOL20,lowvol20_all_exact_windows_diagnostic,49,2025-04-17,Q5-Q1,-0.04592544964704554,-0.21102231131678573,54,54,1.0,54,1.0,True,LOWVOL20,VOL20,20,21,20_baseline_calendar_entries,20,True,False,True,False,False,False,True
LOWVOL20,lowvol20_all_exact_windows_diagnostic,49,2025-04-17,Q5-UNIVERSE,-0.018236162237708735,-0.10658049102534989,54,54,1.0,54,1.0,True,LOWVOL20,VOL20,20,21,20_baseline_calendar_entries,20,True,False,True,False,False,False,True
LOWVOL20,lowvol20_all_exact_windows_diagnostic,50,2025-05-20,Q1,-0.03853079829388895,0.47009075473571094,11,11,1.0,11,1.0,True,LOWVOL20,VOL20,20,21,20_baseline_calendar_entries,20,True,False,True,False,False,False,True
LOWVOL20,lowvol20_all_exact_windows_diagnostic,50,2025-05-20,Q2,0.0030700351897084773,0.36945708500316277,11,11,1.0,11,1.0,True,LOWVOL20,VOL20,20,21,20_baseline_calendar_entries,20,True,False,True,False,False,False,True
LOWVOL20,lowvol20_all_exact_windows_diagnostic,50,2025-05-20,Q3,0.06895986633464453,0.38441805668074386,11,11,1.0,11,1.0,True,LOWVOL20,VOL20,20,21,20_baseline_calendar_entries,20,True,False,True,False,False,False,True
LOWVOL20,lowvol20_all_exact_windows_diagnostic,50,2025-05-20,Q4,-0.009352836392355391,0.2881811015790619,11,11,1.0,11,1.0,True,LOWVOL20,VOL20,20,21,20_baseline_calendar_entries,20,True,False,True,False,False,False,True
LOWVOL20,lowvol20_all_exact_windows_diagnostic,50,2025-05-20,Q5,0.07264619237430184,0.29479077359543493,10,10,1.0,10,1.0,True,LOWVOL20,VOL20,20,21,20_baseline_calendar_entries,20,True,False,True,False,False,False,True
LOWVOL20,lowvol20_all_exact_windows_diagnostic,50,2025-05-20,UNIVERSE,0.01837168257337433,0.36262082803592266,54,54,1.0,54,1.0,True,LOWVOL20,VOL20,20,21,20_baseline_calendar_entries,20,True,False,True,False,False,False,True
LOWVOL20,lowvol20_all_exact_windows_diagnostic,50,2025-05-20,Q5-Q1,0.11117699066819078,-0.175299981140276,54,54,1.0,54,1.0,True,LOWVOL20,VOL20,20,21,20_baseline_calendar_entries,20,True,False,True,False,False,False,True
LOWVOL20,lowvol20_all_exact_windows_diagnostic,50,2025-05-20,Q5-UNIVERSE,0.0542745098009275,-0.06783005444048773,54,54,1.0,54,1.0,True,LOWVOL20,VOL20,20,21,20_baseline_calendar_entries,20,True,False,True,False,False,False,True
LOWVOL20,lowvol20_all_exact_windows_diagnostic,51,2025-06-18,Q1,0.0999186371133114,0.5438902484298306,11,11,1.0,11,1.0,True,LOWVOL20,VOL20,20,21,20_baseline_calendar_entries,20,True,False,True,False,False,False,True
LOWVOL20,lowvol20_all_exact_windows_diagnostic,51,2025-06-18,Q2,0.08097016494829533,0.39381332814654607,11,11,1.0,11,1.0,True,LOWVOL20,VOL20,20,21,20_baseline_calendar_entries,20,True,False,True,False,False,False,True
LOWVOL20,lowvol20_all_exact_windows_diagnostic,51,2025-06-18,Q3,0.1422106600078072,0.4182003081033862,11,11,1.0,11,1.0,True,LOWVOL20,VOL20,20,21,20_baseline_calendar_entries,20,True,False,True,False,False,False,True
LOWVOL20,lowvol20_all_exact_windows_diagnostic,51,2025-06-18,Q4,0.05323135827466557,0.31911662034010196,11,11,1.0,11,1.0,True,LOWVOL20,VOL20,20,21,20_baseline_calendar_entries,20,True,False,True,False,False,False,True
LOWVOL20,lowvol20_all_exact_windows_diagnostic,51,2025-06-18,Q5,0.05780742498928969,0.2358397244410862,10,10,1.0,10,1.0,True,LOWVOL20,VOL20,20,21,20_baseline_calendar_entries,20,True,False,True,False,False,False,True
LOWVOL20,lowvol20_all_exact_windows_diagnostic,51,2025-06-18,UNIVERSE,0.08736506062366244,0.38488190369684017,54,54,1.0,54,1.0,True,LOWVOL20,VOL20,20,21,20_baseline_calendar_entries,20,True,False,True,False,False,False,True
LOWVOL20,lowvol20_all_exact_windows_diagnostic,51,2025-06-18,Q5-Q1,-0.04211121212402172,-0.3080505239887444,54,54,1.0,54,1.0,True,LOWVOL20,VOL20,20,21,20_baseline_calendar_entries,20,True,False,True,False,False,False,True
LOWVOL20,lowvol20_all_exact_windows_diagnostic,51,2025-06-18,Q5-UNIVERSE,-0.029557635634372748,-0.14904217925575397,54,54,1.0,54,1.0,True,LOWVOL20,VOL20,20,21,20_baseline_calendar_entries,20,True,False,True,False,False,False,True
LOWVOL20,lowvol20_all_exact_windows_diagnostic,52,2025-07-16,Q1,0.01507516777881361,0.4030912787958045,11,11,1.0,11,1.0,True,LOWVOL20,VOL20,20,21,20_baseline_calendar_entries,20,True,False,True,False,False,False,True
LOWVOL20,lowvol20_all_exact_windows_diagnostic,52,2025-07-16,Q2,0.07441246364198661,0.4150721010881871,11,11,1.0,11,1.0,True,LOWVOL20,VOL20,20,21,20_baseline_calendar_entries,20,True,False,True,False,False,False,True
LOWVOL20,lowvol20_all_exact_windows_diagnostic,52,2025-07-16,Q3,0.14220150796828127,0.3908788008123553,11,11,1.0,11,1.0,True,LOWVOL20,VOL20,20,21,20_baseline_calendar_entries,20,True,False,True,False,False,False,True
LOWVOL20,lowvol20_all_exact_windows_diagnostic,52,2025-07-16,Q4,0.10126985339662982,0.29951424334967586,11,11,1.0,11,1.0,True,LOWVOL20,VOL20,20,21,20_baseline_calendar_entries,20,True,False,True,False,False,False,True
LOWVOL20,lowvol20_all_exact_windows_diagnostic,52,2025-07-16,Q5,0.05901892349693475,0.24722881385157752,10,10,1.0,10,1.0,True,LOWVOL20,VOL20,20,21,20_baseline_calendar_entries,20,True,False,True,False,False,False,True
LOWVOL20,lowvol20_all_exact_windows_diagnostic,52,2025-07-16,UNIVERSE,0.0787544102891143,0.3530816445004079,54,54,1.0,54,1.0,True,LOWVOL20,VOL20,20,21,20_baseline_calendar_entries,20,True,False,True,False,False,False,True
LOWVOL20,lowvol20_all_exact_windows_diagnostic,52,2025-07-16,Q5-Q1,0.04394375571812114,-0.15586246494422695,54,54,1.0,54,1.0,True,LOWVOL20,VOL20,20,21,20_baseline_calendar_entries,20,True,False,True,False,False,False,True
LOWVOL20,lowvol20_all_exact_windows_diagnostic,52,2025-07-16,Q5-UNIVERSE,-0.019735486792179548,-0.10585283064883039,54,54,1.0,54,1.0,True,LOWVOL20,VOL20,20,21,20_baseline_calendar_entries,20,True,False,True,False,False,False,True
LOWVOL20,lowvol20_all_exact_windows_diagnostic,53,2025-08-13,Q1,0.02905571797729021,0.4987824743580198,11,11,1.0,11,1.0,True,LOWVOL20,VOL20,20,21,20_baseline_calendar_entries,20,True,False,True,False,False,False,True
LOWVOL20,lowvol20_all_exact_windows_diagnostic,53,2025-08-13,Q2,0.054132713391578574,0.6020118956629112,11,11,1.0,11,1.0,True,LOWVOL20,VOL20,20,21,20_baseline_calendar_entries,20,True,False,True,False,False,False,True
LOWVOL20,lowvol20_all_exact_windows_diagnostic,53,2025-08-13,Q3,-0.008261125204914762,0.5364440973300704,11,11,1.0,11,1.0,True,LOWVOL20,VOL20,20,21,20_baseline_calendar_entries,20,True,False,True,False,False,False,True
LOWVOL20,lowvol20_all_exact_windows_diagnostic,53,2025-08-13,Q4,0.0452657660493907,0.577119172225715,11,11,1.0,11,1.0,True,LOWVOL20,VOL20,20,21,20_baseline_calendar_entries,20,True,False,True,False,False,False,True
LOWVOL20,lowvol20_all_exact_windows_diagnostic,53,2025-08-13,Q5,0.03167138250435543,0.46438761270923656,10,10,1.0,10,1.0,True,LOWVOL20,VOL20,20,21,20_baseline_calendar_entries,20,True,False,True,False,False,False,True
LOWVOL20,lowvol20_all_exact_windows_diagnostic,53,2025-08-13,UNIVERSE,0.030348844803524934,0.5370705585636341,54,54,1.0,54,1.0,True,LOWVOL20,VOL20,20,21,20_baseline_calendar_entries,20,True,False,True,False,False,False,True
LOWVOL20,lowvol20_all_exact_windows_diagnostic,53,2025-08-13,Q5-Q1,0.0026156645270652215,-0.03439486164878325,54,54,1.0,54,1.0,True,LOWVOL20,VOL20,20,21,20_baseline_calendar_entries,20,True,False,True,False,False,False,True
LOWVOL20,lowvol20_all_exact_windows_diagnostic,53,2025-08-13,Q5-UNIVERSE,0.0013225377008304964,-0.0726829458543975,54,54,1.0,54,1.0,True,LOWVOL20,VOL20,20,21,20_baseline_calendar_entries,20,True,False,True,False,False,False,True
LOWVOL20,lowvol20_all_exact_windows_diagnostic,54,2025-09-10,Q1,0.035157227214916695,0.5095883816107235,11,11,1.0,11,1.0,True,LOWVOL20,VOL20,20,21,20_baseline_calendar_entries,20,True,False,True,False,False,False,True
LOWVOL20,lowvol20_all_exact_windows_diagnostic,54,2025-09-10,Q2,0.012535529660818147,0.5049513693877787,11,11,1.0,11,1.0,True,LOWVOL20,VOL20,20,21,20_baseline_calendar_entries,20,True,False,True,False,False,False,True
LOWVOL20,lowvol20_all_exact_windows_diagnostic,54,2025-09-10,Q3,0.0229483931866353,0.4608861610259471,11,11,1.0,11,1.0,True,LOWVOL20,VOL20,20,21,20_baseline_calendar_entries,20,True,False,True,False,False,False,True
LOWVOL20,lowvol20_all_exact_windows_diagnostic,54,2025-09-10,Q4,0.03273299657398936,0.39144363979190294,11,11,1.0,11,1.0,True,LOWVOL20,VOL20,20,21,20_baseline_calendar_entries,20,True,False,True,False,False,False,True
LOWVOL20,lowvol20_all_exact_windows_diagnostic,54,2025-09-10,Q5,-0.012640141301155738,0.43292891733272204,10,10,1.0,10,1.0,True,LOWVOL20,VOL20,20,21,20_baseline_calendar_entries,20,True,False,True,False,False,False,True
LOWVOL20,lowvol20_all_exact_windows_diagnostic,54,2025-09-10,UNIVERSE,0.01871692962941476,0.46046026376494625,54,54,1.0,54,1.0,True,LOWVOL20,VOL20,20,21,20_baseline_calendar_entries,20,True,False,True,False,False,False,True
LOWVOL20,lowvol20_all_exact_windows_diagnostic,54,2025-09-10,Q5-Q1,-0.047797368516072435,-0.07665946427800147,54,54,1.0,54,1.0,True,LOWVOL20,VOL20,20,21,20_baseline_calendar_entries,20,True,False,True,False,False,False,True
LOWVOL20,lowvol20_all_exact_windows_diagnostic,54,2025-09-10,Q5-UNIVERSE,-0.031357070930570496,-0.027531346432224213,54,54,1.0,54,1.0,True,LOWVOL20,VOL20,20,21,20_baseline_calendar_entries,20,True,False,True,False,False,False,True
LOWVOL20,lowvol20_all_exact_windows_diagnostic,55,2025-10-16,Q1,-0.035293829562954175,0.4677182600188759,11,11,1.0,11,1.0,True,LOWVOL20,VOL20,20,21,20_baseline_calendar_entries,20,True,False,True,False,False,False,True
LOWVOL20,lowvol20_all_exact_windows_diagnostic,55,2025-10-16,Q2,-0.07389055574622545,0.37035254698352316,11,11,1.0,11,1.0,True,LOWVOL20,VOL20,20,21,20_baseline_calendar_entries,20,True,False,True,False,False,False,True
LOWVOL20,lowvol20_all_exact_windows_diagnostic,55,2025-10-16,Q3,-0.049192417217736824,0.3935098695014074,11,11,1.0,11,1.0,True,LOWVOL20,VOL20,20,21,20_baseline_calendar_entries,20,True,False,True,False,False,False,True
LOWVOL20,lowvol20_all_exact_windows_diagnostic,55,2025-10-16,Q4,0.01898195951223984,0.3410621479271729,11,11,1.0,11,1.0,True,LOWVOL20,VOL20,20,21,20_baseline_calendar_entries,20,True,False,True,False,False,False,True
LOWVOL20,lowvol20_all_exact_windows_diagnostic,55,2025-10-16,Q5,0.03386838988286596,0.3000826902442811,10,10,1.0,10,1.0,True,LOWVOL20,VOL20,20,21,20_baseline_calendar_entries,20,True,False,True,False,False,False,True
LOWVOL20,lowvol20_all_exact_windows_diagnostic,55,2025-10-16,UNIVERSE,-0.022123321746903395,0.37592403650339973,54,54,1.0,54,1.0,True,LOWVOL20,VOL20,20,21,20_baseline_calendar_entries,20,True,False,True,False,False,False,True
LOWVOL20,lowvol20_all_exact_windows_diagnostic,55,2025-10-16,Q5-Q1,0.06916221944582013,-0.16763556977459482,54,54,1.0,54,1.0,True,LOWVOL20,VOL20,20,21,20_baseline_calendar_entries,20,True,False,True,False,False,False,True
LOWVOL20,lowvol20_all_exact_windows_diagnostic,55,2025-10-16,Q5-UNIVERSE,0.055991711629769354,-0.07584134625911865,54,54,1.0,54,1.0,True,LOWVOL20,VOL20,20,21,20_baseline_calendar_entries,20,True,False,True,False,False,False,True
LOWVOL20,lowvol20_all_exact_windows_diagnostic,56,2025-11-13,Q1,-0.008926718073187588,0.538543249357472,11,11,1.0,11,1.0,True,LOWVOL20,VOL20,20,21,20_baseline_calendar_entries,20,True,False,True,False,False,False,True
LOWVOL20,lowvol20_all_exact_windows_diagnostic,56,2025-11-13,Q2,0.025061410091496185,0.44964078325292295,11,11,1.0,11,1.0,True,LOWVOL20,VOL20,20,21,20_baseline_calendar_entries,20,True,False,True,False,False,False,True
LOWVOL20,lowvol20_all_exact_windows_diagnostic,56,2025-11-13,Q3,-0.037922645837668426,0.38268954522905757,11,11,1.0,11,1.0,True,LOWVOL20,VOL20,20,21,20_baseline_calendar_entries,20,True,False,True,False,False,False,True
LOWVOL20,lowvol20_all_exact_windows_diagnostic,56,2025-11-13,Q4,-0.023608480774849307,0.35753811089850146,11,11,1.0,11,1.0,True,LOWVOL20,VOL20,20,21,20_baseline_calendar_entries,20,True,False,True,False,False,False,True
LOWVOL20,lowvol20_all_exact_windows_diagnostic,56,2025-11-13,Q5,-0.02550387258319159,0.3515153041839379,10,10,1.0,10,1.0,True,LOWVOL20,VOL20,20,21,20_baseline_calendar_entries,20,True,False,True,False,False,False,True
LOWVOL20,lowvol20_all_exact_windows_diagnostic,56,2025-11-13,UNIVERSE,-0.013970361229041047,0.4171792892214236,54,54,1.0,54,1.0,True,LOWVOL20,VOL20,20,21,20_baseline_calendar_entries,20,True,False,True,False,False,False,True
LOWVOL20,lowvol20_all_exact_windows_diagnostic,56,2025-11-13,Q5-Q1,-0.016577154510004,-0.1870279451735341,54,54,1.0,54,1.0,True,LOWVOL20,VOL20,20,21,20_baseline_calendar_entries,20,True,False,True,False,False,False,True
LOWVOL20,lowvol20_all_exact_windows_diagnostic,56,2025-11-13,Q5-UNIVERSE,-0.011533511354150542,-0.06566398503748572,54,54,1.0,54,1.0,True,LOWVOL20,VOL20,20,21,20_baseline_calendar_entries,20,True,False,True,False,False,False,True
LOWVOL10,common_10_20_40_exact_sample,1,2021-04-29,Q1,,,0,0,0.0,0,0.0,True,LOWVOL20,VOL20,20,21,20_baseline_calendar_entries,20,True,False,True,False,False,False,True
LOWVOL10,common_10_20_40_exact_sample,1,2021-04-29,Q2,,,0,0,0.0,0,0.0,True,LOWVOL20,VOL20,20,21,20_baseline_calendar_entries,20,True,False,True,False,False,False,True
LOWVOL10,common_10_20_40_exact_sample,1,2021-04-29,Q3,,,0,0,0.0,0,0.0,True,LOWVOL20,VOL20,20,21,20_baseline_calendar_entries,20,True,False,True,False,False,False,True
LOWVOL10,common_10_20_40_exact_sample,1,2021-04-29,Q4,,,0,0,0.0,0,0.0,True,LOWVOL20,VOL20,20,21,20_baseline_calendar_entries,20,True,False,True,False,False,False,True
LOWVOL10,common_10_20_40_exact_sample,1,2021-04-29,Q5,,,0,0,0.0,0,0.0,True,LOWVOL20,VOL20,20,21,20_baseline_calendar_entries,20,True,False,True,False,False,False,True
LOWVOL10,common_10_20_40_exact_sample,1,2021-04-29,UNIVERSE,0.03183315038419332,0.3986665192898153,1,1,1.0,1,1.0,True,LOWVOL20,VOL20,20,21,20_baseline_calendar_entries,20,True,False,True,False,False,False,True
LOWVOL10,common_10_20_40_exact_sample,1,2021-04-29,Q5-Q1,,,1,1,1.0,1,1.0,True,LOWVOL20,VOL20,20,21,20_baseline_calendar_entries,20,True,False,True,False,False,False,True
LOWVOL10,common_10_20_40_exact_sample,1,2021-04-29,Q5-UNIVERSE,,,1,1,1.0,1,1.0,True,LOWVOL20,VOL20,20,21,20_baseline_calendar_entries,20,True,False,True,False,False,False,True
LOWVOL10,common_10_20_40_exact_sample,2,2021-06-01,Q1,0.15669443917944542,0.5329955816657507,10,10,1.0,9,0.9,True,LOWVOL20,VOL20,20,21,20_baseline_calendar_entries,20,True,False,True,False,False,False,True
LOWVOL10,common_10_20_40_exact_sample,2,2021-06-01,Q2,0.09631419050437096,0.6073360626701136,10,10,1.0,10,1.0,True,LOWVOL20,VOL20,20,21,20_baseline_calendar_entries,20,True,False,True,False,False,False,True
LOWVOL10,common_10_20_40_exact_sample,2,2021-06-01,Q3,0.027548493606648253,0.3999342765568288,9,9,1.0,9,1.0,True,LOWVOL20,VOL20,20,21,20_baseline_calendar_entries,20,True,False,True,False,False,False,True
LOWVOL10,common_10_20_40_exact_sample,2,2021-06-01,Q4,-0.009304579478729634,0.3001267791194794,9,9,1.0,9,1.0,True,LOWVOL20,VOL20,20,21,20_baseline_calendar_entries,20,True,False,True,False,False,False,True
LOWVOL10,common_10_20_40_exact_sample,2,2021-06-01,Q5,0.0386341832291793,0.41792398805229597,9,9,1.0,9,1.0,True,LOWVOL20,VOL20,20,21,20_baseline_calendar_entries,20,True,False,True,False,False,False,True
LOWVOL10,common_10_20_40_exact_sample,2,2021-06-01,UNIVERSE,0.06472317389472436,0.45504752728805065,47,47,1.0,46,0.9787234042553191,True,LOWVOL20,VOL20,20,21,20_baseline_calendar_entries,20,True,False,True,False,False,False,True
LOWVOL10,common_10_20_40_exact_sample,2,2021-06-01,Q5-Q1,-0.11806025595026612,-0.1150715936134547,47,47,1.0,46,0.9787234042553191,True,LOWVOL20,VOL20,20,21,20_baseline_calendar_entries,20,True,False,True,False,False,False,True
LOWVOL10,common_10_20_40_exact_sample,2,2021-06-01,Q5-UNIVERSE,-0.026088990665545056,-0.03712353923575468,47,47,1.0,46,0.9787234042553191,True,LOWVOL20,VOL20,20,21,20_baseline_calendar_entries,20,True,False,True,False,False,False,True
LOWVOL10,common_10_20_40_exact_sample,3,2021-06-30,Q1,-0.03964998572648879,0.6012287423116769,10,10,1.0,10,1.0,True,LOWVOL20,VOL20,20,21,20_baseline_calendar_entries,20,True,False,True,False,False,False,True
LOWVOL10,common_10_20_40_exact_sample,3,2021-06-30,Q2,0.011592911682983764,0.5386182923352278,10,10,1.0,10,1.0,True,LOWVOL20,VOL20,20,21,20_baseline_calendar_entries,20,True,False,True,False,False,False,True
LOWVOL10,common_10_20_40_exact_sample,3,2021-06-30,Q3,-0.08919893120153796,0.4476558549773201,9,9,1.0,9,1.0,True,LOWVOL20,VOL20,20,21,20_baseline_calendar_entries,20,True,False,True,False,False,False,True
LOWVOL10,common_10_20_40_exact_sample,3,2021-06-30,Q4,-0.012168639634219535,0.42354851082738443,9,9,1.0,9,1.0,True,LOWVOL20,VOL20,20,21,20_baseline_calendar_entries,20,True,False,True,False,False,False,True
LOWVOL10,common_10_20_40_exact_sample,3,2021-06-30,Q5,-0.08921257658257467,0.307518418364361,9,9,1.0,9,1.0,True,LOWVOL20,VOL20,20,21,20_baseline_calendar_entries,20,True,False,True,False,False,False,True
LOWVOL10,common_10_20_40_exact_sample,3,2021-06-30,UNIVERSE,-0.04246366100425616,0.46823351923384327,47,47,1.0,47,1.0,True,LOWVOL20,VOL20,20,21,20_baseline_calendar_entries,20,True,False,True,False,False,False,True
LOWVOL10,common_10_20_40_exact_sample,3,2021-06-30,Q5-Q1,-0.04956259085608588,-0.2937103239473159,47,47,1.0,47,1.0,True,LOWVOL20,VOL20,20,21,20_baseline_calendar_entries,20,True,False,True,False,False,False,True
LOWVOL10,common_10_20_40_exact_sample,3,2021-06-30,Q5-UNIVERSE,-0.04674891557831851,-0.16071510086948226,47,47,1.0,47,1.0,True,LOWVOL20,VOL20,20,21,20_baseline_calendar_entries,20,True,False,True,False,False,False,True
LOWVOL10,common_10_20_40_exact_sample,4,2021-07-28,Q1,0.148657001025865,0.6434255125472406,10,10,1.0,10,1.0,True,LOWVOL20,VOL20,20,21,20_baseline_calendar_entries,20,True,False,True,False,False,False,True
LOWVOL10,common_10_20_40_exact_sample,4,2021-07-28,Q2,0.053256159008545446,0.4965383017984665,10,10,1.0,10,1.0,True,LOWVOL20,VOL20,20,21,20_baseline_calendar_entries,20,True,False,True,False,False,False,True
LOWVOL10,common_10_20_40_exact_sample,4,2021-07-28,Q3,0.08369249303459485,0.5013352051420593,9,9,1.0,9,1.0,True,LOWVOL20,VOL20,20,21,20_baseline_calendar_entries,20,True,False,True,False,False,False,True
LOWVOL10,common_10_20_40_exact_sample,4,2021-07-28,Q4,0.16792582265301995,0.53929012543855,9,9,1.0,9,1.0,True,LOWVOL20,VOL20,20,21,20_baseline_calendar_entries,20,True,False,True,False,False,False,True
LOWVOL10,common_10_20_40_exact_sample,4,2021-07-28,Q5,0.05083969016875543,0.29317498992149776,9,9,1.0,9,1.0,True,LOWVOL20,VOL20,20,21,20_baseline_calendar_entries,20,True,False,True,False,False,False,True
LOWVOL10,common_10_20_40_exact_sample,4,2021-07-28,UNIVERSE,0.10087773729896675,0.49795406442502205,47,47,1.0,47,1.0,True,LOWVOL20,VOL20,20,21,20_baseline_calendar_entries,20,True,False,True,False,False,False,True
LOWVOL10,common_10_20_40_exact_sample,4,2021-07-28,Q5-Q1,-0.09781731085710955,-0.3502505226257428,47,47,1.0,47,1.0,True,LOWVOL20,VOL20,20,21,20_baseline_calendar_entries,20,True,False,True,False,False,False,True
LOWVOL10,common_10_20_40_exact_sample,4,2021-07-28,Q5-UNIVERSE,-0.050038047130211316,-0.20477907450352428,47,47,1.0,47,1.0,True,LOWVOL20,VOL20,20,21,20_baseline_calendar_entries,20,True,False,True,False,False,False,True
LOWVOL10,common_10_20_40_exact_sample,5,2021-08-25,Q1,-0.06224278729390696,0.5761088054949463,10,10,1.0,10,1.0,True,LOWVOL20,VOL20,20,21,20_baseline_calendar_entries,20,True,False,True,False,False,False,True
LOWVOL10,common_10_20_40_exact_sample,5,2021-08-25,Q2,-0.07499413039231581,0.44237958009457135,10,10,1.0,10,1.0,True,LOWVOL20,VOL20,20,21,20_baseline_calendar_entries,20,True,False,True,False,False,False,True
LOWVOL10,common_10_20_40_exact_sample,5,2021-08-25,Q3,-0.030815261687570827,0.4029552256878198,10,10,1.0,10,1.0,True,LOWVOL20,VOL20,20,21,20_baseline_calendar_entries,20,True,False,True,False,False,False,True
LOWVOL10,common_10_20_40_exact_sample,5,2021-08-25,Q4,0.01293326715431573,0.46794674048452334,10,10,1.0,10,1.0,True,LOWVOL20,VOL20,20,21,20_baseline_calendar_entries,20,True,False,True,False,False,False,True
LOWVOL10,common_10_20_40_exact_sample,5,2021-08-25,Q5,0.04388269685206499,0.403582660992838,10,10,1.0,10,1.0,True,LOWVOL20,VOL20,20,21,20_baseline_calendar_entries,20,True,False,True,False,False,False,True
LOWVOL10,common_10_20_40_exact_sample,5,2021-08-25,UNIVERSE,-0.02224724307348258,0.45859460255093987,50,50,1.0,50,1.0,True,LOWVOL20,VOL20,20,21,20_baseline_calendar_entries,20,True,False,True,False,False,False,True
LOWVOL10,common_10_20_40_exact_sample,5,2021-08-25,Q5-Q1,0.10612548414597195,-0.17252614450210824,50,50,1.0,50,1.0,True,LOWVOL20,VOL20,20,21,20_baseline_calendar_entries,20,True,False,True,False,False,False,True
LOWVOL10,common_10_20_40_exact_sample,5,2021-08-25,Q5-UNIVERSE,0.06612993992554757,-0.05501194155810185,50,50,1.0,50,1.0,True,LOWVOL20,VOL20,20,21,20_baseline_calendar_entries,20,True,False,True,False,False,False,True
LOWVOL10,common_10_20_40_exact_sample,6,2021-09-24,Q1,-0.0060615653016597324,0.6379515621680346,10,10,1.0,10,1.0,True,LOWVOL20,VOL20,20,21,20_baseline_calendar_entries,20,True,False,True,False,False,False,True
LOWVOL10,common_10_20_40_exact_sample,6,2021-09-24,Q2,-0.053249926916378545,0.4855928589898421,10,10,1.0,10,1.0,True,LOWVOL20,VOL20,20,21,20_baseline_calendar_entries,20,True,False,True,False,False,False,True
LOWVOL10,common_10_20_40_exact_sample,6,2021-09-24,Q3,-0.04842932850707776,0.5072632949214332,10,10,1.0,10,1.0,True,LOWVOL20,VOL20,20,21,20_baseline_calendar_entries,20,True,False,True,False,False,False,True
LOWVOL10,common_10_20_40_exact_sample,6,2021-09-24,Q4,-0.06085100842688492,0.46040120643486426,10,10,1.0,10,1.0,True,LOWVOL20,VOL20,20,21,20_baseline_calendar_entries,20,True,False,True,False,False,False,True
LOWVOL10,common_10_20_40_exact_sample,6,2021-09-24,Q5,-0.029104188885072223,0.31618564274109884,10,10,1.0,10,1.0,True,LOWVOL20,VOL20,20,21,20_baseline_calendar_entries,20,True,False,True,False,False,False,True
LOWVOL10,common_10_20_40_exact_sample,6,2021-09-24,UNIVERSE,-0.039539203607414634,0.4814789130510546,50,50,1.0,50,1.0,True,LOWVOL20,VOL20,20,21,20_baseline_calendar_entries,20,True,False,True,False,False,False,True
LOWVOL10,common_10_20_40_exact_sample,6,2021-09-24,Q5-Q1,-0.02304262358341249,-0.3217659194269358,50,50,1.0,50,1.0,True,LOWVOL20,VOL20,20,21,20_baseline_calendar_entries,20,True,False,True,False,False,False,True
LOWVOL10,common_10_20_40_exact_sample,6,2021-09-24,Q5-UNIVERSE,0.010435014722342411,-0.16529327030995578,50,50,1.0,50,1.0,True,LOWVOL20,VOL20,20,21,20_baseline_calendar_entries,20,True,False,True,False,False,False,True
LOWVOL10,common_10_20_40_exact_sample,7,2021-10-29,Q1,0.09993123125630864,0.5023311903298596,11,11,1.0,11,1.0,True,LOWVOL20,VOL20,20,21,20_baseline_calendar_entries,20,True,False,True,False,False,False,True
LOWVOL10,common_10_20_40_exact_sample,7,2021-10-29,Q2,0.09195752463993544,0.4284355410030174,10,10,1.0,10,1.0,True,LOWVOL20,VOL20,20,21,20_baseline_calendar_entries,20,True,False,True,False,False,False,True
LOWVOL10,common_10_20_40_exact_sample,7,2021-10-29,Q3,0.12584166436775243,0.4807196212607108,10,10,1.0,10,1.0,True,LOWVOL20,VOL20,20,21,20_baseline_calendar_entries,20,True,False,True,False,False,False,True
LOWVOL10,common_10_20_40_exact_sample,7,2021-10-29,Q4,0.15819267879555698,0.3375629756343464,10,10,1.0,10,1.0,True,LOWVOL20,VOL20,20,21,20_baseline_calendar_entries,20,True,False,True,False,False,False,True
LOWVOL10,common_10_20_40_exact_sample,7,2021-10-29,Q5,0.06280530024822756,0.32829182957003566,10,10,1.0,10,1.0,True,LOWVOL20,VOL20,20,21,20_baseline_calendar_entries,20,True,False,True,False,False,False,True
LOWVOL10,common_10_20_40_exact_sample,7,2021-10-29,UNIVERSE,0.1075924553791004,0.4171714268295992,51,51,1.0,51,1.0,True,LOWVOL20,VOL20,20,21,20_baseline_calendar_entries,20,True,False,True,False,False,False,True
LOWVOL10,common_10_20_40_exact_sample,7,2021-10-29,Q5-Q1,-0.03712593100808108,-0.17403936075982396,51,51,1.0,51,1.0,True,LOWVOL20,VOL20,20,21,20_baseline_calendar_entries,20,True,False,True,False,False,False,True
LOWVOL10,common_10_20_40_exact_sample,7,2021-10-29,Q5-UNIVERSE,-0.044787155130872836,-0.08887959725956351,51,51,1.0,51,1.0,True,LOWVOL20,VOL20,20,21,20_baseline_calendar_entries,20,True,False,True,False,False,False,True
LOWVOL10,common_10_20_40_exact_sample,8,2021-11-26,Q1,0.06313075750532134,0.5420948307484698,11,11,1.0,11,1.0,True,LOWVOL20,VOL20,20,21,20_baseline_calendar_entries,20,True,False,True,False,False,False,True
LOWVOL10,common_10_20_40_exact_sample,8,2021-11-26,Q2,-0.05268160188539213,0.4351364019147857,10,10,1.0,10,1.0,True,LOWVOL20,VOL20,20,21,20_baseline_calendar_entries,20,True,False,True,False,False,False,True
LOWVOL10,common_10_20_40_exact_sample,8,2021-11-26,Q3,-0.018291837688251635,0.38998846115118463,10,10,1.0,10,1.0,True,LOWVOL20,VOL20,20,21,20_baseline_calendar_entries,20,True,False,True,False,False,False,True
LOWVOL10,common_10_20_40_exact_sample,8,2021-11-26,Q4,0.005344326976603753,0.4931116320149916,10,10,1.0,10,1.0,True,LOWVOL20,VOL20,20,21,20_baseline_calendar_entries,20,True,False,True,False,False,False,True
LOWVOL10,common_10_20_40_exact_sample,8,2021-11-26,Q5,0.022834288751964072,0.28377670445480674,10,10,1.0,10,1.0,True,LOWVOL20,VOL20,20,21,20_baseline_calendar_entries,20,True,False,True,False,False,False,True
LOWVOL10,common_10_20_40_exact_sample,8,2021-11-26,UNIVERSE,0.0052252959628975556,0.43104264967825207,51,51,1.0,51,1.0,True,LOWVOL20,VOL20,20,21,20_baseline_calendar_entries,20,True,False,True,False,False,False,True
LOWVOL10,common_10_20_40_exact_sample,8,2021-11-26,Q5-Q1,-0.04029646875335727,-0.258318126293663,51,51,1.0,51,1.0,True,LOWVOL20,VOL20,20,21,20_baseline_calendar_entries,20,True,False,True,False,False,False,True
LOWVOL10,common_10_20_40_exact_sample,8,2021-11-26,Q5-UNIVERSE,0.017608992789066517,-0.14726594522344533,51,51,1.0,51,1.0,True,LOWVOL20,VOL20,20,21,20_baseline_calendar_entries,20,True,False,True,False,False,False,True
LOWVOL10,common_10_20_40_exact_sample,9,2021-12-24,Q1,-0.024668178862239022,0.6620043846245188,11,11,1.0,11,1.0,True,LOWVOL20,VOL20,20,21,20_baseline_calendar_entries,20,True,False,True,False,False,False,True
LOWVOL10,common_10_20_40_exact_sample,9,2021-12-24,Q2,-0.00921458484661416,0.43114289374232884,10,10,1.0,10,1.0,True,LOWVOL20,VOL20,20,21,20_baseline_calendar_entries,20,True,False,True,False,False,False,True
LOWVOL10,common_10_20_40_exact_sample,9,2021-12-24,Q3,0.08513404463489932,0.5247285043947245,10,10,1.0,10,1.0,True,LOWVOL20,VOL20,20,21,20_baseline_calendar_entries,20,True,False,True,False,False,False,True
LOWVOL10,common_10_20_40_exact_sample,9,2021-12-24,Q4,0.08046996214892367,0.42000922216685704,10,10,1.0,10,1.0,True,LOWVOL20,VOL20,20,21,20_baseline_calendar_entries,20,True,False,True,False,False,False,True
LOWVOL10,common_10_20_40_exact_sample,9,2021-12-24,Q5,0.031106895131897284,0.3227355239371024,10,10,1.0,10,1.0,True,LOWVOL20,VOL20,20,21,20_baseline_calendar_entries,20,True,False,True,False,False,False,True
LOWVOL10,common_10_20_40_exact_sample,9,2021-12-24,UNIVERSE,0.03144339614130259,0.4758472484956831,51,51,1.0,51,1.0,True,LOWVOL20,VOL20,20,21,20_baseline_calendar_entries,20,True,False,True,False,False,False,True
LOWVOL10,common_10_20_40_exact_sample,9,2021-12-24,Q5-Q1,0.05577507399413631,-0.3392688606874164,51,51,1.0,51,1.0,True,LOWVOL20,VOL20,20,21,20_baseline_calendar_entries,20,True,False,True,False,False,False,True
LOWVOL10,common_10_20_40_exact_sample,9,2021-12-24,Q5-UNIVERSE,-0.00033650100940530933,-0.1531117245585807,51,51,1.0,51,1.0,True,LOWVOL20,VOL20,20,21,20_baseline_calendar_entries,20,True,False,True,False,False,False,True
LOWVOL10,common_10_20_40_exact_sample,10,2022-01-24,Q1,-0.12509911534541351,0.6334943263923944,11,11,1.0,11,1.0,True,LOWVOL20,VOL20,20,21,20_baseline_calendar_entries,20,True,False,True,False,False,False,True
LOWVOL10,common_10_20_40_exact_sample,10,2022-01-24,Q2,-0.04729150424132731,0.559092680898839,10,10,1.0,10,1.0,True,LOWVOL20,VOL20,20,21,20_baseline_calendar_entries,20,True,False,True,False,False,False,True
LOWVOL10,common_10_20_40_exact_sample,10,2022-01-24,Q3,-0.05178422322428703,0.5056481579732814,10,10,1.0,10,1.0,True,LOWVOL20,VOL20,20,21,20_baseline_calendar_entries,20,True,False,True,False,False,False,True
LOWVOL10,common_10_20_40_exact_sample,10,2022-01-24,Q4,-0.02738008014496579,0.4876354563046955,10,10,1.0,10,1.0,True,LOWVOL20,VOL20,20,21,20_baseline_calendar_entries,20,True,False,True,False,False,False,True
LOWVOL10,common_10_20_40_exact_sample,10,2022-01-24,Q5,-0.05601923102394797,0.3662206461462452,10,10,1.0,10,1.0,True,LOWVOL20,VOL20,20,21,20_baseline_calendar_entries,20,True,False,True,False,False,False,True
LOWVOL10,common_10_20_40_exact_sample,10,2022-01-24,UNIVERSE,-0.06276158147342803,0.5128315098734696,51,51,1.0,51,1.0,True,LOWVOL20,VOL20,20,21,20_baseline_calendar_entries,20,True,False,True,False,False,False,True
LOWVOL10,common_10_20_40_exact_sample,10,2022-01-24,Q5-Q1,0.06907988432146554,-0.2672736802461492,51,51,1.0,51,1.0,True,LOWVOL20,VOL20,20,21,20_baseline_calendar_entries,20,True,False,True,False,False,False,True
LOWVOL10,common_10_20_40_exact_sample,10,2022-01-24,Q5-UNIVERSE,0.0067423504494800585,-0.14661086372722437,51,51,1.0,51,1.0,True,LOWVOL20,VOL20,20,21,20_baseline_calendar_entries,20,True,False,True,False,False,False,True
LOWVOL10,common_10_20_40_exact_sample,11,2022-02-28,Q1,-0.11682346914814482,0.4413899986354782,11,11,1.0,11,1.0,True,LOWVOL20,VOL20,20,21,20_baseline_calendar_entries,20,True,False,True,False,False,False,True
LOWVOL10,common_10_20_40_exact_sample,11,2022-02-28,Q2,-0.14519293227731953,0.4886034845745564,10,10,1.0,10,1.0,True,LOWVOL20,VOL20,20,21,20_baseline_calendar_entries,20,True,False,True,False,False,False,True
LOWVOL10,common_10_20_40_exact_sample,11,2022-02-28,Q3,-0.13522936861650625,0.39680322034446797,10,10,1.0,10,1.0,True,LOWVOL20,VOL20,20,21,20_baseline_calendar_entries,20,True,False,True,False,False,False,True
LOWVOL10,common_10_20_40_exact_sample,11,2022-02-28,Q4,-0.09309317951250301,0.4643461695399866,10,10,1.0,10,1.0,True,LOWVOL20,VOL20,20,21,20_baseline_calendar_entries,20,True,False,True,False,False,False,True
LOWVOL10,common_10_20_40_exact_sample,11,2022-02-28,Q5,-0.07490088006620382,0.4648732061774699,10,10,1.0,10,1.0,True,LOWVOL20,VOL20,20,21,20_baseline_calendar_entries,20,True,False,True,False,False,False,True
LOWVOL10,common_10_20_40_exact_sample,11,2022-02-28,UNIVERSE,-0.11312199539911606,0.4510107998304916,51,51,1.0,51,1.0,True,LOWVOL20,VOL20,20,21,20_baseline_calendar_entries,20,True,False,True,False,False,False,True
LOWVOL10,common_10_20_40_exact_sample,11,2022-02-28,Q5-Q1,0.04192258908194099,0.023483207541991735,51,51,1.0,51,1.0,True,LOWVOL20,VOL20,20,21,20_baseline_calendar_entries,20,True,False,True,False,False,False,True
LOWVOL10,common_10_20_40_exact_sample,11,2022-02-28,Q5-UNIVERSE,0.03822111533291224,0.013862406346978329,51,51,1.0,51,1.0,True,LOWVOL20,VOL20,20,21,20_baseline_calendar_entries,20,True,False,True,False,False,False,True
LOWVOL10,common_10_20_40_exact_sample,12,2022-03-28,Q1,-0.2252242846915526,0.6472576712104259,11,11,1.0,11,1.0,True,LOWVOL20,VOL20,20,21,20_baseline_calendar_entries,20,True,False,True,False,False,False,True
LOWVOL10,common_10_20_40_exact_sample,12,2022-03-28,Q2,-0.1498867545941988,0.5234633770993579,10,10,1.0,10,1.0,True,LOWVOL20,VOL20,20,21,20_baseline_calendar_entries,20,True,False,True,False,False,False,True
LOWVOL10,common_10_20_40_exact_sample,12,2022-03-28,Q3,-0.18735252044260903,0.5549097399029191,10,10,1.0,10,1.0,True,LOWVOL20,VOL20,20,21,20_baseline_calendar_entries,20,True,False,True,False,False,False,True
LOWVOL10,common_10_20_40_exact_sample,12,2022-03-28,Q4,-0.19471363436938122,0.5333728292808736,10,10,1.0,10,1.0,True,LOWVOL20,VOL20,20,21,20_baseline_calendar_entries,20,True,False,True,False,False,False,True
LOWVOL10,common_10_20_40_exact_sample,12,2022-03-28,Q5,-0.2411683610565988,0.6028711226324157,10,10,1.0,10,1.0,True,LOWVOL20,VOL20,20,21,20_baseline_calendar_entries,20,True,False,True,False,False,False,True
LOWVOL10,common_10_20_40_exact_sample,12,2022-03-28,UNIVERSE,-0.20017019286735213,0.5738432367151048,51,51,1.0,51,1.0,True,LOWVOL20,VOL20,20,21,20_baseline_calendar_entries,20,True,False,True,False,False,False,True
LOWVOL10,common_10_20_40_exact_sample,12,2022-03-28,Q5-Q1,-0.015944076365046217,-0.044386548578010165,51,51,1.0,51,1.0,True,LOWVOL20,VOL20,20,21,20_baseline_calendar_entries,20,True,False,True,False,False,False,True
LOWVOL10,common_10_20_40_exact_sample,12,2022-03-28,Q5-UNIVERSE,-0.040998168189246675,0.02902788591731087,51,51,1.0,51,1.0,True,LOWVOL20,VOL20,20,21,20_baseline_calendar_entries,20,True,False,True,False,False,False,True
LOWVOL10,common_10_20_40_exact_sample,13,2022-04-27,Q1,0.178573149291104,0.503994933231227,11,11,1.0,11,1.0,True,LOWVOL20,VOL20,20,21,20_baseline_calendar_entries,20,True,False,True,False,False,False,True
LOWVOL10,common_10_20_40_exact_sample,13,2022-04-27,Q2,0.12753753409313973,0.5149885259005311,10,10,1.0,10,1.0,True,LOWVOL20,VOL20,20,21,20_baseline_calendar_entries,20,True,False,True,False,False,False,True
LOWVOL10,common_10_20_40_exact_sample,13,2022-04-27,Q3,0.13785968108818075,0.4605378321898154,10,10,1.0,10,1.0,True,LOWVOL20,VOL20,20,21,20_baseline_calendar_entries,20,True,False,True,False,False,False,True
LOWVOL10,common_10_20_40_exact_sample,13,2022-04-27,Q4,0.09372848751632441,0.43229055668050637,10,10,1.0,10,1.0,True,LOWVOL20,VOL20,20,21,20_baseline_calendar_entries,20,True,False,True,False,False,False,True
LOWVOL10,common_10_20_40_exact_sample,13,2022-04-27,Q5,0.04620155619821459,0.411758907155081,10,10,1.0,10,1.0,True,LOWVOL20,VOL20,20,21,20_baseline_calendar_entries,20,True,False,True,False,False,False,True
LOWVOL10,common_10_20_40_exact_sample,13,2022-04-27,UNIVERSE,0.11799171041491643,0.46548436244711444,51,51,1.0,51,1.0,True,LOWVOL20,VOL20,20,21,20_baseline_calendar_entries,20,True,False,True,False,False,False,True
LOWVOL10,common_10_20_40_exact_sample,13,2022-04-27,Q5-Q1,-0.1323715930928894,-0.092236026076146,51,51,1.0,51,1.0,True,LOWVOL20,VOL20,20,21,20_baseline_calendar_entries,20,True,False,True,False,False,False,True
LOWVOL10,common_10_20_40_exact_sample,13,2022-04-27,Q5-UNIVERSE,-0.07179015421670185,-0.05372545529203343,51,51,1.0,51,1.0,True,LOWVOL20,VOL20,20,21,20_baseline_calendar_entries,20,True,False,True,False,False,False,True
LOWVOL10,common_10_20_40_exact_sample,14,2022-05-30,Q1,0.10180284729924029,0.4361355009646177,11,11,1.0,11,1.0,True,LOWVOL20,VOL20,20,21,20_baseline_calendar_entries,20,True,False,True,False,False,False,True
LOWVOL10,common_10_20_40_exact_sample,14,2022-05-30,Q2,0.15834064368738246,0.4594555232361046,11,11,1.0,11,1.0,True,LOWVOL20,VOL20,20,21,20_baseline_calendar_entries,20,True,False,True,False,False,False,True
LOWVOL10,common_10_20_40_exact_sample,14,2022-05-30,Q3,0.09082725584018699,0.34057855325947795,10,10,1.0,10,1.0,True,LOWVOL20,VOL20,20,21,20_baseline_calendar_entries,20,True,False,True,False,False,False,True
LOWVOL10,common_10_20_40_exact_sample,14,2022-05-30,Q4,0.1124143612431409,0.3144089809137889,10,10,1.0,10,1.0,True,LOWVOL20,VOL20,20,21,20_baseline_calendar_entries,20,True,False,True,False,False,False,True
LOWVOL10,common_10_20_40_exact_sample,14,2022-05-30,Q5,0.11599240294730132,0.39312135499439327,10,10,1.0,10,1.0,True,LOWVOL20,VOL20,20,21,20_baseline_calendar_entries,20,True,False,True,False,False,False,True
LOWVOL10,common_10_20_40_exact_sample,14,2022-05-30,UNIVERSE,0.11642151156075273,0.3910113491900874,52,52,1.0,52,1.0,True,LOWVOL20,VOL20,20,21,20_baseline_calendar_entries,20,True,False,True,False,False,False,True
LOWVOL10,common_10_20_40_exact_sample,14,2022-05-30,Q5-Q1,0.014189555648061028,-0.043014145970224404,52,52,1.0,52,1.0,True,LOWVOL20,VOL20,20,21,20_baseline_calendar_entries,20,True,False,True,False,False,False,True
LOWVOL10,common_10_20_40_exact_sample,14,2022-05-30,Q5-UNIVERSE,-0.00042910861345141216,0.00211000580430587,52,52,1.0,52,1.0,True,LOWVOL20,VOL20,20,21,20_baseline_calendar_entries,20,True,False,True,False,False,False,True
LOWVOL10,common_10_20_40_exact_sample,15,2022-06-28,Q1,-0.047964219831582194,0.4366344525285164,11,11,1.0,11,1.0,True,LOWVOL20,VOL20,20,21,20_baseline_calendar_entries,20,True,False,True,False,False,False,True
LOWVOL10,common_10_20_40_exact_sample,15,2022-06-28,Q2,0.008608064770361983,0.42002084051878175,11,11,1.0,11,1.0,True,LOWVOL20,VOL20,20,21,20_baseline_calendar_entries,20,True,False,True,False,False,False,True
LOWVOL10,common_10_20_40_exact_sample,15,2022-06-28,Q3,-0.006688624263806675,0.3714761808511574,10,10,1.0,10,1.0,True,LOWVOL20,VOL20,20,21,20_baseline_calendar_entries,20,True,False,True,False,False,False,True
LOWVOL10,common_10_20_40_exact_sample,15,2022-06-28,Q4,-0.027362429344203965,0.35782960649493156,10,10,1.0,10,1.0,True,LOWVOL20,VOL20,20,21,20_baseline_calendar_entries,20,True,False,True,False,False,False,True
LOWVOL10,common_10_20_40_exact_sample,15,2022-06-28,Q5,-0.00717183180944686,0.3585605643565336,10,10,1.0,10,1.0,True,LOWVOL20,VOL20,20,21,20_baseline_calendar_entries,20,True,False,True,False,False,False,True
LOWVOL10,common_10_20_40_exact_sample,15,2022-06-28,UNIVERSE,-0.016252818458615335,0.39042061039512505,52,52,1.0,52,1.0,True,LOWVOL20,VOL20,20,21,20_baseline_calendar_entries,20,True,False,True,False,False,False,True
LOWVOL10,common_10_20_40_exact_sample,15,2022-06-28,Q5-Q1,0.040792388022135334,-0.0780738881719828,52,52,1.0,52,1.0,True,LOWVOL20,VOL20,20,21,20_baseline_calendar_entries,20,True,False,True,False,False,False,True
LOWVOL10,common_10_20_40_exact_sample,15,2022-06-28,Q5-UNIVERSE,0.009080986649168475,-0.03186004603859144,52,52,1.0,52,1.0,True,LOWVOL20,VOL20,20,21,20_baseline_calendar_entries,20,True,False,True,False,False,False,True
LOWVOL10,common_10_20_40_exact_sample,16,2022-07-26,Q1,0.03657221105737243,0.45193726854921734,11,11,1.0,11,1.0,True,LOWVOL20,VOL20,20,21,20_baseline_calendar_entries,20,True,False,True,False,False,False,True
LOWVOL10,common_10_20_40_exact_sample,16,2022-07-26,Q2,0.10201345123344768,0.5189701877606312,11,11,1.0,11,1.0,True,LOWVOL20,VOL20,20,21,20_baseline_calendar_entries,20,True,False,True,False,False,False,True
LOWVOL10,common_10_20_40_exact_sample,16,2022-07-26,Q3,0.024005955932116928,0.4103140396825406,10,10,1.0,10,1.0,True,LOWVOL20,VOL20,20,21,20_baseline_calendar_entries,20,True,False,True,False,False,False,True
LOWVOL10,common_10_20_40_exact_sample,16,2022-07-26,Q4,0.004227968807269666,0.3468678068560084,10,10,1.0,10,1.0,True,LOWVOL20,VOL20,20,21,20_baseline_calendar_entries,20,True,False,True,False,False,False,True
LOWVOL10,common_10_20_40_exact_sample,16,2022-07-26,Q5,-0.030180923816727434,0.37597758273261317,10,10,1.0,10,1.0,True,LOWVOL20,VOL20,20,21,20_baseline_calendar_entries,20,True,False,True,False,False,False,True
LOWVOL10,common_10_20_40_exact_sample,16,2022-07-26,UNIVERSE,0.02894177489280025,0.4232995444638454,52,52,1.0,52,1.0,True,LOWVOL20,VOL20,20,21,20_baseline_calendar_entries,20,True,False,True,False,False,False,True
LOWVOL10,common_10_20_40_exact_sample,16,2022-07-26,Q5-Q1,-0.06675313487409987,-0.07595968581660417,52,52,1.0,52,1.0,True,LOWVOL20,VOL20,20,21,20_baseline_calendar_entries,20,True,False,True,False,False,False,True
LOWVOL10,common_10_20_40_exact_sample,16,2022-07-26,Q5-UNIVERSE,-0.05912269870952769,-0.04732196173123221,52,52,1.0,52,1.0,True,LOWVOL20,VOL20,20,21,20_baseline_calendar_entries,20,True,False,True,False,False,False,True
LOWVOL10,common_10_20_40_exact_sample,17,2022-08-23,Q1,-0.07178006940057657,0.5263542043611703,11,11,1.0,11,1.0,True,LOWVOL20,VOL20,20,21,20_baseline_calendar_entries,20,True,False,True,False,False,False,True
LOWVOL10,common_10_20_40_exact_sample,17,2022-08-23,Q2,-0.10590151950472454,0.36418819465239843,11,11,1.0,11,1.0,True,LOWVOL20,VOL20,20,21,20_baseline_calendar_entries,20,True,False,True,False,False,False,True
LOWVOL10,common_10_20_40_exact_sample,17,2022-08-23,Q3,-0.11797981067214,0.3796801217463519,10,10,1.0,10,1.0,True,LOWVOL20,VOL20,20,21,20_baseline_calendar_entries,20,True,False,True,False,False,False,True
LOWVOL10,common_10_20_40_exact_sample,17,2022-08-23,Q4,-0.08030695243692695,0.2943851672382269,10,10,1.0,10,1.0,True,LOWVOL20,VOL20,20,21,20_baseline_calendar_entries,20,True,False,True,False,False,False,True
LOWVOL10,common_10_20_40_exact_sample,17,2022-08-23,Q5,-0.06801506870642829,0.2796655878800621,10,10,1.0,10,1.0,True,LOWVOL20,VOL20,20,21,20_baseline_calendar_entries,20,True,False,True,False,False,False,True
LOWVOL10,common_10_20_40_exact_sample,17,2022-08-23,UNIVERSE,-0.08879838069448587,0.3717937530345321,52,52,1.0,52,1.0,True,LOWVOL20,VOL20,20,21,20_baseline_calendar_entries,20,True,False,True,False,False,False,True
LOWVOL10,common_10_20_40_exact_sample,17,2022-08-23,Q5-Q1,0.003765000694148285,-0.24668861648110818,52,52,1.0,52,1.0,True,LOWVOL20,VOL20,20,21,20_baseline_calendar_entries,20,True,False,True,False,False,False,True
LOWVOL10,common_10_20_40_exact_sample,17,2022-08-23,Q5-UNIVERSE,0.02078331198805758,-0.09212816515446998,52,52,1.0,52,1.0,True,LOWVOL20,VOL20,20,21,20_baseline_calendar_entries,20,True,False,True,False,False,False,True
LOWVOL10,common_10_20_40_exact_sample,18,2022-09-21,Q1,0.017736162540759645,0.5357040809654702,11,11,1.0,11,1.0,True,LOWVOL20,VOL20,20,21,20_baseline_calendar_entries,20,True,False,True,False,False,False,True
LOWVOL10,common_10_20_40_exact_sample,18,2022-09-21,Q2,0.10980745535746941,0.5346090935699543,11,11,1.0,11,1.0,True,LOWVOL20,VOL20,20,21,20_baseline_calendar_entries,20,True,False,True,False,False,False,True
LOWVOL10,common_10_20_40_exact_sample,18,2022-09-21,Q3,0.05118414208306402,0.4372316972987765,10,10,1.0,10,1.0,True,LOWVOL20,VOL20,20,21,20_baseline_calendar_entries,20,True,False,True,False,False,False,True
LOWVOL10,common_10_20_40_exact_sample,18,2022-09-21,Q4,0.01047597416602033,0.38198904918418697,10,10,1.0,10,1.0,True,LOWVOL20,VOL20,20,21,20_baseline_calendar_entries,20,True,False,True,False,False,False,True
LOWVOL10,common_10_20_40_exact_sample,18,2022-09-21,Q5,-0.0014184394787433718,0.35000067928941336,10,10,1.0,10,1.0,True,LOWVOL20,VOL20,20,21,20_baseline_calendar_entries,20,True,False,True,False,False,False,True
LOWVOL10,common_10_20_40_exact_sample,18,2022-09-21,UNIVERSE,0.03856531854969095,0.4512626764925661,52,52,1.0,52,1.0,True,LOWVOL20,VOL20,20,21,20_baseline_calendar_entries,20,True,False,True,False,False,False,True
LOWVOL10,common_10_20_40_exact_sample,18,2022-09-21,Q5-Q1,-0.019154602019503017,-0.1857034016760568,52,52,1.0,52,1.0,True,LOWVOL20,VOL20,20,21,20_baseline_calendar_entries,20,True,False,True,False,False,False,True
LOWVOL10,common_10_20_40_exact_sample,18,2022-09-21,Q5-UNIVERSE,-0.03998375802843432,-0.10126199720315271,52,52,1.0,52,1.0,True,LOWVOL20,VOL20,20,21,20_baseline_calendar_entries,20,True,False,True,False,False,False,True
LOWVOL10,common_10_20_40_exact_sample,19,2022-10-26,Q1,0.030601873639691368,0.5232495091325648,11,11,1.0,11,1.0,True,LOWVOL20,VOL20,20,21,20_baseline_calendar_entries,20,True,False,True,False,False,False,True
LOWVOL10,common_10_20_40_exact_sample,19,2022-10-26,Q2,0.023715618034950994,0.5019538544530131,11,11,1.0,11,1.0,True,LOWVOL20,VOL20,20,21,20_baseline_calendar_entries,20,True,False,True,False,False,False,True
LOWVOL10,common_10_20_40_exact_sample,19,2022-10-26,Q3,0.03855206886183522,0.4516105773480257,11,11,1.0,11,1.0,True,LOWVOL20,VOL20,20,21,20_baseline_calendar_entries,20,True,False,True,False,False,False,True
LOWVOL10,common_10_20_40_exact_sample,19,2022-10-26,Q4,0.07673255351099409,0.3825243606728922,10,10,1.0,10,1.0,True,LOWVOL20,VOL20,20,21,20_baseline_calendar_entries,20,True,False,True,False,False,False,True
LOWVOL10,common_10_20_40_exact_sample,19,2022-10-26,Q5,0.0637476080514291,0.3665573584574151,10,10,1.0,10,1.0,True,LOWVOL20,VOL20,20,21,20_baseline_calendar_entries,20,True,False,True,False,False,False,True
LOWVOL10,common_10_20_40_exact_sample,19,2022-10-26,UNIVERSE,0.04578050531180162,0.44784472719948515,53,53,1.0,53,1.0,True,LOWVOL20,VOL20,20,21,20_baseline_calendar_entries,20,True,False,True,False,False,False,True
LOWVOL10,common_10_20_40_exact_sample,19,2022-10-26,Q5-Q1,0.03314573441173772,-0.15669215067514974,53,53,1.0,53,1.0,True,LOWVOL20,VOL20,20,21,20_baseline_calendar_entries,20,True,False,True,False,False,False,True
LOWVOL10,common_10_20_40_exact_sample,19,2022-10-26,Q5-UNIVERSE,0.017967102739627476,-0.08128736874207004,53,53,1.0,53,1.0,True,LOWVOL20,VOL20,20,21,20_baseline_calendar_entries,20,True,False,True,False,False,False,True
LOWVOL10,common_10_20_40_exact_sample,20,2022-11-23,Q1,-0.07779238965345904,0.3874036850735825,11,11,1.0,11,1.0,True,LOWVOL20,VOL20,20,21,20_baseline_calendar_entries,20,True,False,True,False,False,False,True
LOWVOL10,common_10_20_40_exact_sample,20,2022-11-23,Q2,-0.06318833010013543,0.3198017359306,11,11,1.0,11,1.0,True,LOWVOL20,VOL20,20,21,20_baseline_calendar_entries,20,True,False,True,False,False,False,True
LOWVOL10,common_10_20_40_exact_sample,20,2022-11-23,Q3,-0.09993860643448703,0.30729021741137236,11,11,1.0,11,1.0,True,LOWVOL20,VOL20,20,21,20_baseline_calendar_entries,20,True,False,True,False,False,False,True
LOWVOL10,common_10_20_40_exact_sample,20,2022-11-23,Q4,-0.0365153143196309,0.30790669903486856,10,10,1.0,10,1.0,True,LOWVOL20,VOL20,20,21,20_baseline_calendar_entries,20,True,False,True,False,False,False,True
LOWVOL10,common_10_20_40_exact_sample,20,2022-11-23,Q5,-0.029186816009587592,0.29885122580222095,10,10,1.0,10,1.0,True,LOWVOL20,VOL20,20,21,20_baseline_calendar_entries,20,True,False,True,False,False,False,True
LOWVOL10,common_10_20_40_exact_sample,20,2022-11-23,UNIVERSE,-0.062398752667190215,0.3250383258668302,53,53,1.0,53,1.0,True,LOWVOL20,VOL20,20,21,20_baseline_calendar_entries,20,True,False,True,False,False,False,True
LOWVOL10,common_10_20_40_exact_sample,20,2022-11-23,Q5-Q1,0.04860557364387145,-0.08855245927136157,53,53,1.0,53,1.0,True,LOWVOL20,VOL20,20,21,20_baseline_calendar_entries,20,True,False,True,False,False,False,True
LOWVOL10,common_10_20_40_exact_sample,20,2022-11-23,Q5-UNIVERSE,0.03321193665760262,-0.026187100064609226,53,53,1.0,53,1.0,True,LOWVOL20,VOL20,20,21,20_baseline_calendar_entries,20,True,False,True,False,False,False,True
LOWVOL10,common_10_20_40_exact_sample,21,2022-12-21,Q1,0.1041053713216412,0.4456228341998005,11,11,1.0,11,1.0,True,LOWVOL20,VOL20,20,21,20_baseline_calendar_entries,20,True,False,True,False,False,False,True
LOWVOL10,common_10_20_40_exact_sample,21,2022-12-21,Q2,0.1438586903210905,0.3333357805287225,11,11,1.0,11,1.0,True,LOWVOL20,VOL20,20,21,20_baseline_calendar_entries,20,True,False,True,False,False,False,True
LOWVOL10,common_10_20_40_exact_sample,21,2022-12-21,Q3,0.16404863424432545,0.4358692408504618,11,11,1.0,11,1.0,True,LOWVOL20,VOL20,20,21,20_baseline_calendar_entries,20,True,False,True,False,False,False,True
LOWVOL10,common_10_20_40_exact_sample,21,2022-12-21,Q4,0.1414638142839531,0.34729073730124804,10,10,1.0,10,1.0,True,LOWVOL20,VOL20,20,21,20_baseline_calendar_entries,20,True,False,True,False,False,False,True
LOWVOL10,common_10_20_40_exact_sample,21,2022-12-21,Q5,0.06533992003661462,0.26767187342859133,10,10,1.0,10,1.0,True,LOWVOL20,VOL20,20,21,20_baseline_calendar_entries,20,True,False,True,False,False,False,True
LOWVOL10,common_10_20_40_exact_sample,21,2022-12-21,UNIVERSE,0.12453164147100576,0.3681647645031551,53,53,1.0,53,1.0,True,LOWVOL20,VOL20,20,21,20_baseline_calendar_entries,20,True,False,True,False,False,False,True
LOWVOL10,common_10_20_40_exact_sample,21,2022-12-21,Q5-Q1,-0.03876545128502658,-0.17795096077120914,53,53,1.0,53,1.0,True,LOWVOL20,VOL20,20,21,20_baseline_calendar_entries,20,True,False,True,False,False,False,True
LOWVOL10,common_10_20_40_exact_sample,21,2022-12-21,Q5-UNIVERSE,-0.05919172143439114,-0.10049289107456377,53,53,1.0,53,1.0,True,LOWVOL20,VOL20,20,21,20_baseline_calendar_entries,20,True,False,True,False,False,False,True
LOWVOL10,common_10_20_40_exact_sample,22,2023-01-19,Q1,-0.0022394845825859985,0.4641508932635695,11,11,1.0,11,1.0,True,LOWVOL20,VOL20,20,21,20_baseline_calendar_entries,20,True,False,True,False,False,False,True
LOWVOL10,common_10_20_40_exact_sample,22,2023-01-19,Q2,0.06814601023576466,0.535274962605353,11,11,1.0,11,1.0,True,LOWVOL20,VOL20,20,21,20_baseline_calendar_entries,20,True,False,True,False,False,False,True
LOWVOL10,common_10_20_40_exact_sample,22,2023-01-19,Q3,0.060777632809219766,0.34892840724454816,11,11,1.0,11,1.0,True,LOWVOL20,VOL20,20,21,20_baseline_calendar_entries,20,True,False,True,False,False,False,True
LOWVOL10,common_10_20_40_exact_sample,22,2023-01-19,Q4,0.09677750087391965,0.4835419246572222,11,11,1.0,11,1.0,True,LOWVOL20,VOL20,20,21,20_baseline_calendar_entries,20,True,False,True,False,False,False,True
LOWVOL10,common_10_20_40_exact_sample,22,2023-01-19,Q5,0.1466718859921567,0.46963835139429977,10,10,1.0,10,1.0,True,LOWVOL20,VOL20,20,21,20_baseline_calendar_entries,20,True,False,True,False,False,False,True
LOWVOL10,common_10_20_40_exact_sample,22,2023-01-19,UNIVERSE,0.07268142801150121,0.4601341033226041,54,54,1.0,54,1.0,True,LOWVOL20,VOL20,20,21,20_baseline_calendar_entries,20,True,False,True,False,False,False,True
LOWVOL10,common_10_20_40_exact_sample,22,2023-01-19,Q5-Q1,0.14891137057474269,0.0054874581307302606,54,54,1.0,54,1.0,True,LOWVOL20,VOL20,20,21,20_baseline_calendar_entries,20,True,False,True,False,False,False,True
LOWVOL10,common_10_20_40_exact_sample,22,2023-01-19,Q5-UNIVERSE,0.07399045798065548,0.009504248071695642,54,54,1.0,54,1.0,True,LOWVOL20,VOL20,20,21,20_baseline_calendar_entries,20,True,False,True,False,False,False,True
LOWVOL10,common_10_20_40_exact_sample,23,2023-02-23,Q1,0.26700660502840173,0.6443260244149699,11,11,1.0,11,1.0,True,LOWVOL20,VOL20,20,21,20_baseline_calendar_entries,20,True,False,True,False,False,False,True
LOWVOL10,common_10_20_40_exact_sample,23,2023-02-23,Q2,0.22062134194948013,0.5828245717411037,11,11,1.0,11,1.0,True,LOWVOL20,VOL20,20,21,20_baseline_calendar_entries,20,True,False,True,False,False,False,True
LOWVOL10,common_10_20_40_exact_sample,23,2023-02-23,Q3,0.09098980957274293,0.41565978437941664,11,11,1.0,11,1.0,True,LOWVOL20,VOL20,20,21,20_baseline_calendar_entries,20,True,False,True,False,False,False,True
LOWVOL10,common_10_20_40_exact_sample,23,2023-02-23,Q4,0.1271208782018482,0.4714298973730562,11,11,1.0,11,1.0,True,LOWVOL20,VOL20,20,21,20_baseline_calendar_entries,20,True,False,True,False,False,False,True
LOWVOL10,common_10_20_40_exact_sample,23,2023-02-23,Q5,0.12033193074715261,0.4444418946828038,10,10,1.0,10,1.0,True,LOWVOL20,VOL20,20,21,20_baseline_calendar_entries,20,True,False,True,False,False,False,True
LOWVOL10,common_10_20_40_exact_sample,23,2023-02-23,UNIVERSE,0.16604526462497646,0.5129826297004082,54,54,1.0,54,1.0,True,LOWVOL20,VOL20,20,21,20_baseline_calendar_entries,20,True,False,True,False,False,False,True
LOWVOL10,common_10_20_40_exact_sample,23,2023-02-23,Q5-Q1,-0.14667467428124914,-0.19988412973216607,54,54,1.0,54,1.0,True,LOWVOL20,VOL20,20,21,20_baseline_calendar_entries,20,True,False,True,False,False,False,True
LOWVOL10,common_10_20_40_exact_sample,23,2023-02-23,Q5-UNIVERSE,-0.04571333387782385,-0.06854073501760438,54,54,1.0,54,1.0,True,LOWVOL20,VOL20,20,21,20_baseline_calendar_entries,20,True,False,True,False,False,False,True
LOWVOL10,common_10_20_40_exact_sample,24,2023-03-23,Q1,0.020171593836275346,0.8883410383881163,11,11,1.0,11,1.0,True,LOWVOL20,VOL20,20,21,20_baseline_calendar_entries,20,True,False,True,False,False,False,True
LOWVOL10,common_10_20_40_exact_sample,24,2023-03-23,Q2,0.018252985554531507,0.7855062325044923,11,11,1.0,11,1.0,True,LOWVOL20,VOL20,20,21,20_baseline_calendar_entries,20,True,False,True,False,False,False,True
LOWVOL10,common_10_20_40_exact_sample,24,2023-03-23,Q3,0.015174507625825224,0.7009257504787845,11,11,1.0,11,1.0,True,LOWVOL20,VOL20,20,21,20_baseline_calendar_entries,20,True,False,True,False,False,False,True
LOWVOL10,common_10_20_40_exact_sample,24,2023-03-23,Q4,-0.058776546171530344,0.5206038204871807,11,11,1.0,11,1.0,True,LOWVOL20,VOL20,20,21,20_baseline_calendar_entries,20,True,False,True,False,False,False,True
LOWVOL10,common_10_20_40_exact_sample,24,2023-03-23,Q5,-0.0352538394253357,0.4193597248215394,10,10,1.0,10,1.0,True,LOWVOL20,VOL20,20,21,20_baseline_calendar_entries,20,True,False,True,False,False,False,True
LOWVOL10,common_10_20_40_exact_sample,24,2023-03-23,UNIVERSE,-0.007583156388097001,0.6674581946048095,54,54,1.0,54,1.0,True,LOWVOL20,VOL20,20,21,20_baseline_calendar_entries,20,True,False,True,False,False,False,True
LOWVOL10,common_10_20_40_exact_sample,24,2023-03-23,Q5-Q1,-0.05542543326161105,-0.4689813135665769,54,54,1.0,54,1.0,True,LOWVOL20,VOL20,20,21,20_baseline_calendar_entries,20,True,False,True,False,False,False,True
LOWVOL10,common_10_20_40_exact_sample,24,2023-03-23,Q5-UNIVERSE,-0.0276706830372387,-0.2480984697832701,54,54,1.0,54,1.0,True,LOWVOL20,VOL20,20,21,20_baseline_calendar_entries,20,True,False,True,False,False,False,True
LOWVOL10,common_10_20_40_exact_sample,25,2023-04-21,Q1,-0.03979390044733677,0.8223504435297133,11,11,1.0,11,1.0,True,LOWVOL20,VOL20,20,21,20_baseline_calendar_entries,20,True,False,True,False,False,False,True
LOWVOL10,common_10_20_40_exact_sample,25,2023-04-21,Q2,-0.06017828990529516,0.7311828426276953,11,11,1.0,11,1.0,True,LOWVOL20,VOL20,20,21,20_baseline_calendar_entries,20,True,False,True,False,False,False,True
LOWVOL10,common_10_20_40_exact_sample,25,2023-04-21,Q3,-0.05471468925361372,0.6118390716947488,11,11,1.0,11,1.0,True,LOWVOL20,VOL20,20,21,20_baseline_calendar_entries,20,True,False,True,False,False,False,True
LOWVOL10,common_10_20_40_exact_sample,25,2023-04-21,Q4,-0.07000188384738548,0.40998492193475616,11,11,1.0,11,1.0,True,LOWVOL20,VOL20,20,21,20_baseline_calendar_entries,20,True,False,True,False,False,False,True
LOWVOL10,common_10_20_40_exact_sample,25,2023-04-21,Q5,-0.0275059333560568,0.3345846727172579,10,10,1.0,10,1.0,True,LOWVOL20,VOL20,20,21,20_baseline_calendar_entries,20,True,False,True,False,False,False,True
LOWVOL10,common_10_20_40_exact_sample,25,2023-04-21,UNIVERSE,-0.050863624658342786,0.5865699408301598,54,54,1.0,54,1.0,True,LOWVOL20,VOL20,20,21,20_baseline_calendar_entries,20,True,False,True,False,False,False,True
LOWVOL10,common_10_20_40_exact_sample,25,2023-04-21,Q5-Q1,0.012287967091279973,-0.4877657708124554,54,54,1.0,54,1.0,True,LOWVOL20,VOL20,20,21,20_baseline_calendar_entries,20,True,False,True,False,False,False,True
LOWVOL10,common_10_20_40_exact_sample,25,2023-04-21,Q5-UNIVERSE,0.023357691302285988,-0.2519852681129019,54,54,1.0,54,1.0,True,LOWVOL20,VOL20,20,21,20_baseline_calendar_entries,20,True,False,True,False,False,False,True
LOWVOL10,common_10_20_40_exact_sample,26,2023-05-24,Q1,0.14840771809687744,0.6039254897912434,11,11,1.0,11,1.0,True,LOWVOL20,VOL20,20,21,20_baseline_calendar_entries,20,True,False,True,False,False,False,True
LOWVOL10,common_10_20_40_exact_sample,26,2023-05-24,Q2,0.20619002982489096,0.5899439756752991,11,11,1.0,11,1.0,True,LOWVOL20,VOL20,20,21,20_baseline_calendar_entries,20,True,False,True,False,False,False,True
LOWVOL10,common_10_20_40_exact_sample,26,2023-05-24,Q3,0.21477910659061059,0.5233094079775854,11,11,1.0,11,1.0,True,LOWVOL20,VOL20,20,21,20_baseline_calendar_entries,20,True,False,True,False,False,False,True
LOWVOL10,common_10_20_40_exact_sample,26,2023-05-24,Q4,0.0773911408010044,0.3993288137857002,11,11,1.0,11,1.0,True,LOWVOL20,VOL20,20,21,20_baseline_calendar_entries,20,True,False,True,False,False,False,True
LOWVOL10,common_10_20_40_exact_sample,26,2023-05-24,Q5,0.05168198723677507,0.3521807598492495,10,10,1.0,10,1.0,True,LOWVOL20,VOL20,20,21,20_baseline_calendar_entries,20,True,False,True,False,False,False,True
LOWVOL10,common_10_20_40_exact_sample,26,2023-05-24,UNIVERSE,0.14131977445953645,0.49635911403741856,54,54,1.0,54,1.0,True,LOWVOL20,VOL20,20,21,20_baseline_calendar_entries,20,True,False,True,False,False,False,True
LOWVOL10,common_10_20_40_exact_sample,26,2023-05-24,Q5-Q1,-0.09672573086010237,-0.25174472994199387,54,54,1.0,54,1.0,True,LOWVOL20,VOL20,20,21,20_baseline_calendar_entries,20,True,False,True,False,False,False,True
LOWVOL10,common_10_20_40_exact_sample,26,2023-05-24,Q5-UNIVERSE,-0.08963778722276138,-0.14417835418816904,54,54,1.0,54,1.0,True,LOWVOL20,VOL20,20,21,20_baseline_calendar_entries,20,True,False,True,False,False,False,True
LOWVOL10,common_10_20_40_exact_sample,27,2023-06-21,Q1,-0.15803958223476436,0.5886770031164127,11,11,1.0,11,1.0,True,LOWVOL20,VOL20,20,21,20_baseline_calendar_entries,20,True,False,True,False,False,False,True
LOWVOL10,common_10_20_40_exact_sample,27,2023-06-21,Q2,-0.147647403919672,0.5201913328807687,11,11,1.0,11,1.0,True,LOWVOL20,VOL20,20,21,20_baseline_calendar_entries,20,True,False,True,False,False,False,True
LOWVOL10,common_10_20_40_exact_sample,27,2023-06-21,Q3,-0.1137102040634942,0.467213498238342,11,11,1.0,11,1.0,True,LOWVOL20,VOL20,20,21,20_baseline_calendar_entries,20,True,False,True,False,False,False,True
LOWVOL10,common_10_20_40_exact_sample,27,2023-06-21,Q4,-0.10249841491744299,0.38782283985534993,11,11,1.0,11,1.0,True,LOWVOL20,VOL20,20,21,20_baseline_calendar_entries,20,True,False,True,False,False,False,True
LOWVOL10,common_10_20_40_exact_sample,27,2023-06-21,Q5,-0.026262842499558403,0.3147385295517884,10,10,1.0,10,1.0,True,LOWVOL20,VOL20,20,21,20_baseline_calendar_entries,20,True,False,True,False,False,False,True
LOWVOL10,common_10_20_40_exact_sample,27,2023-06-21,UNIVERSE,-0.11117555706453135,0.45833956871328674,54,54,1.0,54,1.0,True,LOWVOL20,VOL20,20,21,20_baseline_calendar_entries,20,True,False,True,False,False,False,True
LOWVOL10,common_10_20_40_exact_sample,27,2023-06-21,Q5-Q1,0.13177673973520596,-0.2739384735646243,54,54,1.0,54,1.0,True,LOWVOL20,VOL20,20,21,20_baseline_calendar_entries,20,True,False,True,False,False,False,True
LOWVOL10,common_10_20_40_exact_sample,27,2023-06-21,Q5-UNIVERSE,0.08491271456497294,-0.14360103916149836,54,54,1.0,54,1.0,True,LOWVOL20,VOL20,20,21,20_baseline_calendar_entries,20,True,False,True,False,False,False,True
LOWVOL10,common_10_20_40_exact_sample,28,2023-07-21,Q1,-0.10359186566083046,0.42977789182801973,11,11,1.0,11,1.0,True,LOWVOL20,VOL20,20,21,20_baseline_calendar_entries,20,True,False,True,False,False,False,True
LOWVOL10,common_10_20_40_exact_sample,28,2023-07-21,Q2,-0.08325872118063787,0.4009750072434601,11,11,1.0,11,1.0,True,LOWVOL20,VOL20,20,21,20_baseline_calendar_entries,20,True,False,True,False,False,False,True
LOWVOL10,common_10_20_40_exact_sample,28,2023-07-21,Q3,-0.05928078754807992,0.4180905490842651,11,11,1.0,11,1.0,True,LOWVOL20,VOL20,20,21,20_baseline_calendar_entries,20,True,False,True,False,False,False,True
LOWVOL10,common_10_20_40_exact_sample,28,2023-07-21,Q4,-0.023465041067914402,0.3281807292657763,11,11,1.0,11,1.0,True,LOWVOL20,VOL20,20,21,20_baseline_calendar_entries,20,True,False,True,False,False,False,True
LOWVOL10,common_10_20_40_exact_sample,28,2023-07-21,Q5,-0.017083003723015598,0.2551817534009797,10,10,1.0,10,1.0,True,LOWVOL20,VOL20,20,21,20_baseline_calendar_entries,20,True,False,True,False,False,False,True
LOWVOL10,common_10_20_40_exact_sample,28,2023-07-21,UNIVERSE,-0.058081307541893425,0.36850154603049134,54,54,1.0,54,1.0,True,LOWVOL20,VOL20,20,21,20_baseline_calendar_entries,20,True,False,True,False,False,False,True
LOWVOL10,common_10_20_40_exact_sample,28,2023-07-21,Q5-Q1,0.08650886193781487,-0.17459613842704003,54,54,1.0,54,1.0,True,LOWVOL20,VOL20,20,21,20_baseline_calendar_entries,20,True,False,True,False,False,False,True
LOWVOL10,common_10_20_40_exact_sample,28,2023-07-21,Q5-UNIVERSE,0.040998303818877826,-0.11331979262951164,54,54,1.0,54,1.0,True,LOWVOL20,VOL20,20,21,20_baseline_calendar_entries,20,True,False,True,False,False,False,True
LOWVOL10,common_10_20_40_exact_sample,29,2023-08-18,Q1,-0.050862764280430246,0.5096536213566946,11,11,1.0,11,1.0,True,LOWVOL20,VOL20,20,21,20_baseline_calendar_entries,20,True,False,True,False,False,False,True
LOWVOL10,common_10_20_40_exact_sample,29,2023-08-18,Q2,-0.0742694074299517,0.4721272483580227,11,11,1.0,11,1.0,True,LOWVOL20,VOL20,20,21,20_baseline_calendar_entries,20,True,False,True,False,False,False,True
LOWVOL10,common_10_20_40_exact_sample,29,2023-08-18,Q3,0.03998786654581788,0.4952171302417349,11,11,1.0,11,1.0,True,LOWVOL20,VOL20,20,21,20_baseline_calendar_entries,20,True,False,True,False,False,False,True
LOWVOL10,common_10_20_40_exact_sample,29,2023-08-18,Q4,-0.007827124266152164,0.3864982415789992,11,11,1.0,11,1.0,True,LOWVOL20,VOL20,20,21,20_baseline_calendar_entries,20,True,False,True,False,False,False,True
LOWVOL10,common_10_20_40_exact_sample,29,2023-08-18,Q5,-0.009592966172139594,0.31897138566514804,10,10,1.0,10,1.0,True,LOWVOL20,VOL20,20,21,20_baseline_calendar_entries,20,True,False,True,False,False,False,True
LOWVOL10,common_10_20_40_exact_sample,29,2023-08-18,UNIVERSE,-0.020715099730727302,0.43866986136187847,54,54,1.0,54,1.0,True,LOWVOL20,VOL20,20,21,20_baseline_calendar_entries,20,True,False,True,False,False,False,True
LOWVOL10,common_10_20_40_exact_sample,29,2023-08-18,Q5-Q1,0.04126979810829065,-0.19068223569154652,54,54,1.0,54,1.0,True,LOWVOL20,VOL20,20,21,20_baseline_calendar_entries,20,True,False,True,False,False,False,True
LOWVOL10,common_10_20_40_exact_sample,29,2023-08-18,Q5-UNIVERSE,0.011122133558587708,-0.11969847569673042,54,54,1.0,54,1.0,True,LOWVOL20,VOL20,20,21,20_baseline_calendar_entries,20,True,False,True,False,False,False,True
LOWVOL10,common_10_20_40_exact_sample,30,2023-09-15,Q1,-0.05816400112856919,0.5104196243899127,11,11,1.0,11,1.0,True,LOWVOL20,VOL20,20,21,20_baseline_calendar_entries,20,True,False,True,False,False,False,True
LOWVOL10,common_10_20_40_exact_sample,30,2023-09-15,Q2,-0.1285539214451481,0.4229720300287027,11,11,1.0,11,1.0,True,LOWVOL20,VOL20,20,21,20_baseline_calendar_entries,20,True,False,True,False,False,False,True
LOWVOL10,common_10_20_40_exact_sample,30,2023-09-15,Q3,-0.07104883010562704,0.3035830441181397,11,11,1.0,11,1.0,True,LOWVOL20,VOL20,20,21,20_baseline_calendar_entries,20,True,False,True,False,False,False,True
LOWVOL10,common_10_20_40_exact_sample,30,2023-09-15,Q4,-0.02758702560104093,0.3900167567723654,11,11,1.0,11,1.0,True,LOWVOL20,VOL20,20,21,20_baseline_calendar_entries,20,True,False,True,False,False,False,True
LOWVOL10,common_10_20_40_exact_sample,30,2023-09-15,Q5,-0.10206301352890064,0.3004923150884853,10,10,1.0,10,1.0,True,LOWVOL20,VOL20,20,21,20_baseline_calendar_entries,20,True,False,True,False,False,False,True
LOWVOL10,common_10_20_40_exact_sample,30,2023-09-15,UNIVERSE,-0.07702817956246749,0.387070910357133,54,54,1.0,54,1.0,True,LOWVOL20,VOL20,20,21,20_baseline_calendar_entries,20,True,False,True,False,False,False,True
LOWVOL10,common_10_20_40_exact_sample,30,2023-09-15,Q5-Q1,-0.04389901240033145,-0.20992730930142744,54,54,1.0,54,1.0,True,LOWVOL20,VOL20,20,21,20_baseline_calendar_entries,20,True,False,True,False,False,False,True
LOWVOL10,common_10_20_40_exact_sample,30,2023-09-15,Q5-UNIVERSE,-0.025034833966433148,-0.0865785952686477,54,54,1.0,54,1.0,True,LOWVOL20,VOL20,20,21,20_baseline_calendar_entries,20,True,False,True,False,False,False,True
LOWVOL10,common_10_20_40_exact_sample,31,2023-10-23,Q1,0.15017552999402634,0.49572437519503515,11,11,1.0,11,1.0,True,LOWVOL20,VOL20,20,21,20_baseline_calendar_entries,20,True,False,True,False,False,False,True
LOWVOL10,common_10_20_40_exact_sample,31,2023-10-23,Q2,0.1572731259521719,0.3522794200309909,11,11,1.0,11,1.0,True,LOWVOL20,VOL20,20,21,20_baseline_calendar_entries,20,True,False,True,False,False,False,True
LOWVOL10,common_10_20_40_exact_sample,31,2023-10-23,Q3,0.25958852901942014,0.5103051070946608,11,11,1.0,11,1.0,True,LOWVOL20,VOL20,20,21,20_baseline_calendar_entries,20,True,False,True,False,False,False,True
LOWVOL10,common_10_20_40_exact_sample,31,2023-10-23,Q4,0.16710906138020484,0.351801878328541,11,11,1.0,11,1.0,True,LOWVOL20,VOL20,20,21,20_baseline_calendar_entries,20,True,False,True,False,False,False,True
LOWVOL10,common_10_20_40_exact_sample,31,2023-10-23,Q5,0.14848957971296595,0.34336537356251384,10,10,1.0,10,1.0,True,LOWVOL20,VOL20,20,21,20_baseline_calendar_entries,20,True,False,True,False,False,False,True
LOWVOL10,common_10_20_40_exact_sample,31,2023-10-23,UNIVERSE,0.17704637975803175,0.4119420800512341,54,54,1.0,54,1.0,True,LOWVOL20,VOL20,20,21,20_baseline_calendar_entries,20,True,False,True,False,False,False,True
LOWVOL10,common_10_20_40_exact_sample,31,2023-10-23,Q5-Q1,-0.0016859502810603888,-0.1523590016325213,54,54,1.0,54,1.0,True,LOWVOL20,VOL20,20,21,20_baseline_calendar_entries,20,True,False,True,False,False,False,True
LOWVOL10,common_10_20_40_exact_sample,31,2023-10-23,Q5-UNIVERSE,-0.028556800045065805,-0.06857670648872027,54,54,1.0,54,1.0,True,LOWVOL20,VOL20,20,21,20_baseline_calendar_entries,20,True,False,True,False,False,False,True
LOWVOL10,common_10_20_40_exact_sample,32,2023-11-20,Q1,-0.08427919048252383,0.4393642208744523,11,11,1.0,11,1.0,True,LOWVOL20,VOL20,20,21,20_baseline_calendar_entries,20,True,False,True,False,False,False,True
LOWVOL10,common_10_20_40_exact_sample,32,2023-11-20,Q2,-0.004679827883646615,0.5007233957674199,11,11,1.0,11,1.0,True,LOWVOL20,VOL20,20,21,20_baseline_calendar_entries,20,True,False,True,False,False,False,True
LOWVOL10,common_10_20_40_exact_sample,32,2023-11-20,Q3,-0.08757729610584987,0.3373889542962663,11,11,1.0,11,1.0,True,LOWVOL20,VOL20,20,21,20_baseline_calendar_entries,20,True,False,True,False,False,False,True
LOWVOL10,common_10_20_40_exact_sample,32,2023-11-20,Q4,-0.06007912832112621,0.2931847395510691,11,11,1.0,11,1.0,True,LOWVOL20,VOL20,20,21,20_baseline_calendar_entries,20,True,False,True,False,False,False,True
LOWVOL10,common_10_20_40_exact_sample,32,2023-11-20,Q5,-0.04969224184009361,0.27794353460626786,10,10,1.0,10,1.0,True,LOWVOL20,VOL20,20,21,20_baseline_calendar_entries,20,True,False,True,False,False,False,True
LOWVOL10,common_10_20_40_exact_sample,32,2023-11-20,UNIVERSE,-0.05740170905788053,0.37142055113785116,54,54,1.0,54,1.0,True,LOWVOL20,VOL20,20,21,20_baseline_calendar_entries,20,True,False,True,False,False,False,True
LOWVOL10,common_10_20_40_exact_sample,32,2023-11-20,Q5-Q1,0.03458694864243022,-0.16142068626818445,54,54,1.0,54,1.0,True,LOWVOL20,VOL20,20,21,20_baseline_calendar_entries,20,True,False,True,False,False,False,True
LOWVOL10,common_10_20_40_exact_sample,32,2023-11-20,Q5-UNIVERSE,0.007709467217786918,-0.0934770165315833,54,54,1.0,54,1.0,True,LOWVOL20,VOL20,20,21,20_baseline_calendar_entries,20,True,False,True,False,False,False,True
LOWVOL10,common_10_20_40_exact_sample,33,2023-12-18,Q1,-0.11509652168717316,0.479260052654077,11,11,1.0,11,1.0,True,LOWVOL20,VOL20,20,21,20_baseline_calendar_entries,20,True,False,True,False,False,False,True
LOWVOL10,common_10_20_40_exact_sample,33,2023-12-18,Q2,-0.12207401202296898,0.41686763543437966,11,11,1.0,11,1.0,True,LOWVOL20,VOL20,20,21,20_baseline_calendar_entries,20,True,False,True,False,False,False,True
LOWVOL10,common_10_20_40_exact_sample,33,2023-12-18,Q3,-0.10445186472649239,0.3462530028408384,11,11,1.0,11,1.0,True,LOWVOL20,VOL20,20,21,20_baseline_calendar_entries,20,True,False,True,False,False,False,True
LOWVOL10,common_10_20_40_exact_sample,33,2023-12-18,Q4,-0.12338437221476042,0.295430056669142,11,11,1.0,11,1.0,True,LOWVOL20,VOL20,20,21,20_baseline_calendar_entries,20,True,False,True,False,False,False,True
LOWVOL10,common_10_20_40_exact_sample,33,2023-12-18,Q5,-0.08057972193949269,0.2809067992559533,10,10,1.0,10,1.0,True,LOWVOL20,VOL20,20,21,20_baseline_calendar_entries,20,True,False,True,False,False,False,True
LOWVOL10,common_10_20_40_exact_sample,33,2023-12-18,UNIVERSE,-0.10964577215852357,0.3652775225211544,54,54,1.0,54,1.0,True,LOWVOL20,VOL20,20,21,20_baseline_calendar_entries,20,True,False,True,False,False,False,True
LOWVOL10,common_10_20_40_exact_sample,33,2023-12-18,Q5-Q1,0.034516799747680474,-0.1983532533981237,54,54,1.0,54,1.0,True,LOWVOL20,VOL20,20,21,20_baseline_calendar_entries,20,True,False,True,False,False,False,True
LOWVOL10,common_10_20_40_exact_sample,33,2023-12-18,Q5-UNIVERSE,0.029066050219030887,-0.08437072326520112,54,54,1.0,54,1.0,True,LOWVOL20,VOL20,20,21,20_baseline_calendar_entries,20,True,False,True,False,False,False,True
LOWVOL10,common_10_20_40_exact_sample,34,2024-01-16,Q1,-0.07305909615787382,0.7752212505210271,11,11,1.0,11,1.0,True,LOWVOL20,VOL20,20,21,20_baseline_calendar_entries,20,True,False,True,False,False,False,True
LOWVOL10,common_10_20_40_exact_sample,34,2024-01-16,Q2,-0.05195353698194461,0.6989052558284053,11,11,1.0,11,1.0,True,LOWVOL20,VOL20,20,21,20_baseline_calendar_entries,20,True,False,True,False,False,False,True
LOWVOL10,common_10_20_40_exact_sample,34,2024-01-16,Q3,-0.07293993283453407,0.7618960597035648,11,11,1.0,11,1.0,True,LOWVOL20,VOL20,20,21,20_baseline_calendar_entries,20,True,False,True,False,False,False,True
LOWVOL10,common_10_20_40_exact_sample,34,2024-01-16,Q4,-0.097458425283283,0.7482571642932818,11,11,1.0,11,1.0,True,LOWVOL20,VOL20,20,21,20_baseline_calendar_entries,20,True,False,True,False,False,False,True
LOWVOL10,common_10_20_40_exact_sample,34,2024-01-16,Q5,-0.11906078781144831,0.6540963115432423,10,10,1.0,10,1.0,True,LOWVOL20,VOL20,20,21,20_baseline_calendar_entries,20,True,False,True,False,False,False,True
LOWVOL10,common_10_20_40_exact_sample,34,2024-01-16,UNIVERSE,-0.08222460707311988,0.729037780541509,54,54,1.0,54,1.0,True,LOWVOL20,VOL20,20,21,20_baseline_calendar_entries,20,True,False,True,False,False,False,True
LOWVOL10,common_10_20_40_exact_sample,34,2024-01-16,Q5-Q1,-0.0460016916535745,-0.12112493897778476,54,54,1.0,54,1.0,True,LOWVOL20,VOL20,20,21,20_baseline_calendar_entries,20,True,False,True,False,False,False,True
LOWVOL10,common_10_20_40_exact_sample,34,2024-01-16,Q5-UNIVERSE,-0.036836180738328436,-0.0749414689982667,54,54,1.0,54,1.0,True,LOWVOL20,VOL20,20,21,20_baseline_calendar_entries,20,True,False,True,False,False,False,True
LOWVOL10,common_10_20_40_exact_sample,35,2024-02-21,Q1,0.21019420981713097,0.6070690133403072,11,11,1.0,11,1.0,True,LOWVOL20,VOL20,20,21,20_baseline_calendar_entries,20,True,False,True,False,False,False,True
LOWVOL10,common_10_20_40_exact_sample,35,2024-02-21,Q2,0.21645212417241544,0.5821044307930587,11,11,1.0,11,1.0,True,LOWVOL20,VOL20,20,21,20_baseline_calendar_entries,20,True,False,True,False,False,False,True
LOWVOL10,common_10_20_40_exact_sample,35,2024-02-21,Q3,0.17006366879445495,0.4486117805254755,11,11,1.0,11,1.0,True,LOWVOL20,VOL20,20,21,20_baseline_calendar_entries,20,True,False,True,False,False,False,True
LOWVOL10,common_10_20_40_exact_sample,35,2024-02-21,Q4,0.18850611605171433,0.5178775187385806,11,11,1.0,11,1.0,True,LOWVOL20,VOL20,20,21,20_baseline_calendar_entries,20,True,False,True,False,False,False,True
LOWVOL10,common_10_20_40_exact_sample,35,2024-02-21,Q5,0.1350797536913486,0.49757315455421686,10,10,1.0,10,1.0,True,LOWVOL20,VOL20,20,21,20_baseline_calendar_entries,20,True,False,True,False,False,False,True
LOWVOL10,common_10_20_40_exact_sample,35,2024-02-21,UNIVERSE,0.18496620081678442,0.5312596615354409,54,54,1.0,54,1.0,True,LOWVOL20,VOL20,20,21,20_baseline_calendar_entries,20,True,False,True,False,False,False,True
LOWVOL10,common_10_20_40_exact_sample,35,2024-02-21,Q5-Q1,-0.07511445612578238,-0.1094958587860903,54,54,1.0,54,1.0,True,LOWVOL20,VOL20,20,21,20_baseline_calendar_entries,20,True,False,True,False,False,False,True
LOWVOL10,common_10_20_40_exact_sample,35,2024-02-21,Q5-UNIVERSE,-0.04988644712543583,-0.03368650698122405,54,54,1.0,54,1.0,True,LOWVOL20,VOL20,20,21,20_baseline_calendar_entries,20,True,False,True,False,False,False,True
LOWVOL10,common_10_20_40_exact_sample,36,2024-03-20,Q1,-0.21078859751322127,0.6235952174510913,11,11,1.0,11,1.0,True,LOWVOL20,VOL20,20,21,20_baseline_calendar_entries,20,True,False,True,False,False,False,True
LOWVOL10,common_10_20_40_exact_sample,36,2024-03-20,Q2,-0.15697313122533876,0.5860750242508858,11,11,1.0,11,1.0,True,LOWVOL20,VOL20,20,21,20_baseline_calendar_entries,20,True,False,True,False,False,False,True
LOWVOL10,common_10_20_40_exact_sample,36,2024-03-20,Q3,-0.15367551375027666,0.6143738687010507,11,11,1.0,11,1.0,True,LOWVOL20,VOL20,20,21,20_baseline_calendar_entries,20,True,False,True,False,False,False,True
LOWVOL10,common_10_20_40_exact_sample,36,2024-03-20,Q4,-0.13067081690212196,0.5217202708262751,11,11,1.0,11,1.0,True,LOWVOL20,VOL20,20,21,20_baseline_calendar_entries,20,True,False,True,False,False,False,True
LOWVOL10,common_10_20_40_exact_sample,36,2024-03-20,Q5,-0.1309040408264054,0.47155655143053055,10,10,1.0,10,1.0,True,LOWVOL20,VOL20,20,21,20_baseline_calendar_entries,20,True,False,True,False,False,False,True
LOWVOL10,common_10_20_40_exact_sample,36,2024-03-20,UNIVERSE,-0.15707831595489996,0.565166179774586,54,54,1.0,54,1.0,True,LOWVOL20,VOL20,20,21,20_baseline_calendar_entries,20,True,False,True,False,False,False,True
LOWVOL10,common_10_20_40_exact_sample,36,2024-03-20,Q5-Q1,0.07988455668681588,-0.1520386660205607,54,54,1.0,54,1.0,True,LOWVOL20,VOL20,20,21,20_baseline_calendar_entries,20,True,False,True,False,False,False,True
LOWVOL10,common_10_20_40_exact_sample,36,2024-03-20,Q5-UNIVERSE,0.026174275128494573,-0.0936096283440555,54,54,1.0,54,1.0,True,LOWVOL20,VOL20,20,21,20_baseline_calendar_entries,20,True,False,True,False,False,False,True
LOWVOL10,common_10_20_40_exact_sample,37,2024-04-19,Q1,0.08532225878369144,0.4247288466606157,11,11,1.0,11,1.0,True,LOWVOL20,VOL20,20,21,20_baseline_calendar_entries,20,True,False,True,False,False,False,True
LOWVOL10,common_10_20_40_exact_sample,37,2024-04-19,Q2,0.09883795664087601,0.3843017112136153,11,11,1.0,11,1.0,True,LOWVOL20,VOL20,20,21,20_baseline_calendar_entries,20,True,False,True,False,False,False,True
LOWVOL10,common_10_20_40_exact_sample,37,2024-04-19,Q3,0.041686937798897955,0.3522177270668767,11,11,1.0,11,1.0,True,LOWVOL20,VOL20,20,21,20_baseline_calendar_entries,20,True,False,True,False,False,False,True
LOWVOL10,common_10_20_40_exact_sample,37,2024-04-19,Q4,0.039038611992557475,0.38613897432131794,11,11,1.0,11,1.0,True,LOWVOL20,VOL20,20,21,20_baseline_calendar_entries,20,True,False,True,False,False,False,True
LOWVOL10,common_10_20_40_exact_sample,37,2024-04-19,Q5,0.01574773223842112,0.40719882507136296,10,10,1.0,10,1.0,True,LOWVOL20,VOL20,20,21,20_baseline_calendar_entries,20,True,False,True,False,False,False,True
LOWVOL10,common_10_20_40_exact_sample,37,2024-04-19,UNIVERSE,0.05687445814371229,0.3906157056037095,54,54,1.0,54,1.0,True,LOWVOL20,VOL20,20,21,20_baseline_calendar_entries,20,True,False,True,False,False,False,True
LOWVOL10,common_10_20_40_exact_sample,37,2024-04-19,Q5-Q1,-0.06957452654527033,-0.017530021589252764,54,54,1.0,54,1.0,True,LOWVOL20,VOL20,20,21,20_baseline_calendar_entries,20,True,False,True,False,False,False,True
LOWVOL10,common_10_20_40_exact_sample,37,2024-04-19,Q5-UNIVERSE,-0.041126725905291164,0.01658311946765345,54,54,1.0,54,1.0,True,LOWVOL20,VOL20,20,21,20_baseline_calendar_entries,20,True,False,True,False,False,False,True
LOWVOL10,common_10_20_40_exact_sample,38,2024-05-22,Q1,-0.08140696049722028,0.3516618470471251,11,11,1.0,11,1.0,True,LOWVOL20,VOL20,20,21,20_baseline_calendar_entries,20,True,False,True,False,False,False,True
LOWVOL10,common_10_20_40_exact_sample,38,2024-05-22,Q2,-0.07609255886361747,0.3459950400645735,11,11,1.0,11,1.0,True,LOWVOL20,VOL20,20,21,20_baseline_calendar_entries,20,True,False,True,False,False,False,True
LOWVOL10,common_10_20_40_exact_sample,38,2024-05-22,Q3,-0.09847914478927423,0.36637640840331565,11,11,1.0,11,1.0,True,LOWVOL20,VOL20,20,21,20_baseline_calendar_entries,20,True,False,True,False,False,False,True
LOWVOL10,common_10_20_40_exact_sample,38,2024-05-22,Q4,-0.03934387012257943,0.37246357563158344,11,11,1.0,11,1.0,True,LOWVOL20,VOL20,20,21,20_baseline_calendar_entries,20,True,False,True,False,False,False,True
LOWVOL10,common_10_20_40_exact_sample,38,2024-05-22,Q5,-0.0675083482593539,0.3734102151369588,10,10,1.0,10,1.0,True,LOWVOL20,VOL20,20,21,20_baseline_calendar_entries,20,True,False,True,False,False,False,True
LOWVOL10,common_10_20_40_exact_sample,38,2024-05-22,UNIVERSE,-0.07265983999246564,0.3617697728515215,54,54,1.0,54,1.0,True,LOWVOL20,VOL20,20,21,20_baseline_calendar_entries,20,True,False,True,False,False,False,True
LOWVOL10,common_10_20_40_exact_sample,38,2024-05-22,Q5-Q1,0.013898612237866384,0.021748368089833714,54,54,1.0,54,1.0,True,LOWVOL20,VOL20,20,21,20_baseline_calendar_entries,20,True,False,True,False,False,False,True
LOWVOL10,common_10_20_40_exact_sample,38,2024-05-22,Q5-UNIVERSE,0.005151491733111746,0.011640442285437314,54,54,1.0,54,1.0,True,LOWVOL20,VOL20,20,21,20_baseline_calendar_entries,20,True,False,True,False,False,False,True
LOWVOL10,common_10_20_40_exact_sample,39,2024-06-20,Q1,-0.026003034529016776,0.48341679092258355,11,11,1.0,11,1.0,True,LOWVOL20,VOL20,20,21,20_baseline_calendar_entries,20,True,False,True,False,False,False,True
LOWVOL10,common_10_20_40_exact_sample,39,2024-06-20,Q2,-0.05755396289504748,0.4656925594626167,11,11,1.0,11,1.0,True,LOWVOL20,VOL20,20,21,20_baseline_calendar_entries,20,True,False,True,False,False,False,True
LOWVOL10,common_10_20_40_exact_sample,39,2024-06-20,Q3,0.008541262937442425,0.5780121219317512,11,11,1.0,11,1.0,True,LOWVOL20,VOL20,20,21,20_baseline_calendar_entries,20,True,False,True,False,False,False,True
LOWVOL10,common_10_20_40_exact_sample,39,2024-06-20,Q4,-0.06465188038344029,0.3843133222341156,11,11,1.0,11,1.0,True,LOWVOL20,VOL20,20,21,20_baseline_calendar_entries,20,True,False,True,False,False,False,True
LOWVOL10,common_10_20_40_exact_sample,39,2024-06-20,Q5,-0.048541203444886424,0.4239291638980814,10,10,1.0,10,1.0,True,LOWVOL20,VOL20,20,21,20_baseline_calendar_entries,20,True,False,True,False,False,False,True
LOWVOL10,common_10_20_40_exact_sample,39,2024-06-20,UNIVERSE,-0.037439922185547175,0.46787174776004725,54,54,1.0,54,1.0,True,LOWVOL20,VOL20,20,21,20_baseline_calendar_entries,20,True,False,True,False,False,False,True
LOWVOL10,common_10_20_40_exact_sample,39,2024-06-20,Q5-Q1,-0.02253816891586965,-0.059487627024502165,54,54,1.0,54,1.0,True,LOWVOL20,VOL20,20,21,20_baseline_calendar_entries,20,True,False,True,False,False,False,True
LOWVOL10,common_10_20_40_exact_sample,39,2024-06-20,Q5-UNIVERSE,-0.011101281259339249,-0.04394258386196587,54,54,1.0,54,1.0,True,LOWVOL20,VOL20,20,21,20_baseline_calendar_entries,20,True,False,True,False,False,False,True
LOWVOL10,common_10_20_40_exact_sample,40,2024-07-18,Q1,-0.0680027981414375,0.4212940100559686,11,11,1.0,11,1.0,True,LOWVOL20,VOL20,20,21,20_baseline_calendar_entries,20,True,False,True,False,False,False,True
LOWVOL10,common_10_20_40_exact_sample,40,2024-07-18,Q2,0.041650535610935784,0.4131504093593161,11,11,1.0,11,1.0,True,LOWVOL20,VOL20,20,21,20_baseline_calendar_entries,20,True,False,True,False,False,False,True
LOWVOL10,common_10_20_40_exact_sample,40,2024-07-18,Q3,-0.022540577181499568,0.33206640917665786,11,11,1.0,11,1.0,True,LOWVOL20,VOL20,20,21,20_baseline_calendar_entries,20,True,False,True,False,False,False,True
LOWVOL10,common_10_20_40_exact_sample,40,2024-07-18,Q4,0.022215976764918873,0.3362327131855076,11,11,1.0,11,1.0,True,LOWVOL20,VOL20,20,21,20_baseline_calendar_entries,20,True,False,True,False,False,False,True
LOWVOL10,common_10_20_40_exact_sample,40,2024-07-18,Q5,-0.0027797878907131366,0.3020358139193425,10,10,1.0,10,1.0,True,LOWVOL20,VOL20,20,21,20_baseline_calendar_entries,20,True,False,True,False,False,False,True
LOWVOL10,common_10_20_40_exact_sample,40,2024-07-18,UNIVERSE,-0.005948951320834037,0.36204698331009966,54,54,1.0,54,1.0,True,LOWVOL20,VOL20,20,21,20_baseline_calendar_entries,20,True,False,True,False,False,False,True
LOWVOL10,common_10_20_40_exact_sample,40,2024-07-18,Q5-Q1,0.06522301025072437,-0.11925819613662614,54,54,1.0,54,1.0,True,LOWVOL20,VOL20,20,21,20_baseline_calendar_entries,20,True,False,True,False,False,False,True
LOWVOL10,common_10_20_40_exact_sample,40,2024-07-18,Q5-UNIVERSE,0.0031691634301209007,-0.06001116939075718,54,54,1.0,54,1.0,True,LOWVOL20,VOL20,20,21,20_baseline_calendar_entries,20,True,False,True,False,False,False,True
LOWVOL10,common_10_20_40_exact_sample,41,2024-08-15,Q1,-0.05170904812534363,0.384377466696515,11,11,1.0,11,1.0,True,LOWVOL20,VOL20,20,21,20_baseline_calendar_entries,20,True,False,True,False,False,False,True
LOWVOL10,common_10_20_40_exact_sample,41,2024-08-15,Q2,-0.03671807150276176,0.3709015888432284,11,11,1.0,11,1.0,True,LOWVOL20,VOL20,20,21,20_baseline_calendar_entries,20,True,False,True,False,False,False,True
LOWVOL10,common_10_20_40_exact_sample,41,2024-08-15,Q3,0.0192253368344516,0.4121958928753932,11,11,1.0,11,1.0,True,LOWVOL20,VOL20,20,21,20_baseline_calendar_entries,20,True,False,True,False,False,False,True
LOWVOL10,common_10_20_40_exact_sample,41,2024-08-15,Q4,0.021069952236979526,0.3914128054593904,11,11,1.0,11,1.0,True,LOWVOL20,VOL20,20,21,20_baseline_calendar_entries,20,True,False,True,False,False,False,True
LOWVOL10,common_10_20_40_exact_sample,41,2024-08-15,Q5,-0.030076051875810493,0.28654917463801033,10,10,1.0,10,1.0,True,LOWVOL20,VOL20,20,21,20_baseline_calendar_entries,20,True,False,True,False,False,False,True
LOWVOL10,common_10_20_40_exact_sample,41,2024-08-15,UNIVERSE,-0.01537427138669485,0.37061587109259075,54,54,1.0,54,1.0,True,LOWVOL20,VOL20,20,21,20_baseline_calendar_entries,20,True,False,True,False,False,False,True
LOWVOL10,common_10_20_40_exact_sample,41,2024-08-15,Q5-Q1,0.02163299624953314,-0.09782829205850468,54,54,1.0,54,1.0,True,LOWVOL20,VOL20,20,21,20_baseline_calendar_entries,20,True,False,True,False,False,False,True
LOWVOL10,common_10_20_40_exact_sample,41,2024-08-15,Q5-UNIVERSE,-0.014701780489115643,-0.08406669645458043,54,54,1.0,54,1.0,True,LOWVOL20,VOL20,20,21,20_baseline_calendar_entries,20,True,False,True,False,False,False,True
LOWVOL10,common_10_20_40_exact_sample,42,2024-09-12,Q1,0.4054088858211971,0.9121983053083745,11,11,1.0,11,1.0,True,LOWVOL20,VOL20,20,21,20_baseline_calendar_entries,20,True,False,True,False,False,False,True
LOWVOL10,common_10_20_40_exact_sample,42,2024-09-12,Q2,0.8795529414465861,1.1340564186921307,11,11,1.0,11,1.0,True,LOWVOL20,VOL20,20,21,20_baseline_calendar_entries,20,True,False,True,False,False,False,True
LOWVOL10,common_10_20_40_exact_sample,42,2024-09-12,Q3,0.5261886194655868,1.033849064773417,11,11,1.0,11,1.0,True,LOWVOL20,VOL20,20,21,20_baseline_calendar_entries,20,True,False,True,False,False,False,True
LOWVOL10,common_10_20_40_exact_sample,42,2024-09-12,Q4,0.3462430212015702,0.7861276555153354,11,11,1.0,11,1.0,True,LOWVOL20,VOL20,20,21,20_baseline_calendar_entries,20,True,False,True,False,False,False,True
LOWVOL10,common_10_20_40_exact_sample,42,2024-09-12,Q5,0.3308443589828052,0.7542902097018381,10,10,1.0,10,1.0,True,LOWVOL20,VOL20,20,21,20_baseline_calendar_entries,20,True,False,True,False,False,False,True
LOWVOL10,common_10_20_40_exact_sample,42,2024-09-12,UNIVERSE,0.5007365136502295,0.9272490367444484,54,54,1.0,54,1.0,True,LOWVOL20,VOL20,20,21,20_baseline_calendar_entries,20,True,False,True,False,False,False,True
LOWVOL10,common_10_20_40_exact_sample,42,2024-09-12,Q5-Q1,-0.07456452683839193,-0.1579080956065364,54,54,1.0,54,1.0,True,LOWVOL20,VOL20,20,21,20_baseline_calendar_entries,20,True,False,True,False,False,False,True
LOWVOL10,common_10_20_40_exact_sample,42,2024-09-12,Q5-UNIVERSE,-0.16989215466742436,-0.17295882704261023,54,54,1.0,54,1.0,True,LOWVOL20,VOL20,20,21,20_baseline_calendar_entries,20,True,False,True,False,False,False,True
LOWVOL10,common_10_20_40_exact_sample,43,2024-10-21,Q1,-0.0743306014049795,0.8491596218604877,11,11,1.0,11,1.0,True,LOWVOL20,VOL20,20,21,20_baseline_calendar_entries,20,True,False,True,False,False,False,True
LOWVOL10,common_10_20_40_exact_sample,43,2024-10-21,Q2,-0.00674191110030545,0.6507101995043763,11,11,1.0,11,1.0,True,LOWVOL20,VOL20,20,21,20_baseline_calendar_entries,20,True,False,True,False,False,False,True
LOWVOL10,common_10_20_40_exact_sample,43,2024-10-21,Q3,0.036169038827303046,0.6452542418363889,11,11,1.0,11,1.0,True,LOWVOL20,VOL20,20,21,20_baseline_calendar_entries,20,True,False,True,False,False,False,True
LOWVOL10,common_10_20_40_exact_sample,43,2024-10-21,Q4,0.0955392627423464,0.6063013195772947,11,11,1.0,11,1.0,True,LOWVOL20,VOL20,20,21,20_baseline_calendar_entries,20,True,False,True,False,False,False,True
LOWVOL10,common_10_20_40_exact_sample,43,2024-10-21,Q5,0.08184570285912136,0.4969880793696735,10,10,1.0,10,1.0,True,LOWVOL20,VOL20,20,21,20_baseline_calendar_entries,20,True,False,True,False,False,False,True
LOWVOL10,common_10_20_40_exact_sample,43,2024-10-21,UNIVERSE,0.025471309412948576,0.6525103704492733,54,54,1.0,54,1.0,True,LOWVOL20,VOL20,20,21,20_baseline_calendar_entries,20,True,False,True,False,False,False,True
LOWVOL10,common_10_20_40_exact_sample,43,2024-10-21,Q5-Q1,0.15617630426410087,-0.35217154249081417,54,54,1.0,54,1.0,True,LOWVOL20,VOL20,20,21,20_baseline_calendar_entries,20,True,False,True,False,False,False,True
LOWVOL10,common_10_20_40_exact_sample,43,2024-10-21,Q5-UNIVERSE,0.05637439344617279,-0.1555222910795998,54,54,1.0,54,1.0,True,LOWVOL20,VOL20,20,21,20_baseline_calendar_entries,20,True,False,True,False,False,False,True
LOWVOL10,common_10_20_40_exact_sample,44,2024-11-18,Q1,0.0827428778049143,0.6434786226409941,11,11,1.0,11,1.0,True,LOWVOL20,VOL20,20,21,20_baseline_calendar_entries,20,True,False,True,False,False,False,True
LOWVOL10,common_10_20_40_exact_sample,44,2024-11-18,Q2,0.11879376711853797,0.5416801695233573,11,11,1.0,11,1.0,True,LOWVOL20,VOL20,20,21,20_baseline_calendar_entries,20,True,False,True,False,False,False,True
LOWVOL10,common_10_20_40_exact_sample,44,2024-11-18,Q3,0.1807190779787741,0.5994036134884128,11,11,1.0,11,1.0,True,LOWVOL20,VOL20,20,21,20_baseline_calendar_entries,20,True,False,True,False,False,False,True
LOWVOL10,common_10_20_40_exact_sample,44,2024-11-18,Q4,0.09724289712727714,0.3937096758205858,11,11,1.0,11,1.0,True,LOWVOL20,VOL20,20,21,20_baseline_calendar_entries,20,True,False,True,False,False,False,True
LOWVOL10,common_10_20_40_exact_sample,44,2024-11-18,Q5,0.11253514735573866,0.4007277980231141,10,10,1.0,10,1.0,True,LOWVOL20,VOL20,20,21,20_baseline_calendar_entries,20,True,False,True,False,False,False,True
LOWVOL10,common_10_20_40_exact_sample,44,2024-11-18,UNIVERSE,0.11851548692373938,0.5179309421562591,54,54,1.0,54,1.0,True,LOWVOL20,VOL20,20,21,20_baseline_calendar_entries,20,True,False,True,False,False,False,True
LOWVOL10,common_10_20_40_exact_sample,44,2024-11-18,Q5-Q1,0.02979226955082437,-0.24275082461788,54,54,1.0,54,1.0,True,LOWVOL20,VOL20,20,21,20_baseline_calendar_entries,20,True,False,True,False,False,False,True
LOWVOL10,common_10_20_40_exact_sample,44,2024-11-18,Q5-UNIVERSE,-0.005980339568000717,-0.11720314413314503,54,54,1.0,54,1.0,True,LOWVOL20,VOL20,20,21,20_baseline_calendar_entries,20,True,False,True,False,False,False,True
LOWVOL10,common_10_20_40_exact_sample,45,2024-12-16,Q1,-0.07539351258841583,0.8440590468869292,11,11,1.0,11,1.0,True,LOWVOL20,VOL20,20,21,20_baseline_calendar_entries,20,True,False,True,False,False,False,True
LOWVOL10,common_10_20_40_exact_sample,45,2024-12-16,Q2,-0.0879150873723651,0.663950020583026,11,11,1.0,11,1.0,True,LOWVOL20,VOL20,20,21,20_baseline_calendar_entries,20,True,False,True,False,False,False,True
LOWVOL10,common_10_20_40_exact_sample,45,2024-12-16,Q3,-0.12946997139890123,0.49236859084202317,11,11,1.0,11,1.0,True,LOWVOL20,VOL20,20,21,20_baseline_calendar_entries,20,True,False,True,False,False,False,True
LOWVOL10,common_10_20_40_exact_sample,45,2024-12-16,Q4,-0.05184375317304337,0.5548336205035095,11,11,1.0,11,1.0,True,LOWVOL20,VOL20,20,21,20_baseline_calendar_entries,20,True,False,True,False,False,False,True
LOWVOL10,common_10_20_40_exact_sample,45,2024-12-16,Q5,-0.005261139879583943,0.5565880580821074,10,10,1.0,10,1.0,True,LOWVOL20,VOL20,20,21,20_baseline_calendar_entries,20,True,False,True,False,False,False,True
LOWVOL10,common_10_20_40_exact_sample,45,2024-12-16,UNIVERSE,-0.07117512904918187,0.6235778638479895,54,54,1.0,54,1.0,True,LOWVOL20,VOL20,20,21,20_baseline_calendar_entries,20,True,False,True,False,False,False,True
LOWVOL10,common_10_20_40_exact_sample,45,2024-12-16,Q5-Q1,0.07013237270883188,-0.2874709888048218,54,54,1.0,54,1.0,True,LOWVOL20,VOL20,20,21,20_baseline_calendar_entries,20,True,False,True,False,False,False,True
LOWVOL10,common_10_20_40_exact_sample,45,2024-12-16,Q5-UNIVERSE,0.06591398916959793,-0.0669898057658821,54,54,1.0,54,1.0,True,LOWVOL20,VOL20,20,21,20_baseline_calendar_entries,20,True,False,True,False,False,False,True
LOWVOL10,common_10_20_40_exact_sample,46,2025-01-14,Q1,0.22224696866625385,0.7917574882557087,11,11,1.0,11,1.0,True,LOWVOL20,VOL20,20,21,20_baseline_calendar_entries,20,True,False,True,False,False,False,True
LOWVOL10,common_10_20_40_exact_sample,46,2025-01-14,Q2,0.20843074979931586,0.6737313559125998,11,11,1.0,11,1.0,True,LOWVOL20,VOL20,20,21,20_baseline_calendar_entries,20,True,False,True,False,False,False,True
LOWVOL10,common_10_20_40_exact_sample,46,2025-01-14,Q3,0.293143471551757,0.6748254800494838,11,11,1.0,11,1.0,True,LOWVOL20,VOL20,20,21,20_baseline_calendar_entries,20,True,False,True,False,False,False,True
LOWVOL10,common_10_20_40_exact_sample,46,2025-01-14,Q4,0.3019661253077197,0.5979277891170807,11,11,1.0,11,1.0,True,LOWVOL20,VOL20,20,21,20_baseline_calendar_entries,20,True,False,True,False,False,False,True
LOWVOL10,common_10_20_40_exact_sample,46,2025-01-14,Q5,0.2597184986875725,0.42352822148545943,10,10,1.0,10,1.0,True,LOWVOL20,VOL20,20,21,20_baseline_calendar_entries,20,True,False,True,False,False,False,True
LOWVOL10,common_10_20_40_exact_sample,46,2025-01-14,UNIVERSE,0.25705269361946725,0.6362212122507074,54,54,1.0,54,1.0,True,LOWVOL20,VOL20,20,21,20_baseline_calendar_entries,20,True,False,True,False,False,False,True
LOWVOL10,common_10_20_40_exact_sample,46,2025-01-14,Q5-Q1,0.03747153002131867,-0.36822926677024925,54,54,1.0,54,1.0,True,LOWVOL20,VOL20,20,21,20_baseline_calendar_entries,20,True,False,True,False,False,False,True
LOWVOL10,common_10_20_40_exact_sample,46,2025-01-14,Q5-UNIVERSE,0.0026658050681052647,-0.21269299076524795,54,54,1.0,54,1.0,True,LOWVOL20,VOL20,20,21,20_baseline_calendar_entries,20,True,False,True,False,False,False,True
LOWVOL10,common_10_20_40_exact_sample,47,2025-02-19,Q1,-0.0408346978155493,0.6891492023824631,11,11,1.0,11,1.0,True,LOWVOL20,VOL20,20,21,20_baseline_calendar_entries,20,True,False,True,False,False,False,True
LOWVOL10,common_10_20_40_exact_sample,47,2025-02-19,Q2,-0.00035189955116624294,0.6560061242073136,11,11,1.0,11,1.0,True,LOWVOL20,VOL20,20,21,20_baseline_calendar_entries,20,True,False,True,False,False,False,True
LOWVOL10,common_10_20_40_exact_sample,47,2025-02-19,Q3,0.0008555725740721751,0.6079102119790711,11,11,1.0,11,1.0,True,LOWVOL20,VOL20,20,21,20_baseline_calendar_entries,20,True,False,True,False,False,False,True
LOWVOL10,common_10_20_40_exact_sample,47,2025-02-19,Q4,-0.005922890613894727,0.47352340894142647,11,11,1.0,11,1.0,True,LOWVOL20,VOL20,20,21,20_baseline_calendar_entries,20,True,False,True,False,False,False,True
LOWVOL10,common_10_20_40_exact_sample,47,2025-02-19,Q5,0.0938388532214827,0.3860649845690496,10,10,1.0,10,1.0,True,LOWVOL20,VOL20,20,21,20_baseline_calendar_entries,20,True,False,True,False,False,False,True
LOWVOL10,common_10_20_40_exact_sample,47,2025-02-19,UNIVERSE,0.00795547153227607,0.5657986716352501,54,54,1.0,54,1.0,True,LOWVOL20,VOL20,20,21,20_baseline_calendar_entries,20,True,False,True,False,False,False,True
LOWVOL10,common_10_20_40_exact_sample,47,2025-02-19,Q5-Q1,0.134673551037032,-0.30308421781341355,54,54,1.0,54,1.0,True,LOWVOL20,VOL20,20,21,20_baseline_calendar_entries,20,True,False,True,False,False,False,True
LOWVOL10,common_10_20_40_exact_sample,47,2025-02-19,Q5-UNIVERSE,0.08588338168920662,-0.17973368706620052,54,54,1.0,54,1.0,True,LOWVOL20,VOL20,20,21,20_baseline_calendar_entries,20,True,False,True,False,False,False,True
LOWVOL10,common_10_20_40_exact_sample,48,2025-03-19,Q1,-0.18594831430302888,0.7742380837037537,11,11,1.0,11,1.0,True,LOWVOL20,VOL20,20,21,20_baseline_calendar_entries,20,True,False,True,False,False,False,True
LOWVOL10,common_10_20_40_exact_sample,48,2025-03-19,Q2,-0.15958593666896193,0.6564218287701933,11,11,1.0,11,1.0,True,LOWVOL20,VOL20,20,21,20_baseline_calendar_entries,20,True,False,True,False,False,False,True
LOWVOL10,common_10_20_40_exact_sample,48,2025-03-19,Q3,-0.17194607598333123,0.6595377374639257,11,11,1.0,11,1.0,True,LOWVOL20,VOL20,20,21,20_baseline_calendar_entries,20,True,False,True,False,False,False,True
LOWVOL10,common_10_20_40_exact_sample,48,2025-03-19,Q4,-0.14647883354520871,0.5671985176388706,11,11,1.0,11,1.0,True,LOWVOL20,VOL20,20,21,20_baseline_calendar_entries,20,True,False,True,False,False,False,True
LOWVOL10,common_10_20_40_exact_sample,48,2025-03-19,Q5,-0.11855051687063108,0.5239813380701772,10,10,1.0,10,1.0,True,LOWVOL20,VOL20,20,21,20_baseline_calendar_entries,20,True,False,True,False,False,False,True
LOWVOL10,common_10_20_40_exact_sample,48,2025-03-19,UNIVERSE,-0.1572047395224472,0.6383550226675176,54,54,1.0,54,1.0,True,LOWVOL20,VOL20,20,21,20_baseline_calendar_entries,20,True,False,True,False,False,False,True
LOWVOL10,common_10_20_40_exact_sample,48,2025-03-19,Q5-Q1,0.06739779743239781,-0.25025674563357647,54,54,1.0,54,1.0,True,LOWVOL20,VOL20,20,21,20_baseline_calendar_entries,20,True,False,True,False,False,False,True
LOWVOL10,common_10_20_40_exact_sample,48,2025-03-19,Q5-UNIVERSE,0.03865422265181613,-0.11437368459734043,54,54,1.0,54,1.0,True,LOWVOL20,VOL20,20,21,20_baseline_calendar_entries,20,True,False,True,False,False,False,True
LOWVOL10,common_10_20_40_exact_sample,49,2025-04-17,Q1,0.0909136653889555,0.48651906275032614,11,11,1.0,11,1.0,True,LOWVOL20,VOL20,20,21,20_baseline_calendar_entries,20,True,False,True,False,False,False,True
LOWVOL10,common_10_20_40_exact_sample,49,2025-04-17,Q2,0.0430590454157925,0.47071533944881044,11,11,1.0,11,1.0,True,LOWVOL20,VOL20,20,21,20_baseline_calendar_entries,20,True,False,True,False,False,False,True
LOWVOL10,common_10_20_40_exact_sample,49,2025-04-17,Q3,0.0729163876240691,0.4654239821009513,11,11,1.0,11,1.0,True,LOWVOL20,VOL20,20,21,20_baseline_calendar_entries,20,True,False,True,False,False,False,True
LOWVOL10,common_10_20_40_exact_sample,49,2025-04-17,Q4,0.07182610135511294,0.33977117830332254,11,11,1.0,11,1.0,True,LOWVOL20,VOL20,20,21,20_baseline_calendar_entries,20,True,False,True,False,False,False,True
LOWVOL10,common_10_20_40_exact_sample,49,2025-04-17,Q5,0.047298055381521785,0.3098040607561051,10,10,1.0,10,1.0,True,LOWVOL20,VOL20,20,21,20_baseline_calendar_entries,20,True,False,True,False,False,False,True
LOWVOL10,common_10_20_40_exact_sample,49,2025-04-17,UNIVERSE,0.06553421761923052,0.416384551781455,54,54,1.0,54,1.0,True,LOWVOL20,VOL20,20,21,20_baseline_calendar_entries,20,True,False,True,False,False,False,True
LOWVOL10,common_10_20_40_exact_sample,49,2025-04-17,Q5-Q1,-0.04361561000743371,-0.17671500199422102,54,54,1.0,54,1.0,True,LOWVOL20,VOL20,20,21,20_baseline_calendar_entries,20,True,False,True,False,False,False,True
LOWVOL10,common_10_20_40_exact_sample,49,2025-04-17,Q5-UNIVERSE,-0.018236162237708735,-0.10658049102534989,54,54,1.0,54,1.0,True,LOWVOL20,VOL20,20,21,20_baseline_calendar_entries,20,True,False,True,False,False,False,True
LOWVOL10,common_10_20_40_exact_sample,50,2025-05-20,Q1,-0.03416704641454114,0.4473404194376878,11,11,1.0,11,1.0,True,LOWVOL20,VOL20,20,21,20_baseline_calendar_entries,20,True,False,True,False,False,False,True
LOWVOL10,common_10_20_40_exact_sample,50,2025-05-20,Q2,0.03738211807194145,0.40125440364035275,11,11,1.0,11,1.0,True,LOWVOL20,VOL20,20,21,20_baseline_calendar_entries,20,True,False,True,False,False,False,True
LOWVOL10,common_10_20_40_exact_sample,50,2025-05-20,Q3,0.036168524677009796,0.349778376149278,11,11,1.0,11,1.0,True,LOWVOL20,VOL20,20,21,20_baseline_calendar_entries,20,True,False,True,False,False,False,True
LOWVOL10,common_10_20_40_exact_sample,50,2025-05-20,Q4,-0.012639105041084443,0.2873631809883544,11,11,1.0,11,1.0,True,LOWVOL20,VOL20,20,21,20_baseline_calendar_entries,20,True,False,True,False,False,False,True
LOWVOL10,common_10_20_40_exact_sample,50,2025-05-20,Q5,0.06978814547356313,0.32384245315674215,10,10,1.0,10,1.0,True,LOWVOL20,VOL20,20,21,20_baseline_calendar_entries,20,True,False,True,False,False,False,True
LOWVOL10,common_10_20_40_exact_sample,50,2025-05-20,UNIVERSE,0.01837168257337433,0.36262082803592266,54,54,1.0,54,1.0,True,LOWVOL20,VOL20,20,21,20_baseline_calendar_entries,20,True,False,True,False,False,False,True
LOWVOL10,common_10_20_40_exact_sample,50,2025-05-20,Q5-Q1,0.10395519188810426,-0.12349796628094567,54,54,1.0,54,1.0,True,LOWVOL20,VOL20,20,21,20_baseline_calendar_entries,20,True,False,True,False,False,False,True
LOWVOL10,common_10_20_40_exact_sample,50,2025-05-20,Q5-UNIVERSE,0.051416462900188795,-0.03877837487918051,54,54,1.0,54,1.0,True,LOWVOL20,VOL20,20,21,20_baseline_calendar_entries,20,True,False,True,False,False,False,True
LOWVOL10,common_10_20_40_exact_sample,51,2025-06-18,Q1,0.12781687620754764,0.6038331231008949,11,11,1.0,11,1.0,True,LOWVOL20,VOL20,20,21,20_baseline_calendar_entries,20,True,False,True,False,False,False,True
LOWVOL10,common_10_20_40_exact_sample,51,2025-06-18,Q2,0.08556697974192048,0.3507861999930634,11,11,1.0,11,1.0,True,LOWVOL20,VOL20,20,21,20_baseline_calendar_entries,20,True,False,True,False,False,False,True
LOWVOL10,common_10_20_40_exact_sample,51,2025-06-18,Q3,0.10177324761681503,0.42634783727175685,11,11,1.0,11,1.0,True,LOWVOL20,VOL20,20,21,20_baseline_calendar_entries,20,True,False,True,False,False,False,True
LOWVOL10,common_10_20_40_exact_sample,51,2025-06-18,Q4,0.05803465719710019,0.2946586233533361,11,11,1.0,11,1.0,True,LOWVOL20,VOL20,20,21,20_baseline_calendar_entries,20,True,False,True,False,False,False,True
LOWVOL10,common_10_20_40_exact_sample,51,2025-06-18,Q5,0.061260390528055444,0.235173917871981,10,10,1.0,10,1.0,True,LOWVOL20,VOL20,20,21,20_baseline_calendar_entries,20,True,False,True,False,False,False,True
LOWVOL10,common_10_20_40_exact_sample,51,2025-06-18,UNIVERSE,0.08736506062366244,0.38488190369684017,54,54,1.0,54,1.0,True,LOWVOL20,VOL20,20,21,20_baseline_calendar_entries,20,True,False,True,False,False,False,True
LOWVOL10,common_10_20_40_exact_sample,51,2025-06-18,Q5-Q1,-0.0665564856794922,-0.3686592052289139,54,54,1.0,54,1.0,True,LOWVOL20,VOL20,20,21,20_baseline_calendar_entries,20,True,False,True,False,False,False,True
LOWVOL10,common_10_20_40_exact_sample,51,2025-06-18,Q5-UNIVERSE,-0.02610467009560699,-0.14970798582485917,54,54,1.0,54,1.0,True,LOWVOL20,VOL20,20,21,20_baseline_calendar_entries,20,True,False,True,False,False,False,True
LOWVOL10,common_10_20_40_exact_sample,52,2025-07-16,Q1,-0.00020073177848200054,0.4011463943736833,11,11,1.0,11,1.0,True,LOWVOL20,VOL20,20,21,20_baseline_calendar_entries,20,True,False,True,False,False,False,True
LOWVOL10,common_10_20_40_exact_sample,52,2025-07-16,Q2,0.08535235136689882,0.4040165601649111,11,11,1.0,11,1.0,True,LOWVOL20,VOL20,20,21,20_baseline_calendar_entries,20,True,False,True,False,False,False,True
LOWVOL10,common_10_20_40_exact_sample,52,2025-07-16,Q3,0.1428639557701852,0.3711152859752938,11,11,1.0,11,1.0,True,LOWVOL20,VOL20,20,21,20_baseline_calendar_entries,20,True,False,True,False,False,False,True
LOWVOL10,common_10_20_40_exact_sample,52,2025-07-16,Q4,0.09736880594648369,0.3290629452424189,11,11,1.0,11,1.0,True,LOWVOL20,VOL20,20,21,20_baseline_calendar_entries,20,True,False,True,False,False,False,True
LOWVOL10,common_10_20_40_exact_sample,52,2025-07-16,Q5,0.06735099612562287,0.2507655759702649,10,10,1.0,10,1.0,True,LOWVOL20,VOL20,20,21,20_baseline_calendar_entries,20,True,False,True,False,False,False,True
LOWVOL10,common_10_20_40_exact_sample,52,2025-07-16,UNIVERSE,0.0787544102891143,0.3530816445004079,54,54,1.0,54,1.0,True,LOWVOL20,VOL20,20,21,20_baseline_calendar_entries,20,True,False,True,False,False,False,True
LOWVOL10,common_10_20_40_exact_sample,52,2025-07-16,Q5-Q1,0.06755172790410487,-0.15038081840341844,54,54,1.0,54,1.0,True,LOWVOL20,VOL20,20,21,20_baseline_calendar_entries,20,True,False,True,False,False,False,True
LOWVOL10,common_10_20_40_exact_sample,52,2025-07-16,Q5-UNIVERSE,-0.01140341416349143,-0.10231606853014302,54,54,1.0,54,1.0,True,LOWVOL20,VOL20,20,21,20_baseline_calendar_entries,20,True,False,True,False,False,False,True
LOWVOL10,common_10_20_40_exact_sample,53,2025-08-13,Q1,0.028173987798553714,0.5024737659125093,11,11,1.0,11,1.0,True,LOWVOL20,VOL20,20,21,20_baseline_calendar_entries,20,True,False,True,False,False,False,True
LOWVOL10,common_10_20_40_exact_sample,53,2025-08-13,Q2,0.06289332885550115,0.6479627907565741,11,11,1.0,11,1.0,True,LOWVOL20,VOL20,20,21,20_baseline_calendar_entries,20,True,False,True,False,False,False,True
LOWVOL10,common_10_20_40_exact_sample,53,2025-08-13,Q3,-0.04350322912306393,0.4727208032869696,11,11,1.0,11,1.0,True,LOWVOL20,VOL20,20,21,20_baseline_calendar_entries,20,True,False,True,False,False,False,True
LOWVOL10,common_10_20_40_exact_sample,53,2025-08-13,Q4,0.03325490659986787,0.5410687800041172,11,11,1.0,11,1.0,True,LOWVOL20,VOL20,20,21,20_baseline_calendar_entries,20,True,False,True,False,False,False,True
LOWVOL10,common_10_20_40_exact_sample,53,2025-08-13,Q5,0.07498286839508993,0.5195322622874374,10,10,1.0,10,1.0,True,LOWVOL20,VOL20,20,21,20_baseline_calendar_entries,20,True,False,True,False,False,False,True
LOWVOL10,common_10_20_40_exact_sample,53,2025-08-13,UNIVERSE,0.030348844803524934,0.5370705585636341,54,54,1.0,54,1.0,True,LOWVOL20,VOL20,20,21,20_baseline_calendar_entries,20,True,False,True,False,False,False,True
LOWVOL10,common_10_20_40_exact_sample,53,2025-08-13,Q5-Q1,0.04680888059653621,0.017058496374928178,54,54,1.0,54,1.0,True,LOWVOL20,VOL20,20,21,20_baseline_calendar_entries,20,True,False,True,False,False,False,True
LOWVOL10,common_10_20_40_exact_sample,53,2025-08-13,Q5-UNIVERSE,0.04463402359156499,-0.01753829627619663,54,54,1.0,54,1.0,True,LOWVOL20,VOL20,20,21,20_baseline_calendar_entries,20,True,False,True,False,False,False,True
LOWVOL10,common_10_20_40_exact_sample,54,2025-09-10,Q1,0.030511266829681458,0.5338043582306647,11,11,1.0,11,1.0,True,LOWVOL20,VOL20,20,21,20_baseline_calendar_entries,20,True,False,True,False,False,False,True
LOWVOL10,common_10_20_40_exact_sample,54,2025-09-10,Q2,0.049490434124247605,0.5398624895876126,11,11,1.0,11,1.0,True,LOWVOL20,VOL20,20,21,20_baseline_calendar_entries,20,True,False,True,False,False,False,True
LOWVOL10,common_10_20_40_exact_sample,54,2025-09-10,Q3,-0.009825558437215583,0.4172851128157058,11,11,1.0,11,1.0,True,LOWVOL20,VOL20,20,21,20_baseline_calendar_entries,20,True,False,True,False,False,False,True
LOWVOL10,common_10_20_40_exact_sample,54,2025-09-10,Q4,0.01634065513110988,0.38957357773079687,11,11,1.0,11,1.0,True,LOWVOL20,VOL20,20,21,20_baseline_calendar_entries,20,True,False,True,False,False,False,True
LOWVOL10,common_10_20_40_exact_sample,54,2025-09-10,Q5,0.005902942586234028,0.41790733212945125,10,10,1.0,10,1.0,True,LOWVOL20,VOL20,20,21,20_baseline_calendar_entries,20,True,False,True,False,False,False,True
LOWVOL10,common_10_20_40_exact_sample,54,2025-09-10,UNIVERSE,0.01871692962941476,0.46046026376494625,54,54,1.0,54,1.0,True,LOWVOL20,VOL20,20,21,20_baseline_calendar_entries,20,True,False,True,False,False,False,True
LOWVOL10,common_10_20_40_exact_sample,54,2025-09-10,Q5-Q1,-0.02460832424344743,-0.1158970261012135,54,54,1.0,54,1.0,True,LOWVOL20,VOL20,20,21,20_baseline_calendar_entries,20,True,False,True,False,False,False,True
LOWVOL10,common_10_20_40_exact_sample,54,2025-09-10,Q5-UNIVERSE,-0.012813987043180732,-0.042552931635495006,54,54,1.0,54,1.0,True,LOWVOL20,VOL20,20,21,20_baseline_calendar_entries,20,True,False,True,False,False,False,True
LOWVOL10,common_10_20_40_exact_sample,55,2025-10-16,Q1,-0.0567046491300962,0.4631288302155887,11,11,1.0,11,1.0,True,LOWVOL20,VOL20,20,21,20_baseline_calendar_entries,20,True,False,True,False,False,False,True
LOWVOL10,common_10_20_40_exact_sample,55,2025-10-16,Q2,-0.04315967857891892,0.37194554802135077,11,11,1.0,11,1.0,True,LOWVOL20,VOL20,20,21,20_baseline_calendar_entries,20,True,False,True,False,False,False,True
LOWVOL10,common_10_20_40_exact_sample,55,2025-10-16,Q3,-0.055122383159254856,0.39164201006348537,11,11,1.0,11,1.0,True,LOWVOL20,VOL20,20,21,20_baseline_calendar_entries,20,True,False,True,False,False,False,True
LOWVOL10,common_10_20_40_exact_sample,55,2025-10-16,Q4,0.02955657546236873,0.35728235667488123,11,11,1.0,11,1.0,True,LOWVOL20,VOL20,20,21,20_baseline_calendar_entries,20,True,False,True,False,False,False,True
LOWVOL10,common_10_20_40_exact_sample,55,2025-10-16,Q5,0.01850721151321304,0.2875911776455217,10,10,1.0,10,1.0,True,LOWVOL20,VOL20,20,21,20_baseline_calendar_entries,20,True,False,True,False,False,False,True
LOWVOL10,common_10_20_40_exact_sample,55,2025-10-16,UNIVERSE,-0.022123321746903395,0.37592403650339973,54,54,1.0,54,1.0,True,LOWVOL20,VOL20,20,21,20_baseline_calendar_entries,20,True,False,True,False,False,False,True
LOWVOL10,common_10_20_40_exact_sample,55,2025-10-16,Q5-Q1,0.07521186064330924,-0.17553765257006698,54,54,1.0,54,1.0,True,LOWVOL20,VOL20,20,21,20_baseline_calendar_entries,20,True,False,True,False,False,False,True
LOWVOL10,common_10_20_40_exact_sample,55,2025-10-16,Q5-UNIVERSE,0.04063053326011644,-0.088332858857878,54,54,1.0,54,1.0,True,LOWVOL20,VOL20,20,21,20_baseline_calendar_entries,20,True,False,True,False,False,False,True
LOWVOL10,common_10_20_40_exact_sample,56,2025-11-13,Q1,0.031971248231478525,0.5537422660350623,11,11,1.0,11,1.0,True,LOWVOL20,VOL20,20,21,20_baseline_calendar_entries,20,True,False,True,False,False,False,True
LOWVOL10,common_10_20_40_exact_sample,56,2025-11-13,Q2,-0.046915025241285324,0.4198233872317513,11,11,1.0,11,1.0,True,LOWVOL20,VOL20,20,21,20_baseline_calendar_entries,20,True,False,True,False,False,False,True
LOWVOL10,common_10_20_40_exact_sample,56,2025-11-13,Q3,-0.00531088358053205,0.447927309006514,11,11,1.0,11,1.0,True,LOWVOL20,VOL20,20,21,20_baseline_calendar_entries,20,True,False,True,False,False,False,True
LOWVOL10,common_10_20_40_exact_sample,56,2025-11-13,Q4,-0.03205204271410813,0.3397916573289526,11,11,1.0,11,1.0,True,LOWVOL20,VOL20,20,21,20_baseline_calendar_entries,20,True,False,True,False,False,False,True
LOWVOL10,common_10_20_40_exact_sample,56,2025-11-13,Q5,-0.017902577001929966,0.31535508023317954,10,10,1.0,10,1.0,True,LOWVOL20,VOL20,20,21,20_baseline_calendar_entries,20,True,False,True,False,False,False,True
LOWVOL10,common_10_20_40_exact_sample,56,2025-11-13,UNIVERSE,-0.013970361229041047,0.4171792892214236,54,54,1.0,54,1.0,True,LOWVOL20,VOL20,20,21,20_baseline_calendar_entries,20,True,False,True,False,False,False,True
LOWVOL10,common_10_20_40_exact_sample,56,2025-11-13,Q5-Q1,-0.04987382523340849,-0.23838718580188273,54,54,1.0,54,1.0,True,LOWVOL20,VOL20,20,21,20_baseline_calendar_entries,20,True,False,True,False,False,False,True
LOWVOL10,common_10_20_40_exact_sample,56,2025-11-13,Q5-UNIVERSE,-0.003932215772888919,-0.10182420898824407,54,54,1.0,54,1.0,True,LOWVOL20,VOL20,20,21,20_baseline_calendar_entries,20,True,False,True,False,False,False,True
LOWVOL20,common_10_20_40_exact_sample,1,2021-04-29,Q1,,,0,0,0.0,0,0.0,True,LOWVOL20,VOL20,20,21,20_baseline_calendar_entries,20,True,False,True,False,False,False,True
LOWVOL20,common_10_20_40_exact_sample,1,2021-04-29,Q2,,,0,0,0.0,0,0.0,True,LOWVOL20,VOL20,20,21,20_baseline_calendar_entries,20,True,False,True,False,False,False,True
LOWVOL20,common_10_20_40_exact_sample,1,2021-04-29,Q3,,,0,0,0.0,0,0.0,True,LOWVOL20,VOL20,20,21,20_baseline_calendar_entries,20,True,False,True,False,False,False,True
LOWVOL20,common_10_20_40_exact_sample,1,2021-04-29,Q4,,,0,0,0.0,0,0.0,True,LOWVOL20,VOL20,20,21,20_baseline_calendar_entries,20,True,False,True,False,False,False,True
LOWVOL20,common_10_20_40_exact_sample,1,2021-04-29,Q5,,,0,0,0.0,0,0.0,True,LOWVOL20,VOL20,20,21,20_baseline_calendar_entries,20,True,False,True,False,False,False,True
LOWVOL20,common_10_20_40_exact_sample,1,2021-04-29,UNIVERSE,0.03183315038419332,0.3986665192898153,1,1,1.0,1,1.0,True,LOWVOL20,VOL20,20,21,20_baseline_calendar_entries,20,True,False,True,False,False,False,True
LOWVOL20,common_10_20_40_exact_sample,1,2021-04-29,Q5-Q1,,,1,1,1.0,1,1.0,True,LOWVOL20,VOL20,20,21,20_baseline_calendar_entries,20,True,False,True,False,False,False,True
LOWVOL20,common_10_20_40_exact_sample,1,2021-04-29,Q5-UNIVERSE,,,1,1,1.0,1,1.0,True,LOWVOL20,VOL20,20,21,20_baseline_calendar_entries,20,True,False,True,False,False,False,True
LOWVOL20,common_10_20_40_exact_sample,2,2021-06-01,Q1,0.22471229415455155,0.6132958536363333,10,10,1.0,9,0.9,True,LOWVOL20,VOL20,20,21,20_baseline_calendar_entries,20,True,False,True,False,False,False,True
LOWVOL20,common_10_20_40_exact_sample,2,2021-06-01,Q2,-0.0143875493194619,0.4367983023301084,10,10,1.0,10,1.0,True,LOWVOL20,VOL20,20,21,20_baseline_calendar_entries,20,True,False,True,False,False,False,True
LOWVOL20,common_10_20_40_exact_sample,2,2021-06-01,Q3,0.05848298104850443,0.49130192934667405,9,9,1.0,9,1.0,True,LOWVOL20,VOL20,20,21,20_baseline_calendar_entries,20,True,False,True,False,False,False,True
LOWVOL20,common_10_20_40_exact_sample,2,2021-06-01,Q4,0.01605514135291793,0.3254040618299287,9,9,1.0,9,1.0,True,LOWVOL20,VOL20,20,21,20_baseline_calendar_entries,20,True,False,True,False,False,False,True
LOWVOL20,common_10_20_40_exact_sample,2,2021-06-01,Q5,0.029766513676483072,0.4104651809592023,9,9,1.0,9,1.0,True,LOWVOL20,VOL20,20,21,20_baseline_calendar_entries,20,True,False,True,False,False,False,True
LOWVOL20,common_10_20_40_exact_sample,2,2021-06-01,UNIVERSE,0.06472317389472436,0.45504752728805065,47,47,1.0,46,0.9787234042553191,True,LOWVOL20,VOL20,20,21,20_baseline_calendar_entries,20,True,False,True,False,False,False,True
LOWVOL20,common_10_20_40_exact_sample,2,2021-06-01,Q5-Q1,-0.1949457804780685,-0.202830672677131,47,47,1.0,46,0.9787234042553191,True,LOWVOL20,VOL20,20,21,20_baseline_calendar_entries,20,True,False,True,False,False,False,True
LOWVOL20,common_10_20_40_exact_sample,2,2021-06-01,Q5-UNIVERSE,-0.03495666021824129,-0.04458234632884833,47,47,1.0,46,0.9787234042553191,True,LOWVOL20,VOL20,20,21,20_baseline_calendar_entries,20,True,False,True,False,False,False,True
LOWVOL20,common_10_20_40_exact_sample,3,2021-06-30,Q1,-0.04936402542290389,0.5483322814974252,10,10,1.0,10,1.0,True,LOWVOL20,VOL20,20,21,20_baseline_calendar_entries,20,True,False,True,False,False,False,True
LOWVOL20,common_10_20_40_exact_sample,3,2021-06-30,Q2,0.01833187966745762,0.5836972550840043,10,10,1.0,10,1.0,True,LOWVOL20,VOL20,20,21,20_baseline_calendar_entries,20,True,False,True,False,False,False,True
LOWVOL20,common_10_20_40_exact_sample,3,2021-06-30,Q3,-0.10476321771471059,0.48652633349900637,9,9,1.0,9,1.0,True,LOWVOL20,VOL20,20,21,20_baseline_calendar_entries,20,True,False,True,False,False,False,True
LOWVOL20,common_10_20_40_exact_sample,3,2021-06-30,Q4,-0.06054545061143606,0.33937679766341833,9,9,1.0,9,1.0,True,LOWVOL20,VOL20,20,21,20_baseline_calendar_entries,20,True,False,True,False,False,False,True
LOWVOL20,common_10_20_40_exact_sample,3,2021-06-30,Q5,-0.021965843856695238,0.36150576196828,9,9,1.0,9,1.0,True,LOWVOL20,VOL20,20,21,20_baseline_calendar_entries,20,True,False,True,False,False,False,True
LOWVOL20,common_10_20_40_exact_sample,3,2021-06-30,UNIVERSE,-0.04246366100425616,0.46823351923384327,47,47,1.0,47,1.0,True,LOWVOL20,VOL20,20,21,20_baseline_calendar_entries,20,True,False,True,False,False,False,True
LOWVOL20,common_10_20_40_exact_sample,3,2021-06-30,Q5-Q1,0.027398181566208653,-0.1868265195291452,47,47,1.0,47,1.0,True,LOWVOL20,VOL20,20,21,20_baseline_calendar_entries,20,True,False,True,False,False,False,True
LOWVOL20,common_10_20_40_exact_sample,3,2021-06-30,Q5-UNIVERSE,0.02049781714756092,-0.10672775726556327,47,47,1.0,47,1.0,True,LOWVOL20,VOL20,20,21,20_baseline_calendar_entries,20,True,False,True,False,False,False,True
LOWVOL20,common_10_20_40_exact_sample,4,2021-07-28,Q1,0.08030273050445072,0.6174264108299237,10,10,1.0,10,1.0,True,LOWVOL20,VOL20,20,21,20_baseline_calendar_entries,20,True,False,True,False,False,False,True
LOWVOL20,common_10_20_40_exact_sample,4,2021-07-28,Q2,0.14659355256101306,0.6163460724705389,10,10,1.0,10,1.0,True,LOWVOL20,VOL20,20,21,20_baseline_calendar_entries,20,True,False,True,False,False,False,True
LOWVOL20,common_10_20_40_exact_sample,4,2021-07-28,Q3,0.07607465286831328,0.4136446846070831,9,9,1.0,9,1.0,True,LOWVOL20,VOL20,20,21,20_baseline_calendar_entries,20,True,False,True,False,False,False,True
LOWVOL20,common_10_20_40_exact_sample,4,2021-07-28,Q4,0.12350225163287656,0.45543598403203106,9,9,1.0,9,1.0,True,LOWVOL20,VOL20,20,21,20_baseline_calendar_entries,20,True,False,True,False,False,False,True
LOWVOL20,common_10_20_40_exact_sample,4,2021-07-28,Q5,0.07512207576512114,0.3604877974688202,9,9,1.0,9,1.0,True,LOWVOL20,VOL20,20,21,20_baseline_calendar_entries,20,True,False,True,False,False,False,True
LOWVOL20,common_10_20_40_exact_sample,4,2021-07-28,UNIVERSE,0.10087773729896675,0.49795406442502205,47,47,1.0,47,1.0,True,LOWVOL20,VOL20,20,21,20_baseline_calendar_entries,20,True,False,True,False,False,False,True
LOWVOL20,common_10_20_40_exact_sample,4,2021-07-28,Q5-Q1,-0.0051806547393295765,-0.25693861336110346,47,47,1.0,47,1.0,True,LOWVOL20,VOL20,20,21,20_baseline_calendar_entries,20,True,False,True,False,False,False,True
LOWVOL20,common_10_20_40_exact_sample,4,2021-07-28,Q5-UNIVERSE,-0.025755661533845606,-0.13746626695620184,47,47,1.0,47,1.0,True,LOWVOL20,VOL20,20,21,20_baseline_calendar_entries,20,True,False,True,False,False,False,True
LOWVOL20,common_10_20_40_exact_sample,5,2021-08-25,Q1,-0.08204973197293755,0.5895304245919906,10,10,1.0,10,1.0,True,LOWVOL20,VOL20,20,21,20_baseline_calendar_entries,20,True,False,True,False,False,False,True
LOWVOL20,common_10_20_40_exact_sample,5,2021-08-25,Q2,-0.03492013529971298,0.5114749682000473,10,10,1.0,10,1.0,True,LOWVOL20,VOL20,20,21,20_baseline_calendar_entries,20,True,False,True,False,False,False,True
LOWVOL20,common_10_20_40_exact_sample,5,2021-08-25,Q3,-0.030266188155743768,0.4145607806178254,10,10,1.0,10,1.0,True,LOWVOL20,VOL20,20,21,20_baseline_calendar_entries,20,True,False,True,False,False,False,True
LOWVOL20,common_10_20_40_exact_sample,5,2021-08-25,Q4,-0.007177765701382399,0.3735599921505962,10,10,1.0,10,1.0,True,LOWVOL20,VOL20,20,21,20_baseline_calendar_entries,20,True,False,True,False,False,False,True
LOWVOL20,common_10_20_40_exact_sample,5,2021-08-25,Q5,0.043177605762363805,0.40384684719423936,10,10,1.0,10,1.0,True,LOWVOL20,VOL20,20,21,20_baseline_calendar_entries,20,True,False,True,False,False,False,True
LOWVOL20,common_10_20_40_exact_sample,5,2021-08-25,UNIVERSE,-0.02224724307348258,0.45859460255093987,50,50,1.0,50,1.0,True,LOWVOL20,VOL20,20,21,20_baseline_calendar_entries,20,True,False,True,False,False,False,True
LOWVOL20,common_10_20_40_exact_sample,5,2021-08-25,Q5-Q1,0.12522733773530137,-0.1856835773977512,50,50,1.0,50,1.0,True,LOWVOL20,VOL20,20,21,20_baseline_calendar_entries,20,True,False,True,False,False,False,True
LOWVOL20,common_10_20_40_exact_sample,5,2021-08-25,Q5-UNIVERSE,0.06542484883584639,-0.05474775535670051,50,50,1.0,50,1.0,True,LOWVOL20,VOL20,20,21,20_baseline_calendar_entries,20,True,False,True,False,False,False,True
LOWVOL20,common_10_20_40_exact_sample,6,2021-09-24,Q1,-0.042802487958072954,0.6501543480729561,10,10,1.0,10,1.0,True,LOWVOL20,VOL20,20,21,20_baseline_calendar_entries,20,True,False,True,False,False,False,True
LOWVOL20,common_10_20_40_exact_sample,6,2021-09-24,Q2,-0.007412064561667153,0.5577081153268694,10,10,1.0,10,1.0,True,LOWVOL20,VOL20,20,21,20_baseline_calendar_entries,20,True,False,True,False,False,False,True
LOWVOL20,common_10_20_40_exact_sample,6,2021-09-24,Q3,-0.03564705077371588,0.4642954112196083,10,10,1.0,10,1.0,True,LOWVOL20,VOL20,20,21,20_baseline_calendar_entries,20,True,False,True,False,False,False,True
LOWVOL20,common_10_20_40_exact_sample,6,2021-09-24,Q4,-0.041363527387454344,0.4027130710259052,10,10,1.0,10,1.0,True,LOWVOL20,VOL20,20,21,20_baseline_calendar_entries,20,True,False,True,False,False,False,True
LOWVOL20,common_10_20_40_exact_sample,6,2021-09-24,Q5,-0.07047088735616285,0.33252361960993404,10,10,1.0,10,1.0,True,LOWVOL20,VOL20,20,21,20_baseline_calendar_entries,20,True,False,True,False,False,False,True
LOWVOL20,common_10_20_40_exact_sample,6,2021-09-24,UNIVERSE,-0.039539203607414634,0.4814789130510546,50,50,1.0,50,1.0,True,LOWVOL20,VOL20,20,21,20_baseline_calendar_entries,20,True,False,True,False,False,False,True
LOWVOL20,common_10_20_40_exact_sample,6,2021-09-24,Q5-Q1,-0.02766839939808989,-0.3176307284630221,50,50,1.0,50,1.0,True,LOWVOL20,VOL20,20,21,20_baseline_calendar_entries,20,True,False,True,False,False,False,True
LOWVOL20,common_10_20_40_exact_sample,6,2021-09-24,Q5-UNIVERSE,-0.03093168374874821,-0.14895529344112057,50,50,1.0,50,1.0,True,LOWVOL20,VOL20,20,21,20_baseline_calendar_entries,20,True,False,True,False,False,False,True
LOWVOL20,common_10_20_40_exact_sample,7,2021-10-29,Q1,0.09074760912420142,0.46971193387290633,11,11,1.0,11,1.0,True,LOWVOL20,VOL20,20,21,20_baseline_calendar_entries,20,True,False,True,False,False,False,True
LOWVOL20,common_10_20_40_exact_sample,7,2021-10-29,Q2,0.19890198191958872,0.5581442895046055,10,10,1.0,10,1.0,True,LOWVOL20,VOL20,20,21,20_baseline_calendar_entries,20,True,False,True,False,False,False,True
LOWVOL20,common_10_20_40_exact_sample,7,2021-10-29,Q3,0.06864659509215582,0.42875731693901764,10,10,1.0,10,1.0,True,LOWVOL20,VOL20,20,21,20_baseline_calendar_entries,20,True,False,True,False,False,False,True
LOWVOL20,common_10_20_40_exact_sample,7,2021-10-29,Q4,0.09123268650549039,0.3593446820384978,10,10,1.0,10,1.0,True,LOWVOL20,VOL20,20,21,20_baseline_calendar_entries,20,True,False,True,False,False,False,True
LOWVOL20,common_10_20_40_exact_sample,7,2021-10-29,Q5,0.09011788887955545,0.26464486108863783,10,10,1.0,10,1.0,True,LOWVOL20,VOL20,20,21,20_baseline_calendar_entries,20,True,False,True,False,False,False,True
LOWVOL20,common_10_20_40_exact_sample,7,2021-10-29,UNIVERSE,0.1075924553791004,0.4171714268295992,51,51,1.0,51,1.0,True,LOWVOL20,VOL20,20,21,20_baseline_calendar_entries,20,True,False,True,False,False,False,True
LOWVOL20,common_10_20_40_exact_sample,7,2021-10-29,Q5-Q1,-0.0006297202446459704,-0.2050670727842685,51,51,1.0,51,1.0,True,LOWVOL20,VOL20,20,21,20_baseline_calendar_entries,20,True,False,True,False,False,False,True
LOWVOL20,common_10_20_40_exact_sample,7,2021-10-29,Q5-UNIVERSE,-0.017474566499544944,-0.15252656574096135,51,51,1.0,51,1.0,True,LOWVOL20,VOL20,20,21,20_baseline_calendar_entries,20,True,False,True,False,False,False,True
LOWVOL20,common_10_20_40_exact_sample,8,2021-11-26,Q1,0.048555164142150976,0.5581402661033589,11,11,1.0,11,1.0,True,LOWVOL20,VOL20,20,21,20_baseline_calendar_entries,20,True,False,True,False,False,False,True
LOWVOL20,common_10_20_40_exact_sample,8,2021-11-26,Q2,-0.0203907527621505,0.47087815266620325,10,10,1.0,10,1.0,True,LOWVOL20,VOL20,20,21,20_baseline_calendar_entries,20,True,False,True,False,False,False,True
LOWVOL20,common_10_20_40_exact_sample,8,2021-11-26,Q3,-0.03823506483081261,0.38537887980440677,10,10,1.0,10,1.0,True,LOWVOL20,VOL20,20,21,20_baseline_calendar_entries,20,True,False,True,False,False,False,True
LOWVOL20,common_10_20_40_exact_sample,8,2021-11-26,Q4,0.03301479989569196,0.4401838571785728,10,10,1.0,10,1.0,True,LOWVOL20,VOL20,20,21,20_baseline_calendar_entries,20,True,False,True,False,False,False,True
LOWVOL20,common_10_20_40_exact_sample,8,2021-11-26,Q5,-0.0011506534483173847,0.2879223309962079,10,10,1.0,10,1.0,True,LOWVOL20,VOL20,20,21,20_baseline_calendar_entries,20,True,False,True,False,False,False,True
LOWVOL20,common_10_20_40_exact_sample,8,2021-11-26,UNIVERSE,0.0052252959628975556,0.43104264967825207,51,51,1.0,51,1.0,True,LOWVOL20,VOL20,20,21,20_baseline_calendar_entries,20,True,False,True,False,False,False,True
LOWVOL20,common_10_20_40_exact_sample,8,2021-11-26,Q5-Q1,-0.04970581759046836,-0.270217935107151,51,51,1.0,51,1.0,True,LOWVOL20,VOL20,20,21,20_baseline_calendar_entries,20,True,False,True,False,False,False,True
LOWVOL20,common_10_20_40_exact_sample,8,2021-11-26,Q5-UNIVERSE,-0.00637594941121494,-0.14312031868204417,51,51,1.0,51,1.0,True,LOWVOL20,VOL20,20,21,20_baseline_calendar_entries,20,True,False,True,False,False,False,True
LOWVOL20,common_10_20_40_exact_sample,9,2021-12-24,Q1,0.001990775000220622,0.6249117341976081,11,11,1.0,11,1.0,True,LOWVOL20,VOL20,20,21,20_baseline_calendar_entries,20,True,False,True,False,False,False,True
LOWVOL20,common_10_20_40_exact_sample,9,2021-12-24,Q2,0.010672638311067573,0.4817801144312666,10,10,1.0,10,1.0,True,LOWVOL20,VOL20,20,21,20_baseline_calendar_entries,20,True,False,True,False,False,False,True
LOWVOL20,common_10_20_40_exact_sample,9,2021-12-24,Q3,0.07277405365260095,0.4698623265936188,10,10,1.0,10,1.0,True,LOWVOL20,VOL20,20,21,20_baseline_calendar_entries,20,True,False,True,False,False,False,True
LOWVOL20,common_10_20_40_exact_sample,9,2021-12-24,Q4,0.04606809810382665,0.4501506243485379,10,10,1.0,10,1.0,True,LOWVOL20,VOL20,20,21,20_baseline_calendar_entries,20,True,False,True,False,False,False,True
LOWVOL20,common_10_20_40_exact_sample,9,2021-12-24,Q5,0.028656677752905323,0.3376249943371912,10,10,1.0,10,1.0,True,LOWVOL20,VOL20,20,21,20_baseline_calendar_entries,20,True,False,True,False,False,False,True
LOWVOL20,common_10_20_40_exact_sample,9,2021-12-24,UNIVERSE,0.03144339614130259,0.4758472484956831,51,51,1.0,51,1.0,True,LOWVOL20,VOL20,20,21,20_baseline_calendar_entries,20,True,False,True,False,False,False,True
LOWVOL20,common_10_20_40_exact_sample,9,2021-12-24,Q5-Q1,0.0266659027526847,-0.287286739860417,51,51,1.0,51,1.0,True,LOWVOL20,VOL20,20,21,20_baseline_calendar_entries,20,True,False,True,False,False,False,True
LOWVOL20,common_10_20_40_exact_sample,9,2021-12-24,Q5-UNIVERSE,-0.0027867183883972697,-0.13822225415849193,51,51,1.0,51,1.0,True,LOWVOL20,VOL20,20,21,20_baseline_calendar_entries,20,True,False,True,False,False,False,True
LOWVOL20,common_10_20_40_exact_sample,10,2022-01-24,Q1,-0.13423204626428664,0.6072651657901441,11,11,1.0,11,1.0,True,LOWVOL20,VOL20,20,21,20_baseline_calendar_entries,20,True,False,True,False,False,False,True
LOWVOL20,common_10_20_40_exact_sample,10,2022-01-24,Q2,-0.016994567029049768,0.5668383215929224,10,10,1.0,10,1.0,True,LOWVOL20,VOL20,20,21,20_baseline_calendar_entries,20,True,False,True,False,False,False,True
LOWVOL20,common_10_20_40_exact_sample,10,2022-01-24,Q3,-0.09600490483564145,0.49437644869232855,10,10,1.0,10,1.0,True,LOWVOL20,VOL20,20,21,20_baseline_calendar_entries,20,True,False,True,False,False,False,True
LOWVOL20,common_10_20_40_exact_sample,10,2022-01-24,Q4,-0.014994601552590404,0.4886311080514254,10,10,1.0,10,1.0,True,LOWVOL20,VOL20,20,21,20_baseline_calendar_entries,20,True,False,True,False,False,False,True
LOWVOL20,common_10_20_40_exact_sample,10,2022-01-24,Q5,-0.044434741206486064,0.39760313964886035,10,10,1.0,10,1.0,True,LOWVOL20,VOL20,20,21,20_baseline_calendar_entries,20,True,False,True,False,False,False,True
LOWVOL20,common_10_20_40_exact_sample,10,2022-01-24,UNIVERSE,-0.06276158147342803,0.5128315098734696,51,51,1.0,51,1.0,True,LOWVOL20,VOL20,20,21,20_baseline_calendar_entries,20,True,False,True,False,False,False,True
LOWVOL20,common_10_20_40_exact_sample,10,2022-01-24,Q5-Q1,0.08979730505780058,-0.20966202614128376,51,51,1.0,51,1.0,True,LOWVOL20,VOL20,20,21,20_baseline_calendar_entries,20,True,False,True,False,False,False,True
LOWVOL20,common_10_20_40_exact_sample,10,2022-01-24,Q5-UNIVERSE,0.018326840266941966,-0.11522837022460924,51,51,1.0,51,1.0,True,LOWVOL20,VOL20,20,21,20_baseline_calendar_entries,20,True,False,True,False,False,False,True
LOWVOL20,common_10_20_40_exact_sample,11,2022-02-28,Q1,-0.12401532732076291,0.41966236266150414,11,11,1.0,11,1.0,True,LOWVOL20,VOL20,20,21,20_baseline_calendar_entries,20,True,False,True,False,False,False,True
LOWVOL20,common_10_20_40_exact_sample,11,2022-02-28,Q2,-0.10986493706998948,0.44194354783006123,10,10,1.0,10,1.0,True,LOWVOL20,VOL20,20,21,20_baseline_calendar_entries,20,True,False,True,False,False,False,True
LOWVOL20,common_10_20_40_exact_sample,11,2022-02-28,Q3,-0.12005024469816646,0.5136813838417456,10,10,1.0,10,1.0,True,LOWVOL20,VOL20,20,21,20_baseline_calendar_entries,20,True,False,True,False,False,False,True
LOWVOL20,common_10_20_40_exact_sample,11,2022-02-28,Q4,-0.1142458176467875,0.43474740036569115,10,10,1.0,10,1.0,True,LOWVOL20,VOL20,20,21,20_baseline_calendar_entries,20,True,False,True,False,False,False,True
LOWVOL20,common_10_20_40_exact_sample,11,2022-02-28,Q5,-0.09634431706770934,0.44815414817035454,10,10,1.0,10,1.0,True,LOWVOL20,VOL20,20,21,20_baseline_calendar_entries,20,True,False,True,False,False,False,True
LOWVOL20,common_10_20_40_exact_sample,11,2022-02-28,UNIVERSE,-0.11312199539911606,0.4510107998304916,51,51,1.0,51,1.0,True,LOWVOL20,VOL20,20,21,20_baseline_calendar_entries,20,True,False,True,False,False,False,True
LOWVOL20,common_10_20_40_exact_sample,11,2022-02-28,Q5-Q1,0.027671010253053574,0.028491785508850398,51,51,1.0,51,1.0,True,LOWVOL20,VOL20,20,21,20_baseline_calendar_entries,20,True,False,True,False,False,False,True
LOWVOL20,common_10_20_40_exact_sample,11,2022-02-28,Q5-UNIVERSE,0.016777678331406726,-0.002856651660137044,51,51,1.0,51,1.0,True,LOWVOL20,VOL20,20,21,20_baseline_calendar_entries,20,True,False,True,False,False,False,True
LOWVOL20,common_10_20_40_exact_sample,12,2022-03-28,Q1,-0.2473453596342295,0.658816954699181,11,11,1.0,11,1.0,True,LOWVOL20,VOL20,20,21,20_baseline_calendar_entries,20,True,False,True,False,False,False,True
LOWVOL20,common_10_20_40_exact_sample,12,2022-03-28,Q2,-0.1966756742670275,0.558046392189798,10,10,1.0,10,1.0,True,LOWVOL20,VOL20,20,21,20_baseline_calendar_entries,20,True,False,True,False,False,False,True
LOWVOL20,common_10_20_40_exact_sample,12,2022-03-28,Q3,-0.13934972543017726,0.5555450508135031,10,10,1.0,10,1.0,True,LOWVOL20,VOL20,20,21,20_baseline_calendar_entries,20,True,False,True,False,False,False,True
LOWVOL20,common_10_20_40_exact_sample,12,2022-03-28,Q4,-0.20121943291427757,0.5112740485434181,10,10,1.0,10,1.0,True,LOWVOL20,VOL20,20,21,20_baseline_calendar_entries,20,True,False,True,False,False,False,True
LOWVOL20,common_10_20_40_exact_sample,12,2022-03-28,Q5,-0.21154325541436095,0.5770363655312167,10,10,1.0,10,1.0,True,LOWVOL20,VOL20,20,21,20_baseline_calendar_entries,20,True,False,True,False,False,False,True
LOWVOL20,common_10_20_40_exact_sample,12,2022-03-28,UNIVERSE,-0.20017019286735213,0.5738432367151048,51,51,1.0,51,1.0,True,LOWVOL20,VOL20,20,21,20_baseline_calendar_entries,20,True,False,True,False,False,False,True
LOWVOL20,common_10_20_40_exact_sample,12,2022-03-28,Q5-Q1,0.03580210421986854,-0.08178058916796427,51,51,1.0,51,1.0,True,LOWVOL20,VOL20,20,21,20_baseline_calendar_entries,20,True,False,True,False,False,False,True
LOWVOL20,common_10_20_40_exact_sample,12,2022-03-28,Q5-UNIVERSE,-0.011373062547008816,0.00319312881611189,51,51,1.0,51,1.0,True,LOWVOL20,VOL20,20,21,20_baseline_calendar_entries,20,True,False,True,False,False,False,True
LOWVOL20,common_10_20_40_exact_sample,13,2022-04-27,Q1,0.13157826809719264,0.5360505110480417,11,11,1.0,11,1.0,True,LOWVOL20,VOL20,20,21,20_baseline_calendar_entries,20,True,False,True,False,False,False,True
LOWVOL20,common_10_20_40_exact_sample,13,2022-04-27,Q2,0.128233619071053,0.47291636158000766,10,10,1.0,10,1.0,True,LOWVOL20,VOL20,20,21,20_baseline_calendar_entries,20,True,False,True,False,False,False,True
LOWVOL20,common_10_20_40_exact_sample,13,2022-04-27,Q3,0.13640383874695702,0.4737497176263738,10,10,1.0,10,1.0,True,LOWVOL20,VOL20,20,21,20_baseline_calendar_entries,20,True,False,True,False,False,False,True
LOWVOL20,common_10_20_40_exact_sample,13,2022-04-27,Q4,0.1442076490169056,0.4234517080634689,10,10,1.0,10,1.0,True,LOWVOL20,VOL20,20,21,20_baseline_calendar_entries,20,True,False,True,False,False,False,True
LOWVOL20,common_10_20_40_exact_sample,13,2022-04-27,Q5,0.048176521374246294,0.4141968990575874,10,10,1.0,10,1.0,True,LOWVOL20,VOL20,20,21,20_baseline_calendar_entries,20,True,False,True,False,False,False,True
LOWVOL20,common_10_20_40_exact_sample,13,2022-04-27,UNIVERSE,0.11799171041491643,0.46548436244711444,51,51,1.0,51,1.0,True,LOWVOL20,VOL20,20,21,20_baseline_calendar_entries,20,True,False,True,False,False,False,True
LOWVOL20,common_10_20_40_exact_sample,13,2022-04-27,Q5-Q1,-0.08340174672294634,-0.1218536119904543,51,51,1.0,51,1.0,True,LOWVOL20,VOL20,20,21,20_baseline_calendar_entries,20,True,False,True,False,False,False,True
LOWVOL20,common_10_20_40_exact_sample,13,2022-04-27,Q5-UNIVERSE,-0.06981518904067013,-0.051287463389527055,51,51,1.0,51,1.0,True,LOWVOL20,VOL20,20,21,20_baseline_calendar_entries,20,True,False,True,False,False,False,True
LOWVOL20,common_10_20_40_exact_sample,14,2022-05-30,Q1,0.06231140674483707,0.3920206281338203,11,11,1.0,11,1.0,True,LOWVOL20,VOL20,20,21,20_baseline_calendar_entries,20,True,False,True,False,False,False,True
LOWVOL20,common_10_20_40_exact_sample,14,2022-05-30,Q2,0.17378404882519358,0.4738440182751464,11,11,1.0,11,1.0,True,LOWVOL20,VOL20,20,21,20_baseline_calendar_entries,20,True,False,True,False,False,False,True
LOWVOL20,common_10_20_40_exact_sample,14,2022-05-30,Q3,0.14323782439155003,0.3872638495628403,10,10,1.0,10,1.0,True,LOWVOL20,VOL20,20,21,20_baseline_calendar_entries,20,True,False,True,False,False,False,True
LOWVOL20,common_10_20_40_exact_sample,14,2022-05-30,Q4,0.09597597428173024,0.3237951697463813,10,10,1.0,10,1.0,True,LOWVOL20,VOL20,20,21,20_baseline_calendar_entries,20,True,False,True,False,False,False,True
LOWVOL20,common_10_20_40_exact_sample,14,2022-05-30,Q5,0.10647306031560022,0.3697488854293696,10,10,1.0,10,1.0,True,LOWVOL20,VOL20,20,21,20_baseline_calendar_entries,20,True,False,True,False,False,False,True
LOWVOL20,common_10_20_40_exact_sample,14,2022-05-30,UNIVERSE,0.11642151156075273,0.3910113491900874,52,52,1.0,52,1.0,True,LOWVOL20,VOL20,20,21,20_baseline_calendar_entries,20,True,False,True,False,False,False,True
LOWVOL20,common_10_20_40_exact_sample,14,2022-05-30,Q5-Q1,0.044161653570763154,-0.022271742704450703,52,52,1.0,52,1.0,True,LOWVOL20,VOL20,20,21,20_baseline_calendar_entries,20,True,False,True,False,False,False,True
LOWVOL20,common_10_20_40_exact_sample,14,2022-05-30,Q5-UNIVERSE,-0.009948451245152506,-0.021262463760717776,52,52,1.0,52,1.0,True,LOWVOL20,VOL20,20,21,20_baseline_calendar_entries,20,True,False,True,False,False,False,True
LOWVOL20,common_10_20_40_exact_sample,15,2022-06-28,Q1,0.00037881887623482,0.5038907841453479,11,11,1.0,11,1.0,True,LOWVOL20,VOL20,20,21,20_baseline_calendar_entries,20,True,False,True,False,False,False,True
LOWVOL20,common_10_20_40_exact_sample,15,2022-06-28,Q2,-0.05215527734315324,0.383265167496938,11,11,1.0,11,1.0,True,LOWVOL20,VOL20,20,21,20_baseline_calendar_entries,20,True,False,True,False,False,False,True
LOWVOL20,common_10_20_40_exact_sample,15,2022-06-28,Q3,-0.00161637875884163,0.34613815326260305,10,10,1.0,10,1.0,True,LOWVOL20,VOL20,20,21,20_baseline_calendar_entries,20,True,False,True,False,False,False,True
LOWVOL20,common_10_20_40_exact_sample,15,2022-06-28,Q4,-0.03823080640324481,0.30474551466470906,10,10,1.0,10,1.0,True,LOWVOL20,VOL20,20,21,20_baseline_calendar_entries,20,True,False,True,False,False,False,True
LOWVOL20,common_10_20_40_exact_sample,15,2022-06-28,Q5,0.01228663349089697,0.4034319593208239,10,10,1.0,10,1.0,True,LOWVOL20,VOL20,20,21,20_baseline_calendar_entries,20,True,False,True,False,False,False,True
LOWVOL20,common_10_20_40_exact_sample,15,2022-06-28,UNIVERSE,-0.016252818458615335,0.39042061039512505,52,52,1.0,52,1.0,True,LOWVOL20,VOL20,20,21,20_baseline_calendar_entries,20,True,False,True,False,False,False,True
LOWVOL20,common_10_20_40_exact_sample,15,2022-06-28,Q5-Q1,0.01190781461466215,-0.10045882482452406,52,52,1.0,52,1.0,True,LOWVOL20,VOL20,20,21,20_baseline_calendar_entries,20,True,False,True,False,False,False,True
LOWVOL20,common_10_20_40_exact_sample,15,2022-06-28,Q5-UNIVERSE,0.028539451949512306,0.013011348925698829,52,52,1.0,52,1.0,True,LOWVOL20,VOL20,20,21,20_baseline_calendar_entries,20,True,False,True,False,False,False,True
LOWVOL20,common_10_20_40_exact_sample,16,2022-07-26,Q1,0.027446878021498235,0.5025595887517927,11,11,1.0,11,1.0,True,LOWVOL20,VOL20,20,21,20_baseline_calendar_entries,20,True,False,True,False,False,False,True
LOWVOL20,common_10_20_40_exact_sample,16,2022-07-26,Q2,0.04672846155263944,0.40087944489309985,11,11,1.0,11,1.0,True,LOWVOL20,VOL20,20,21,20_baseline_calendar_entries,20,True,False,True,False,False,False,True
LOWVOL20,common_10_20_40_exact_sample,16,2022-07-26,Q3,0.020181645116740955,0.4568550832606661,10,10,1.0,10,1.0,True,LOWVOL20,VOL20,20,21,20_baseline_calendar_entries,20,True,False,True,False,False,False,True
LOWVOL20,common_10_20_40_exact_sample,16,2022-07-26,Q4,0.06282636103321926,0.41920747431723376,10,10,1.0,10,1.0,True,LOWVOL20,VOL20,20,21,20_baseline_calendar_entries,20,True,False,True,False,False,False,True
LOWVOL20,common_10_20_40_exact_sample,16,2022-07-26,Q5,-0.014103650238950372,0.33131213662471354,10,10,1.0,10,1.0,True,LOWVOL20,VOL20,20,21,20_baseline_calendar_entries,20,True,False,True,False,False,False,True
LOWVOL20,common_10_20_40_exact_sample,16,2022-07-26,UNIVERSE,0.02894177489280025,0.4232995444638454,52,52,1.0,52,1.0,True,LOWVOL20,VOL20,20,21,20_baseline_calendar_entries,20,True,False,True,False,False,False,True
LOWVOL20,common_10_20_40_exact_sample,16,2022-07-26,Q5-Q1,-0.04155052826044861,-0.1712474521270792,52,52,1.0,52,1.0,True,LOWVOL20,VOL20,20,21,20_baseline_calendar_entries,20,True,False,True,False,False,False,True
LOWVOL20,common_10_20_40_exact_sample,16,2022-07-26,Q5-UNIVERSE,-0.04304542513175062,-0.09198740783913184,52,52,1.0,52,1.0,True,LOWVOL20,VOL20,20,21,20_baseline_calendar_entries,20,True,False,True,False,False,False,True
LOWVOL20,common_10_20_40_exact_sample,17,2022-08-23,Q1,-0.05818541368896584,0.48958582068239154,11,11,1.0,11,1.0,True,LOWVOL20,VOL20,20,21,20_baseline_calendar_entries,20,True,False,True,False,False,False,True
LOWVOL20,common_10_20_40_exact_sample,17,2022-08-23,Q2,-0.08709954669063762,0.47451093289952034,11,11,1.0,11,1.0,True,LOWVOL20,VOL20,20,21,20_baseline_calendar_entries,20,True,False,True,False,False,False,True
LOWVOL20,common_10_20_40_exact_sample,17,2022-08-23,Q3,-0.11875659769291577,0.3034467516350371,10,10,1.0,10,1.0,True,LOWVOL20,VOL20,20,21,20_baseline_calendar_entries,20,True,False,True,False,False,False,True
LOWVOL20,common_10_20_40_exact_sample,17,2022-08-23,Q4,-0.09932029471959226,0.32344636072039906,10,10,1.0,10,1.0,True,LOWVOL20,VOL20,20,21,20_baseline_calendar_entries,20,True,False,True,False,False,False,True
LOWVOL20,common_10_20_40_exact_sample,17,2022-08-23,Q5,-0.08386123078125463,0.24592797448402742,10,10,1.0,10,1.0,True,LOWVOL20,VOL20,20,21,20_baseline_calendar_entries,20,True,False,True,False,False,False,True
LOWVOL20,common_10_20_40_exact_sample,17,2022-08-23,UNIVERSE,-0.08879838069448587,0.3717937530345321,52,52,1.0,52,1.0,True,LOWVOL20,VOL20,20,21,20_baseline_calendar_entries,20,True,False,True,False,False,False,True
LOWVOL20,common_10_20_40_exact_sample,17,2022-08-23,Q5-Q1,-0.025675817092288784,-0.24365784619836411,52,52,1.0,52,1.0,True,LOWVOL20,VOL20,20,21,20_baseline_calendar_entries,20,True,False,True,False,False,False,True
LOWVOL20,common_10_20_40_exact_sample,17,2022-08-23,Q5-UNIVERSE,0.004937149913231242,-0.12586577855050468,52,52,1.0,52,1.0,True,LOWVOL20,VOL20,20,21,20_baseline_calendar_entries,20,True,False,True,False,False,False,True
LOWVOL20,common_10_20_40_exact_sample,18,2022-09-21,Q1,0.060636374314522117,0.5849156423021181,11,11,1.0,11,1.0,True,LOWVOL20,VOL20,20,21,20_baseline_calendar_entries,20,True,False,True,False,False,False,True
LOWVOL20,common_10_20_40_exact_sample,18,2022-09-21,Q2,0.10765047209039959,0.5102065521354937,11,11,1.0,11,1.0,True,LOWVOL20,VOL20,20,21,20_baseline_calendar_entries,20,True,False,True,False,False,False,True
LOWVOL20,common_10_20_40_exact_sample,18,2022-09-21,Q3,0.016355462399449395,0.4264142917531453,10,10,1.0,10,1.0,True,LOWVOL20,VOL20,20,21,20_baseline_calendar_entries,20,True,False,True,False,False,False,True
LOWVOL20,common_10_20_40_exact_sample,18,2022-09-21,Q4,-0.0001676576225466131,0.36002765262541053,10,10,1.0,10,1.0,True,LOWVOL20,VOL20,20,21,20_baseline_calendar_entries,20,True,False,True,False,False,False,True
LOWVOL20,common_10_20_40_exact_sample,18,2022-09-21,Q5,-0.0007636793639237194,0.3554895595014149,10,10,1.0,10,1.0,True,LOWVOL20,VOL20,20,21,20_baseline_calendar_entries,20,True,False,True,False,False,False,True
LOWVOL20,common_10_20_40_exact_sample,18,2022-09-21,UNIVERSE,0.03856531854969095,0.4512626764925661,52,52,1.0,52,1.0,True,LOWVOL20,VOL20,20,21,20_baseline_calendar_entries,20,True,False,True,False,False,False,True
LOWVOL20,common_10_20_40_exact_sample,18,2022-09-21,Q5-Q1,-0.06140005367844584,-0.2294260828007032,52,52,1.0,52,1.0,True,LOWVOL20,VOL20,20,21,20_baseline_calendar_entries,20,True,False,True,False,False,False,True
LOWVOL20,common_10_20_40_exact_sample,18,2022-09-21,Q5-UNIVERSE,-0.03932899791361467,-0.09577311699115115,52,52,1.0,52,1.0,True,LOWVOL20,VOL20,20,21,20_baseline_calendar_entries,20,True,False,True,False,False,False,True
LOWVOL20,common_10_20_40_exact_sample,19,2022-10-26,Q1,0.00016303232991476957,0.5189039617138459,11,11,1.0,11,1.0,True,LOWVOL20,VOL20,20,21,20_baseline_calendar_entries,20,True,False,True,False,False,False,True
LOWVOL20,common_10_20_40_exact_sample,19,2022-10-26,Q2,0.06216218455489619,0.4927234941411926,11,11,1.0,11,1.0,True,LOWVOL20,VOL20,20,21,20_baseline_calendar_entries,20,True,False,True,False,False,False,True
LOWVOL20,common_10_20_40_exact_sample,19,2022-10-26,Q3,0.040003170246683234,0.4907871229435818,11,11,1.0,11,1.0,True,LOWVOL20,VOL20,20,21,20_baseline_calendar_entries,20,True,False,True,False,False,False,True
LOWVOL20,common_10_20_40_exact_sample,19,2022-10-26,Q4,0.0709049873732905,0.3771169864701425,10,10,1.0,10,1.0,True,LOWVOL20,VOL20,20,21,20_baseline_calendar_entries,20,True,False,True,False,False,False,True
LOWVOL20,common_10_20_40_exact_sample,19,2022-10-26,Q5,0.05917046493461442,0.3438040310086463,10,10,1.0,10,1.0,True,LOWVOL20,VOL20,20,21,20_baseline_calendar_entries,20,True,False,True,False,False,False,True
LOWVOL20,common_10_20_40_exact_sample,19,2022-10-26,UNIVERSE,0.04578050531180162,0.44784472719948515,53,53,1.0,53,1.0,True,LOWVOL20,VOL20,20,21,20_baseline_calendar_entries,20,True,False,True,False,False,False,True
LOWVOL20,common_10_20_40_exact_sample,19,2022-10-26,Q5-Q1,0.05900743260469965,-0.17509993070519958,53,53,1.0,53,1.0,True,LOWVOL20,VOL20,20,21,20_baseline_calendar_entries,20,True,False,True,False,False,False,True
LOWVOL20,common_10_20_40_exact_sample,19,2022-10-26,Q5-UNIVERSE,0.013389959622812801,-0.10404069619083883,53,53,1.0,53,1.0,True,LOWVOL20,VOL20,20,21,20_baseline_calendar_entries,20,True,False,True,False,False,False,True
LOWVOL20,common_10_20_40_exact_sample,20,2022-11-23,Q1,-0.09583686238108037,0.3594133530549986,11,11,1.0,11,1.0,True,LOWVOL20,VOL20,20,21,20_baseline_calendar_entries,20,True,False,True,False,False,False,True
LOWVOL20,common_10_20_40_exact_sample,20,2022-11-23,Q2,-0.10099300112859795,0.33257710823923275,11,11,1.0,11,1.0,True,LOWVOL20,VOL20,20,21,20_baseline_calendar_entries,20,True,False,True,False,False,False,True
LOWVOL20,common_10_20_40_exact_sample,20,2022-11-23,Q3,-0.03174491309445484,0.3507815192819063,11,11,1.0,11,1.0,True,LOWVOL20,VOL20,20,21,20_baseline_calendar_entries,20,True,False,True,False,False,False,True
LOWVOL20,common_10_20_40_exact_sample,20,2022-11-23,Q4,-0.028932592691328484,0.30747455613016117,10,10,1.0,10,1.0,True,LOWVOL20,VOL20,20,21,20_baseline_calendar_entries,20,True,False,True,False,False,False,True
LOWVOL20,common_10_20_40_exact_sample,20,2022-11-23,Q5,-0.05034854218023316,0.2681793923302874,10,10,1.0,10,1.0,True,LOWVOL20,VOL20,20,21,20_baseline_calendar_entries,20,True,False,True,False,False,False,True
LOWVOL20,common_10_20_40_exact_sample,20,2022-11-23,UNIVERSE,-0.062398752667190215,0.3250383258668302,53,53,1.0,53,1.0,True,LOWVOL20,VOL20,20,21,20_baseline_calendar_entries,20,True,False,True,False,False,False,True
LOWVOL20,common_10_20_40_exact_sample,20,2022-11-23,Q5-Q1,0.04548832020084721,-0.09123396072471118,53,53,1.0,53,1.0,True,LOWVOL20,VOL20,20,21,20_baseline_calendar_entries,20,True,False,True,False,False,False,True
LOWVOL20,common_10_20_40_exact_sample,20,2022-11-23,Q5-UNIVERSE,0.012050210486957057,-0.056858933536542755,53,53,1.0,53,1.0,True,LOWVOL20,VOL20,20,21,20_baseline_calendar_entries,20,True,False,True,False,False,False,True
LOWVOL20,common_10_20_40_exact_sample,21,2022-12-21,Q1,0.11310088065727632,0.39049619568425376,11,11,1.0,11,1.0,True,LOWVOL20,VOL20,20,21,20_baseline_calendar_entries,20,True,False,True,False,False,False,True
LOWVOL20,common_10_20_40_exact_sample,21,2022-12-21,Q2,0.13069239076996272,0.39966536383454865,11,11,1.0,11,1.0,True,LOWVOL20,VOL20,20,21,20_baseline_calendar_entries,20,True,False,True,False,False,False,True
LOWVOL20,common_10_20_40_exact_sample,21,2022-12-21,Q3,0.1715147248476231,0.46157431169362567,11,11,1.0,11,1.0,True,LOWVOL20,VOL20,20,21,20_baseline_calendar_entries,20,True,False,True,False,False,False,True
LOWVOL20,common_10_20_40_exact_sample,21,2022-12-21,Q4,0.0825365641656978,0.25105664746173406,10,10,1.0,10,1.0,True,LOWVOL20,VOL20,20,21,20_baseline_calendar_entries,20,True,False,True,False,False,False,True
LOWVOL20,common_10_20_40_exact_sample,21,2022-12-21,Q5,0.12064233972828446,0.32330714607131755,10,10,1.0,10,1.0,True,LOWVOL20,VOL20,20,21,20_baseline_calendar_entries,20,True,False,True,False,False,False,True
LOWVOL20,common_10_20_40_exact_sample,21,2022-12-21,UNIVERSE,0.12453164147100576,0.3681647645031551,53,53,1.0,53,1.0,True,LOWVOL20,VOL20,20,21,20_baseline_calendar_entries,20,True,False,True,False,False,False,True
LOWVOL20,common_10_20_40_exact_sample,21,2022-12-21,Q5-Q1,0.007541459071008144,-0.0671890496129362,53,53,1.0,53,1.0,True,LOWVOL20,VOL20,20,21,20_baseline_calendar_entries,20,True,False,True,False,False,False,True
LOWVOL20,common_10_20_40_exact_sample,21,2022-12-21,Q5-UNIVERSE,-0.003889301742721299,-0.044857618431837554,53,53,1.0,53,1.0,True,LOWVOL20,VOL20,20,21,20_baseline_calendar_entries,20,True,False,True,False,False,False,True
LOWVOL20,common_10_20_40_exact_sample,22,2023-01-19,Q1,0.008666051457721702,0.45859196326875973,11,11,1.0,11,1.0,True,LOWVOL20,VOL20,20,21,20_baseline_calendar_entries,20,True,False,True,False,False,False,True
LOWVOL20,common_10_20_40_exact_sample,22,2023-01-19,Q2,0.04118878123677754,0.48563255920541587,11,11,1.0,11,1.0,True,LOWVOL20,VOL20,20,21,20_baseline_calendar_entries,20,True,False,True,False,False,False,True
LOWVOL20,common_10_20_40_exact_sample,22,2023-01-19,Q3,0.09581079433550696,0.4330119294550224,11,11,1.0,11,1.0,True,LOWVOL20,VOL20,20,21,20_baseline_calendar_entries,20,True,False,True,False,False,False,True
LOWVOL20,common_10_20_40_exact_sample,22,2023-01-19,Q4,0.07024099715318394,0.4569803446689315,11,11,1.0,11,1.0,True,LOWVOL20,VOL20,20,21,20_baseline_calendar_entries,20,True,False,True,False,False,False,True
LOWVOL20,common_10_20_40_exact_sample,22,2023-01-19,Q5,0.15498242466059742,0.4670856816841195,10,10,1.0,10,1.0,True,LOWVOL20,VOL20,20,21,20_baseline_calendar_entries,20,True,False,True,False,False,False,True
LOWVOL20,common_10_20_40_exact_sample,22,2023-01-19,UNIVERSE,0.07268142801150121,0.4601341033226041,54,54,1.0,54,1.0,True,LOWVOL20,VOL20,20,21,20_baseline_calendar_entries,20,True,False,True,False,False,False,True
LOWVOL20,common_10_20_40_exact_sample,22,2023-01-19,Q5-Q1,0.14631637320287572,0.008493718415359786,54,54,1.0,54,1.0,True,LOWVOL20,VOL20,20,21,20_baseline_calendar_entries,20,True,False,True,False,False,False,True
LOWVOL20,common_10_20_40_exact_sample,22,2023-01-19,Q5-UNIVERSE,0.08230099664909621,0.006951578361515387,54,54,1.0,54,1.0,True,LOWVOL20,VOL20,20,21,20_baseline_calendar_entries,20,True,False,True,False,False,False,True
LOWVOL20,common_10_20_40_exact_sample,23,2023-02-23,Q1,0.212211800038285,0.6108951196580292,11,11,1.0,11,1.0,True,LOWVOL20,VOL20,20,21,20_baseline_calendar_entries,20,True,False,True,False,False,False,True
LOWVOL20,common_10_20_40_exact_sample,23,2023-02-23,Q2,0.23745930102963175,0.5983190102681077,11,11,1.0,11,1.0,True,LOWVOL20,VOL20,20,21,20_baseline_calendar_entries,20,True,False,True,False,False,False,True
LOWVOL20,common_10_20_40_exact_sample,23,2023-02-23,Q3,0.1268899320938703,0.4700911057893131,11,11,1.0,11,1.0,True,LOWVOL20,VOL20,20,21,20_baseline_calendar_entries,20,True,False,True,False,False,False,True
LOWVOL20,common_10_20_40_exact_sample,23,2023-02-23,Q4,0.10661692459673935,0.4595507979490818,11,11,1.0,11,1.0,True,LOWVOL20,VOL20,20,21,20_baseline_calendar_entries,20,True,False,True,False,False,False,True
LOWVOL20,common_10_20_40_exact_sample,23,2023-02-23,Q5,0.1451486754404938,0.41736456335121985,10,10,1.0,10,1.0,True,LOWVOL20,VOL20,20,21,20_baseline_calendar_entries,20,True,False,True,False,False,False,True
LOWVOL20,common_10_20_40_exact_sample,23,2023-02-23,UNIVERSE,0.16604526462497646,0.5129826297004082,54,54,1.0,54,1.0,True,LOWVOL20,VOL20,20,21,20_baseline_calendar_entries,20,True,False,True,False,False,False,True
LOWVOL20,common_10_20_40_exact_sample,23,2023-02-23,Q5-Q1,-0.06706312459779118,-0.19353055630680938,54,54,1.0,54,1.0,True,LOWVOL20,VOL20,20,21,20_baseline_calendar_entries,20,True,False,True,False,False,False,True
LOWVOL20,common_10_20_40_exact_sample,23,2023-02-23,Q5-UNIVERSE,-0.020896589184482645,-0.09561806634918835,54,54,1.0,54,1.0,True,LOWVOL20,VOL20,20,21,20_baseline_calendar_entries,20,True,False,True,False,False,False,True
LOWVOL20,common_10_20_40_exact_sample,24,2023-03-23,Q1,0.025625939019797303,0.8668401969576377,11,11,1.0,11,1.0,True,LOWVOL20,VOL20,20,21,20_baseline_calendar_entries,20,True,False,True,False,False,False,True
LOWVOL20,common_10_20_40_exact_sample,24,2023-03-23,Q2,0.006767604157231624,0.715882239248481,11,11,1.0,11,1.0,True,LOWVOL20,VOL20,20,21,20_baseline_calendar_entries,20,True,False,True,False,False,False,True
LOWVOL20,common_10_20_40_exact_sample,24,2023-03-23,Q3,0.007607251176238869,0.6780360326492111,11,11,1.0,11,1.0,True,LOWVOL20,VOL20,20,21,20_baseline_calendar_entries,20,True,False,True,False,False,False,True
LOWVOL20,common_10_20_40_exact_sample,24,2023-03-23,Q4,-0.07093339049807439,0.6114459585508816,11,11,1.0,11,1.0,True,LOWVOL20,VOL20,20,21,20_baseline_calendar_entries,20,True,False,True,False,False,False,True
LOWVOL20,common_10_20_40_exact_sample,24,2023-03-23,Q5,-0.006923188736436547,0.4448493807191377,10,10,1.0,10,1.0,True,LOWVOL20,VOL20,20,21,20_baseline_calendar_entries,20,True,False,True,False,False,False,True
LOWVOL20,common_10_20_40_exact_sample,24,2023-03-23,UNIVERSE,-0.007583156388097001,0.6674581946048095,54,54,1.0,54,1.0,True,LOWVOL20,VOL20,20,21,20_baseline_calendar_entries,20,True,False,True,False,False,False,True
LOWVOL20,common_10_20_40_exact_sample,24,2023-03-23,Q5-Q1,-0.03254912775623385,-0.4219908162385,54,54,1.0,54,1.0,True,LOWVOL20,VOL20,20,21,20_baseline_calendar_entries,20,True,False,True,False,False,False,True
LOWVOL20,common_10_20_40_exact_sample,24,2023-03-23,Q5-UNIVERSE,0.0006599676516604539,-0.22260881388567177,54,54,1.0,54,1.0,True,LOWVOL20,VOL20,20,21,20_baseline_calendar_entries,20,True,False,True,False,False,False,True
LOWVOL20,common_10_20_40_exact_sample,25,2023-04-21,Q1,-0.06724447631015035,0.830773297955065,11,11,1.0,11,1.0,True,LOWVOL20,VOL20,20,21,20_baseline_calendar_entries,20,True,False,True,False,False,False,True
LOWVOL20,common_10_20_40_exact_sample,25,2023-04-21,Q2,-0.036700498727847065,0.6824994728248116,11,11,1.0,11,1.0,True,LOWVOL20,VOL20,20,21,20_baseline_calendar_entries,20,True,False,True,False,False,False,True
LOWVOL20,common_10_20_40_exact_sample,25,2023-04-21,Q3,-0.07928933693970217,0.5341470208002286,11,11,1.0,11,1.0,True,LOWVOL20,VOL20,20,21,20_baseline_calendar_entries,20,True,False,True,False,False,False,True
LOWVOL20,common_10_20_40_exact_sample,25,2023-04-21,Q4,-0.04955764949525598,0.5177314319184879,11,11,1.0,11,1.0,True,LOWVOL20,VOL20,20,21,20_baseline_calendar_entries,20,True,False,True,False,False,False,True
LOWVOL20,common_10_20_40_exact_sample,25,2023-04-21,Q5,-0.018592415534799945,0.3458113346344107,10,10,1.0,10,1.0,True,LOWVOL20,VOL20,20,21,20_baseline_calendar_entries,20,True,False,True,False,False,False,True
LOWVOL20,common_10_20_40_exact_sample,25,2023-04-21,UNIVERSE,-0.050863624658342786,0.5865699408301598,54,54,1.0,54,1.0,True,LOWVOL20,VOL20,20,21,20_baseline_calendar_entries,20,True,False,True,False,False,False,True
LOWVOL20,common_10_20_40_exact_sample,25,2023-04-21,Q5-Q1,0.048652060775350406,-0.48496196332065433,54,54,1.0,54,1.0,True,LOWVOL20,VOL20,20,21,20_baseline_calendar_entries,20,True,False,True,False,False,False,True
LOWVOL20,common_10_20_40_exact_sample,25,2023-04-21,Q5-UNIVERSE,0.03227120912354284,-0.24075860619574907,54,54,1.0,54,1.0,True,LOWVOL20,VOL20,20,21,20_baseline_calendar_entries,20,True,False,True,False,False,False,True
LOWVOL20,common_10_20_40_exact_sample,26,2023-05-24,Q1,0.129192241596437,0.6506525700171176,11,11,1.0,11,1.0,True,LOWVOL20,VOL20,20,21,20_baseline_calendar_entries,20,True,False,True,False,False,False,True
LOWVOL20,common_10_20_40_exact_sample,26,2023-05-24,Q2,0.2343928145926176,0.5445060390927761,11,11,1.0,11,1.0,True,LOWVOL20,VOL20,20,21,20_baseline_calendar_entries,20,True,False,True,False,False,False,True
LOWVOL20,common_10_20_40_exact_sample,26,2023-05-24,Q3,0.21280876773049281,0.5199267241273545,11,11,1.0,11,1.0,True,LOWVOL20,VOL20,20,21,20_baseline_calendar_entries,20,True,False,True,False,False,False,True
LOWVOL20,common_10_20_40_exact_sample,26,2023-05-24,Q4,0.11976396025073281,0.4054473857062716,11,11,1.0,11,1.0,True,LOWVOL20,VOL20,20,21,20_baseline_calendar_entries,20,True,False,True,False,False,False,True
LOWVOL20,common_10_20_40_exact_sample,26,2023-05-24,Q5,-0.002646780505811608,0.3477532249641888,10,10,1.0,10,1.0,True,LOWVOL20,VOL20,20,21,20_baseline_calendar_entries,20,True,False,True,False,False,False,True
LOWVOL20,common_10_20_40_exact_sample,26,2023-05-24,UNIVERSE,0.14131977445953645,0.49635911403741856,54,54,1.0,54,1.0,True,LOWVOL20,VOL20,20,21,20_baseline_calendar_entries,20,True,False,True,False,False,False,True
LOWVOL20,common_10_20_40_exact_sample,26,2023-05-24,Q5-Q1,-0.1318390221022486,-0.3028993450529288,54,54,1.0,54,1.0,True,LOWVOL20,VOL20,20,21,20_baseline_calendar_entries,20,True,False,True,False,False,False,True
LOWVOL20,common_10_20_40_exact_sample,26,2023-05-24,Q5-UNIVERSE,-0.14396655496534805,-0.14860588907322975,54,54,1.0,54,1.0,True,LOWVOL20,VOL20,20,21,20_baseline_calendar_entries,20,True,False,True,False,False,False,True
LOWVOL20,common_10_20_40_exact_sample,27,2023-06-21,Q1,-0.1635817848417336,0.6061538880194657,11,11,1.0,11,1.0,True,LOWVOL20,VOL20,20,21,20_baseline_calendar_entries,20,True,False,True,False,False,False,True
LOWVOL20,common_10_20_40_exact_sample,27,2023-06-21,Q2,-0.12497670868773104,0.47838308909136307,11,11,1.0,11,1.0,True,LOWVOL20,VOL20,20,21,20_baseline_calendar_entries,20,True,False,True,False,False,False,True
LOWVOL20,common_10_20_40_exact_sample,27,2023-06-21,Q3,-0.13437006771805732,0.5089343836815995,11,11,1.0,11,1.0,True,LOWVOL20,VOL20,20,21,20_baseline_calendar_entries,20,True,False,True,False,False,False,True
LOWVOL20,common_10_20_40_exact_sample,27,2023-06-21,Q4,-0.07748446101275168,0.38505380345842705,11,11,1.0,11,1.0,True,LOWVOL20,VOL20,20,21,20_baseline_calendar_entries,20,True,False,True,False,False,False,True
LOWVOL20,common_10_20_40_exact_sample,27,2023-06-21,Q5,-0.04989368366216829,0.298655990375808,10,10,1.0,10,1.0,True,LOWVOL20,VOL20,20,21,20_baseline_calendar_entries,20,True,False,True,False,False,False,True
LOWVOL20,common_10_20_40_exact_sample,27,2023-06-21,UNIVERSE,-0.11117555706453135,0.45833956871328674,54,54,1.0,54,1.0,True,LOWVOL20,VOL20,20,21,20_baseline_calendar_entries,20,True,False,True,False,False,False,True
LOWVOL20,common_10_20_40_exact_sample,27,2023-06-21,Q5-Q1,0.11368810117956532,-0.3074978976436577,54,54,1.0,54,1.0,True,LOWVOL20,VOL20,20,21,20_baseline_calendar_entries,20,True,False,True,False,False,False,True
LOWVOL20,common_10_20_40_exact_sample,27,2023-06-21,Q5-UNIVERSE,0.06128187340236306,-0.15968357833747876,54,54,1.0,54,1.0,True,LOWVOL20,VOL20,20,21,20_baseline_calendar_entries,20,True,False,True,False,False,False,True
LOWVOL20,common_10_20_40_exact_sample,28,2023-07-21,Q1,-0.1035787052455362,0.4598975169775558,11,11,1.0,11,1.0,True,LOWVOL20,VOL20,20,21,20_baseline_calendar_entries,20,True,False,True,False,False,False,True
LOWVOL20,common_10_20_40_exact_sample,28,2023-07-21,Q2,-0.08017954994672112,0.3790966689023536,11,11,1.0,11,1.0,True,LOWVOL20,VOL20,20,21,20_baseline_calendar_entries,20,True,False,True,False,False,False,True
LOWVOL20,common_10_20_40_exact_sample,28,2023-07-21,Q3,-0.07312404664419077,0.40049190328606554,11,11,1.0,11,1.0,True,LOWVOL20,VOL20,20,21,20_baseline_calendar_entries,20,True,False,True,False,False,False,True
LOWVOL20,common_10_20_40_exact_sample,28,2023-07-21,Q4,-0.0007543941505196691,0.3200136179308808,11,11,1.0,11,1.0,True,LOWVOL20,VOL20,20,21,20_baseline_calendar_entries,20,True,False,True,False,False,False,True
LOWVOL20,common_10_20_40_exact_sample,28,2023-07-21,Q5,-0.03023869514055997,0.2744586707581117,10,10,1.0,10,1.0,True,LOWVOL20,VOL20,20,21,20_baseline_calendar_entries,20,True,False,True,False,False,False,True
LOWVOL20,common_10_20_40_exact_sample,28,2023-07-21,UNIVERSE,-0.058081307541893425,0.36850154603049134,54,54,1.0,54,1.0,True,LOWVOL20,VOL20,20,21,20_baseline_calendar_entries,20,True,False,True,False,False,False,True
LOWVOL20,common_10_20_40_exact_sample,28,2023-07-21,Q5-Q1,0.07334001010497623,-0.18543884621944412,54,54,1.0,54,1.0,True,LOWVOL20,VOL20,20,21,20_baseline_calendar_entries,20,True,False,True,False,False,False,True
LOWVOL20,common_10_20_40_exact_sample,28,2023-07-21,Q5-UNIVERSE,0.027842612401333455,-0.09404287527237964,54,54,1.0,54,1.0,True,LOWVOL20,VOL20,20,21,20_baseline_calendar_entries,20,True,False,True,False,False,False,True
LOWVOL20,common_10_20_40_exact_sample,29,2023-08-18,Q1,-0.05038192947992941,0.48496594802083953,11,11,1.0,11,1.0,True,LOWVOL20,VOL20,20,21,20_baseline_calendar_entries,20,True,False,True,False,False,False,True
LOWVOL20,common_10_20_40_exact_sample,29,2023-08-18,Q2,-0.07505773999829846,0.47569239440968736,11,11,1.0,11,1.0,True,LOWVOL20,VOL20,20,21,20_baseline_calendar_entries,20,True,False,True,False,False,False,True
LOWVOL20,common_10_20_40_exact_sample,29,2023-08-18,Q3,0.03704504846085755,0.5230149807330325,11,11,1.0,11,1.0,True,LOWVOL20,VOL20,20,21,20_baseline_calendar_entries,20,True,False,True,False,False,False,True
LOWVOL20,common_10_20_40_exact_sample,29,2023-08-18,Q4,0.0011409787235065118,0.3901418657675633,11,11,1.0,11,1.0,True,LOWVOL20,VOL20,20,21,20_baseline_calendar_entries,20,True,False,True,False,False,False,True
LOWVOL20,common_10_20_40_exact_sample,29,2023-08-18,Q5,-0.015882532022677264,0.3076205435299092,10,10,1.0,10,1.0,True,LOWVOL20,VOL20,20,21,20_baseline_calendar_entries,20,True,False,True,False,False,False,True
LOWVOL20,common_10_20_40_exact_sample,29,2023-08-18,UNIVERSE,-0.020715099730727302,0.43866986136187847,54,54,1.0,54,1.0,True,LOWVOL20,VOL20,20,21,20_baseline_calendar_entries,20,True,False,True,False,False,False,True
LOWVOL20,common_10_20_40_exact_sample,29,2023-08-18,Q5-Q1,0.03449939745725214,-0.17734540449093034,54,54,1.0,54,1.0,True,LOWVOL20,VOL20,20,21,20_baseline_calendar_entries,20,True,False,True,False,False,False,True
LOWVOL20,common_10_20_40_exact_sample,29,2023-08-18,Q5-UNIVERSE,0.004832567708050038,-0.13104931783196927,54,54,1.0,54,1.0,True,LOWVOL20,VOL20,20,21,20_baseline_calendar_entries,20,True,False,True,False,False,False,True
LOWVOL20,common_10_20_40_exact_sample,30,2023-09-15,Q1,-0.056829587495918286,0.526237421633316,11,11,1.0,11,1.0,True,LOWVOL20,VOL20,20,21,20_baseline_calendar_entries,20,True,False,True,False,False,False,True
LOWVOL20,common_10_20_40_exact_sample,30,2023-09-15,Q2,-0.08859086647124127,0.4124389445961649,11,11,1.0,11,1.0,True,LOWVOL20,VOL20,20,21,20_baseline_calendar_entries,20,True,False,True,False,False,False,True
LOWVOL20,common_10_20_40_exact_sample,30,2023-09-15,Q3,-0.07978598834306998,0.3999007781030897,11,11,1.0,11,1.0,True,LOWVOL20,VOL20,20,21,20_baseline_calendar_entries,20,True,False,True,False,False,False,True
LOWVOL20,common_10_20_40_exact_sample,30,2023-09-15,Q4,-0.07426050044216127,0.3318414793134883,11,11,1.0,11,1.0,True,LOWVOL20,VOL20,20,21,20_baseline_calendar_entries,20,True,False,True,False,False,False,True
LOWVOL20,common_10_20_40_exact_sample,30,2023-09-15,Q5,-0.08653853260969455,0.25272242991785326,10,10,1.0,10,1.0,True,LOWVOL20,VOL20,20,21,20_baseline_calendar_entries,20,True,False,True,False,False,False,True
LOWVOL20,common_10_20_40_exact_sample,30,2023-09-15,UNIVERSE,-0.07702817956246749,0.387070910357133,54,54,1.0,54,1.0,True,LOWVOL20,VOL20,20,21,20_baseline_calendar_entries,20,True,False,True,False,False,False,True
LOWVOL20,common_10_20_40_exact_sample,30,2023-09-15,Q5-Q1,-0.02970894511377626,-0.27351499171546273,54,54,1.0,54,1.0,True,LOWVOL20,VOL20,20,21,20_baseline_calendar_entries,20,True,False,True,False,False,False,True
LOWVOL20,common_10_20_40_exact_sample,30,2023-09-15,Q5-UNIVERSE,-0.009510353047227055,-0.13434848043927972,54,54,1.0,54,1.0,True,LOWVOL20,VOL20,20,21,20_baseline_calendar_entries,20,True,False,True,False,False,False,True
LOWVOL20,common_10_20_40_exact_sample,31,2023-10-23,Q1,0.2281614840205454,0.5709171009568604,11,11,1.0,11,1.0,True,LOWVOL20,VOL20,20,21,20_baseline_calendar_entries,20,True,False,True,False,False,False,True
LOWVOL20,common_10_20_40_exact_sample,31,2023-10-23,Q2,0.13049739732927784,0.4088893096872972,11,11,1.0,11,1.0,True,LOWVOL20,VOL20,20,21,20_baseline_calendar_entries,20,True,False,True,False,False,False,True
LOWVOL20,common_10_20_40_exact_sample,31,2023-10-23,Q3,0.17524600798535347,0.3980051596471958,11,11,1.0,11,1.0,True,LOWVOL20,VOL20,20,21,20_baseline_calendar_entries,20,True,False,True,False,False,False,True
LOWVOL20,common_10_20_40_exact_sample,31,2023-10-23,Q4,0.17015572541821536,0.33958700145679993,11,11,1.0,11,1.0,True,LOWVOL20,VOL20,20,21,20_baseline_calendar_entries,20,True,False,True,False,False,False,True
LOWVOL20,common_10_20_40_exact_sample,31,2023-10-23,Q5,0.18158377446464014,0.33534880335369577,10,10,1.0,10,1.0,True,LOWVOL20,VOL20,20,21,20_baseline_calendar_entries,20,True,False,True,False,False,False,True
LOWVOL20,common_10_20_40_exact_sample,31,2023-10-23,UNIVERSE,0.17704637975803175,0.4119420800512341,54,54,1.0,54,1.0,True,LOWVOL20,VOL20,20,21,20_baseline_calendar_entries,20,True,False,True,False,False,False,True
LOWVOL20,common_10_20_40_exact_sample,31,2023-10-23,Q5-Q1,-0.04657770955590526,-0.23556829760316467,54,54,1.0,54,1.0,True,LOWVOL20,VOL20,20,21,20_baseline_calendar_entries,20,True,False,True,False,False,False,True
LOWVOL20,common_10_20_40_exact_sample,31,2023-10-23,Q5-UNIVERSE,0.004537394706608383,-0.07659327669753835,54,54,1.0,54,1.0,True,LOWVOL20,VOL20,20,21,20_baseline_calendar_entries,20,True,False,True,False,False,False,True
LOWVOL20,common_10_20_40_exact_sample,32,2023-11-20,Q1,-0.07648391536742606,0.4695984735085531,11,11,1.0,11,1.0,True,LOWVOL20,VOL20,20,21,20_baseline_calendar_entries,20,True,False,True,False,False,False,True
LOWVOL20,common_10_20_40_exact_sample,32,2023-11-20,Q2,-0.03350534126778242,0.40767462396121057,11,11,1.0,11,1.0,True,LOWVOL20,VOL20,20,21,20_baseline_calendar_entries,20,True,False,True,False,False,False,True
LOWVOL20,common_10_20_40_exact_sample,32,2023-11-20,Q3,-0.0669573707178789,0.3630388459432738,11,11,1.0,11,1.0,True,LOWVOL20,VOL20,20,21,20_baseline_calendar_entries,20,True,False,True,False,False,False,True
LOWVOL20,common_10_20_40_exact_sample,32,2023-11-20,Q4,-0.05536285753750047,0.3014055712451155,11,11,1.0,11,1.0,True,LOWVOL20,VOL20,20,21,20_baseline_calendar_entries,20,True,False,True,False,False,False,True
LOWVOL20,common_10_20_40_exact_sample,32,2023-11-20,Q5,-0.05442879553290816,0.30978171002042776,10,10,1.0,10,1.0,True,LOWVOL20,VOL20,20,21,20_baseline_calendar_entries,20,True,False,True,False,False,False,True
LOWVOL20,common_10_20_40_exact_sample,32,2023-11-20,UNIVERSE,-0.05740170905788053,0.37142055113785116,54,54,1.0,54,1.0,True,LOWVOL20,VOL20,20,21,20_baseline_calendar_entries,20,True,False,True,False,False,False,True
LOWVOL20,common_10_20_40_exact_sample,32,2023-11-20,Q5-Q1,0.022055119834517904,-0.15981676348812535,54,54,1.0,54,1.0,True,LOWVOL20,VOL20,20,21,20_baseline_calendar_entries,20,True,False,True,False,False,False,True
LOWVOL20,common_10_20_40_exact_sample,32,2023-11-20,Q5-UNIVERSE,0.0029729135249723718,-0.061638841117423404,54,54,1.0,54,1.0,True,LOWVOL20,VOL20,20,21,20_baseline_calendar_entries,20,True,False,True,False,False,False,True
LOWVOL20,common_10_20_40_exact_sample,33,2023-12-18,Q1,-0.11529204363086451,0.4755349281066159,11,11,1.0,11,1.0,True,LOWVOL20,VOL20,20,21,20_baseline_calendar_entries,20,True,False,True,False,False,False,True
LOWVOL20,common_10_20_40_exact_sample,33,2023-12-18,Q2,-0.1255918063745274,0.37795780542190066,11,11,1.0,11,1.0,True,LOWVOL20,VOL20,20,21,20_baseline_calendar_entries,20,True,False,True,False,False,False,True
LOWVOL20,common_10_20_40_exact_sample,33,2023-12-18,Q3,-0.10491571382601168,0.3865641178291478,11,11,1.0,11,1.0,True,LOWVOL20,VOL20,20,21,20_baseline_calendar_entries,20,True,False,True,False,False,False,True
LOWVOL20,common_10_20_40_exact_sample,33,2023-12-18,Q4,-0.12088684456823193,0.2961685495301287,11,11,1.0,11,1.0,True,LOWVOL20,VOL20,20,21,20_baseline_calendar_entries,20,True,False,True,False,False,False,True
LOWVOL20,common_10_20_40_exact_sample,33,2023-12-18,Q5,-0.07873212041642802,0.2826506806376616,10,10,1.0,10,1.0,True,LOWVOL20,VOL20,20,21,20_baseline_calendar_entries,20,True,False,True,False,False,False,True
LOWVOL20,common_10_20_40_exact_sample,33,2023-12-18,UNIVERSE,-0.10964577215852357,0.3652775225211544,54,54,1.0,54,1.0,True,LOWVOL20,VOL20,20,21,20_baseline_calendar_entries,20,True,False,True,False,False,False,True
LOWVOL20,common_10_20_40_exact_sample,33,2023-12-18,Q5-Q1,0.03655992321443649,-0.19288424746895433,54,54,1.0,54,1.0,True,LOWVOL20,VOL20,20,21,20_baseline_calendar_entries,20,True,False,True,False,False,False,True
LOWVOL20,common_10_20_40_exact_sample,33,2023-12-18,Q5-UNIVERSE,0.030913651742095552,-0.08262684188349284,54,54,1.0,54,1.0,True,LOWVOL20,VOL20,20,21,20_baseline_calendar_entries,20,True,False,True,False,False,False,True
LOWVOL20,common_10_20_40_exact_sample,34,2024-01-16,Q1,-0.04828867217589345,0.828215493797662,11,11,1.0,11,1.0,True,LOWVOL20,VOL20,20,21,20_baseline_calendar_entries,20,True,False,True,False,False,False,True
LOWVOL20,common_10_20_40_exact_sample,34,2024-01-16,Q2,-0.028259216396307584,0.6911247793306982,11,11,1.0,11,1.0,True,LOWVOL20,VOL20,20,21,20_baseline_calendar_entries,20,True,False,True,False,False,False,True
LOWVOL20,common_10_20_40_exact_sample,34,2024-01-16,Q3,-0.12358657992148366,0.7220245647577778,11,11,1.0,11,1.0,True,LOWVOL20,VOL20,20,21,20_baseline_calendar_entries,20,True,False,True,False,False,False,True
LOWVOL20,common_10_20_40_exact_sample,34,2024-01-16,Q4,-0.11442069698847095,0.7022111556472903,11,11,1.0,11,1.0,True,LOWVOL20,VOL20,20,21,20_baseline_calendar_entries,20,True,False,True,False,False,False,True
LOWVOL20,common_10_20_40_exact_sample,34,2024-01-16,Q5,-0.09800219616447615,0.6988704220373784,10,10,1.0,10,1.0,True,LOWVOL20,VOL20,20,21,20_baseline_calendar_entries,20,True,False,True,False,False,False,True
LOWVOL20,common_10_20_40_exact_sample,34,2024-01-16,UNIVERSE,-0.08222460707311988,0.729037780541509,54,54,1.0,54,1.0,True,LOWVOL20,VOL20,20,21,20_baseline_calendar_entries,20,True,False,True,False,False,False,True
LOWVOL20,common_10_20_40_exact_sample,34,2024-01-16,Q5-Q1,-0.049713523988582704,-0.12934507176028365,54,54,1.0,54,1.0,True,LOWVOL20,VOL20,20,21,20_baseline_calendar_entries,20,True,False,True,False,False,False,True
LOWVOL20,common_10_20_40_exact_sample,34,2024-01-16,Q5-UNIVERSE,-0.01577758909135628,-0.03016735850413066,54,54,1.0,54,1.0,True,LOWVOL20,VOL20,20,21,20_baseline_calendar_entries,20,True,False,True,False,False,False,True
LOWVOL20,common_10_20_40_exact_sample,35,2024-02-21,Q1,0.21258139275399673,0.6187935769019319,11,11,1.0,11,1.0,True,LOWVOL20,VOL20,20,21,20_baseline_calendar_entries,20,True,False,True,False,False,False,True
LOWVOL20,common_10_20_40_exact_sample,35,2024-02-21,Q2,0.2140649412355497,0.570379867231434,11,11,1.0,11,1.0,True,LOWVOL20,VOL20,20,21,20_baseline_calendar_entries,20,True,False,True,False,False,False,True
LOWVOL20,common_10_20_40_exact_sample,35,2024-02-21,Q3,0.16123407925002325,0.4580929088834474,11,11,1.0,11,1.0,True,LOWVOL20,VOL20,20,21,20_baseline_calendar_entries,20,True,False,True,False,False,False,True
LOWVOL20,common_10_20_40_exact_sample,35,2024-02-21,Q4,0.18772905320231717,0.5022894509913364,11,11,1.0,11,1.0,True,LOWVOL20,VOL20,20,21,20_baseline_calendar_entries,20,True,False,True,False,False,False,True
LOWVOL20,common_10_20_40_exact_sample,35,2024-02-21,Q5,0.14564707132456034,0.5042907878824161,10,10,1.0,10,1.0,True,LOWVOL20,VOL20,20,21,20_baseline_calendar_entries,20,True,False,True,False,False,False,True
LOWVOL20,common_10_20_40_exact_sample,35,2024-02-21,UNIVERSE,0.18496620081678442,0.5312596615354409,54,54,1.0,54,1.0,True,LOWVOL20,VOL20,20,21,20_baseline_calendar_entries,20,True,False,True,False,False,False,True
LOWVOL20,common_10_20_40_exact_sample,35,2024-02-21,Q5-Q1,-0.0669343214294364,-0.11450278901951583,54,54,1.0,54,1.0,True,LOWVOL20,VOL20,20,21,20_baseline_calendar_entries,20,True,False,True,False,False,False,True
LOWVOL20,common_10_20_40_exact_sample,35,2024-02-21,Q5-UNIVERSE,-0.039319129492224075,-0.026968873653024805,54,54,1.0,54,1.0,True,LOWVOL20,VOL20,20,21,20_baseline_calendar_entries,20,True,False,True,False,False,False,True
LOWVOL20,common_10_20_40_exact_sample,36,2024-03-20,Q1,-0.17412243320954612,0.6219851691410576,11,11,1.0,11,1.0,True,LOWVOL20,VOL20,20,21,20_baseline_calendar_entries,20,True,False,True,False,False,False,True
LOWVOL20,common_10_20_40_exact_sample,36,2024-03-20,Q2,-0.17274643298328918,0.6215166366554509,11,11,1.0,11,1.0,True,LOWVOL20,VOL20,20,21,20_baseline_calendar_entries,20,True,False,True,False,False,False,True
LOWVOL20,common_10_20_40_exact_sample,36,2024-03-20,Q3,-0.1581098536124508,0.5886087278856995,11,11,1.0,11,1.0,True,LOWVOL20,VOL20,20,21,20_baseline_calendar_entries,20,True,False,True,False,False,False,True
LOWVOL20,common_10_20_40_exact_sample,36,2024-03-20,Q4,-0.17382565727940882,0.5579921312029547,11,11,1.0,11,1.0,True,LOWVOL20,VOL20,20,21,20_baseline_calendar_entries,20,True,False,True,False,False,False,True
LOWVOL20,common_10_20_40_exact_sample,36,2024-03-20,Q5,-0.10153809136329546,0.422784439409085,10,10,1.0,10,1.0,True,LOWVOL20,VOL20,20,21,20_baseline_calendar_entries,20,True,False,True,False,False,False,True
LOWVOL20,common_10_20_40_exact_sample,36,2024-03-20,UNIVERSE,-0.15707831595489996,0.565166179774586,54,54,1.0,54,1.0,True,LOWVOL20,VOL20,20,21,20_baseline_calendar_entries,20,True,False,True,False,False,False,True
LOWVOL20,common_10_20_40_exact_sample,36,2024-03-20,Q5-Q1,0.07258434184625066,-0.19920072973197261,54,54,1.0,54,1.0,True,LOWVOL20,VOL20,20,21,20_baseline_calendar_entries,20,True,False,True,False,False,False,True
LOWVOL20,common_10_20_40_exact_sample,36,2024-03-20,Q5-UNIVERSE,0.0555402245916045,-0.14238174036550105,54,54,1.0,54,1.0,True,LOWVOL20,VOL20,20,21,20_baseline_calendar_entries,20,True,False,True,False,False,False,True
LOWVOL20,common_10_20_40_exact_sample,37,2024-04-19,Q1,0.10133568582619504,0.44065200071778343,11,11,1.0,11,1.0,True,LOWVOL20,VOL20,20,21,20_baseline_calendar_entries,20,True,False,True,False,False,False,True
LOWVOL20,common_10_20_40_exact_sample,37,2024-04-19,Q2,0.04455905794511603,0.3719277827155004,11,11,1.0,11,1.0,True,LOWVOL20,VOL20,20,21,20_baseline_calendar_entries,20,True,False,True,False,False,False,True
LOWVOL20,common_10_20_40_exact_sample,37,2024-04-19,Q3,0.10554078788838689,0.4019353049826009,11,11,1.0,11,1.0,True,LOWVOL20,VOL20,20,21,20_baseline_calendar_entries,20,True,False,True,False,False,False,True
LOWVOL20,common_10_20_40_exact_sample,37,2024-04-19,Q4,0.03050504997442983,0.36517769312912357,11,11,1.0,11,1.0,True,LOWVOL20,VOL20,20,21,20_baseline_calendar_entries,20,True,False,True,False,False,False,True
LOWVOL20,common_10_20_40_exact_sample,37,2024-04-19,Q5,-0.003012565821494273,0.37166275056052206,10,10,1.0,10,1.0,True,LOWVOL20,VOL20,20,21,20_baseline_calendar_entries,20,True,False,True,False,False,False,True
LOWVOL20,common_10_20_40_exact_sample,37,2024-04-19,UNIVERSE,0.05687445814371229,0.3906157056037095,54,54,1.0,54,1.0,True,LOWVOL20,VOL20,20,21,20_baseline_calendar_entries,20,True,False,True,False,False,False,True
LOWVOL20,common_10_20_40_exact_sample,37,2024-04-19,Q5-Q1,-0.10434825164768931,-0.06898925015726137,54,54,1.0,54,1.0,True,LOWVOL20,VOL20,20,21,20_baseline_calendar_entries,20,True,False,True,False,False,False,True
LOWVOL20,common_10_20_40_exact_sample,37,2024-04-19,Q5-UNIVERSE,-0.05988702396520656,-0.018952955043187447,54,54,1.0,54,1.0,True,LOWVOL20,VOL20,20,21,20_baseline_calendar_entries,20,True,False,True,False,False,False,True
LOWVOL20,common_10_20_40_exact_sample,38,2024-05-22,Q1,-0.07526059278830871,0.37868537555117054,11,11,1.0,11,1.0,True,LOWVOL20,VOL20,20,21,20_baseline_calendar_entries,20,True,False,True,False,False,False,True
LOWVOL20,common_10_20_40_exact_sample,38,2024-05-22,Q2,-0.09593423259394857,0.3662193988518373,11,11,1.0,11,1.0,True,LOWVOL20,VOL20,20,21,20_baseline_calendar_entries,20,True,False,True,False,False,False,True
LOWVOL20,common_10_20_40_exact_sample,38,2024-05-22,Q3,-0.0804974840687463,0.3835772814867049,11,11,1.0,11,1.0,True,LOWVOL20,VOL20,20,21,20_baseline_calendar_entries,20,True,False,True,False,False,False,True
LOWVOL20,common_10_20_40_exact_sample,38,2024-05-22,Q4,-0.06328983810326058,0.3154431943859734,11,11,1.0,11,1.0,True,LOWVOL20,VOL20,20,21,20_baseline_calendar_entries,20,True,False,True,False,False,False,True
LOWVOL20,common_10_20_40_exact_sample,38,2024-05-22,Q5,-0.04588277364962388,0.36523899809496163,10,10,1.0,10,1.0,True,LOWVOL20,VOL20,20,21,20_baseline_calendar_entries,20,True,False,True,False,False,False,True
LOWVOL20,common_10_20_40_exact_sample,38,2024-05-22,UNIVERSE,-0.07265983999246564,0.3617697728515215,54,54,1.0,54,1.0,True,LOWVOL20,VOL20,20,21,20_baseline_calendar_entries,20,True,False,True,False,False,False,True
LOWVOL20,common_10_20_40_exact_sample,38,2024-05-22,Q5-Q1,0.029377819138684834,-0.013446377456208913,54,54,1.0,54,1.0,True,LOWVOL20,VOL20,20,21,20_baseline_calendar_entries,20,True,False,True,False,False,False,True
LOWVOL20,common_10_20_40_exact_sample,38,2024-05-22,Q5-UNIVERSE,0.026777066342841764,0.0034692252434401216,54,54,1.0,54,1.0,True,LOWVOL20,VOL20,20,21,20_baseline_calendar_entries,20,True,False,True,False,False,False,True
LOWVOL20,common_10_20_40_exact_sample,39,2024-06-20,Q1,-0.019269353974172357,0.4883579095123993,11,11,1.0,11,1.0,True,LOWVOL20,VOL20,20,21,20_baseline_calendar_entries,20,True,False,True,False,False,False,True
LOWVOL20,common_10_20_40_exact_sample,39,2024-06-20,Q2,-0.016818267538681816,0.5147585757371812,11,11,1.0,11,1.0,True,LOWVOL20,VOL20,20,21,20_baseline_calendar_entries,20,True,False,True,False,False,False,True
LOWVOL20,common_10_20_40_exact_sample,39,2024-06-20,Q3,-0.0480477193217296,0.5061227864924137,11,11,1.0,11,1.0,True,LOWVOL20,VOL20,20,21,20_baseline_calendar_entries,20,True,False,True,False,False,False,True
LOWVOL20,common_10_20_40_exact_sample,39,2024-06-20,Q4,-0.053218250560370745,0.39740075034597006,11,11,1.0,11,1.0,True,LOWVOL20,VOL20,20,21,20_baseline_calendar_entries,20,True,False,True,False,False,False,True
LOWVOL20,common_10_20_40_exact_sample,39,2024-06-20,Q5,-0.05108662926750479,0.4292034136074947,10,10,1.0,10,1.0,True,LOWVOL20,VOL20,20,21,20_baseline_calendar_entries,20,True,False,True,False,False,False,True
LOWVOL20,common_10_20_40_exact_sample,39,2024-06-20,UNIVERSE,-0.037439922185547175,0.46787174776004725,54,54,1.0,54,1.0,True,LOWVOL20,VOL20,20,21,20_baseline_calendar_entries,20,True,False,True,False,False,False,True
LOWVOL20,common_10_20_40_exact_sample,39,2024-06-20,Q5-Q1,-0.031817275293332434,-0.059154495904904625,54,54,1.0,54,1.0,True,LOWVOL20,VOL20,20,21,20_baseline_calendar_entries,20,True,False,True,False,False,False,True
LOWVOL20,common_10_20_40_exact_sample,39,2024-06-20,Q5-UNIVERSE,-0.013646707081957615,-0.03866833415255255,54,54,1.0,54,1.0,True,LOWVOL20,VOL20,20,21,20_baseline_calendar_entries,20,True,False,True,False,False,False,True
LOWVOL20,common_10_20_40_exact_sample,40,2024-07-18,Q1,-0.055999896820377565,0.422802648240067,11,11,1.0,11,1.0,True,LOWVOL20,VOL20,20,21,20_baseline_calendar_entries,20,True,False,True,False,False,False,True
LOWVOL20,common_10_20_40_exact_sample,40,2024-07-18,Q2,-0.019289679570110792,0.3862205149807472,11,11,1.0,11,1.0,True,LOWVOL20,VOL20,20,21,20_baseline_calendar_entries,20,True,False,True,False,False,False,True
LOWVOL20,common_10_20_40_exact_sample,40,2024-07-18,Q3,-0.0017555367707931383,0.3435395050433372,11,11,1.0,11,1.0,True,LOWVOL20,VOL20,20,21,20_baseline_calendar_entries,20,True,False,True,False,False,False,True
LOWVOL20,common_10_20_40_exact_sample,40,2024-07-18,Q4,0.013450049236757099,0.28951643125322746,11,11,1.0,11,1.0,True,LOWVOL20,VOL20,20,21,20_baseline_calendar_entries,20,True,False,True,False,False,False,True
LOWVOL20,common_10_20_40_exact_sample,40,2024-07-18,Q5,0.03783023318447304,0.36876670040542103,10,10,1.0,10,1.0,True,LOWVOL20,VOL20,20,21,20_baseline_calendar_entries,20,True,False,True,False,False,False,True
LOWVOL20,common_10_20_40_exact_sample,40,2024-07-18,UNIVERSE,-0.005948951320834037,0.36204698331009966,54,54,1.0,54,1.0,True,LOWVOL20,VOL20,20,21,20_baseline_calendar_entries,20,True,False,True,False,False,False,True
LOWVOL20,common_10_20_40_exact_sample,40,2024-07-18,Q5-Q1,0.0938301300048506,-0.05403594783464599,54,54,1.0,54,1.0,True,LOWVOL20,VOL20,20,21,20_baseline_calendar_entries,20,True,False,True,False,False,False,True
LOWVOL20,common_10_20_40_exact_sample,40,2024-07-18,Q5-UNIVERSE,0.04377918450530707,0.006719717095321376,54,54,1.0,54,1.0,True,LOWVOL20,VOL20,20,21,20_baseline_calendar_entries,20,True,False,True,False,False,False,True
LOWVOL20,common_10_20_40_exact_sample,41,2024-08-15,Q1,-0.049956640314263695,0.40037948276013907,11,11,1.0,11,1.0,True,LOWVOL20,VOL20,20,21,20_baseline_calendar_entries,20,True,False,True,False,False,False,True
LOWVOL20,common_10_20_40_exact_sample,41,2024-08-15,Q2,-0.011074867332881372,0.37317745460597873,11,11,1.0,11,1.0,True,LOWVOL20,VOL20,20,21,20_baseline_calendar_entries,20,True,False,True,False,False,False,True
LOWVOL20,common_10_20_40_exact_sample,41,2024-08-15,Q3,-0.03599580001781104,0.3774954608730661,11,11,1.0,11,1.0,True,LOWVOL20,VOL20,20,21,20_baseline_calendar_entries,20,True,False,True,False,False,False,True
LOWVOL20,common_10_20_40_exact_sample,41,2024-08-15,Q4,0.05891083326272942,0.40486660484855225,11,11,1.0,11,1.0,True,LOWVOL20,VOL20,20,21,20_baseline_calendar_entries,20,True,False,True,False,False,False,True
LOWVOL20,common_10_20_40_exact_sample,41,2024-08-15,Q5,-0.04109294364570284,0.2898148005034803,10,10,1.0,10,1.0,True,LOWVOL20,VOL20,20,21,20_baseline_calendar_entries,20,True,False,True,False,False,False,True
LOWVOL20,common_10_20_40_exact_sample,41,2024-08-15,UNIVERSE,-0.01537427138669485,0.37061587109259075,54,54,1.0,54,1.0,True,LOWVOL20,VOL20,20,21,20_baseline_calendar_entries,20,True,False,True,False,False,False,True
LOWVOL20,common_10_20_40_exact_sample,41,2024-08-15,Q5-Q1,0.008863696668560857,-0.11056468225665878,54,54,1.0,54,1.0,True,LOWVOL20,VOL20,20,21,20_baseline_calendar_entries,20,True,False,True,False,False,False,True
LOWVOL20,common_10_20_40_exact_sample,41,2024-08-15,Q5-UNIVERSE,-0.025718672259007987,-0.08080107058911046,54,54,1.0,54,1.0,True,LOWVOL20,VOL20,20,21,20_baseline_calendar_entries,20,True,False,True,False,False,False,True
LOWVOL20,common_10_20_40_exact_sample,42,2024-09-12,Q1,0.5440988439855249,0.9832313591519658,11,11,1.0,11,1.0,True,LOWVOL20,VOL20,20,21,20_baseline_calendar_entries,20,True,False,True,False,False,False,True
LOWVOL20,common_10_20_40_exact_sample,42,2024-09-12,Q2,0.7216136731788528,0.9677040231281091,11,11,1.0,11,1.0,True,LOWVOL20,VOL20,20,21,20_baseline_calendar_entries,20,True,False,True,False,False,False,True
LOWVOL20,common_10_20_40_exact_sample,42,2024-09-12,Q3,0.5424556734442993,1.1446427181888235,11,11,1.0,11,1.0,True,LOWVOL20,VOL20,20,21,20_baseline_calendar_entries,20,True,False,True,False,False,False,True
LOWVOL20,common_10_20_40_exact_sample,42,2024-09-12,Q4,0.39984690301037545,0.8232287938904098,11,11,1.0,11,1.0,True,LOWVOL20,VOL20,20,21,20_baseline_calendar_entries,20,True,False,True,False,False,False,True
LOWVOL20,common_10_20_40_exact_sample,42,2024-09-12,Q5,0.2751605707302816,0.6964572146247825,10,10,1.0,10,1.0,True,LOWVOL20,VOL20,20,21,20_baseline_calendar_entries,20,True,False,True,False,False,False,True
LOWVOL20,common_10_20_40_exact_sample,42,2024-09-12,UNIVERSE,0.5007365136502295,0.9272490367444484,54,54,1.0,54,1.0,True,LOWVOL20,VOL20,20,21,20_baseline_calendar_entries,20,True,False,True,False,False,False,True
LOWVOL20,common_10_20_40_exact_sample,42,2024-09-12,Q5-Q1,-0.2689382732552433,-0.2867741445271833,54,54,1.0,54,1.0,True,LOWVOL20,VOL20,20,21,20_baseline_calendar_entries,20,True,False,True,False,False,False,True
LOWVOL20,common_10_20_40_exact_sample,42,2024-09-12,Q5-UNIVERSE,-0.22557594291994792,-0.23079182211966587,54,54,1.0,54,1.0,True,LOWVOL20,VOL20,20,21,20_baseline_calendar_entries,20,True,False,True,False,False,False,True
LOWVOL20,common_10_20_40_exact_sample,43,2024-10-21,Q1,-0.0982263385953994,0.8278166740488323,11,11,1.0,11,1.0,True,LOWVOL20,VOL20,20,21,20_baseline_calendar_entries,20,True,False,True,False,False,False,True
LOWVOL20,common_10_20_40_exact_sample,43,2024-10-21,Q2,0.017153826090114458,0.6720531473160318,11,11,1.0,11,1.0,True,LOWVOL20,VOL20,20,21,20_baseline_calendar_entries,20,True,False,True,False,False,False,True
LOWVOL20,common_10_20_40_exact_sample,43,2024-10-21,Q3,0.04476526417569391,0.6465251005548635,11,11,1.0,11,1.0,True,LOWVOL20,VOL20,20,21,20_baseline_calendar_entries,20,True,False,True,False,False,False,True
LOWVOL20,common_10_20_40_exact_sample,43,2024-10-21,Q4,0.044619626755402715,0.5723358503949704,11,11,1.0,11,1.0,True,LOWVOL20,VOL20,20,21,20_baseline_calendar_entries,20,True,False,True,False,False,False,True
LOWVOL20,common_10_20_40_exact_sample,43,2024-10-21,Q5,0.12840145456152946,0.5329521508799085,10,10,1.0,10,1.0,True,LOWVOL20,VOL20,20,21,20_baseline_calendar_entries,20,True,False,True,False,False,False,True
LOWVOL20,common_10_20_40_exact_sample,43,2024-10-21,UNIVERSE,0.025471309412948576,0.6525103704492733,54,54,1.0,54,1.0,True,LOWVOL20,VOL20,20,21,20_baseline_calendar_entries,20,True,False,True,False,False,False,True
LOWVOL20,common_10_20_40_exact_sample,43,2024-10-21,Q5-Q1,0.22662779315692888,-0.29486452316892375,54,54,1.0,54,1.0,True,LOWVOL20,VOL20,20,21,20_baseline_calendar_entries,20,True,False,True,False,False,False,True
LOWVOL20,common_10_20_40_exact_sample,43,2024-10-21,Q5-UNIVERSE,0.10293014514858088,-0.11955821956936474,54,54,1.0,54,1.0,True,LOWVOL20,VOL20,20,21,20_baseline_calendar_entries,20,True,False,True,False,False,False,True
LOWVOL20,common_10_20_40_exact_sample,44,2024-11-18,Q1,0.04246792041565861,0.6042243814048985,11,11,1.0,11,1.0,True,LOWVOL20,VOL20,20,21,20_baseline_calendar_entries,20,True,False,True,False,False,False,True
LOWVOL20,common_10_20_40_exact_sample,44,2024-11-18,Q2,0.17319617222729572,0.5691180131565354,11,11,1.0,11,1.0,True,LOWVOL20,VOL20,20,21,20_baseline_calendar_entries,20,True,False,True,False,False,False,True
LOWVOL20,common_10_20_40_exact_sample,44,2024-11-18,Q3,0.1965767130855847,0.636520161341397,11,11,1.0,11,1.0,True,LOWVOL20,VOL20,20,21,20_baseline_calendar_entries,20,True,False,True,False,False,False,True
LOWVOL20,common_10_20_40_exact_sample,44,2024-11-18,Q4,0.08915957153483413,0.3912829332408359,11,11,1.0,11,1.0,True,LOWVOL20,VOL20,20,21,20_baseline_calendar_entries,20,True,False,True,False,False,False,True
LOWVOL20,common_10_20_40_exact_sample,44,2024-11-18,Q5,0.08844321439848203,0.3755670495857655,10,10,1.0,10,1.0,True,LOWVOL20,VOL20,20,21,20_baseline_calendar_entries,20,True,False,True,False,False,False,True
LOWVOL20,common_10_20_40_exact_sample,44,2024-11-18,UNIVERSE,0.11851548692373938,0.5179309421562591,54,54,1.0,54,1.0,True,LOWVOL20,VOL20,20,21,20_baseline_calendar_entries,20,True,False,True,False,False,False,True
LOWVOL20,common_10_20_40_exact_sample,44,2024-11-18,Q5-Q1,0.04597529398282342,-0.22865733181913306,54,54,1.0,54,1.0,True,LOWVOL20,VOL20,20,21,20_baseline_calendar_entries,20,True,False,True,False,False,False,True
LOWVOL20,common_10_20_40_exact_sample,44,2024-11-18,Q5-UNIVERSE,-0.03007227252525735,-0.14236389257049364,54,54,1.0,54,1.0,True,LOWVOL20,VOL20,20,21,20_baseline_calendar_entries,20,True,False,True,False,False,False,True
LOWVOL20,common_10_20_40_exact_sample,45,2024-12-16,Q1,-0.12193233887342018,0.7433120405767375,11,11,1.0,11,1.0,True,LOWVOL20,VOL20,20,21,20_baseline_calendar_entries,20,True,False,True,False,False,False,True
LOWVOL20,common_10_20_40_exact_sample,45,2024-12-16,Q2,-0.06865671839513593,0.7123200951065504,11,11,1.0,11,1.0,True,LOWVOL20,VOL20,20,21,20_baseline_calendar_entries,20,True,False,True,False,False,False,True
LOWVOL20,common_10_20_40_exact_sample,45,2024-12-16,Q3,-0.08596074014595818,0.601765453310938,11,11,1.0,11,1.0,True,LOWVOL20,VOL20,20,21,20_baseline_calendar_entries,20,True,False,True,False,False,False,True
LOWVOL20,common_10_20_40_exact_sample,45,2024-12-16,Q4,-0.09073397626901512,0.46050642484956356,11,11,1.0,11,1.0,True,LOWVOL20,VOL20,20,21,20_baseline_calendar_entries,20,True,False,True,False,False,False,True
LOWVOL20,common_10_20_40_exact_sample,45,2024-12-16,Q5,0.01966645418630031,0.5976260495509756,10,10,1.0,10,1.0,True,LOWVOL20,VOL20,20,21,20_baseline_calendar_entries,20,True,False,True,False,False,False,True
LOWVOL20,common_10_20_40_exact_sample,45,2024-12-16,UNIVERSE,-0.07117512904918187,0.6235778638479895,54,54,1.0,54,1.0,True,LOWVOL20,VOL20,20,21,20_baseline_calendar_entries,20,True,False,True,False,False,False,True
LOWVOL20,common_10_20_40_exact_sample,45,2024-12-16,Q5-Q1,0.1415987930597205,-0.14568599102576185,54,54,1.0,54,1.0,True,LOWVOL20,VOL20,20,21,20_baseline_calendar_entries,20,True,False,True,False,False,False,True
LOWVOL20,common_10_20_40_exact_sample,45,2024-12-16,Q5-UNIVERSE,0.09084158323548218,-0.025951814297013875,54,54,1.0,54,1.0,True,LOWVOL20,VOL20,20,21,20_baseline_calendar_entries,20,True,False,True,False,False,False,True
LOWVOL20,common_10_20_40_exact_sample,46,2025-01-14,Q1,0.2072371713593129,0.8102979294018382,11,11,1.0,11,1.0,True,LOWVOL20,VOL20,20,21,20_baseline_calendar_entries,20,True,False,True,False,False,False,True
LOWVOL20,common_10_20_40_exact_sample,46,2025-01-14,Q2,0.25731536942374333,0.6811445813364461,11,11,1.0,11,1.0,True,LOWVOL20,VOL20,20,21,20_baseline_calendar_entries,20,True,False,True,False,False,False,True
LOWVOL20,common_10_20_40_exact_sample,46,2025-01-14,Q3,0.3372027513065067,0.7017288265364031,11,11,1.0,11,1.0,True,LOWVOL20,VOL20,20,21,20_baseline_calendar_entries,20,True,False,True,False,False,False,True
LOWVOL20,common_10_20_40_exact_sample,46,2025-01-14,Q4,0.19067420678329994,0.49780702276126054,11,11,1.0,11,1.0,True,LOWVOL20,VOL20,20,21,20_baseline_calendar_entries,20,True,False,True,False,False,False,True
LOWVOL20,common_10_20_40_exact_sample,46,2025-01-14,Q5,0.2964120967849744,0.4755183501142768,10,10,1.0,10,1.0,True,LOWVOL20,VOL20,20,21,20_baseline_calendar_entries,20,True,False,True,False,False,False,True
LOWVOL20,common_10_20_40_exact_sample,46,2025-01-14,UNIVERSE,0.25705269361946725,0.6362212122507074,54,54,1.0,54,1.0,True,LOWVOL20,VOL20,20,21,20_baseline_calendar_entries,20,True,False,True,False,False,False,True
LOWVOL20,common_10_20_40_exact_sample,46,2025-01-14,Q5-Q1,0.08917492542566147,-0.3347795792875614,54,54,1.0,54,1.0,True,LOWVOL20,VOL20,20,21,20_baseline_calendar_entries,20,True,False,True,False,False,False,True
LOWVOL20,common_10_20_40_exact_sample,46,2025-01-14,Q5-UNIVERSE,0.03935940316550712,-0.1607028621364306,54,54,1.0,54,1.0,True,LOWVOL20,VOL20,20,21,20_baseline_calendar_entries,20,True,False,True,False,False,False,True
LOWVOL20,common_10_20_40_exact_sample,47,2025-02-19,Q1,-0.06050001100529212,0.6757529695768357,11,11,1.0,11,1.0,True,LOWVOL20,VOL20,20,21,20_baseline_calendar_entries,20,True,False,True,False,False,False,True
LOWVOL20,common_10_20_40_exact_sample,47,2025-02-19,Q2,0.041651638145472396,0.7347609600992766,11,11,1.0,11,1.0,True,LOWVOL20,VOL20,20,21,20_baseline_calendar_entries,20,True,False,True,False,False,False,True
LOWVOL20,common_10_20_40_exact_sample,47,2025-02-19,Q3,0.0008479714099122484,0.5503712438905555,11,11,1.0,11,1.0,True,LOWVOL20,VOL20,20,21,20_baseline_calendar_entries,20,True,False,True,False,False,False,True
LOWVOL20,common_10_20_40_exact_sample,47,2025-02-19,Q4,0.011302521300112252,0.4602488532341605,11,11,1.0,11,1.0,True,LOWVOL20,VOL20,20,21,20_baseline_calendar_entries,20,True,False,True,False,False,False,True
LOWVOL20,common_10_20_40_exact_sample,47,2025-02-19,Q5,0.05032721443906553,0.39206539734944046,10,10,1.0,10,1.0,True,LOWVOL20,VOL20,20,21,20_baseline_calendar_entries,20,True,False,True,False,False,False,True
LOWVOL20,common_10_20_40_exact_sample,47,2025-02-19,UNIVERSE,0.00795547153227607,0.5657986716352501,54,54,1.0,54,1.0,True,LOWVOL20,VOL20,20,21,20_baseline_calendar_entries,20,True,False,True,False,False,False,True
LOWVOL20,common_10_20_40_exact_sample,47,2025-02-19,Q5-Q1,0.11082722544435765,-0.28368757222739527,54,54,1.0,54,1.0,True,LOWVOL20,VOL20,20,21,20_baseline_calendar_entries,20,True,False,True,False,False,False,True
LOWVOL20,common_10_20_40_exact_sample,47,2025-02-19,Q5-UNIVERSE,0.04237174290678946,-0.17373327428580965,54,54,1.0,54,1.0,True,LOWVOL20,VOL20,20,21,20_baseline_calendar_entries,20,True,False,True,False,False,False,True
LOWVOL20,common_10_20_40_exact_sample,48,2025-03-19,Q1,-0.1818021521872798,0.7445347316463319,11,11,1.0,11,1.0,True,LOWVOL20,VOL20,20,21,20_baseline_calendar_entries,20,True,False,True,False,False,False,True
LOWVOL20,common_10_20_40_exact_sample,48,2025-03-19,Q2,-0.187260734030556,0.7753052401552986,11,11,1.0,11,1.0,True,LOWVOL20,VOL20,20,21,20_baseline_calendar_entries,20,True,False,True,False,False,False,True
LOWVOL20,common_10_20_40_exact_sample,48,2025-03-19,Q3,-0.14567532802597363,0.5873950287351434,11,11,1.0,11,1.0,True,LOWVOL20,VOL20,20,21,20_baseline_calendar_entries,20,True,False,True,False,False,False,True
LOWVOL20,common_10_20_40_exact_sample,48,2025-03-19,Q4,-0.1490456470338488,0.5751286698882437,11,11,1.0,11,1.0,True,LOWVOL20,VOL20,20,21,20_baseline_calendar_entries,20,True,False,True,False,False,False,True
LOWVOL20,common_10_20_40_exact_sample,48,2025-03-19,Q5,-0.11874334601579091,0.49651708493707575,10,10,1.0,10,1.0,True,LOWVOL20,VOL20,20,21,20_baseline_calendar_entries,20,True,False,True,False,False,False,True
LOWVOL20,common_10_20_40_exact_sample,48,2025-03-19,UNIVERSE,-0.1572047395224472,0.6383550226675176,54,54,1.0,54,1.0,True,LOWVOL20,VOL20,20,21,20_baseline_calendar_entries,20,True,False,True,False,False,False,True
LOWVOL20,common_10_20_40_exact_sample,48,2025-03-19,Q5-Q1,0.06305880617148889,-0.24801764670925613,54,54,1.0,54,1.0,True,LOWVOL20,VOL20,20,21,20_baseline_calendar_entries,20,True,False,True,False,False,False,True
LOWVOL20,common_10_20_40_exact_sample,48,2025-03-19,Q5-UNIVERSE,0.0384613935066563,-0.1418379377304419,54,54,1.0,54,1.0,True,LOWVOL20,VOL20,20,21,20_baseline_calendar_entries,20,True,False,True,False,False,False,True
LOWVOL20,common_10_20_40_exact_sample,49,2025-04-17,Q1,0.09322350502856733,0.5208263720728908,11,11,1.0,11,1.0,True,LOWVOL20,VOL20,20,21,20_baseline_calendar_entries,20,True,False,True,False,False,False,True
LOWVOL20,common_10_20_40_exact_sample,49,2025-04-17,Q2,0.05607261497541074,0.4189995159985745,11,11,1.0,11,1.0,True,LOWVOL20,VOL20,20,21,20_baseline_calendar_entries,20,True,False,True,False,False,False,True
LOWVOL20,common_10_20_40_exact_sample,49,2025-04-17,Q3,0.07124138381238192,0.47352482365140497,11,11,1.0,11,1.0,True,LOWVOL20,VOL20,20,21,20_baseline_calendar_entries,20,True,False,True,False,False,False,True
LOWVOL20,common_10_20_40_exact_sample,49,2025-04-17,Q4,0.05817769596757006,0.34907885088054,11,11,1.0,11,1.0,True,LOWVOL20,VOL20,20,21,20_baseline_calendar_entries,20,True,False,True,False,False,False,True
LOWVOL20,common_10_20_40_exact_sample,49,2025-04-17,Q5,0.047298055381521785,0.3098040607561051,10,10,1.0,10,1.0,True,LOWVOL20,VOL20,20,21,20_baseline_calendar_entries,20,True,False,True,False,False,False,True
LOWVOL20,common_10_20_40_exact_sample,49,2025-04-17,UNIVERSE,0.06553421761923052,0.416384551781455,54,54,1.0,54,1.0,True,LOWVOL20,VOL20,20,21,20_baseline_calendar_entries,20,True,False,True,False,False,False,True
LOWVOL20,common_10_20_40_exact_sample,49,2025-04-17,Q5-Q1,-0.04592544964704554,-0.21102231131678573,54,54,1.0,54,1.0,True,LOWVOL20,VOL20,20,21,20_baseline_calendar_entries,20,True,False,True,False,False,False,True
LOWVOL20,common_10_20_40_exact_sample,49,2025-04-17,Q5-UNIVERSE,-0.018236162237708735,-0.10658049102534989,54,54,1.0,54,1.0,True,LOWVOL20,VOL20,20,21,20_baseline_calendar_entries,20,True,False,True,False,False,False,True
LOWVOL20,common_10_20_40_exact_sample,50,2025-05-20,Q1,-0.03853079829388895,0.47009075473571094,11,11,1.0,11,1.0,True,LOWVOL20,VOL20,20,21,20_baseline_calendar_entries,20,True,False,True,False,False,False,True
LOWVOL20,common_10_20_40_exact_sample,50,2025-05-20,Q2,0.0030700351897084773,0.36945708500316277,11,11,1.0,11,1.0,True,LOWVOL20,VOL20,20,21,20_baseline_calendar_entries,20,True,False,True,False,False,False,True
LOWVOL20,common_10_20_40_exact_sample,50,2025-05-20,Q3,0.06895986633464453,0.38441805668074386,11,11,1.0,11,1.0,True,LOWVOL20,VOL20,20,21,20_baseline_calendar_entries,20,True,False,True,False,False,False,True
LOWVOL20,common_10_20_40_exact_sample,50,2025-05-20,Q4,-0.009352836392355391,0.2881811015790619,11,11,1.0,11,1.0,True,LOWVOL20,VOL20,20,21,20_baseline_calendar_entries,20,True,False,True,False,False,False,True
LOWVOL20,common_10_20_40_exact_sample,50,2025-05-20,Q5,0.07264619237430184,0.29479077359543493,10,10,1.0,10,1.0,True,LOWVOL20,VOL20,20,21,20_baseline_calendar_entries,20,True,False,True,False,False,False,True
LOWVOL20,common_10_20_40_exact_sample,50,2025-05-20,UNIVERSE,0.01837168257337433,0.36262082803592266,54,54,1.0,54,1.0,True,LOWVOL20,VOL20,20,21,20_baseline_calendar_entries,20,True,False,True,False,False,False,True
LOWVOL20,common_10_20_40_exact_sample,50,2025-05-20,Q5-Q1,0.11117699066819078,-0.175299981140276,54,54,1.0,54,1.0,True,LOWVOL20,VOL20,20,21,20_baseline_calendar_entries,20,True,False,True,False,False,False,True
LOWVOL20,common_10_20_40_exact_sample,50,2025-05-20,Q5-UNIVERSE,0.0542745098009275,-0.06783005444048773,54,54,1.0,54,1.0,True,LOWVOL20,VOL20,20,21,20_baseline_calendar_entries,20,True,False,True,False,False,False,True
LOWVOL20,common_10_20_40_exact_sample,51,2025-06-18,Q1,0.0999186371133114,0.5438902484298306,11,11,1.0,11,1.0,True,LOWVOL20,VOL20,20,21,20_baseline_calendar_entries,20,True,False,True,False,False,False,True
LOWVOL20,common_10_20_40_exact_sample,51,2025-06-18,Q2,0.08097016494829533,0.39381332814654607,11,11,1.0,11,1.0,True,LOWVOL20,VOL20,20,21,20_baseline_calendar_entries,20,True,False,True,False,False,False,True
LOWVOL20,common_10_20_40_exact_sample,51,2025-06-18,Q3,0.1422106600078072,0.4182003081033862,11,11,1.0,11,1.0,True,LOWVOL20,VOL20,20,21,20_baseline_calendar_entries,20,True,False,True,False,False,False,True
LOWVOL20,common_10_20_40_exact_sample,51,2025-06-18,Q4,0.05323135827466557,0.31911662034010196,11,11,1.0,11,1.0,True,LOWVOL20,VOL20,20,21,20_baseline_calendar_entries,20,True,False,True,False,False,False,True
LOWVOL20,common_10_20_40_exact_sample,51,2025-06-18,Q5,0.05780742498928969,0.2358397244410862,10,10,1.0,10,1.0,True,LOWVOL20,VOL20,20,21,20_baseline_calendar_entries,20,True,False,True,False,False,False,True
LOWVOL20,common_10_20_40_exact_sample,51,2025-06-18,UNIVERSE,0.08736506062366244,0.38488190369684017,54,54,1.0,54,1.0,True,LOWVOL20,VOL20,20,21,20_baseline_calendar_entries,20,True,False,True,False,False,False,True
LOWVOL20,common_10_20_40_exact_sample,51,2025-06-18,Q5-Q1,-0.04211121212402172,-0.3080505239887444,54,54,1.0,54,1.0,True,LOWVOL20,VOL20,20,21,20_baseline_calendar_entries,20,True,False,True,False,False,False,True
LOWVOL20,common_10_20_40_exact_sample,51,2025-06-18,Q5-UNIVERSE,-0.029557635634372748,-0.14904217925575397,54,54,1.0,54,1.0,True,LOWVOL20,VOL20,20,21,20_baseline_calendar_entries,20,True,False,True,False,False,False,True
LOWVOL20,common_10_20_40_exact_sample,52,2025-07-16,Q1,0.01507516777881361,0.4030912787958045,11,11,1.0,11,1.0,True,LOWVOL20,VOL20,20,21,20_baseline_calendar_entries,20,True,False,True,False,False,False,True
LOWVOL20,common_10_20_40_exact_sample,52,2025-07-16,Q2,0.07441246364198661,0.4150721010881871,11,11,1.0,11,1.0,True,LOWVOL20,VOL20,20,21,20_baseline_calendar_entries,20,True,False,True,False,False,False,True
LOWVOL20,common_10_20_40_exact_sample,52,2025-07-16,Q3,0.14220150796828127,0.3908788008123553,11,11,1.0,11,1.0,True,LOWVOL20,VOL20,20,21,20_baseline_calendar_entries,20,True,False,True,False,False,False,True
LOWVOL20,common_10_20_40_exact_sample,52,2025-07-16,Q4,0.10126985339662982,0.29951424334967586,11,11,1.0,11,1.0,True,LOWVOL20,VOL20,20,21,20_baseline_calendar_entries,20,True,False,True,False,False,False,True
LOWVOL20,common_10_20_40_exact_sample,52,2025-07-16,Q5,0.05901892349693475,0.24722881385157752,10,10,1.0,10,1.0,True,LOWVOL20,VOL20,20,21,20_baseline_calendar_entries,20,True,False,True,False,False,False,True
LOWVOL20,common_10_20_40_exact_sample,52,2025-07-16,UNIVERSE,0.0787544102891143,0.3530816445004079,54,54,1.0,54,1.0,True,LOWVOL20,VOL20,20,21,20_baseline_calendar_entries,20,True,False,True,False,False,False,True
LOWVOL20,common_10_20_40_exact_sample,52,2025-07-16,Q5-Q1,0.04394375571812114,-0.15586246494422695,54,54,1.0,54,1.0,True,LOWVOL20,VOL20,20,21,20_baseline_calendar_entries,20,True,False,True,False,False,False,True
LOWVOL20,common_10_20_40_exact_sample,52,2025-07-16,Q5-UNIVERSE,-0.019735486792179548,-0.10585283064883039,54,54,1.0,54,1.0,True,LOWVOL20,VOL20,20,21,20_baseline_calendar_entries,20,True,False,True,False,False,False,True
LOWVOL20,common_10_20_40_exact_sample,53,2025-08-13,Q1,0.02905571797729021,0.4987824743580198,11,11,1.0,11,1.0,True,LOWVOL20,VOL20,20,21,20_baseline_calendar_entries,20,True,False,True,False,False,False,True
LOWVOL20,common_10_20_40_exact_sample,53,2025-08-13,Q2,0.054132713391578574,0.6020118956629112,11,11,1.0,11,1.0,True,LOWVOL20,VOL20,20,21,20_baseline_calendar_entries,20,True,False,True,False,False,False,True
LOWVOL20,common_10_20_40_exact_sample,53,2025-08-13,Q3,-0.008261125204914762,0.5364440973300704,11,11,1.0,11,1.0,True,LOWVOL20,VOL20,20,21,20_baseline_calendar_entries,20,True,False,True,False,False,False,True
LOWVOL20,common_10_20_40_exact_sample,53,2025-08-13,Q4,0.0452657660493907,0.577119172225715,11,11,1.0,11,1.0,True,LOWVOL20,VOL20,20,21,20_baseline_calendar_entries,20,True,False,True,False,False,False,True
LOWVOL20,common_10_20_40_exact_sample,53,2025-08-13,Q5,0.03167138250435543,0.46438761270923656,10,10,1.0,10,1.0,True,LOWVOL20,VOL20,20,21,20_baseline_calendar_entries,20,True,False,True,False,False,False,True
LOWVOL20,common_10_20_40_exact_sample,53,2025-08-13,UNIVERSE,0.030348844803524934,0.5370705585636341,54,54,1.0,54,1.0,True,LOWVOL20,VOL20,20,21,20_baseline_calendar_entries,20,True,False,True,False,False,False,True
LOWVOL20,common_10_20_40_exact_sample,53,2025-08-13,Q5-Q1,0.0026156645270652215,-0.03439486164878325,54,54,1.0,54,1.0,True,LOWVOL20,VOL20,20,21,20_baseline_calendar_entries,20,True,False,True,False,False,False,True
LOWVOL20,common_10_20_40_exact_sample,53,2025-08-13,Q5-UNIVERSE,0.0013225377008304964,-0.0726829458543975,54,54,1.0,54,1.0,True,LOWVOL20,VOL20,20,21,20_baseline_calendar_entries,20,True,False,True,False,False,False,True
LOWVOL20,common_10_20_40_exact_sample,54,2025-09-10,Q1,0.035157227214916695,0.5095883816107235,11,11,1.0,11,1.0,True,LOWVOL20,VOL20,20,21,20_baseline_calendar_entries,20,True,False,True,False,False,False,True
LOWVOL20,common_10_20_40_exact_sample,54,2025-09-10,Q2,0.012535529660818147,0.5049513693877787,11,11,1.0,11,1.0,True,LOWVOL20,VOL20,20,21,20_baseline_calendar_entries,20,True,False,True,False,False,False,True
LOWVOL20,common_10_20_40_exact_sample,54,2025-09-10,Q3,0.0229483931866353,0.4608861610259471,11,11,1.0,11,1.0,True,LOWVOL20,VOL20,20,21,20_baseline_calendar_entries,20,True,False,True,False,False,False,True
LOWVOL20,common_10_20_40_exact_sample,54,2025-09-10,Q4,0.03273299657398936,0.39144363979190294,11,11,1.0,11,1.0,True,LOWVOL20,VOL20,20,21,20_baseline_calendar_entries,20,True,False,True,False,False,False,True
LOWVOL20,common_10_20_40_exact_sample,54,2025-09-10,Q5,-0.012640141301155738,0.43292891733272204,10,10,1.0,10,1.0,True,LOWVOL20,VOL20,20,21,20_baseline_calendar_entries,20,True,False,True,False,False,False,True
LOWVOL20,common_10_20_40_exact_sample,54,2025-09-10,UNIVERSE,0.01871692962941476,0.46046026376494625,54,54,1.0,54,1.0,True,LOWVOL20,VOL20,20,21,20_baseline_calendar_entries,20,True,False,True,False,False,False,True
LOWVOL20,common_10_20_40_exact_sample,54,2025-09-10,Q5-Q1,-0.047797368516072435,-0.07665946427800147,54,54,1.0,54,1.0,True,LOWVOL20,VOL20,20,21,20_baseline_calendar_entries,20,True,False,True,False,False,False,True
LOWVOL20,common_10_20_40_exact_sample,54,2025-09-10,Q5-UNIVERSE,-0.031357070930570496,-0.027531346432224213,54,54,1.0,54,1.0,True,LOWVOL20,VOL20,20,21,20_baseline_calendar_entries,20,True,False,True,False,False,False,True
LOWVOL20,common_10_20_40_exact_sample,55,2025-10-16,Q1,-0.035293829562954175,0.4677182600188759,11,11,1.0,11,1.0,True,LOWVOL20,VOL20,20,21,20_baseline_calendar_entries,20,True,False,True,False,False,False,True
LOWVOL20,common_10_20_40_exact_sample,55,2025-10-16,Q2,-0.07389055574622545,0.37035254698352316,11,11,1.0,11,1.0,True,LOWVOL20,VOL20,20,21,20_baseline_calendar_entries,20,True,False,True,False,False,False,True
LOWVOL20,common_10_20_40_exact_sample,55,2025-10-16,Q3,-0.049192417217736824,0.3935098695014074,11,11,1.0,11,1.0,True,LOWVOL20,VOL20,20,21,20_baseline_calendar_entries,20,True,False,True,False,False,False,True
LOWVOL20,common_10_20_40_exact_sample,55,2025-10-16,Q4,0.01898195951223984,0.3410621479271729,11,11,1.0,11,1.0,True,LOWVOL20,VOL20,20,21,20_baseline_calendar_entries,20,True,False,True,False,False,False,True
LOWVOL20,common_10_20_40_exact_sample,55,2025-10-16,Q5,0.03386838988286596,0.3000826902442811,10,10,1.0,10,1.0,True,LOWVOL20,VOL20,20,21,20_baseline_calendar_entries,20,True,False,True,False,False,False,True
LOWVOL20,common_10_20_40_exact_sample,55,2025-10-16,UNIVERSE,-0.022123321746903395,0.37592403650339973,54,54,1.0,54,1.0,True,LOWVOL20,VOL20,20,21,20_baseline_calendar_entries,20,True,False,True,False,False,False,True
LOWVOL20,common_10_20_40_exact_sample,55,2025-10-16,Q5-Q1,0.06916221944582013,-0.16763556977459482,54,54,1.0,54,1.0,True,LOWVOL20,VOL20,20,21,20_baseline_calendar_entries,20,True,False,True,False,False,False,True
LOWVOL20,common_10_20_40_exact_sample,55,2025-10-16,Q5-UNIVERSE,0.055991711629769354,-0.07584134625911865,54,54,1.0,54,1.0,True,LOWVOL20,VOL20,20,21,20_baseline_calendar_entries,20,True,False,True,False,False,False,True
LOWVOL20,common_10_20_40_exact_sample,56,2025-11-13,Q1,-0.008926718073187588,0.538543249357472,11,11,1.0,11,1.0,True,LOWVOL20,VOL20,20,21,20_baseline_calendar_entries,20,True,False,True,False,False,False,True
LOWVOL20,common_10_20_40_exact_sample,56,2025-11-13,Q2,0.025061410091496185,0.44964078325292295,11,11,1.0,11,1.0,True,LOWVOL20,VOL20,20,21,20_baseline_calendar_entries,20,True,False,True,False,False,False,True
LOWVOL20,common_10_20_40_exact_sample,56,2025-11-13,Q3,-0.037922645837668426,0.38268954522905757,11,11,1.0,11,1.0,True,LOWVOL20,VOL20,20,21,20_baseline_calendar_entries,20,True,False,True,False,False,False,True
LOWVOL20,common_10_20_40_exact_sample,56,2025-11-13,Q4,-0.023608480774849307,0.35753811089850146,11,11,1.0,11,1.0,True,LOWVOL20,VOL20,20,21,20_baseline_calendar_entries,20,True,False,True,False,False,False,True
LOWVOL20,common_10_20_40_exact_sample,56,2025-11-13,Q5,-0.02550387258319159,0.3515153041839379,10,10,1.0,10,1.0,True,LOWVOL20,VOL20,20,21,20_baseline_calendar_entries,20,True,False,True,False,False,False,True
LOWVOL20,common_10_20_40_exact_sample,56,2025-11-13,UNIVERSE,-0.013970361229041047,0.4171792892214236,54,54,1.0,54,1.0,True,LOWVOL20,VOL20,20,21,20_baseline_calendar_entries,20,True,False,True,False,False,False,True
LOWVOL20,common_10_20_40_exact_sample,56,2025-11-13,Q5-Q1,-0.016577154510004,-0.1870279451735341,54,54,1.0,54,1.0,True,LOWVOL20,VOL20,20,21,20_baseline_calendar_entries,20,True,False,True,False,False,False,True
LOWVOL20,common_10_20_40_exact_sample,56,2025-11-13,Q5-UNIVERSE,-0.011533511354150542,-0.06566398503748572,54,54,1.0,54,1.0,True,LOWVOL20,VOL20,20,21,20_baseline_calendar_entries,20,True,False,True,False,False,False,True
LOWVOL40,common_10_20_40_exact_sample,1,2021-04-29,Q1,,,0,0,0.0,0,0.0,True,LOWVOL20,VOL20,20,21,20_baseline_calendar_entries,20,True,False,True,False,False,False,True
LOWVOL40,common_10_20_40_exact_sample,1,2021-04-29,Q2,,,0,0,0.0,0,0.0,True,LOWVOL20,VOL20,20,21,20_baseline_calendar_entries,20,True,False,True,False,False,False,True
LOWVOL40,common_10_20_40_exact_sample,1,2021-04-29,Q3,,,0,0,0.0,0,0.0,True,LOWVOL20,VOL20,20,21,20_baseline_calendar_entries,20,True,False,True,False,False,False,True
LOWVOL40,common_10_20_40_exact_sample,1,2021-04-29,Q4,,,0,0,0.0,0,0.0,True,LOWVOL20,VOL20,20,21,20_baseline_calendar_entries,20,True,False,True,False,False,False,True
LOWVOL40,common_10_20_40_exact_sample,1,2021-04-29,Q5,,,0,0,0.0,0,0.0,True,LOWVOL20,VOL20,20,21,20_baseline_calendar_entries,20,True,False,True,False,False,False,True
LOWVOL40,common_10_20_40_exact_sample,1,2021-04-29,UNIVERSE,0.03183315038419332,0.3986665192898153,1,1,1.0,1,1.0,True,LOWVOL20,VOL20,20,21,20_baseline_calendar_entries,20,True,False,True,False,False,False,True
LOWVOL40,common_10_20_40_exact_sample,1,2021-04-29,Q5-Q1,,,1,1,1.0,1,1.0,True,LOWVOL20,VOL20,20,21,20_baseline_calendar_entries,20,True,False,True,False,False,False,True
LOWVOL40,common_10_20_40_exact_sample,1,2021-04-29,Q5-UNIVERSE,,,1,1,1.0,1,1.0,True,LOWVOL20,VOL20,20,21,20_baseline_calendar_entries,20,True,False,True,False,False,False,True
LOWVOL40,common_10_20_40_exact_sample,2,2021-06-01,Q1,0.19105139510207433,0.6184718476702277,10,10,1.0,9,0.9,True,LOWVOL20,VOL20,20,21,20_baseline_calendar_entries,20,True,False,True,False,False,False,True
LOWVOL40,common_10_20_40_exact_sample,2,2021-06-01,Q2,0.049072220862904345,0.46022510426441415,10,10,1.0,10,1.0,True,LOWVOL20,VOL20,20,21,20_baseline_calendar_entries,20,True,False,True,False,False,False,True
LOWVOL40,common_10_20_40_exact_sample,2,2021-06-01,Q3,0.024671198217007608,0.44887629880700036,9,9,1.0,9,1.0,True,LOWVOL20,VOL20,20,21,20_baseline_calendar_entries,20,True,False,True,False,False,False,True
LOWVOL40,common_10_20_40_exact_sample,2,2021-06-01,Q4,0.010577867025253453,0.37334775293241607,9,9,1.0,9,1.0,True,LOWVOL20,VOL20,20,21,20_baseline_calendar_entries,20,True,False,True,False,False,False,True
LOWVOL40,common_10_20_40_exact_sample,2,2021-06-01,Q5,0.03594571402465652,0.37374134643548795,9,9,1.0,9,1.0,True,LOWVOL20,VOL20,20,21,20_baseline_calendar_entries,20,True,False,True,False,False,False,True
LOWVOL40,common_10_20_40_exact_sample,2,2021-06-01,UNIVERSE,0.06472317389472436,0.45504752728805065,47,47,1.0,46,0.9787234042553191,True,LOWVOL20,VOL20,20,21,20_baseline_calendar_entries,20,True,False,True,False,False,False,True
LOWVOL40,common_10_20_40_exact_sample,2,2021-06-01,Q5-Q1,-0.15510568107741782,-0.24473050123473972,47,47,1.0,46,0.9787234042553191,True,LOWVOL20,VOL20,20,21,20_baseline_calendar_entries,20,True,False,True,False,False,False,True
LOWVOL40,common_10_20_40_exact_sample,2,2021-06-01,Q5-UNIVERSE,-0.028777459870067842,-0.08130618085256269,47,47,1.0,46,0.9787234042553191,True,LOWVOL20,VOL20,20,21,20_baseline_calendar_entries,20,True,False,True,False,False,False,True
LOWVOL40,common_10_20_40_exact_sample,3,2021-06-30,Q1,-0.08443921707217543,0.5739601128069987,10,10,1.0,10,1.0,True,LOWVOL20,VOL20,20,21,20_baseline_calendar_entries,20,True,False,True,False,False,False,True
LOWVOL40,common_10_20_40_exact_sample,3,2021-06-30,Q2,-0.04223729389599322,0.5748394903677367,10,10,1.0,10,1.0,True,LOWVOL20,VOL20,20,21,20_baseline_calendar_entries,20,True,False,True,False,False,False,True
LOWVOL40,common_10_20_40_exact_sample,3,2021-06-30,Q3,0.00558166679103146,0.45966106410665897,9,9,1.0,9,1.0,True,LOWVOL20,VOL20,20,21,20_baseline_calendar_entries,20,True,False,True,False,False,False,True
LOWVOL40,common_10_20_40_exact_sample,3,2021-06-30,Q4,-0.07552751621778385,0.3591342537928801,9,9,1.0,9,1.0,True,LOWVOL20,VOL20,20,21,20_baseline_calendar_entries,20,True,False,True,False,False,False,True
LOWVOL40,common_10_20_40_exact_sample,3,2021-06-30,Q5,-0.011057145853064634,0.34998016790527026,9,9,1.0,9,1.0,True,LOWVOL20,VOL20,20,21,20_baseline_calendar_entries,20,True,False,True,False,False,False,True
LOWVOL40,common_10_20_40_exact_sample,3,2021-06-30,UNIVERSE,-0.04246366100425616,0.46823351923384327,47,47,1.0,47,1.0,True,LOWVOL20,VOL20,20,21,20_baseline_calendar_entries,20,True,False,True,False,False,False,True
LOWVOL40,common_10_20_40_exact_sample,3,2021-06-30,Q5-Q1,0.07338207121911079,-0.2239799449017284,47,47,1.0,47,1.0,True,LOWVOL20,VOL20,20,21,20_baseline_calendar_entries,20,True,False,True,False,False,False,True
LOWVOL40,common_10_20_40_exact_sample,3,2021-06-30,Q5-UNIVERSE,0.03140651515119153,-0.11825335132857301,47,47,1.0,47,1.0,True,LOWVOL20,VOL20,20,21,20_baseline_calendar_entries,20,True,False,True,False,False,False,True
LOWVOL40,common_10_20_40_exact_sample,4,2021-07-28,Q1,0.16137430856182797,0.7728134750505672,10,10,1.0,10,1.0,True,LOWVOL20,VOL20,20,21,20_baseline_calendar_entries,20,True,False,True,False,False,False,True
LOWVOL40,common_10_20_40_exact_sample,4,2021-07-28,Q2,0.1362764483876949,0.46829995512113864,10,10,1.0,10,1.0,True,LOWVOL20,VOL20,20,21,20_baseline_calendar_entries,20,True,False,True,False,False,False,True
LOWVOL40,common_10_20_40_exact_sample,4,2021-07-28,Q3,0.01694820365000634,0.4000740365459186,9,9,1.0,9,1.0,True,LOWVOL20,VOL20,20,21,20_baseline_calendar_entries,20,True,False,True,False,False,False,True
LOWVOL40,common_10_20_40_exact_sample,4,2021-07-28,Q4,0.08295744435180788,0.4466902394709415,9,9,1.0,9,1.0,True,LOWVOL20,VOL20,20,21,20_baseline_calendar_entries,20,True,False,True,False,False,False,True
LOWVOL40,common_10_20_40_exact_sample,4,2021-07-28,Q5,0.09617725017109774,0.37464758245635954,9,9,1.0,9,1.0,True,LOWVOL20,VOL20,20,21,20_baseline_calendar_entries,20,True,False,True,False,False,False,True
LOWVOL40,common_10_20_40_exact_sample,4,2021-07-28,UNIVERSE,0.10087773729896675,0.49795406442502205,47,47,1.0,47,1.0,True,LOWVOL20,VOL20,20,21,20_baseline_calendar_entries,20,True,False,True,False,False,False,True
LOWVOL40,common_10_20_40_exact_sample,4,2021-07-28,Q5-Q1,-0.06519705839073023,-0.39816589259420765,47,47,1.0,47,1.0,True,LOWVOL20,VOL20,20,21,20_baseline_calendar_entries,20,True,False,True,False,False,False,True
LOWVOL40,common_10_20_40_exact_sample,4,2021-07-28,Q5-UNIVERSE,-0.00470048712786901,-0.1233064819686625,47,47,1.0,47,1.0,True,LOWVOL20,VOL20,20,21,20_baseline_calendar_entries,20,True,False,True,False,False,False,True
LOWVOL40,common_10_20_40_exact_sample,5,2021-08-25,Q1,-0.08946123605786215,0.6203847089744337,10,10,1.0,10,1.0,True,LOWVOL20,VOL20,20,21,20_baseline_calendar_entries,20,True,False,True,False,False,False,True
LOWVOL40,common_10_20_40_exact_sample,5,2021-08-25,Q2,-0.04009847493347511,0.4780918930893031,10,10,1.0,10,1.0,True,LOWVOL20,VOL20,20,21,20_baseline_calendar_entries,20,True,False,True,False,False,False,True
LOWVOL40,common_10_20_40_exact_sample,5,2021-08-25,Q3,-0.025903768018947282,0.40472981192104723,10,10,1.0,10,1.0,True,LOWVOL20,VOL20,20,21,20_baseline_calendar_entries,20,True,False,True,False,False,False,True
LOWVOL40,common_10_20_40_exact_sample,5,2021-08-25,Q4,0.009497710480343702,0.38393241801957173,10,10,1.0,10,1.0,True,LOWVOL20,VOL20,20,21,20_baseline_calendar_entries,20,True,False,True,False,False,False,True
LOWVOL40,common_10_20_40_exact_sample,5,2021-08-25,Q5,0.034729553162527946,0.405834180750343,10,10,1.0,10,1.0,True,LOWVOL20,VOL20,20,21,20_baseline_calendar_entries,20,True,False,True,False,False,False,True
LOWVOL40,common_10_20_40_exact_sample,5,2021-08-25,UNIVERSE,-0.02224724307348258,0.45859460255093987,50,50,1.0,50,1.0,True,LOWVOL20,VOL20,20,21,20_baseline_calendar_entries,20,True,False,True,False,False,False,True
LOWVOL40,common_10_20_40_exact_sample,5,2021-08-25,Q5-Q1,0.12419078922039009,-0.21455052822409065,50,50,1.0,50,1.0,True,LOWVOL20,VOL20,20,21,20_baseline_calendar_entries,20,True,False,True,False,False,False,True
LOWVOL40,common_10_20_40_exact_sample,5,2021-08-25,Q5-UNIVERSE,0.05697679623601053,-0.05276042180059687,50,50,1.0,50,1.0,True,LOWVOL20,VOL20,20,21,20_baseline_calendar_entries,20,True,False,True,False,False,False,True
LOWVOL40,common_10_20_40_exact_sample,6,2021-09-24,Q1,-0.043938197265695866,0.6277507704175174,10,10,1.0,10,1.0,True,LOWVOL20,VOL20,20,21,20_baseline_calendar_entries,20,True,False,True,False,False,False,True
LOWVOL40,common_10_20_40_exact_sample,6,2021-09-24,Q2,-0.008274073781232816,0.5550580525226361,10,10,1.0,10,1.0,True,LOWVOL20,VOL20,20,21,20_baseline_calendar_entries,20,True,False,True,False,False,False,True
LOWVOL40,common_10_20_40_exact_sample,6,2021-09-24,Q3,-0.01322452928133041,0.5038231200996627,10,10,1.0,10,1.0,True,LOWVOL20,VOL20,20,21,20_baseline_calendar_entries,20,True,False,True,False,False,False,True
LOWVOL40,common_10_20_40_exact_sample,6,2021-09-24,Q4,-0.07047094412368057,0.3957328154912808,10,10,1.0,10,1.0,True,LOWVOL20,VOL20,20,21,20_baseline_calendar_entries,20,True,False,True,False,False,False,True
LOWVOL40,common_10_20_40_exact_sample,6,2021-09-24,Q5,-0.06178827358513352,0.32502980672417603,10,10,1.0,10,1.0,True,LOWVOL20,VOL20,20,21,20_baseline_calendar_entries,20,True,False,True,False,False,False,True
LOWVOL40,common_10_20_40_exact_sample,6,2021-09-24,UNIVERSE,-0.039539203607414634,0.4814789130510546,50,50,1.0,50,1.0,True,LOWVOL20,VOL20,20,21,20_baseline_calendar_entries,20,True,False,True,False,False,False,True
LOWVOL40,common_10_20_40_exact_sample,6,2021-09-24,Q5-Q1,-0.017850076319437656,-0.30272096369334134,50,50,1.0,50,1.0,True,LOWVOL20,VOL20,20,21,20_baseline_calendar_entries,20,True,False,True,False,False,False,True
LOWVOL40,common_10_20_40_exact_sample,6,2021-09-24,Q5-UNIVERSE,-0.02224906997771889,-0.15644910632687858,50,50,1.0,50,1.0,True,LOWVOL20,VOL20,20,21,20_baseline_calendar_entries,20,True,False,True,False,False,False,True
LOWVOL40,common_10_20_40_exact_sample,7,2021-10-29,Q1,0.13255180464987196,0.5452301699868971,11,11,1.0,11,1.0,True,LOWVOL20,VOL20,20,21,20_baseline_calendar_entries,20,True,False,True,False,False,False,True
LOWVOL40,common_10_20_40_exact_sample,7,2021-10-29,Q2,0.12857265143814015,0.4701814379186603,10,10,1.0,10,1.0,True,LOWVOL20,VOL20,20,21,20_baseline_calendar_entries,20,True,False,True,False,False,False,True
LOWVOL40,common_10_20_40_exact_sample,7,2021-10-29,Q3,0.1225271850298096,0.43607704242129025,10,10,1.0,10,1.0,True,LOWVOL20,VOL20,20,21,20_baseline_calendar_entries,20,True,False,True,False,False,False,True
LOWVOL40,common_10_20_40_exact_sample,7,2021-10-29,Q4,0.028920681504034984,0.32284105541727276,10,10,1.0,10,1.0,True,LOWVOL20,VOL20,20,21,20_baseline_calendar_entries,20,True,False,True,False,False,False,True
LOWVOL40,common_10_20_40_exact_sample,7,2021-10-29,Q5,0.12289401934656807,0.2987215540881458,10,10,1.0,10,1.0,True,LOWVOL20,VOL20,20,21,20_baseline_calendar_entries,20,True,False,True,False,False,False,True
LOWVOL40,common_10_20_40_exact_sample,7,2021-10-29,UNIVERSE,0.1075924553791004,0.4171714268295992,51,51,1.0,51,1.0,True,LOWVOL20,VOL20,20,21,20_baseline_calendar_entries,20,True,False,True,False,False,False,True
LOWVOL40,common_10_20_40_exact_sample,7,2021-10-29,Q5-Q1,-0.009657785303303884,-0.24650861589875128,51,51,1.0,51,1.0,True,LOWVOL20,VOL20,20,21,20_baseline_calendar_entries,20,True,False,True,False,False,False,True
LOWVOL40,common_10_20_40_exact_sample,7,2021-10-29,Q5-UNIVERSE,0.01530156396746768,-0.11844987274145335,51,51,1.0,51,1.0,True,LOWVOL20,VOL20,20,21,20_baseline_calendar_entries,20,True,False,True,False,False,False,True
LOWVOL40,common_10_20_40_exact_sample,8,2021-11-26,Q1,0.02075859849955799,0.5196063351202382,11,11,1.0,11,1.0,True,LOWVOL20,VOL20,20,21,20_baseline_calendar_entries,20,True,False,True,False,False,False,True
LOWVOL40,common_10_20_40_exact_sample,8,2021-11-26,Q2,-0.020980383333505336,0.4863027714458331,10,10,1.0,10,1.0,True,LOWVOL20,VOL20,20,21,20_baseline_calendar_entries,20,True,False,True,False,False,False,True
LOWVOL40,common_10_20_40_exact_sample,8,2021-11-26,Q3,0.004155755246420745,0.43865569028286844,10,10,1.0,10,1.0,True,LOWVOL20,VOL20,20,21,20_baseline_calendar_entries,20,True,False,True,False,False,False,True
LOWVOL40,common_10_20_40_exact_sample,8,2021-11-26,Q4,-0.0011371998048232634,0.3678840766561653,10,10,1.0,10,1.0,True,LOWVOL20,VOL20,20,21,20_baseline_calendar_entries,20,True,False,True,False,False,False,True
LOWVOL40,common_10_20_40_exact_sample,8,2021-11-26,Q5,0.021776378953171603,0.3339080063419563,10,10,1.0,10,1.0,True,LOWVOL20,VOL20,20,21,20_baseline_calendar_entries,20,True,False,True,False,False,False,True
LOWVOL40,common_10_20_40_exact_sample,8,2021-11-26,UNIVERSE,0.0052252959628975556,0.43104264967825207,51,51,1.0,51,1.0,True,LOWVOL20,VOL20,20,21,20_baseline_calendar_entries,20,True,False,True,False,False,False,True
LOWVOL40,common_10_20_40_exact_sample,8,2021-11-26,Q5-Q1,0.0010177804536136148,-0.18569832877828196,51,51,1.0,51,1.0,True,LOWVOL20,VOL20,20,21,20_baseline_calendar_entries,20,True,False,True,False,False,False,True
LOWVOL40,common_10_20_40_exact_sample,8,2021-11-26,Q5-UNIVERSE,0.01655108299027405,-0.09713464333629579,51,51,1.0,51,1.0,True,LOWVOL20,VOL20,20,21,20_baseline_calendar_entries,20,True,False,True,False,False,False,True
LOWVOL40,common_10_20_40_exact_sample,9,2021-12-24,Q1,-0.012164329659795727,0.5646316321841158,11,11,1.0,11,1.0,True,LOWVOL20,VOL20,20,21,20_baseline_calendar_entries,20,True,False,True,False,False,False,True
LOWVOL40,common_10_20_40_exact_sample,9,2021-12-24,Q2,-0.020016639051142194,0.5289385715121313,10,10,1.0,10,1.0,True,LOWVOL20,VOL20,20,21,20_baseline_calendar_entries,20,True,False,True,False,False,False,True
LOWVOL40,common_10_20_40_exact_sample,9,2021-12-24,Q3,0.010549839835518127,0.477831882624257,10,10,1.0,10,1.0,True,LOWVOL20,VOL20,20,21,20_baseline_calendar_entries,20,True,False,True,False,False,False,True
LOWVOL40,common_10_20_40_exact_sample,9,2021-12-24,Q4,0.1225014128403877,0.48012016209701125,10,10,1.0,10,1.0,True,LOWVOL20,VOL20,20,21,20_baseline_calendar_entries,20,True,False,True,False,False,False,True
LOWVOL40,common_10_20_40_exact_sample,9,2021-12-24,Q5,0.06070746932165487,0.3188355556920564,10,10,1.0,10,1.0,True,LOWVOL20,VOL20,20,21,20_baseline_calendar_entries,20,True,False,True,False,False,False,True
LOWVOL40,common_10_20_40_exact_sample,9,2021-12-24,UNIVERSE,0.03144339614130259,0.4758472484956831,51,51,1.0,51,1.0,True,LOWVOL20,VOL20,20,21,20_baseline_calendar_entries,20,True,False,True,False,False,False,True
LOWVOL40,common_10_20_40_exact_sample,9,2021-12-24,Q5-Q1,0.0728717989814506,-0.24579607649205942,51,51,1.0,51,1.0,True,LOWVOL20,VOL20,20,21,20_baseline_calendar_entries,20,True,False,True,False,False,False,True
LOWVOL40,common_10_20_40_exact_sample,9,2021-12-24,Q5-UNIVERSE,0.029264073180352276,-0.1570116928036267,51,51,1.0,51,1.0,True,LOWVOL20,VOL20,20,21,20_baseline_calendar_entries,20,True,False,True,False,False,False,True
LOWVOL40,common_10_20_40_exact_sample,10,2022-01-24,Q1,-0.11738892668924482,0.6271548312133107,11,11,1.0,11,1.0,True,LOWVOL20,VOL20,20,21,20_baseline_calendar_entries,20,True,False,True,False,False,False,True
LOWVOL40,common_10_20_40_exact_sample,10,2022-01-24,Q2,-0.04388224163568265,0.5310477840294154,10,10,1.0,10,1.0,True,LOWVOL20,VOL20,20,21,20_baseline_calendar_entries,20,True,False,True,False,False,False,True
LOWVOL40,common_10_20_40_exact_sample,10,2022-01-24,Q3,-0.09966787860211399,0.5130622666926602,10,10,1.0,10,1.0,True,LOWVOL20,VOL20,20,21,20_baseline_calendar_entries,20,True,False,True,False,False,False,True
LOWVOL40,common_10_20_40_exact_sample,10,2022-01-24,Q4,-0.01780384163587201,0.455713869581902,10,10,1.0,10,1.0,True,LOWVOL20,VOL20,20,21,20_baseline_calendar_entries,20,True,False,True,False,False,False,True
LOWVOL40,common_10_20_40_exact_sample,10,2022-01-24,Q5,-0.029602284282645008,0.42574646571607555,10,10,1.0,10,1.0,True,LOWVOL20,VOL20,20,21,20_baseline_calendar_entries,20,True,False,True,False,False,False,True
LOWVOL40,common_10_20_40_exact_sample,10,2022-01-24,UNIVERSE,-0.06276158147342803,0.5128315098734696,51,51,1.0,51,1.0,True,LOWVOL20,VOL20,20,21,20_baseline_calendar_entries,20,True,False,True,False,False,False,True
LOWVOL40,common_10_20_40_exact_sample,10,2022-01-24,Q5-Q1,0.08778664240659981,-0.20140836549723518,51,51,1.0,51,1.0,True,LOWVOL20,VOL20,20,21,20_baseline_calendar_entries,20,True,False,True,False,False,False,True
LOWVOL40,common_10_20_40_exact_sample,10,2022-01-24,Q5-UNIVERSE,0.03315929719078302,-0.08708504415739404,51,51,1.0,51,1.0,True,LOWVOL20,VOL20,20,21,20_baseline_calendar_entries,20,True,False,True,False,False,False,True
LOWVOL40,common_10_20_40_exact_sample,11,2022-02-28,Q1,-0.10997710480007429,0.4762295406286092,11,11,1.0,11,1.0,True,LOWVOL20,VOL20,20,21,20_baseline_calendar_entries,20,True,False,True,False,False,False,True
LOWVOL40,common_10_20_40_exact_sample,11,2022-02-28,Q2,-0.0935445150246016,0.41098999204756925,10,10,1.0,10,1.0,True,LOWVOL20,VOL20,20,21,20_baseline_calendar_entries,20,True,False,True,False,False,False,True
LOWVOL40,common_10_20_40_exact_sample,11,2022-02-28,Q3,-0.11103336705712878,0.548964307610739,10,10,1.0,10,1.0,True,LOWVOL20,VOL20,20,21,20_baseline_calendar_entries,20,True,False,True,False,False,False,True
LOWVOL40,common_10_20_40_exact_sample,11,2022-02-28,Q4,-0.13063499453075444,0.3959802783005684,10,10,1.0,10,1.0,True,LOWVOL20,VOL20,20,21,20_baseline_calendar_entries,20,True,False,True,False,False,False,True
LOWVOL40,common_10_20_40_exact_sample,11,2022-02-28,Q5,-0.12073448464292542,0.42036800648516026,10,10,1.0,10,1.0,True,LOWVOL20,VOL20,20,21,20_baseline_calendar_entries,20,True,False,True,False,False,False,True
LOWVOL40,common_10_20_40_exact_sample,11,2022-02-28,UNIVERSE,-0.11312199539911606,0.4510107998304916,51,51,1.0,51,1.0,True,LOWVOL20,VOL20,20,21,20_baseline_calendar_entries,20,True,False,True,False,False,False,True
LOWVOL40,common_10_20_40_exact_sample,11,2022-02-28,Q5-Q1,-0.010757379842851134,-0.055861534143448965,51,51,1.0,51,1.0,True,LOWVOL20,VOL20,20,21,20_baseline_calendar_entries,20,True,False,True,False,False,False,True
LOWVOL40,common_10_20_40_exact_sample,11,2022-02-28,Q5-UNIVERSE,-0.007612489243809362,-0.03064279334533132,51,51,1.0,51,1.0,True,LOWVOL20,VOL20,20,21,20_baseline_calendar_entries,20,True,False,True,False,False,False,True
LOWVOL40,common_10_20_40_exact_sample,12,2022-03-28,Q1,-0.2639034144350411,0.6311365400218435,11,11,1.0,11,1.0,True,LOWVOL20,VOL20,20,21,20_baseline_calendar_entries,20,True,False,True,False,False,False,True
LOWVOL40,common_10_20_40_exact_sample,12,2022-03-28,Q2,-0.22202175480688724,0.6022850794638153,10,10,1.0,10,1.0,True,LOWVOL20,VOL20,20,21,20_baseline_calendar_entries,20,True,False,True,False,False,False,True
LOWVOL40,common_10_20_40_exact_sample,12,2022-03-28,Q3,-0.1846279948659671,0.5651011174509836,10,10,1.0,10,1.0,True,LOWVOL20,VOL20,20,21,20_baseline_calendar_entries,20,True,False,True,False,False,False,True
LOWVOL40,common_10_20_40_exact_sample,12,2022-03-28,Q4,-0.12135024930951621,0.5630314320850476,10,10,1.0,10,1.0,True,LOWVOL20,VOL20,20,21,20_baseline_calendar_entries,20,True,False,True,False,False,False,True
LOWVOL40,common_10_20_40_exact_sample,12,2022-03-28,Q5,-0.20257422876257997,0.5019326842231607,10,10,1.0,10,1.0,True,LOWVOL20,VOL20,20,21,20_baseline_calendar_entries,20,True,False,True,False,False,False,True
LOWVOL40,common_10_20_40_exact_sample,12,2022-03-28,UNIVERSE,-0.20017019286735213,0.5738432367151048,51,51,1.0,51,1.0,True,LOWVOL20,VOL20,20,21,20_baseline_calendar_entries,20,True,False,True,False,False,False,True
LOWVOL40,common_10_20_40_exact_sample,12,2022-03-28,Q5-Q1,0.06132918567246115,-0.12920385579868277,51,51,1.0,51,1.0,True,LOWVOL20,VOL20,20,21,20_baseline_calendar_entries,20,True,False,True,False,False,False,True
LOWVOL40,common_10_20_40_exact_sample,12,2022-03-28,Q5-UNIVERSE,-0.002404035895227835,-0.07191055249194411,51,51,1.0,51,1.0,True,LOWVOL20,VOL20,20,21,20_baseline_calendar_entries,20,True,False,True,False,False,False,True
LOWVOL40,common_10_20_40_exact_sample,13,2022-04-27,Q1,0.1684811122000749,0.579456747280232,11,11,1.0,11,1.0,True,LOWVOL20,VOL20,20,21,20_baseline_calendar_entries,20,True,False,True,False,False,False,True
LOWVOL40,common_10_20_40_exact_sample,13,2022-04-27,Q2,0.09914300814413543,0.44464319992090645,10,10,1.0,10,1.0,True,LOWVOL20,VOL20,20,21,20_baseline_calendar_entries,20,True,False,True,False,False,False,True
LOWVOL40,common_10_20_40_exact_sample,13,2022-04-27,Q3,0.1357499760015831,0.45939923939058447,10,10,1.0,10,1.0,True,LOWVOL20,VOL20,20,21,20_baseline_calendar_entries,20,True,False,True,False,False,False,True
LOWVOL40,common_10_20_40_exact_sample,13,2022-04-27,Q4,0.13256016184529287,0.4545815786481285,10,10,1.0,10,1.0,True,LOWVOL20,VOL20,20,21,20_baseline_calendar_entries,20,True,False,True,False,False,False,True
LOWVOL40,common_10_20_40_exact_sample,13,2022-04-27,Q5,0.04897535370498006,0.37794380851240894,10,10,1.0,10,1.0,True,LOWVOL20,VOL20,20,21,20_baseline_calendar_entries,20,True,False,True,False,False,False,True
LOWVOL40,common_10_20_40_exact_sample,13,2022-04-27,UNIVERSE,0.11799171041491643,0.46548436244711444,51,51,1.0,51,1.0,True,LOWVOL20,VOL20,20,21,20_baseline_calendar_entries,20,True,False,True,False,False,False,True
LOWVOL40,common_10_20_40_exact_sample,13,2022-04-27,Q5-Q1,-0.11950575849509483,-0.20151293876782306,51,51,1.0,51,1.0,True,LOWVOL20,VOL20,20,21,20_baseline_calendar_entries,20,True,False,True,False,False,False,True
LOWVOL40,common_10_20_40_exact_sample,13,2022-04-27,Q5-UNIVERSE,-0.06901635670993637,-0.0875405539347055,51,51,1.0,51,1.0,True,LOWVOL20,VOL20,20,21,20_baseline_calendar_entries,20,True,False,True,False,False,False,True
LOWVOL40,common_10_20_40_exact_sample,14,2022-05-30,Q1,0.10933285880682546,0.4383189651553728,11,11,1.0,11,1.0,True,LOWVOL20,VOL20,20,21,20_baseline_calendar_entries,20,True,False,True,False,False,False,True
LOWVOL40,common_10_20_40_exact_sample,14,2022-05-30,Q2,0.12058800459279649,0.38634275116239647,11,11,1.0,11,1.0,True,LOWVOL20,VOL20,20,21,20_baseline_calendar_entries,20,True,False,True,False,False,False,True
LOWVOL40,common_10_20_40_exact_sample,14,2022-05-30,Q3,0.1339623031366135,0.40609598584446616,10,10,1.0,10,1.0,True,LOWVOL20,VOL20,20,21,20_baseline_calendar_entries,20,True,False,True,False,False,False,True
LOWVOL40,common_10_20_40_exact_sample,14,2022-05-30,Q4,0.1129286567766842,0.390760743642255,10,10,1.0,10,1.0,True,LOWVOL20,VOL20,20,21,20_baseline_calendar_entries,20,True,False,True,False,False,False,True
LOWVOL40,common_10_20_40_exact_sample,14,2022-05-30,Q5,0.10558795046303238,0.32927439835218736,10,10,1.0,10,1.0,True,LOWVOL20,VOL20,20,21,20_baseline_calendar_entries,20,True,False,True,False,False,False,True
LOWVOL40,common_10_20_40_exact_sample,14,2022-05-30,UNIVERSE,0.11642151156075273,0.3910113491900874,52,52,1.0,52,1.0,True,LOWVOL20,VOL20,20,21,20_baseline_calendar_entries,20,True,False,True,False,False,False,True
LOWVOL40,common_10_20_40_exact_sample,14,2022-05-30,Q5-Q1,-0.0037449083437930825,-0.10904456680318542,52,52,1.0,52,1.0,True,LOWVOL20,VOL20,20,21,20_baseline_calendar_entries,20,True,False,True,False,False,False,True
LOWVOL40,common_10_20_40_exact_sample,14,2022-05-30,Q5-UNIVERSE,-0.010833561097720351,-0.06173695083790004,52,52,1.0,52,1.0,True,LOWVOL20,VOL20,20,21,20_baseline_calendar_entries,20,True,False,True,False,False,False,True
LOWVOL40,common_10_20_40_exact_sample,15,2022-06-28,Q1,-0.03842019868082364,0.42258234144728973,11,11,1.0,11,1.0,True,LOWVOL20,VOL20,20,21,20_baseline_calendar_entries,20,True,False,True,False,False,False,True
LOWVOL40,common_10_20_40_exact_sample,15,2022-06-28,Q2,-0.0228173827431004,0.42664013446825655,11,11,1.0,11,1.0,True,LOWVOL20,VOL20,20,21,20_baseline_calendar_entries,20,True,False,True,False,False,False,True
LOWVOL40,common_10_20_40_exact_sample,15,2022-06-28,Q3,-0.006467095541236334,0.36100183932424107,10,10,1.0,10,1.0,True,LOWVOL20,VOL20,20,21,20_baseline_calendar_entries,20,True,False,True,False,False,False,True
LOWVOL40,common_10_20_40_exact_sample,15,2022-06-28,Q4,-0.0219376773564418,0.36357578271882324,10,10,1.0,10,1.0,True,LOWVOL20,VOL20,20,21,20_baseline_calendar_entries,20,True,False,True,False,False,False,True
LOWVOL40,common_10_20_40_exact_sample,15,2022-06-28,Q5,0.011251456479194843,0.37146482850448515,10,10,1.0,10,1.0,True,LOWVOL20,VOL20,20,21,20_baseline_calendar_entries,20,True,False,True,False,False,False,True
LOWVOL40,common_10_20_40_exact_sample,15,2022-06-28,UNIVERSE,-0.016252818458615335,0.39042061039512505,52,52,1.0,52,1.0,True,LOWVOL20,VOL20,20,21,20_baseline_calendar_entries,20,True,False,True,False,False,False,True
LOWVOL40,common_10_20_40_exact_sample,15,2022-06-28,Q5-Q1,0.04967165516001849,-0.05111751294280459,52,52,1.0,52,1.0,True,LOWVOL20,VOL20,20,21,20_baseline_calendar_entries,20,True,False,True,False,False,False,True
LOWVOL40,common_10_20_40_exact_sample,15,2022-06-28,Q5-UNIVERSE,0.02750427493781018,-0.0189557818906399,52,52,1.0,52,1.0,True,LOWVOL20,VOL20,20,21,20_baseline_calendar_entries,20,True,False,True,False,False,False,True
LOWVOL40,common_10_20_40_exact_sample,16,2022-07-26,Q1,0.021926162414406015,0.5121339822802556,11,11,1.0,11,1.0,True,LOWVOL20,VOL20,20,21,20_baseline_calendar_entries,20,True,False,True,False,False,False,True
LOWVOL40,common_10_20_40_exact_sample,16,2022-07-26,Q2,0.03764008351010732,0.4134903200025379,11,11,1.0,11,1.0,True,LOWVOL20,VOL20,20,21,20_baseline_calendar_entries,20,True,False,True,False,False,False,True
LOWVOL40,common_10_20_40_exact_sample,16,2022-07-26,Q3,0.015873238475159555,0.3835896167139158,10,10,1.0,10,1.0,True,LOWVOL20,VOL20,20,21,20_baseline_calendar_entries,20,True,False,True,False,False,False,True
LOWVOL40,common_10_20_40_exact_sample,16,2022-07-26,Q4,0.08119392666690745,0.4774346343697699,10,10,1.0,10,1.0,True,LOWVOL20,VOL20,20,21,20_baseline_calendar_entries,20,True,False,True,False,False,False,True
LOWVOL40,common_10_20_40_exact_sample,16,2022-07-26,Q5,-0.012092806216470386,0.32194664761723685,10,10,1.0,10,1.0,True,LOWVOL20,VOL20,20,21,20_baseline_calendar_entries,20,True,False,True,False,False,False,True
LOWVOL40,common_10_20_40_exact_sample,16,2022-07-26,UNIVERSE,0.02894177489280025,0.4232995444638454,52,52,1.0,52,1.0,True,LOWVOL20,VOL20,20,21,20_baseline_calendar_entries,20,True,False,True,False,False,False,True
LOWVOL40,common_10_20_40_exact_sample,16,2022-07-26,Q5-Q1,-0.0340189686308764,-0.1901873346630188,52,52,1.0,52,1.0,True,LOWVOL20,VOL20,20,21,20_baseline_calendar_entries,20,True,False,True,False,False,False,True
LOWVOL40,common_10_20_40_exact_sample,16,2022-07-26,Q5-UNIVERSE,-0.041034581109270635,-0.10135289684660853,52,52,1.0,52,1.0,True,LOWVOL20,VOL20,20,21,20_baseline_calendar_entries,20,True,False,True,False,False,False,True
LOWVOL40,common_10_20_40_exact_sample,17,2022-08-23,Q1,-0.1249377152752721,0.4199710660749313,11,11,1.0,11,1.0,True,LOWVOL20,VOL20,20,21,20_baseline_calendar_entries,20,True,False,True,False,False,False,True
LOWVOL40,common_10_20_40_exact_sample,17,2022-08-23,Q2,-0.03814207116029617,0.5224625960030675,11,11,1.0,11,1.0,True,LOWVOL20,VOL20,20,21,20_baseline_calendar_entries,20,True,False,True,False,False,False,True
LOWVOL40,common_10_20_40_exact_sample,17,2022-08-23,Q3,-0.10854629807424984,0.3643049498534019,10,10,1.0,10,1.0,True,LOWVOL20,VOL20,20,21,20_baseline_calendar_entries,20,True,False,True,False,False,False,True
LOWVOL40,common_10_20_40_exact_sample,17,2022-08-23,Q4,-0.10086814231038184,0.2828170097262831,10,10,1.0,10,1.0,True,LOWVOL20,VOL20,20,21,20_baseline_calendar_entries,20,True,False,True,False,False,False,True
LOWVOL40,common_10_20_40_exact_sample,17,2022-08-23,Q5,-0.0729493741475697,0.2495285279140828,10,10,1.0,10,1.0,True,LOWVOL20,VOL20,20,21,20_baseline_calendar_entries,20,True,False,True,False,False,False,True
LOWVOL40,common_10_20_40_exact_sample,17,2022-08-23,UNIVERSE,-0.08879838069448587,0.3717937530345321,52,52,1.0,52,1.0,True,LOWVOL20,VOL20,20,21,20_baseline_calendar_entries,20,True,False,True,False,False,False,True
LOWVOL40,common_10_20_40_exact_sample,17,2022-08-23,Q5-Q1,0.0519883411277024,-0.17044253816084848,52,52,1.0,52,1.0,True,LOWVOL20,VOL20,20,21,20_baseline_calendar_entries,20,True,False,True,False,False,False,True
LOWVOL40,common_10_20_40_exact_sample,17,2022-08-23,Q5-UNIVERSE,0.015849006546916164,-0.1222652251204493,52,52,1.0,52,1.0,True,LOWVOL20,VOL20,20,21,20_baseline_calendar_entries,20,True,False,True,False,False,False,True
LOWVOL40,common_10_20_40_exact_sample,18,2022-09-21,Q1,0.027397360364251798,0.5453970369625889,11,11,1.0,11,1.0,True,LOWVOL20,VOL20,20,21,20_baseline_calendar_entries,20,True,False,True,False,False,False,True
LOWVOL40,common_10_20_40_exact_sample,18,2022-09-21,Q2,0.12045399043648901,0.5359245843731739,11,11,1.0,11,1.0,True,LOWVOL20,VOL20,20,21,20_baseline_calendar_entries,20,True,False,True,False,False,False,True
LOWVOL40,common_10_20_40_exact_sample,18,2022-09-21,Q3,0.007848760719253889,0.4324253774858583,10,10,1.0,10,1.0,True,LOWVOL20,VOL20,20,21,20_baseline_calendar_entries,20,True,False,True,False,False,False,True
LOWVOL40,common_10_20_40_exact_sample,18,2022-09-21,Q4,0.02869805517726167,0.3670095918071363,10,10,1.0,10,1.0,True,LOWVOL20,VOL20,20,21,20_baseline_calendar_entries,20,True,False,True,False,False,False,True
LOWVOL40,common_10_20_40_exact_sample,18,2022-09-21,Q5,0.0013563546810624882,0.3576771649990099,10,10,1.0,10,1.0,True,LOWVOL20,VOL20,20,21,20_baseline_calendar_entries,20,True,False,True,False,False,False,True
LOWVOL40,common_10_20_40_exact_sample,18,2022-09-21,UNIVERSE,0.03856531854969095,0.4512626764925661,52,52,1.0,52,1.0,True,LOWVOL20,VOL20,20,21,20_baseline_calendar_entries,20,True,False,True,False,False,False,True
LOWVOL40,common_10_20_40_exact_sample,18,2022-09-21,Q5-Q1,-0.02604100568318931,-0.18771987196357898,52,52,1.0,52,1.0,True,LOWVOL20,VOL20,20,21,20_baseline_calendar_entries,20,True,False,True,False,False,False,True
LOWVOL40,common_10_20_40_exact_sample,18,2022-09-21,Q5-UNIVERSE,-0.03720896386862846,-0.09358551149355615,52,52,1.0,52,1.0,True,LOWVOL20,VOL20,20,21,20_baseline_calendar_entries,20,True,False,True,False,False,False,True
LOWVOL40,common_10_20_40_exact_sample,19,2022-10-26,Q1,-0.0077716406872262445,0.47051229112477083,11,11,1.0,11,1.0,True,LOWVOL20,VOL20,20,21,20_baseline_calendar_entries,20,True,False,True,False,False,False,True
LOWVOL40,common_10_20_40_exact_sample,19,2022-10-26,Q2,0.05105019626025861,0.48665511225450814,11,11,1.0,11,1.0,True,LOWVOL20,VOL20,20,21,20_baseline_calendar_entries,20,True,False,True,False,False,False,True
LOWVOL40,common_10_20_40_exact_sample,19,2022-10-26,Q3,0.034269911312648185,0.44960769511942994,11,11,1.0,11,1.0,True,LOWVOL20,VOL20,20,21,20_baseline_calendar_entries,20,True,False,True,False,False,False,True
LOWVOL40,common_10_20_40_exact_sample,19,2022-10-26,Q4,0.09857212382649287,0.4898603804407645,10,10,1.0,10,1.0,True,LOWVOL20,VOL20,20,21,20_baseline_calendar_entries,20,True,False,True,False,False,False,True
LOWVOL40,common_10_20_40_exact_sample,19,2022-10-26,Q5,0.05876124075180704,0.3362640653679268,10,10,1.0,10,1.0,True,LOWVOL20,VOL20,20,21,20_baseline_calendar_entries,20,True,False,True,False,False,False,True
LOWVOL40,common_10_20_40_exact_sample,19,2022-10-26,UNIVERSE,0.04578050531180162,0.44784472719948515,53,53,1.0,53,1.0,True,LOWVOL20,VOL20,20,21,20_baseline_calendar_entries,20,True,False,True,False,False,False,True
LOWVOL40,common_10_20_40_exact_sample,19,2022-10-26,Q5-Q1,0.06653288143903328,-0.13424822575684403,53,53,1.0,53,1.0,True,LOWVOL20,VOL20,20,21,20_baseline_calendar_entries,20,True,False,True,False,False,False,True
LOWVOL40,common_10_20_40_exact_sample,19,2022-10-26,Q5-UNIVERSE,0.012980735440005421,-0.11158066183155835,53,53,1.0,53,1.0,True,LOWVOL20,VOL20,20,21,20_baseline_calendar_entries,20,True,False,True,False,False,False,True
LOWVOL40,common_10_20_40_exact_sample,20,2022-11-23,Q1,-0.11679123952689126,0.3525960296965115,11,11,1.0,11,1.0,True,LOWVOL20,VOL20,20,21,20_baseline_calendar_entries,20,True,False,True,False,False,False,True
LOWVOL40,common_10_20_40_exact_sample,20,2022-11-23,Q2,-0.04825137753802618,0.36541794081955187,11,11,1.0,11,1.0,True,LOWVOL20,VOL20,20,21,20_baseline_calendar_entries,20,True,False,True,False,False,False,True
LOWVOL40,common_10_20_40_exact_sample,20,2022-11-23,Q3,-0.07520485791652233,0.3117757711017174,11,11,1.0,11,1.0,True,LOWVOL20,VOL20,20,21,20_baseline_calendar_entries,20,True,False,True,False,False,False,True
LOWVOL40,common_10_20_40_exact_sample,20,2022-11-23,Q4,-0.012714077097743848,0.32004736328869254,10,10,1.0,10,1.0,True,LOWVOL20,VOL20,20,21,20_baseline_calendar_entries,20,True,False,True,False,False,False,True
LOWVOL40,common_10_20_40_exact_sample,20,2022-11-23,Q5,-0.05372708955878054,0.26988704802594843,10,10,1.0,10,1.0,True,LOWVOL20,VOL20,20,21,20_baseline_calendar_entries,20,True,False,True,False,False,False,True
LOWVOL40,common_10_20_40_exact_sample,20,2022-11-23,UNIVERSE,-0.062398752667190215,0.3250383258668302,53,53,1.0,53,1.0,True,LOWVOL20,VOL20,20,21,20_baseline_calendar_entries,20,True,False,True,False,False,False,True
LOWVOL40,common_10_20_40_exact_sample,20,2022-11-23,Q5-Q1,0.06306414996811072,-0.08270898167056306,53,53,1.0,53,1.0,True,LOWVOL20,VOL20,20,21,20_baseline_calendar_entries,20,True,False,True,False,False,False,True
LOWVOL40,common_10_20_40_exact_sample,20,2022-11-23,Q5-UNIVERSE,0.008671663108409673,-0.05515127784088175,53,53,1.0,53,1.0,True,LOWVOL20,VOL20,20,21,20_baseline_calendar_entries,20,True,False,True,False,False,False,True
LOWVOL40,common_10_20_40_exact_sample,21,2022-12-21,Q1,0.1414283410785996,0.49220404570118725,11,11,1.0,11,1.0,True,LOWVOL20,VOL20,20,21,20_baseline_calendar_entries,20,True,False,True,False,False,False,True
LOWVOL40,common_10_20_40_exact_sample,21,2022-12-21,Q2,0.08943188059962917,0.3332302591952902,11,11,1.0,11,1.0,True,LOWVOL20,VOL20,20,21,20_baseline_calendar_entries,20,True,False,True,False,False,False,True
LOWVOL40,common_10_20_40_exact_sample,21,2022-12-21,Q3,0.1624847182802365,0.38335873550031396,11,11,1.0,11,1.0,True,LOWVOL20,VOL20,20,21,20_baseline_calendar_entries,20,True,False,True,False,False,False,True
LOWVOL40,common_10_20_40_exact_sample,21,2022-12-21,Q4,0.11320754895618682,0.3196946881769531,10,10,1.0,10,1.0,True,LOWVOL20,VOL20,20,21,20_baseline_calendar_entries,20,True,False,True,False,False,False,True
LOWVOL40,common_10_20_40_exact_sample,21,2022-12-21,Q5,0.11413071688583198,0.30190621925329886,10,10,1.0,10,1.0,True,LOWVOL20,VOL20,20,21,20_baseline_calendar_entries,20,True,False,True,False,False,False,True
LOWVOL40,common_10_20_40_exact_sample,21,2022-12-21,UNIVERSE,0.12453164147100576,0.3681647645031551,53,53,1.0,53,1.0,True,LOWVOL20,VOL20,20,21,20_baseline_calendar_entries,20,True,False,True,False,False,False,True
LOWVOL40,common_10_20_40_exact_sample,21,2022-12-21,Q5-Q1,-0.027297624192767628,-0.1902978264478884,53,53,1.0,53,1.0,True,LOWVOL20,VOL20,20,21,20_baseline_calendar_entries,20,True,False,True,False,False,False,True
LOWVOL40,common_10_20_40_exact_sample,21,2022-12-21,Q5-UNIVERSE,-0.010400924585173776,-0.06625854524985625,53,53,1.0,53,1.0,True,LOWVOL20,VOL20,20,21,20_baseline_calendar_entries,20,True,False,True,False,False,False,True
LOWVOL40,common_10_20_40_exact_sample,22,2023-01-19,Q1,0.013790999939774689,0.5037551327540588,11,11,1.0,11,1.0,True,LOWVOL20,VOL20,20,21,20_baseline_calendar_entries,20,True,False,True,False,False,False,True
LOWVOL40,common_10_20_40_exact_sample,22,2023-01-19,Q2,0.06030263321534582,0.4909093441544456,11,11,1.0,11,1.0,True,LOWVOL20,VOL20,20,21,20_baseline_calendar_entries,20,True,False,True,False,False,False,True
LOWVOL40,common_10_20_40_exact_sample,22,2023-01-19,Q3,0.05773513468787022,0.4018096018583954,11,11,1.0,11,1.0,True,LOWVOL20,VOL20,20,21,20_baseline_calendar_entries,20,True,False,True,False,False,False,True
LOWVOL40,common_10_20_40_exact_sample,22,2023-01-19,Q4,0.09124849158419114,0.4639311730806256,11,11,1.0,11,1.0,True,LOWVOL20,VOL20,20,21,20_baseline_calendar_entries,20,True,False,True,False,False,False,True
LOWVOL40,common_10_20_40_exact_sample,22,2023-01-19,Q5,0.14709472589220648,0.43827838090978394,10,10,1.0,10,1.0,True,LOWVOL20,VOL20,20,21,20_baseline_calendar_entries,20,True,False,True,False,False,False,True
LOWVOL40,common_10_20_40_exact_sample,22,2023-01-19,UNIVERSE,0.07268142801150121,0.4601341033226041,54,54,1.0,54,1.0,True,LOWVOL20,VOL20,20,21,20_baseline_calendar_entries,20,True,False,True,False,False,False,True
LOWVOL40,common_10_20_40_exact_sample,22,2023-01-19,Q5-Q1,0.13330372595243178,-0.06547675184427487,54,54,1.0,54,1.0,True,LOWVOL20,VOL20,20,21,20_baseline_calendar_entries,20,True,False,True,False,False,False,True
LOWVOL40,common_10_20_40_exact_sample,22,2023-01-19,Q5-UNIVERSE,0.07441329788070528,-0.02185572241282019,54,54,1.0,54,1.0,True,LOWVOL20,VOL20,20,21,20_baseline_calendar_entries,20,True,False,True,False,False,False,True
LOWVOL40,common_10_20_40_exact_sample,23,2023-02-23,Q1,0.19047113974028748,0.5514528481500893,11,11,1.0,11,1.0,True,LOWVOL20,VOL20,20,21,20_baseline_calendar_entries,20,True,False,True,False,False,False,True
LOWVOL40,common_10_20_40_exact_sample,23,2023-02-23,Q2,0.17321816168027343,0.5363547142159919,11,11,1.0,11,1.0,True,LOWVOL20,VOL20,20,21,20_baseline_calendar_entries,20,True,False,True,False,False,False,True
LOWVOL40,common_10_20_40_exact_sample,23,2023-02-23,Q3,0.24012802021133284,0.6463728658456548,11,11,1.0,11,1.0,True,LOWVOL20,VOL20,20,21,20_baseline_calendar_entries,20,True,False,True,False,False,False,True
LOWVOL40,common_10_20_40_exact_sample,23,2023-02-23,Q4,0.0818366492608759,0.415176672258997,11,11,1.0,11,1.0,True,LOWVOL20,VOL20,20,21,20_baseline_calendar_entries,20,True,False,True,False,False,False,True
LOWVOL40,common_10_20_40_exact_sample,23,2023-02-23,Q5,0.1424250609928263,0.4058133898643984,10,10,1.0,10,1.0,True,LOWVOL20,VOL20,20,21,20_baseline_calendar_entries,20,True,False,True,False,False,False,True
LOWVOL40,common_10_20_40_exact_sample,23,2023-02-23,UNIVERSE,0.16604526462497646,0.5129826297004082,54,54,1.0,54,1.0,True,LOWVOL20,VOL20,20,21,20_baseline_calendar_entries,20,True,False,True,False,False,False,True
LOWVOL40,common_10_20_40_exact_sample,23,2023-02-23,Q5-Q1,-0.04804607874746117,-0.14563945828569091,54,54,1.0,54,1.0,True,LOWVOL20,VOL20,20,21,20_baseline_calendar_entries,20,True,False,True,False,False,False,True
LOWVOL40,common_10_20_40_exact_sample,23,2023-02-23,Q5-UNIVERSE,-0.023620203632150144,-0.10716923983600979,54,54,1.0,54,1.0,True,LOWVOL20,VOL20,20,21,20_baseline_calendar_entries,20,True,False,True,False,False,False,True
LOWVOL40,common_10_20_40_exact_sample,24,2023-03-23,Q1,0.03452672662966485,0.8723456112214488,11,11,1.0,11,1.0,True,LOWVOL20,VOL20,20,21,20_baseline_calendar_entries,20,True,False,True,False,False,False,True
LOWVOL40,common_10_20_40_exact_sample,24,2023-03-23,Q2,0.009463687661177788,0.7581306707495398,11,11,1.0,11,1.0,True,LOWVOL20,VOL20,20,21,20_baseline_calendar_entries,20,True,False,True,False,False,False,True
LOWVOL40,common_10_20_40_exact_sample,24,2023-03-23,Q3,-0.03164179034705243,0.6243696860684659,11,11,1.0,11,1.0,True,LOWVOL20,VOL20,20,21,20_baseline_calendar_entries,20,True,False,True,False,False,False,True
LOWVOL40,common_10_20_40_exact_sample,24,2023-03-23,Q4,-0.022796300044036936,0.633906278884839,11,11,1.0,11,1.0,True,LOWVOL20,VOL20,20,21,20_baseline_calendar_entries,20,True,False,True,False,False,False,True
LOWVOL40,common_10_20_40_exact_sample,24,2023-03-23,Q5,-0.02945660078545239,0.42664677924924793,10,10,1.0,10,1.0,True,LOWVOL20,VOL20,20,21,20_baseline_calendar_entries,20,True,False,True,False,False,False,True
LOWVOL40,common_10_20_40_exact_sample,24,2023-03-23,UNIVERSE,-0.007583156388097001,0.6674581946048095,54,54,1.0,54,1.0,True,LOWVOL20,VOL20,20,21,20_baseline_calendar_entries,20,True,False,True,False,False,False,True
LOWVOL40,common_10_20_40_exact_sample,24,2023-03-23,Q5-Q1,-0.06398332741511724,-0.4456988319722009,54,54,1.0,54,1.0,True,LOWVOL20,VOL20,20,21,20_baseline_calendar_entries,20,True,False,True,False,False,False,True
LOWVOL40,common_10_20_40_exact_sample,24,2023-03-23,Q5-UNIVERSE,-0.02187344439735539,-0.24081141535556155,54,54,1.0,54,1.0,True,LOWVOL20,VOL20,20,21,20_baseline_calendar_entries,20,True,False,True,False,False,False,True
LOWVOL40,common_10_20_40_exact_sample,25,2023-04-21,Q1,-0.0137573693580552,0.8945205244526626,11,11,1.0,11,1.0,True,LOWVOL20,VOL20,20,21,20_baseline_calendar_entries,20,True,False,True,False,False,False,True
LOWVOL40,common_10_20_40_exact_sample,25,2023-04-21,Q2,-0.08521279027336458,0.6450973723427599,11,11,1.0,11,1.0,True,LOWVOL20,VOL20,20,21,20_baseline_calendar_entries,20,True,False,True,False,False,False,True
LOWVOL40,common_10_20_40_exact_sample,25,2023-04-21,Q3,-0.07818308209029096,0.557054447386731,11,11,1.0,11,1.0,True,LOWVOL20,VOL20,20,21,20_baseline_calendar_entries,20,True,False,True,False,False,False,True
LOWVOL40,common_10_20_40_exact_sample,25,2023-04-21,Q4,-0.05362686673973072,0.4590426581734537,11,11,1.0,11,1.0,True,LOWVOL20,VOL20,20,21,20_baseline_calendar_entries,20,True,False,True,False,False,False,True
LOWVOL40,common_10_20_40_exact_sample,25,2023-04-21,Q5,-0.02080545384746545,0.35619117789169497,10,10,1.0,10,1.0,True,LOWVOL20,VOL20,20,21,20_baseline_calendar_entries,20,True,False,True,False,False,False,True
LOWVOL40,common_10_20_40_exact_sample,25,2023-04-21,UNIVERSE,-0.050863624658342786,0.5865699408301598,54,54,1.0,54,1.0,True,LOWVOL20,VOL20,20,21,20_baseline_calendar_entries,20,True,False,True,False,False,False,True
LOWVOL40,common_10_20_40_exact_sample,25,2023-04-21,Q5-Q1,-0.00704808448941025,-0.5383293465609676,54,54,1.0,54,1.0,True,LOWVOL20,VOL20,20,21,20_baseline_calendar_entries,20,True,False,True,False,False,False,True
LOWVOL40,common_10_20_40_exact_sample,25,2023-04-21,Q5-UNIVERSE,0.030058170810877336,-0.23037876293846482,54,54,1.0,54,1.0,True,LOWVOL20,VOL20,20,21,20_baseline_calendar_entries,20,True,False,True,False,False,False,True
LOWVOL40,common_10_20_40_exact_sample,26,2023-05-24,Q1,0.14898490856220137,0.6589752574910888,11,11,1.0,11,1.0,True,LOWVOL20,VOL20,20,21,20_baseline_calendar_entries,20,True,False,True,False,False,False,True
LOWVOL40,common_10_20_40_exact_sample,26,2023-05-24,Q2,0.22935800928330433,0.5752301742138897,11,11,1.0,11,1.0,True,LOWVOL20,VOL20,20,21,20_baseline_calendar_entries,20,True,False,True,False,False,False,True
LOWVOL40,common_10_20_40_exact_sample,26,2023-05-24,Q3,0.2289788394673476,0.5193594521751669,11,11,1.0,11,1.0,True,LOWVOL20,VOL20,20,21,20_baseline_calendar_entries,20,True,False,True,False,False,False,True
LOWVOL40,common_10_20_40_exact_sample,26,2023-05-24,Q4,0.05667024101425527,0.40948131545366145,11,11,1.0,11,1.0,True,LOWVOL20,VOL20,20,21,20_baseline_calendar_entries,20,True,False,True,False,False,False,True
LOWVOL40,common_10_20_40_exact_sample,26,2023-05-24,Q5,0.03273558392167721,0.30098839653487297,10,10,1.0,10,1.0,True,LOWVOL20,VOL20,20,21,20_baseline_calendar_entries,20,True,False,True,False,False,False,True
LOWVOL40,common_10_20_40_exact_sample,26,2023-05-24,UNIVERSE,0.14131977445953645,0.49635911403741856,54,54,1.0,54,1.0,True,LOWVOL20,VOL20,20,21,20_baseline_calendar_entries,20,True,False,True,False,False,False,True
LOWVOL40,common_10_20_40_exact_sample,26,2023-05-24,Q5-Q1,-0.11624932464052415,-0.3579868609562158,54,54,1.0,54,1.0,True,LOWVOL20,VOL20,20,21,20_baseline_calendar_entries,20,True,False,True,False,False,False,True
LOWVOL40,common_10_20_40_exact_sample,26,2023-05-24,Q5-UNIVERSE,-0.10858419053785923,-0.1953707175025456,54,54,1.0,54,1.0,True,LOWVOL20,VOL20,20,21,20_baseline_calendar_entries,20,True,False,True,False,False,False,True
LOWVOL40,common_10_20_40_exact_sample,27,2023-06-21,Q1,-0.1588040562220758,0.6133605795338558,11,11,1.0,11,1.0,True,LOWVOL20,VOL20,20,21,20_baseline_calendar_entries,20,True,False,True,False,False,False,True
LOWVOL40,common_10_20_40_exact_sample,27,2023-06-21,Q2,-0.1326333463616242,0.500673969372852,11,11,1.0,11,1.0,True,LOWVOL20,VOL20,20,21,20_baseline_calendar_entries,20,True,False,True,False,False,False,True
LOWVOL40,common_10_20_40_exact_sample,27,2023-06-21,Q3,-0.1413447302568479,0.5046966541341271,11,11,1.0,11,1.0,True,LOWVOL20,VOL20,20,21,20_baseline_calendar_entries,20,True,False,True,False,False,False,True
LOWVOL40,common_10_20_40_exact_sample,27,2023-06-21,Q4,-0.08451741487488128,0.34788420958095284,11,11,1.0,11,1.0,True,LOWVOL20,VOL20,20,21,20_baseline_calendar_entries,20,True,False,True,False,False,False,True
LOWVOL40,common_10_20_40_exact_sample,27,2023-06-21,Q5,-0.0313185056614972,0.3117567171677823,10,10,1.0,10,1.0,True,LOWVOL20,VOL20,20,21,20_baseline_calendar_entries,20,True,False,True,False,False,False,True
LOWVOL40,common_10_20_40_exact_sample,27,2023-06-21,UNIVERSE,-0.11117555706453135,0.45833956871328674,54,54,1.0,54,1.0,True,LOWVOL20,VOL20,20,21,20_baseline_calendar_entries,20,True,False,True,False,False,False,True
LOWVOL40,common_10_20_40_exact_sample,27,2023-06-21,Q5-Q1,0.1274855505605786,-0.3016038623660735,54,54,1.0,54,1.0,True,LOWVOL20,VOL20,20,21,20_baseline_calendar_entries,20,True,False,True,False,False,False,True
LOWVOL40,common_10_20_40_exact_sample,27,2023-06-21,Q5-UNIVERSE,0.07985705140303415,-0.14658285154550443,54,54,1.0,54,1.0,True,LOWVOL20,VOL20,20,21,20_baseline_calendar_entries,20,True,False,True,False,False,False,True
LOWVOL40,common_10_20_40_exact_sample,28,2023-07-21,Q1,-0.10880682947681079,0.4658269590339822,11,11,1.0,11,1.0,True,LOWVOL20,VOL20,20,21,20_baseline_calendar_entries,20,True,False,True,False,False,False,True
LOWVOL40,common_10_20_40_exact_sample,28,2023-07-21,Q2,-0.07754474516854035,0.42309797892585244,11,11,1.0,11,1.0,True,LOWVOL20,VOL20,20,21,20_baseline_calendar_entries,20,True,False,True,False,False,False,True
LOWVOL40,common_10_20_40_exact_sample,28,2023-07-21,Q3,-0.056223426449518187,0.3640330777017287,11,11,1.0,11,1.0,True,LOWVOL20,VOL20,20,21,20_baseline_calendar_entries,20,True,False,True,False,False,False,True
LOWVOL40,common_10_20_40_exact_sample,28,2023-07-21,Q4,-0.01236387093471862,0.3065080840899207,11,11,1.0,11,1.0,True,LOWVOL20,VOL20,20,21,20_baseline_calendar_entries,20,True,False,True,False,False,False,True
LOWVOL40,common_10_20_40_exact_sample,28,2023-07-21,Q5,-0.033206301493677794,0.27449563883802053,10,10,1.0,10,1.0,True,LOWVOL20,VOL20,20,21,20_baseline_calendar_entries,20,True,False,True,False,False,False,True
LOWVOL40,common_10_20_40_exact_sample,28,2023-07-21,UNIVERSE,-0.058081307541893425,0.36850154603049134,54,54,1.0,54,1.0,True,LOWVOL20,VOL20,20,21,20_baseline_calendar_entries,20,True,False,True,False,False,False,True
LOWVOL40,common_10_20_40_exact_sample,28,2023-07-21,Q5-Q1,0.07560052798313299,-0.19133132019596166,54,54,1.0,54,1.0,True,LOWVOL20,VOL20,20,21,20_baseline_calendar_entries,20,True,False,True,False,False,False,True
LOWVOL40,common_10_20_40_exact_sample,28,2023-07-21,Q5-UNIVERSE,0.02487500604821563,-0.09400590719247082,54,54,1.0,54,1.0,True,LOWVOL20,VOL20,20,21,20_baseline_calendar_entries,20,True,False,True,False,False,False,True
LOWVOL40,common_10_20_40_exact_sample,29,2023-08-18,Q1,-0.0750194402114456,0.5155708591003715,11,11,1.0,11,1.0,True,LOWVOL20,VOL20,20,21,20_baseline_calendar_entries,20,True,False,True,False,False,False,True
LOWVOL40,common_10_20_40_exact_sample,29,2023-08-18,Q2,-0.017301812167600072,0.4554954905943175,11,11,1.0,11,1.0,True,LOWVOL20,VOL20,20,21,20_baseline_calendar_entries,20,True,False,True,False,False,False,True
LOWVOL40,common_10_20_40_exact_sample,29,2023-08-18,Q3,-0.015749790858780102,0.4681644955088735,11,11,1.0,11,1.0,True,LOWVOL20,VOL20,20,21,20_baseline_calendar_entries,20,True,False,True,False,False,False,True
LOWVOL40,common_10_20_40_exact_sample,29,2023-08-18,Q4,0.01168325503839976,0.4292942223520923,11,11,1.0,11,1.0,True,LOWVOL20,VOL20,20,21,20_baseline_calendar_entries,20,True,False,True,False,False,False,True
LOWVOL40,common_10_20_40_exact_sample,29,2023-08-18,Q5,-0.005834971526558819,0.3134396770429242,10,10,1.0,10,1.0,True,LOWVOL20,VOL20,20,21,20_baseline_calendar_entries,20,True,False,True,False,False,False,True
LOWVOL40,common_10_20_40_exact_sample,29,2023-08-18,UNIVERSE,-0.020715099730727302,0.43866986136187847,54,54,1.0,54,1.0,True,LOWVOL20,VOL20,20,21,20_baseline_calendar_entries,20,True,False,True,False,False,False,True
LOWVOL40,common_10_20_40_exact_sample,29,2023-08-18,Q5-Q1,0.06918446868488679,-0.2021311820574473,54,54,1.0,54,1.0,True,LOWVOL20,VOL20,20,21,20_baseline_calendar_entries,20,True,False,True,False,False,False,True
LOWVOL40,common_10_20_40_exact_sample,29,2023-08-18,Q5-UNIVERSE,0.014880128204168484,-0.12523018431895427,54,54,1.0,54,1.0,True,LOWVOL20,VOL20,20,21,20_baseline_calendar_entries,20,True,False,True,False,False,False,True
LOWVOL40,common_10_20_40_exact_sample,30,2023-09-15,Q1,-0.06361873329043435,0.4935763641987511,11,11,1.0,11,1.0,True,LOWVOL20,VOL20,20,21,20_baseline_calendar_entries,20,True,False,True,False,False,False,True
LOWVOL40,common_10_20_40_exact_sample,30,2023-09-15,Q2,-0.08718895223702407,0.4757377069229248,11,11,1.0,11,1.0,True,LOWVOL20,VOL20,20,21,20_baseline_calendar_entries,20,True,False,True,False,False,False,True
LOWVOL40,common_10_20_40_exact_sample,30,2023-09-15,Q3,-0.08102747304584114,0.372792721823922,11,11,1.0,11,1.0,True,LOWVOL20,VOL20,20,21,20_baseline_calendar_entries,20,True,False,True,False,False,False,True
LOWVOL40,common_10_20_40_exact_sample,30,2023-09-15,Q4,-0.07207270626335283,0.3013164493305618,11,11,1.0,11,1.0,True,LOWVOL20,VOL20,20,21,20_baseline_calendar_entries,20,True,False,True,False,False,False,True
LOWVOL40,common_10_20_40_exact_sample,30,2023-09-15,Q5,-0.08165351831700678,0.28241734942474234,10,10,1.0,10,1.0,True,LOWVOL20,VOL20,20,21,20_baseline_calendar_entries,20,True,False,True,False,False,False,True
LOWVOL40,common_10_20_40_exact_sample,30,2023-09-15,UNIVERSE,-0.07702817956246749,0.387070910357133,54,54,1.0,54,1.0,True,LOWVOL20,VOL20,20,21,20_baseline_calendar_entries,20,True,False,True,False,False,False,True
LOWVOL40,common_10_20_40_exact_sample,30,2023-09-15,Q5-Q1,-0.018034785026572422,-0.21115901477400878,54,54,1.0,54,1.0,True,LOWVOL20,VOL20,20,21,20_baseline_calendar_entries,20,True,False,True,False,False,False,True
LOWVOL40,common_10_20_40_exact_sample,30,2023-09-15,Q5-UNIVERSE,-0.004625338754539285,-0.10465356093239064,54,54,1.0,54,1.0,True,LOWVOL20,VOL20,20,21,20_baseline_calendar_entries,20,True,False,True,False,False,False,True
LOWVOL40,common_10_20_40_exact_sample,31,2023-10-23,Q1,0.2563499666898812,0.5504559062764423,11,11,1.0,11,1.0,True,LOWVOL20,VOL20,20,21,20_baseline_calendar_entries,20,True,False,True,False,False,False,True
LOWVOL40,common_10_20_40_exact_sample,31,2023-10-23,Q2,0.1532148900496774,0.43288418872199247,11,11,1.0,11,1.0,True,LOWVOL20,VOL20,20,21,20_baseline_calendar_entries,20,True,False,True,False,False,False,True
LOWVOL40,common_10_20_40_exact_sample,31,2023-10-23,Q3,0.1355395767089181,0.39867765800772825,11,11,1.0,11,1.0,True,LOWVOL20,VOL20,20,21,20_baseline_calendar_entries,20,True,False,True,False,False,False,True
LOWVOL40,common_10_20_40_exact_sample,31,2023-10-23,Q4,0.16414074048422467,0.34266844567227117,11,11,1.0,11,1.0,True,LOWVOL20,VOL20,20,21,20_baseline_calendar_entries,20,True,False,True,False,False,False,True
LOWVOL40,common_10_20_40_exact_sample,31,2023-10-23,Q5,0.1758807593674,0.3273324137303869,10,10,1.0,10,1.0,True,LOWVOL20,VOL20,20,21,20_baseline_calendar_entries,20,True,False,True,False,False,False,True
LOWVOL40,common_10_20_40_exact_sample,31,2023-10-23,UNIVERSE,0.17704637975803175,0.4119420800512341,54,54,1.0,54,1.0,True,LOWVOL20,VOL20,20,21,20_baseline_calendar_entries,20,True,False,True,False,False,False,True
LOWVOL40,common_10_20_40_exact_sample,31,2023-10-23,Q5-Q1,-0.0804692073224812,-0.22312349254605535,54,54,1.0,54,1.0,True,LOWVOL20,VOL20,20,21,20_baseline_calendar_entries,20,True,False,True,False,False,False,True
LOWVOL40,common_10_20_40_exact_sample,31,2023-10-23,Q5-UNIVERSE,-0.0011656203906317553,-0.08460966632084721,54,54,1.0,54,1.0,True,LOWVOL20,VOL20,20,21,20_baseline_calendar_entries,20,True,False,True,False,False,False,True
LOWVOL40,common_10_20_40_exact_sample,32,2023-11-20,Q1,-0.07341501305524345,0.47629609608129636,11,11,1.0,11,1.0,True,LOWVOL20,VOL20,20,21,20_baseline_calendar_entries,20,True,False,True,False,False,False,True
LOWVOL40,common_10_20_40_exact_sample,32,2023-11-20,Q2,-0.04234662115539899,0.42304102868294574,11,11,1.0,11,1.0,True,LOWVOL20,VOL20,20,21,20_baseline_calendar_entries,20,True,False,True,False,False,False,True
LOWVOL40,common_10_20_40_exact_sample,32,2023-11-20,Q3,-0.04266514246491928,0.35902433011130347,11,11,1.0,11,1.0,True,LOWVOL20,VOL20,20,21,20_baseline_calendar_entries,20,True,False,True,False,False,False,True
LOWVOL40,common_10_20_40_exact_sample,32,2023-11-20,Q4,-0.08226847797966354,0.29612295571840325,11,11,1.0,11,1.0,True,LOWVOL20,VOL20,20,21,20_baseline_calendar_entries,20,True,False,True,False,False,False,True
LOWVOL40,common_10_20_40_exact_sample,32,2023-11-20,Q5,-0.045204448791807,0.2957381244910523,10,10,1.0,10,1.0,True,LOWVOL20,VOL20,20,21,20_baseline_calendar_entries,20,True,False,True,False,False,False,True
LOWVOL40,common_10_20_40_exact_sample,32,2023-11-20,UNIVERSE,-0.05740170905788053,0.37142055113785116,54,54,1.0,54,1.0,True,LOWVOL20,VOL20,20,21,20_baseline_calendar_entries,20,True,False,True,False,False,False,True
LOWVOL40,common_10_20_40_exact_sample,32,2023-11-20,Q5-Q1,0.028210564263436447,-0.18055797159024406,54,54,1.0,54,1.0,True,LOWVOL20,VOL20,20,21,20_baseline_calendar_entries,20,True,False,True,False,False,False,True
LOWVOL40,common_10_20_40_exact_sample,32,2023-11-20,Q5-UNIVERSE,0.012197260266073526,-0.07568242664679886,54,54,1.0,54,1.0,True,LOWVOL20,VOL20,20,21,20_baseline_calendar_entries,20,True,False,True,False,False,False,True
LOWVOL40,common_10_20_40_exact_sample,33,2023-12-18,Q1,-0.10084320044024984,0.43306254919054654,11,11,1.0,11,1.0,True,LOWVOL20,VOL20,20,21,20_baseline_calendar_entries,20,True,False,True,False,False,False,True
LOWVOL40,common_10_20_40_exact_sample,33,2023-12-18,Q2,-0.14476974329140702,0.41470648399837695,11,11,1.0,11,1.0,True,LOWVOL20,VOL20,20,21,20_baseline_calendar_entries,20,True,False,True,False,False,False,True
LOWVOL40,common_10_20_40_exact_sample,33,2023-12-18,Q3,-0.10414949237581217,0.36800214842786566,11,11,1.0,11,1.0,True,LOWVOL20,VOL20,20,21,20_baseline_calendar_entries,20,True,False,True,False,False,False,True
LOWVOL40,common_10_20_40_exact_sample,33,2023-12-18,Q4,-0.10198926013007147,0.3218059908360265,11,11,1.0,11,1.0,True,LOWVOL20,VOL20,20,21,20_baseline_calendar_entries,20,True,False,True,False,False,False,True
LOWVOL40,common_10_20_40_exact_sample,33,2023-12-18,Q5,-0.09516030379473255,0.2811637319161369,10,10,1.0,10,1.0,True,LOWVOL20,VOL20,20,21,20_baseline_calendar_entries,20,True,False,True,False,False,False,True
LOWVOL40,common_10_20_40_exact_sample,33,2023-12-18,UNIVERSE,-0.10964577215852357,0.3652775225211544,54,54,1.0,54,1.0,True,LOWVOL20,VOL20,20,21,20_baseline_calendar_entries,20,True,False,True,False,False,False,True
LOWVOL40,common_10_20_40_exact_sample,33,2023-12-18,Q5-Q1,0.005682896645517299,-0.15189881727440963,54,54,1.0,54,1.0,True,LOWVOL20,VOL20,20,21,20_baseline_calendar_entries,20,True,False,True,False,False,False,True
LOWVOL40,common_10_20_40_exact_sample,33,2023-12-18,Q5-UNIVERSE,0.014485468363791026,-0.0841137906050175,54,54,1.0,54,1.0,True,LOWVOL20,VOL20,20,21,20_baseline_calendar_entries,20,True,False,True,False,False,False,True
LOWVOL40,common_10_20_40_exact_sample,34,2024-01-16,Q1,-0.00880434901036316,0.8299559992623794,11,11,1.0,11,1.0,True,LOWVOL20,VOL20,20,21,20_baseline_calendar_entries,20,True,False,True,False,False,False,True
LOWVOL40,common_10_20_40_exact_sample,34,2024-01-16,Q2,-0.11296758273937292,0.7905207615010744,11,11,1.0,11,1.0,True,LOWVOL20,VOL20,20,21,20_baseline_calendar_entries,20,True,False,True,False,False,False,True
LOWVOL40,common_10_20_40_exact_sample,34,2024-01-16,Q3,-0.07023124461579974,0.6850366707695312,11,11,1.0,11,1.0,True,LOWVOL20,VOL20,20,21,20_baseline_calendar_entries,20,True,False,True,False,False,False,True
LOWVOL40,common_10_20_40_exact_sample,34,2024-01-16,Q4,-0.13386324214763431,0.6710300058595791,11,11,1.0,11,1.0,True,LOWVOL20,VOL20,20,21,20_baseline_calendar_entries,20,True,False,True,False,False,False,True
LOWVOL40,common_10_20_40_exact_sample,34,2024-01-16,Q5,-0.08555981783036022,0.662606233792329,10,10,1.0,10,1.0,True,LOWVOL20,VOL20,20,21,20_baseline_calendar_entries,20,True,False,True,False,False,False,True
LOWVOL40,common_10_20_40_exact_sample,34,2024-01-16,UNIVERSE,-0.08222460707311988,0.729037780541509,54,54,1.0,54,1.0,True,LOWVOL20,VOL20,20,21,20_baseline_calendar_entries,20,True,False,True,False,False,False,True
LOWVOL40,common_10_20_40_exact_sample,34,2024-01-16,Q5-Q1,-0.07675546881999706,-0.16734976547005043,54,54,1.0,54,1.0,True,LOWVOL20,VOL20,20,21,20_baseline_calendar_entries,20,True,False,True,False,False,False,True
LOWVOL40,common_10_20_40_exact_sample,34,2024-01-16,Q5-UNIVERSE,-0.003335210757240345,-0.06643154674918006,54,54,1.0,54,1.0,True,LOWVOL20,VOL20,20,21,20_baseline_calendar_entries,20,True,False,True,False,False,False,True
LOWVOL40,common_10_20_40_exact_sample,35,2024-02-21,Q1,0.18550850927177223,0.6026546069699648,11,11,1.0,11,1.0,True,LOWVOL20,VOL20,20,21,20_baseline_calendar_entries,20,True,False,True,False,False,False,True
LOWVOL40,common_10_20_40_exact_sample,35,2024-02-21,Q2,0.19275178300683127,0.5471333778806252,11,11,1.0,11,1.0,True,LOWVOL20,VOL20,20,21,20_baseline_calendar_entries,20,True,False,True,False,False,False,True
LOWVOL40,common_10_20_40_exact_sample,35,2024-02-21,Q3,0.2411928044575253,0.5456382302818162,11,11,1.0,11,1.0,True,LOWVOL20,VOL20,20,21,20_baseline_calendar_entries,20,True,False,True,False,False,False,True
LOWVOL40,common_10_20_40_exact_sample,35,2024-02-21,Q4,0.17109241113944312,0.4700645281617532,11,11,1.0,11,1.0,True,LOWVOL20,VOL20,20,21,20_baseline_calendar_entries,20,True,False,True,False,False,False,True
LOWVOL40,common_10_20_40_exact_sample,35,2024-02-21,Q5,0.12921742574750675,0.4867623546678053,10,10,1.0,10,1.0,True,LOWVOL20,VOL20,20,21,20_baseline_calendar_entries,20,True,False,True,False,False,False,True
LOWVOL40,common_10_20_40_exact_sample,35,2024-02-21,UNIVERSE,0.18496620081678442,0.5312596615354409,54,54,1.0,54,1.0,True,LOWVOL20,VOL20,20,21,20_baseline_calendar_entries,20,True,False,True,False,False,False,True
LOWVOL40,common_10_20_40_exact_sample,35,2024-02-21,Q5-Q1,-0.056291083524265484,-0.11589225230215944,54,54,1.0,54,1.0,True,LOWVOL20,VOL20,20,21,20_baseline_calendar_entries,20,True,False,True,False,False,False,True
LOWVOL40,common_10_20_40_exact_sample,35,2024-02-21,Q5-UNIVERSE,-0.05574877506927767,-0.04449730686763559,54,54,1.0,54,1.0,True,LOWVOL20,VOL20,20,21,20_baseline_calendar_entries,20,True,False,True,False,False,False,True
LOWVOL40,common_10_20_40_exact_sample,36,2024-03-20,Q1,-0.1765167603667103,0.6999323613257254,11,11,1.0,11,1.0,True,LOWVOL20,VOL20,20,21,20_baseline_calendar_entries,20,True,False,True,False,False,False,True
LOWVOL40,common_10_20_40_exact_sample,36,2024-03-20,Q2,-0.1743753599061307,0.6298335996446679,11,11,1.0,11,1.0,True,LOWVOL20,VOL20,20,21,20_baseline_calendar_entries,20,True,False,True,False,False,False,True
LOWVOL40,common_10_20_40_exact_sample,36,2024-03-20,Q3,-0.15394471468190984,0.5656227160173869,11,11,1.0,11,1.0,True,LOWVOL20,VOL20,20,21,20_baseline_calendar_entries,20,True,False,True,False,False,False,True
LOWVOL40,common_10_20_40_exact_sample,36,2024-03-20,Q4,-0.1657078704862646,0.4973336764362751,11,11,1.0,11,1.0,True,LOWVOL20,VOL20,20,21,20_baseline_calendar_entries,20,True,False,True,False,False,False,True
LOWVOL40,common_10_20_40_exact_sample,36,2024-03-20,Q5,-0.1106237301713429,0.41990278201630316,10,10,1.0,10,1.0,True,LOWVOL20,VOL20,20,21,20_baseline_calendar_entries,20,True,False,True,False,False,False,True
LOWVOL40,common_10_20_40_exact_sample,36,2024-03-20,UNIVERSE,-0.15707831595489996,0.565166179774586,54,54,1.0,54,1.0,True,LOWVOL20,VOL20,20,21,20_baseline_calendar_entries,20,True,False,True,False,False,False,True
LOWVOL40,common_10_20_40_exact_sample,36,2024-03-20,Q5-Q1,0.0658930301953674,-0.2800295793094223,54,54,1.0,54,1.0,True,LOWVOL20,VOL20,20,21,20_baseline_calendar_entries,20,True,False,True,False,False,False,True
LOWVOL40,common_10_20_40_exact_sample,36,2024-03-20,Q5-UNIVERSE,0.04645458578355706,-0.1452633977582829,54,54,1.0,54,1.0,True,LOWVOL20,VOL20,20,21,20_baseline_calendar_entries,20,True,False,True,False,False,False,True
LOWVOL40,common_10_20_40_exact_sample,37,2024-04-19,Q1,0.08070506156579439,0.42027692052384763,11,11,1.0,11,1.0,True,LOWVOL20,VOL20,20,21,20_baseline_calendar_entries,20,True,False,True,False,False,False,True
LOWVOL40,common_10_20_40_exact_sample,37,2024-04-19,Q2,0.09823709781818118,0.39810379902520815,11,11,1.0,11,1.0,True,LOWVOL20,VOL20,20,21,20_baseline_calendar_entries,20,True,False,True,False,False,False,True
LOWVOL40,common_10_20_40_exact_sample,37,2024-04-19,Q3,0.03621790858239251,0.3647485072108569,11,11,1.0,11,1.0,True,LOWVOL20,VOL20,20,21,20_baseline_calendar_entries,20,True,False,True,False,False,False,True
LOWVOL40,common_10_20_40_exact_sample,37,2024-04-19,Q4,0.0662788695704196,0.3943357791602068,11,11,1.0,11,1.0,True,LOWVOL20,VOL20,20,21,20_baseline_calendar_entries,20,True,False,True,False,False,False,True
LOWVOL40,common_10_20_40_exact_sample,37,2024-04-19,Q5,-0.002460757314420159,0.37411330374789986,10,10,1.0,10,1.0,True,LOWVOL20,VOL20,20,21,20_baseline_calendar_entries,20,True,False,True,False,False,False,True
LOWVOL40,common_10_20_40_exact_sample,37,2024-04-19,UNIVERSE,0.05687445814371229,0.3906157056037095,54,54,1.0,54,1.0,True,LOWVOL20,VOL20,20,21,20_baseline_calendar_entries,20,True,False,True,False,False,False,True
LOWVOL40,common_10_20_40_exact_sample,37,2024-04-19,Q5-Q1,-0.08316581888021456,-0.04616361677594777,54,54,1.0,54,1.0,True,LOWVOL20,VOL20,20,21,20_baseline_calendar_entries,20,True,False,True,False,False,False,True
LOWVOL40,common_10_20_40_exact_sample,37,2024-04-19,Q5-UNIVERSE,-0.059335215458132445,-0.016502401855809645,54,54,1.0,54,1.0,True,LOWVOL20,VOL20,20,21,20_baseline_calendar_entries,20,True,False,True,False,False,False,True
LOWVOL40,common_10_20_40_exact_sample,38,2024-05-22,Q1,-0.09429084280760608,0.41455720505726,11,11,1.0,11,1.0,True,LOWVOL20,VOL20,20,21,20_baseline_calendar_entries,20,True,False,True,False,False,False,True
LOWVOL40,common_10_20_40_exact_sample,38,2024-05-22,Q2,-0.11053991843285806,0.3293632533554576,11,11,1.0,11,1.0,True,LOWVOL20,VOL20,20,21,20_baseline_calendar_entries,20,True,False,True,False,False,False,True
LOWVOL40,common_10_20_40_exact_sample,38,2024-05-22,Q3,-0.06296081137661184,0.3642043275380374,11,11,1.0,11,1.0,True,LOWVOL20,VOL20,20,21,20_baseline_calendar_entries,20,True,False,True,False,False,False,True
LOWVOL40,common_10_20_40_exact_sample,38,2024-05-22,Q4,-0.025449770488328607,0.36420849549455364,11,11,1.0,11,1.0,True,LOWVOL20,VOL20,20,21,20_baseline_calendar_entries,20,True,False,True,False,False,False,True
LOWVOL40,common_10_20_40_exact_sample,38,2024-05-22,Q5,-0.06979765854336938,0.33399016380837676,10,10,1.0,10,1.0,True,LOWVOL20,VOL20,20,21,20_baseline_calendar_entries,20,True,False,True,False,False,False,True
LOWVOL40,common_10_20_40_exact_sample,38,2024-05-22,UNIVERSE,-0.07265983999246564,0.3617697728515215,54,54,1.0,54,1.0,True,LOWVOL20,VOL20,20,21,20_baseline_calendar_entries,20,True,False,True,False,False,False,True
LOWVOL40,common_10_20_40_exact_sample,38,2024-05-22,Q5-Q1,0.024493184264236703,-0.08056704124888325,54,54,1.0,54,1.0,True,LOWVOL20,VOL20,20,21,20_baseline_calendar_entries,20,True,False,True,False,False,False,True
LOWVOL40,common_10_20_40_exact_sample,38,2024-05-22,Q5-UNIVERSE,0.0028621814490962655,-0.02777960904314475,54,54,1.0,54,1.0,True,LOWVOL20,VOL20,20,21,20_baseline_calendar_entries,20,True,False,True,False,False,False,True
LOWVOL40,common_10_20_40_exact_sample,39,2024-06-20,Q1,-0.017323297530921142,0.5563698031785815,11,11,1.0,11,1.0,True,LOWVOL20,VOL20,20,21,20_baseline_calendar_entries,20,True,False,True,False,False,False,True
LOWVOL40,common_10_20_40_exact_sample,39,2024-06-20,Q2,-0.047228150308827585,0.4190591789336054,11,11,1.0,11,1.0,True,LOWVOL20,VOL20,20,21,20_baseline_calendar_entries,20,True,False,True,False,False,False,True
LOWVOL40,common_10_20_40_exact_sample,39,2024-06-20,Q3,-0.07643255830469518,0.39889915754014144,11,11,1.0,11,1.0,True,LOWVOL20,VOL20,20,21,20_baseline_calendar_entries,20,True,False,True,False,False,False,True
LOWVOL40,common_10_20_40_exact_sample,39,2024-06-20,Q4,0.01738518068334002,0.5697670812875215,11,11,1.0,11,1.0,True,LOWVOL20,VOL20,20,21,20_baseline_calendar_entries,20,True,False,True,False,False,False,True
LOWVOL40,common_10_20_40_exact_sample,39,2024-06-20,Q5,-0.06621687179474048,0.38800269487042044,10,10,1.0,10,1.0,True,LOWVOL20,VOL20,20,21,20_baseline_calendar_entries,20,True,False,True,False,False,False,True
LOWVOL40,common_10_20_40_exact_sample,39,2024-06-20,UNIVERSE,-0.037439922185547175,0.46787174776004725,54,54,1.0,54,1.0,True,LOWVOL20,VOL20,20,21,20_baseline_calendar_entries,20,True,False,True,False,False,False,True
LOWVOL40,common_10_20_40_exact_sample,39,2024-06-20,Q5-Q1,-0.04889357426381934,-0.1683671083081611,54,54,1.0,54,1.0,True,LOWVOL20,VOL20,20,21,20_baseline_calendar_entries,20,True,False,True,False,False,False,True
LOWVOL40,common_10_20_40_exact_sample,39,2024-06-20,Q5-UNIVERSE,-0.028776949609193303,-0.07986905288962681,54,54,1.0,54,1.0,True,LOWVOL20,VOL20,20,21,20_baseline_calendar_entries,20,True,False,True,False,False,False,True
LOWVOL40,common_10_20_40_exact_sample,40,2024-07-18,Q1,-0.06018369315652163,0.4174029932054735,11,11,1.0,11,1.0,True,LOWVOL20,VOL20,20,21,20_baseline_calendar_entries,20,True,False,True,False,False,False,True
LOWVOL40,common_10_20_40_exact_sample,40,2024-07-18,Q2,0.03802918527007632,0.40372888821118447,11,11,1.0,11,1.0,True,LOWVOL20,VOL20,20,21,20_baseline_calendar_entries,20,True,False,True,False,False,False,True
LOWVOL40,common_10_20_40_exact_sample,40,2024-07-18,Q3,5.134944519581307e-05,0.3780649227083073,11,11,1.0,11,1.0,True,LOWVOL20,VOL20,20,21,20_baseline_calendar_entries,20,True,False,True,False,False,False,True
LOWVOL40,common_10_20_40_exact_sample,40,2024-07-18,Q4,-0.011007433994598985,0.30875465237434024,11,11,1.0,11,1.0,True,LOWVOL20,VOL20,20,21,20_baseline_calendar_entries,20,True,False,True,False,False,False,True
LOWVOL40,common_10_20_40_exact_sample,40,2024-07-18,Q5,0.004297314546929531,0.2963071077253017,10,10,1.0,10,1.0,True,LOWVOL20,VOL20,20,21,20_baseline_calendar_entries,20,True,False,True,False,False,False,True
LOWVOL40,common_10_20_40_exact_sample,40,2024-07-18,UNIVERSE,-0.005948951320834037,0.36204698331009966,54,54,1.0,54,1.0,True,LOWVOL20,VOL20,20,21,20_baseline_calendar_entries,20,True,False,True,False,False,False,True
LOWVOL40,common_10_20_40_exact_sample,40,2024-07-18,Q5-Q1,0.06448100770345117,-0.1210958854801718,54,54,1.0,54,1.0,True,LOWVOL20,VOL20,20,21,20_baseline_calendar_entries,20,True,False,True,False,False,False,True
LOWVOL40,common_10_20_40_exact_sample,40,2024-07-18,Q5-UNIVERSE,0.010246265867763569,-0.06573987558479794,54,54,1.0,54,1.0,True,LOWVOL20,VOL20,20,21,20_baseline_calendar_entries,20,True,False,True,False,False,False,True
LOWVOL40,common_10_20_40_exact_sample,41,2024-08-15,Q1,-0.04850674872035709,0.4289434494266456,11,11,1.0,11,1.0,True,LOWVOL20,VOL20,20,21,20_baseline_calendar_entries,20,True,False,True,False,False,False,True
LOWVOL40,common_10_20_40_exact_sample,41,2024-08-15,Q2,-0.025972257633891136,0.369646735812533,11,11,1.0,11,1.0,True,LOWVOL20,VOL20,20,21,20_baseline_calendar_entries,20,True,False,True,False,False,False,True
LOWVOL40,common_10_20_40_exact_sample,41,2024-08-15,Q3,0.03896478471957118,0.43484842851196975,11,11,1.0,11,1.0,True,LOWVOL20,VOL20,20,21,20_baseline_calendar_entries,20,True,False,True,False,False,False,True
LOWVOL40,common_10_20_40_exact_sample,41,2024-08-15,Q4,0.00023139017595021703,0.3271873442147048,11,11,1.0,11,1.0,True,LOWVOL20,VOL20,20,21,20_baseline_calendar_entries,20,True,False,True,False,False,False,True
LOWVOL40,common_10_20_40_exact_sample,41,2024-08-15,Q5,-0.04420995088355269,0.2846371501375516,10,10,1.0,10,1.0,True,LOWVOL20,VOL20,20,21,20_baseline_calendar_entries,20,True,False,True,False,False,False,True
LOWVOL40,common_10_20_40_exact_sample,41,2024-08-15,UNIVERSE,-0.01537427138669485,0.37061587109259075,54,54,1.0,54,1.0,True,LOWVOL20,VOL20,20,21,20_baseline_calendar_entries,20,True,False,True,False,False,False,True
LOWVOL40,common_10_20_40_exact_sample,41,2024-08-15,Q5-Q1,0.004296797836804402,-0.144306299289094,54,54,1.0,54,1.0,True,LOWVOL20,VOL20,20,21,20_baseline_calendar_entries,20,True,False,True,False,False,False,True
LOWVOL40,common_10_20_40_exact_sample,41,2024-08-15,Q5-UNIVERSE,-0.028835679496857836,-0.08597872095503917,54,54,1.0,54,1.0,True,LOWVOL20,VOL20,20,21,20_baseline_calendar_entries,20,True,False,True,False,False,False,True
LOWVOL40,common_10_20_40_exact_sample,42,2024-09-12,Q1,0.5153350187718,0.9488346157891379,11,11,1.0,11,1.0,True,LOWVOL20,VOL20,20,21,20_baseline_calendar_entries,20,True,False,True,False,False,False,True
LOWVOL40,common_10_20_40_exact_sample,42,2024-09-12,Q2,0.6122772507729426,1.0139630482214692,11,11,1.0,11,1.0,True,LOWVOL20,VOL20,20,21,20_baseline_calendar_entries,20,True,False,True,False,False,False,True
LOWVOL40,common_10_20_40_exact_sample,42,2024-09-12,Q3,0.721976483196649,1.0888640771690807,11,11,1.0,11,1.0,True,LOWVOL20,VOL20,20,21,20_baseline_calendar_entries,20,True,False,True,False,False,False,True
LOWVOL40,common_10_20_40_exact_sample,42,2024-09-12,Q4,0.38942192753172705,0.928581846861633,11,11,1.0,11,1.0,True,LOWVOL20,VOL20,20,21,20_baseline_calendar_entries,20,True,False,True,False,False,False,True
LOWVOL40,common_10_20_40_exact_sample,42,2024-09-12,Q5,0.24106542541080897,0.6288768515745684,10,10,1.0,10,1.0,True,LOWVOL20,VOL20,20,21,20_baseline_calendar_entries,20,True,False,True,False,False,False,True
LOWVOL40,common_10_20_40_exact_sample,42,2024-09-12,UNIVERSE,0.5007365136502295,0.9272490367444484,54,54,1.0,54,1.0,True,LOWVOL20,VOL20,20,21,20_baseline_calendar_entries,20,True,False,True,False,False,False,True
LOWVOL40,common_10_20_40_exact_sample,42,2024-09-12,Q5-Q1,-0.274269593360991,-0.31995776421456945,54,54,1.0,54,1.0,True,LOWVOL20,VOL20,20,21,20_baseline_calendar_entries,20,True,False,True,False,False,False,True
LOWVOL40,common_10_20_40_exact_sample,42,2024-09-12,Q5-UNIVERSE,-0.25967108823942053,-0.29837218516987996,54,54,1.0,54,1.0,True,LOWVOL20,VOL20,20,21,20_baseline_calendar_entries,20,True,False,True,False,False,False,True
LOWVOL40,common_10_20_40_exact_sample,43,2024-10-21,Q1,-0.0982263385953994,0.8278166740488323,11,11,1.0,11,1.0,True,LOWVOL20,VOL20,20,21,20_baseline_calendar_entries,20,True,False,True,False,False,False,True
LOWVOL40,common_10_20_40_exact_sample,43,2024-10-21,Q2,-0.018590216854793895,0.6297778450252015,11,11,1.0,11,1.0,True,LOWVOL20,VOL20,20,21,20_baseline_calendar_entries,20,True,False,True,False,False,False,True
LOWVOL40,common_10_20_40_exact_sample,43,2024-10-21,Q3,0.07808483009917437,0.6841124592510288,11,11,1.0,11,1.0,True,LOWVOL20,VOL20,20,21,20_baseline_calendar_entries,20,True,False,True,False,False,False,True
LOWVOL40,common_10_20_40_exact_sample,43,2024-10-21,Q4,0.060295876847509984,0.5834742775045403,11,11,1.0,11,1.0,True,LOWVOL20,VOL20,20,21,20_baseline_calendar_entries,20,True,False,True,False,False,False,True
LOWVOL40,common_10_20_40_exact_sample,43,2024-10-21,Q5,0.11382450418378216,0.5258566190135128,10,10,1.0,10,1.0,True,LOWVOL20,VOL20,20,21,20_baseline_calendar_entries,20,True,False,True,False,False,False,True
LOWVOL40,common_10_20_40_exact_sample,43,2024-10-21,UNIVERSE,0.025471309412948576,0.6525103704492733,54,54,1.0,54,1.0,True,LOWVOL20,VOL20,20,21,20_baseline_calendar_entries,20,True,False,True,False,False,False,True
LOWVOL40,common_10_20_40_exact_sample,43,2024-10-21,Q5-Q1,0.21205084277918157,-0.30196005503531953,54,54,1.0,54,1.0,True,LOWVOL20,VOL20,20,21,20_baseline_calendar_entries,20,True,False,True,False,False,False,True
LOWVOL40,common_10_20_40_exact_sample,43,2024-10-21,Q5-UNIVERSE,0.08835319477083359,-0.12665375143576052,54,54,1.0,54,1.0,True,LOWVOL20,VOL20,20,21,20_baseline_calendar_entries,20,True,False,True,False,False,False,True
LOWVOL40,common_10_20_40_exact_sample,44,2024-11-18,Q1,0.05561744999523921,0.5819632767807987,11,11,1.0,11,1.0,True,LOWVOL20,VOL20,20,21,20_baseline_calendar_entries,20,True,False,True,False,False,False,True
LOWVOL40,common_10_20_40_exact_sample,44,2024-11-18,Q2,0.20398782233969873,0.6370363698022495,11,11,1.0,11,1.0,True,LOWVOL20,VOL20,20,21,20_baseline_calendar_entries,20,True,False,True,False,False,False,True
LOWVOL40,common_10_20_40_exact_sample,44,2024-11-18,Q3,0.0656250787079381,0.39716982937528306,11,11,1.0,11,1.0,True,LOWVOL20,VOL20,20,21,20_baseline_calendar_entries,20,True,False,True,False,False,False,True
LOWVOL40,common_10_20_40_exact_sample,44,2024-11-18,Q4,0.12138266128708705,0.5112232282556185,11,11,1.0,11,1.0,True,LOWVOL20,VOL20,20,21,20_baseline_calendar_entries,20,True,False,True,False,False,False,True
LOWVOL40,common_10_20_40_exact_sample,44,2024-11-18,Q5,0.14870931582523314,0.4566951130084541,10,10,1.0,10,1.0,True,LOWVOL20,VOL20,20,21,20_baseline_calendar_entries,20,True,False,True,False,False,False,True
LOWVOL40,common_10_20_40_exact_sample,44,2024-11-18,UNIVERSE,0.11851548692373938,0.5179309421562591,54,54,1.0,54,1.0,True,LOWVOL20,VOL20,20,21,20_baseline_calendar_entries,20,True,False,True,False,False,False,True
LOWVOL40,common_10_20_40_exact_sample,44,2024-11-18,Q5-Q1,0.09309186582999393,-0.12526816377234462,54,54,1.0,54,1.0,True,LOWVOL20,VOL20,20,21,20_baseline_calendar_entries,20,True,False,True,False,False,False,True
LOWVOL40,common_10_20_40_exact_sample,44,2024-11-18,Q5-UNIVERSE,0.03019382890149376,-0.06123582914780501,54,54,1.0,54,1.0,True,LOWVOL20,VOL20,20,21,20_baseline_calendar_entries,20,True,False,True,False,False,False,True
LOWVOL40,common_10_20_40_exact_sample,45,2024-12-16,Q1,-0.12623207861498417,0.7431334483681001,11,11,1.0,11,1.0,True,LOWVOL20,VOL20,20,21,20_baseline_calendar_entries,20,True,False,True,False,False,False,True
LOWVOL40,common_10_20_40_exact_sample,45,2024-12-16,Q2,-0.08255247322650737,0.6731802412877447,11,11,1.0,11,1.0,True,LOWVOL20,VOL20,20,21,20_baseline_calendar_entries,20,True,False,True,False,False,False,True
LOWVOL40,common_10_20_40_exact_sample,45,2024-12-16,Q3,-0.08909780894740481,0.5614219858178283,11,11,1.0,11,1.0,True,LOWVOL20,VOL20,20,21,20_baseline_calendar_entries,20,True,False,True,False,False,False,True
LOWVOL40,common_10_20_40_exact_sample,45,2024-12-16,Q4,-0.06733682505224664,0.5619612590279842,11,11,1.0,11,1.0,True,LOWVOL20,VOL20,20,21,20_baseline_calendar_entries,20,True,False,True,False,False,False,True
LOWVOL40,common_10_20_40_exact_sample,45,2024-12-16,Q5,0.017395407559675224,0.573653836827321,10,10,1.0,10,1.0,True,LOWVOL20,VOL20,20,21,20_baseline_calendar_entries,20,True,False,True,False,False,False,True
LOWVOL40,common_10_20_40_exact_sample,45,2024-12-16,UNIVERSE,-0.07117512904918187,0.6235778638479895,54,54,1.0,54,1.0,True,LOWVOL20,VOL20,20,21,20_baseline_calendar_entries,20,True,False,True,False,False,False,True
LOWVOL40,common_10_20_40_exact_sample,45,2024-12-16,Q5-Q1,0.1436274861746594,-0.16947961154077917,54,54,1.0,54,1.0,True,LOWVOL20,VOL20,20,21,20_baseline_calendar_entries,20,True,False,True,False,False,False,True
LOWVOL40,common_10_20_40_exact_sample,45,2024-12-16,Q5-UNIVERSE,0.0885705366088571,-0.04992402702066856,54,54,1.0,54,1.0,True,LOWVOL20,VOL20,20,21,20_baseline_calendar_entries,20,True,False,True,False,False,False,True
LOWVOL40,common_10_20_40_exact_sample,46,2025-01-14,Q1,0.17257325607100304,0.7739378284617782,11,11,1.0,11,1.0,True,LOWVOL20,VOL20,20,21,20_baseline_calendar_entries,20,True,False,True,False,False,False,True
LOWVOL40,common_10_20_40_exact_sample,46,2025-01-14,Q2,0.27160974214719485,0.7445270956574593,11,11,1.0,11,1.0,True,LOWVOL20,VOL20,20,21,20_baseline_calendar_entries,20,True,False,True,False,False,False,True
LOWVOL40,common_10_20_40_exact_sample,46,2025-01-14,Q3,0.35819899723036036,0.6837665761859223,11,11,1.0,11,1.0,True,LOWVOL20,VOL20,20,21,20_baseline_calendar_entries,20,True,False,True,False,False,False,True
LOWVOL40,common_10_20_40_exact_sample,46,2025-01-14,Q4,0.20079448699526478,0.4865141838749681,11,11,1.0,11,1.0,True,LOWVOL20,VOL20,20,21,20_baseline_calendar_entries,20,True,False,True,False,False,False,True
LOWVOL40,common_10_20_40_exact_sample,46,2025-01-14,Q5,0.28459041485691816,0.4779742935556791,10,10,1.0,10,1.0,True,LOWVOL20,VOL20,20,21,20_baseline_calendar_entries,20,True,False,True,False,False,False,True
LOWVOL40,common_10_20_40_exact_sample,46,2025-01-14,UNIVERSE,0.25705269361946725,0.6362212122507074,54,54,1.0,54,1.0,True,LOWVOL20,VOL20,20,21,20_baseline_calendar_entries,20,True,False,True,False,False,False,True
LOWVOL40,common_10_20_40_exact_sample,46,2025-01-14,Q5-Q1,0.11201715878591512,-0.29596353490609906,54,54,1.0,54,1.0,True,LOWVOL20,VOL20,20,21,20_baseline_calendar_entries,20,True,False,True,False,False,False,True
LOWVOL40,common_10_20_40_exact_sample,46,2025-01-14,Q5-UNIVERSE,0.027537721237450907,-0.15824691869502827,54,54,1.0,54,1.0,True,LOWVOL20,VOL20,20,21,20_baseline_calendar_entries,20,True,False,True,False,False,False,True
LOWVOL40,common_10_20_40_exact_sample,47,2025-02-19,Q1,-0.029258592109623945,0.7007267090304928,11,11,1.0,11,1.0,True,LOWVOL20,VOL20,20,21,20_baseline_calendar_entries,20,True,False,True,False,False,False,True
LOWVOL40,common_10_20_40_exact_sample,47,2025-02-19,Q2,0.03677076660471053,0.7296870177372535,11,11,1.0,11,1.0,True,LOWVOL20,VOL20,20,21,20_baseline_calendar_entries,20,True,False,True,False,False,False,True
LOWVOL40,common_10_20_40_exact_sample,47,2025-02-19,Q3,-0.037690773984266346,0.5252678150189072,11,11,1.0,11,1.0,True,LOWVOL20,VOL20,20,21,20_baseline_calendar_entries,20,True,False,True,False,False,False,True
LOWVOL40,common_10_20_40_exact_sample,47,2025-02-19,Q4,0.048172472139766026,0.4555246306692977,11,11,1.0,11,1.0,True,LOWVOL20,VOL20,20,21,20_baseline_calendar_entries,20,True,False,True,False,False,False,True
LOWVOL40,common_10_20_40_exact_sample,47,2025-02-19,Q5,0.023166286358645892,0.4029860371288051,10,10,1.0,10,1.0,True,LOWVOL20,VOL20,20,21,20_baseline_calendar_entries,20,True,False,True,False,False,False,True
LOWVOL40,common_10_20_40_exact_sample,47,2025-02-19,UNIVERSE,0.00795547153227607,0.5657986716352501,54,54,1.0,54,1.0,True,LOWVOL20,VOL20,20,21,20_baseline_calendar_entries,20,True,False,True,False,False,False,True
LOWVOL40,common_10_20_40_exact_sample,47,2025-02-19,Q5-Q1,0.052424878468269834,-0.29774067190168774,54,54,1.0,54,1.0,True,LOWVOL20,VOL20,20,21,20_baseline_calendar_entries,20,True,False,True,False,False,False,True
LOWVOL40,common_10_20_40_exact_sample,47,2025-02-19,Q5-UNIVERSE,0.015210814826369821,-0.162812634506445,54,54,1.0,54,1.0,True,LOWVOL20,VOL20,20,21,20_baseline_calendar_entries,20,True,False,True,False,False,False,True
LOWVOL40,common_10_20_40_exact_sample,48,2025-03-19,Q1,-0.1653294919848094,0.7787824972314975,11,11,1.0,11,1.0,True,LOWVOL20,VOL20,20,21,20_baseline_calendar_entries,20,True,False,True,False,False,False,True
LOWVOL40,common_10_20_40_exact_sample,48,2025-03-19,Q2,-0.19612347594375337,0.7053543442361504,11,11,1.0,11,1.0,True,LOWVOL20,VOL20,20,21,20_baseline_calendar_entries,20,True,False,True,False,False,False,True
LOWVOL40,common_10_20_40_exact_sample,48,2025-03-19,Q3,-0.16858982321643995,0.6142870202618931,11,11,1.0,11,1.0,True,LOWVOL20,VOL20,20,21,20_baseline_calendar_entries,20,True,False,True,False,False,False,True
LOWVOL40,common_10_20_40_exact_sample,48,2025-03-19,Q4,-0.1338137096208113,0.5622279867140537,11,11,1.0,11,1.0,True,LOWVOL20,VOL20,20,21,20_baseline_calendar_entries,20,True,False,True,False,False,False,True
LOWVOL40,common_10_20_40_exact_sample,48,2025-03-19,Q5,-0.11866344257881947,0.5204000891166409,10,10,1.0,10,1.0,True,LOWVOL20,VOL20,20,21,20_baseline_calendar_entries,20,True,False,True,False,False,False,True
LOWVOL40,common_10_20_40_exact_sample,48,2025-03-19,UNIVERSE,-0.1572047395224472,0.6383550226675176,54,54,1.0,54,1.0,True,LOWVOL20,VOL20,20,21,20_baseline_calendar_entries,20,True,False,True,False,False,False,True
LOWVOL40,common_10_20_40_exact_sample,48,2025-03-19,Q5-Q1,0.04666604940598992,-0.2583824081148566,54,54,1.0,54,1.0,True,LOWVOL20,VOL20,20,21,20_baseline_calendar_entries,20,True,False,True,False,False,False,True
LOWVOL40,common_10_20_40_exact_sample,48,2025-03-19,Q5-UNIVERSE,0.038541296943627734,-0.11795493355087672,54,54,1.0,54,1.0,True,LOWVOL20,VOL20,20,21,20_baseline_calendar_entries,20,True,False,True,False,False,False,True
LOWVOL40,common_10_20_40_exact_sample,49,2025-04-17,Q1,0.09764325251187489,0.5119513564522337,11,11,1.0,11,1.0,True,LOWVOL20,VOL20,20,21,20_baseline_calendar_entries,20,True,False,True,False,False,False,True
LOWVOL40,common_10_20_40_exact_sample,49,2025-04-17,Q2,0.05759202841602706,0.4613644554440492,11,11,1.0,11,1.0,True,LOWVOL20,VOL20,20,21,20_baseline_calendar_entries,20,True,False,True,False,False,False,True
LOWVOL40,common_10_20_40_exact_sample,49,2025-04-17,Q3,0.048045758609078275,0.4695508552003064,11,11,1.0,11,1.0,True,LOWVOL20,VOL20,20,21,20_baseline_calendar_entries,20,True,False,True,False,False,False,True
LOWVOL40,common_10_20_40_exact_sample,49,2025-04-17,Q4,0.05879586918671064,0.32887610129413275,11,11,1.0,11,1.0,True,LOWVOL20,VOL20,20,21,20_baseline_calendar_entries,20,True,False,True,False,False,False,True
LOWVOL40,common_10_20_40_exact_sample,49,2025-04-17,Q5,0.06560017554778488,0.29955953439006233,10,10,1.0,10,1.0,True,LOWVOL20,VOL20,20,21,20_baseline_calendar_entries,20,True,False,True,False,False,False,True
LOWVOL40,common_10_20_40_exact_sample,49,2025-04-17,UNIVERSE,0.06553421761923052,0.416384551781455,54,54,1.0,54,1.0,True,LOWVOL20,VOL20,20,21,20_baseline_calendar_entries,20,True,False,True,False,False,False,True
LOWVOL40,common_10_20_40_exact_sample,49,2025-04-17,Q5-Q1,-0.032043076964090006,-0.21239182206217133,54,54,1.0,54,1.0,True,LOWVOL20,VOL20,20,21,20_baseline_calendar_entries,20,True,False,True,False,False,False,True
LOWVOL40,common_10_20_40_exact_sample,49,2025-04-17,Q5-UNIVERSE,6.595792855436378e-05,-0.11682501739139267,54,54,1.0,54,1.0,True,LOWVOL20,VOL20,20,21,20_baseline_calendar_entries,20,True,False,True,False,False,False,True
LOWVOL40,common_10_20_40_exact_sample,50,2025-05-20,Q1,0.003465832554882682,0.5143679416981258,11,11,1.0,11,1.0,True,LOWVOL20,VOL20,20,21,20_baseline_calendar_entries,20,True,False,True,False,False,False,True
LOWVOL40,common_10_20_40_exact_sample,50,2025-05-20,Q2,0.012157684766506593,0.37525855091605465,11,11,1.0,11,1.0,True,LOWVOL20,VOL20,20,21,20_baseline_calendar_entries,20,True,False,True,False,False,False,True
LOWVOL40,common_10_20_40_exact_sample,50,2025-05-20,Q3,-0.010956653683942951,0.31433595085507204,11,11,1.0,11,1.0,True,LOWVOL20,VOL20,20,21,20_baseline_calendar_entries,20,True,False,True,False,False,False,True
LOWVOL40,common_10_20_40_exact_sample,50,2025-05-20,Q4,0.021068585644165968,0.28810111569970115,11,11,1.0,11,1.0,True,LOWVOL20,VOL20,20,21,20_baseline_calendar_entries,20,True,False,True,False,False,False,True
LOWVOL40,common_10_20_40_exact_sample,50,2025-05-20,Q5,0.07089809168644785,0.31688255630813317,10,10,1.0,10,1.0,True,LOWVOL20,VOL20,20,21,20_baseline_calendar_entries,20,True,False,True,False,False,False,True
LOWVOL40,common_10_20_40_exact_sample,50,2025-05-20,UNIVERSE,0.01837168257337433,0.36262082803592266,54,54,1.0,54,1.0,True,LOWVOL20,VOL20,20,21,20_baseline_calendar_entries,20,True,False,True,False,False,False,True
LOWVOL40,common_10_20_40_exact_sample,50,2025-05-20,Q5-Q1,0.06743225913156517,-0.19748538538999266,54,54,1.0,54,1.0,True,LOWVOL20,VOL20,20,21,20_baseline_calendar_entries,20,True,False,True,False,False,False,True
LOWVOL40,common_10_20_40_exact_sample,50,2025-05-20,Q5-UNIVERSE,0.05252640911307352,-0.04573827172778949,54,54,1.0,54,1.0,True,LOWVOL20,VOL20,20,21,20_baseline_calendar_entries,20,True,False,True,False,False,False,True
LOWVOL40,common_10_20_40_exact_sample,51,2025-06-18,Q1,0.07711676383839634,0.525312802585621,11,11,1.0,11,1.0,True,LOWVOL20,VOL20,20,21,20_baseline_calendar_entries,20,True,False,True,False,False,False,True
LOWVOL40,common_10_20_40_exact_sample,51,2025-06-18,Q2,0.15597718513181183,0.5098920626212178,11,11,1.0,11,1.0,True,LOWVOL20,VOL20,20,21,20_baseline_calendar_entries,20,True,False,True,False,False,False,True
LOWVOL40,common_10_20_40_exact_sample,51,2025-06-18,Q3,0.04713409880438904,0.2716979193506799,11,11,1.0,11,1.0,True,LOWVOL20,VOL20,20,21,20_baseline_calendar_entries,20,True,False,True,False,False,False,True
LOWVOL40,common_10_20_40_exact_sample,51,2025-06-18,Q4,0.0792597964425678,0.3375385342439193,11,11,1.0,11,1.0,True,LOWVOL20,VOL20,20,21,20_baseline_calendar_entries,20,True,False,True,False,False,False,True
LOWVOL40,common_10_20_40_exact_sample,51,2025-06-18,Q5,0.07633469872889562,0.2694768292813557,10,10,1.0,10,1.0,True,LOWVOL20,VOL20,20,21,20_baseline_calendar_entries,20,True,False,True,False,False,False,True
LOWVOL40,common_10_20_40_exact_sample,51,2025-06-18,UNIVERSE,0.08736506062366244,0.38488190369684017,54,54,1.0,54,1.0,True,LOWVOL20,VOL20,20,21,20_baseline_calendar_entries,20,True,False,True,False,False,False,True
LOWVOL40,common_10_20_40_exact_sample,51,2025-06-18,Q5-Q1,-0.0007820651095007264,-0.2558359733042653,54,54,1.0,54,1.0,True,LOWVOL20,VOL20,20,21,20_baseline_calendar_entries,20,True,False,True,False,False,False,True
LOWVOL40,common_10_20_40_exact_sample,51,2025-06-18,Q5-UNIVERSE,-0.011030361894766819,-0.11540507441548448,54,54,1.0,54,1.0,True,LOWVOL20,VOL20,20,21,20_baseline_calendar_entries,20,True,False,True,False,False,False,True
LOWVOL40,common_10_20_40_exact_sample,52,2025-07-16,Q1,0.015097527826687829,0.39726530220795114,11,11,1.0,11,1.0,True,LOWVOL20,VOL20,20,21,20_baseline_calendar_entries,20,True,False,True,False,False,False,True
LOWVOL40,common_10_20_40_exact_sample,52,2025-07-16,Q2,0.058503892176006225,0.41821843212778576,11,11,1.0,11,1.0,True,LOWVOL20,VOL20,20,21,20_baseline_calendar_entries,20,True,False,True,False,False,False,True
LOWVOL40,common_10_20_40_exact_sample,52,2025-07-16,Q3,0.1203302851247889,0.37974347438970696,11,11,1.0,11,1.0,True,LOWVOL20,VOL20,20,21,20_baseline_calendar_entries,20,True,False,True,False,False,False,True
LOWVOL40,common_10_20_40_exact_sample,52,2025-07-16,Q4,0.13551205830964796,0.3170602038388103,11,11,1.0,11,1.0,True,LOWVOL20,VOL20,20,21,20_baseline_calendar_entries,20,True,False,True,False,False,False,True
LOWVOL40,common_10_20_40_exact_sample,52,2025-07-16,Q5,0.06288567578037316,0.24312472648152306,10,10,1.0,10,1.0,True,LOWVOL20,VOL20,20,21,20_baseline_calendar_entries,20,True,False,True,False,False,False,True
LOWVOL40,common_10_20_40_exact_sample,52,2025-07-16,UNIVERSE,0.0787544102891143,0.3530816445004079,54,54,1.0,54,1.0,True,LOWVOL20,VOL20,20,21,20_baseline_calendar_entries,20,True,False,True,False,False,False,True
LOWVOL40,common_10_20_40_exact_sample,52,2025-07-16,Q5-Q1,0.04778814795368533,-0.1541405757264281,54,54,1.0,54,1.0,True,LOWVOL20,VOL20,20,21,20_baseline_calendar_entries,20,True,False,True,False,False,False,True
LOWVOL40,common_10_20_40_exact_sample,52,2025-07-16,Q5-UNIVERSE,-0.015868734508741142,-0.10995691801888485,54,54,1.0,54,1.0,True,LOWVOL20,VOL20,20,21,20_baseline_calendar_entries,20,True,False,True,False,False,False,True
LOWVOL40,common_10_20_40_exact_sample,53,2025-08-13,Q1,0.010010587666763144,0.5516939764811302,11,11,1.0,11,1.0,True,LOWVOL20,VOL20,20,21,20_baseline_calendar_entries,20,True,False,True,False,False,False,True
LOWVOL40,common_10_20_40_exact_sample,53,2025-08-13,Q2,0.0916119879198065,0.6085493924940696,11,11,1.0,11,1.0,True,LOWVOL20,VOL20,20,21,20_baseline_calendar_entries,20,True,False,True,False,False,False,True
LOWVOL40,common_10_20_40_exact_sample,53,2025-08-13,Q3,-0.00873215056100299,0.5417072695520332,11,11,1.0,11,1.0,True,LOWVOL20,VOL20,20,21,20_baseline_calendar_entries,20,True,False,True,False,False,False,True
LOWVOL40,common_10_20_40_exact_sample,53,2025-08-13,Q4,0.013882049666969286,0.4961548821932684,11,11,1.0,11,1.0,True,LOWVOL20,VOL20,20,21,20_baseline_calendar_entries,20,True,False,True,False,False,False,True
LOWVOL40,common_10_20_40_exact_sample,53,2025-08-13,Q5,0.046434039777245084,0.4822649434510732,10,10,1.0,10,1.0,True,LOWVOL20,VOL20,20,21,20_baseline_calendar_entries,20,True,False,True,False,False,False,True
LOWVOL40,common_10_20_40_exact_sample,53,2025-08-13,UNIVERSE,0.030348844803524934,0.5370705585636341,54,54,1.0,54,1.0,True,LOWVOL20,VOL20,20,21,20_baseline_calendar_entries,20,True,False,True,False,False,False,True
LOWVOL40,common_10_20_40_exact_sample,53,2025-08-13,Q5-Q1,0.03642345211048194,-0.06942903303005699,54,54,1.0,54,1.0,True,LOWVOL20,VOL20,20,21,20_baseline_calendar_entries,20,True,False,True,False,False,False,True
LOWVOL40,common_10_20_40_exact_sample,53,2025-08-13,Q5-UNIVERSE,0.01608519497372015,-0.05480561511256088,54,54,1.0,54,1.0,True,LOWVOL20,VOL20,20,21,20_baseline_calendar_entries,20,True,False,True,False,False,False,True
LOWVOL40,common_10_20_40_exact_sample,54,2025-09-10,Q1,0.03258933572442739,0.5748625277035465,11,11,1.0,11,1.0,True,LOWVOL20,VOL20,20,21,20_baseline_calendar_entries,20,True,False,True,False,False,False,True
LOWVOL40,common_10_20_40_exact_sample,54,2025-09-10,Q2,0.009738181926707744,0.44125818562098157,11,11,1.0,11,1.0,True,LOWVOL20,VOL20,20,21,20_baseline_calendar_entries,20,True,False,True,False,False,False,True
LOWVOL40,common_10_20_40_exact_sample,54,2025-09-10,Q3,-0.014415008510068576,0.44648741957634175,11,11,1.0,11,1.0,True,LOWVOL20,VOL20,20,21,20_baseline_calendar_entries,20,True,False,True,False,False,False,True
LOWVOL40,common_10_20_40_exact_sample,54,2025-09-10,Q4,0.044363250327182975,0.4431006594316887,11,11,1.0,11,1.0,True,LOWVOL20,VOL20,20,21,20_baseline_calendar_entries,20,True,False,True,False,False,False,True
LOWVOL40,common_10_20_40_exact_sample,54,2025-09-10,Q5,0.021568084583765235,0.3902057527648952,10,10,1.0,10,1.0,True,LOWVOL20,VOL20,20,21,20_baseline_calendar_entries,20,True,False,True,False,False,False,True
LOWVOL40,common_10_20_40_exact_sample,54,2025-09-10,UNIVERSE,0.01871692962941476,0.46046026376494625,54,54,1.0,54,1.0,True,LOWVOL20,VOL20,20,21,20_baseline_calendar_entries,20,True,False,True,False,False,False,True
LOWVOL40,common_10_20_40_exact_sample,54,2025-09-10,Q5-Q1,-0.011021251140662155,-0.1846567749386513,54,54,1.0,54,1.0,True,LOWVOL20,VOL20,20,21,20_baseline_calendar_entries,20,True,False,True,False,False,False,True
LOWVOL40,common_10_20_40_exact_sample,54,2025-09-10,Q5-UNIVERSE,0.0028511549543504752,-0.07025451100005103,54,54,1.0,54,1.0,True,LOWVOL20,VOL20,20,21,20_baseline_calendar_entries,20,True,False,True,False,False,False,True
LOWVOL40,common_10_20_40_exact_sample,55,2025-10-16,Q1,-0.0500844598601778,0.5345863443028951,11,11,1.0,11,1.0,True,LOWVOL20,VOL20,20,21,20_baseline_calendar_entries,20,True,False,True,False,False,False,True
LOWVOL40,common_10_20_40_exact_sample,55,2025-10-16,Q2,-0.05449484596451801,0.37406689829307066,11,11,1.0,11,1.0,True,LOWVOL20,VOL20,20,21,20_baseline_calendar_entries,20,True,False,True,False,False,False,True
LOWVOL40,common_10_20_40_exact_sample,55,2025-10-16,Q3,-0.05033097725104361,0.3266498186081986,11,11,1.0,11,1.0,True,LOWVOL20,VOL20,20,21,20_baseline_calendar_entries,20,True,False,True,False,False,False,True
LOWVOL40,common_10_20_40_exact_sample,55,2025-10-16,Q4,-0.00908796710033901,0.323871603625515,11,11,1.0,11,1.0,True,LOWVOL20,VOL20,20,21,20_baseline_calendar_entries,20,True,False,True,False,False,False,True
LOWVOL40,common_10_20_40_exact_sample,55,2025-10-16,Q5,0.06093213776040794,0.3148976658057111,10,10,1.0,10,1.0,True,LOWVOL20,VOL20,20,21,20_baseline_calendar_entries,20,True,False,True,False,False,False,True
LOWVOL40,common_10_20_40_exact_sample,55,2025-10-16,UNIVERSE,-0.022123321746903395,0.37592403650339973,54,54,1.0,54,1.0,True,LOWVOL20,VOL20,20,21,20_baseline_calendar_entries,20,True,False,True,False,False,False,True
LOWVOL40,common_10_20_40_exact_sample,55,2025-10-16,Q5-Q1,0.11101659762058574,-0.219688678497184,54,54,1.0,54,1.0,True,LOWVOL20,VOL20,20,21,20_baseline_calendar_entries,20,True,False,True,False,False,False,True
LOWVOL40,common_10_20_40_exact_sample,55,2025-10-16,Q5-UNIVERSE,0.08305545950731133,-0.061026370697688626,54,54,1.0,54,1.0,True,LOWVOL20,VOL20,20,21,20_baseline_calendar_entries,20,True,False,True,False,False,False,True
LOWVOL40,common_10_20_40_exact_sample,56,2025-11-13,Q1,-0.010207873255640543,0.49234162364512524,11,11,1.0,11,1.0,True,LOWVOL20,VOL20,20,21,20_baseline_calendar_entries,20,True,False,True,False,False,False,True
LOWVOL40,common_10_20_40_exact_sample,56,2025-11-13,Q2,0.024084194311526044,0.4852875405420949,11,11,1.0,11,1.0,True,LOWVOL20,VOL20,20,21,20_baseline_calendar_entries,20,True,False,True,False,False,False,True
LOWVOL40,common_10_20_40_exact_sample,56,2025-11-13,Q3,0.015744278967226442,0.40386835757926887,11,11,1.0,11,1.0,True,LOWVOL20,VOL20,20,21,20_baseline_calendar_entries,20,True,False,True,False,False,False,True
LOWVOL40,common_10_20_40_exact_sample,56,2025-11-13,Q4,-0.07693676771352403,0.34981555499961825,11,11,1.0,11,1.0,True,LOWVOL20,VOL20,20,21,20_baseline_calendar_entries,20,True,False,True,False,False,False,True
LOWVOL40,common_10_20_40_exact_sample,56,2025-11-13,Q5,-0.023392166177368334,0.34832377735296965,10,10,1.0,10,1.0,True,LOWVOL20,VOL20,20,21,20_baseline_calendar_entries,20,True,False,True,False,False,False,True
LOWVOL40,common_10_20_40_exact_sample,56,2025-11-13,UNIVERSE,-0.013970361229041047,0.4171792892214236,54,54,1.0,54,1.0,True,LOWVOL20,VOL20,20,21,20_baseline_calendar_entries,20,True,False,True,False,False,False,True
LOWVOL40,common_10_20_40_exact_sample,56,2025-11-13,Q5-Q1,-0.013184292921727792,-0.14401784629215558,54,54,1.0,54,1.0,True,LOWVOL20,VOL20,20,21,20_baseline_calendar_entries,20,True,False,True,False,False,False,True
LOWVOL40,common_10_20_40_exact_sample,56,2025-11-13,Q5-UNIVERSE,-0.009421804948327287,-0.06885551186845396,54,54,1.0,54,1.0,True,LOWVOL20,VOL20,20,21,20_baseline_calendar_entries,20,True,False,True,False,False,False,True
