period_index,rebalance_date,next_rebalance_date,portfolio,transaction_cost,nav,net_return,benchmark_code,benchmark_return,benchmark_nav
0,2021-03-31,2021-04-29,Q5,0.0,0.9877699132593574,-0.012230086740642679,000300,0.022940123129095547,1.0229401231290955
0,2021-03-31,2021-04-29,Q5,0.0,0.9877699132593574,-0.012230086740642679,000852,0.01775036983247502,1.017750369832475
0,2021-03-31,2021-04-29,Q5,0.0,0.9877699132593574,-0.012230086740642679,399006,0.1061881457313758,1.1061881457313758
1,2021-04-29,2021-06-01,Q5,0.0,1.0586377248616459,0.07174526238448084,000300,0.034373384299897225,1.058102037097196
1,2021-04-29,2021-06-01,Q5,0.0,1.0586377248616459,0.07174526238448084,000852,0.07019874787278879,1.0891951714417825
1,2021-04-29,2021-06-01,Q5,0.0,1.0586377248616459,0.07174526238448084,399006,0.08151614658093598,1.1963603407649084
2,2021-06-01,2021-06-30,Q5,0.0,1.0934378859649805,0.03287258736966199,000300,-0.022023033951865445,1.0347994200096666
2,2021-06-01,2021-06-30,Q5,0.0,1.0934378859649805,0.03287258736966199,000852,0.03340321208858699,1.1255777887593172
2,2021-06-01,2021-06-30,Q5,0.0,1.0934378859649805,0.03287258736966199,399006,0.053639823523707886,1.2605328983143012
3,2021-06-30,2021-07-28,Q5,0.0,1.0740674190561645,-0.017715196407083654,000300,-0.08873592085818649,0.9429755405715916
3,2021-06-30,2021-07-28,Q5,0.0,1.0740674190561645,-0.017715196407083654,000852,-0.019508166636079904,1.10361982969433
3,2021-06-30,2021-07-28,Q5,0.0,1.0740674190561645,-0.017715196407083654,399006,-0.055291931967858976,1.1908355990574586
4,2021-07-28,2021-08-25,Q5,0.0,1.1180420815875378,0.040942180864229114,000300,0.028921453298827116,0.9702477636301692
4,2021-07-28,2021-08-25,Q5,0.0,1.1180420815875378,0.040942180864229114,000852,0.11865507356551208,1.2345699217750687
4,2021-07-28,2021-08-25,Q5,0.0,1.1180420815875378,0.040942180864229114,399006,0.019403821097621732,1.2139423599782488
5,2021-08-25,2021-09-24,Q5,0.0,1.182246478069202,0.057425742321343204,000300,-0.009948633772681847,0.9605951239610491
5,2021-08-25,2021-09-24,Q5,0.0,1.182246478069202,0.057425742321343204,000852,-0.009525550122721493,1.222809964105196
5,2021-08-25,2021-09-24,Q5,0.0,1.182246478069202,0.057425742321343204,399006,-0.042058614490572244,1.1628856262461482
6,2021-09-24,2021-10-29,Q5,0.0,1.0998210129822015,-0.06971935769401863,000300,0.01223648964929902,0.9723494362525655
6,2021-09-24,2021-10-29,Q5,0.0,1.0998210129822015,-0.06971935769401863,000852,-0.040324236383813106,1.173501086060136
6,2021-09-24,2021-10-29,Q5,0.0,1.0998210129822015,-0.06971935769401863,399006,0.044531800412741296,1.2146710168569874
7,2021-10-29,2021-11-26,Q5,0.0,1.1965716211281896,0.08796941229886646,000300,-0.009908795889805422,0.9627146241551715
7,2021-10-29,2021-11-26,Q5,0.0,1.1965716211281896,0.08796941229886646,000852,0.07521563105087137,1.261766710787032
7,2021-10-29,2021-11-26,Q5,0.0,1.1965716211281896,0.08796941229886646,399006,0.03527652678419524,1.2575203915171287
8,2021-11-26,2021-12-24,Q5,0.0,1.1952457102098895,-0.0011080915633366302,000300,0.012594313320837047,0.9748393537703336
8,2021-11-26,2021-12-24,Q5,0.0,1.1952457102098895,-0.0011080915633366302,000852,-0.02067552472738865,1.235679021957959
8,2021-11-26,2021-12-24,Q5,0.0,1.1952457102098895,-0.0011080915633366302,399006,-0.049514683455995745,1.1952546673916982
9,2021-12-24,2022-01-24,Q5,0.0,1.2295780963651064,0.0287241241377791,000300,-0.027350274518728734,0.9481772298330549
9,2021-12-24,2022-01-24,Q5,0.0,1.2295780963651064,0.0287241241377791,000852,-0.045162352233171,1.1798728507211533
9,2021-12-24,2022-01-24,Q5,0.0,1.2295780963651064,0.0287241241377791,399006,-0.07299726123787209,1.1080043501903205
10,2022-01-24,2022-02-28,Q5,0.0,1.1749392046252474,-0.0444371056229638,000300,-0.04284544387202982,0.907552155551506
10,2022-01-24,2022-02-28,Q5,0.0,1.1749392046252474,-0.0444371056229638,000852,-0.0007501279392355675,1.1789877951310819
10,2022-01-24,2022-02-28,Q5,0.0,1.1749392046252474,-0.0444371056229638,399006,-0.057295603040148135,1.0445205727750586
11,2022-02-28,2022-03-28,Q5,0.0,1.0617404893595503,-0.09634431706770931,000300,-0.09454672443333723,0.8217460719916966
11,2022-02-28,2022-03-28,Q5,0.0,1.0617404893595503,-0.09634431706770931,000852,-0.08795080210732587,1.0752948728745557
11,2022-02-28,2022-03-28,Q5,0.0,1.0617404893595503,-0.09634431706770931,399006,-0.09966994179730737,0.9404132680804783
12,2022-03-28,2022-04-27,Q5,0.0,0.8292443013829599,-0.21897647335351592,000300,-0.060969465851265725,0.7716446529169871
12,2022-03-28,2022-04-27,Q5,0.0,0.8292443013829599,-0.21897647335351592,000852,-0.18124496656692157,0.8804030895908247
12,2022-03-28,2022-04-27,Q5,0.0,0.8292443013829599,-0.21897647335351592,399006,-0.12526743069930957,0.8226101141924957
13,2022-04-27,2022-05-30,Q5,0.0,0.8654564818527578,0.04366889276104221,000300,0.034264825929139375,0.7980849226283389
13,2022-04-27,2022-05-30,Q5,0.0,0.8654564818527578,0.04366889276104221,000852,0.13385264009009656,0.9982473674760344
13,2022-04-27,2022-05-30,Q5,0.0,0.8654564818527578,0.04366889276104221,399006,0.035788416028768255,0.8520500271886894
14,2022-05-30,2022-06-28,Q5,0.0,0.9570098409919292,0.10578620769374239,000300,0.11454398340043004,0.8895007487580128
14,2022-05-30,2022-06-28,Q5,0.0,0.9570098409919292,0.10578620769374239,000852,0.12692045664368168,1.1249453791994457
14,2022-05-30,2022-06-28,Q5,0.0,0.9570098409919292,0.10578620769374239,399006,0.2084939456598507,1.0296972992568423
15,2022-06-28,2022-07-26,Q5,0.0,0.9689199706721056,0.012445148597251118,000300,-0.05445694485271213,0.8410612555364515
15,2022-06-28,2022-07-26,Q5,0.0,0.9689199706721056,0.012445148597251118,000852,-0.0073872978027379466,1.1166350726714855
15,2022-06-28,2022-07-26,Q5,0.0,0.9689199706721056,0.012445148597251118,399006,-0.044697615141422786,0.9836722856624975
16,2022-07-26,2022-08-23,Q5,0.0,0.9551095934258315,-0.014253372481005121,000300,-0.019995383868977146,0.8242439128746762
16,2022-07-26,2022-08-23,Q5,0.0,0.9551095934258315,-0.014253372481005121,000852,0.03964470602297854,1.160903741862494
16,2022-07-26,2022-08-23,Q5,0.0,0.9551095934258315,-0.014253372481005121,399006,0.024636442033418637,1.007906470908102
17,2022-08-23,2022-09-21,Q5,0.0,0.8751139313019641,-0.0837554796585543,000300,-0.06184692435617678,0.773266961944077
17,2022-08-23,2022-09-21,Q5,0.0,0.8751139313019641,-0.0837554796585543,000852,-0.11297806466448213,1.0297470838451137
17,2022-08-23,2022-09-21,Q5,0.0,0.8751139313019641,-0.0837554796585543,399006,-0.1614172520330467,0.8452129780677903
18,2022-09-21,2022-10-26,Q5,0.0,0.8602489701745949,-0.016986315262121045,000300,-0.06322927046696358,0.7243738560641477
18,2022-09-21,2022-10-26,Q5,0.0,0.8602489701745949,-0.016986315262121045,000852,0.0017112613029657275,1.0315092501815397
18,2022-09-21,2022-10-26,Q5,0.0,0.8602489701745949,-0.016986315262121045,399006,0.017739500411748654,0.8602066340402391
19,2022-10-26,2022-11-23,Q5,0.0,0.9103246620466523,0.05821069667993218,000300,0.03189313352839851,0.7474764081800825
19,2022-10-26,2022-11-23,Q5,0.0,0.9103246620466523,0.05821069667993218,000852,0.01175348792071107,1.04363308169365
19,2022-10-26,2022-11-23,Q5,0.0,0.9103246620466523,0.05821069667993218,399006,-0.013713293550453476,0.8484103679535978
20,2022-11-23,2022-12-21,Q5,0.0,0.8731507543543187,-0.040835878936594835,000300,0.015107869819505737,0.758769184448019
20,2022-11-23,2022-12-21,Q5,0.0,0.8731507543543187,-0.040835878936594835,000852,-0.04245591116917036,0.999324688284057
20,2022-11-23,2022-12-21,Q5,0.0,0.8731507543543187,-0.040835878936594835,399006,-0.015655844877240144,0.835127786840674
21,2022-12-21,2023-01-19,Q5,0.0,0.975085634448019,0.1167437347850424,000300,0.08496713257138677,0.8232396263340969
21,2022-12-21,2023-01-19,Q5,0.0,0.975085634448019,0.1167437347850424,000852,0.06152510518131238,1.0608082448410159
21,2022-12-21,2023-01-19,Q5,0.0,0.975085634448019,0.1167437347850424,399006,0.11622173026001659,0.9321877832155154
22,2023-01-19,2023-02-23,Q5,0.0,1.1168944881549394,0.14543220482085775,000300,-0.012598622236231538,0.8128679412720171
22,2023-01-19,2023-02-23,Q5,0.0,1.1168944881549394,0.14543220482085775,000852,0.04354501443961123,1.1070011551802765
22,2023-01-19,2023-02-23,Q5,0.0,1.1168944881549394,0.14543220482085775,399006,-0.04431758081075199,0.890875475802066
23,2023-02-23,2023-03-23,Q5,0.0,1.2625013497668853,0.13036760692810118,000300,-0.015732335847355228,0.8000796298203775
23,2023-02-23,2023-03-23,Q5,0.0,1.2625013497668853,0.13036760692810118,000852,-0.014060995092431416,1.0914356173699709
23,2023-02-23,2023-03-23,Q5,0.0,1.2625013497668853,0.13036760692810118,399006,-0.03909289190552934,0.8560485771252488
24,2023-03-23,2023-04-21,Q5,0.0,1.256917725535567,-0.004422667930097056,000300,-0.0016142249863211333,0.7987881212908748
24,2023-03-23,2023-04-21,Q5,0.0,1.256917725535567,-0.004422667930097056,000852,-0.013877181412263795,1.0762895673079216
24,2023-03-23,2023-04-21,Q5,0.0,1.256917725535567,-0.004422667930097056,399006,-0.00856268077123401,0.8487185064346563
25,2023-04-21,2023-05-24,Q5,0.0,1.2260012055597813,-0.024597091239692837,000300,-0.043019711995080034,0.7644244863678503
25,2023-04-21,2023-05-24,Q5,0.0,1.2260012055597813,-0.024597091239692837,000852,-0.038433544794353236,1.0349239440110976
25,2023-04-21,2023-05-24,Q5,0.0,1.2260012055597813,-0.024597091239692837,399006,-0.040974888838582024,0.8139423599782489
26,2023-05-24,2023-06-21,Q5,0.0,1.23309118910008,0.005783015145618438,000300,0.0012800945300577293,0.765403021971492
26,2023-05-24,2023-06-21,Q5,0.0,1.23309118910008,0.005783015145618438,000852,0.005409032147123183,1.040521880894081
26,2023-05-24,2023-06-21,Q5,0.0,1.23309118910008,0.005783015145618438,399006,-0.014884690414473156,0.801827079934747
27,2023-06-21,2023-07-21,Q5,0.0,1.165529486728643,-0.054790515874778074,000300,-0.010900536486518009,0.7570597184036006
27,2023-06-21,2023-07-21,Q5,0.0,1.165529486728643,-0.054790515874778074,000852,-0.02244667026041436,1.0171656293349054
27,2023-06-21,2023-07-21,Q5,0.0,1.165529486728643,-0.054790515874778074,399006,-0.02202690972222232,0.7841653072321911
28,2023-07-21,2023-08-18,Q5,0.0,1.139716274316526,-0.0221471980812501,000300,-0.009919124207529717,0.7495503490242379
28,2023-07-21,2023-08-18,Q5,0.0,1.139716274316526,-0.0221471980812501,000852,-0.04441358323621958,0.9719896589914179
28,2023-07-21,2023-08-18,Q5,0.0,1.139716274316526,-0.0221471980812501,399006,-0.02043344798254365,0.7681421062171468
29,2023-08-18,2023-09-15,Q5,0.0,1.118162150381832,-0.0189118330767187,000300,-0.019878435517970305,0.7346504607436875
29,2023-08-18,2023-09-15,Q5,0.0,1.118162150381832,-0.0189118330767187,000852,-0.006220257605306978,0.9659436329227967
29,2023-08-18,2023-09-15,Q5,0.0,1.118162150381832,-0.0189118330767187,399006,-0.054834538349725404,0.7260213884357438
30,2023-09-15,2023-10-23,Q5,0.0,1.0219766951953484,-0.08602102579991452,000300,-0.06323912445602065,0.6881918088250445
30,2023-09-15,2023-10-23,Q5,0.0,1.0219766951953484,-0.08602102579991452,000852,-0.07253095050879577,0.8958828230889869
30,2023-09-15,2023-10-23,Q5,0.0,1.0219766951953484,-0.08602102579991452,399006,-0.06881606606981472,0.676059452601051
31,2023-10-23,2023-11-20,Q5,0.0,1.213907425293852,0.187803431331491,000300,0.029381965552178535,0.7084122368452334
31,2023-10-23,2023-11-20,Q5,0.0,1.213907425293852,0.187803431331491,000852,0.1091033567807822,0.993626646370239
31,2023-10-23,2023-11-20,Q5,0.0,1.213907425293852,0.187803431331491,399006,0.06866819310315231,0.7224832336414715
32,2023-11-20,2023-12-18,Q5,0.0,1.1469973791737822,-0.055119562436050436,000300,-0.0690514271653544,0.659495360869669
32,2023-11-20,2023-12-18,Q5,0.0,1.1469973791737822,-0.055119562436050436,000852,-0.06336994345367541,0.9306605819756918
32,2023-11-20,2023-12-18,Q5,0.0,1.1469973791737822,-0.055119562436050436,399006,-0.08679006708580661,0.6597788653253577
33,2023-12-18,2024-01-16,Q5,0.0,1.0526241928862163,-0.08227846724074098,000300,-0.00855717448045723,0.6538519439976551
33,2023-12-18,2024-01-16,Q5,0.0,1.0526241928862163,-0.08227846724074098,000852,-0.05421537610487259,0.8802044684979
33,2023-12-18,2024-01-16,Q5,0.0,1.0526241928862163,-0.08227846724074098,399006,-0.037236263736263764,0.6352111654884898
34,2024-01-16,2024-02-21,Q5,0.0,0.9416383926286378,-0.10543725007237743,000300,0.04725709507767628,0.6847510874818757
34,2024-01-16,2024-02-21,Q5,0.0,0.9416383926286378,-0.10543725007237743,000852,-0.08412176616174483,0.8061601140243968
34,2024-01-16,2024-02-21,Q5,0.0,0.9416383926286378,-0.10543725007237743,399006,0.00014267533371770114,0.6353017944535071
35,2024-02-21,2024-03-20,Q5,0.0,1.082302409529925,0.14938220234268001,000300,0.0371752481290879,0.7102068790656773
35,2024-02-21,2024-03-20,Q5,0.0,1.082302409529925,0.14938220234268001,000852,0.11543753005826374,0.8992212464188615
35,2024-02-21,2024-03-20,Q5,0.0,1.082302409529925,0.14938220234268001,399006,0.08945608509084257,0.692133405836505
36,2024-03-20,2024-04-19,Q5,0.0,0.979179359953333,-0.09528117896492647,000300,-0.0121939654931974,0.701546640889319
36,2024-03-20,2024-04-19,Q5,0.0,0.979179359953333,-0.09528117896492647,000852,-0.06975605877207691,0.8364951163045671
36,2024-03-20,2024-04-19,Q5,0.0,0.979179359953333,-0.09528117896492647,399006,-0.08026712059709307,0.6365778502809495
37,2024-04-19,2024-05-22,Q5,0.0,0.9750310666499753,-0.0042364999437441726,000300,0.04031725236188688,0.7298310738536876
37,2024-04-19,2024-05-22,Q5,0.0,0.9750310666499753,-0.0042364999437441726,000852,0.052289059131257254,0.8802346589040245
37,2024-04-19,2024-05-22,Q5,0.0,0.9750310666499753,-0.0042364999437441726,399006,0.06943621867881555,0.6807794090991478
38,2024-05-22,2024-06-20,Q5,0.0,0.930117084958939,-0.04606415449443307,000300,-0.04917151813703524,0.6939441719687192
38,2024-05-22,2024-06-20,Q5,0.0,0.930117084958939,-0.04606415449443307,000852,-0.08728333507832597,0.8034048422233486
38,2024-05-22,2024-06-20,Q5,0.0,0.930117084958939,-0.04606415449443307,399006,-0.06136011459426072,0.639006706543411
39,2024-06-20,2024-07-18,Q5,0.0,0.8816075784881049,-0.052154193547552824,000300,0.005038135689981793,0.6974403568683696
39,2024-06-20,2024-07-18,Q5,0.0,0.8816075784881049,-0.052154193547552824,000852,-0.048200801401859894,0.7646800849780484
39,2024-06-20,2024-07-18,Q5,0.0,0.8816075784881049,-0.052154193547552824,399006,-0.025523344868667364,0.6226971179989121
40,2024-07-18,2024-08-15,Q5,0.0,0.9136399376730147,0.03633403338007026,000300,-0.050833160557011925,0.66198725922874
40,2024-07-18,2024-08-15,Q5,0.0,0.9136399376730147,0.03633403338007026,000852,-0.02505594886574969,0.7455202998701813
40,2024-07-18,2024-08-15,Q5,0.0,0.9136399376730147,0.03633403338007026,399006,-0.07277130598296566,0.5773826354903024
41,2024-08-15,2024-09-12,Q5,0.0,0.8772606003228104,-0.03981802442093351,000300,-0.05071290713505594,0.6284159608268828
41,2024-08-15,2024-09-12,Q5,0.0,0.8772606003228104,-0.03981802442093351,000852,-0.04755267112119965,0.7100688182362764
41,2024-08-15,2024-09-12,Q5,0.0,0.8772606003228104,-0.03981802442093351,399006,-0.02567950223204485,0.5625557368134853
42,2024-09-12,2024-10-21,Q5,0.0,1.1236597083042055,0.28087333215549215,000300,0.24042150122774997,0.7795006695243608
42,2024-09-12,2024-10-21,Q5,0.0,1.1236597083042055,0.28087333215549215,000852,0.31145915851000505,0.9312262548483409
42,2024-09-12,2024-10-21,Q5,0.0,1.1236597083042055,0.28087333215549215,399006,0.4243625186073039,0.8012833061446435
43,2024-10-21,2024-11-18,Q5,0.0,1.2393937469400746,0.10299740907372347,000300,0.003857491360032661,0.7825075866221907
43,2024-10-21,2024-11-18,Q5,0.0,1.2393937469400746,0.10299740907372347,000852,0.019450326504077298,0.9493389095543102
43,2024-10-21,2024-11-18,Q5,0.0,1.2393937469400746,0.10299740907372347,399006,-0.008772406055177151,0.7942541236179078
44,2024-11-18,2024-12-16,Q5,0.0,1.3422712651162374,0.08300632339815811,000300,-0.00975602347115978,0.774873424240744
44,2024-11-18,2024-12-16,Q5,0.0,1.3422712651162374,0.08300632339815811,000852,0.05070833668086028,0.997478306604231
44,2024-11-18,2024-12-16,Q5,0.0,1.3422712651162374,0.08300632339815811,399006,0.004828955475935315,0.7980895414174367
45,2024-12-16,2025-01-14,Q5,0.0,1.3516848167924955,0.007013151455226164,000300,-0.023339400384473796,0.756788343145101
45,2024-12-16,2025-01-14,Q5,0.0,1.3516848167924955,0.007013151455226164,000852,-0.07430800698364959,0.9233576816310448
45,2024-12-16,2025-01-14,Q5,0.0,1.3516848167924955,0.007013151455226164,399006,-0.057128451576857864,0.752495921696574
46,2025-01-14,2025-02-19,Q5,0.0,1.732725046066453,0.28190020671990207,000300,0.03130971014568629,0.7804831668106083
46,2025-01-14,2025-02-19,Q5,0.0,1.732725046066453,0.28190020671990207,000852,0.08216759449669153,0.9992277611907097
46,2025-01-14,2025-02-19,Q5,0.0,1.732725046066453,0.28190020671990207,399006,0.07285042586811574,0.8073155700561897
47,2025-02-19,2025-03-19,Q5,0.0,1.8224541738616276,0.05178497765636468,000300,0.01776831397709744,0.7943510367723384
47,2025-02-19,2025-03-19,Q5,0.0,1.8224541738616276,0.05178497765636468,000852,0.043913283390554,1.043107133039586
47,2025-02-19,2025-03-19,Q5,0.0,1.8224541738616276,0.05178497765636468,399006,-0.002079048756612134,0.8056371216240708
48,2025-03-19,2025-04-17,Q5,0.0,1.6107887982938744,-0.11614304414538555,000300,-0.05933663660144095,0.7472169179694004
48,2025-03-19,2025-04-17,Q5,0.0,1.6107887982938744,-0.11614304414538555,000852,-0.11045778316688704,0.9278878315184662
48,2025-03-19,2025-04-17,Q5,0.0,1.6107887982938744,-0.11614304414538555,399006,-0.14109838684275655,0.6919630233822727
49,2025-04-17,2025-05-20,Q5,0.0,1.7089425624452608,0.06093521649476922,000300,0.03338882673863153,0.7721656141796549
49,2025-04-17,2025-05-20,Q5,0.0,1.7089425624452608,0.06093521649476922,000852,0.05247998136845933,0.9765833676285754
49,2025-04-17,2025-05-20,Q5,0.0,1.7089425624452608,0.06093521649476922,399006,0.07317763178574799,0.7425992387166935
50,2025-05-20,2025-06-18,Q5,0.0,1.8303932790206494,0.07106775806532055,000300,-0.005951510580605834,0.7675700623568846
50,2025-05-20,2025-06-18,Q5,0.0,1.8303932790206494,0.07106775806532055,000852,-0.0017295745864803758,0.9748942938543457
50,2025-05-20,2025-06-18,Q5,0.0,1.8303932790206494,0.07106775806532055,399006,0.0030608359450514655,0.7448722131593254
51,2025-06-18,2025-07-16,Q5,0.0,1.934004042080733,0.056605738366522156,000300,0.03412413515459467,0.7937627269053716
51,2025-06-18,2025-07-16,Q5,0.0,1.934004042080733,0.056605738366522156,000852,0.05324355908915335,1.0268011357948579
51,2025-06-18,2025-07-16,Q5,0.0,1.934004042080733,0.056605738366522156,399006,0.08539321468027428,0.8084792459670107
52,2025-07-16,2025-08-13,Q5,0.0,2.042466638762862,0.056081887277462765,000300,0.04226891595128768,0.8273142168941997
52,2025-07-16,2025-08-13,Q5,0.0,2.042466638762862,0.056081887277462765,000852,0.09320092973448091,1.1224999563033595
52,2025-07-16,2025-08-13,Q5,0.0,2.042466638762862,0.056081887277462765,399006,0.11941135060241503,0.9050208446619535
53,2025-08-13,2025-09-10,Q5,0.0,2.1440421717584823,0.04973179540261473,000300,0.06435408875204107,0.8805552694340344
53,2025-08-13,2025-09-10,Q5,0.0,2.1440421717584823,0.04973179540261473,000852,0.023475687007826762,1.1488514139438364
53,2025-08-13,2025-09-10,Q5,0.0,2.1440421717584823,0.04973179540261473,399006,0.16333667133987584,1.0528439369222398
54,2025-09-10,2025-10-16,Q5,0.0,2.1317585387343874,-0.0057291937564924005,000300,0.03893048032105395,0.9148357090223365
54,2025-09-10,2025-10-16,Q5,0.0,2.1317585387343874,-0.0057291937564924005,000852,0.023743563429352355,1.176129240361713
54,2025-09-10,2025-10-16,Q5,0.0,2.1317585387343874,-0.0057291937564924005,399006,0.04585317480812745,1.1011201740076124
55,2025-10-16,2025-11-13,Q5,0.0,2.1929351734388556,0.028697731751921588,000300,0.0181122548403998,0.9314054465212469
55,2025-10-16,2025-11-13,Q5,0.0,2.1929351734388556,0.028697731751921588,000852,0.025499065097327023,1.206119436424566
55,2025-10-16,2025-11-13,Q5,0.0,2.1929351734388556,0.028697731751921588,399006,0.054094895701643386,1.1606851549755297
56,2025-11-13,2025-12-11,Q5,0.0,2.1170597631754355,-0.034599933086227955,000300,-0.031877449718953454,0.9017146162318065
56,2025-11-13,2025-12-11,Q5,0.0,2.1170597631754355,-0.034599933086227955,000852,-0.03670075277515028,1.1618539451710443
56,2025-11-13,2025-12-11,Q5,0.0,2.1170597631754355,-0.034599933086227955,399006,-0.011893495744514704,1.146880551024107
0,2021-03-31,2021-04-29,UNIVERSE,0.0,0.9964788671449536,-0.0035211328550464574,000300,0.022940123129095547,1.0229401231290955
0,2021-03-31,2021-04-29,UNIVERSE,0.0,0.9964788671449536,-0.0035211328550464574,000852,0.01775036983247502,1.017750369832475
0,2021-03-31,2021-04-29,UNIVERSE,0.0,0.9964788671449536,-0.0035211328550464574,399006,0.1061881457313758,1.1061881457313758
1,2021-04-29,2021-06-01,UNIVERSE,0.0,1.0776532963593526,0.08146126515153751,000300,0.034373384299897225,1.058102037097196
1,2021-04-29,2021-06-01,UNIVERSE,0.0,1.0776532963593526,0.08146126515153751,000852,0.07019874787278879,1.0891951714417825
1,2021-04-29,2021-06-01,UNIVERSE,0.0,1.0776532963593526,0.08146126515153751,399006,0.08151614658093598,1.1963603407649084
2,2021-06-01,2021-06-30,UNIVERSE,0.0,1.1448231343605475,0.06232972907716738,000300,-0.022023033951865445,1.0347994200096666
2,2021-06-01,2021-06-30,UNIVERSE,0.0,1.1448231343605475,0.06232972907716738,000852,0.03340321208858699,1.1255777887593172
2,2021-06-01,2021-06-30,UNIVERSE,0.0,1.1448231343605475,0.06232972907716738,399006,0.053639823523707886,1.2605328983143012
3,2021-06-30,2021-07-28,UNIVERSE,0.0,1.0971678023682392,-0.04162680728750883,000300,-0.08873592085818649,0.9429755405715916
3,2021-06-30,2021-07-28,UNIVERSE,0.0,1.0971678023682392,-0.04162680728750883,000852,-0.019508166636079904,1.10361982969433
3,2021-06-30,2021-07-28,UNIVERSE,0.0,1.0971678023682392,-0.04162680728750883,399006,-0.055291931967858976,1.1908355990574586
4,2021-07-28,2021-08-25,UNIVERSE,0.0,1.2194732304979343,0.11147376715366485,000300,0.028921453298827116,0.9702477636301692
4,2021-07-28,2021-08-25,UNIVERSE,0.0,1.2194732304979343,0.11147376715366485,000852,0.11865507356551208,1.2345699217750687
4,2021-07-28,2021-08-25,UNIVERSE,0.0,1.2194732304979343,0.11147376715366485,399006,0.019403821097621732,1.2139423599782488
5,2021-08-25,2021-09-24,UNIVERSE,0.0,1.1983226413103067,-0.017344037293046108,000300,-0.009948633772681847,0.9605951239610491
5,2021-08-25,2021-09-24,UNIVERSE,0.0,1.1983226413103067,-0.017344037293046108,000852,-0.009525550122721493,1.222809964105196
5,2021-08-25,2021-09-24,UNIVERSE,0.0,1.1983226413103067,-0.017344037293046108,399006,-0.042058614490572244,1.1628856262461482
6,2021-09-24,2021-10-29,UNIVERSE,0.0,1.1661444195536628,-0.026852719499198215,000300,0.01223648964929902,0.9723494362525655
6,2021-09-24,2021-10-29,UNIVERSE,0.0,1.1661444195536628,-0.026852719499198215,000852,-0.040324236383813106,1.173501086060136
6,2021-09-24,2021-10-29,UNIVERSE,0.0,1.1661444195536628,-0.026852719499198215,399006,0.044531800412741296,1.2146710168569874
7,2021-10-29,2021-11-26,UNIVERSE,0.0,1.2953847558614777,0.11082704178036643,000300,-0.009908795889805422,0.9627146241551715
7,2021-10-29,2021-11-26,UNIVERSE,0.0,1.2953847558614777,0.11082704178036643,000852,0.07521563105087137,1.261766710787032
7,2021-10-29,2021-11-26,UNIVERSE,0.0,1.2953847558614777,0.11082704178036643,399006,0.03527652678419524,1.2575203915171287
8,2021-11-26,2021-12-24,UNIVERSE,0.0,1.300619220964454,0.004040857420384857,000300,0.012594313320837047,0.9748393537703336
8,2021-11-26,2021-12-24,UNIVERSE,0.0,1.300619220964454,0.004040857420384857,000852,-0.02067552472738865,1.235679021957959
8,2021-11-26,2021-12-24,UNIVERSE,0.0,1.300619220964454,0.004040857420384857,399006,-0.049514683455995745,1.1952546673916982
9,2021-12-24,2022-01-24,UNIVERSE,0.0,1.3383424555216337,0.02900405741290409,000300,-0.027350274518728734,0.9481772298330549
9,2021-12-24,2022-01-24,UNIVERSE,0.0,1.3383424555216337,0.02900405741290409,000852,-0.045162352233171,1.1798728507211533
9,2021-12-24,2022-01-24,UNIVERSE,0.0,1.3383424555216337,0.02900405741290409,399006,-0.07299726123787209,1.1080043501903205
10,2022-01-24,2022-02-28,UNIVERSE,0.0,1.258202428186132,-0.059880060596498266,000300,-0.04284544387202982,0.907552155551506
10,2022-01-24,2022-02-28,UNIVERSE,0.0,1.258202428186132,-0.059880060596498266,000852,-0.0007501279392355675,1.1789877951310819
10,2022-01-24,2022-02-28,UNIVERSE,0.0,1.258202428186132,-0.059880060596498266,399006,-0.057295603040148135,1.0445205727750586
11,2022-02-28,2022-03-28,UNIVERSE,0.0,1.1154660718674214,-0.11344466766328226,000300,-0.09454672443333723,0.8217460719916966
11,2022-02-28,2022-03-28,UNIVERSE,0.0,1.1154660718674214,-0.11344466766328226,000852,-0.08795080210732587,1.0752948728745557
11,2022-02-28,2022-03-28,UNIVERSE,0.0,1.1154660718674214,-0.11344466766328226,399006,-0.09966994179730737,0.9404132680804783
12,2022-03-28,2022-04-27,UNIVERSE,0.0,0.8927589471670647,-0.19965387591531028,000300,-0.060969465851265725,0.7716446529169871
12,2022-03-28,2022-04-27,UNIVERSE,0.0,0.8927589471670647,-0.19965387591531028,000852,-0.18124496656692157,0.8804030895908247
12,2022-03-28,2022-04-27,UNIVERSE,0.0,0.8927589471670647,-0.19965387591531028,399006,-0.12526743069930957,0.8226101141924957
13,2022-04-27,2022-05-30,UNIVERSE,0.0,1.0024603643633323,0.12287910140175705,000300,0.034264825929139375,0.7980849226283389
13,2022-04-27,2022-05-30,UNIVERSE,0.0,1.0024603643633323,0.12287910140175705,000852,0.13385264009009656,0.9982473674760344
13,2022-04-27,2022-05-30,UNIVERSE,0.0,1.0024603643633323,0.12287910140175705,399006,0.035788416028768255,0.8520500271886894
14,2022-05-30,2022-06-28,UNIVERSE,0.0,1.1159844326426323,0.11324544322647583,000300,0.11454398340043004,0.8895007487580128
14,2022-05-30,2022-06-28,UNIVERSE,0.0,1.1159844326426323,0.11324544322647583,000852,0.12692045664368168,1.1249453791994457
14,2022-05-30,2022-06-28,UNIVERSE,0.0,1.1159844326426323,0.11324544322647583,399006,0.2084939456598507,1.0296972992568423
15,2022-06-28,2022-07-26,UNIVERSE,0.0,1.097860528124934,-0.016240284351261982,000300,-0.05445694485271213,0.8410612555364515
15,2022-06-28,2022-07-26,UNIVERSE,0.0,1.097860528124934,-0.016240284351261982,000852,-0.0073872978027379466,1.1166350726714855
15,2022-06-28,2022-07-26,UNIVERSE,0.0,1.097860528124934,-0.016240284351261982,399006,-0.044697615141422786,0.9836722856624975
16,2022-07-26,2022-08-23,UNIVERSE,0.0,1.1278625493810375,0.027327716488126926,000300,-0.019995383868977146,0.8242439128746762
16,2022-07-26,2022-08-23,UNIVERSE,0.0,1.1278625493810375,0.027327716488126926,000852,0.03964470602297854,1.160903741862494
16,2022-07-26,2022-08-23,UNIVERSE,0.0,1.1278625493810375,0.027327716488126926,399006,0.024636442033418637,1.007906470908102
17,2022-08-23,2022-09-21,UNIVERSE,0.0,1.0315475957441358,-0.08539600298791607,000300,-0.06184692435617678,0.773266961944077
17,2022-08-23,2022-09-21,UNIVERSE,0.0,1.0315475957441358,-0.08539600298791607,000852,-0.11297806466448213,1.0297470838451137
17,2022-08-23,2022-09-21,UNIVERSE,0.0,1.0315475957441358,-0.08539600298791607,399006,-0.1614172520330467,0.8452129780677903
18,2022-09-21,2022-10-26,UNIVERSE,0.0,1.064835782673921,0.0322701415495733,000300,-0.06322927046696358,0.7243738560641477
18,2022-09-21,2022-10-26,UNIVERSE,0.0,1.064835782673921,0.0322701415495733,000852,0.0017112613029657275,1.0315092501815397
18,2022-09-21,2022-10-26,UNIVERSE,0.0,1.064835782673921,0.0322701415495733,399006,0.017739500411748654,0.8602066340402391
19,2022-10-26,2022-11-23,UNIVERSE,0.0,1.111946729810423,0.04424245306464202,000300,0.03189313352839851,0.7474764081800825
19,2022-10-26,2022-11-23,UNIVERSE,0.0,1.111946729810423,0.04424245306464202,000852,0.01175348792071107,1.04363308169365
19,2022-10-26,2022-11-23,UNIVERSE,0.0,1.111946729810423,0.04424245306464202,399006,-0.013713293550453476,0.8484103679535978
20,2022-11-23,2022-12-21,UNIVERSE,0.0,1.0433269272148915,-0.06171141184724791,000300,0.015107869819505737,0.758769184448019
20,2022-11-23,2022-12-21,UNIVERSE,0.0,1.0433269272148915,-0.06171141184724791,000852,-0.04245591116917036,0.999324688284057
20,2022-11-23,2022-12-21,UNIVERSE,0.0,1.0433269272148915,-0.06171141184724791,399006,-0.015655844877240144,0.835127786840674
21,2022-12-21,2023-01-19,UNIVERSE,0.0,1.1729160438058768,0.12420758365445134,000300,0.08496713257138677,0.8232396263340969
21,2022-12-21,2023-01-19,UNIVERSE,0.0,1.1729160438058768,0.12420758365445134,000852,0.06152510518131238,1.0608082448410159
21,2022-12-21,2023-01-19,UNIVERSE,0.0,1.1729160438058768,0.12420758365445134,399006,0.11622173026001659,0.9321877832155154
22,2023-01-19,2023-02-23,UNIVERSE,0.0,1.2597041701371985,0.07399346849217935,000300,-0.012598622236231538,0.8128679412720171
22,2023-01-19,2023-02-23,UNIVERSE,0.0,1.2597041701371985,0.07399346849217935,000852,0.04354501443961123,1.1070011551802765
22,2023-01-19,2023-02-23,UNIVERSE,0.0,1.2597041701371985,0.07399346849217935,399006,-0.04431758081075199,0.890875475802066
23,2023-02-23,2023-03-23,UNIVERSE,0.0,1.4685709844383774,0.16580624185631676,000300,-0.015732335847355228,0.8000796298203775
23,2023-02-23,2023-03-23,UNIVERSE,0.0,1.4685709844383774,0.16580624185631676,000852,-0.014060995092431416,1.0914356173699709
23,2023-02-23,2023-03-23,UNIVERSE,0.0,1.4685709844383774,0.16580624185631676,399006,-0.03909289190552934,0.8560485771252488
24,2023-03-23,2023-04-21,UNIVERSE,0.0,1.4636940758333443,-0.0033208531672699894,000300,-0.0016142249863211333,0.7987881212908748
24,2023-03-23,2023-04-21,UNIVERSE,0.0,1.4636940758333443,-0.0033208531672699894,000852,-0.013877181412263795,1.0762895673079216
24,2023-03-23,2023-04-21,UNIVERSE,0.0,1.4636940758333443,-0.0033208531672699894,399006,-0.00856268077123401,0.8487185064346563
25,2023-04-21,2023-05-24,UNIVERSE,0.0,1.383437977094242,-0.054831197354822205,000300,-0.043019711995080034,0.7644244863678503
25,2023-04-21,2023-05-24,UNIVERSE,0.0,1.383437977094242,-0.054831197354822205,000852,-0.038433544794353236,1.0349239440110976
25,2023-04-21,2023-05-24,UNIVERSE,0.0,1.383437977094242,-0.054831197354822205,399006,-0.040974888838582024,0.8139423599782489
26,2023-05-24,2023-06-21,UNIVERSE,0.0,1.5784665289703743,0.14097383121270682,000300,0.0012800945300577293,0.765403021971492
26,2023-05-24,2023-06-21,UNIVERSE,0.0,1.5784665289703743,0.14097383121270682,000852,0.005409032147123183,1.040521880894081
26,2023-05-24,2023-06-21,UNIVERSE,0.0,1.5784665289703743,0.14097383121270682,399006,-0.014884690414473156,0.801827079934747
27,2023-06-21,2023-07-21,UNIVERSE,0.0,1.4037894845217,-0.11066249504993644,000300,-0.010900536486518009,0.7570597184036006
27,2023-06-21,2023-07-21,UNIVERSE,0.0,1.4037894845217,-0.11066249504993644,000852,-0.02244667026041436,1.0171656293349054
27,2023-06-21,2023-07-21,UNIVERSE,0.0,1.4037894845217,-0.11066249504993644,399006,-0.02202690972222232,0.7841653072321911
28,2023-07-21,2023-08-18,UNIVERSE,0.0,1.3238791389093403,-0.0569247358620775,000300,-0.009919124207529717,0.7495503490242379
28,2023-07-21,2023-08-18,UNIVERSE,0.0,1.3238791389093403,-0.0569247358620775,000852,-0.04441358323621958,0.9719896589914179
28,2023-07-21,2023-08-18,UNIVERSE,0.0,1.3238791389093403,-0.0569247358620775,399006,-0.02043344798254365,0.7681421062171468
29,2023-08-18,2023-09-15,UNIVERSE,0.0,1.295448316090171,-0.021475391509372593,000300,-0.019878435517970305,0.7346504607436875
29,2023-08-18,2023-09-15,UNIVERSE,0.0,1.295448316090171,-0.021475391509372593,000852,-0.006220257605306978,0.9659436329227967
29,2023-08-18,2023-09-15,UNIVERSE,0.0,1.295448316090171,-0.021475391509372593,399006,-0.054834538349725404,0.7260213884357438
30,2023-09-15,2023-10-23,UNIVERSE,0.0,1.1966196577636499,-0.07628915573011727,000300,-0.06323912445602065,0.6881918088250445
30,2023-09-15,2023-10-23,UNIVERSE,0.0,1.1966196577636499,-0.07628915573011727,000852,-0.07253095050879577,0.8958828230889869
30,2023-09-15,2023-10-23,UNIVERSE,0.0,1.1966196577636499,-0.07628915573011727,399006,-0.06881606606981472,0.676059452601051
31,2023-10-23,2023-11-20,UNIVERSE,0.0,1.4079018536505759,0.17656587414065156,000300,0.029381965552178535,0.7084122368452334
31,2023-10-23,2023-11-20,UNIVERSE,0.0,1.4079018536505759,0.17656587414065156,000852,0.1091033567807822,0.993626646370239
31,2023-10-23,2023-11-20,UNIVERSE,0.0,1.4079018536505759,0.17656587414065156,399006,0.06866819310315231,0.7224832336414715
32,2023-11-20,2023-12-18,UNIVERSE,0.0,1.3281279171269238,-0.05666157503579145,000300,-0.0690514271653544,0.659495360869669
32,2023-11-20,2023-12-18,UNIVERSE,0.0,1.3281279171269238,-0.05666157503579145,000852,-0.06336994345367541,0.9306605819756918
32,2023-11-20,2023-12-18,UNIVERSE,0.0,1.3281279171269238,-0.05666157503579145,399006,-0.08679006708580661,0.6597788653253577
33,2023-12-18,2024-01-16,UNIVERSE,0.0,1.179309992210077,-0.1120508973554126,000300,-0.00855717448045723,0.6538519439976551
33,2023-12-18,2024-01-16,UNIVERSE,0.0,1.179309992210077,-0.1120508973554126,000852,-0.05421537610487259,0.8802044684979
33,2023-12-18,2024-01-16,UNIVERSE,0.0,1.179309992210077,-0.1120508973554126,399006,-0.037236263736263764,0.6352111654884898
34,2024-01-16,2024-02-21,UNIVERSE,0.0,1.0812228186213524,-0.08317335919871674,000300,0.04725709507767628,0.6847510874818757
34,2024-01-16,2024-02-21,UNIVERSE,0.0,1.0812228186213524,-0.08317335919871674,000852,-0.08412176616174483,0.8061601140243968
34,2024-01-16,2024-02-21,UNIVERSE,0.0,1.0812228186213524,-0.08317335919871674,399006,0.00014267533371770114,0.6353017944535071
35,2024-02-21,2024-03-20,UNIVERSE,0.0,1.29701078668823,0.19957770438291808,000300,0.0371752481290879,0.7102068790656773
35,2024-02-21,2024-03-20,UNIVERSE,0.0,1.29701078668823,0.19957770438291808,000852,0.11543753005826374,0.8992212464188615
35,2024-02-21,2024-03-20,UNIVERSE,0.0,1.29701078668823,0.19957770438291808,399006,0.08945608509084257,0.692133405836505
36,2024-03-20,2024-04-19,UNIVERSE,0.0,1.0976783012013993,-0.15368606609340826,000300,-0.0121939654931974,0.701546640889319
36,2024-03-20,2024-04-19,UNIVERSE,0.0,1.0976783012013993,-0.15368606609340826,000852,-0.06975605877207691,0.8364951163045671
36,2024-03-20,2024-04-19,UNIVERSE,0.0,1.0976783012013993,-0.15368606609340826,399006,-0.08026712059709307,0.6365778502809495
37,2024-04-19,2024-05-22,UNIVERSE,0.0,1.160881660153764,0.05757912758518513,000300,0.04031725236188688,0.7298310738536876
37,2024-04-19,2024-05-22,UNIVERSE,0.0,1.160881660153764,0.05757912758518513,000852,0.052289059131257254,0.8802346589040245
37,2024-04-19,2024-05-22,UNIVERSE,0.0,1.160881660153764,0.05757912758518513,399006,0.06943621867881555,0.6807794090991478
38,2024-05-22,2024-06-20,UNIVERSE,0.0,1.0706709283004983,-0.0777088095623087,000300,-0.04917151813703524,0.6939441719687192
38,2024-05-22,2024-06-20,UNIVERSE,0.0,1.0706709283004983,-0.0777088095623087,000852,-0.08728333507832597,0.8034048422233486
38,2024-05-22,2024-06-20,UNIVERSE,0.0,1.0706709283004983,-0.0777088095623087,399006,-0.06136011459426072,0.639006706543411
39,2024-06-20,2024-07-18,UNIVERSE,0.0,1.0290508066652235,-0.03887293521767637,000300,0.005038135689981793,0.6974403568683696
39,2024-06-20,2024-07-18,UNIVERSE,0.0,1.0290508066652235,-0.03887293521767637,000852,-0.048200801401859894,0.7646800849780484
39,2024-06-20,2024-07-18,UNIVERSE,0.0,1.0290508066652235,-0.03887293521767637,399006,-0.025523344868667364,0.6226971179989121
40,2024-07-18,2024-08-15,UNIVERSE,0.0,1.0226616825957724,-0.006208754735984346,000300,-0.050833160557011925,0.66198725922874
40,2024-07-18,2024-08-15,UNIVERSE,0.0,1.0226616825957724,-0.006208754735984346,000852,-0.02505594886574969,0.7455202998701813
40,2024-07-18,2024-08-15,UNIVERSE,0.0,1.0226616825957724,-0.006208754735984346,399006,-0.07277130598296566,0.5773826354903024
41,2024-08-15,2024-09-12,UNIVERSE,0.0,1.0046908732232522,-0.0175725850282232,000300,-0.05071290713505594,0.6284159608268828
41,2024-08-15,2024-09-12,UNIVERSE,0.0,1.0046908732232522,-0.0175725850282232,000852,-0.04755267112119965,0.7100688182362764
41,2024-08-15,2024-09-12,UNIVERSE,0.0,1.0046908732232522,-0.0175725850282232,399006,-0.02567950223204485,0.5625557368134853
42,2024-09-12,2024-10-21,UNIVERSE,0.0,1.507386251452486,0.5003483077501091,000300,0.24042150122774997,0.7795006695243608
42,2024-09-12,2024-10-21,UNIVERSE,0.0,1.507386251452486,0.5003483077501091,000852,0.31145915851000505,0.9312262548483409
42,2024-09-12,2024-10-21,UNIVERSE,0.0,1.507386251452486,0.5003483077501091,399006,0.4243625186073039,0.8012833061446435
43,2024-10-21,2024-11-18,UNIVERSE,0.0,1.5408773239297258,0.022217976610154396,000300,0.003857491360032661,0.7825075866221907
43,2024-10-21,2024-11-18,UNIVERSE,0.0,1.5408773239297258,0.022217976610154396,000852,0.019450326504077298,0.9493389095543102
43,2024-10-21,2024-11-18,UNIVERSE,0.0,1.5408773239297258,0.022217976610154396,399006,-0.008772406055177151,0.7942541236179078
44,2024-11-18,2024-12-16,UNIVERSE,0.0,1.7256262236918831,0.11989851294001076,000300,-0.00975602347115978,0.774873424240744
44,2024-11-18,2024-12-16,UNIVERSE,0.0,1.7256262236918831,0.11989851294001076,000852,0.05070833668086028,0.997478306604231
44,2024-11-18,2024-12-16,UNIVERSE,0.0,1.7256262236918831,0.11989851294001076,399006,0.004828955475935315,0.7980895414174367
45,2024-12-16,2025-01-14,UNIVERSE,0.0,1.5950706042466578,-0.07565695146073328,000300,-0.023339400384473796,0.756788343145101
45,2024-12-16,2025-01-14,UNIVERSE,0.0,1.5950706042466578,-0.07565695146073328,000852,-0.07430800698364959,0.9233576816310448
45,2024-12-16,2025-01-14,UNIVERSE,0.0,1.5950706042466578,-0.07565695146073328,399006,-0.057128451576857864,0.752495921696574
46,2025-01-14,2025-02-19,UNIVERSE,0.0,1.9990590120290992,0.25327305682073076,000300,0.03130971014568629,0.7804831668106083
46,2025-01-14,2025-02-19,UNIVERSE,0.0,1.9990590120290992,0.25327305682073076,000852,0.08216759449669153,0.9992277611907097
46,2025-01-14,2025-02-19,UNIVERSE,0.0,1.9990590120290992,0.25327305682073076,399006,0.07285042586811574,0.8073155700561897
47,2025-02-19,2025-03-19,UNIVERSE,0.0,2.0136873903431893,0.007317632058916667,000300,0.01776831397709744,0.7943510367723384
47,2025-02-19,2025-03-19,UNIVERSE,0.0,2.0136873903431893,0.007317632058916667,000852,0.043913283390554,1.043107133039586
47,2025-02-19,2025-03-19,UNIVERSE,0.0,2.0136873903431893,0.007317632058916667,399006,-0.002079048756612134,0.8056371216240708
48,2025-03-19,2025-04-17,UNIVERSE,0.0,1.700265898006415,-0.15564555543219574,000300,-0.05933663660144095,0.7472169179694004
48,2025-03-19,2025-04-17,UNIVERSE,0.0,1.700265898006415,-0.15564555543219574,000852,-0.11045778316688704,0.9278878315184662
48,2025-03-19,2025-04-17,UNIVERSE,0.0,1.700265898006415,-0.15564555543219574,399006,-0.14109838684275655,0.6919630233822727
49,2025-04-17,2025-05-20,UNIVERSE,0.0,1.8117059656728012,0.0655427294031195,000300,0.03338882673863153,0.7721656141796549
49,2025-04-17,2025-05-20,UNIVERSE,0.0,1.8117059656728012,0.0655427294031195,000852,0.05247998136845933,0.9765833676285754
49,2025-04-17,2025-05-20,UNIVERSE,0.0,1.8117059656728012,0.0655427294031195,399006,0.07317763178574799,0.7425992387166935
50,2025-05-20,2025-06-18,UNIVERSE,0.0,1.845519979397717,0.018664184125683228,000300,-0.005951510580605834,0.7675700623568846
50,2025-05-20,2025-06-18,UNIVERSE,0.0,1.845519979397717,0.018664184125683228,000852,-0.0017295745864803758,0.9748942938543457
50,2025-05-20,2025-06-18,UNIVERSE,0.0,1.845519979397717,0.018664184125683228,399006,0.0030608359450514655,0.7448722131593254
51,2025-06-18,2025-07-16,UNIVERSE,0.0,2.00258619528437,0.08510675454075065,000300,0.03412413515459467,0.7937627269053716
51,2025-06-18,2025-07-16,UNIVERSE,0.0,2.00258619528437,0.08510675454075065,000852,0.05324355908915335,1.0268011357948579
51,2025-06-18,2025-07-16,UNIVERSE,0.0,2.00258619528437,0.08510675454075065,399006,0.08539321468027428,0.8084792459670107
52,2025-07-16,2025-08-13,UNIVERSE,0.0,2.1585762911911406,0.07789432298799005,000300,0.04226891595128768,0.8273142168941997
52,2025-07-16,2025-08-13,UNIVERSE,0.0,2.1585762911911406,0.07789432298799005,000852,0.09320092973448091,1.1224999563033595
52,2025-07-16,2025-08-13,UNIVERSE,0.0,2.1585762911911406,0.07789432298799005,399006,0.11941135060241503,0.9050208446619535
53,2025-08-13,2025-09-10,UNIVERSE,0.0,2.226571402006293,0.03149998037717328,000300,0.06435408875204107,0.8805552694340344
53,2025-08-13,2025-09-10,UNIVERSE,0.0,2.226571402006293,0.03149998037717328,000852,0.023475687007826762,1.1488514139438364
53,2025-08-13,2025-09-10,UNIVERSE,0.0,2.226571402006293,0.03149998037717328,399006,0.16333667133987584,1.0528439369222398
54,2025-09-10,2025-10-16,UNIVERSE,0.0,2.261699035903801,0.01577655846376873,000300,0.03893048032105395,0.9148357090223365
54,2025-09-10,2025-10-16,UNIVERSE,0.0,2.261699035903801,0.01577655846376873,000852,0.023743563429352355,1.176129240361713
54,2025-09-10,2025-10-16,UNIVERSE,0.0,2.261699035903801,0.01577655846376873,399006,0.04585317480812745,1.1011201740076124
55,2025-10-16,2025-11-13,UNIVERSE,0.0,2.220799043869151,-0.018083746504452887,000300,0.0181122548403998,0.9314054465212469
55,2025-10-16,2025-11-13,UNIVERSE,0.0,2.220799043869151,-0.018083746504452887,000852,0.025499065097327023,1.206119436424566
55,2025-10-16,2025-11-13,UNIVERSE,0.0,2.220799043869151,-0.018083746504452887,399006,0.054094895701643386,1.1606851549755297
56,2025-11-13,2025-12-11,UNIVERSE,0.0,2.198363229120648,-0.010102586639003003,000300,-0.031877449718953454,0.9017146162318065
56,2025-11-13,2025-12-11,UNIVERSE,0.0,2.198363229120648,-0.010102586639003003,000852,-0.03670075277515028,1.1618539451710443
56,2025-11-13,2025-12-11,UNIVERSE,0.0,2.198363229120648,-0.010102586639003003,399006,-0.011893495744514704,1.146880551024107
0,2021-03-31,2021-04-29,Q5,0.001,0.9867699132593574,-0.013230086740642678,000300,0.022940123129095547,1.0229401231290955
0,2021-03-31,2021-04-29,Q5,0.001,0.9867699132593574,-0.013230086740642678,000852,0.01775036983247502,1.017750369832475
0,2021-03-31,2021-04-29,Q5,0.001,0.9867699132593574,-0.013230086740642678,399006,0.1061881457313758,1.1061881457313758
1,2021-04-29,2021-06-01,Q5,0.001,1.057014845953529,0.07118673943163577,000300,0.034373384299897225,1.058102037097196
1,2021-04-29,2021-06-01,Q5,0.001,1.057014845953529,0.07118673943163577,000852,0.07019874787278879,1.0891951714417825
1,2021-04-29,2021-06-01,Q5,0.001,1.057014845953529,0.07118673943163577,399006,0.08151614658093598,1.1963603407649084
2,2021-06-01,2021-06-30,Q5,0.001,1.0910217484359985,0.03217258736966199,000300,-0.022023033951865445,1.0347994200096666
2,2021-06-01,2021-06-30,Q5,0.001,1.0910217484359985,0.03217258736966199,000852,0.03340321208858699,1.1255777887593172
2,2021-06-01,2021-06-30,Q5,0.001,1.0910217484359985,0.03217258736966199,399006,0.053639823523707886,1.2605328983143012
3,2021-06-30,2021-07-28,Q5,0.001,1.070702866802577,-0.018623718237101173,000300,-0.08873592085818649,0.9429755405715916
3,2021-06-30,2021-07-28,Q5,0.001,1.070702866802577,-0.018623718237101173,000852,-0.019508166636079904,1.10361982969433
3,2021-06-30,2021-07-28,Q5,0.001,1.070702866802577,-0.018623718237101173,399006,-0.055291931967858976,1.1908355990574586
4,2021-07-28,2021-08-25,Q5,0.001,1.113790285220295,0.040242180864229114,000300,0.028921453298827116,0.9702477636301692
4,2021-07-28,2021-08-25,Q5,0.001,1.113790285220295,0.040242180864229114,000852,0.11865507356551208,1.2345699217750687
4,2021-07-28,2021-08-25,Q5,0.001,1.113790285220295,0.040242180864229114,399006,0.019403821097621732,1.2139423599782488
5,2021-08-25,2021-09-24,Q5,0.001,1.177176598701048,0.05691045641344951,000300,-0.009948633772681847,0.9605951239610491
5,2021-08-25,2021-09-24,Q5,0.001,1.177176598701048,0.05691045641344951,000852,-0.009525550122721493,1.222809964105196
5,2021-08-25,2021-09-24,Q5,0.001,1.177176598701048,0.05691045641344951,399006,-0.042058614490572244,1.1628856262461482
6,2021-09-24,2021-10-29,Q5,0.001,1.0944873041137184,-0.0702437465020736,000300,0.01223648964929902,0.9723494362525655
6,2021-09-24,2021-10-29,Q5,0.001,1.0944873041137184,-0.0702437465020736,000852,-0.040324236383813106,1.173501086060136
6,2021-09-24,2021-10-29,Q5,0.001,1.0944873041137184,-0.0702437465020736,399006,0.044531800412741296,1.2146710168569874
7,2021-10-29,2021-11-26,Q5,0.001,1.1902092405711593,0.08745824286646564,000300,-0.009908795889805422,0.9627146241551715
7,2021-10-29,2021-11-26,Q5,0.001,1.1902092405711593,0.08745824286646564,000852,0.07521563105087137,1.261766710787032
7,2021-10-29,2021-11-26,Q5,0.001,1.1902092405711593,0.08745824286646564,399006,0.03527652678419524,1.2575203915171287
8,2021-11-26,2021-12-24,Q5,0.001,1.1881567303211984,-0.0017244953072083368,000300,0.012594313320837047,0.9748393537703336
8,2021-11-26,2021-12-24,Q5,0.001,1.1881567303211984,-0.0017244953072083368,000852,-0.02067552472738865,1.235679021957959
8,2021-11-26,2021-12-24,Q5,0.001,1.1881567303211984,-0.0017244953072083368,399006,-0.049514683455995745,1.1952546673916982
9,2021-12-24,2022-01-24,Q5,0.001,1.2217984716608286,0.028314228654443413,000300,-0.027350274518728734,0.9481772298330549
9,2021-12-24,2022-01-24,Q5,0.001,1.2217984716608286,0.028314228654443413,000852,-0.045162352233171,1.1798728507211533
9,2021-12-24,2022-01-24,Q5,0.001,1.2217984716608286,0.028314228654443413,399006,-0.07299726123787209,1.1080043501903205
10,2022-01-24,2022-02-28,Q5,0.001,1.1668763475568187,-0.04495186839557307,000300,-0.04284544387202982,0.907552155551506
10,2022-01-24,2022-02-28,Q5,0.001,1.1668763475568187,-0.04495186839557307,000852,-0.0007501279392355675,1.1789877951310819
10,2022-01-24,2022-02-28,Q5,0.001,1.1668763475568187,-0.04495186839557307,399006,-0.057295603040148135,1.0445205727750586
11,2022-02-28,2022-03-28,Q5,0.001,1.0538624951442235,-0.0968516095550495,000300,-0.09454672443333723,0.8217460719916966
11,2022-02-28,2022-03-28,Q5,0.001,1.0538624951442235,-0.0968516095550495,000852,-0.08795080210732587,1.0752948728745557
11,2022-02-28,2022-03-28,Q5,0.001,1.0538624951442235,-0.0968516095550495,399006,-0.09966994179730737,0.9404132680804783
12,2022-03-28,2022-04-27,Q5,0.001,0.8223513622878357,-0.21967869045828883,000300,-0.060969465851265725,0.7716446529169871
12,2022-03-28,2022-04-27,Q5,0.001,0.8223513622878357,-0.21967869045828883,000852,-0.18124496656692157,0.8804030895908247
12,2022-03-28,2022-04-27,Q5,0.001,0.8223513622878357,-0.21967869045828883,399006,-0.12526743069930957,0.8226101141924957
13,2022-04-27,2022-05-30,Q5,0.001,0.8577607748534402,0.04305873886691594,000300,0.034264825929139375,0.7980849226283389
13,2022-04-27,2022-05-30,Q5,0.001,0.8577607748534402,0.04305873886691594,000852,0.13385264009009656,0.9982473674760344
13,2022-04-27,2022-05-30,Q5,0.001,0.8577607748534402,0.04305873886691594,399006,0.035788416028768255,0.8520500271886894
14,2022-05-30,2022-06-28,Q5,0.001,0.9478974790570511,0.10508373295457818,000300,0.11454398340043004,0.8895007487580128
14,2022-05-30,2022-06-28,Q5,0.001,0.9478974790570511,0.10508373295457818,000852,0.12692045664368168,1.1249453791994457
14,2022-05-30,2022-06-28,Q5,0.001,0.9478974790570511,0.10508373295457818,399006,0.2084939456598507,1.0296972992568423
15,2022-06-28,2022-07-26,Q5,0.001,0.959114843020673,0.011833942184107037,000300,-0.05445694485271213,0.8410612555364515
15,2022-06-28,2022-07-26,Q5,0.001,0.959114843020673,0.011833942184107037,000852,-0.0073872978027379466,1.1166350726714855
15,2022-06-28,2022-07-26,Q5,0.001,0.959114843020673,0.011833942184107037,399006,-0.044697615141422786,0.9836722856624975
16,2022-07-26,2022-08-23,Q5,0.001,0.9447629576074076,-0.014963677726084477,000300,-0.019995383868977146,0.8242439128746762
16,2022-07-26,2022-08-23,Q5,0.001,0.9447629576074076,-0.014963677726084477,000852,0.03964470602297854,1.160903741862494
16,2022-07-26,2022-08-23,Q5,0.001,0.9447629576074076,-0.014963677726084477,399006,0.024636442033418637,1.007906470908102
17,2022-08-23,2022-09-21,Q5,0.001,0.8647824108005224,-0.08465673443572998,000300,-0.06184692435617678,0.773266961944077
17,2022-08-23,2022-09-21,Q5,0.001,0.8647824108005224,-0.08465673443572998,000852,-0.11297806466448213,1.0297470838451137
17,2022-08-23,2022-09-21,Q5,0.001,0.8647824108005224,-0.08465673443572998,399006,-0.1614172520330467,0.8452129780677903
18,2022-09-21,2022-10-26,Q5,0.001,0.8496998612235275,-0.0174408607166665,000300,-0.06322927046696358,0.7243738560641477
18,2022-09-21,2022-10-26,Q5,0.001,0.8496998612235275,-0.0174408607166665,000852,0.0017112613029657275,1.0315092501815397
18,2022-09-21,2022-10-26,Q5,0.001,0.8496998612235275,-0.0174408607166665,399006,0.017739500411748654,0.8602066340402391
19,2022-10-26,2022-11-23,Q5,0.001,0.8986190429114007,0.05757230749388608,000300,0.03189313352839851,0.7474764081800825
19,2022-10-26,2022-11-23,Q5,0.001,0.8986190429114007,0.05757230749388608,000852,0.01175348792071107,1.04363308169365
19,2022-10-26,2022-11-23,Q5,0.001,0.8986190429114007,0.05757230749388608,399006,-0.013713293550453476,0.8484103679535978
20,2022-11-23,2022-12-21,Q5,0.001,0.8614988326539896,-0.041308061018990705,000300,0.015107869819505737,0.758769184448019
20,2022-11-23,2022-12-21,Q5,0.001,0.8614988326539896,-0.041308061018990705,000852,-0.04245591116917036,0.999324688284057
20,2022-11-23,2022-12-21,Q5,0.001,0.8614988326539896,-0.041308061018990705,399006,-0.015655844877240144,0.835127786840674
21,2022-12-21,2023-01-19,Q5,0.001,0.9616758180247051,0.11628220674670428,000300,0.08496713257138677,0.8232396263340969
21,2022-12-21,2023-01-19,Q5,0.001,0.9616758180247051,0.11628220674670428,000852,0.06152510518131238,1.0608082448410159
21,2022-12-21,2023-01-19,Q5,0.001,0.9616758180247051,0.11628220674670428,399006,0.11622173026001659,0.9321877832155154
22,2023-01-19,2023-02-23,Q5,0.001,1.1009944483489256,0.1448706806524289,000300,-0.012598622236231538,0.8128679412720171
22,2023-01-19,2023-02-23,Q5,0.001,1.1009944483489256,0.1448706806524289,000852,0.04354501443961123,1.1070011551802765
22,2023-01-19,2023-02-23,Q5,0.001,1.1009944483489256,0.1448706806524289,399006,-0.04431758081075199,0.890875475802066
23,2023-02-23,2023-03-23,Q5,0.001,1.243704446071099,0.1296191801295496,000300,-0.015732335847355228,0.8000796298203775
23,2023-02-23,2023-03-23,Q5,0.001,1.243704446071099,0.1296191801295496,000852,-0.014060995092431416,1.0914356173699709
23,2023-02-23,2023-03-23,Q5,0.001,1.243704446071099,0.1296191801295496,399006,-0.03909289190552934,0.8560485771252488
24,2023-03-23,2023-04-21,Q5,0.001,1.2372620265431273,-0.005180024521359117,000300,-0.0016142249863211333,0.7987881212908748
24,2023-03-23,2023-04-21,Q5,0.001,1.2372620265431273,-0.005180024521359117,000852,-0.013877181412263795,1.0762895673079216
24,2023-03-23,2023-04-21,Q5,0.001,1.2372620265431273,-0.005180024521359117,399006,-0.00856268077123401,0.8487185064346563
25,2023-04-21,2023-05-24,Q5,0.001,1.20611913391446,-0.025170814233812365,000300,-0.043019711995080034,0.7644244863678503
25,2023-04-21,2023-05-24,Q5,0.001,1.20611913391446,-0.025170814233812365,000852,-0.038433544794353236,1.0349239440110976
25,2023-04-21,2023-05-24,Q5,0.001,1.20611913391446,-0.025170814233812365,399006,-0.040974888838582024,0.8139423599782489
26,2023-05-24,2023-06-21,Q5,0.001,1.2126429884060121,0.005408963599125707,000300,0.0012800945300577293,0.765403021971492
26,2023-05-24,2023-06-21,Q5,0.001,1.2126429884060121,0.005408963599125707,000852,0.005409032147123183,1.040521880894081
26,2023-05-24,2023-06-21,Q5,0.001,1.2126429884060121,0.005408963599125707,399006,-0.014884690414473156,0.801827079934747
27,2023-06-21,2023-07-21,Q5,0.001,1.1455296356767406,-0.05534469202472388,000300,-0.010900536486518009,0.7570597184036006
27,2023-06-21,2023-07-21,Q5,0.001,1.1455296356767406,-0.05534469202472388,000852,-0.02244667026041436,1.0171656293349054
27,2023-06-21,2023-07-21,Q5,0.001,1.1455296356767406,-0.05534469202472388,399006,-0.02202690972222232,0.7841653072321911
28,2023-07-21,2023-08-18,Q5,0.001,1.1197336659455546,-0.022518814815250553,000300,-0.009919124207529717,0.7495503490242379
28,2023-07-21,2023-08-18,Q5,0.001,1.1197336659455546,-0.022518814815250553,000852,-0.04441358323621958,0.9719896589914179
28,2023-07-21,2023-08-18,Q5,0.001,1.1197336659455546,-0.022518814815250553,399006,-0.02043344798254365,0.7681421062171468
29,2023-08-18,2023-09-15,Q5,0.001,1.098046654496685,-0.019368008758186474,000300,-0.019878435517970305,0.7346504607436875
29,2023-08-18,2023-09-15,Q5,0.001,1.098046654496685,-0.019368008758186474,000852,-0.006220257605306978,0.9659436329227967
29,2023-08-18,2023-09-15,Q5,0.001,1.098046654496685,-0.019368008758186474,399006,-0.054834538349725404,0.7260213884357438
30,2023-09-15,2023-10-23,Q5,0.001,1.0030889433905463,-0.08647875818142242,000300,-0.06323912445602065,0.6881918088250445
30,2023-09-15,2023-10-23,Q5,0.001,1.0030889433905463,-0.08647875818142242,000852,-0.07253095050879577,0.8958828230889869
30,2023-09-15,2023-10-23,Q5,0.001,1.0030889433905463,-0.08647875818142242,399006,-0.06881606606981472,0.676059452601051
31,2023-10-23,2023-11-20,Q5,0.001,1.191100093104254,0.18743218231297626,000300,0.029381965552178535,0.7084122368452334
31,2023-10-23,2023-11-20,Q5,0.001,1.191100093104254,0.18743218231297626,000852,0.1091033567807822,0.993626646370239
31,2023-10-23,2023-11-20,Q5,0.001,1.191100093104254,0.18743218231297626,399006,0.06866819310315231,0.7224832336414715
32,2023-11-20,2023-12-18,Q5,0.001,1.124665599671944,-0.05577574363139188,000300,-0.0690514271653544,0.659495360869669
32,2023-11-20,2023-12-18,Q5,0.001,1.124665599671944,-0.05577574363139188,000852,-0.06336994345367541,0.9306605819756918
32,2023-11-20,2023-12-18,Q5,0.001,1.124665599671944,-0.05577574363139188,399006,-0.08679006708580661,0.6597788653253577
33,2023-12-18,2024-01-16,Q5,0.001,1.0313989923473978,-0.08292830095608072,000300,-0.00855717448045723,0.6538519439976551
33,2023-12-18,2024-01-16,Q5,0.001,1.0313989923473978,-0.08292830095608072,000852,-0.05421537610487259,0.8802044684979
33,2023-12-18,2024-01-16,Q5,0.001,1.0313989923473978,-0.08292830095608072,399006,-0.037236263736263764,0.6352111654884898
34,2024-01-16,2024-02-21,Q5,0.001,0.9221724983595136,-0.10590129988326995,000300,0.04725709507767628,0.6847510874818757
34,2024-01-16,2024-02-21,Q5,0.001,0.9221724983595136,-0.10590129988326995,000852,-0.08412176616174483,0.8061601140243968
34,2024-01-16,2024-02-21,Q5,0.001,0.9221724983595136,-0.10590129988326995,399006,0.00014267533371770114,0.6353017944535071
35,2024-02-21,2024-03-20,Q5,0.001,1.0591741523329243,0.14856402052449819,000300,0.0371752481290879,0.7102068790656773
35,2024-02-21,2024-03-20,Q5,0.001,1.0591741523329243,0.14856402052449819,000852,0.11543753005826374,0.8992212464188615
35,2024-02-21,2024-03-20,Q5,0.001,1.0591741523329243,0.14856402052449819,399006,0.08945608509084257,0.692133405836505
36,2024-03-20,2024-04-19,Q5,0.001,0.9574539333031007,-0.09603729358932703,000300,-0.0121939654931974,0.701546640889319
36,2024-03-20,2024-04-19,Q5,0.001,0.9574539333031007,-0.09603729358932703,000852,-0.06975605877207691,0.8364951163045671
36,2024-03-20,2024-04-19,Q5,0.001,0.9574539333031007,-0.09603729358932703,399006,-0.08026712059709307,0.6365778502809495
37,2024-04-19,2024-05-22,Q5,0.001,0.9528609020840266,-0.004797130242317449,000300,0.04031725236188688,0.7298310738536876
37,2024-04-19,2024-05-22,Q5,0.001,0.9528609020840266,-0.004797130242317449,000852,0.052289059131257254,0.8802346589040245
37,2024-04-19,2024-05-22,Q5,0.001,0.9528609020840266,-0.004797130242317449,399006,0.06943621867881555,0.6807794090991478
38,2024-05-22,2024-06-20,Q5,0.001,0.9082661879885132,-0.046800864636149034,000300,-0.04917151813703524,0.6939441719687192
38,2024-05-22,2024-06-20,Q5,0.001,0.9082661879885132,-0.046800864636149034,000852,-0.08728333507832597,0.8034048422233486
38,2024-05-22,2024-06-20,Q5,0.001,0.9082661879885132,-0.046800864636149034,399006,-0.06136011459426072,0.639006706543411
39,2024-06-20,2024-07-18,Q5,0.001,0.8602301206737286,-0.052887653366429276,000300,0.005038135689981793,0.6974403568683696
39,2024-06-20,2024-07-18,Q5,0.001,0.8602301206737286,-0.052887653366429276,000852,-0.048200801401859894,0.7646800849780484
39,2024-06-20,2024-07-18,Q5,0.001,0.8602301206737286,-0.052887653366429276,399006,-0.025523344868667364,0.6226971179989121
40,2024-07-18,2024-08-15,Q5,0.001,0.8909313907841943,0.035689601389940435,000300,-0.050833160557011925,0.66198725922874
40,2024-07-18,2024-08-15,Q5,0.001,0.8909313907841943,0.035689601389940435,000852,-0.02505594886574969,0.7455202998701813
40,2024-07-18,2024-08-15,Q5,0.001,0.8909313907841943,0.035689601389940435,399006,-0.07277130598296566,0.5773826354903024
41,2024-08-15,2024-09-12,Q5,0.001,0.854869011891461,-0.040477167227199434,000300,-0.05071290713505594,0.6284159608268828
41,2024-08-15,2024-09-12,Q5,0.001,0.854869011891461,-0.040477167227199434,000852,-0.04755267112119965,0.7100688182362764
41,2024-08-15,2024-09-12,Q5,0.001,0.854869011891461,-0.040477167227199434,399006,-0.02567950223204485,0.5625557368134853
42,2024-09-12,2024-10-21,Q5,0.001,1.094509527133372,0.2803242507430333,000300,0.24042150122774997,0.7795006695243608
42,2024-09-12,2024-10-21,Q5,0.001,1.094509527133372,0.2803242507430333,000852,0.31145915851000505,0.9312262548483409
42,2024-09-12,2024-10-21,Q5,0.001,1.094509527133372,0.2803242507430333,399006,0.4243625186073039,0.8012833061446435
43,2024-10-21,2024-11-18,Q5,0.001,1.2066242194761518,0.10243372904795003,000300,0.003857491360032661,0.7825075866221907
43,2024-10-21,2024-11-18,Q5,0.001,1.2066242194761518,0.10243372904795003,000852,0.019450326504077298,0.9493389095543102
43,2024-10-21,2024-11-18,Q5,0.001,1.2066242194761518,0.10243372904795003,399006,-0.008772406055177151,0.7942541236179078
44,2024-11-18,2024-12-16,Q5,0.001,1.306169628753613,0.08249909762351564,000300,-0.00975602347115978,0.774873424240744
44,2024-11-18,2024-12-16,Q5,0.001,1.306169628753613,0.08249909762351564,000852,0.05070833668086028,0.997478306604231
44,2024-11-18,2024-12-16,Q5,0.001,1.306169628753613,0.08249909762351564,399006,0.004828955475935315,0.7980895414174367
45,2024-12-16,2025-01-14,Q5,0.001,1.3145930571958744,0.006448954451880254,000300,-0.023339400384473796,0.756788343145101
45,2024-12-16,2025-01-14,Q5,0.001,1.3145930571958744,0.006448954451880254,000852,-0.07430800698364959,0.9233576816310448
45,2024-12-16,2025-01-14,Q5,0.001,1.3145930571958744,0.006448954451880254,399006,-0.057128451576857864,0.752495921696574
46,2025-01-14,2025-02-19,Q5,0.001,1.6842886726495208,0.2812243784720992,000300,0.03130971014568629,0.7804831668106083
46,2025-01-14,2025-02-19,Q5,0.001,1.6842886726495208,0.2812243784720992,000852,0.08216759449669153,0.9992277611907097
46,2025-01-14,2025-02-19,Q5,0.001,1.6842886726495208,0.2812243784720992,399006,0.07285042586811574,0.8073155700561897
47,2025-02-19,2025-03-19,Q5,0.001,1.770462973799364,0.05116361734730665,000300,0.01776831397709744,0.7943510367723384
47,2025-02-19,2025-03-19,Q5,0.001,1.770462973799364,0.05116361734730665,000852,0.043913283390554,1.043107133039586
47,2025-02-19,2025-03-19,Q5,0.001,1.770462973799364,0.05116361734730665,399006,-0.002079048756612134,0.8056371216240708
48,2025-03-19,2025-04-17,Q5,0.001,1.5641818496158344,-0.11651253216601086,000300,-0.05933663660144095,0.7472169179694004
48,2025-03-19,2025-04-17,Q5,0.001,1.5641818496158344,-0.11651253216601086,000852,-0.11045778316688704,0.9278878315184662
48,2025-03-19,2025-04-17,Q5,0.001,1.5641818496158344,-0.11651253216601086,399006,-0.14109838684275655,0.6919630233822727
49,2025-04-17,2025-05-20,Q5,0.001,1.658486454903572,0.060290052151480325,000300,0.03338882673863153,0.7721656141796549
49,2025-04-17,2025-05-20,Q5,0.001,1.658486454903572,0.060290052151480325,000852,0.05247998136845933,0.9765833676285754
49,2025-04-17,2025-05-20,Q5,0.001,1.658486454903572,0.060290052151480325,399006,0.07317763178574799,0.7425992387166935
50,2025-05-20,2025-06-18,Q5,0.001,1.7754286570824993,0.07051140021865683,000300,-0.005951510580605834,0.7675700623568846
50,2025-05-20,2025-06-18,Q5,0.001,1.7754286570824993,0.07051140021865683,000852,-0.0017295745864803758,0.9748942938543457
50,2025-05-20,2025-06-18,Q5,0.001,1.7754286570824993,0.07051140021865683,399006,0.0030608359450514655,0.7448722131593254
51,2025-06-18,2025-07-16,Q5,0.001,1.8750633235289778,0.056118653965068224,000300,0.03412413515459467,0.7937627269053716
51,2025-06-18,2025-07-16,Q5,0.001,1.8750633235289778,0.056118653965068224,000852,0.05324355908915335,1.0268011357948579
51,2025-06-18,2025-07-16,Q5,0.001,1.8750633235289778,0.056118653965068224,399006,0.08539321468027428,0.8084792459670107
52,2025-07-16,2025-08-13,Q5,0.001,1.97950635672799,0.05570106987237337,000300,0.04226891595128768,0.8273142168941997
52,2025-07-16,2025-08-13,Q5,0.001,1.97950635672799,0.05570106987237337,000852,0.09320092973448091,1.1224999563033595
52,2025-07-16,2025-08-13,Q5,0.001,1.97950635672799,0.05570106987237337,399006,0.11941135060241503,0.9050208446619535
53,2025-08-13,2025-09-10,Q5,0.001,2.0770339929981434,0.04926866536127773,000300,0.06435408875204107,0.8805552694340344
53,2025-08-13,2025-09-10,Q5,0.001,2.0770339929981434,0.04926866536127773,000852,0.023475687007826762,1.1488514139438364
53,2025-08-13,2025-09-10,Q5,0.001,2.0770339929981434,0.04926866536127773,399006,0.16333667133987584,1.0528439369222398
54,2025-09-10,2025-10-16,Q5,0.001,2.063227531469007,-0.006647200563726485,000300,0.03893048032105395,0.9148357090223365
54,2025-09-10,2025-10-16,Q5,0.001,2.063227531469007,-0.006647200563726485,000852,0.023743563429352355,1.176129240361713
54,2025-09-10,2025-10-16,Q5,0.001,2.063227531469007,-0.006647200563726485,399006,0.04585317480812745,1.1011201740076124
55,2025-10-16,2025-11-13,Q5,0.001,2.120734704300737,0.02787243382254851,000300,0.0181122548403998,0.9314054465212469
55,2025-10-16,2025-11-13,Q5,0.001,2.120734704300737,0.02787243382254851,000852,0.025499065097327023,1.206119436424566
55,2025-10-16,2025-11-13,Q5,0.001,2.120734704300737,0.02787243382254851,399006,0.054094895701643386,1.1606851549755297
56,2025-11-13,2025-12-11,Q5,0.001,2.046355051144781,-0.03507258734678977,000300,-0.031877449718953454,0.9017146162318065
56,2025-11-13,2025-12-11,Q5,0.001,2.046355051144781,-0.03507258734678977,000852,-0.03670075277515028,1.1618539451710443
56,2025-11-13,2025-12-11,Q5,0.001,2.046355051144781,-0.03507258734678977,399006,-0.011893495744514704,1.146880551024107
0,2021-03-31,2021-04-29,UNIVERSE,0.001,0.9954788671449536,-0.004521132855046458,000300,0.022940123129095547,1.0229401231290955
0,2021-03-31,2021-04-29,UNIVERSE,0.001,0.9954788671449536,-0.004521132855046458,000852,0.01775036983247502,1.017750369832475
0,2021-03-31,2021-04-29,UNIVERSE,0.001,0.9954788671449536,-0.004521132855046458,399006,0.1061881457313758,1.1061881457313758
1,2021-04-29,2021-06-01,UNIVERSE,0.001,1.0765365637201227,0.08142583358664733,000300,0.034373384299897225,1.058102037097196
1,2021-04-29,2021-06-01,UNIVERSE,0.001,1.0765365637201227,0.08142583358664733,000852,0.07019874787278879,1.0891951714417825
1,2021-04-29,2021-06-01,UNIVERSE,0.001,1.0765365637201227,0.08142583358664733,399006,0.08151614658093598,1.1963603407649084
2,2021-06-01,2021-06-30,UNIVERSE,0.001,1.14358130222165,0.06227818056624566,000300,-0.022023033951865445,1.0347994200096666
2,2021-06-01,2021-06-30,UNIVERSE,0.001,1.14358130222165,0.06227818056624566,000852,0.03340321208858699,1.1255777887593172
2,2021-06-01,2021-06-30,UNIVERSE,0.001,1.14358130222165,0.06227818056624566,399006,0.053639823523707886,1.2605328983143012
3,2021-06-30,2021-07-28,UNIVERSE,0.001,1.0959018036097996,-0.04169314286550767,000300,-0.08873592085818649,0.9429755405715916
3,2021-06-30,2021-07-28,UNIVERSE,0.001,1.0959018036097996,-0.04169314286550767,000852,-0.019508166636079904,1.10361982969433
3,2021-06-30,2021-07-28,UNIVERSE,0.001,1.0959018036097996,-0.04169314286550767,399006,-0.055291931967858976,1.1908355990574586
4,2021-07-28,2021-08-25,UNIVERSE,0.001,1.2179760321346476,0.1113915755250577,000300,0.028921453298827116,0.9702477636301692
4,2021-07-28,2021-08-25,UNIVERSE,0.001,1.2179760321346476,0.1113915755250577,000852,0.11865507356551208,1.2345699217750687
4,2021-07-28,2021-08-25,UNIVERSE,0.001,1.2179760321346476,0.1113915755250577,399006,0.019403821097621732,1.2139423599782488
5,2021-08-25,2021-09-24,UNIVERSE,0.001,1.1967696839791075,-0.01741113749042611,000300,-0.009948633772681847,0.9605951239610491
5,2021-08-25,2021-09-24,UNIVERSE,0.001,1.1967696839791075,-0.01741113749042611,000852,-0.009525550122721493,1.222809964105196
5,2021-08-25,2021-09-24,UNIVERSE,0.001,1.1967696839791075,-0.01741113749042611,399006,-0.042058614490572244,1.1628856262461482
6,2021-09-24,2021-10-29,UNIVERSE,0.001,1.164575187150167,-0.02690116340672817,000300,0.01223648964929902,0.9723494362525655
6,2021-09-24,2021-10-29,UNIVERSE,0.001,1.164575187150167,-0.02690116340672817,000852,-0.040324236383813106,1.173501086060136
6,2021-09-24,2021-10-29,UNIVERSE,0.001,1.164575187150167,-0.02690116340672817,399006,0.044531800412741296,1.2146710168569874
7,2021-10-29,2021-11-26,UNIVERSE,0.001,1.2935849163879791,0.1107783599215366,000300,-0.009908795889805422,0.9627146241551715
7,2021-10-29,2021-11-26,UNIVERSE,0.001,1.2935849163879791,0.1107783599215366,000852,0.07521563105087137,1.261766710787032
7,2021-10-29,2021-11-26,UNIVERSE,0.001,1.2935849163879791,0.1107783599215366,399006,0.03527652678419524,1.2575203915171287
8,2021-11-26,2021-12-24,UNIVERSE,0.001,1.2987588682433164,0.0039997002050583,000300,0.012594313320837047,0.9748393537703336
8,2021-11-26,2021-12-24,UNIVERSE,0.001,1.2987588682433164,0.0039997002050583,000852,-0.02067552472738865,1.235679021957959
8,2021-11-26,2021-12-24,UNIVERSE,0.001,1.2987588682433164,0.0039997002050583,399006,-0.049514683455995745,1.1952546673916982
9,2021-12-24,2022-01-24,UNIVERSE,0.001,1.3363679714109402,0.02895772578515175,000300,-0.027350274518728734,0.9481772298330549
9,2021-12-24,2022-01-24,UNIVERSE,0.001,1.3363679714109402,0.02895772578515175,000852,-0.045162352233171,1.1798728507211533
9,2021-12-24,2022-01-24,UNIVERSE,0.001,1.3363679714109402,0.02895772578515175,399006,-0.07299726123787209,1.1080043501903205
10,2022-01-24,2022-02-28,UNIVERSE,0.001,1.256272903828568,-0.05993489016188236,000300,-0.04284544387202982,0.907552155551506
10,2022-01-24,2022-02-28,UNIVERSE,0.001,1.256272903828568,-0.05993489016188236,000852,-0.0007501279392355675,1.1789877951310819
10,2022-01-24,2022-02-28,UNIVERSE,0.001,1.256272903828568,-0.05993489016188236,399006,-0.057295603040148135,1.0445205727750586
11,2022-02-28,2022-03-28,UNIVERSE,0.001,1.1137032798210977,-0.11348618884716903,000300,-0.09454672443333723,0.8217460719916966
11,2022-02-28,2022-03-28,UNIVERSE,0.001,1.1137032798210977,-0.11348618884716903,000852,-0.08795080210732587,1.0752948728745557
11,2022-02-28,2022-03-28,UNIVERSE,0.001,1.1137032798210977,-0.11348618884716903,399006,-0.09966994179730737,0.9404132680804783
12,2022-03-28,2022-04-27,UNIVERSE,0.001,0.8913116940798358,-0.19968656802104987,000300,-0.060969465851265725,0.7716446529169871
12,2022-03-28,2022-04-27,UNIVERSE,0.001,0.8913116940798358,-0.19968656802104987,000852,-0.18124496656692157,0.8804030895908247
12,2022-03-28,2022-04-27,UNIVERSE,0.001,0.8913116940798358,-0.19968656802104987,399006,-0.12526743069930957,0.8226101141924957
13,2022-04-27,2022-05-30,UNIVERSE,0.001,1.0007843921603818,0.12282201479872021,000300,0.034264825929139375,0.7980849226283389
13,2022-04-27,2022-05-30,UNIVERSE,0.001,1.0007843921603818,0.12282201479872021,000852,0.13385264009009656,0.9982473674760344
13,2022-04-27,2022-05-30,UNIVERSE,0.001,1.0007843921603818,0.12282201479872021,399006,0.035788416028768255,0.8520500271886894
14,2022-05-30,2022-06-28,UNIVERSE,0.001,1.114084680128334,0.11321148576605201,000300,0.11454398340043004,0.8895007487580128
14,2022-05-30,2022-06-28,UNIVERSE,0.001,1.114084680128334,0.11321148576605201,000852,0.12692045664368168,1.1249453791994457
14,2022-05-30,2022-06-28,UNIVERSE,0.001,1.114084680128334,0.11321148576605201,399006,0.2084939456598507,1.0296972992568423
15,2022-06-28,2022-07-26,UNIVERSE,0.001,1.0959567157053751,-0.01627162166961192,000300,-0.05445694485271213,0.8410612555364515
15,2022-06-28,2022-07-26,UNIVERSE,0.001,1.0959567157053751,-0.01627162166961192,000852,-0.0073872978027379466,1.1166350726714855
15,2022-06-28,2022-07-26,UNIVERSE,0.001,1.0959567157053751,-0.01627162166961192,399006,-0.044697615141422786,0.9836722856624975
16,2022-07-26,2022-08-23,UNIVERSE,0.001,1.1258768795591696,0.02730049775235631,000300,-0.019995383868977146,0.8242439128746762
16,2022-07-26,2022-08-23,UNIVERSE,0.001,1.1258768795591696,0.02730049775235631,000852,0.03964470602297854,1.160903741862494
16,2022-07-26,2022-08-23,UNIVERSE,0.001,1.1258768795591696,0.02730049775235631,399006,0.024636442033418637,1.007906470908102
17,2022-08-23,2022-09-21,UNIVERSE,0.001,1.0296976735903254,-0.08542604232756133,000300,-0.06184692435617678,0.773266961944077
17,2022-08-23,2022-09-21,UNIVERSE,0.001,1.0296976735903254,-0.08542604232756133,000852,-0.11297806466448213,1.0297470838451137
17,2022-08-23,2022-09-21,UNIVERSE,0.001,1.0296976735903254,-0.08542604232756133,399006,-0.1614172520330467,0.8452129780677903
18,2022-09-21,2022-10-26,UNIVERSE,0.001,1.0628843269866965,0.03222951187279741,000300,-0.06322927046696358,0.7243738560641477
18,2022-09-21,2022-10-26,UNIVERSE,0.001,1.0628843269866965,0.03222951187279741,000852,0.0017112613029657275,1.0315092501815397
18,2022-09-21,2022-10-26,UNIVERSE,0.001,1.0628843269866965,0.03222951187279741,399006,0.017739500411748654,0.8602066340402391
19,2022-10-26,2022-11-23,UNIVERSE,0.001,1.1098680343687068,0.04420397045011502,000300,0.03189313352839851,0.7474764081800825
19,2022-10-26,2022-11-23,UNIVERSE,0.001,1.1098680343687068,0.04420397045011502,000852,0.01175348792071107,1.04363308169365
19,2022-10-26,2022-11-23,UNIVERSE,0.001,1.1098680343687068,0.04420397045011502,399006,-0.013713293550453476,0.8484103679535978
20,2022-11-23,2022-12-21,UNIVERSE,0.001,1.041341026567661,-0.06174338360868651,000300,0.015107869819505737,0.758769184448019
20,2022-11-23,2022-12-21,UNIVERSE,0.001,1.041341026567661,-0.06174338360868651,000852,-0.04245591116917036,0.999324688284057
20,2022-11-23,2022-12-21,UNIVERSE,0.001,1.041341026567661,-0.06174338360868651,399006,-0.015655844877240144,0.835127786840674
21,2022-12-21,2023-01-19,UNIVERSE,0.001,1.1706434045620246,0.12416909993506554,000300,0.08496713257138677,0.8232396263340969
21,2022-12-21,2023-01-19,UNIVERSE,0.001,1.1706434045620246,0.12416909993506554,000852,0.06152510518131238,1.0608082448410159
21,2022-12-21,2023-01-19,UNIVERSE,0.001,1.1706434045620246,0.12416909993506554,399006,0.11622173026001659,0.9321877832155154
22,2023-01-19,2023-02-23,UNIVERSE,0.001,1.2572216220370709,0.07395780571406194,000300,-0.012598622236231538,0.8128679412720171
22,2023-01-19,2023-02-23,UNIVERSE,0.001,1.2572216220370709,0.07395780571406194,000852,0.04354501443961123,1.1070011551802765
22,2023-01-19,2023-02-23,UNIVERSE,0.001,1.2572216220370709,0.07395780571406194,399006,-0.04431758081075199,0.890875475802066
23,2023-02-23,2023-03-23,UNIVERSE,0.001,1.4656314036884237,0.16577012198825164,000300,-0.015732335847355228,0.8000796298203775
23,2023-02-23,2023-03-23,UNIVERSE,0.001,1.4656314036884237,0.16577012198825164,000852,-0.014060995092431416,1.0914356173699709
23,2023-02-23,2023-03-23,UNIVERSE,0.001,1.4656314036884237,0.16577012198825164,399006,-0.03909289190552934,0.8560485771252488
24,2023-03-23,2023-04-21,UNIVERSE,0.001,1.460677626726725,-0.0033799609842093117,000300,-0.0016142249863211333,0.7987881212908748
24,2023-03-23,2023-04-21,UNIVERSE,0.001,1.460677626726725,-0.0033799609842093117,000852,-0.013877181412263795,1.0762895673079216
24,2023-03-23,2023-04-21,UNIVERSE,0.001,1.460677626726725,-0.0033799609842093117,399006,-0.00856268077123401,0.8487185064346563
25,2023-04-21,2023-05-24,UNIVERSE,0.001,1.3805052890946425,-0.054887085394566486,000300,-0.043019711995080034,0.7644244863678503
25,2023-04-21,2023-05-24,UNIVERSE,0.001,1.3805052890946425,-0.054887085394566486,000852,-0.038433544794353236,1.0349239440110976
25,2023-04-21,2023-05-24,UNIVERSE,0.001,1.3805052890946425,-0.054887085394566486,399006,-0.040974888838582024,0.8139423599782489
26,2023-05-24,2023-06-21,UNIVERSE,0.001,1.5750548217784355,0.14092632184798204,000300,0.0012800945300577293,0.765403021971492
26,2023-05-24,2023-06-21,UNIVERSE,0.001,1.5750548217784355,0.14092632184798204,000852,0.005409032147123183,1.040521880894081
26,2023-05-24,2023-06-21,UNIVERSE,0.001,1.5750548217784355,0.14092632184798204,399006,-0.014884690414473156,0.801827079934747
27,2023-06-21,2023-07-21,UNIVERSE,0.001,1.40067182079065,-0.11071551197874195,000300,-0.010900536486518009,0.7570597184036006
27,2023-06-21,2023-07-21,UNIVERSE,0.001,1.40067182079065,-0.11071551197874195,000852,-0.02244667026041436,1.0171656293349054
27,2023-06-21,2023-07-21,UNIVERSE,0.001,1.40067182079065,-0.11071551197874195,399006,-0.02202690972222232,0.7841653072321911
28,2023-07-21,2023-08-18,UNIVERSE,0.001,1.3208867100310286,-0.05696203034525544,000300,-0.009919124207529717,0.7495503490242379
28,2023-07-21,2023-08-18,UNIVERSE,0.001,1.3208867100310286,-0.05696203034525544,000852,-0.04441358323621958,0.9719896589914179
28,2023-07-21,2023-08-18,UNIVERSE,0.001,1.3208867100310286,-0.05696203034525544,399006,-0.02043344798254365,0.7681421062171468
29,2023-08-18,2023-09-15,UNIVERSE,0.001,1.292481735252223,-0.021504474655618486,000300,-0.019878435517970305,0.7346504607436875
29,2023-08-18,2023-09-15,UNIVERSE,0.001,1.292481735252223,-0.021504474655618486,000852,-0.006220257605306978,0.9659436329227967
29,2023-08-18,2023-09-15,UNIVERSE,0.001,1.292481735252223,-0.021504474655618486,399006,-0.054834538349725404,0.7260213884357438
30,2023-09-15,2023-10-23,UNIVERSE,0.001,1.193842711778834,-0.07631753763556286,000300,-0.06323912445602065,0.6881918088250445
30,2023-09-15,2023-10-23,UNIVERSE,0.001,1.193842711778834,-0.07631753763556286,000852,-0.07253095050879577,0.8958828230889869
30,2023-09-15,2023-10-23,UNIVERSE,0.001,1.193842711778834,-0.07631753763556286,399006,-0.06881606606981472,0.676059452601051
31,2023-10-23,2023-11-20,UNIVERSE,0.001,1.404598943811754,0.1765360126200309,000300,0.029381965552178535,0.7084122368452334
31,2023-10-23,2023-11-20,UNIVERSE,0.001,1.404598943811754,0.1765360126200309,000852,0.1091033567807822,0.993626646370239
31,2023-10-23,2023-11-20,UNIVERSE,0.001,1.404598943811754,0.1765360126200309,399006,0.06866819310315231,0.7224832336414715
32,2023-11-20,2023-12-18,UNIVERSE,0.001,1.324957891267557,-0.0567002081947105,000300,-0.0690514271653544,0.659495360869669
32,2023-11-20,2023-12-18,UNIVERSE,0.001,1.324957891267557,-0.0567002081947105,000852,-0.06336994345367541,0.9306605819756918
32,2023-11-20,2023-12-18,UNIVERSE,0.001,1.324957891267557,-0.0567002081947105,399006,-0.08679006708580661,0.6597788653253577
33,2023-12-18,2024-01-16,UNIVERSE,0.001,1.1764568481384259,-0.11207982088175164,000300,-0.00855717448045723,0.6538519439976551
33,2023-12-18,2024-01-16,UNIVERSE,0.001,1.1764568481384259,-0.11207982088175164,000852,-0.05421537610487259,0.8802044684979
33,2023-12-18,2024-01-16,UNIVERSE,0.001,1.1764568481384259,-0.11207982088175164,399006,-0.037236263736263764,0.6352111654884898
34,2024-01-16,2024-02-21,UNIVERSE,0.001,1.0785730555437667,-0.08320219543075147,000300,0.04725709507767628,0.6847510874818757
34,2024-01-16,2024-02-21,UNIVERSE,0.001,1.0785730555437667,-0.08320219543075147,000852,-0.08412176616174483,0.8061601140243968
34,2024-01-16,2024-02-21,UNIVERSE,0.001,1.0785730555437667,-0.08320219543075147,399006,0.00014267533371770114,0.6353017944535071
35,2024-02-21,2024-03-20,UNIVERSE,0.001,1.293782775983675,0.19953189015222497,000300,0.0371752481290879,0.7102068790656773
35,2024-02-21,2024-03-20,UNIVERSE,0.001,1.293782775983675,0.19953189015222497,000852,0.11543753005826374,0.8992212464188615
35,2024-02-21,2024-03-20,UNIVERSE,0.001,1.293782775983675,0.19953189015222497,399006,0.08945608509084257,0.692133405836505
36,2024-03-20,2024-04-19,UNIVERSE,0.001,1.094898551827864,-0.15372304211160764,000300,-0.0121939654931974,0.701546640889319
36,2024-03-20,2024-04-19,UNIVERSE,0.001,1.094898551827864,-0.15372304211160764,000852,-0.06975605877207691,0.8364951163045671
36,2024-03-20,2024-04-19,UNIVERSE,0.001,1.094898551827864,-0.15372304211160764,399006,-0.08026712059709307,0.6365778502809495
37,2024-04-19,2024-05-22,UNIVERSE,0.001,1.1579045369368,0.05754504378853329,000300,0.04031725236188688,0.7298310738536876
37,2024-04-19,2024-05-22,UNIVERSE,0.001,1.1579045369368,0.05754504378853329,000852,0.052289059131257254,0.8802346589040245
37,2024-04-19,2024-05-22,UNIVERSE,0.001,1.1579045369368,0.05754504378853329,399006,0.06943621867881555,0.6807794090991478
38,2024-05-22,2024-06-20,UNIVERSE,0.001,1.067893738857958,-0.07773594040572875,000300,-0.04917151813703524,0.6939441719687192
38,2024-05-22,2024-06-20,UNIVERSE,0.001,1.067893738857958,-0.07773594040572875,000852,-0.08728333507832597,0.8034048422233486
38,2024-05-22,2024-06-20,UNIVERSE,0.001,1.067893738857958,-0.07773594040572875,399006,-0.06136011459426072,0.639006706543411
39,2024-06-20,2024-07-18,UNIVERSE,0.001,1.0263499180101616,-0.03890257928867028,000300,0.005038135689981793,0.6974403568683696
39,2024-06-20,2024-07-18,UNIVERSE,0.001,1.0263499180101616,-0.03890257928867028,000852,-0.048200801401859894,0.7646800849780484
39,2024-06-20,2024-07-18,UNIVERSE,0.001,1.0263499180101616,-0.03890257928867028,399006,-0.025523344868667364,0.6226971179989121
40,2024-07-18,2024-08-15,UNIVERSE,0.001,1.019943358691366,-0.006242080996329534,000300,-0.050833160557011925,0.66198725922874
40,2024-07-18,2024-08-15,UNIVERSE,0.001,1.019943358691366,-0.006242080996329534,000852,-0.02505594886574969,0.7455202998701813
40,2024-07-18,2024-08-15,UNIVERSE,0.001,1.019943358691366,-0.006242080996329534,399006,-0.07277130598296566,0.5773826354903024
41,2024-08-15,2024-09-12,UNIVERSE,0.001,1.001989505141756,-0.017602794700919116,000300,-0.05071290713505594,0.6284159608268828
41,2024-08-15,2024-09-12,UNIVERSE,0.001,1.001989505141756,-0.017602794700919116,000852,-0.04755267112119965,0.7100688182362764
41,2024-08-15,2024-09-12,UNIVERSE,0.001,1.001989505141756,-0.017602794700919116,399006,-0.02567950223204485,0.5625557368134853
42,2024-09-12,2024-10-21,UNIVERSE,0.001,1.5032997754087547,0.5003148912184224,000300,0.24042150122774997,0.7795006695243608
42,2024-09-12,2024-10-21,UNIVERSE,0.001,1.5032997754087547,0.5003148912184224,000852,0.31145915851000505,0.9312262548483409
42,2024-09-12,2024-10-21,UNIVERSE,0.001,1.5032997754087547,0.5003148912184224,399006,0.4243625186073039,0.8012833061446435
43,2024-10-21,2024-11-18,UNIVERSE,0.001,1.5365680103559298,0.022130140302940856,000300,0.003857491360032661,0.7825075866221907
43,2024-10-21,2024-11-18,UNIVERSE,0.001,1.5365680103559298,0.022130140302940856,000852,0.019450326504077298,0.9493389095543102
43,2024-10-21,2024-11-18,UNIVERSE,0.001,1.5365680103559298,0.022130140302940856,399006,-0.008772406055177151,0.7942541236179078
44,2024-11-18,2024-12-16,UNIVERSE,0.001,1.7207146785033591,0.1198428360517369,000300,-0.00975602347115978,0.774873424240744
44,2024-11-18,2024-12-16,UNIVERSE,0.001,1.7207146785033591,0.1198428360517369,000852,0.05070833668086028,0.997478306604231
44,2024-11-18,2024-12-16,UNIVERSE,0.001,1.7207146785033591,0.1198428360517369,399006,0.004828955475935315,0.7980895414174367
45,2024-12-16,2025-01-14,UNIVERSE,0.001,1.5904325244881587,-0.0757139784083885,000300,-0.023339400384473796,0.756788343145101
45,2024-12-16,2025-01-14,UNIVERSE,0.001,1.5904325244881587,-0.0757139784083885,000852,-0.07430800698364959,0.9233576816310448
45,2024-12-16,2025-01-14,UNIVERSE,0.001,1.5904325244881587,-0.0757139784083885,399006,-0.057128451576857864,0.752495921696574
46,2025-01-14,2025-02-19,UNIVERSE,0.001,1.9931741120180528,0.25322771090807916,000300,0.03130971014568629,0.7804831668106083
46,2025-01-14,2025-02-19,UNIVERSE,0.001,1.9931741120180528,0.25322771090807916,000852,0.08216759449669153,0.9992277611907097
46,2025-01-14,2025-02-19,UNIVERSE,0.001,1.9931741120180528,0.25322771090807916,399006,0.07285042586811574,0.8073155700561897
47,2025-02-19,2025-03-19,UNIVERSE,0.001,2.0075979099272834,0.0072365970550493375,000300,0.01776831397709744,0.7943510367723384
47,2025-02-19,2025-03-19,UNIVERSE,0.001,2.0075979099272834,0.0072365970550493375,000852,0.043913283390554,1.043107133039586
47,2025-02-19,2025-03-19,UNIVERSE,0.001,2.0075979099272834,0.0072365970550493375,399006,-0.002079048756612134,0.8056371216240708
48,2025-03-19,2025-04-17,UNIVERSE,0.001,1.6950533726073178,-0.15568084414437655,000300,-0.05933663660144095,0.7472169179694004
48,2025-03-19,2025-04-17,UNIVERSE,0.001,1.6950533726073178,-0.15568084414437655,000852,-0.11045778316688704,0.9278878315184662
48,2025-03-19,2025-04-17,UNIVERSE,0.001,1.6950533726073178,-0.15568084414437655,399006,-0.14109838684275655,0.6919630233822727
49,2025-04-17,2025-05-20,UNIVERSE,0.001,1.8061026471609207,0.06551373328309289,000300,0.03338882673863153,0.7721656141796549
49,2025-04-17,2025-05-20,UNIVERSE,0.001,1.8061026471609207,0.06551373328309289,000852,0.05247998136845933,0.9765833676285754
49,2025-04-17,2025-05-20,UNIVERSE,0.001,1.8061026471609207,0.06551373328309289,399006,0.07317763178574799,0.7425992387166935
50,2025-05-20,2025-06-18,UNIVERSE,0.001,1.8397640574310286,0.018637595334363356,000300,-0.005951510580605834,0.7675700623568846
50,2025-05-20,2025-06-18,UNIVERSE,0.001,1.8397640574310286,0.018637595334363356,000852,-0.0017295745864803758,0.9748942938543457
50,2025-05-20,2025-06-18,UNIVERSE,0.001,1.8397640574310286,0.018637595334363356,399006,0.0030608359450514655,0.7448722131593254
51,2025-06-18,2025-07-16,UNIVERSE,0.001,1.9962640447513,0.08506524882261349,000300,0.03412413515459467,0.7937627269053716
51,2025-06-18,2025-07-16,UNIVERSE,0.001,1.9962640447513,0.08506524882261349,000852,0.05324355908915335,1.0268011357948579
51,2025-06-18,2025-07-16,UNIVERSE,0.001,1.9962640447513,0.08506524882261349,399006,0.08539321468027428,0.8084792459670107
52,2025-07-16,2025-08-13,UNIVERSE,0.001,2.1516917942455582,0.07785931420390932,000300,0.04226891595128768,0.8273142168941997
52,2025-07-16,2025-08-13,UNIVERSE,0.001,2.1516917942455582,0.07785931420390932,000852,0.09320092973448091,1.1224999563033595
52,2025-07-16,2025-08-13,UNIVERSE,0.001,2.1516917942455582,0.07785931420390932,399006,0.11941135060241503,0.9050208446619535
53,2025-08-13,2025-09-10,UNIVERSE,0.001,2.2193999837876612,0.03146742006600584,000300,0.06435408875204107,0.8805552694340344
53,2025-08-13,2025-09-10,UNIVERSE,0.001,2.2193999837876612,0.03146742006600584,000852,0.023475687007826762,1.1488514139438364
53,2025-08-13,2025-09-10,UNIVERSE,0.001,2.2193999837876612,0.03146742006600584,399006,0.16333667133987584,1.0528439369222398
54,2025-09-10,2025-10-16,UNIVERSE,0.001,2.2542953881372116,0.01572290015520193,000300,0.03893048032105395,0.9148357090223365
54,2025-09-10,2025-10-16,UNIVERSE,0.001,2.2542953881372116,0.01572290015520193,000852,0.023743563429352355,1.176129240361713
54,2025-09-10,2025-10-16,UNIVERSE,0.001,2.2542953881372116,0.01572290015520193,399006,0.04585317480812745,1.1011201740076124
55,2025-10-16,2025-11-13,UNIVERSE,0.001,2.2134560051157077,-0.018116251861407907,000300,0.0181122548403998,0.9314054465212469
55,2025-10-16,2025-11-13,UNIVERSE,0.001,2.2134560051157077,-0.018116251861407907,000852,0.025499065097327023,1.206119436424566
55,2025-10-16,2025-11-13,UNIVERSE,0.001,2.2134560051157077,-0.018116251861407907,399006,0.054094895701643386,1.1606851549755297
56,2025-11-13,2025-12-11,UNIVERSE,0.001,2.1910175885097902,-0.010137276979555042,000300,-0.031877449718953454,0.9017146162318065
56,2025-11-13,2025-12-11,UNIVERSE,0.001,2.1910175885097902,-0.010137276979555042,000852,-0.03670075277515028,1.1618539451710443
56,2025-11-13,2025-12-11,UNIVERSE,0.001,2.1910175885097902,-0.010137276979555042,399006,-0.011893495744514704,1.146880551024107
0,2021-03-31,2021-04-29,Q5,0.002,0.9857699132593574,-0.014230086740642679,000300,0.022940123129095547,1.0229401231290955
0,2021-03-31,2021-04-29,Q5,0.002,0.9857699132593574,-0.014230086740642679,000852,0.01775036983247502,1.017750369832475
0,2021-03-31,2021-04-29,Q5,0.002,0.9857699132593574,-0.014230086740642679,399006,0.1061881457313758,1.1061881457313758
1,2021-04-29,2021-06-01,Q5,0.002,1.0553930840913182,0.07062821647879071,000300,0.034373384299897225,1.058102037097196
1,2021-04-29,2021-06-01,Q5,0.002,1.0553930840913182,0.07062821647879071,000852,0.07019874787278879,1.0891951714417825
1,2021-04-29,2021-06-01,Q5,0.002,1.0553930840913182,0.07062821647879071,399006,0.08151614658093598,1.1963603407649084
2,2021-06-01,2021-06-30,Q5,0.002,1.088609035139719,0.03147258736966199,000300,-0.022023033951865445,1.0347994200096666
2,2021-06-01,2021-06-30,Q5,0.002,1.088609035139719,0.03147258736966199,000852,0.03340321208858699,1.1255777887593172
2,2021-06-01,2021-06-30,Q5,0.002,1.088609035139719,0.03147258736966199,399006,0.053639823523707886,1.2605328983143012
3,2021-06-30,2021-07-28,Q5,0.002,1.0673460621261355,-0.019532240067118692,000300,-0.08873592085818649,0.9429755405715916
3,2021-06-30,2021-07-28,Q5,0.002,1.0673460621261355,-0.019532240067118692,000852,-0.019508166636079904,1.10361982969433
3,2021-06-30,2021-07-28,Q5,0.002,1.0673460621261355,-0.019532240067118692,399006,-0.055291931967858976,1.1908355990574586
4,2021-07-28,2021-08-25,Q5,0.002,1.1095512531594498,0.039542180864229115,000300,0.028921453298827116,0.9702477636301692
4,2021-07-28,2021-08-25,Q5,0.002,1.1095512531594498,0.039542180864229115,000852,0.11865507356551208,1.2345699217750687
4,2021-07-28,2021-08-25,Q5,0.002,1.1095512531594498,0.039542180864229115,399006,0.019403821097621732,1.2139423599782488
5,2021-08-25,2021-09-24,Q5,0.002,1.1721245852660302,0.056395170505555814,000300,-0.009948633772681847,0.9605951239610491
5,2021-08-25,2021-09-24,Q5,0.002,1.1721245852660302,0.056395170505555814,000852,-0.009525550122721493,1.222809964105196
5,2021-08-25,2021-09-24,Q5,0.002,1.1721245852660302,0.056395170505555814,399006,-0.042058614490572244,1.1628856262461482
6,2021-09-24,2021-10-29,Q5,0.002,1.0891755140155954,-0.07076813531012856,000300,0.01223648964929902,0.9723494362525655
6,2021-09-24,2021-10-29,Q5,0.002,1.0891755140155954,-0.07076813531012856,000852,-0.040324236383813106,1.173501086060136
6,2021-09-24,2021-10-29,Q5,0.002,1.0891755140155954,-0.07076813531012856,399006,0.044531800412741296,1.2146710168569874
7,2021-10-29,2021-11-26,Q5,0.002,1.1838761374152948,0.08694707343406484,000300,-0.009908795889805422,0.9627146241551715
7,2021-10-29,2021-11-26,Q5,0.002,1.1838761374152948,0.08694707343406484,000852,0.07521563105087137,1.261766710787032
7,2021-10-29,2021-11-26,Q5,0.002,1.1838761374152948,0.08694707343406484,399006,0.03527652678419524,1.2575203915171287
8,2021-11-26,2021-12-24,Q5,0.002,1.181104802888623,-0.0023408990510800434,000300,0.012594313320837047,0.9748393537703336
8,2021-11-26,2021-12-24,Q5,0.002,1.181104802888623,-0.0023408990510800434,000852,-0.02067552472738865,1.235679021957959
8,2021-11-26,2021-12-24,Q5,0.002,1.181104802888623,-0.0023408990510800434,399006,-0.049514683455995745,1.1952546673916982
9,2021-12-24,2022-01-24,Q5,0.002,1.2140627448184227,0.027904333171107725,000300,-0.027350274518728734,0.9481772298330549
9,2021-12-24,2022-01-24,Q5,0.002,1.2140627448184227,0.027904333171107725,000852,-0.045162352233171,1.1798728507211533
9,2021-12-24,2022-01-24,Q5,0.002,1.2140627448184227,0.027904333171107725,399006,-0.07299726123787209,1.1080043501903205
10,2022-01-24,2022-02-28,Q5,0.002,1.1588634017847323,-0.04546663116818235,000300,-0.04284544387202982,0.907552155551506
10,2022-01-24,2022-02-28,Q5,0.002,1.1588634017847323,-0.04546663116818235,000852,-0.0007501279392355675,1.1789877951310819
10,2022-01-24,2022-02-28,Q5,0.002,1.1588634017847323,-0.04546663116818235,399006,-0.057295603040148135,1.0445205727750586
11,2022-02-28,2022-03-28,Q5,0.002,1.046037733369862,-0.09735890204238969,000300,-0.09454672443333723,0.8217460719916966
11,2022-02-28,2022-03-28,Q5,0.002,1.046037733369862,-0.09735890204238969,000852,-0.08795080210732587,1.0752948728745557
11,2022-02-28,2022-03-28,Q5,0.002,1.046037733369862,-0.09735890204238969,399006,-0.09966994179730737,0.9404132680804783
12,2022-03-28,2022-04-27,Q5,0.002,0.8155109883446038,-0.22038090756306178,000300,-0.060969465851265725,0.7716446529169871
12,2022-03-28,2022-04-27,Q5,0.002,0.8155109883446038,-0.22038090756306178,000852,-0.18124496656692157,0.8804030895908247
12,2022-03-28,2022-04-27,Q5,0.002,0.8155109883446038,-0.22038090756306178,399006,-0.12526743069930957,0.8226101141924957
13,2022-04-27,2022-05-30,Q5,0.002,0.8501282758295933,0.04244858497278967,000300,0.034264825929139375,0.7980849226283389
13,2022-04-27,2022-05-30,Q5,0.002,0.8501282758295933,0.04244858497278967,000852,0.13385264009009656,0.9982473674760344
13,2022-04-27,2022-05-30,Q5,0.002,0.8501282758295933,0.04244858497278967,399006,0.035788416028768255,0.8520500271886894
14,2022-05-30,2022-06-28,Q5,0.002,0.9388657349051868,0.10438125821541397,000300,0.11454398340043004,0.8895007487580128
14,2022-05-30,2022-06-28,Q5,0.002,0.9388657349051868,0.10438125821541397,000852,0.12692045664368168,1.1249453791994457
14,2022-05-30,2022-06-28,Q5,0.002,0.9388657349051868,0.10438125821541397,399006,0.2084939456598507,1.0296972992568423
15,2022-06-28,2022-07-26,Q5,0.002,0.9494023769724386,0.011222735770962956,000300,-0.05445694485271213,0.8410612555364515
15,2022-06-28,2022-07-26,Q5,0.002,0.9494023769724386,0.011222735770962956,000852,-0.0073872978027379466,1.1166350726714855
15,2022-06-28,2022-07-26,Q5,0.002,0.9494023769724386,0.011222735770962956,399006,-0.044697615141422786,0.9836722856624975
16,2022-07-26,2022-08-23,Q5,0.002,0.9345214602829901,-0.015673982971163833,000300,-0.019995383868977146,0.8242439128746762
16,2022-07-26,2022-08-23,Q5,0.002,0.9345214602829901,-0.015673982971163833,000852,0.03964470602297854,1.160903741862494
16,2022-07-26,2022-08-23,Q5,0.002,0.9345214602829901,-0.015673982971163833,399006,0.024636442033418637,1.007906470908102
17,2022-08-23,2022-09-21,Q5,0.002,0.8545656832648691,-0.08555798921290564,000300,-0.06184692435617678,0.773266961944077
17,2022-08-23,2022-09-21,Q5,0.002,0.8545656832648691,-0.08555798921290564,000852,-0.11297806466448213,1.0297470838451137
17,2022-08-23,2022-09-21,Q5,0.002,0.8545656832648691,-0.08555798921290564,399006,-0.1614172520330467,0.8452129780677903
18,2022-09-21,2022-10-26,Q5,0.002,0.839272883262865,-0.017895406171211953,000300,-0.06322927046696358,0.7243738560641477
18,2022-09-21,2022-10-26,Q5,0.002,0.839272883262865,-0.017895406171211953,000852,0.0017112613029657275,1.0315092501815397
18,2022-09-21,2022-10-26,Q5,0.002,0.839272883262865,-0.017895406171211953,399006,0.017739500411748654,0.8602066340402391
19,2022-10-26,2022-11-23,Q5,0.002,0.8870559770365382,0.056933918307839976,000300,0.03189313352839851,0.7474764081800825
19,2022-10-26,2022-11-23,Q5,0.002,0.8870559770365382,0.056933918307839976,000852,0.01175348792071107,1.04363308169365
19,2022-10-26,2022-11-23,Q5,0.002,0.8870559770365382,0.056933918307839976,399006,-0.013713293550453476,0.8484103679535978
20,2022-11-23,2022-12-21,Q5,0.002,0.8499945626714136,-0.04178024310138657,000300,0.015107869819505737,0.758769184448019
20,2022-11-23,2022-12-21,Q5,0.002,0.8499945626714136,-0.04178024310138657,000852,-0.04245591116917036,0.999324688284057
20,2022-11-23,2022-12-21,Q5,0.002,0.8499945626714136,-0.04178024310138657,399006,-0.015655844877240144,0.835127786840674
21,2022-12-21,2023-01-19,Q5,0.002,0.9484415098184377,0.11582067870836615,000300,0.08496713257138677,0.8232396263340969
21,2022-12-21,2023-01-19,Q5,0.002,0.9484415098184377,0.11582067870836615,000852,0.06152510518131238,1.0608082448410159
21,2022-12-21,2023-01-19,Q5,0.002,0.9484415098184377,0.11582067870836615,399006,0.11622173026001659,0.9321877832155154
22,2023-01-19,2023-02-23,Q5,0.002,1.0853103040747478,0.144309156484,000300,-0.012598622236231538,0.8128679412720171
22,2023-01-19,2023-02-23,Q5,0.002,1.0853103040747478,0.144309156484,000852,0.04354501443961123,1.1070011551802765
22,2023-01-19,2023-02-23,Q5,0.002,1.0853103040747478,0.144309156484,399006,-0.04431758081075199,0.890875475802066
23,2023-02-23,2023-03-23,Q5,0.002,1.2251750605587552,0.12887075333099804,000300,-0.015732335847355228,0.8000796298203775
23,2023-02-23,2023-03-23,Q5,0.002,1.2251750605587552,0.12887075333099804,000852,-0.014060995092431416,1.0914356173699709
23,2023-02-23,2023-03-23,Q5,0.002,1.2251750605587552,0.12887075333099804,399006,-0.03909289190552934,0.8560485771252488
24,2023-03-23,2023-04-21,Q5,0.002,1.2179007292945392,-0.005937381112621178,000300,-0.0016142249863211333,0.7987881212908748
24,2023-03-23,2023-04-21,Q5,0.002,1.2179007292945392,-0.005937381112621178,000852,-0.013877181412263795,1.0762895673079216
24,2023-03-23,2023-04-21,Q5,0.002,1.2179007292945392,-0.005937381112621178,399006,-0.00856268077123401,0.8487185064346563
25,2023-04-21,2023-05-24,Q5,0.002,1.1865464386292905,-0.02574453722793189,000300,-0.043019711995080034,0.7644244863678503
25,2023-04-21,2023-05-24,Q5,0.002,1.1865464386292905,-0.02574453722793189,000852,-0.038433544794353236,1.0349239440110976
25,2023-04-21,2023-05-24,Q5,0.002,1.1865464386292905,-0.02574453722793189,399006,-0.040974888838582024,0.8139423599782489
26,2023-05-24,2023-06-21,Q5,0.002,1.1925205955941538,0.005034912052632975,000300,0.0012800945300577293,0.765403021971492
26,2023-05-24,2023-06-21,Q5,0.002,1.1925205955941538,0.005034912052632975,000852,0.005409032147123183,1.040521880894081
26,2023-05-24,2023-06-21,Q5,0.002,1.1925205955941538,0.005034912052632975,399006,-0.014884690414473156,0.801827079934747
27,2023-06-21,2023-07-21,Q5,0.002,1.1258600440254576,-0.05589886817466968,000300,-0.010900536486518009,0.7570597184036006
27,2023-06-21,2023-07-21,Q5,0.002,1.1258600440254576,-0.05589886817466968,000852,-0.02244667026041436,1.0171656293349054
27,2023-06-21,2023-07-21,Q5,0.002,1.1258600440254576,-0.05589886817466968,399006,-0.02202690972222232,0.7841653072321911
28,2023-07-21,2023-08-18,Q5,0.002,1.100088621753656,-0.022890431549251005,000300,-0.009919124207529717,0.7495503490242379
28,2023-07-21,2023-08-18,Q5,0.002,1.100088621753656,-0.022890431549251005,000852,-0.04441358323621958,0.9719896589914179
28,2023-07-21,2023-08-18,Q5,0.002,1.100088621753656,-0.022890431549251005,399006,-0.02043344798254365,0.7681421062171468
29,2023-08-18,2023-09-15,Q5,0.002,1.0782802620160465,-0.01982418443965425,000300,-0.019878435517970305,0.7346504607436875
29,2023-08-18,2023-09-15,Q5,0.002,1.0782802620160465,-0.01982418443965425,000852,-0.006220257605306978,0.9659436329227967
29,2023-08-18,2023-09-15,Q5,0.002,1.0782802620160465,-0.01982418443965425,399006,-0.054834538349725404,0.7260213884357438
30,2023-09-15,2023-10-23,Q5,0.002,0.9845383601930945,-0.08693649056293032,000300,-0.06323912445602065,0.6881918088250445
30,2023-09-15,2023-10-23,Q5,0.002,0.9845383601930945,-0.08693649056293032,000852,-0.07253095050879577,0.8958828230889869
30,2023-09-15,2023-10-23,Q5,0.002,0.9845383601930945,-0.08693649056293032,399006,-0.06881606606981472,0.676059452601051
31,2023-10-23,2023-11-20,Q5,0.002,1.1687070247150135,0.18706093329446155,000300,0.029381965552178535,0.7084122368452334
31,2023-10-23,2023-11-20,Q5,0.002,1.1687070247150135,0.18706093329446155,000852,0.1091033567807822,0.993626646370239
31,2023-10-23,2023-11-20,Q5,0.002,1.1687070247150135,0.18706093329446155,399006,0.06866819310315231,0.7224832336414715
32,2023-11-20,2023-12-18,Q5,0.002,1.1027546377518207,-0.056431924826733315,000300,-0.0690514271653544,0.659495360869669
32,2023-11-20,2023-12-18,Q5,0.002,1.1027546377518207,-0.056431924826733315,000852,-0.06336994345367541,0.9306605819756918
32,2023-11-20,2023-12-18,Q5,0.002,1.1027546377518207,-0.056431924826733315,399006,-0.08679006708580661,0.6597788653253577
33,2023-12-18,2024-01-16,Q5,0.002,1.0105884621282655,-0.08357813467142049,000300,-0.00855717448045723,0.6538519439976551
33,2023-12-18,2024-01-16,Q5,0.002,1.0105884621282655,-0.08357813467142049,000852,-0.05421537610487259,0.8802044684979
33,2023-12-18,2024-01-16,Q5,0.002,1.0105884621282655,-0.08357813467142049,399006,-0.037236263736263764,0.6352111654884898
34,2024-01-16,2024-02-21,Q5,0.002,0.9030968669571067,-0.10636534969416246,000300,0.04725709507767628,0.6847510874818757
34,2024-01-16,2024-02-21,Q5,0.002,0.9030968669571067,-0.10636534969416246,000852,-0.08412176616174483,0.8061601140243968
34,2024-01-16,2024-02-21,Q5,0.002,0.9030968669571067,-0.10636534969416246,399006,0.00014267533371770114,0.6353017944535071
35,2024-02-21,2024-03-20,Q5,0.002,1.036525670998731,0.14774583870631638,000300,0.0371752481290879,0.7102068790656773
35,2024-02-21,2024-03-20,Q5,0.002,1.036525670998731,0.14774583870631638,000852,0.11543753005826374,0.8992212464188615
35,2024-02-21,2024-03-20,Q5,0.002,1.036525670998731,0.14774583870631638,399006,0.08945608509084257,0.692133405836505
36,2024-03-20,2024-04-19,Q5,0.002,0.9361968186017429,-0.09679340821372757,000300,-0.0121939654931974,0.701546640889319
36,2024-03-20,2024-04-19,Q5,0.002,0.9361968186017429,-0.09679340821372757,000852,-0.06975605877207691,0.8364951163045671
36,2024-03-20,2024-04-19,Q5,0.002,0.9361968186017429,-0.09679340821372757,399006,-0.08026712059709307,0.6365778502809495
37,2024-04-19,2024-05-22,Q5,0.002,0.931180900228531,-0.005357760540890726,000300,0.04031725236188688,0.7298310738536876
37,2024-04-19,2024-05-22,Q5,0.002,0.931180900228531,-0.005357760540890726,000852,0.052289059131257254,0.8802346589040245
37,2024-04-19,2024-05-22,Q5,0.002,0.931180900228531,-0.005357760540890726,399006,0.06943621867881555,0.6807794090991478
38,2024-05-22,2024-06-20,Q5,0.002,0.8869148185521974,-0.047537574777865,000300,-0.04917151813703524,0.6939441719687192
38,2024-05-22,2024-06-20,Q5,0.002,0.8869148185521974,-0.047537574777865,000852,-0.08728333507832597,0.8034048422233486
38,2024-05-22,2024-06-20,Q5,0.002,0.8869148185521974,-0.047537574777865,399006,-0.06136011459426072,0.639006706543411
39,2024-06-20,2024-07-18,Q5,0.002,0.8393574586808852,-0.05362111318530573,000300,0.005038135689981793,0.6974403568683696
39,2024-06-20,2024-07-18,Q5,0.002,0.8393574586808852,-0.05362111318530573,000852,-0.048200801401859894,0.7646800849780484
39,2024-06-20,2024-07-18,Q5,0.002,0.8393574586808852,-0.05362111318530573,399006,-0.025523344868667364,0.6226971179989121
40,2024-07-18,2024-08-15,Q5,0.002,0.8687728830073513,0.03504516939981061,000300,-0.050833160557011925,0.66198725922874
40,2024-07-18,2024-08-15,Q5,0.002,0.8687728830073513,0.03504516939981061,000852,-0.02505594886574969,0.7455202998701813
40,2024-07-18,2024-08-15,Q5,0.002,0.8687728830073513,0.03504516939981061,399006,-0.07277130598296566,0.5773826354903024
41,2024-08-15,2024-09-12,Q5,0.002,0.8330347723432934,-0.04113631003346536,000300,-0.05071290713505594,0.6284159608268828
41,2024-08-15,2024-09-12,Q5,0.002,0.8330347723432934,-0.04113631003346536,000852,-0.04755267112119965,0.7100688182362764
41,2024-08-15,2024-09-12,Q5,0.002,0.8330347723432934,-0.04113631003346536,399006,-0.02567950223204485,0.5625557368134853
42,2024-09-12,2024-10-21,Q5,0.002,1.0660972168338947,0.27977516933057445,000300,0.24042150122774997,0.7795006695243608
42,2024-09-12,2024-10-21,Q5,0.002,1.0660972168338947,0.27977516933057445,000852,0.31145915851000505,0.9312262548483409
42,2024-09-12,2024-10-21,Q5,0.002,1.0660972168338947,0.27977516933057445,399006,0.4243625186073039,0.8012833061446435
43,2024-10-21,2024-11-18,Q5,0.002,1.1747005925751697,0.10187004902217658,000300,0.003857491360032661,0.7825075866221907
43,2024-10-21,2024-11-18,Q5,0.002,1.1747005925751697,0.10187004902217658,000852,0.019450326504077298,0.9493389095543102
43,2024-10-21,2024-11-18,Q5,0.002,1.1747005925751697,0.10187004902217658,399006,-0.008772406055177151,0.7942541236179078
44,2024-11-18,2024-12-16,Q5,0.002,1.2710164930223884,0.08199187184887315,000300,-0.00975602347115978,0.774873424240744
44,2024-11-18,2024-12-16,Q5,0.002,1.2710164930223884,0.08199187184887315,000852,0.05070833668086028,0.997478306604231
44,2024-11-18,2024-12-16,Q5,0.002,1.2710164930223884,0.08199187184887315,399006,0.004828955475935315,0.7980895414174367
45,2024-12-16,2025-01-14,Q5,0.002,1.278496116796912,0.005884757448534344,000300,-0.023339400384473796,0.756788343145101
45,2024-12-16,2025-01-14,Q5,0.002,1.278496116796912,0.005884757448534344,000852,-0.07430800698364959,0.9233576816310448
45,2024-12-16,2025-01-14,Q5,0.002,1.278496116796912,0.005884757448534344,399006,-0.057128451576857864,0.752495921696574
46,2025-01-14,2025-02-19,Q5,0.002,1.6371763488316784,0.2805485502242963,000300,0.03130971014568629,0.7804831668106083
46,2025-01-14,2025-02-19,Q5,0.002,1.6371763488316784,0.2805485502242963,000852,0.08216759449669153,0.9992277611907097
46,2025-01-14,2025-02-19,Q5,0.002,1.6371763488316784,0.2805485502242963,399006,0.07285042586811574,0.8073155700561897
47,2025-02-19,2025-03-19,Q5,0.002,1.7199229366712703,0.05054225703824862,000300,0.01776831397709744,0.7943510367723384
47,2025-02-19,2025-03-19,Q5,0.002,1.7199229366712703,0.05054225703824862,000852,0.043913283390554,1.043107133039586
47,2025-02-19,2025-03-19,Q5,0.002,1.7199229366712703,0.05054225703824862,399006,-0.002079048756612134,0.8056371216240708
48,2025-03-19,2025-04-17,Q5,0.002,1.5188948692678004,-0.11688202018663617,000300,-0.05933663660144095,0.7472169179694004
48,2025-03-19,2025-04-17,Q5,0.002,1.5188948692678004,-0.11688202018663617,000852,-0.11045778316688704,0.9278878315184662
48,2025-03-19,2025-04-17,Q5,0.002,1.5188948692678004,-0.11688202018663617,399006,-0.14109838684275655,0.6919630233822727
49,2025-04-17,2025-05-20,Q5,0.002,1.6094891833377158,0.05964488780819143,000300,0.03338882673863153,0.7721656141796549
49,2025-04-17,2025-05-20,Q5,0.002,1.6094891833377158,0.05964488780819143,000852,0.05247998136845933,0.9765833676285754
49,2025-04-17,2025-05-20,Q5,0.002,1.6094891833377158,0.05964488780819143,399006,0.07317763178574799,0.7425992387166935
50,2025-05-20,2025-06-18,Q5,0.002,1.7220810673553701,0.06995504237199311,000300,-0.005951510580605834,0.7675700623568846
50,2025-05-20,2025-06-18,Q5,0.002,1.7220810673553701,0.06995504237199311,000852,-0.0017295745864803758,0.9748942938543457
50,2025-05-20,2025-06-18,Q5,0.002,1.7220810673553701,0.06995504237199311,399006,0.0030608359450514655,0.7448722131593254
51,2025-06-18,2025-07-16,Q5,0.002,1.8178831400481335,0.05563156956361429,000300,0.03412413515459467,0.7937627269053716
51,2025-06-18,2025-07-16,Q5,0.002,1.8178831400481335,0.05563156956361429,000852,0.05324355908915335,1.0268011357948579
51,2025-06-18,2025-07-16,Q5,0.002,1.8178831400481335,0.05563156956361429,399006,0.08539321468027428,0.8084792459670107
52,2025-07-16,2025-08-13,Q5,0.002,1.9184488943116151,0.055320252467283976,000300,0.04226891595128768,0.8273142168941997
52,2025-07-16,2025-08-13,Q5,0.002,1.9184488943116151,0.055320252467283976,000852,0.09320092973448091,1.1224999563033595
52,2025-07-16,2025-08-13,Q5,0.002,1.9184488943116151,0.055320252467283976,399006,0.11941135060241503,0.9050208446619535
53,2025-08-13,2025-09-10,Q5,0.002,2.012079819582442,0.04880553531994074,000300,0.06435408875204107,0.8805552694340344
53,2025-08-13,2025-09-10,Q5,0.002,2.012079819582442,0.04880553531994074,000852,0.023475687007826762,1.1488514139438364
53,2025-08-13,2025-09-10,Q5,0.002,2.012079819582442,0.04880553531994074,399006,0.16333667133987584,1.0528439369222398
54,2025-09-10,2025-10-16,Q5,0.002,1.9968580185003757,-0.007565207370960569,000300,0.03893048032105395,0.9148357090223365
54,2025-09-10,2025-10-16,Q5,0.002,1.9968580185003757,-0.007565207370960569,000852,0.023743563429352355,1.176129240361713
54,2025-09-10,2025-10-16,Q5,0.002,1.9968580185003757,-0.007565207370960569,399006,0.04585317480812745,1.1011201740076124
55,2025-10-16,2025-11-13,Q5,0.002,2.0508673086861324,0.02704713589317543,000300,0.0181122548403998,0.9314054465212469
55,2025-10-16,2025-11-13,Q5,0.002,2.0508673086861324,0.02704713589317543,000852,0.025499065097327023,1.206119436424566
55,2025-10-16,2025-11-13,Q5,0.002,2.0508673086861324,0.02704713589317543,399006,0.054094895701643386,1.1606851549755297
56,2025-11-13,2025-12-11,Q5,0.002,1.977968734694265,-0.03554524160735159,000300,-0.031877449718953454,0.9017146162318065
56,2025-11-13,2025-12-11,Q5,0.002,1.977968734694265,-0.03554524160735159,000852,-0.03670075277515028,1.1618539451710443
56,2025-11-13,2025-12-11,Q5,0.002,1.977968734694265,-0.03554524160735159,399006,-0.011893495744514704,1.146880551024107
0,2021-03-31,2021-04-29,UNIVERSE,0.002,0.9944788671449536,-0.005521132855046457,000300,0.022940123129095547,1.0229401231290955
0,2021-03-31,2021-04-29,UNIVERSE,0.002,0.9944788671449536,-0.005521132855046457,000852,0.01775036983247502,1.017750369832475
0,2021-03-31,2021-04-29,UNIVERSE,0.002,0.9944788671449536,-0.005521132855046457,399006,0.1061881457313758,1.1061881457313758
1,2021-04-29,2021-06-01,UNIVERSE,0.002,1.075419901944023,0.08139040202175715,000300,0.034373384299897225,1.058102037097196
1,2021-04-29,2021-06-01,UNIVERSE,0.002,1.075419901944023,0.08139040202175715,000852,0.07019874787278879,1.0891951714417825
1,2021-04-29,2021-06-01,UNIVERSE,0.002,1.075419901944023,0.08139040202175715,399006,0.08151614658093598,1.1963603407649084
2,2021-06-01,2021-06-30,UNIVERSE,0.002,1.1423396604872662,0.062226632055323944,000300,-0.022023033951865445,1.0347994200096666
2,2021-06-01,2021-06-30,UNIVERSE,0.002,1.1423396604872662,0.062226632055323944,000852,0.03340321208858699,1.1255777887593172
2,2021-06-01,2021-06-30,UNIVERSE,0.002,1.1423396604872662,0.062226632055323944,399006,0.053639823523707886,1.2605328983143012
3,2021-06-30,2021-07-28,UNIVERSE,0.002,1.0946361520599857,-0.041759478443506505,000300,-0.08873592085818649,0.9429755405715916
3,2021-06-30,2021-07-28,UNIVERSE,0.002,1.0946361520599857,-0.041759478443506505,000852,-0.019508166636079904,1.10361982969433
3,2021-06-30,2021-07-28,UNIVERSE,0.002,1.0946361520599857,-0.041759478443506505,399006,-0.055291931967858976,1.1908355990574586
4,2021-07-28,2021-08-25,UNIVERSE,0.002,1.216479427736564,0.11130938389645056,000300,0.028921453298827116,0.9702477636301692
4,2021-07-28,2021-08-25,UNIVERSE,0.002,1.216479427736564,0.11130938389645056,000852,0.11865507356551208,1.2345699217750687
4,2021-07-28,2021-08-25,UNIVERSE,0.002,1.216479427736564,0.11130938389645056,399006,0.019403821097621732,1.2139423599782488
5,2021-08-25,2021-09-24,UNIVERSE,0.002,1.195217511156258,-0.01747823768780611,000300,-0.009948633772681847,0.9605951239610491
5,2021-08-25,2021-09-24,UNIVERSE,0.002,1.195217511156258,-0.01747823768780611,000852,-0.009525550122721493,1.222809964105196
5,2021-08-25,2021-09-24,UNIVERSE,0.002,1.195217511156258,-0.01747823768780611,399006,-0.042058614490572244,1.1628856262461482
6,2021-09-24,2021-10-29,UNIVERSE,0.002,1.163006868575472,-0.026949607314258123,000300,0.01223648964929902,0.9723494362525655
6,2021-09-24,2021-10-29,UNIVERSE,0.002,1.163006868575472,-0.026949607314258123,000852,-0.040324236383813106,1.173501086060136
6,2021-09-24,2021-10-29,UNIVERSE,0.002,1.163006868575472,-0.026949607314258123,399006,0.044531800412741296,1.2146710168569874
7,2021-10-29,2021-11-26,UNIVERSE,0.002,1.2917862447175508,0.11072967806270678,000300,-0.009908795889805422,0.9627146241551715
7,2021-10-29,2021-11-26,UNIVERSE,0.002,1.2917862447175508,0.11072967806270678,000852,0.07521563105087137,1.261766710787032
7,2021-10-29,2021-11-26,UNIVERSE,0.002,1.2917862447175508,0.11072967806270678,399006,0.03527652678419524,1.2575203915171287
8,2021-11-26,2021-12-24,UNIVERSE,0.002,1.2968998361008093,0.003958542989731743,000300,0.012594313320837047,0.9748393537703336
8,2021-11-26,2021-12-24,UNIVERSE,0.002,1.2968998361008093,0.003958542989731743,000852,-0.02067552472738865,1.235679021957959
8,2021-11-26,2021-12-24,UNIVERSE,0.002,1.2968998361008093,0.003958542989731743,399006,-0.049514683455995745,1.1952546673916982
9,2021-12-24,2022-01-24,UNIVERSE,0.002,1.3343950184449866,0.02891139415739941,000300,-0.027350274518728734,0.9481772298330549
9,2021-12-24,2022-01-24,UNIVERSE,0.002,1.3343950184449866,0.02891139415739941,000852,-0.045162352233171,1.1798728507211533
9,2021-12-24,2022-01-24,UNIVERSE,0.002,1.3343950184449866,0.02891139415739941,399006,-0.07299726123787209,1.1080043501903205
10,2022-01-24,2022-02-28,UNIVERSE,0.002,1.2543450352830114,-0.05998971972726645,000300,-0.04284544387202982,0.907552155551506
10,2022-01-24,2022-02-28,UNIVERSE,0.002,1.2543450352830114,-0.05998971972726645,000852,-0.0007501279392355675,1.1789877951310819
10,2022-01-24,2022-02-28,UNIVERSE,0.002,1.2543450352830114,-0.05998971972726645,399006,-0.057295603040148135,1.0445205727750586
11,2022-02-28,2022-03-28,UNIVERSE,0.002,1.1119421158385072,-0.1135277100310558,000300,-0.09454672443333723,0.8217460719916966
11,2022-02-28,2022-03-28,UNIVERSE,0.002,1.1119421158385072,-0.1135277100310558,000852,-0.08795080210732587,1.0752948728745557
11,2022-02-28,2022-03-28,UNIVERSE,0.002,1.1119421158385072,-0.1135277100310558,399006,-0.09966994179730737,0.9404132680804783
12,2022-03-28,2022-04-27,UNIVERSE,0.002,0.8898658591594237,-0.19971926012678942,000300,-0.060969465851265725,0.7716446529169871
12,2022-03-28,2022-04-27,UNIVERSE,0.002,0.8898658591594237,-0.19971926012678942,000852,-0.18124496656692157,0.8804030895908247
12,2022-03-28,2022-04-27,UNIVERSE,0.002,0.8898658591594237,-0.19971926012678942,399006,-0.12526743069930957,0.8226101141924957
13,2022-04-27,2022-05-30,UNIVERSE,0.002,0.9991101774629204,0.12276492819568337,000300,0.034264825929139375,0.7980849226283389
13,2022-04-27,2022-05-30,UNIVERSE,0.002,0.9991101774629204,0.12276492819568337,000852,0.13385264009009656,0.9982473674760344
13,2022-04-27,2022-05-30,UNIVERSE,0.002,0.9991101774629204,0.12276492819568337,399006,0.035788416028768255,0.8520500271886894
14,2022-05-30,2022-06-28,UNIVERSE,0.002,1.1121869978531713,0.11317752830562822,000300,0.11454398340043004,0.8895007487580128
14,2022-05-30,2022-06-28,UNIVERSE,0.002,1.1121869978531713,0.11317752830562822,000852,0.12692045664368168,1.1249453791994457
14,2022-05-30,2022-06-28,UNIVERSE,0.002,1.1121869978531713,0.11317752830562822,399006,0.2084939456598507,1.0296972992568423
15,2022-06-28,2022-07-26,UNIVERSE,0.002,1.0940550588402267,-0.01630295898796186,000300,-0.05445694485271213,0.8410612555364515
15,2022-06-28,2022-07-26,UNIVERSE,0.002,1.0940550588402267,-0.01630295898796186,000852,-0.0073872978027379466,1.1166350726714855
15,2022-06-28,2022-07-26,UNIVERSE,0.002,1.0940550588402267,-0.01630295898796186,399006,-0.044697615141422786,0.9836722856624975
16,2022-07-26,2022-08-23,UNIVERSE,0.002,1.1238935277194833,0.027273279016585696,000300,-0.019995383868977146,0.8242439128746762
16,2022-07-26,2022-08-23,UNIVERSE,0.002,1.1238935277194833,0.027273279016585696,000852,0.03964470602297854,1.160903741862494
16,2022-07-26,2022-08-23,UNIVERSE,0.002,1.1238935277194833,0.027273279016585696,399006,0.024636442033418637,1.007906470908102
17,2022-08-23,2022-09-21,UNIVERSE,0.002,1.027849990629442,-0.0854560816672066,000300,-0.06184692435617678,0.773266961944077
17,2022-08-23,2022-09-21,UNIVERSE,0.002,1.027849990629442,-0.0854560816672066,000852,-0.11297806466448213,1.0297470838451137
17,2022-08-23,2022-09-21,UNIVERSE,0.002,1.027849990629442,-0.0854560816672066,399006,-0.1614172520330467,0.8452129780677903
18,2022-09-21,2022-10-26,UNIVERSE,0.002,1.060935332892995,0.032188882196021534,000300,-0.06322927046696358,0.7243738560641477
18,2022-09-21,2022-10-26,UNIVERSE,0.002,1.060935332892995,0.032188882196021534,000852,0.0017112613029657275,1.0315092501815397
18,2022-09-21,2022-10-26,UNIVERSE,0.002,1.060935332892995,0.032188882196021534,399006,0.017739500411748654,0.8602066340402391
19,2022-10-26,2022-11-23,UNIVERSE,0.002,1.107792059432226,0.04416548783558801,000300,0.03189313352839851,0.7474764081800825
19,2022-10-26,2022-11-23,UNIVERSE,0.002,1.107792059432226,0.04416548783558801,000852,0.01175348792071107,1.04363308169365
19,2022-10-26,2022-11-23,UNIVERSE,0.002,1.107792059432226,0.04416548783558801,399006,-0.013713293550453476,0.8484103679535978
20,2022-11-23,2022-12-21,UNIVERSE,0.002,1.0393578112845974,-0.0617753553701251,000300,0.015107869819505737,0.758769184448019
20,2022-11-23,2022-12-21,UNIVERSE,0.002,1.0393578112845974,-0.0617753553701251,000852,-0.04245591116917036,0.999324688284057
20,2022-11-23,2022-12-21,UNIVERSE,0.002,1.0393578112845974,-0.0617753553701251,399006,-0.015655844877240144,0.835127786840674
21,2022-12-21,2023-01-19,UNIVERSE,0.002,1.1683739368679344,0.12413061621567975,000300,0.08496713257138677,0.8232396263340969
21,2022-12-21,2023-01-19,UNIVERSE,0.002,1.1683739368679344,0.12413061621567975,000852,0.06152510518131238,1.0608082448410159
21,2022-12-21,2023-01-19,UNIVERSE,0.002,1.1683739368679344,0.12413061621567975,399006,0.11622173026001659,0.9321877832155154
22,2023-01-19,2023-02-23,UNIVERSE,0.002,1.254742642031718,0.07392214293594453,000300,-0.012598622236231538,0.8128679412720171
22,2023-01-19,2023-02-23,UNIVERSE,0.002,1.254742642031718,0.07392214293594453,000852,0.04354501443961123,1.1070011551802765
22,2023-01-19,2023-02-23,UNIVERSE,0.002,1.254742642031718,0.07392214293594453,399006,-0.04431758081075199,0.890875475802066
23,2023-02-23,2023-03-23,UNIVERSE,0.002,1.4626961617264913,0.16573400212018655,000300,-0.015732335847355228,0.8000796298203775
23,2023-02-23,2023-03-23,UNIVERSE,0.002,1.4626961617264913,0.16573400212018655,000852,-0.014060995092431416,1.0914356173699709
23,2023-02-23,2023-03-23,UNIVERSE,0.002,1.4626961617264913,0.16573400212018655,399006,-0.03909289190552934,0.8560485771252488
24,2023-03-23,2023-04-21,UNIVERSE,0.002,1.4576658489911378,-0.0034390688011486335,000300,-0.0016142249863211333,0.7987881212908748
24,2023-03-23,2023-04-21,UNIVERSE,0.002,1.4576658489911378,-0.0034390688011486335,000852,-0.013877181412263795,1.0762895673079216
24,2023-03-23,2023-04-21,UNIVERSE,0.002,1.4576658489911378,-0.0034390688011486335,399006,-0.00856268077123401,0.8487185064346563
25,2023-04-21,2023-05-24,UNIVERSE,0.002,1.3775773529739157,-0.05494297343431076,000300,-0.043019711995080034,0.7644244863678503
25,2023-04-21,2023-05-24,UNIVERSE,0.002,1.3775773529739157,-0.05494297343431076,000852,-0.038433544794353236,1.0349239440110976
25,2023-04-21,2023-05-24,UNIVERSE,0.002,1.3775773529739157,-0.05494297343431076,399006,-0.040974888838582024,0.8139423599782489
26,2023-05-24,2023-06-21,UNIVERSE,0.002,1.5716488145647098,0.14087881248325723,000300,0.0012800945300577293,0.765403021971492
26,2023-05-24,2023-06-21,UNIVERSE,0.002,1.5716488145647098,0.14087881248325723,000852,0.005409032147123183,1.040521880894081
26,2023-05-24,2023-06-21,UNIVERSE,0.002,1.5716488145647098,0.14087881248325723,399006,-0.014884690414473156,0.801827079934747
27,2023-06-21,2023-07-21,UNIVERSE,0.002,1.397559587416086,-0.11076852890754746,000300,-0.010900536486518009,0.7570597184036006
27,2023-06-21,2023-07-21,UNIVERSE,0.002,1.397559587416086,-0.11076852890754746,000852,-0.02244667026041436,1.0171656293349054
27,2023-06-21,2023-07-21,UNIVERSE,0.002,1.397559587416086,-0.11076852890754746,399006,-0.02202690972222232,0.7841653072321911
28,2023-07-21,2023-08-18,UNIVERSE,0.002,1.3178996345258651,-0.05699932482843339,000300,-0.009919124207529717,0.7495503490242379
28,2023-07-21,2023-08-18,UNIVERSE,0.002,1.3178996345258651,-0.05699932482843339,000852,-0.04441358323621958,0.9719896589914179
28,2023-07-21,2023-08-18,UNIVERSE,0.002,1.3178996345258651,-0.05699932482843339,399006,-0.02043344798254365,0.7681421062171468
29,2023-08-18,2023-09-15,UNIVERSE,0.002,1.2895205665687464,-0.02153355780186438,000300,-0.019878435517970305,0.7346504607436875
29,2023-08-18,2023-09-15,UNIVERSE,0.002,1.2895205665687464,-0.02153355780186438,000852,-0.006220257605306978,0.9659436329227967
29,2023-08-18,2023-09-15,UNIVERSE,0.002,1.2895205665687464,-0.02153355780186438,399006,-0.054834538349725404,0.7260213884357438
30,2023-09-15,2023-10-23,UNIVERSE,0.002,1.1910709331470133,-0.07634591954100844,000300,-0.06323912445602065,0.6881918088250445
30,2023-09-15,2023-10-23,UNIVERSE,0.002,1.1910709331470133,-0.07634591954100844,000852,-0.07253095050879577,0.8958828230889869
30,2023-09-15,2023-10-23,UNIVERSE,0.002,1.1910709331470133,-0.07634591954100844,399006,-0.06881606606981472,0.676059452601051
31,2023-10-23,2023-11-20,UNIVERSE,0.002,1.4013022792431755,0.17650615109941026,000300,0.029381965552178535,0.7084122368452334
31,2023-10-23,2023-11-20,UNIVERSE,0.002,1.4013022792431755,0.17650615109941026,000852,0.1091033567807822,0.993626646370239
31,2023-10-23,2023-11-20,UNIVERSE,0.002,1.4013022792431755,0.17650615109941026,399006,0.06866819310315231,0.7224832336414715
32,2023-11-20,2023-12-18,UNIVERSE,0.002,1.3217940115327174,-0.056738841353629554,000300,-0.0690514271653544,0.659495360869669
32,2023-11-20,2023-12-18,UNIVERSE,0.002,1.3217940115327174,-0.056738841353629554,000852,-0.06336994345367541,0.9306605819756918
32,2023-11-20,2023-12-18,UNIVERSE,0.002,1.3217940115327174,-0.056738841353629554,399006,-0.08679006708580661,0.6597788653253577
33,2023-12-18,2024-01-16,UNIVERSE,0.002,1.173609344533651,-0.11210874440809067,000300,-0.00855717448045723,0.6538519439976551
33,2023-12-18,2024-01-16,UNIVERSE,0.002,1.173609344533651,-0.11210874440809067,000852,-0.05421537610487259,0.8802044684979
33,2023-12-18,2024-01-16,UNIVERSE,0.002,1.173609344533651,-0.11210874440809067,399006,-0.037236263736263764,0.6352111654884898
34,2024-01-16,2024-02-21,UNIVERSE,0.002,1.075928628019029,-0.08323103166278621,000300,0.04725709507767628,0.6847510874818757
34,2024-01-16,2024-02-21,UNIVERSE,0.002,1.075928628019029,-0.08323103166278621,000852,-0.08412176616174483,0.8061601140243968
34,2024-01-16,2024-02-21,UNIVERSE,0.002,1.075928628019029,-0.08323103166278621,399006,0.00014267533371770114,0.6353017944535071
35,2024-02-21,2024-03-20,UNIVERSE,0.002,1.2905614079941825,0.19948607592153184,000300,0.0371752481290879,0.7102068790656773
35,2024-02-21,2024-03-20,UNIVERSE,0.002,1.2905614079941825,0.19948607592153184,000852,0.11543753005826374,0.8992212464188615
35,2024-02-21,2024-03-20,UNIVERSE,0.002,1.2905614079941825,0.19948607592153184,399006,0.08945608509084257,0.692133405836505
36,2024-03-20,2024-04-19,UNIVERSE,0.002,1.0921246625033678,-0.153760018129807,000300,-0.0121939654931974,0.701546640889319
36,2024-03-20,2024-04-19,UNIVERSE,0.002,1.0921246625033678,-0.153760018129807,000852,-0.06975605877207691,0.8364951163045671
36,2024-03-20,2024-04-19,UNIVERSE,0.002,1.0921246625033678,-0.153760018129807,399006,-0.08026712059709307,0.6365778502809495
37,2024-04-19,2024-05-22,UNIVERSE,0.002,1.154933800274746,0.05751095999188145,000300,0.04031725236188688,0.7298310738536876
37,2024-04-19,2024-05-22,UNIVERSE,0.002,1.154933800274746,0.05751095999188145,000852,0.052289059131257254,0.8802346589040245
37,2024-04-19,2024-05-22,UNIVERSE,0.002,1.154933800274746,0.05751095999188145,399006,0.06943621867881555,0.6807794090991478
38,2024-05-22,2024-06-20,UNIVERSE,0.002,1.0651226008759307,-0.07776307124914879,000300,-0.04917151813703524,0.6939441719687192
38,2024-05-22,2024-06-20,UNIVERSE,0.002,1.0651226008759307,-0.07776307124914879,000852,-0.08728333507832597,0.8034048422233486
38,2024-05-22,2024-06-20,UNIVERSE,0.002,1.0651226008759307,-0.07776307124914879,399006,-0.06136011459426072,0.639006706543411
39,2024-06-20,2024-07-18,UNIVERSE,0.002,1.0236550098732025,-0.0389322233596642,000300,0.005038135689981793,0.6974403568683696
39,2024-06-20,2024-07-18,UNIVERSE,0.002,1.0236550098732025,-0.0389322233596642,000852,-0.048200801401859894,0.7646800849780484
39,2024-06-20,2024-07-18,UNIVERSE,0.002,1.0236550098732025,-0.0389322233596642,399006,-0.025523344868667364,0.6226971179989121
40,2024-07-18,2024-08-15,UNIVERSE,0.002,1.0172311577959128,-0.0062754072566747225,000300,-0.050833160557011925,0.66198725922874
40,2024-07-18,2024-08-15,UNIVERSE,0.002,1.0172311577959128,-0.0062754072566747225,000852,-0.02505594886574969,0.7455202998701813
40,2024-07-18,2024-08-15,UNIVERSE,0.002,1.0172311577959128,-0.0062754072566747225,399006,-0.07277130598296566,0.5773826354903024
41,2024-08-15,2024-09-12,UNIVERSE,0.002,0.99929431634152,-0.017633004373615032,000300,-0.05071290713505594,0.6284159608268828
41,2024-08-15,2024-09-12,UNIVERSE,0.002,0.99929431634152,-0.017633004373615032,000852,-0.04755267112119965,0.7100688182362764
41,2024-08-15,2024-09-12,UNIVERSE,0.002,0.99929431634152,-0.017633004373615032,399006,-0.02567950223204485,0.5625557368134853
42,2024-09-12,2024-10-21,UNIVERSE,0.002,1.4992227505669289,0.5002814746867357,000300,0.24042150122774997,0.7795006695243608
42,2024-09-12,2024-10-21,UNIVERSE,0.002,1.4992227505669289,0.5002814746867357,000852,0.31145915851000505,0.9312262548483409
42,2024-09-12,2024-10-21,UNIVERSE,0.002,1.4992227505669289,0.5002814746867357,399006,0.4243625186073039,0.8012833061446435
43,2024-10-21,2024-11-18,UNIVERSE,0.002,1.5322690741922358,0.022042303995727316,000300,0.003857491360032661,0.7825075866221907
43,2024-10-21,2024-11-18,UNIVERSE,0.002,1.5322690741922358,0.022042303995727316,000852,0.019450326504077298,0.9493389095543102
43,2024-10-21,2024-11-18,UNIVERSE,0.002,1.5322690741922358,0.022042303995727316,399006,-0.008772406055177151,0.7942541236179078
44,2024-11-18,2024-12-16,UNIVERSE,0.002,1.715815233663753,0.11978715916346303,000300,-0.00975602347115978,0.774873424240744
44,2024-11-18,2024-12-16,UNIVERSE,0.002,1.715815233663753,0.11978715916346303,000852,0.05070833668086028,0.997478306604231
44,2024-11-18,2024-12-16,UNIVERSE,0.002,1.715815233663753,0.11978715916346303,399006,0.004828955475935315,0.7980895414174367
45,2024-12-16,2025-01-14,UNIVERSE,0.002,1.5858061884038355,-0.07577100535604372,000300,-0.023339400384473796,0.756788343145101
45,2024-12-16,2025-01-14,UNIVERSE,0.002,1.5858061884038355,-0.07577100535604372,000852,-0.07430800698364959,0.9233576816310448
45,2024-12-16,2025-01-14,UNIVERSE,0.002,1.5858061884038355,-0.07577100535604372,399006,-0.057128451576857864,0.752495921696574
46,2025-01-14,2025-02-19,UNIVERSE,0.002,1.987304349608303,0.25318236499542757,000300,0.03130971014568629,0.7804831668106083
46,2025-01-14,2025-02-19,UNIVERSE,0.002,1.987304349608303,0.25318236499542757,000852,0.08216759449669153,0.9992277611907097
46,2025-01-14,2025-02-19,UNIVERSE,0.002,1.987304349608303,0.25318236499542757,399006,0.07285042586811574,0.8073155700561897
47,2025-02-19,2025-03-19,UNIVERSE,0.002,2.001524629196509,0.007155562051182007,000300,0.01776831397709744,0.7943510367723384
47,2025-02-19,2025-03-19,UNIVERSE,0.002,2.001524629196509,0.007155562051182007,000852,0.043913283390554,1.043107133039586
47,2025-02-19,2025-03-19,UNIVERSE,0.002,2.001524629196509,0.007155562051182007,399006,-0.002079048756612134,0.8056371216240708
48,2025-03-19,2025-04-17,UNIVERSE,0.002,1.6898549541208736,-0.15571613285655736,000300,-0.05933663660144095,0.7472169179694004
48,2025-03-19,2025-04-17,UNIVERSE,0.002,1.6898549541208736,-0.15571613285655736,000852,-0.11045778316688704,0.9278878315184662
48,2025-03-19,2025-04-17,UNIVERSE,0.002,1.6898549541208736,-0.15571613285655736,399006,-0.14109838684275655,0.6919630233822727
49,2025-04-17,2025-05-20,UNIVERSE,0.002,1.8005146616351844,0.06548473716306628,000300,0.03338882673863153,0.7721656141796549
49,2025-04-17,2025-05-20,UNIVERSE,0.002,1.8005146616351844,0.06548473716306628,000852,0.05247998136845933,0.9765833676285754
49,2025-04-17,2025-05-20,UNIVERSE,0.002,1.8005146616351844,0.06548473716306628,399006,0.07317763178574799,0.7425992387166935
50,2025-05-20,2025-06-18,UNIVERSE,0.002,1.8340240517837223,0.018611006543043485,000300,-0.005951510580605834,0.7675700623568846
50,2025-05-20,2025-06-18,UNIVERSE,0.002,1.8340240517837223,0.018611006543043485,000852,-0.0017295745864803758,0.9748942938543457
50,2025-05-20,2025-06-18,UNIVERSE,0.002,1.8340240517837223,0.018611006543043485,399006,0.0030608359450514655,0.7448722131593254
51,2025-06-18,2025-07-16,UNIVERSE,0.002,1.989959641610012,0.08502374310447633,000300,0.03412413515459467,0.7937627269053716
51,2025-06-18,2025-07-16,UNIVERSE,0.002,1.989959641610012,0.08502374310447633,000852,0.05324355908915335,1.0268011357948579
51,2025-06-18,2025-07-16,UNIVERSE,0.002,1.989959641610012,0.08502374310447633,399006,0.08539321468027428,0.8084792459670107
52,2025-07-16,2025-08-13,UNIVERSE,0.002,2.1448268685318026,0.07782430541982858,000300,0.04226891595128768,0.8273142168941997
52,2025-07-16,2025-08-13,UNIVERSE,0.002,2.1448268685318026,0.07782430541982858,000852,0.09320092973448091,1.1224999563033595
52,2025-07-16,2025-08-13,UNIVERSE,0.002,2.1448268685318026,0.07782430541982858,399006,0.11941135060241503,0.9050208446619535
53,2025-08-13,2025-09-10,UNIVERSE,0.002,2.212249200342509,0.0314348597548384,000300,0.06435408875204107,0.8805552694340344
53,2025-08-13,2025-09-10,UNIVERSE,0.002,2.212249200342509,0.0314348597548384,000852,0.023475687007826762,1.1488514139438364
53,2025-08-13,2025-09-10,UNIVERSE,0.002,2.212249200342509,0.0314348597548384,399006,0.16333667133987584,1.0528439369222398
54,2025-09-10,2025-10-16,UNIVERSE,0.002,2.246913468087701,0.015669241846635127,000300,0.03893048032105395,0.9148357090223365
54,2025-09-10,2025-10-16,UNIVERSE,0.002,2.246913468087701,0.015669241846635127,000852,0.023743563429352355,1.176129240361713
54,2025-09-10,2025-10-16,UNIVERSE,0.002,2.246913468087701,0.015669241846635127,399006,0.04585317480812745,1.1011201740076124
55,2025-10-16,2025-11-13,UNIVERSE,0.002,2.2061347810647076,-0.018148757218362926,000300,0.0181122548403998,0.9314054465212469
55,2025-10-16,2025-11-13,UNIVERSE,0.002,2.2061347810647076,-0.018148757218362926,000852,0.025499065097327023,1.206119436424566
55,2025-10-16,2025-11-13,UNIVERSE,0.002,2.2061347810647076,-0.018148757218362926,399006,0.054094895701643386,1.1606851549755297
56,2025-11-13,2025-12-11,UNIVERSE,0.002,2.183694050167966,-0.01017196732010708,000300,-0.031877449718953454,0.9017146162318065
56,2025-11-13,2025-12-11,UNIVERSE,0.002,2.183694050167966,-0.01017196732010708,000852,-0.03670075277515028,1.1618539451710443
56,2025-11-13,2025-12-11,UNIVERSE,0.002,2.183694050167966,-0.01017196732010708,399006,-0.011893495744514704,1.146880551024107
0,2021-03-31,2021-04-29,Q1,0.0,0.9804668965715934,-0.01953310342840669,000300,0.022940123129095547,1.0229401231290955
0,2021-03-31,2021-04-29,Q1,0.0,0.9804668965715934,-0.01953310342840669,000852,0.01775036983247502,1.017750369832475
0,2021-03-31,2021-04-29,Q1,0.0,0.9804668965715934,-0.01953310342840669,399006,0.1061881457313758,1.1061881457313758
1,2021-04-29,2021-06-01,Q1,0.0,1.1598644345275162,0.18297153997062385,000300,0.034373384299897225,1.058102037097196
1,2021-04-29,2021-06-01,Q1,0.0,1.1598644345275162,0.18297153997062385,000852,0.07019874787278879,1.0891951714417825
1,2021-04-29,2021-06-01,Q1,0.0,1.1598644345275162,0.18297153997062385,399006,0.08151614658093598,1.1963603407649084
2,2021-06-01,2021-06-30,Q1,0.0,1.4204840437345803,0.2246983366752085,000300,-0.022023033951865445,1.0347994200096666
2,2021-06-01,2021-06-30,Q1,0.0,1.4204840437345803,0.2246983366752085,000852,0.03340321208858699,1.1255777887593172
2,2021-06-01,2021-06-30,Q1,0.0,1.4204840437345803,0.2246983366752085,399006,0.053639823523707886,1.2605328983143012
3,2021-06-30,2021-07-28,Q1,0.0,1.3503632332868372,-0.049364025422903864,000300,-0.08873592085818649,0.9429755405715916
3,2021-06-30,2021-07-28,Q1,0.0,1.3503632332868372,-0.049364025422903864,000852,-0.019508166636079904,1.10361982969433
3,2021-06-30,2021-07-28,Q1,0.0,1.3503632332868372,-0.049364025422903864,399006,-0.055291931967858976,1.1908355990574586
4,2021-07-28,2021-08-25,Q1,0.0,1.5910671974665886,0.17825127213651143,000300,0.028921453298827116,0.9702477636301692
4,2021-07-28,2021-08-25,Q1,0.0,1.5910671974665886,0.17825127213651143,000852,0.11865507356551208,1.2345699217750687
4,2021-07-28,2021-08-25,Q1,0.0,1.5910671974665886,0.17825127213651143,399006,0.019403821097621732,1.2139423599782488
5,2021-08-25,2021-09-24,Q1,0.0,1.4692105392651327,-0.07658800231409765,000300,-0.009948633772681847,0.9605951239610491
5,2021-08-25,2021-09-24,Q1,0.0,1.4692105392651327,-0.07658800231409765,000852,-0.009525550122721493,1.222809964105196
5,2021-08-25,2021-09-24,Q1,0.0,1.4692105392651327,-0.07658800231409765,399006,-0.042058614490572244,1.1628856262461482
6,2021-09-24,2021-10-29,Q1,0.0,1.4304859900518743,-0.026357385941859372,000300,0.01223648964929902,0.9723494362525655
6,2021-09-24,2021-10-29,Q1,0.0,1.4304859900518743,-0.026357385941859372,000852,-0.040324236383813106,1.173501086060136
6,2021-09-24,2021-10-29,Q1,0.0,1.4304859900518743,-0.026357385941859372,399006,0.044531800412741296,1.2146710168569874
7,2021-10-29,2021-11-26,Q1,0.0,1.6055639083375217,0.12239051588285643,000300,-0.009908795889805422,0.9627146241551715
7,2021-10-29,2021-11-26,Q1,0.0,1.6055639083375217,0.12239051588285643,000852,0.07521563105087137,1.261766710787032
7,2021-10-29,2021-11-26,Q1,0.0,1.6055639083375217,0.12239051588285643,399006,0.03527652678419524,1.2575203915171287
8,2021-11-26,2021-12-24,Q1,0.0,1.6835363209549583,0.04856387977615471,000300,0.012594313320837047,0.9748393537703336
8,2021-11-26,2021-12-24,Q1,0.0,1.6835363209549583,0.04856387977615471,000852,-0.02067552472738865,1.235679021957959
8,2021-11-26,2021-12-24,Q1,0.0,1.6835363209549583,0.04856387977615471,399006,-0.049514683455995745,1.1952546673916982
9,2021-12-24,2022-01-24,Q1,0.0,1.686431340196541,0.0017196060492121515,000300,-0.027350274518728734,0.9481772298330549
9,2021-12-24,2022-01-24,Q1,0.0,1.686431340196541,0.0017196060492121515,000852,-0.045162352233171,1.1798728507211533
9,2021-12-24,2022-01-24,Q1,0.0,1.686431340196541,0.0017196060492121515,399006,-0.07299726123787209,1.1080043501903205
10,2022-01-24,2022-02-28,Q1,0.0,1.4600835435755328,-0.13421702456895102,000300,-0.04284544387202982,0.907552155551506
10,2022-01-24,2022-02-28,Q1,0.0,1.4600835435755328,-0.13421702456895102,000852,-0.0007501279392355675,1.1789877951310819
10,2022-01-24,2022-02-28,Q1,0.0,1.4600835435755328,-0.13421702456895102,399006,-0.057295603040148135,1.0445205727750586
11,2022-02-28,2022-03-28,Q1,0.0,1.2796638411183305,-0.12356806790341637,000300,-0.09454672443333723,0.8217460719916966
11,2022-02-28,2022-03-28,Q1,0.0,1.2796638411183305,-0.12356806790341637,000852,-0.08795080210732587,1.0752948728745557
11,2022-02-28,2022-03-28,Q1,0.0,1.2796638411183305,-0.12356806790341637,399006,-0.09966994179730737,0.9404132680804783
12,2022-03-28,2022-04-27,Q1,0.0,0.9631449281259976,-0.2473453596342295,000300,-0.060969465851265725,0.7716446529169871
12,2022-03-28,2022-04-27,Q1,0.0,0.9631449281259976,-0.2473453596342295,000852,-0.18124496656692157,0.8804030895908247
12,2022-03-28,2022-04-27,Q1,0.0,0.9631449281259976,-0.2473453596342295,399006,-0.12526743069930957,0.8226101141924957
13,2022-04-27,2022-05-30,Q1,0.0,1.1333611774501566,0.17672963263727182,000300,0.034264825929139375,0.7980849226283389
13,2022-04-27,2022-05-30,Q1,0.0,1.1333611774501566,0.17672963263727182,000852,0.13385264009009656,0.9982473674760344
13,2022-04-27,2022-05-30,Q1,0.0,1.1333611774501566,0.17672963263727182,399006,0.035788416028768255,0.8520500271886894
14,2022-05-30,2022-06-28,Q1,0.0,1.2040065118497276,0.062332587179763276,000300,0.11454398340043004,0.8895007487580128
14,2022-05-30,2022-06-28,Q1,0.0,1.2040065118497276,0.062332587179763276,000852,0.12692045664368168,1.1249453791994457
14,2022-05-30,2022-06-28,Q1,0.0,1.2040065118497276,0.062332587179763276,399006,0.2084939456598507,1.0296972992568423
15,2022-06-28,2022-07-26,Q1,0.0,1.204462612243526,0.0003788188762348329,000300,-0.05445694485271213,0.8410612555364515
15,2022-06-28,2022-07-26,Q1,0.0,1.204462612243526,0.0003788188762348329,000852,-0.0073872978027379466,1.1166350726714855
15,2022-06-28,2022-07-26,Q1,0.0,1.204462612243526,0.0003788188762348329,399006,-0.044697615141422786,0.9836722856624975
16,2022-07-26,2022-08-23,Q1,0.0,1.2270336206093067,0.018739484427613758,000300,-0.019995383868977146,0.8242439128746762
16,2022-07-26,2022-08-23,Q1,0.0,1.2270336206093067,0.018739484427613758,000852,0.03964470602297854,1.160903741862494
16,2022-07-26,2022-08-23,Q1,0.0,1.2270336206093067,0.018739484427613758,399006,0.024636442033418637,1.007906470908102
17,2022-08-23,2022-09-21,Q1,0.0,1.1556381617838845,-0.05818541368896585,000300,-0.06184692435617678,0.773266961944077
17,2022-08-23,2022-09-21,Q1,0.0,1.1556381617838845,-0.05818541368896585,000852,-0.11297806466448213,1.0297470838451137
17,2022-08-23,2022-09-21,Q1,0.0,1.1556381617838845,-0.05818541368896585,399006,-0.1614172520330467,0.8452129780677903
18,2022-09-21,2022-10-26,Q1,0.0,1.2052901665027995,0.04296500960323983,000300,-0.06322927046696358,0.7243738560641477
18,2022-09-21,2022-10-26,Q1,0.0,1.2052901665027995,0.04296500960323983,000852,0.0017112613029657275,1.0315092501815397
18,2022-09-21,2022-10-26,Q1,0.0,1.2052901665027995,0.04296500960323983,399006,0.017739500411748654,0.8602066340402391
19,2022-10-26,2022-11-23,Q1,0.0,1.2103104010906516,0.004165166801633001,000300,0.03189313352839851,0.7474764081800825
19,2022-10-26,2022-11-23,Q1,0.0,1.2103104010906516,0.004165166801633001,000852,0.01175348792071107,1.04363308169365
19,2022-10-26,2022-11-23,Q1,0.0,1.2103104010906516,0.004165166801633001,399006,-0.013713293550453476,0.8484103679535978
20,2022-11-23,2022-12-21,Q1,0.0,1.0943180497429366,-0.09583686238108033,000300,0.015107869819505737,0.758769184448019
20,2022-11-23,2022-12-21,Q1,0.0,1.0943180497429366,-0.09583686238108033,000852,-0.04245591116917036,0.999324688284057
20,2022-11-23,2022-12-21,Q1,0.0,1.0943180497429366,-0.09583686238108033,399006,-0.015655844877240144,0.835127786840674
21,2022-12-21,2023-01-19,Q1,0.0,1.2179623801604271,0.11298756375857603,000300,0.08496713257138677,0.8232396263340969
21,2022-12-21,2023-01-19,Q1,0.0,1.2179623801604271,0.11298756375857603,000852,0.06152510518131238,1.0608082448410159
21,2022-12-21,2023-01-19,Q1,0.0,1.2179623801604271,0.11298756375857603,399006,0.11622173026001659,0.9321877832155154
22,2023-01-19,2023-02-23,Q1,0.0,1.234248708174983,0.01337178247854465,000300,-0.012598622236231538,0.8128679412720171
22,2023-01-19,2023-02-23,Q1,0.0,1.234248708174983,0.01337178247854465,000852,0.04354501443961123,1.1070011551802765
22,2023-01-19,2023-02-23,Q1,0.0,1.234248708174983,0.01337178247854465,399006,-0.04431758081075199,0.890875475802066
23,2023-02-23,2023-03-23,Q1,0.0,1.4860364685099634,0.20400082954697635,000300,-0.015732335847355228,0.8000796298203775
23,2023-02-23,2023-03-23,Q1,0.0,1.4860364685099634,0.20400082954697635,000852,-0.014060995092431416,1.0914356173699709
23,2023-02-23,2023-03-23,Q1,0.0,1.4860364685099634,0.20400082954697635,399006,-0.03909289190552934,0.8560485771252488
24,2023-03-23,2023-04-21,Q1,0.0,1.5062258677337215,0.01358607251678142,000300,-0.0016142249863211333,0.7987881212908748
24,2023-03-23,2023-04-21,Q1,0.0,1.5062258677337215,0.01358607251678142,000852,-0.013877181412263795,1.0762895673079216
24,2023-03-23,2023-04-21,Q1,0.0,1.5062258677337215,0.01358607251678142,399006,-0.00856268077123401,0.8487185064346563
25,2023-04-21,2023-05-24,Q1,0.0,1.383962471547371,-0.08117201995097112,000300,-0.043019711995080034,0.7644244863678503
25,2023-04-21,2023-05-24,Q1,0.0,1.383962471547371,-0.08117201995097112,000852,-0.038433544794353236,1.0349239440110976
25,2023-04-21,2023-05-24,Q1,0.0,1.383962471547371,-0.08117201995097112,399006,-0.040974888838582024,0.8139423599782489
26,2023-05-24,2023-06-21,Q1,0.0,1.5563923896680678,0.12459146954173371,000300,0.0012800945300577293,0.765403021971492
26,2023-05-24,2023-06-21,Q1,0.0,1.5563923896680678,0.12459146954173371,000852,0.005409032147123183,1.040521880894081
26,2023-05-24,2023-06-21,Q1,0.0,1.5563923896680678,0.12459146954173371,399006,-0.014884690414473156,0.801827079934747
27,2023-06-21,2023-07-21,Q1,0.0,1.3064027360696,-0.16062122589264477,000300,-0.010900536486518009,0.7570597184036006
27,2023-06-21,2023-07-21,Q1,0.0,1.3064027360696,-0.16062122589264477,000852,-0.02244667026041436,1.0171656293349054
27,2023-06-21,2023-07-21,Q1,0.0,1.3064027360696,-0.16062122589264477,399006,-0.02202690972222232,0.7841653072321911
28,2023-07-21,2023-08-18,Q1,0.0,1.1708253600973395,-0.10377915801076334,000300,-0.009919124207529717,0.7495503490242379
28,2023-07-21,2023-08-18,Q1,0.0,1.1708253600973395,-0.10377915801076334,000852,-0.04441358323621958,0.9719896589914179
28,2023-07-21,2023-08-18,Q1,0.0,1.1708253600973395,-0.10377915801076334,399006,-0.02043344798254365,0.7681421062171468
29,2023-08-18,2023-09-15,Q1,0.0,1.1080216357400794,-0.053640556907683205,000300,-0.019878435517970305,0.7346504607436875
29,2023-08-18,2023-09-15,Q1,0.0,1.1080216357400794,-0.053640556907683205,000852,-0.006220257605306978,0.9659436329227967
29,2023-08-18,2023-09-15,Q1,0.0,1.1080216357400794,-0.053640556907683205,399006,-0.054834538349725404,0.7260213884357438
30,2023-09-15,2023-10-23,Q1,0.0,1.041263915790104,-0.06024947329244703,000300,-0.06323912445602065,0.6881918088250445
30,2023-09-15,2023-10-23,Q1,0.0,1.041263915790104,-0.06024947329244703,000852,-0.07253095050879577,0.8958828230889869
30,2023-09-15,2023-10-23,Q1,0.0,1.041263915790104,-0.06024947329244703,399006,-0.06881606606981472,0.676059452601051
31,2023-10-23,2023-11-20,Q1,0.0,1.2658406938420472,0.21567709650394998,000300,0.029381965552178535,0.7084122368452334
31,2023-10-23,2023-11-20,Q1,0.0,1.2658406938420472,0.21567709650394998,000852,0.1091033567807822,0.993626646370239
31,2023-10-23,2023-11-20,Q1,0.0,1.2658406938420472,0.21567709650394998,399006,0.06866819310315231,0.7224832336414715
32,2023-11-20,2023-12-18,Q1,0.0,1.170847859162628,-0.07504327767430155,000300,-0.0690514271653544,0.659495360869669
32,2023-11-20,2023-12-18,Q1,0.0,1.170847859162628,-0.07504327767430155,000852,-0.06336994345367541,0.9306605819756918
32,2023-11-20,2023-12-18,Q1,0.0,1.170847859162628,-0.07504327767430155,399006,-0.08679006708580661,0.6597788653253577
33,2023-12-18,2024-01-16,Q1,0.0,1.027939001301737,-0.12205587322258665,000300,-0.00855717448045723,0.6538519439976551
33,2023-12-18,2024-01-16,Q1,0.0,1.027939001301737,-0.12205587322258665,000852,-0.05421537610487259,0.8802044684979
33,2023-12-18,2024-01-16,Q1,0.0,1.027939001301737,-0.12205587322258665,399006,-0.037236263736263764,0.6352111654884898
34,2024-01-16,2024-02-21,Q1,0.0,0.9792195362153637,-0.04739528807125434,000300,0.04725709507767628,0.6847510874818757
34,2024-01-16,2024-02-21,Q1,0.0,0.9792195362153637,-0.04739528807125434,000852,-0.08412176616174483,0.8061601140243968
34,2024-01-16,2024-02-21,Q1,0.0,0.9792195362153637,-0.04739528807125434,399006,0.00014267533371770114,0.6353017944535071
35,2024-02-21,2024-03-20,Q1,0.0,1.1877616552903345,0.2129676863688565,000300,0.0371752481290879,0.7102068790656773
35,2024-02-21,2024-03-20,Q1,0.0,1.1877616552903345,0.2129676863688565,000852,0.11543753005826374,0.8992212464188615
35,2024-02-21,2024-03-20,Q1,0.0,1.1877616552903345,0.2129676863688565,399006,0.08945608509084257,0.692133405836505
36,2024-03-20,2024-04-19,Q1,0.0,0.9958586698290729,-0.16156691420919228,000300,-0.0121939654931974,0.701546640889319
36,2024-03-20,2024-04-19,Q1,0.0,0.9958586698290729,-0.16156691420919228,000852,-0.06975605877207691,0.8364951163045671
36,2024-03-20,2024-04-19,Q1,0.0,0.9958586698290729,-0.16156691420919228,399006,-0.08026712059709307,0.6365778502809495
37,2024-04-19,2024-05-22,Q1,0.0,1.0940961361388948,0.09864599193245273,000300,0.04031725236188688,0.7298310738536876
37,2024-04-19,2024-05-22,Q1,0.0,1.0940961361388948,0.09864599193245273,000852,0.052289059131257254,0.8802346589040245
37,2024-04-19,2024-05-22,Q1,0.0,1.0940961361388948,0.09864599193245273,399006,0.06943621867881555,0.6807794090991478
38,2024-05-22,2024-06-20,Q1,0.0,0.9936154369462976,-0.09183900378918913,000300,-0.04917151813703524,0.6939441719687192
38,2024-05-22,2024-06-20,Q1,0.0,0.9936154369462976,-0.09183900378918913,000852,-0.08728333507832597,0.8034048422233486
38,2024-05-22,2024-06-20,Q1,0.0,0.9936154369462976,-0.09183900378918913,399006,-0.06136011459426072,0.639006706543411
39,2024-06-20,2024-07-18,Q1,0.0,0.9694332548144167,-0.02433756686208567,000300,0.005038135689981793,0.6974403568683696
39,2024-06-20,2024-07-18,Q1,0.0,0.9694332548144167,-0.02433756686208567,000852,-0.048200801401859894,0.7646800849780484
39,2024-06-20,2024-07-18,Q1,0.0,0.9694332548144167,-0.02433756686208567,399006,-0.025523344868667364,0.6226971179989121
40,2024-07-18,2024-08-15,Q1,0.0,0.9224003556904987,-0.04851587140253578,000300,-0.050833160557011925,0.66198725922874
40,2024-07-18,2024-08-15,Q1,0.0,0.9224003556904987,-0.04851587140253578,000852,-0.02505594886574969,0.7455202998701813
40,2024-07-18,2024-08-15,Q1,0.0,0.9224003556904987,-0.04851587140253578,399006,-0.07277130598296566,0.5773826354903024
41,2024-08-15,2024-09-12,Q1,0.0,0.8733489927248961,-0.05317795322063094,000300,-0.05071290713505594,0.6284159608268828
41,2024-08-15,2024-09-12,Q1,0.0,0.8733489927248961,-0.05317795322063094,000852,-0.04755267112119965,0.7100688182362764
41,2024-08-15,2024-09-12,Q1,0.0,0.8733489927248961,-0.05317795322063094,399006,-0.02567950223204485,0.5625557368134853
42,2024-09-12,2024-10-21,Q1,0.0,1.3277301285048637,0.520274414426556,000300,0.24042150122774997,0.7795006695243608
42,2024-09-12,2024-10-21,Q1,0.0,1.3277301285048637,0.520274414426556,000852,0.31145915851000505,0.9312262548483409
42,2024-09-12,2024-10-21,Q1,0.0,1.3277301285048637,0.520274414426556,399006,0.4243625186073039,0.8012833061446435
43,2024-10-21,2024-11-18,Q1,0.0,1.2137407073600424,-0.0858528542040264,000300,0.003857491360032661,0.7825075866221907
43,2024-10-21,2024-11-18,Q1,0.0,1.2137407073600424,-0.0858528542040264,000852,0.019450326504077298,0.9493389095543102
43,2024-10-21,2024-11-18,Q1,0.0,1.2137407073600424,-0.0858528542040264,399006,-0.008772406055177151,0.7942541236179078
44,2024-11-18,2024-12-16,Q1,0.0,1.290107306163323,0.06291837979907809,000300,-0.00975602347115978,0.774873424240744
44,2024-11-18,2024-12-16,Q1,0.0,1.290107306163323,0.06291837979907809,000852,0.05070833668086028,0.997478306604231
44,2024-11-18,2024-12-16,Q1,0.0,1.290107306163323,0.06291837979907809,399006,0.004828955475935315,0.7980895414174367
45,2024-12-16,2025-01-14,Q1,0.0,1.1181673493026991,-0.13327570198168986,000300,-0.023339400384473796,0.756788343145101
45,2024-12-16,2025-01-14,Q1,0.0,1.1181673493026991,-0.13327570198168986,000852,-0.07430800698364959,0.9233576816310448
45,2024-12-16,2025-01-14,Q1,0.0,1.1181673493026991,-0.13327570198168986,399006,-0.057128451576857864,0.752495921696574
46,2025-01-14,2025-02-19,Q1,0.0,1.335556567071339,0.19441563725162078,000300,0.03130971014568629,0.7804831668106083
46,2025-01-14,2025-02-19,Q1,0.0,1.335556567071339,0.19441563725162078,000852,0.08216759449669153,0.9992277611907097
46,2025-01-14,2025-02-19,Q1,0.0,1.335556567071339,0.19441563725162078,399006,0.07285042586811574,0.8073155700561897
47,2025-02-19,2025-03-19,Q1,0.0,1.267104773257654,-0.051253384170607395,000300,0.01776831397709744,0.7943510367723384
47,2025-02-19,2025-03-19,Q1,0.0,1.267104773257654,-0.051253384170607395,000852,0.043913283390554,1.043107133039586
47,2025-02-19,2025-03-19,Q1,0.0,1.267104773257654,-0.051253384170607395,399006,-0.002079048756612134,0.8056371216240708
48,2025-03-19,2025-04-17,Q1,0.0,1.0361169300443287,-0.182295772289981,000300,-0.05933663660144095,0.7472169179694004
48,2025-03-19,2025-04-17,Q1,0.0,1.0361169300443287,-0.182295772289981,000852,-0.11045778316688704,0.9278878315184662
48,2025-03-19,2025-04-17,Q1,0.0,1.0361169300443287,-0.182295772289981,399006,-0.14109838684275655,0.6919630233822727
49,2025-04-17,2025-05-20,Q1,0.0,1.1301201700638073,0.09072647815479368,000300,0.03338882673863153,0.7721656141796549
49,2025-04-17,2025-05-20,Q1,0.0,1.1301201700638073,0.09072647815479368,000852,0.05247998136845933,0.9765833676285754
49,2025-04-17,2025-05-20,Q1,0.0,1.1301201700638073,0.09072647815479368,399006,0.07317763178574799,0.7425992387166935
50,2025-05-20,2025-06-18,Q1,0.0,1.0831777865294727,-0.04153751501637572,000300,-0.005951510580605834,0.7675700623568846
50,2025-05-20,2025-06-18,Q1,0.0,1.0831777865294727,-0.04153751501637572,000852,-0.0017295745864803758,0.9748942938543457
50,2025-05-20,2025-06-18,Q1,0.0,1.0831777865294727,-0.04153751501637572,399006,0.0030608359450514655,0.7448722131593254
51,2025-06-18,2025-07-16,Q1,0.0,1.1878422815758805,0.09662725394485357,000300,0.03412413515459467,0.7937627269053716
51,2025-06-18,2025-07-16,Q1,0.0,1.1878422815758805,0.09662725394485357,000852,0.05324355908915335,1.0268011357948579
51,2025-06-18,2025-07-16,Q1,0.0,1.1878422815758805,0.09662725394485357,399006,0.08539321468027428,0.8084792459670107
52,2025-07-16,2025-08-13,Q1,0.0,1.202399989054057,0.01225558957108634,000300,0.04226891595128768,0.8273142168941997
52,2025-07-16,2025-08-13,Q1,0.0,1.202399989054057,0.01225558957108634,000852,0.09320092973448091,1.1224999563033595
52,2025-07-16,2025-08-13,Q1,0.0,1.202399989054057,0.01225558957108634,399006,0.11941135060241503,0.9050208446619535
53,2025-08-13,2025-09-10,Q1,0.0,1.2262535448925238,0.01983828680606732,000300,0.06435408875204107,0.8805552694340344
53,2025-08-13,2025-09-10,Q1,0.0,1.2262535448925238,0.01983828680606732,000852,0.023475687007826762,1.1488514139438364
53,2025-08-13,2025-09-10,Q1,0.0,1.2262535448925238,0.01983828680606732,399006,0.16333667133987584,1.0528439369222398
54,2025-09-10,2025-10-16,Q1,0.0,1.2485965873371228,0.018220573174006355,000300,0.03893048032105395,0.9148357090223365
54,2025-09-10,2025-10-16,Q1,0.0,1.2485965873371228,0.018220573174006355,000852,0.023743563429352355,1.176129240361713
54,2025-09-10,2025-10-16,Q1,0.0,1.2485965873371228,0.018220573174006355,399006,0.04585317480812745,1.1011201740076124
55,2025-10-16,2025-11-13,Q1,0.0,1.214128812685309,-0.027605212925756274,000300,0.0181122548403998,0.9314054465212469
55,2025-10-16,2025-11-13,Q1,0.0,1.214128812685309,-0.027605212925756274,000852,0.025499065097327023,1.206119436424566
55,2025-10-16,2025-11-13,Q1,0.0,1.214128812685309,-0.027605212925756274,399006,0.054094895701643386,1.1606851549755297
56,2025-11-13,2025-12-11,Q1,0.0,1.20192299215128,-0.01005315120315204,000300,-0.031877449718953454,0.9017146162318065
56,2025-11-13,2025-12-11,Q1,0.0,1.20192299215128,-0.01005315120315204,000852,-0.03670075277515028,1.1618539451710443
56,2025-11-13,2025-12-11,Q1,0.0,1.20192299215128,-0.01005315120315204,399006,-0.011893495744514704,1.146880551024107
