code,name,theme,review_status,theme_revenue_materiality,primary_business,theme_business_description,market_cap,avg_amount_20d,avg_turnover_20d,return_20d,return_60d,volatility_60d,is_st,suspended_or_zero_volume_flag,pe_ttm,pb,ps_ttm,revenue_growth_yoy,net_profit_growth_yoy,gross_margin,roe,operating_cashflow_to_net_profit,receivables_to_revenue,inventory_to_revenue,debt_to_asset,financial_quality_flag,liquidity_flag,valuation_flag,catalyst_summary,risk_note,final_pool_suggestion,market_source_url,market_source_note,financial_source_url,financial_source_note,valuation_source_url,valuation_source_note,catalyst_source_url,catalyst_source_note
000063,中兴通讯,AI,core,core,通信设备、ICT基础设施、服务器/存储、数据中心和终端业务,AI算力基础设施已成为公司明确战略主航道之一，覆盖服务器、存储、数据中心和AI全栈能力。,170389512674.94,8534887347.44,5.5865,-0.022503,0.111388,0.032758,false,false,39.7433,2.3192,1.3085,10.3849,-33.3189,30.2506,7.58,0.6976,0.1618,0.3511,65.2607,caution,pass,normal,2025年算力业务收入占整体营收24.6%，且同比增长约150%；AI算力不是单纯概念标签。；披露口径：主题收入占比24.6%，主题收入金额约329.4亿元,需跟踪主题业务增速、订单/交付节奏、毛利率和客户需求波动,watch_only,https://push2his.eastmoney.com/api/qt/stock/kline/get?secid=0.000063&fields1=f1%2Cf2%2Cf3%2Cf4%2Cf5%2Cf6&fields2=f51%2Cf52%2Cf53%2Cf54%2Cf55%2Cf56%2Cf57%2Cf58%2Cf59%2Cf60%2Cf61&klt=101&fqt=0&beg=20250329&end=20260702,Eastmoney daily kline fqt=0; avg_amount_20d uses last 20 available trading rows; avg_turnover_20d is percent; returns are close-to-close; volatility_60d is daily return std | ok,https://data.eastmoney.com/bbsj/000063.html;http://basic.10jqka.com.cn/000063/finance.html,"basis=latest annual report preferred; units=percent for growth/margin/ROE/debt, ratio for cashflow/receivables/inventory; flag_rule=caution; triggered=negative net profit growth; data=income:2025-12-31 annual; balance:2025-12-31 annual; cashflow:2025-12-31 annual; ths:2025-12-31 annual",https://data.eastmoney.com/gzfx/detail/000063.html,Eastmoney RPT_VALUEANALYSIS_DET latest TRADE_DATE=2026-07-01; PE_TTM/PB_MRQ/PS_TTM fetched via public datacenter API.,https://www.stcn.com/article/detail/3665690.html,证券时报网：中兴通讯2025年报报道; evidence_date=2026-03-06; evidence_level=secondary_source_with_report_data
000681,视觉中国,AI,conditional,transition,视觉内容版权交易、创意定制服务、内容数据服务,AI用于内容生成、智能检索和创意定制，属于真实应用型AI业务，但收入占比未单独披露。,14270762371.32,1364848281.23,9.0305,-0.110869,0.025164,0.038432,false,false,46.8904,3.7189,18.4103,-4.0328,-30.31,41.6789,2.31,1.1798,0.1877,unknown,16.0352,caution,pass,normal,AI创意定制业务有增长披露，但总体公司仍以视觉内容版权与创意服务为主。,AI主题收入未量化或仍属二级/转型业务，需复核收入占比、口径和持续披露；当前材料性标记为transition,expanded_candidate,https://push2his.eastmoney.com/api/qt/stock/kline/get?secid=0.000681&fields1=f1%2Cf2%2Cf3%2Cf4%2Cf5%2Cf6&fields2=f51%2Cf52%2Cf53%2Cf54%2Cf55%2Cf56%2Cf57%2Cf58%2Cf59%2Cf60%2Cf61&klt=101&fqt=0&beg=20250329&end=20260702,Eastmoney daily kline fqt=0; avg_amount_20d uses last 20 available trading rows; avg_turnover_20d is percent; returns are close-to-close; volatility_60d is daily return std | ok,https://data.eastmoney.com/bbsj/000681.html;http://basic.10jqka.com.cn/000681/finance.html,"basis=latest annual report preferred; units=percent for growth/margin/ROE/debt, ratio for cashflow/receivables/inventory; flag_rule=caution; triggered=negative revenue growth; negative net profit growth; ROE below 5%; data=income:2025-12-31 annual; balance:2025-12-31 annual; cashflow:2025-12-31 annual; ths:2025-12-31 annual",https://data.eastmoney.com/gzfx/detail/000681.html,Eastmoney RPT_VALUEANALYSIS_DET latest TRADE_DATE=2026-07-01; PE_TTM/PB_MRQ/PS_TTM fetched via public datacenter API.,https://www.ithome.com/0/878/590.htm,IT之家：视觉中国2025半年报报道; evidence_date=2025-08-28; evidence_level=secondary_source_with_report_data
000901,航天科技,商业航天,conditional,transition,汽车电子、航天应用产品、信息系统集成和物联网技术服务,有明确航天制造业/航天应用产品收入，但公司最大收入仍为汽车电子；商业航天核心程度需谨慎。,14263859125.22,364516928.03,2.529,-0.049973,-0.182525,0.026819,false,false,159.5964,3.3412,2.8812,-20.3517,472.22,20.3544,1.67,3.2563,0.216,0.2873,35.6362,caution,pass,high,航天制造业收入15.90%，但汽车电子占76.93%；适合扩展池，不宜直接当核心商业航天股。；披露口径：主题收入占比15.90%，主题收入金额8.78亿元,商业航天主题收入未量化或仍属二级/转型业务，需复核收入占比、口径和持续披露；当前材料性标记为transition,expanded_candidate,https://push2his.eastmoney.com/api/qt/stock/kline/get?secid=0.000901&fields1=f1%2Cf2%2Cf3%2Cf4%2Cf5%2Cf6&fields2=f51%2Cf52%2Cf53%2Cf54%2Cf55%2Cf56%2Cf57%2Cf58%2Cf59%2Cf60%2Cf61&klt=101&fqt=0&beg=20250329&end=20260702,Eastmoney daily kline fqt=0; avg_amount_20d uses last 20 available trading rows; avg_turnover_20d is percent; returns are close-to-close; volatility_60d is daily return std | ok,https://data.eastmoney.com/bbsj/000901.html;http://basic.10jqka.com.cn/000901/finance.html,"basis=latest annual report preferred; units=percent for growth/margin/ROE/debt, ratio for cashflow/receivables/inventory; flag_rule=caution; triggered=negative revenue growth; ROE below 5%; data=income:2025-12-31 annual; balance:2025-12-31 annual; cashflow:2025-12-31 annual; ths:2025-12-31 annual",https://data.eastmoney.com/gzfx/detail/000901.html,Eastmoney RPT_VALUEANALYSIS_DET latest TRADE_DATE=2026-07-01; PE_TTM/PB_MRQ/PS_TTM fetched via public datacenter API.,https://money.finance.sina.com.cn/corp/go.php/vFD_FootNotes/stockid/000901/displaytype/30.phtml,新浪财经财务附注/搜狐主营收入构成; evidence_date=2025-12-31; evidence_level=secondary_financial_data
000938,紫光股份,AI,core,core,ICT基础设施与服务、新华三网络/计算/存储及数字化解决方案,公司处于AI算力和ICT基础设施关键环节，受益于智算建设；收入分部与AI基础设施高度相关。,83457130723.32,4034946365.51,5.15,0.034018,0.205785,0.037928,false,false,40.2856,5.513,0.8235,22.4289,7.19,14.5909,12.03,2.0686,0.1309,0.4503,81.8492,caution,pass,normal,ICT基础设施与服务占比79.43%，新华三卡位智算建设；AI基础设施证据较强。；披露口径：主题收入占比79.43% ICT基础设施与服务，主题收入金额768.47亿元,需跟踪主题业务增速、订单/交付节奏、毛利率和客户需求波动,watch_only,https://push2his.eastmoney.com/api/qt/stock/kline/get?secid=0.000938&fields1=f1%2Cf2%2Cf3%2Cf4%2Cf5%2Cf6&fields2=f51%2Cf52%2Cf53%2Cf54%2Cf55%2Cf56%2Cf57%2Cf58%2Cf59%2Cf60%2Cf61&klt=101&fqt=0&beg=20250329&end=20260702,Eastmoney daily kline fqt=0; avg_amount_20d uses last 20 available trading rows; avg_turnover_20d is percent; returns are close-to-close; volatility_60d is daily return std | ok,https://data.eastmoney.com/bbsj/000938.html;http://basic.10jqka.com.cn/000938/finance.html,"basis=latest annual report preferred; units=percent for growth/margin/ROE/debt, ratio for cashflow/receivables/inventory; flag_rule=caution; triggered=gross margin below 15%; debt/assets above 70%; data=income:2025-12-31 annual; balance:2025-12-31 annual; cashflow:2025-12-31 annual; ths:2025-12-31 annual",https://data.eastmoney.com/gzfx/detail/000938.html,Eastmoney RPT_VALUEANALYSIS_DET latest TRADE_DATE=2026-07-01; PE_TTM/PB_MRQ/PS_TTM fetched via public datacenter API.,https://cn.investing.com/news/stock-market-news/article-3310710,智通财经2025年报报道; evidence_date=2026-04-14; evidence_level=secondary_source_with_report_data
000977,浪潮信息,AI,core,core,服务器、存储、云计算、大数据和人工智能智慧计算基础设施,服务器和智慧计算基础设施是AI算力核心上游/基础设施，收入规模和业务相关性强。,94173407885.15,4352005763.65,4.6305,-0.001401,0.132039,0.036636,false,false,38.6563,4.4286,0.6439,43.2532,5.2,4.8834,11.55,2.26,0.0792,0.2822,73.6358,caution,pass,normal,服务器业务大幅增长，聚焦云计算、大数据、人工智能智慧计算；AI算力核心股证据强。；披露口径：主题收入占比服务器产品为主要收入，主题收入金额2025H1服务器产品752.86亿元,需跟踪主题业务增速、订单/交付节奏、毛利率和客户需求波动,watch_only,https://push2his.eastmoney.com/api/qt/stock/kline/get?secid=0.000977&fields1=f1%2Cf2%2Cf3%2Cf4%2Cf5%2Cf6&fields2=f51%2Cf52%2Cf53%2Cf54%2Cf55%2Cf56%2Cf57%2Cf58%2Cf59%2Cf60%2Cf61&klt=101&fqt=0&beg=20250329&end=20260702,Eastmoney daily kline fqt=0; avg_amount_20d uses last 20 available trading rows; avg_turnover_20d is percent; returns are close-to-close; volatility_60d is daily return std | ok,https://data.eastmoney.com/bbsj/000977.html;http://basic.10jqka.com.cn/000977/finance.html,"basis=latest annual report preferred; units=percent for growth/margin/ROE/debt, ratio for cashflow/receivables/inventory; flag_rule=caution; triggered=gross margin below 15%; debt/assets above 70%; data=income:2025-12-31 annual; balance:2025-12-31 annual; cashflow:2025-12-31 annual; ths:2025-12-31 annual",https://data.eastmoney.com/gzfx/detail/000977.html,Eastmoney RPT_VALUEANALYSIS_DET latest TRADE_DATE=2026-07-01; PE_TTM/PB_MRQ/PS_TTM fetched via public datacenter API.,https://www.stcn.com/article/detail/3272711.html,证券时报/每经网年报半年报报道; evidence_date=2025-08-27; evidence_level=secondary_source_with_report_data
001208,华菱线缆,商业航天,conditional,transition,特种电缆、电力电缆、电气装备用电缆、裸导线及线束,航空航天用特种电缆属于商业航天上游配套，但航天专属收入未拆分，不能视作核心。,9147561690.56,209462283.55,4.2835,-0.118154,-0.279175,0.031411,false,false,84.0323,3.0995,1.9333,8.3941,1.05,11.0547,5.93,3.7996,0.355,0.1577,54.325,caution,pass,high,特种电缆收入占比高，且包含航空航天用电缆；属于上游条件纳入。；披露口径：主题收入占比unknown within 特种电缆，主题收入金额特种电缆23.7亿元，但航天占比未披露,商业航天主题收入未量化或仍属二级/转型业务，需复核收入占比、口径和持续披露；当前材料性标记为transition,expanded_candidate,https://push2his.eastmoney.com/api/qt/stock/kline/get?secid=0.001208&fields1=f1%2Cf2%2Cf3%2Cf4%2Cf5%2Cf6&fields2=f51%2Cf52%2Cf53%2Cf54%2Cf55%2Cf56%2Cf57%2Cf58%2Cf59%2Cf60%2Cf61&klt=101&fqt=0&beg=20250329&end=20260702,Eastmoney daily kline fqt=0; avg_amount_20d uses last 20 available trading rows; avg_turnover_20d is percent; returns are close-to-close; volatility_60d is daily return std | ok,https://data.eastmoney.com/bbsj/001208.html;http://basic.10jqka.com.cn/001208/finance.html,"basis=latest annual report preferred; units=percent for growth/margin/ROE/debt, ratio for cashflow/receivables/inventory; flag_rule=caution; triggered=gross margin below 15%; receivables/revenue above 35%; data=income:2025-12-31 annual; balance:2025-12-31 annual; cashflow:2025-12-31 annual; ths:2025-12-31 annual",https://data.eastmoney.com/gzfx/detail/001208.html,Eastmoney RPT_VALUEANALYSIS_DET latest TRADE_DATE=2026-07-01; PE_TTM/PB_MRQ/PS_TTM fetched via public datacenter API.,https://www.stcn.com/article/detail/3708854.html,证券时报网：华菱线缆2025年报报道; evidence_date=2026-03-29; evidence_level=secondary_source_with_report_data
001388,信通电子,AI,conditional,transition,AIoT核心技术、智慧电力产品与服务,AIoT与智慧电力主业相关，但缺少AI/算力收入拆分，主题收入贡献不清。,4411680000.0,36218278.32,3.4845,-0.130649,-0.269062,0.023935,false,false,39.478,3.194,4.6051,4.6849,-4.02,32.8844,11.61,1.3306,0.4987,0.1581,31.9504,caution,caution,normal,AIoT是技术底座叙事，收入仍围绕智慧电力；可观察但不宜核心纳入。,AI主题收入未量化或仍属二级/转型业务，需复核收入占比、口径和持续披露；当前材料性标记为transition,manual_check,https://push2his.eastmoney.com/api/qt/stock/kline/get?secid=0.001388&fields1=f1%2Cf2%2Cf3%2Cf4%2Cf5%2Cf6&fields2=f51%2Cf52%2Cf53%2Cf54%2Cf55%2Cf56%2Cf57%2Cf58%2Cf59%2Cf60%2Cf61&klt=101&fqt=0&beg=20250329&end=20260702,Eastmoney daily kline fqt=0; avg_amount_20d uses last 20 available trading rows; avg_turnover_20d is percent; returns are close-to-close; volatility_60d is daily return std | ok,https://data.eastmoney.com/bbsj/001388.html;http://basic.10jqka.com.cn/001388/finance.html,"basis=latest annual report preferred; units=percent for growth/margin/ROE/debt, ratio for cashflow/receivables/inventory; flag_rule=caution; triggered=negative net profit growth; receivables/revenue above 35%; data=income:2025-12-31 annual; balance:2025-12-31 annual; cashflow:2025-12-31 annual; ths:2025-12-31 annual",https://data.eastmoney.com/gzfx/detail/001388.html,Eastmoney RPT_VALUEANALYSIS_DET latest TRADE_DATE=2026-07-01; PE_TTM/PB_MRQ/PS_TTM fetched via public datacenter API.,https://www.cs.com.cn/ssgs/01/2026/04/24/detail_2026042410006734.html,中国证券报·中证网年报报道; evidence_date=2026-04-24; evidence_level=secondary_source_with_report_data
002015,协鑫能科,AI,conditional,transition,清洁能源运营、移动能源服务，并布局算力/能源协同业务,算力题材存在，但主营仍偏能源运营，AI收入贡献不清。,26866022361.7,1995800883.37,6.4535,-0.320886,0.009762,0.046716,false,false,62.2036,2.2561,2.8119,5.4013,-17.35,28.3957,3.45,7.8351,0.4059,0.0337,64.6793,caution,pass,normal,有算力/能源协同叙事，但缺少清晰算力收入分部；不宜默认核心。,AI主题收入未量化或仍属二级/转型业务，需复核收入占比、口径和持续披露；当前材料性标记为transition；现有证据对收入量化支持不足,expanded_candidate,https://push2his.eastmoney.com/api/qt/stock/kline/get?secid=0.002015&fields1=f1%2Cf2%2Cf3%2Cf4%2Cf5%2Cf6&fields2=f51%2Cf52%2Cf53%2Cf54%2Cf55%2Cf56%2Cf57%2Cf58%2Cf59%2Cf60%2Cf61&klt=101&fqt=0&beg=20250329&end=20260702,Eastmoney daily kline fqt=0; avg_amount_20d uses last 20 available trading rows; avg_turnover_20d is percent; returns are close-to-close; volatility_60d is daily return std | ok,https://data.eastmoney.com/bbsj/002015.html;http://basic.10jqka.com.cn/002015/finance.html,"basis=latest annual report preferred; units=percent for growth/margin/ROE/debt, ratio for cashflow/receivables/inventory; flag_rule=caution; triggered=negative net profit growth; ROE below 5%; receivables/revenue above 35%; data=income:2025-12-31 annual; balance:2025-12-31 annual; cashflow:2025-12-31 annual; ths:2025-12-31 annual",https://data.eastmoney.com/gzfx/detail/002015.html,Eastmoney RPT_VALUEANALYSIS_DET latest TRADE_DATE=2026-07-01; PE_TTM/PB_MRQ/PS_TTM fetched via public datacenter API.,https://emweb.eastmoney.com/PC_HSF10/BusinessAnalysis/Index?code=SZ002015&type=web,东方财富F10经营分析/公开资料; evidence_date=2025-12-31; evidence_level=secondary_business_profile
002044,美年健康,AI,conditional,transition,健康体检、医疗健康服务、健康管理,AI可用于体检辅助、健康管理和运营效率，但收入贡献不清。,20158407703.45,618526794.9,3.028,-0.031955,-0.085258,0.031996,false,false,65.1893,2.5243,1.9554,-3.2,1.09,41.3592,3.57,6.3081,0.2832,0.0185,55.6105,caution,pass,normal,有医疗AI应用可能，但主营仍是健康体检服务；适合观察或扩展池。,AI主题收入未量化或仍属二级/转型业务，需复核收入占比、口径和持续披露；当前材料性标记为transition,expanded_candidate,https://push2his.eastmoney.com/api/qt/stock/kline/get?secid=0.002044&fields1=f1%2Cf2%2Cf3%2Cf4%2Cf5%2Cf6&fields2=f51%2Cf52%2Cf53%2Cf54%2Cf55%2Cf56%2Cf57%2Cf58%2Cf59%2Cf60%2Cf61&klt=101&fqt=0&beg=20250329&end=20260702,Eastmoney daily kline fqt=0; avg_amount_20d uses last 20 available trading rows; avg_turnover_20d is percent; returns are close-to-close; volatility_60d is daily return std | ok,https://data.eastmoney.com/bbsj/002044.html;http://basic.10jqka.com.cn/002044/finance.html,"basis=latest annual report preferred; units=percent for growth/margin/ROE/debt, ratio for cashflow/receivables/inventory; flag_rule=caution; triggered=negative revenue growth; ROE below 5%; data=income:2025-12-31 annual; balance:2025-12-31 annual; cashflow:2025-12-31 annual; ths:2025-12-31 annual",https://data.eastmoney.com/gzfx/detail/002044.html,Eastmoney RPT_VALUEANALYSIS_DET latest TRADE_DATE=2026-07-01; PE_TTM/PB_MRQ/PS_TTM fetched via public datacenter API.,https://emweb.eastmoney.com/PC_HSF10/BusinessAnalysis/Index?code=SZ002044&type=web,东方财富F10经营分析/公开资料; evidence_date=2025-12-31; evidence_level=secondary_business_profile
002049,紫光国微,AI,conditional,transition,特种集成电路、智能安全芯片、石英晶体元器件等,芯片业务与AI产业链有间接相关性，但不是清晰AI算力业务。,70561733629.2,3022176028.21,4.4135,0.077312,0.260243,0.030743,false,false,44.437,5.2726,11.092,11.5177,21.86,55.559,11.1,0.5334,0.6895,0.365,27.4044,caution,pass,normal,主营为集成电路和安全芯片，AI相关性偏上游/间接。,AI主题收入未量化或仍属二级/转型业务，需复核收入占比、口径和持续披露；当前材料性标记为transition,expanded_candidate,https://push2his.eastmoney.com/api/qt/stock/kline/get?secid=0.002049&fields1=f1%2Cf2%2Cf3%2Cf4%2Cf5%2Cf6&fields2=f51%2Cf52%2Cf53%2Cf54%2Cf55%2Cf56%2Cf57%2Cf58%2Cf59%2Cf60%2Cf61&klt=101&fqt=0&beg=20250329&end=20260702,Eastmoney daily kline fqt=0; avg_amount_20d uses last 20 available trading rows; avg_turnover_20d is percent; returns are close-to-close; volatility_60d is daily return std | ok,https://data.eastmoney.com/bbsj/002049.html;http://basic.10jqka.com.cn/002049/finance.html,"basis=latest annual report preferred; units=percent for growth/margin/ROE/debt, ratio for cashflow/receivables/inventory; flag_rule=caution; triggered=receivables/revenue above 35%; data=income:2025-12-31 annual; balance:2025-12-31 annual; cashflow:2025-12-31 annual; ths:2025-12-31 annual",https://data.eastmoney.com/gzfx/detail/002049.html,Eastmoney RPT_VALUEANALYSIS_DET latest TRADE_DATE=2026-07-01; PE_TTM/PB_MRQ/PS_TTM fetched via public datacenter API.,https://emweb.eastmoney.com/PC_HSF10/BusinessAnalysis/Index?code=SZ002049&type=web,公开公司资料/F10经营分析; evidence_date=2025-12-31; evidence_level=secondary_business_profile
002049,紫光国微,商业航天,conditional,transition,特种集成电路、智能安全芯片、石英晶体元器件等,可能是航天电子上游供应链，但商业航天材料性证据不足。,70561733629.2,3022176028.21,4.4135,0.077312,0.260243,0.030743,false,false,44.437,5.2726,11.092,11.5177,21.86,55.559,11.1,0.5334,0.6895,0.365,27.4044,caution,pass,normal,高可靠芯片与航天链条有业务相关性，缺少商业航天收入占比。,商业航天主题收入未量化或仍属二级/转型业务，需复核收入占比、口径和持续披露；当前材料性标记为transition；现有证据对收入量化支持不足,expanded_candidate,https://push2his.eastmoney.com/api/qt/stock/kline/get?secid=0.002049&fields1=f1%2Cf2%2Cf3%2Cf4%2Cf5%2Cf6&fields2=f51%2Cf52%2Cf53%2Cf54%2Cf55%2Cf56%2Cf57%2Cf58%2Cf59%2Cf60%2Cf61&klt=101&fqt=0&beg=20250329&end=20260702,Eastmoney daily kline fqt=0; avg_amount_20d uses last 20 available trading rows; avg_turnover_20d is percent; returns are close-to-close; volatility_60d is daily return std | ok,https://data.eastmoney.com/bbsj/002049.html;http://basic.10jqka.com.cn/002049/finance.html,"basis=latest annual report preferred; units=percent for growth/margin/ROE/debt, ratio for cashflow/receivables/inventory; flag_rule=caution; triggered=receivables/revenue above 35%; data=income:2025-12-31 annual; balance:2025-12-31 annual; cashflow:2025-12-31 annual; ths:2025-12-31 annual",https://data.eastmoney.com/gzfx/detail/002049.html,Eastmoney RPT_VALUEANALYSIS_DET latest TRADE_DATE=2026-07-01; PE_TTM/PB_MRQ/PS_TTM fetched via public datacenter API.,https://emweb.eastmoney.com/PC_HSF10/BusinessAnalysis/Index?code=SZ002049&type=web,公开公司资料/F10经营分析; evidence_date=2025-12-31; evidence_level=secondary_business_profile
002065,东华软件,AI,conditional,transition,行业应用软件、系统集成、云计算和数据服务,软件公司具备AI应用和算力服务承接可能，但缺少主题收入拆分。,22855089333.75,285834150.27,1.3615,-0.042953,-0.102015,0.021493,false,false,47.4188,1.8535,1.8075,-2.9589,-4.49,20.7784,3.93,6.8315,0.5303,0.7421,50.0793,caution,pass,normal,AI概念有业务基础，但不能按核心算力股处理。,AI主题收入未量化或仍属二级/转型业务，需复核收入占比、口径和持续披露；当前材料性标记为transition,expanded_candidate,https://push2his.eastmoney.com/api/qt/stock/kline/get?secid=0.002065&fields1=f1%2Cf2%2Cf3%2Cf4%2Cf5%2Cf6&fields2=f51%2Cf52%2Cf53%2Cf54%2Cf55%2Cf56%2Cf57%2Cf58%2Cf59%2Cf60%2Cf61&klt=101&fqt=0&beg=20250329&end=20260702,Eastmoney daily kline fqt=0; avg_amount_20d uses last 20 available trading rows; avg_turnover_20d is percent; returns are close-to-close; volatility_60d is daily return std | ok,https://data.eastmoney.com/bbsj/002065.html;http://basic.10jqka.com.cn/002065/finance.html,"basis=latest annual report preferred; units=percent for growth/margin/ROE/debt, ratio for cashflow/receivables/inventory; flag_rule=caution; triggered=negative revenue growth; negative net profit growth; ROE below 5%; receivables/revenue above 35%; inventory/revenue above 50%; data=income:2025-12-31 annual; balance:2025-12-31 annual; cashflow:2025-12-31 annual; ths:2025-12-31 annual",https://data.eastmoney.com/gzfx/detail/002065.html,Eastmoney RPT_VALUEANALYSIS_DET latest TRADE_DATE=2026-07-01; PE_TTM/PB_MRQ/PS_TTM fetched via public datacenter API.,https://emweb.eastmoney.com/PC_HSF10/BusinessAnalysis/Index?code=SZ002065&type=web,东方财富F10经营分析/公开资料; evidence_date=2025-12-31; evidence_level=secondary_business_profile
002131,利欧股份,AI,conditional,transition,机械泵制造、数字营销和互联网广告服务,AIGC更多是营销工具或降本增效，不是清晰AI主营。,32572255561.43,1339269688.69,4.374,-0.172117,-0.354362,0.033405,false,false,-749.2414,2.4984,1.5807,-5.2907,113.01,8.7649,0.27,13.3707,0.2867,0.0339,40.8214,caution,pass,loss_or_negative,数字营销与AIGC应用相关，但主题收入贡献不清。,AI主题收入未量化或仍属二级/转型业务，需复核收入占比、口径和持续披露；当前材料性标记为transition,expanded_candidate,https://push2his.eastmoney.com/api/qt/stock/kline/get?secid=0.002131&fields1=f1%2Cf2%2Cf3%2Cf4%2Cf5%2Cf6&fields2=f51%2Cf52%2Cf53%2Cf54%2Cf55%2Cf56%2Cf57%2Cf58%2Cf59%2Cf60%2Cf61&klt=101&fqt=0&beg=20250329&end=20260702,Eastmoney daily kline fqt=0; avg_amount_20d uses last 20 available trading rows; avg_turnover_20d is percent; returns are close-to-close; volatility_60d is daily return std | ok,https://data.eastmoney.com/bbsj/002131.html;http://basic.10jqka.com.cn/002131/finance.html,"basis=latest annual report preferred; units=percent for growth/margin/ROE/debt, ratio for cashflow/receivables/inventory; flag_rule=caution; triggered=negative revenue growth; gross margin below 15%; ROE below 5%; data=income:2025-12-31 annual; balance:2025-12-31 annual; cashflow:2025-12-31 annual; ths:2025-12-31 annual",https://data.eastmoney.com/gzfx/detail/002131.html,Eastmoney RPT_VALUEANALYSIS_DET latest TRADE_DATE=2026-07-01; PE_TTM/PB_MRQ/PS_TTM fetched via public datacenter API.,https://emweb.eastmoney.com/PC_HSF10/BusinessAnalysis/Index?code=SZ002131&type=web,东方财富F10经营分析/公开资料; evidence_date=2025-12-31; evidence_level=secondary_business_profile
002212,天融信,AI,conditional,transition,网络安全、大数据安全、云安全及安全服务,AI可用于安全产品增强，但主营仍为网络安全。,6888010653.36,192997726.01,2.6975,-0.120482,-0.198903,0.024745,false,false,164.798,0.724,2.8031,-8.8114,-10.59,66.3027,0.77,2.2014,1.0377,0.1517,14.2445,caution,pass,high,AI安全方向有业务相邻性，收入贡献不清。,AI主题收入未量化或仍属二级/转型业务，需复核收入占比、口径和持续披露；当前材料性标记为transition,expanded_candidate,https://push2his.eastmoney.com/api/qt/stock/kline/get?secid=0.002212&fields1=f1%2Cf2%2Cf3%2Cf4%2Cf5%2Cf6&fields2=f51%2Cf52%2Cf53%2Cf54%2Cf55%2Cf56%2Cf57%2Cf58%2Cf59%2Cf60%2Cf61&klt=101&fqt=0&beg=20250329&end=20260702,Eastmoney daily kline fqt=0; avg_amount_20d uses last 20 available trading rows; avg_turnover_20d is percent; returns are close-to-close; volatility_60d is daily return std | ok,https://data.eastmoney.com/bbsj/002212.html;http://basic.10jqka.com.cn/002212/finance.html,"basis=latest annual report preferred; units=percent for growth/margin/ROE/debt, ratio for cashflow/receivables/inventory; flag_rule=caution; triggered=negative revenue growth; negative net profit growth; ROE below 5%; receivables/revenue above 35%; data=income:2025-12-31 annual; balance:2025-12-31 annual; cashflow:2025-12-31 annual; ths:2025-12-31 annual",https://data.eastmoney.com/gzfx/detail/002212.html,Eastmoney RPT_VALUEANALYSIS_DET latest TRADE_DATE=2026-07-01; PE_TTM/PB_MRQ/PS_TTM fetched via public datacenter API.,https://emweb.eastmoney.com/PC_HSF10/BusinessAnalysis/Index?code=SZ002212&type=web,东方财富F10经营分析/公开资料; evidence_date=2025-12-31; evidence_level=secondary_business_profile
002230,科大讯飞,AI,core,core,智能语音、认知大模型、教育/医疗/政企AI应用,AI是公司核心业务与品牌定位，不是单纯概念标签。,98197023900.08,2054089314.11,2.2155,-0.13955,-0.10898,0.022741,false,false,114.214,5.2277,3.5552,16.1174,49.85,42.3568,4.57,3.8219,0.6012,0.1118,55.7205,caution,pass,high,主营为智能语音与认知智能，AI主题明确。,虽为核心匹配，但专属主题收入未单独量化，需跟踪收入拆分和披露口径,watch_only,https://push2his.eastmoney.com/api/qt/stock/kline/get?secid=0.002230&fields1=f1%2Cf2%2Cf3%2Cf4%2Cf5%2Cf6&fields2=f51%2Cf52%2Cf53%2Cf54%2Cf55%2Cf56%2Cf57%2Cf58%2Cf59%2Cf60%2Cf61&klt=101&fqt=0&beg=20250329&end=20260702,Eastmoney daily kline fqt=0; avg_amount_20d uses last 20 available trading rows; avg_turnover_20d is percent; returns are close-to-close; volatility_60d is daily return std | ok,https://data.eastmoney.com/bbsj/002230.html;http://basic.10jqka.com.cn/002230/finance.html,"basis=latest annual report preferred; units=percent for growth/margin/ROE/debt, ratio for cashflow/receivables/inventory; flag_rule=caution; triggered=ROE below 5%; receivables/revenue above 35%; data=income:2025-12-31 annual; balance:2025-12-31 annual; cashflow:2025-12-31 annual; ths:2025-12-31 annual",https://data.eastmoney.com/gzfx/detail/002230.html,Eastmoney RPT_VALUEANALYSIS_DET latest TRADE_DATE=2026-07-01; PE_TTM/PB_MRQ/PS_TTM fetched via public datacenter API.,https://emweb.eastmoney.com/PC_HSF10/BusinessAnalysis/Index?code=SZ002230&type=web,公司公开资料/东方财富F10经营分析; evidence_date=2025-12-31; evidence_level=secondary_business_profile
002236,大华股份,AI,core,core,视频物联、智慧视觉、智能安防、机器视觉及相关解决方案,AI视觉和智能物联是核心产品能力，主题相关性强。,53158201323.24,591981733.07,1.5145,-0.043529,-0.032143,0.018577,false,false,13.89,1.4106,1.6234,1.749,32.77,40.6221,10.42,1.0129,0.4726,0.186,26.7977,caution,pass,normal,AI视觉能力嵌入主业，适合作为AI核心候选。,虽为核心匹配，但专属主题收入未单独量化，需跟踪收入拆分和披露口径,watch_only,https://push2his.eastmoney.com/api/qt/stock/kline/get?secid=0.002236&fields1=f1%2Cf2%2Cf3%2Cf4%2Cf5%2Cf6&fields2=f51%2Cf52%2Cf53%2Cf54%2Cf55%2Cf56%2Cf57%2Cf58%2Cf59%2Cf60%2Cf61&klt=101&fqt=0&beg=20250329&end=20260702,Eastmoney daily kline fqt=0; avg_amount_20d uses last 20 available trading rows; avg_turnover_20d is percent; returns are close-to-close; volatility_60d is daily return std | ok,https://data.eastmoney.com/bbsj/002236.html;http://basic.10jqka.com.cn/002236/finance.html,"basis=latest annual report preferred; units=percent for growth/margin/ROE/debt, ratio for cashflow/receivables/inventory; flag_rule=caution; triggered=receivables/revenue above 35%; data=income:2025-12-31 annual; balance:2025-12-31 annual; cashflow:2025-12-31 annual; ths:2025-12-31 annual",https://data.eastmoney.com/gzfx/detail/002236.html,Eastmoney RPT_VALUEANALYSIS_DET latest TRADE_DATE=2026-07-01; PE_TTM/PB_MRQ/PS_TTM fetched via public datacenter API.,https://emweb.eastmoney.com/PC_HSF10/BusinessAnalysis/Index?code=SZ002236&type=web,公司公开资料/东方财富F10经营分析; evidence_date=2025-12-31; evidence_level=secondary_business_profile
002279,久其软件,AI,conditional,transition,管理软件、电子政务、数据治理和企业数字化服务,AI主要是软件产品升级方向，收入贡献不明。,5112886745.03,192306477.83,3.658,-0.151862,-0.259074,0.029065,false,false,67.3768,3.6182,1.9972,-35.9283,128.76,40.8595,3.1,2.3161,0.2009,0.011,39.2375,caution,pass,normal,有AI应用空间，但不是AI核心主营。,AI主题收入未量化或仍属二级/转型业务，需复核收入占比、口径和持续披露；当前材料性标记为transition,expanded_candidate,https://push2his.eastmoney.com/api/qt/stock/kline/get?secid=0.002279&fields1=f1%2Cf2%2Cf3%2Cf4%2Cf5%2Cf6&fields2=f51%2Cf52%2Cf53%2Cf54%2Cf55%2Cf56%2Cf57%2Cf58%2Cf59%2Cf60%2Cf61&klt=101&fqt=0&beg=20250329&end=20260702,Eastmoney daily kline fqt=0; avg_amount_20d uses last 20 available trading rows; avg_turnover_20d is percent; returns are close-to-close; volatility_60d is daily return std | ok,https://data.eastmoney.com/bbsj/002279.html;http://basic.10jqka.com.cn/002279/finance.html,"basis=latest annual report preferred; units=percent for growth/margin/ROE/debt, ratio for cashflow/receivables/inventory; flag_rule=caution; triggered=negative revenue growth; ROE below 5%; data=income:2025-12-31 annual; balance:2025-12-31 annual; cashflow:2025-12-31 annual; ths:2025-12-31 annual",https://data.eastmoney.com/gzfx/detail/002279.html,Eastmoney RPT_VALUEANALYSIS_DET latest TRADE_DATE=2026-07-01; PE_TTM/PB_MRQ/PS_TTM fetched via public datacenter API.,https://emweb.eastmoney.com/PC_HSF10/BusinessAnalysis/Index?code=SZ002279&type=web,东方财富F10经营分析/公开资料; evidence_date=2025-12-31; evidence_level=secondary_business_profile
002315,焦点科技,AI,conditional,transition,跨境B2B电子商务平台、外贸综合服务和数字营销,AI更像电商平台工具升级，材料性待验证。,9938999758.9,145810584.66,2.26,-0.124273,-0.377583,0.043096,false,false,20.1932,3.4359,4.9667,15.1192,11.61,79.3816,20.6,1.7641,0.0078,0.0018,42.5214,pass,pass,normal,有AI应用叙事但收入贡献不清。,AI主题收入未量化或仍属二级/转型业务，需复核收入占比、口径和持续披露；当前材料性标记为transition,expanded_candidate,https://push2his.eastmoney.com/api/qt/stock/kline/get?secid=0.002315&fields1=f1%2Cf2%2Cf3%2Cf4%2Cf5%2Cf6&fields2=f51%2Cf52%2Cf53%2Cf54%2Cf55%2Cf56%2Cf57%2Cf58%2Cf59%2Cf60%2Cf61&klt=101&fqt=0&beg=20250329&end=20260702,Eastmoney daily kline fqt=0; avg_amount_20d uses last 20 available trading rows; avg_turnover_20d is percent; returns are close-to-close; volatility_60d is daily return std | ok,https://data.eastmoney.com/bbsj/002315.html;http://basic.10jqka.com.cn/002315/finance.html,"basis=latest annual report preferred; units=percent for growth/margin/ROE/debt, ratio for cashflow/receivables/inventory; flag_rule=pass; triggered=no quality threshold triggered; data=income:2025-12-31 annual; balance:2025-12-31 annual; cashflow:2025-12-31 annual; ths:2025-12-31 annual",https://data.eastmoney.com/gzfx/detail/002315.html,Eastmoney RPT_VALUEANALYSIS_DET latest TRADE_DATE=2026-07-01; PE_TTM/PB_MRQ/PS_TTM fetched via public datacenter API.,https://emweb.eastmoney.com/PC_HSF10/BusinessAnalysis/Index?code=SZ002315&type=web,东方财富F10经营分析/公开资料; evidence_date=2025-12-31; evidence_level=secondary_business_profile
002361,神剑股份,商业航天,conditional,transition,化工材料、复合材料及航空航天相关材料配套,可能是航天上游材料配套，但主题收入不清。,14046786492.13,2779149417.15,21.1955,-0.03653,-0.145749,0.051198,false,false,-3700.3588,6.4799,5.9408,0.0432,-60.48,13.4353,0.59,10.3406,0.5886,0.1264,51.4397,caution,pass,loss_or_negative,作为上游材料可条件观察，不能直接核心。,商业航天主题收入未量化或仍属二级/转型业务，需复核收入占比、口径和持续披露；当前材料性标记为transition,expanded_candidate,https://push2his.eastmoney.com/api/qt/stock/kline/get?secid=0.002361&fields1=f1%2Cf2%2Cf3%2Cf4%2Cf5%2Cf6&fields2=f51%2Cf52%2Cf53%2Cf54%2Cf55%2Cf56%2Cf57%2Cf58%2Cf59%2Cf60%2Cf61&klt=101&fqt=0&beg=20250329&end=20260702,Eastmoney daily kline fqt=0; avg_amount_20d uses last 20 available trading rows; avg_turnover_20d is percent; returns are close-to-close; volatility_60d is daily return std | ok,https://data.eastmoney.com/bbsj/002361.html;http://basic.10jqka.com.cn/002361/finance.html,"basis=latest annual report preferred; units=percent for growth/margin/ROE/debt, ratio for cashflow/receivables/inventory; flag_rule=caution; triggered=negative net profit growth; gross margin below 15%; ROE below 5%; receivables/revenue above 35%; data=income:2025-12-31 annual; balance:2025-12-31 annual; cashflow:2025-12-31 annual; ths:2025-12-31 annual",https://data.eastmoney.com/gzfx/detail/002361.html,Eastmoney RPT_VALUEANALYSIS_DET latest TRADE_DATE=2026-07-01; PE_TTM/PB_MRQ/PS_TTM fetched via public datacenter API.,https://emweb.eastmoney.com/PC_HSF10/BusinessAnalysis/Index?code=SZ002361&type=web,东方财富F10经营分析/公开资料; evidence_date=2025-12-31; evidence_level=secondary_business_profile
002373,千方科技,AI,conditional,transition,智能交通、视频AI、城市交通大数据和物联网解决方案,AI是智能交通能力的一部分，但主题收入贡献不清。,11440562676.6,159828765.08,1.5455,-0.069409,-0.237092,0.023115,false,false,225.014,1.0003,1.4542,13.3526,122.51,31.2042,2.37,2.8922,0.4666,0.2329,33.5577,caution,pass,high,AI应用与主业结合，适合扩展池。,AI主题收入未量化或仍属二级/转型业务，需复核收入占比、口径和持续披露；当前材料性标记为transition,expanded_candidate,https://push2his.eastmoney.com/api/qt/stock/kline/get?secid=0.002373&fields1=f1%2Cf2%2Cf3%2Cf4%2Cf5%2Cf6&fields2=f51%2Cf52%2Cf53%2Cf54%2Cf55%2Cf56%2Cf57%2Cf58%2Cf59%2Cf60%2Cf61&klt=101&fqt=0&beg=20250329&end=20260702,Eastmoney daily kline fqt=0; avg_amount_20d uses last 20 available trading rows; avg_turnover_20d is percent; returns are close-to-close; volatility_60d is daily return std | ok,https://data.eastmoney.com/bbsj/002373.html;http://basic.10jqka.com.cn/002373/finance.html,"basis=latest annual report preferred; units=percent for growth/margin/ROE/debt, ratio for cashflow/receivables/inventory; flag_rule=caution; triggered=ROE below 5%; receivables/revenue above 35%; data=income:2025-12-31 annual; balance:2025-12-31 annual; cashflow:2025-12-31 annual; ths:2025-12-31 annual",https://data.eastmoney.com/gzfx/detail/002373.html,Eastmoney RPT_VALUEANALYSIS_DET latest TRADE_DATE=2026-07-01; PE_TTM/PB_MRQ/PS_TTM fetched via public datacenter API.,https://emweb.eastmoney.com/PC_HSF10/BusinessAnalysis/Index?code=SZ002373&type=web,东方财富F10经营分析/公开资料; evidence_date=2025-12-31; evidence_level=secondary_business_profile
002396,星网锐捷,AI,conditional,transition,网络通信设备、云终端、智慧网络和企业级ICT产品,ICT设备与AI基础设施相邻，但不是纯AI业务。,15804319850.16,570133886.41,3.8705,-0.070246,-0.190495,0.052372,false,false,39.7064,2.2851,0.8194,14.3126,1.05,32.241,6.01,5.113,0.1698,0.21,42.3658,pass,pass,normal,具备AI基础设施相邻性，适合扩展池。,AI主题收入未量化或仍属二级/转型业务，需复核收入占比、口径和持续披露；当前材料性标记为transition,expanded_candidate,https://push2his.eastmoney.com/api/qt/stock/kline/get?secid=0.002396&fields1=f1%2Cf2%2Cf3%2Cf4%2Cf5%2Cf6&fields2=f51%2Cf52%2Cf53%2Cf54%2Cf55%2Cf56%2Cf57%2Cf58%2Cf59%2Cf60%2Cf61&klt=101&fqt=0&beg=20250329&end=20260702,Eastmoney daily kline fqt=0; avg_amount_20d uses last 20 available trading rows; avg_turnover_20d is percent; returns are close-to-close; volatility_60d is daily return std | ok,https://data.eastmoney.com/bbsj/002396.html;http://basic.10jqka.com.cn/002396/finance.html,"basis=latest annual report preferred; units=percent for growth/margin/ROE/debt, ratio for cashflow/receivables/inventory; flag_rule=pass; triggered=no quality threshold triggered; data=income:2025-12-31 annual; balance:2025-12-31 annual; cashflow:2025-12-31 annual; ths:2025-12-31 annual",https://data.eastmoney.com/gzfx/detail/002396.html,Eastmoney RPT_VALUEANALYSIS_DET latest TRADE_DATE=2026-07-01; PE_TTM/PB_MRQ/PS_TTM fetched via public datacenter API.,https://emweb.eastmoney.com/PC_HSF10/BusinessAnalysis/Index?code=SZ002396&type=web,东方财富F10经营分析/公开资料; evidence_date=2025-12-31; evidence_level=secondary_business_profile
002410,广联达,AI,conditional,transition,建筑工程造价、施工管理和数字建筑平台软件,AI是软件能力增强项，非单独核心收入。,13876332472.8,244204204.83,1.7665,-0.135802,-0.237057,0.021825,false,false,33.8477,2.2806,2.2991,-2.2806,61.77,85.9493,6.8,2.6091,0.1372,0.0058,39.048,caution,pass,normal,应用层AI，适合扩展池。,AI主题收入未量化或仍属二级/转型业务，需复核收入占比、口径和持续披露；当前材料性标记为transition,expanded_candidate,https://push2his.eastmoney.com/api/qt/stock/kline/get?secid=0.002410&fields1=f1%2Cf2%2Cf3%2Cf4%2Cf5%2Cf6&fields2=f51%2Cf52%2Cf53%2Cf54%2Cf55%2Cf56%2Cf57%2Cf58%2Cf59%2Cf60%2Cf61&klt=101&fqt=0&beg=20250329&end=20260702,Eastmoney daily kline fqt=0; avg_amount_20d uses last 20 available trading rows; avg_turnover_20d is percent; returns are close-to-close; volatility_60d is daily return std | ok,https://data.eastmoney.com/bbsj/002410.html;http://basic.10jqka.com.cn/002410/finance.html,"basis=latest annual report preferred; units=percent for growth/margin/ROE/debt, ratio for cashflow/receivables/inventory; flag_rule=caution; triggered=negative revenue growth; data=income:2025-12-31 annual; balance:2025-12-31 annual; cashflow:2025-12-31 annual; ths:2025-12-31 annual",https://data.eastmoney.com/gzfx/detail/002410.html,Eastmoney RPT_VALUEANALYSIS_DET latest TRADE_DATE=2026-07-01; PE_TTM/PB_MRQ/PS_TTM fetched via public datacenter API.,https://emweb.eastmoney.com/PC_HSF10/BusinessAnalysis/Index?code=SZ002410&type=web,东方财富F10经营分析/公开资料; evidence_date=2025-12-31; evidence_level=secondary_business_profile
002446,盛路通信,商业航天,conditional,transition,通信天线、微波器件、军工电子和卫星通信相关产品,微波通信和卫星通信链条相关，业务证据较强但收入占比待核。,10344197681.2,810574941.96,8.706,0.158974,0.151886,0.038025,false,false,147.128,4.0209,8.5499,11.5105,109.29,30.0635,2.79,2.7207,0.6693,0.4357,32.4191,caution,pass,high,卫星通信/微波器件相关性较直接，适合条件纳入。,商业航天主题收入未量化或仍属二级/转型业务，需复核收入占比、口径和持续披露；当前材料性标记为transition,expanded_candidate,https://push2his.eastmoney.com/api/qt/stock/kline/get?secid=0.002446&fields1=f1%2Cf2%2Cf3%2Cf4%2Cf5%2Cf6&fields2=f51%2Cf52%2Cf53%2Cf54%2Cf55%2Cf56%2Cf57%2Cf58%2Cf59%2Cf60%2Cf61&klt=101&fqt=0&beg=20250329&end=20260702,Eastmoney daily kline fqt=0; avg_amount_20d uses last 20 available trading rows; avg_turnover_20d is percent; returns are close-to-close; volatility_60d is daily return std | ok,https://data.eastmoney.com/bbsj/002446.html;http://basic.10jqka.com.cn/002446/finance.html,"basis=latest annual report preferred; units=percent for growth/margin/ROE/debt, ratio for cashflow/receivables/inventory; flag_rule=caution; triggered=ROE below 5%; receivables/revenue above 35%; data=income:2025-12-31 annual; balance:2025-12-31 annual; cashflow:2025-12-31 annual; ths:2025-12-31 annual",https://data.eastmoney.com/gzfx/detail/002446.html,Eastmoney RPT_VALUEANALYSIS_DET latest TRADE_DATE=2026-07-01; PE_TTM/PB_MRQ/PS_TTM fetched via public datacenter API.,https://emweb.eastmoney.com/PC_HSF10/BusinessAnalysis/Index?code=SZ002446&type=web,东方财富F10经营分析/公开资料; evidence_date=2025-12-31; evidence_level=secondary_business_profile
002544,普天科技,商业航天,conditional,transition,信息通信网络建设、智慧应用、专网通信及行业信息化,ICT业务与卫星互联网相邻，但直接商业航天收入不清。,12474186203.7,269562941.89,2.0515,-0.125894,-0.269139,0.023311,false,false,501.5029,3.3576,2.5744,-1.7541,124.39,15.4034,0.67,11.0691,0.6797,0.2314,58.7637,caution,pass,high,适合作为卫星互联网产业链扩展项，非核心。,商业航天主题收入未量化或仍属二级/转型业务，需复核收入占比、口径和持续披露；当前材料性标记为transition,expanded_candidate,https://push2his.eastmoney.com/api/qt/stock/kline/get?secid=0.002544&fields1=f1%2Cf2%2Cf3%2Cf4%2Cf5%2Cf6&fields2=f51%2Cf52%2Cf53%2Cf54%2Cf55%2Cf56%2Cf57%2Cf58%2Cf59%2Cf60%2Cf61&klt=101&fqt=0&beg=20250329&end=20260702,Eastmoney daily kline fqt=0; avg_amount_20d uses last 20 available trading rows; avg_turnover_20d is percent; returns are close-to-close; volatility_60d is daily return std | ok,https://data.eastmoney.com/bbsj/002544.html;http://basic.10jqka.com.cn/002544/finance.html,"basis=latest annual report preferred; units=percent for growth/margin/ROE/debt, ratio for cashflow/receivables/inventory; flag_rule=caution; triggered=negative revenue growth; ROE below 5%; receivables/revenue above 35%; data=income:2025-12-31 annual; balance:2025-12-31 annual; cashflow:2025-12-31 annual; ths:2025-12-31 annual",https://data.eastmoney.com/gzfx/detail/002544.html,Eastmoney RPT_VALUEANALYSIS_DET latest TRADE_DATE=2026-07-01; PE_TTM/PB_MRQ/PS_TTM fetched via public datacenter API.,https://emweb.eastmoney.com/PC_HSF10/BusinessAnalysis/Index?code=SZ002544&type=web,东方财富F10经营分析/公开资料; evidence_date=2025-12-31; evidence_level=secondary_business_profile
002558,巨人网络,AI,conditional,transition,网络游戏研发运营、互联网文娱和AI游戏相关探索,AI可用于游戏内容生产和运营，但主题收入不清。,53120707089.45,1689629811.28,3.423,0.092224,-0.179148,0.031138,false,false,21.4812,3.2744,8.0313,72.6874,23.13,91.0333,12.45,1.7014,0.0403,unknown,18.6699,pass,pass,normal,AI应用层相关，扩展池/观察。,AI主题收入未量化或仍属二级/转型业务，需复核收入占比、口径和持续披露；当前材料性标记为transition,expanded_candidate,https://push2his.eastmoney.com/api/qt/stock/kline/get?secid=0.002558&fields1=f1%2Cf2%2Cf3%2Cf4%2Cf5%2Cf6&fields2=f51%2Cf52%2Cf53%2Cf54%2Cf55%2Cf56%2Cf57%2Cf58%2Cf59%2Cf60%2Cf61&klt=101&fqt=0&beg=20250329&end=20260702,Eastmoney daily kline fqt=0; avg_amount_20d uses last 20 available trading rows; avg_turnover_20d is percent; returns are close-to-close; volatility_60d is daily return std | ok,https://data.eastmoney.com/bbsj/002558.html;http://basic.10jqka.com.cn/002558/finance.html,"basis=latest annual report preferred; units=percent for growth/margin/ROE/debt, ratio for cashflow/receivables/inventory; flag_rule=pass; triggered=no quality threshold triggered; data=income:2025-12-31 annual; balance:2025-12-31 annual; cashflow:2025-12-31 annual; ths:2025-12-31 annual",https://data.eastmoney.com/gzfx/detail/002558.html,Eastmoney RPT_VALUEANALYSIS_DET latest TRADE_DATE=2026-07-01; PE_TTM/PB_MRQ/PS_TTM fetched via public datacenter API.,https://emweb.eastmoney.com/PC_HSF10/BusinessAnalysis/Index?code=SZ002558&type=web,东方财富F10经营分析/公开资料; evidence_date=2025-12-31; evidence_level=secondary_business_profile
002649,博彦科技,AI,conditional,transition,IT咨询、软件开发、数字化解决方案和外包服务,公司具备AI数据、软件和行业解决方案能力，但AI收入贡献不清晰。,4897077924.96,99570104.86,2.1175,-0.132984,-0.276224,0.023657,false,false,111.5225,1.1812,0.7488,-3.1903,-16.2,22.3382,2.51,2.9114,0.2721,0.0236,26.1518,caution,caution,high,主营为软件及IT服务，AI更像行业解决方案能力，适合作为扩展池而非核心AI股。,AI主题收入未量化或仍属二级/转型业务，需复核收入占比、口径和持续披露；当前材料性标记为transition,manual_check,https://push2his.eastmoney.com/api/qt/stock/kline/get?secid=0.002649&fields1=f1%2Cf2%2Cf3%2Cf4%2Cf5%2Cf6&fields2=f51%2Cf52%2Cf53%2Cf54%2Cf55%2Cf56%2Cf57%2Cf58%2Cf59%2Cf60%2Cf61&klt=101&fqt=0&beg=20250329&end=20260702,Eastmoney daily kline fqt=0; avg_amount_20d uses last 20 available trading rows; avg_turnover_20d is percent; returns are close-to-close; volatility_60d is daily return std | ok,https://data.eastmoney.com/bbsj/002649.html;http://basic.10jqka.com.cn/002649/finance.html,"basis=latest annual report preferred; units=percent for growth/margin/ROE/debt, ratio for cashflow/receivables/inventory; flag_rule=caution; triggered=negative revenue growth; negative net profit growth; ROE below 5%; data=income:2025-12-31 annual; balance:2025-12-31 annual; cashflow:2025-12-31 annual; ths:2025-12-31 annual",https://data.eastmoney.com/gzfx/detail/002649.html,Eastmoney RPT_VALUEANALYSIS_DET latest TRADE_DATE=2026-07-01; PE_TTM/PB_MRQ/PS_TTM fetched via public datacenter API.,https://vip.stock.finance.sina.com.cn/corp/go.php/vCI_CorpInfo/stockid/002649.phtml,新浪财经F10公司资料; evidence_date=2025-12-31; evidence_level=secondary_business_profile
002757,南兴股份,AI,conditional,transition,板式家具机械、自动化设备和IDC/云计算服务,IDC和云计算业务使其与算力基础设施有真实关联，但AI算力材料性不清晰。,5409797767.03,326068901.5,5.653,-0.221182,-0.058128,0.045298,false,false,45.0138,2.6293,1.5914,2.4013,168.52,15.9645,5.95,3.7827,0.1828,0.0846,41.5733,pass,pass,normal,IDC/云计算业务提供算力相关基础，但公司并非纯AI服务器或智算中心公司。,AI主题收入未量化或仍属二级/转型业务，需复核收入占比、口径和持续披露；当前材料性标记为transition,expanded_candidate,https://push2his.eastmoney.com/api/qt/stock/kline/get?secid=0.002757&fields1=f1%2Cf2%2Cf3%2Cf4%2Cf5%2Cf6&fields2=f51%2Cf52%2Cf53%2Cf54%2Cf55%2Cf56%2Cf57%2Cf58%2Cf59%2Cf60%2Cf61&klt=101&fqt=0&beg=20250329&end=20260702,Eastmoney daily kline fqt=0; avg_amount_20d uses last 20 available trading rows; avg_turnover_20d is percent; returns are close-to-close; volatility_60d is daily return std | ok,https://data.eastmoney.com/bbsj/002757.html;http://basic.10jqka.com.cn/002757/finance.html,"basis=latest annual report preferred; units=percent for growth/margin/ROE/debt, ratio for cashflow/receivables/inventory; flag_rule=pass; triggered=no quality threshold triggered; data=income:2025-12-31 annual; balance:2025-12-31 annual; cashflow:2025-12-31 annual; ths:2025-12-31 annual",https://data.eastmoney.com/gzfx/detail/002757.html,Eastmoney RPT_VALUEANALYSIS_DET latest TRADE_DATE=2026-07-01; PE_TTM/PB_MRQ/PS_TTM fetched via public datacenter API.,https://emweb.securities.eastmoney.com/PC_HSF10/BusinessAnalysis/Index?type=web&code=SZ002757,"东方财富F10经营分析; evidence_date=2025/12/31; evidence_level=secondary_financial_data; manual_change: conditional->conditional, materiality transition->transition"
002792,通宇通讯,商业航天,conditional,transition,基站天线、微波天线、射频器件和卫星通信天线,卫星通信天线与商业航天链条直接相关，但公司主业仍是通信天线设备。,18947149205.1,951408498.52,7.5465,-0.096202,-0.122513,0.042315,false,false,1103.5359,6.6576,16.4831,-7.0093,-0.62,20.1712,1.47,0.0526,0.4246,0.2198,21.0243,caution,pass,high,公司为通信天线厂商，卫星通信/卫星互联网产品提供真实航天相关性，但贡献未披露。,商业航天主题收入未量化或仍属二级/转型业务，需复核收入占比、口径和持续披露；当前材料性标记为transition；现有证据对收入量化支持不足,expanded_candidate,https://push2his.eastmoney.com/api/qt/stock/kline/get?secid=0.002792&fields1=f1%2Cf2%2Cf3%2Cf4%2Cf5%2Cf6&fields2=f51%2Cf52%2Cf53%2Cf54%2Cf55%2Cf56%2Cf57%2Cf58%2Cf59%2Cf60%2Cf61&klt=101&fqt=0&beg=20250329&end=20260702,Eastmoney daily kline fqt=0; avg_amount_20d uses last 20 available trading rows; avg_turnover_20d is percent; returns are close-to-close; volatility_60d is daily return std | ok,https://data.eastmoney.com/bbsj/002792.html;http://basic.10jqka.com.cn/002792/finance.html,"basis=latest annual report preferred; units=percent for growth/margin/ROE/debt, ratio for cashflow/receivables/inventory; flag_rule=caution; triggered=negative revenue growth; negative net profit growth; ROE below 5%; operating cashflow/net profit below 0.5; receivables/revenue above 35%; data=income:2025-12-31 annual; balance:2025-12-31 annual; cashflow:2025-12-31 annual; ths:2025-12-31 annual",https://data.eastmoney.com/gzfx/detail/002792.html,Eastmoney RPT_VALUEANALYSIS_DET latest TRADE_DATE=2026-07-01; PE_TTM/PB_MRQ/PS_TTM fetched via public datacenter API.,https://emweb.securities.eastmoney.com/PC_HSF10/BusinessAnalysis/Index?type=web&code=SZ002792,东方财富F10经营分析; evidence_date=2025-12-31; evidence_level=secondary_business_profile
002881,美格智能,AI,conditional,transition,无线通信模组、智能模组、物联网终端和算力模组,智能模组、边缘计算和AIoT业务与AI硬件应用直接相关，但不宜认定为纯核心AI收入。,11877066044.0,412703310.58,5.5085,-0.083022,0.069059,0.037227,false,false,84.6198,4.4409,3.2919,27.3939,5.27,14.1214,8.74,0.2277,0.1327,0.2404,42.6205,caution,pass,high,公司主营通信/智能模组，AI模组具备真实商业场景但贡献未量化。,AI主题收入未量化或仍属二级/转型业务，需复核收入占比、口径和持续披露；当前材料性标记为transition,expanded_candidate,https://push2his.eastmoney.com/api/qt/stock/kline/get?secid=0.002881&fields1=f1%2Cf2%2Cf3%2Cf4%2Cf5%2Cf6&fields2=f51%2Cf52%2Cf53%2Cf54%2Cf55%2Cf56%2Cf57%2Cf58%2Cf59%2Cf60%2Cf61&klt=101&fqt=0&beg=20250329&end=20260702,Eastmoney daily kline fqt=0; avg_amount_20d uses last 20 available trading rows; avg_turnover_20d is percent; returns are close-to-close; volatility_60d is daily return std | ok,https://data.eastmoney.com/bbsj/002881.html;http://basic.10jqka.com.cn/002881/finance.html,"basis=latest annual report preferred; units=percent for growth/margin/ROE/debt, ratio for cashflow/receivables/inventory; flag_rule=caution; triggered=gross margin below 15%; operating cashflow/net profit below 0.5; data=income:2025-12-31 annual; balance:2025-12-31 annual; cashflow:2025-12-31 annual; ths:2025-12-31 annual",https://data.eastmoney.com/gzfx/detail/002881.html,Eastmoney RPT_VALUEANALYSIS_DET latest TRADE_DATE=2026-07-01; PE_TTM/PB_MRQ/PS_TTM fetched via public datacenter API.,https://emweb.securities.eastmoney.com/PC_HSF10/BusinessAnalysis/Index?type=web&code=SZ002881,"东方财富F10经营分析; evidence_date=2025/12/31; evidence_level=secondary_business_profile; manual_change: conditional->conditional, materiality transition->transition"
002912,中新赛克,AI,conditional,transition,网络可视化、网络安全、大数据分析和政企信息安全产品,AI用于网络安全和数据分析，业务真实但嵌入式、未披露AI收入。,3193062400.0,50123614.69,1.5975,-0.099229,-0.290323,0.025812,false,false,119.5638,1.9725,4.192,14.0329,15.83,71.1754,4.09,1.3723,0.3681,0.3242,19.4925,caution,caution,high,安全与大数据业务具备AI应用基础，但不是可量化核心AI收入分部。,AI主题收入未量化或仍属二级/转型业务，需复核收入占比、口径和持续披露；当前材料性标记为transition,manual_check,https://push2his.eastmoney.com/api/qt/stock/kline/get?secid=0.002912&fields1=f1%2Cf2%2Cf3%2Cf4%2Cf5%2Cf6&fields2=f51%2Cf52%2Cf53%2Cf54%2Cf55%2Cf56%2Cf57%2Cf58%2Cf59%2Cf60%2Cf61&klt=101&fqt=0&beg=20250329&end=20260702,Eastmoney daily kline fqt=0; avg_amount_20d uses last 20 available trading rows; avg_turnover_20d is percent; returns are close-to-close; volatility_60d is daily return std | ok,https://data.eastmoney.com/bbsj/002912.html;http://basic.10jqka.com.cn/002912/finance.html,"basis=latest annual report preferred; units=percent for growth/margin/ROE/debt, ratio for cashflow/receivables/inventory; flag_rule=caution; triggered=ROE below 5%; receivables/revenue above 35%; data=income:2025-12-31 annual; balance:2025-12-31 annual; cashflow:2025-12-31 annual; ths:2025-12-31 annual",https://data.eastmoney.com/gzfx/detail/002912.html,Eastmoney RPT_VALUEANALYSIS_DET latest TRADE_DATE=2026-07-01; PE_TTM/PB_MRQ/PS_TTM fetched via public datacenter API.,https://vip.stock.finance.sina.com.cn/corp/go.php/vCI_CorpInfo/stockid/002912.phtml,新浪财经F10公司资料; evidence_date=2025-12-31; evidence_level=secondary_business_profile
002929,润建股份,AI,conditional,transition,通信网络运维、数字化服务、IDC/算力和新能源运维,公司与算力基础设施建设运营有关，AI属性主要来自算力承载而非AI模型产品。,20384289916.98,1474735200.82,10.6125,0.041533,0.523422,0.055138,false,false,-1119.4572,3.3215,2.1508,12.5037,-84.62,12.2285,0.6,7.5857,0.5766,0.1791,69.365,caution,pass,loss_or_negative,算力/IDC业务真实，但主体收入仍是通信运维和数字化服务。,AI主题收入未量化或仍属二级/转型业务，需复核收入占比、口径和持续披露；当前材料性标记为transition,expanded_candidate,https://push2his.eastmoney.com/api/qt/stock/kline/get?secid=0.002929&fields1=f1%2Cf2%2Cf3%2Cf4%2Cf5%2Cf6&fields2=f51%2Cf52%2Cf53%2Cf54%2Cf55%2Cf56%2Cf57%2Cf58%2Cf59%2Cf60%2Cf61&klt=101&fqt=0&beg=20250329&end=20260702,Eastmoney daily kline fqt=0; avg_amount_20d uses last 20 available trading rows; avg_turnover_20d is percent; returns are close-to-close; volatility_60d is daily return std | ok,https://data.eastmoney.com/bbsj/002929.html;http://basic.10jqka.com.cn/002929/finance.html,"basis=latest annual report preferred; units=percent for growth/margin/ROE/debt, ratio for cashflow/receivables/inventory; flag_rule=caution; triggered=negative net profit growth; gross margin below 15%; ROE below 5%; receivables/revenue above 35%; data=income:2025-12-31 annual; balance:2025-12-31 annual; cashflow:2025-12-31 annual; ths:2025-12-31 annual",https://data.eastmoney.com/gzfx/detail/002929.html,Eastmoney RPT_VALUEANALYSIS_DET latest TRADE_DATE=2026-07-01; PE_TTM/PB_MRQ/PS_TTM fetched via public datacenter API.,https://emweb.securities.eastmoney.com/PC_HSF10/BusinessAnalysis/Index?type=web&code=SZ002929,东方财富F10经营分析; evidence_date=2025-12-31; evidence_level=secondary_financial_data
002935,天奥电子,商业航天,core,core,时间频率产品、北斗卫星应用、航空电子和军工电子设备,北斗授时、卫星导航应用和航天电子属性明确，是商业航天链条的核心候选。,9661055132.24,217236153.99,2.4765,0.194546,0.249589,0.032818,false,false,147.6716,6.0433,9.8738,1.6471,0.96,22.3217,4.03,0.9177,0.8485,0.8602,46.8884,caution,pass,high,主营产品直接覆盖时间频率、北斗和航天军工电子，商业航天材料性较强。,虽为核心匹配，但专属主题收入未单独量化，需跟踪收入拆分和披露口径,watch_only,https://push2his.eastmoney.com/api/qt/stock/kline/get?secid=0.002935&fields1=f1%2Cf2%2Cf3%2Cf4%2Cf5%2Cf6&fields2=f51%2Cf52%2Cf53%2Cf54%2Cf55%2Cf56%2Cf57%2Cf58%2Cf59%2Cf60%2Cf61&klt=101&fqt=0&beg=20250329&end=20260702,Eastmoney daily kline fqt=0; avg_amount_20d uses last 20 available trading rows; avg_turnover_20d is percent; returns are close-to-close; volatility_60d is daily return std | ok,https://data.eastmoney.com/bbsj/002935.html;http://basic.10jqka.com.cn/002935/finance.html,"basis=latest annual report preferred; units=percent for growth/margin/ROE/debt, ratio for cashflow/receivables/inventory; flag_rule=caution; triggered=ROE below 5%; receivables/revenue above 35%; inventory/revenue above 50%; data=income:2025-12-31 annual; balance:2025-12-31 annual; cashflow:2025-12-31 annual; ths:2025-12-31 annual",https://data.eastmoney.com/gzfx/detail/002935.html,Eastmoney RPT_VALUEANALYSIS_DET latest TRADE_DATE=2026-07-01; PE_TTM/PB_MRQ/PS_TTM fetched via public datacenter API.,https://emweb.securities.eastmoney.com/PC_HSF10/BusinessAnalysis/Index?type=web&code=SZ002935,东方财富F10经营分析; evidence_date=2025-12-31; evidence_level=secondary_business_profile
002987,京北方,AI,conditional,transition,金融机构IT外包、软件开发、运营和数据处理服务,AI在金融IT场景具备商业应用，但仍属于行业软件服务能力的一部分。,10263788514.52,215954797.57,1.869,-0.138112,-0.388337,0.03395,false,false,33.698,3.4296,2.1342,4.376,5.06,22.9175,11.32,1.4191,0.1426,0.0133,16.3138,pass,pass,normal,金融IT服务主业可承载AI应用，但AI收入未披露，适合条件纳入。,AI主题收入未量化或仍属二级/转型业务，需复核收入占比、口径和持续披露；当前材料性标记为transition；现有证据对收入量化支持不足,expanded_candidate,https://push2his.eastmoney.com/api/qt/stock/kline/get?secid=0.002987&fields1=f1%2Cf2%2Cf3%2Cf4%2Cf5%2Cf6&fields2=f51%2Cf52%2Cf53%2Cf54%2Cf55%2Cf56%2Cf57%2Cf58%2Cf59%2Cf60%2Cf61&klt=101&fqt=0&beg=20250329&end=20260702,Eastmoney daily kline fqt=0; avg_amount_20d uses last 20 available trading rows; avg_turnover_20d is percent; returns are close-to-close; volatility_60d is daily return std | ok,https://data.eastmoney.com/bbsj/002987.html;http://basic.10jqka.com.cn/002987/finance.html,"basis=latest annual report preferred; units=percent for growth/margin/ROE/debt, ratio for cashflow/receivables/inventory; flag_rule=pass; triggered=no quality threshold triggered; data=income:2025-12-31 annual; balance:2025-12-31 annual; cashflow:2025-12-31 annual; ths:2025-12-31 annual",https://data.eastmoney.com/gzfx/detail/002987.html,Eastmoney RPT_VALUEANALYSIS_DET latest TRADE_DATE=2026-07-01; PE_TTM/PB_MRQ/PS_TTM fetched via public datacenter API.,https://vip.stock.finance.sina.com.cn/corp/go.php/vCI_CorpInfo/stockid/002987.phtml,新浪财经F10公司资料; evidence_date=2025-12-31; evidence_level=secondary_business_profile
300002,神州泰岳,AI,conditional,transition,ICT运营管理软件、游戏、物联网通信和AI/NLP相关软件,公司有自然语言处理和行业AI能力，但收入结构仍较分散，AI材料性不够透明。,15521001802.74,411905794.67,2.964,0.008951,-0.151613,0.027661,false,false,21.0943,1.981,2.6248,-9.7886,-43.86,57.7115,10.94,1.4242,0.13,0.0304,12.6497,caution,pass,normal,AI/NLP能力真实存在，但相对游戏和ICT软件主业的收入贡献不明确。,AI主题收入未量化或仍属二级/转型业务，需复核收入占比、口径和持续披露；当前材料性标记为transition,expanded_candidate,https://push2his.eastmoney.com/api/qt/stock/kline/get?secid=0.300002&fields1=f1%2Cf2%2Cf3%2Cf4%2Cf5%2Cf6&fields2=f51%2Cf52%2Cf53%2Cf54%2Cf55%2Cf56%2Cf57%2Cf58%2Cf59%2Cf60%2Cf61&klt=101&fqt=0&beg=20250329&end=20260702,Eastmoney daily kline fqt=0; avg_amount_20d uses last 20 available trading rows; avg_turnover_20d is percent; returns are close-to-close; volatility_60d is daily return std | ok,https://data.eastmoney.com/bbsj/300002.html;http://basic.10jqka.com.cn/300002/finance.html,"basis=latest annual report preferred; units=percent for growth/margin/ROE/debt, ratio for cashflow/receivables/inventory; flag_rule=caution; triggered=negative revenue growth; negative net profit growth; data=income:2025-12-31 annual; balance:2025-12-31 annual; cashflow:2025-12-31 annual; ths:2025-12-31 annual",https://data.eastmoney.com/gzfx/detail/300002.html,Eastmoney RPT_VALUEANALYSIS_DET latest TRADE_DATE=2026-07-01; PE_TTM/PB_MRQ/PS_TTM fetched via public datacenter API.,https://vip.stock.finance.sina.com.cn/corp/go.php/vCI_CorpInfo/stockid/300002.phtml,新浪财经F10公司资料; evidence_date=2025-12-31; evidence_level=secondary_business_profile
300017,网宿科技,AI,conditional,transition,CDN、边缘计算、云安全、云计算和数据中心服务,云分发和边缘计算可服务AI应用，具备算力基础设施属性，但不是纯AI服务器或模型公司。,32918082208.63,1667057793.7,5.0195,-0.140717,-0.203021,0.042689,false,false,45.7384,3.1567,7.3362,-5.4988,18.53,35.538,7.84,1.232,0.2509,0.0002,12.9998,caution,pass,normal,云服务和边缘计算是真实业务，AI收入材料性未量化。,AI主题收入未量化或仍属二级/转型业务，需复核收入占比、口径和持续披露；当前材料性标记为transition,expanded_candidate,https://push2his.eastmoney.com/api/qt/stock/kline/get?secid=0.300017&fields1=f1%2Cf2%2Cf3%2Cf4%2Cf5%2Cf6&fields2=f51%2Cf52%2Cf53%2Cf54%2Cf55%2Cf56%2Cf57%2Cf58%2Cf59%2Cf60%2Cf61&klt=101&fqt=0&beg=20250329&end=20260702,Eastmoney daily kline fqt=0; avg_amount_20d uses last 20 available trading rows; avg_turnover_20d is percent; returns are close-to-close; volatility_60d is daily return std | ok,https://data.eastmoney.com/bbsj/300017.html;http://basic.10jqka.com.cn/300017/finance.html,"basis=latest annual report preferred; units=percent for growth/margin/ROE/debt, ratio for cashflow/receivables/inventory; flag_rule=caution; triggered=negative revenue growth; data=income:2025-12-31 annual; balance:2025-12-31 annual; cashflow:2025-12-31 annual; ths:2025-12-31 annual",https://data.eastmoney.com/gzfx/detail/300017.html,Eastmoney RPT_VALUEANALYSIS_DET latest TRADE_DATE=2026-07-01; PE_TTM/PB_MRQ/PS_TTM fetched via public datacenter API.,https://emweb.securities.eastmoney.com/PC_HSF10/BusinessAnalysis/Index?type=web&code=SZ300017,"东方财富F10经营分析; evidence_date=2025/12/31; evidence_level=secondary_financial_data; manual_change: conditional->conditional, materiality transition->transition"
300033,同花顺,AI,conditional,transition,金融信息服务、证券软件、数据终端和互联网金融数据服务,AI能力与金融信息产品高度相关且商业化场景明确，但收入占比没有单独披露。,191712460800.0,5221612901.59,5.1445,0.138719,-0.145522,0.050488,false,false,58.1272,27.7814,30.6555,44,75.79,91.5444,38.54,1.1776,0.0034,unknown,40.0495,pass,pass,high,公司主业是金融数据和软件，AI是产品升级方向；因未披露AI收入，保守列为conditional。,AI主题收入未量化或仍属二级/转型业务，需复核收入占比、口径和持续披露；当前材料性标记为transition；现有证据对收入量化支持不足,expanded_candidate,https://push2his.eastmoney.com/api/qt/stock/kline/get?secid=0.300033&fields1=f1%2Cf2%2Cf3%2Cf4%2Cf5%2Cf6&fields2=f51%2Cf52%2Cf53%2Cf54%2Cf55%2Cf56%2Cf57%2Cf58%2Cf59%2Cf60%2Cf61&klt=101&fqt=0&beg=20250329&end=20260702,Eastmoney daily kline fqt=0; avg_amount_20d uses last 20 available trading rows; avg_turnover_20d is percent; returns are close-to-close; volatility_60d is daily return std | ok,https://data.eastmoney.com/bbsj/300033.html;http://basic.10jqka.com.cn/300033/finance.html,"basis=latest annual report preferred; units=percent for growth/margin/ROE/debt, ratio for cashflow/receivables/inventory; flag_rule=pass; triggered=no quality threshold triggered; data=income:2025-12-31 annual; balance:2025-12-31 annual; cashflow:2025-12-31 annual; ths:2025-12-31 annual",https://data.eastmoney.com/gzfx/detail/300033.html,Eastmoney RPT_VALUEANALYSIS_DET latest TRADE_DATE=2026-07-01; PE_TTM/PB_MRQ/PS_TTM fetched via public datacenter API.,https://emweb.securities.eastmoney.com/PC_HSF10/BusinessAnalysis/Index?type=web&code=SZ300033,东方财富F10经营分析; evidence_date=2025-12-31; evidence_level=secondary_business_profile
300047,天源迪科,AI,conditional,transition,电信、公安、金融等行业软件和大数据解决方案,AI应用与大数据和行业软件业务相关，真实但材料性不清。,5854496088.96,159009498.45,2.822,-0.217391,-0.209302,0.030853,false,false,177.2505,1.7695,0.6114,14.9979,32.32,7.6871,0.94,12.4342,0.2057,0.2267,57.2062,caution,pass,high,公司具备大数据/行业软件基础，AI不是单独披露的核心收入分部。,AI主题收入未量化或仍属二级/转型业务，需复核收入占比、口径和持续披露；当前材料性标记为transition,expanded_candidate,https://push2his.eastmoney.com/api/qt/stock/kline/get?secid=0.300047&fields1=f1%2Cf2%2Cf3%2Cf4%2Cf5%2Cf6&fields2=f51%2Cf52%2Cf53%2Cf54%2Cf55%2Cf56%2Cf57%2Cf58%2Cf59%2Cf60%2Cf61&klt=101&fqt=0&beg=20250329&end=20260702,Eastmoney daily kline fqt=0; avg_amount_20d uses last 20 available trading rows; avg_turnover_20d is percent; returns are close-to-close; volatility_60d is daily return std | ok,https://data.eastmoney.com/bbsj/300047.html;http://basic.10jqka.com.cn/300047/finance.html,"basis=latest annual report preferred; units=percent for growth/margin/ROE/debt, ratio for cashflow/receivables/inventory; flag_rule=caution; triggered=gross margin below 15%; ROE below 5%; data=income:2025-12-31 annual; balance:2025-12-31 annual; cashflow:2025-12-31 annual; ths:2025-12-31 annual",https://data.eastmoney.com/gzfx/detail/300047.html,Eastmoney RPT_VALUEANALYSIS_DET latest TRADE_DATE=2026-07-01; PE_TTM/PB_MRQ/PS_TTM fetched via public datacenter API.,https://vip.stock.finance.sina.com.cn/corp/go.php/vCI_CorpInfo/stockid/300047.phtml,新浪财经F10公司资料; evidence_date=2025-12-31; evidence_level=secondary_business_profile
300058,蓝色光标,AI,conditional,transition,营销传播服务和出海广告投放,公司有AIGC营销工具和智能投放叙事但主营构成仍是广告投放与营销服务且未披露AI收入,51627381244.26,3687292912.5,7.143,-0.131118,0.037518,0.047434,false,false,195.7789,6.2745,0.6823,12.9871,177.29,2.6336,2.92,2.8112,0.199,0.0002,68.5984,caution,pass,high,2025年收入主要来自出海广告投放和全案营销服务；AI更像营销效率工具或产品升级而非单独收入主业,AI主题收入未量化或仍属二级/转型业务，需复核收入占比、口径和持续披露；当前材料性标记为transition,expanded_candidate,https://push2his.eastmoney.com/api/qt/stock/kline/get?secid=0.300058&fields1=f1%2Cf2%2Cf3%2Cf4%2Cf5%2Cf6&fields2=f51%2Cf52%2Cf53%2Cf54%2Cf55%2Cf56%2Cf57%2Cf58%2Cf59%2Cf60%2Cf61&klt=101&fqt=0&beg=20250329&end=20260702,Eastmoney daily kline fqt=0; avg_amount_20d uses last 20 available trading rows; avg_turnover_20d is percent; returns are close-to-close; volatility_60d is daily return std | ok,https://data.eastmoney.com/bbsj/300058.html;http://basic.10jqka.com.cn/300058/finance.html,"basis=latest annual report preferred; units=percent for growth/margin/ROE/debt, ratio for cashflow/receivables/inventory; flag_rule=caution; triggered=gross margin below 15%; ROE below 5%; data=income:2025-12-31 annual; balance:2025-12-31 annual; cashflow:2025-12-31 annual; ths:2025-12-31 annual",https://data.eastmoney.com/gzfx/detail/300058.html,Eastmoney RPT_VALUEANALYSIS_DET latest TRADE_DATE=2026-07-01; PE_TTM/PB_MRQ/PS_TTM fetched via public datacenter API.,https://basic.10jqka.com.cn/mobile/300058/profilen.html,同花顺F10主营构成; evidence_date=2025-12-31; evidence_level=secondary_financial_data
300101,振芯科技,商业航天,core,core,北斗卫星导航终端、集成电路和视频图像产品,公司业务身份直接围绕北斗卫星导航和相关芯片终端属于商业航天主题的实质业务,9540815760.0,183242480.8,2.0065,-0.002967,-0.153226,0.032027,false,false,610.5649,5.4328,10.5204,19.8236,-29.23,54.3913,1.6,0.8102,1.1526,0.4972,36.4218,caution,pass,high,北斗导航是公司核心业务方向之一；虽收入占比需进一步核验但主题相关性强,虽为核心匹配，但专属主题收入未单独量化，需跟踪收入拆分和披露口径；现有证据对收入量化支持不足,watch_only,https://push2his.eastmoney.com/api/qt/stock/kline/get?secid=0.300101&fields1=f1%2Cf2%2Cf3%2Cf4%2Cf5%2Cf6&fields2=f51%2Cf52%2Cf53%2Cf54%2Cf55%2Cf56%2Cf57%2Cf58%2Cf59%2Cf60%2Cf61&klt=101&fqt=0&beg=20250329&end=20260702,Eastmoney daily kline fqt=0; avg_amount_20d uses last 20 available trading rows; avg_turnover_20d is percent; returns are close-to-close; volatility_60d is daily return std | ok,https://data.eastmoney.com/bbsj/300101.html;http://basic.10jqka.com.cn/300101/finance.html,"basis=latest annual report preferred; units=percent for growth/margin/ROE/debt, ratio for cashflow/receivables/inventory; flag_rule=caution; triggered=negative net profit growth; ROE below 5%; receivables/revenue above 35%; data=income:2025-12-31 annual; balance:2025-12-31 annual; cashflow:2025-12-31 annual; ths:2025-12-31 annual",https://data.eastmoney.com/gzfx/detail/300101.html,Eastmoney RPT_VALUEANALYSIS_DET latest TRADE_DATE=2026-07-01; PE_TTM/PB_MRQ/PS_TTM fetched via public datacenter API.,https://basic.10jqka.com.cn/mobile/300101/profilen.html,同花顺F10主营构成; evidence_date=2025-12-31; evidence_level=secondary_financial_data
300113,顺网科技,AI,conditional,transition,网吧场景数字娱乐平台、云服务和游戏相关服务,公司云服务和算力资源可服务AI应用但公开收入构成未证明AI算力为核心收入,12397873789.98,440363738.54,4.4185,-0.134588,-0.309166,0.037646,false,false,29.4331,4.7461,8.615,-5.1788,65.8,48.4618,17.47,0.8784,0.0591,0.0036,14.2938,caution,pass,normal,云计算业务真实存在但AI属性和收入贡献不清晰；适合作为扩展观察,AI主题收入未量化或仍属二级/转型业务，需复核收入占比、口径和持续披露；当前材料性标记为transition,expanded_candidate,https://push2his.eastmoney.com/api/qt/stock/kline/get?secid=0.300113&fields1=f1%2Cf2%2Cf3%2Cf4%2Cf5%2Cf6&fields2=f51%2Cf52%2Cf53%2Cf54%2Cf55%2Cf56%2Cf57%2Cf58%2Cf59%2Cf60%2Cf61&klt=101&fqt=0&beg=20250329&end=20260702,Eastmoney daily kline fqt=0; avg_amount_20d uses last 20 available trading rows; avg_turnover_20d is percent; returns are close-to-close; volatility_60d is daily return std | ok,https://data.eastmoney.com/bbsj/300113.html;http://basic.10jqka.com.cn/300113/finance.html,"basis=latest annual report preferred; units=percent for growth/margin/ROE/debt, ratio for cashflow/receivables/inventory; flag_rule=caution; triggered=negative revenue growth; data=income:2025-12-31 annual; balance:2025-12-31 annual; cashflow:2025-12-31 annual; ths:2025-12-31 annual",https://data.eastmoney.com/gzfx/detail/300113.html,Eastmoney RPT_VALUEANALYSIS_DET latest TRADE_DATE=2026-07-01; PE_TTM/PB_MRQ/PS_TTM fetched via public datacenter API.,https://basic.10jqka.com.cn/mobile/300113/profilen.html,"同花顺F10主营构成; evidence_date=2025/12/31; evidence_level=secondary_financial_data; manual_change: conditional->conditional, materiality transition->transition"
300133,华策影视,AI,conditional,transition,影视剧制作发行、版权运营和内容营销,AIGC可用于剧本、制作和营销流程但公司商业收入仍由影视内容驱动,14032192787.69,553850086.62,4.5075,-0.049492,0.047552,0.041591,false,false,77.7305,1.9025,5.3173,45.8681,-21.36,23.3978,2.65,1.6847,0.5212,0.7242,34.2195,caution,pass,normal,AIGC与内容主业有关但缺少单独订单或收入占比；作为应用型AI观察较合适,AI主题收入未量化或仍属二级/转型业务，需复核收入占比、口径和持续披露；当前材料性标记为transition；现有证据对收入量化支持不足,expanded_candidate,https://push2his.eastmoney.com/api/qt/stock/kline/get?secid=0.300133&fields1=f1%2Cf2%2Cf3%2Cf4%2Cf5%2Cf6&fields2=f51%2Cf52%2Cf53%2Cf54%2Cf55%2Cf56%2Cf57%2Cf58%2Cf59%2Cf60%2Cf61&klt=101&fqt=0&beg=20250329&end=20260702,Eastmoney daily kline fqt=0; avg_amount_20d uses last 20 available trading rows; avg_turnover_20d is percent; returns are close-to-close; volatility_60d is daily return std | ok,https://data.eastmoney.com/bbsj/300133.html;http://basic.10jqka.com.cn/300133/finance.html,"basis=latest annual report preferred; units=percent for growth/margin/ROE/debt, ratio for cashflow/receivables/inventory; flag_rule=caution; triggered=negative net profit growth; ROE below 5%; receivables/revenue above 35%; inventory/revenue above 50%; data=income:2025-12-31 annual; balance:2025-12-31 annual; cashflow:2025-12-31 annual; ths:2025-12-31 annual",https://data.eastmoney.com/gzfx/detail/300133.html,Eastmoney RPT_VALUEANALYSIS_DET latest TRADE_DATE=2026-07-01; PE_TTM/PB_MRQ/PS_TTM fetched via public datacenter API.,https://basic.10jqka.com.cn/mobile/300133/profilen.html,同花顺F10主营构成; evidence_date=2025-12-31; evidence_level=secondary_financial_data
300170,汉得信息,AI,conditional,transition,企业数字化软件实施、ERP服务和行业解决方案,AI智能体可嵌入企业管理软件和咨询交付但尚未看到单独收入占比,16397014645.36,820558072.85,4.849,-0.175301,-0.161702,0.037954,false,false,70.8166,2.8586,4.7112,5.5707,20.28,35.6658,4.21,2.116,0.4247,0.0654,16.1989,caution,pass,normal,AI与企业软件主业相关且具备商业落地可能但仍属转型型业务,AI主题收入未量化或仍属二级/转型业务，需复核收入占比、口径和持续披露；当前材料性标记为transition,expanded_candidate,https://push2his.eastmoney.com/api/qt/stock/kline/get?secid=0.300170&fields1=f1%2Cf2%2Cf3%2Cf4%2Cf5%2Cf6&fields2=f51%2Cf52%2Cf53%2Cf54%2Cf55%2Cf56%2Cf57%2Cf58%2Cf59%2Cf60%2Cf61&klt=101&fqt=0&beg=20250329&end=20260702,Eastmoney daily kline fqt=0; avg_amount_20d uses last 20 available trading rows; avg_turnover_20d is percent; returns are close-to-close; volatility_60d is daily return std | ok,https://data.eastmoney.com/bbsj/300170.html;http://basic.10jqka.com.cn/300170/finance.html,"basis=latest annual report preferred; units=percent for growth/margin/ROE/debt, ratio for cashflow/receivables/inventory; flag_rule=caution; triggered=ROE below 5%; receivables/revenue above 35%; data=income:2025-12-31 annual; balance:2025-12-31 annual; cashflow:2025-12-31 annual; ths:2025-12-31 annual",https://data.eastmoney.com/gzfx/detail/300170.html,Eastmoney RPT_VALUEANALYSIS_DET latest TRADE_DATE=2026-07-01; PE_TTM/PB_MRQ/PS_TTM fetched via public datacenter API.,https://basic.10jqka.com.cn/mobile/300170/profilen.html,同花顺F10主营构成; evidence_date=2025-12-31; evidence_level=secondary_financial_data
300182,捷成股份,AI,conditional,transition,版权运营、影视内容和音视频技术服务,AIGC可用于内容生产和版权运营效率提升但不构成已披露核心收入分部,13212575134.72,1019063497.55,7.807,-0.156463,-0.111111,0.032927,false,false,75.9973,1.5367,5.2241,-7.742,-20.14,21.4329,2.29,7.8458,0.6643,0.1118,24.658,caution,pass,normal,公司主营仍是版权和影视内容；AI主题有应用逻辑但缺少收入材料性证据,AI主题收入未量化或仍属二级/转型业务，需复核收入占比、口径和持续披露；当前材料性标记为transition；现有证据对收入量化支持不足,expanded_candidate,https://push2his.eastmoney.com/api/qt/stock/kline/get?secid=0.300182&fields1=f1%2Cf2%2Cf3%2Cf4%2Cf5%2Cf6&fields2=f51%2Cf52%2Cf53%2Cf54%2Cf55%2Cf56%2Cf57%2Cf58%2Cf59%2Cf60%2Cf61&klt=101&fqt=0&beg=20250329&end=20260702,Eastmoney daily kline fqt=0; avg_amount_20d uses last 20 available trading rows; avg_turnover_20d is percent; returns are close-to-close; volatility_60d is daily return std | ok,https://data.eastmoney.com/bbsj/300182.html;http://basic.10jqka.com.cn/300182/finance.html,"basis=latest annual report preferred; units=percent for growth/margin/ROE/debt, ratio for cashflow/receivables/inventory; flag_rule=caution; triggered=negative revenue growth; negative net profit growth; ROE below 5%; receivables/revenue above 35%; data=income:2025-12-31 annual; balance:2025-12-31 annual; cashflow:2025-12-31 annual; ths:2025-12-31 annual",https://data.eastmoney.com/gzfx/detail/300182.html,Eastmoney RPT_VALUEANALYSIS_DET latest TRADE_DATE=2026-07-01; PE_TTM/PB_MRQ/PS_TTM fetched via public datacenter API.,https://basic.10jqka.com.cn/mobile/300182/profilen.html,同花顺F10主营构成; evidence_date=2025-12-31; evidence_level=secondary_financial_data
300339,润和软件,AI,conditional,transition,金融科技、智能物联、开源鸿蒙和行业软件服务,AI中台和智能体能力与公司软件服务主业相关但收入通常嵌入项目交付,31338766593.35,1128626888.01,3.606,-0.07259,0.027147,0.034267,false,false,218.9966,8.5922,7.7014,17.15,-39.81,23.2516,2.73,1.5087,0.5568,0.093,37.7348,caution,pass,high,公司有真实软件和智能化业务基础但缺少AI收入拆分；按条件纳入,AI主题收入未量化或仍属二级/转型业务，需复核收入占比、口径和持续披露；当前材料性标记为transition；现有证据对收入量化支持不足,expanded_candidate,https://push2his.eastmoney.com/api/qt/stock/kline/get?secid=0.300339&fields1=f1%2Cf2%2Cf3%2Cf4%2Cf5%2Cf6&fields2=f51%2Cf52%2Cf53%2Cf54%2Cf55%2Cf56%2Cf57%2Cf58%2Cf59%2Cf60%2Cf61&klt=101&fqt=0&beg=20250329&end=20260702,Eastmoney daily kline fqt=0; avg_amount_20d uses last 20 available trading rows; avg_turnover_20d is percent; returns are close-to-close; volatility_60d is daily return std | ok,https://data.eastmoney.com/bbsj/300339.html;http://basic.10jqka.com.cn/300339/finance.html,"basis=latest annual report preferred; units=percent for growth/margin/ROE/debt, ratio for cashflow/receivables/inventory; flag_rule=caution; triggered=negative net profit growth; ROE below 5%; receivables/revenue above 35%; data=income:2025-12-31 annual; balance:2025-12-31 annual; cashflow:2025-12-31 annual; ths:2025-12-31 annual",https://data.eastmoney.com/gzfx/detail/300339.html,Eastmoney RPT_VALUEANALYSIS_DET latest TRADE_DATE=2026-07-01; PE_TTM/PB_MRQ/PS_TTM fetched via public datacenter API.,https://basic.10jqka.com.cn/mobile/300339/profilen.html,同花顺F10主营构成; evidence_date=2025-12-31; evidence_level=secondary_financial_data
300348,长亮科技,AI,conditional,transition,银行核心系统、金融科技软件和数字金融解决方案,AI用于银行软件和数字金融产品升级但未形成可验证独立收入分部,7382658287.1,164864834.55,2.4175,-0.103755,-0.2813,0.025824,false,false,-489.4306,3.511,3.7085,12.7569,10.82,25.1411,0.97,7.1848,0.396,0.3873,27.2042,caution,pass,loss_or_negative,金融IT主业明确且AI应用有合理场景；缺少材料性收入披露,AI主题收入未量化或仍属二级/转型业务，需复核收入占比、口径和持续披露；当前材料性标记为transition；现有证据对收入量化支持不足,expanded_candidate,https://push2his.eastmoney.com/api/qt/stock/kline/get?secid=0.300348&fields1=f1%2Cf2%2Cf3%2Cf4%2Cf5%2Cf6&fields2=f51%2Cf52%2Cf53%2Cf54%2Cf55%2Cf56%2Cf57%2Cf58%2Cf59%2Cf60%2Cf61&klt=101&fqt=0&beg=20250329&end=20260702,Eastmoney daily kline fqt=0; avg_amount_20d uses last 20 available trading rows; avg_turnover_20d is percent; returns are close-to-close; volatility_60d is daily return std | ok,https://data.eastmoney.com/bbsj/300348.html;http://basic.10jqka.com.cn/300348/finance.html,"basis=latest annual report preferred; units=percent for growth/margin/ROE/debt, ratio for cashflow/receivables/inventory; flag_rule=caution; triggered=ROE below 5%; receivables/revenue above 35%; data=income:2025-12-31 annual; balance:2025-12-31 annual; cashflow:2025-12-31 annual; ths:2025-12-31 annual",https://data.eastmoney.com/gzfx/detail/300348.html,Eastmoney RPT_VALUEANALYSIS_DET latest TRADE_DATE=2026-07-01; PE_TTM/PB_MRQ/PS_TTM fetched via public datacenter API.,https://basic.10jqka.com.cn/mobile/300348/profilen.html,同花顺F10主营构成; evidence_date=2025-12-31; evidence_level=secondary_financial_data
300378,鼎捷数智,AI,conditional,transition,Enterprise digital management software and industrial/ERP cloud services.,AI agents and AIGC functions are product enhancements for ERP/enterprise SaaS rather than a separately material AI business.,10202308651.34,465353382.05,4.651,-0.010535,-0.022887,0.039795,false,false,62.4075,4.4024,4.179,4.3937,5.04,58.5479,7.18,2.0329,0.2777,0.0474,47.0973,pass,pass,normal,Core business is enterprise digital software; AI is a real product capability but contribution is not quantified.；披露口径：主题收入金额not separately disclosed,AI主题收入未量化或仍属二级/转型业务，需复核收入占比、口径和持续披露；当前材料性标记为transition,expanded_candidate,https://push2his.eastmoney.com/api/qt/stock/kline/get?secid=0.300378&fields1=f1%2Cf2%2Cf3%2Cf4%2Cf5%2Cf6&fields2=f51%2Cf52%2Cf53%2Cf54%2Cf55%2Cf56%2Cf57%2Cf58%2Cf59%2Cf60%2Cf61&klt=101&fqt=0&beg=20250329&end=20260702,Eastmoney daily kline fqt=0; avg_amount_20d uses last 20 available trading rows; avg_turnover_20d is percent; returns are close-to-close; volatility_60d is daily return std | ok,https://data.eastmoney.com/bbsj/300378.html;http://basic.10jqka.com.cn/300378/finance.html,"basis=latest annual report preferred; units=percent for growth/margin/ROE/debt, ratio for cashflow/receivables/inventory; flag_rule=pass; triggered=no quality threshold triggered; data=income:2025-12-31 annual; balance:2025-12-31 annual; cashflow:2025-12-31 annual; ths:2025-12-31 annual",https://data.eastmoney.com/gzfx/detail/300378.html,Eastmoney RPT_VALUEANALYSIS_DET latest TRADE_DATE=2026-07-01; PE_TTM/PB_MRQ/PS_TTM fetched via public datacenter API.,https://vip.stock.finance.sina.com.cn/corp/go.php/vCI_CorpInfo/stockid/300378.phtml,Sina Finance F10 company profile for 300378; evidence_date=2026-07-01; evidence_level=sina_f10_company_profile
300413,芒果超媒,AI,conditional,transition,"Long-video/new-media platform operation, content production, advertising and membership services.","AIGC is used for content production, recommendation and media operations, but the company is fundamentally a media/content platform.",28229177098.35,255732150.03,1.608,-0.11183,-0.273471,0.018243,false,false,26.7296,1.1883,2.0007,-1.8907,-10.06,23.0922,5.36,0.9646,0.2811,0.0956,29.4,caution,pass,normal,F10 business profile is media/platform operations; AI exposure is operational/product enablement rather than separately disclosed revenue.；披露口径：主题收入金额not separately disclosed,AI主题收入未量化或仍属二级/转型业务，需复核收入占比、口径和持续披露；当前材料性标记为transition,expanded_candidate,https://push2his.eastmoney.com/api/qt/stock/kline/get?secid=0.300413&fields1=f1%2Cf2%2Cf3%2Cf4%2Cf5%2Cf6&fields2=f51%2Cf52%2Cf53%2Cf54%2Cf55%2Cf56%2Cf57%2Cf58%2Cf59%2Cf60%2Cf61&klt=101&fqt=0&beg=20250329&end=20260702,Eastmoney daily kline fqt=0; avg_amount_20d uses last 20 available trading rows; avg_turnover_20d is percent; returns are close-to-close; volatility_60d is daily return std | ok,https://data.eastmoney.com/bbsj/300413.html;http://basic.10jqka.com.cn/300413/finance.html,"basis=latest annual report preferred; units=percent for growth/margin/ROE/debt, ratio for cashflow/receivables/inventory; flag_rule=caution; triggered=negative revenue growth; negative net profit growth; data=income:2025-12-31 annual; balance:2025-12-31 annual; cashflow:2025-12-31 annual; ths:2025-12-31 annual",https://data.eastmoney.com/gzfx/detail/300413.html,Eastmoney RPT_VALUEANALYSIS_DET latest TRADE_DATE=2026-07-01; PE_TTM/PB_MRQ/PS_TTM fetched via public datacenter API.,https://vip.stock.finance.sina.com.cn/corp/go.php/vCI_CorpInfo/stockid/300413.phtml,Sina Finance F10 company profile for 300413; evidence_date=2026-07-01; evidence_level=sina_f10_company_profile
300447,全信股份,商业航天,conditional,transition,"Military/aerospace electronic components, cables and interconnection products.","Products can serve satellite, aerospace and BeiDou equipment chains, but exposure is embedded in broader defense-electronics components.",4615947342.5,97697842.76,3.11,-0.090462,-0.203664,0.025398,false,false,170.5855,2.3163,5.5731,-7.8935,66.62,35.5299,1.49,13.3995,1.016,0.5527,18.9374,caution,caution,high,Aerospace/defense component business is real; commercial-space purity is limited because revenue is not split by satellite or space end-market.；披露口径：主题收入金额not separately disclosed,商业航天主题收入未量化或仍属二级/转型业务，需复核收入占比、口径和持续披露；当前材料性标记为transition,manual_check,https://push2his.eastmoney.com/api/qt/stock/kline/get?secid=0.300447&fields1=f1%2Cf2%2Cf3%2Cf4%2Cf5%2Cf6&fields2=f51%2Cf52%2Cf53%2Cf54%2Cf55%2Cf56%2Cf57%2Cf58%2Cf59%2Cf60%2Cf61&klt=101&fqt=0&beg=20250329&end=20260702,Eastmoney daily kline fqt=0; avg_amount_20d uses last 20 available trading rows; avg_turnover_20d is percent; returns are close-to-close; volatility_60d is daily return std | ok,https://data.eastmoney.com/bbsj/300447.html;http://basic.10jqka.com.cn/300447/finance.html,"basis=latest annual report preferred; units=percent for growth/margin/ROE/debt, ratio for cashflow/receivables/inventory; flag_rule=caution; triggered=negative revenue growth; ROE below 5%; receivables/revenue above 35%; inventory/revenue above 50%; data=income:2025-12-31 annual; balance:2025-12-31 annual; cashflow:2025-12-31 annual; ths:2025-12-31 annual",https://data.eastmoney.com/gzfx/detail/300447.html,Eastmoney RPT_VALUEANALYSIS_DET latest TRADE_DATE=2026-07-01; PE_TTM/PB_MRQ/PS_TTM fetched via public datacenter API.,https://vip.stock.finance.sina.com.cn/corp/go.php/vCI_CorpInfo/stockid/300447.phtml,Sina Finance F10 company profile for 300447; evidence_date=2026-07-01; evidence_level=sina_f10_company_profile
300454,深信服,AI,conditional,transition,"Cybersecurity, cloud computing, IT infrastructure and enterprise network services.","AI is relevant to security products and computing infrastructure, but the company is not a pure AI vendor and AI revenue is not broken out.",41464194004.4,1039924824.92,3.5945,-0.181099,-0.017653,0.038421,false,false,72.2633,3.8423,4.967,6.9586,99.52,59.3066,4.17,3.4166,0.0722,0.107,41.7582,caution,pass,normal,Core business is cybersecurity/cloud; AI is embedded in products and infrastructure rather than a disclosed standalone segment.；披露口径：主题收入金额not separately disclosed,AI主题收入未量化或仍属二级/转型业务，需复核收入占比、口径和持续披露；当前材料性标记为transition,expanded_candidate,https://push2his.eastmoney.com/api/qt/stock/kline/get?secid=0.300454&fields1=f1%2Cf2%2Cf3%2Cf4%2Cf5%2Cf6&fields2=f51%2Cf52%2Cf53%2Cf54%2Cf55%2Cf56%2Cf57%2Cf58%2Cf59%2Cf60%2Cf61&klt=101&fqt=0&beg=20250329&end=20260702,Eastmoney daily kline fqt=0; avg_amount_20d uses last 20 available trading rows; avg_turnover_20d is percent; returns are close-to-close; volatility_60d is daily return std | ok,https://data.eastmoney.com/bbsj/300454.html;http://basic.10jqka.com.cn/300454/finance.html,"basis=latest annual report preferred; units=percent for growth/margin/ROE/debt, ratio for cashflow/receivables/inventory; flag_rule=caution; triggered=ROE below 5%; data=income:2025-12-31 annual; balance:2025-12-31 annual; cashflow:2025-12-31 annual; ths:2025-12-31 annual",https://data.eastmoney.com/gzfx/detail/300454.html,Eastmoney RPT_VALUEANALYSIS_DET latest TRADE_DATE=2026-07-01; PE_TTM/PB_MRQ/PS_TTM fetched via public datacenter API.,https://vip.stock.finance.sina.com.cn/corp/go.php/vCI_CorpInfo/stockid/300454.phtml,Sina Finance F10 company profile for 300454; evidence_date=2026-07-01; evidence_level=sina_f10_company_profile
300458,全志科技,AI,conditional,transition,Smart application processor SoC chips and power-management chips for intelligent terminals.,"Edge AI is embedded in SoC products for smart terminals, but AI revenue is not identifiable as a separate segment.",36844072900.92,1671423859.25,5.738,0.113848,0.116867,0.040532,false,false,102.5257,11.538,12.2377,24.0414,57.2,32.8764,8.65,1.0819,0.0116,0.2869,17.901,pass,pass,high,IC-design business supports real edge-AI exposure; materiality is unclear because segment reporting remains chip-product based.；披露口径：主题收入金额not separately disclosed,AI主题收入未量化或仍属二级/转型业务，需复核收入占比、口径和持续披露；当前材料性标记为transition,expanded_candidate,https://push2his.eastmoney.com/api/qt/stock/kline/get?secid=0.300458&fields1=f1%2Cf2%2Cf3%2Cf4%2Cf5%2Cf6&fields2=f51%2Cf52%2Cf53%2Cf54%2Cf55%2Cf56%2Cf57%2Cf58%2Cf59%2Cf60%2Cf61&klt=101&fqt=0&beg=20250329&end=20260702,Eastmoney daily kline fqt=0; avg_amount_20d uses last 20 available trading rows; avg_turnover_20d is percent; returns are close-to-close; volatility_60d is daily return std | ok,https://data.eastmoney.com/bbsj/300458.html;http://basic.10jqka.com.cn/300458/finance.html,"basis=latest annual report preferred; units=percent for growth/margin/ROE/debt, ratio for cashflow/receivables/inventory; flag_rule=pass; triggered=no quality threshold triggered; data=income:2025-12-31 annual; balance:2025-12-31 annual; cashflow:2025-12-31 annual; ths:2025-12-31 annual",https://data.eastmoney.com/gzfx/detail/300458.html,Eastmoney RPT_VALUEANALYSIS_DET latest TRADE_DATE=2026-07-01; PE_TTM/PB_MRQ/PS_TTM fetched via public datacenter API.,https://vip.stock.finance.sina.com.cn/corp/go.php/vCI_CorpInfo/stockid/300458.phtml,Sina Finance F10 company profile for 300458; evidence_date=2026-07-01; evidence_level=sina_f10_company_profile
300479,神思电子,AI,conditional,transition,"Identity recognition, smart service terminals and AI/data service solutions.","AI recognition and cognitive-service products are real, but the company is a broader identity/smart-terminal provider.",2675814946.7,53482132.65,1.9295,-0.072404,-0.243454,0.025016,false,false,247.3998,5.1109,3.0862,-1.2712,2.99,29.4455,3.03,8.9925,0.3257,0.2905,67.1243,caution,caution,high,Business profile supports AI-enabled identity and smart terminal solutions; contribution remains unquantified.；披露口径：主题收入金额not separately disclosed,AI主题收入未量化或仍属二级/转型业务，需复核收入占比、口径和持续披露；当前材料性标记为transition,manual_check,https://push2his.eastmoney.com/api/qt/stock/kline/get?secid=0.300479&fields1=f1%2Cf2%2Cf3%2Cf4%2Cf5%2Cf6&fields2=f51%2Cf52%2Cf53%2Cf54%2Cf55%2Cf56%2Cf57%2Cf58%2Cf59%2Cf60%2Cf61&klt=101&fqt=0&beg=20250329&end=20260702,Eastmoney daily kline fqt=0; avg_amount_20d uses last 20 available trading rows; avg_turnover_20d is percent; returns are close-to-close; volatility_60d is daily return std | ok,https://data.eastmoney.com/bbsj/300479.html;http://basic.10jqka.com.cn/300479/finance.html,"basis=latest annual report preferred; units=percent for growth/margin/ROE/debt, ratio for cashflow/receivables/inventory; flag_rule=caution; triggered=negative revenue growth; ROE below 5%; data=income:2025-12-31 annual; balance:2025-12-31 annual; cashflow:2025-12-31 annual; ths:2025-12-31 annual",https://data.eastmoney.com/gzfx/detail/300479.html,Eastmoney RPT_VALUEANALYSIS_DET latest TRADE_DATE=2026-07-01; PE_TTM/PB_MRQ/PS_TTM fetched via public datacenter API.,https://vip.stock.finance.sina.com.cn/corp/go.php/vCI_CorpInfo/stockid/300479.phtml,Sina Finance F10 company profile for 300479; evidence_date=2026-07-01; evidence_level=sina_f10_company_profile
300496,中科创达,AI,conditional,transition,"Intelligent operating systems and platform technologies for smart vehicles, IoT and smart industries.","AI is deeply tied to intelligent OS, smart vehicle and edge-device solutions, but disclosed segments do not isolate AI revenue.",28783441146.36,1088397848.82,4.7125,-0.013451,0.08248,0.031361,false,false,62.7102,2.771,3.5796,44.4488,10.47,31.6705,4.48,1.51,0.3522,0.162,20.8419,caution,pass,normal,The operating-system/platform business has real AI relevance; classify below core because AI revenue materiality is not separately disclosed.；披露口径：主题收入金额not separately disclosed,AI主题收入未量化或仍属二级/转型业务，需复核收入占比、口径和持续披露；当前材料性标记为transition,expanded_candidate,https://push2his.eastmoney.com/api/qt/stock/kline/get?secid=0.300496&fields1=f1%2Cf2%2Cf3%2Cf4%2Cf5%2Cf6&fields2=f51%2Cf52%2Cf53%2Cf54%2Cf55%2Cf56%2Cf57%2Cf58%2Cf59%2Cf60%2Cf61&klt=101&fqt=0&beg=20250329&end=20260702,Eastmoney daily kline fqt=0; avg_amount_20d uses last 20 available trading rows; avg_turnover_20d is percent; returns are close-to-close; volatility_60d is daily return std | ok,https://data.eastmoney.com/bbsj/300496.html;http://basic.10jqka.com.cn/300496/finance.html,"basis=latest annual report preferred; units=percent for growth/margin/ROE/debt, ratio for cashflow/receivables/inventory; flag_rule=caution; triggered=ROE below 5%; receivables/revenue above 35%; data=income:2025-12-31 annual; balance:2025-12-31 annual; cashflow:2025-12-31 annual; ths:2025-12-31 annual",https://data.eastmoney.com/gzfx/detail/300496.html,Eastmoney RPT_VALUEANALYSIS_DET latest TRADE_DATE=2026-07-01; PE_TTM/PB_MRQ/PS_TTM fetched via public datacenter API.,https://vip.stock.finance.sina.com.cn/corp/go.php/vCI_CorpInfo/stockid/300496.phtml,Sina Finance F10 company profile for 300496; evidence_date=2026-07-01; evidence_level=sina_f10_company_profile
300629,新劲刚,商业航天,conditional,transition,Special materials and RF microwave devices/components for defense electronics.,"RF microwave components can serve satellite and aerospace communications, but exposure is embedded in defense-electronics supply rather than pure commercial space.",5393032444.8,183660779.7,4.06,-0.040268,-0.025,0.032311,false,false,48.8853,3.0543,12.4118,-18.4458,-32.26,61.9325,4.66,2.4361,1.3605,0.4016,16.0198,caution,pass,normal,F10 profile supports RF/special-material defense-electronics business; space exposure is real but not separately quantified.；披露口径：主题收入金额not separately disclosed,商业航天主题收入未量化或仍属二级/转型业务，需复核收入占比、口径和持续披露；当前材料性标记为transition,expanded_candidate,https://push2his.eastmoney.com/api/qt/stock/kline/get?secid=0.300629&fields1=f1%2Cf2%2Cf3%2Cf4%2Cf5%2Cf6&fields2=f51%2Cf52%2Cf53%2Cf54%2Cf55%2Cf56%2Cf57%2Cf58%2Cf59%2Cf60%2Cf61&klt=101&fqt=0&beg=20250329&end=20260702,Eastmoney daily kline fqt=0; avg_amount_20d uses last 20 available trading rows; avg_turnover_20d is percent; returns are close-to-close; volatility_60d is daily return std | ok,https://data.eastmoney.com/bbsj/300629.html;http://basic.10jqka.com.cn/300629/finance.html,"basis=latest annual report preferred; units=percent for growth/margin/ROE/debt, ratio for cashflow/receivables/inventory; flag_rule=caution; triggered=negative revenue growth; negative net profit growth; ROE below 5%; receivables/revenue above 35%; data=income:2025-12-31 annual; balance:2025-12-31 annual; cashflow:2025-12-31 annual; ths:2025-12-31 annual",https://data.eastmoney.com/gzfx/detail/300629.html,Eastmoney RPT_VALUEANALYSIS_DET latest TRADE_DATE=2026-07-01; PE_TTM/PB_MRQ/PS_TTM fetched via public datacenter API.,https://vip.stock.finance.sina.com.cn/corp/go.php/vCI_CorpInfo/stockid/300629.phtml,Sina Finance F10 company profile for 300629; evidence_date=2026-07-01; evidence_level=sina_f10_company_profile
300634,彩讯股份,AI,conditional,transition,"Enterprise messaging, collaborative office, cloud communication and digital service platforms.","AI assistants and intelligent messaging are plausible product extensions, but revenue materiality is not isolated.",9069339090.0,300243138.16,3.141,-0.182262,-0.151899,0.043317,false,false,37.5525,2.9875,5.4422,10.7617,26.29,35.1563,10.16,1.5918,0.19,0.0389,13.8314,pass,pass,normal,F10 profile supports enterprise communication/software; AI exposure is real but secondary to broader SaaS services.；披露口径：主题收入金额not separately disclosed,AI主题收入未量化或仍属二级/转型业务，需复核收入占比、口径和持续披露；当前材料性标记为transition,expanded_candidate,https://push2his.eastmoney.com/api/qt/stock/kline/get?secid=0.300634&fields1=f1%2Cf2%2Cf3%2Cf4%2Cf5%2Cf6&fields2=f51%2Cf52%2Cf53%2Cf54%2Cf55%2Cf56%2Cf57%2Cf58%2Cf59%2Cf60%2Cf61&klt=101&fqt=0&beg=20250329&end=20260702,Eastmoney daily kline fqt=0; avg_amount_20d uses last 20 available trading rows; avg_turnover_20d is percent; returns are close-to-close; volatility_60d is daily return std | ok,https://data.eastmoney.com/bbsj/300634.html;http://basic.10jqka.com.cn/300634/finance.html,"basis=latest annual report preferred; units=percent for growth/margin/ROE/debt, ratio for cashflow/receivables/inventory; flag_rule=pass; triggered=no quality threshold triggered; data=income:2025-12-31 annual; balance:2025-12-31 annual; cashflow:2025-12-31 annual; ths:2025-12-31 annual",https://data.eastmoney.com/gzfx/detail/300634.html,Eastmoney RPT_VALUEANALYSIS_DET latest TRADE_DATE=2026-07-01; PE_TTM/PB_MRQ/PS_TTM fetched via public datacenter API.,https://vip.stock.finance.sina.com.cn/corp/go.php/vCI_CorpInfo/stockid/300634.phtml,Sina Finance F10 company profile for 300634; evidence_date=2026-07-01; evidence_level=sina_f10_company_profile
300674,宇信科技,AI,conditional,transition,Financial technology software and IT services for banks and other financial institutions.,"AI applications for banking and financial operations are credible, but the revenue profile remains broader financial IT.",10793194729.8,189320737.65,1.67,-0.081486,-0.225758,0.025829,false,false,26.0099,2.3571,3.0291,-8.4625,13.69,32.0997,9.75,1.4389,0.156,0.228,32.5474,caution,pass,normal,F10 profile supports financial IT software/services; AI is a real product/application direction but not separately quantified.；披露口径：主题收入金额not separately disclosed,AI主题收入未量化或仍属二级/转型业务，需复核收入占比、口径和持续披露；当前材料性标记为transition,expanded_candidate,https://push2his.eastmoney.com/api/qt/stock/kline/get?secid=0.300674&fields1=f1%2Cf2%2Cf3%2Cf4%2Cf5%2Cf6&fields2=f51%2Cf52%2Cf53%2Cf54%2Cf55%2Cf56%2Cf57%2Cf58%2Cf59%2Cf60%2Cf61&klt=101&fqt=0&beg=20250329&end=20260702,Eastmoney daily kline fqt=0; avg_amount_20d uses last 20 available trading rows; avg_turnover_20d is percent; returns are close-to-close; volatility_60d is daily return std | ok,https://data.eastmoney.com/bbsj/300674.html;http://basic.10jqka.com.cn/300674/finance.html,"basis=latest annual report preferred; units=percent for growth/margin/ROE/debt, ratio for cashflow/receivables/inventory; flag_rule=caution; triggered=negative revenue growth; data=income:2025-12-31 annual; balance:2025-12-31 annual; cashflow:2025-12-31 annual; ths:2025-12-31 annual",https://data.eastmoney.com/gzfx/detail/300674.html,Eastmoney RPT_VALUEANALYSIS_DET latest TRADE_DATE=2026-07-01; PE_TTM/PB_MRQ/PS_TTM fetched via public datacenter API.,https://vip.stock.finance.sina.com.cn/corp/go.php/vCI_CorpInfo/stockid/300674.phtml,Sina Finance F10 company profile for 300674; evidence_date=2026-07-01; evidence_level=sina_f10_company_profile
300768,迪普科技,AI,conditional,transition,网络安全、应用交付和安全运营产品,AI可用于安全检测、运营和智能防护，但属于网络安全主业中的功能增强，收入贡献不清。,9090866030.68,85137110.81,1.407,-0.115842,-0.069829,0.025369,false,false,46.3293,2.5728,7.595,5.4941,12.46,62.8704,5.33,0.8432,0.1348,0.301,14.1085,pass,caution,normal,公司主业是网络安全和应用交付，AI是安全产品能力升级而非明确独立收入主线。,AI主题收入未量化或仍属二级/转型业务，需复核收入占比、口径和持续披露；当前材料性标记为transition,manual_check,https://push2his.eastmoney.com/api/qt/stock/kline/get?secid=0.300768&fields1=f1%2Cf2%2Cf3%2Cf4%2Cf5%2Cf6&fields2=f51%2Cf52%2Cf53%2Cf54%2Cf55%2Cf56%2Cf57%2Cf58%2Cf59%2Cf60%2Cf61&klt=101&fqt=0&beg=20250329&end=20260702,Eastmoney daily kline fqt=0; avg_amount_20d uses last 20 available trading rows; avg_turnover_20d is percent; returns are close-to-close; volatility_60d is daily return std | ok,https://data.eastmoney.com/bbsj/300768.html;http://basic.10jqka.com.cn/300768/finance.html,"basis=latest annual report preferred; units=percent for growth/margin/ROE/debt, ratio for cashflow/receivables/inventory; flag_rule=pass; triggered=no quality threshold triggered; data=income:2025-12-31 annual; balance:2025-12-31 annual; cashflow:2025-12-31 annual; ths:2025-12-31 annual",https://data.eastmoney.com/gzfx/detail/300768.html,Eastmoney RPT_VALUEANALYSIS_DET latest TRADE_DATE=2026-07-01; PE_TTM/PB_MRQ/PS_TTM fetched via public datacenter API.,https://emweb.eastmoney.com/PC_HSF10/BusinessAnalysis/Index?code=SZ300768&type=web,东方财富F10经营分析/公开资料; evidence_date=2025-12-31; evidence_level=secondary_business_profile
300857,协创数据,AI,conditional,transition,物联网智能终端、数据存储设备和云视频终端制造,数据存储和智能终端与AI边缘设备、算力配套有相邻性，但公司主营不是明确AI模型或算力服务。,155607659459.2,6419523785.55,4.7395,0.324917,0.526109,0.062637,false,false,92.8835,31.2288,9.9817,65.1256,68.32,19.2379,30.03,0.9448,0.2025,0.2351,81.4821,caution,pass,high,存在AI硬件/存储配套想象空间，但公开分部仍以智能终端和存储设备为主，收入材料性待核。,AI主题收入未量化或仍属二级/转型业务，需复核收入占比、口径和持续披露；当前材料性标记为transition,expanded_candidate,https://push2his.eastmoney.com/api/qt/stock/kline/get?secid=0.300857&fields1=f1%2Cf2%2Cf3%2Cf4%2Cf5%2Cf6&fields2=f51%2Cf52%2Cf53%2Cf54%2Cf55%2Cf56%2Cf57%2Cf58%2Cf59%2Cf60%2Cf61&klt=101&fqt=0&beg=20250329&end=20260702,Eastmoney daily kline fqt=0; avg_amount_20d uses last 20 available trading rows; avg_turnover_20d is percent; returns are close-to-close; volatility_60d is daily return std | ok,https://data.eastmoney.com/bbsj/300857.html;http://basic.10jqka.com.cn/300857/finance.html,"basis=latest annual report preferred; units=percent for growth/margin/ROE/debt, ratio for cashflow/receivables/inventory; flag_rule=caution; triggered=debt/assets above 70%; data=income:2025-12-31 annual; balance:2025-12-31 annual; cashflow:2025-12-31 annual; ths:2025-12-31 annual",https://data.eastmoney.com/gzfx/detail/300857.html,Eastmoney RPT_VALUEANALYSIS_DET latest TRADE_DATE=2026-07-01; PE_TTM/PB_MRQ/PS_TTM fetched via public datacenter API.,https://emweb.eastmoney.com/PC_HSF10/BusinessAnalysis/Index?code=SZ300857&type=web,东方财富F10经营分析/公开资料; evidence_date=2025-12-31; evidence_level=secondary_business_profile
300965,恒宇信通,商业航天,conditional,transition,航空电子设备、机载通信导航和综合显示控制设备,通信导航业务与北斗和卫星通信链条直接相关，但公司主业更偏航空军工电子，商业航天收入未量化。,2544000000.0,57362967.55,2.2855,-0.160396,-0.184615,0.053646,false,false,92.8239,2.0655,13.8762,11.3807,34.87,46.2901,2.91,1.7172,1.6611,0.3364,15.8344,caution,caution,high,机载通信导航是真业务，适合商业航天/北斗扩展观察；缺少专属收入占比。,商业航天主题收入未量化或仍属二级/转型业务，需复核收入占比、口径和持续披露；当前材料性标记为transition；现有证据对收入量化支持不足,manual_check,https://push2his.eastmoney.com/api/qt/stock/kline/get?secid=0.300965&fields1=f1%2Cf2%2Cf3%2Cf4%2Cf5%2Cf6&fields2=f51%2Cf52%2Cf53%2Cf54%2Cf55%2Cf56%2Cf57%2Cf58%2Cf59%2Cf60%2Cf61&klt=101&fqt=0&beg=20250329&end=20260702,Eastmoney daily kline fqt=0; avg_amount_20d uses last 20 available trading rows; avg_turnover_20d is percent; returns are close-to-close; volatility_60d is daily return std | ok,https://data.eastmoney.com/bbsj/300965.html;http://basic.10jqka.com.cn/300965/finance.html,"basis=latest annual report preferred; units=percent for growth/margin/ROE/debt, ratio for cashflow/receivables/inventory; flag_rule=caution; triggered=ROE below 5%; receivables/revenue above 35%; data=income:2025-12-31 annual; balance:2025-12-31 annual; cashflow:2025-12-31 annual; ths:2025-12-31 annual",https://data.eastmoney.com/gzfx/detail/300965.html,Eastmoney RPT_VALUEANALYSIS_DET latest TRADE_DATE=2026-07-01; PE_TTM/PB_MRQ/PS_TTM fetched via public datacenter API.,https://emweb.eastmoney.com/PC_HSF10/BusinessAnalysis/Index?code=SZ300965&type=web,东方财富F10经营分析/公开资料; evidence_date=2025-12-31; evidence_level=secondary_business_profile
300996,普联软件,AI,conditional,transition,能源央企数字化软件、管理软件和IT服务,AI可嵌入能源企业管理软件和数据治理服务，但主题收入仍不透明。,4836563600.44,102947837.87,2.737,0.030354,-0.214148,0.05034,false,false,52.5252,3.725,5.9385,-1.3377,-38.99,30.2906,5.74,1.278,0.657,0.1289,28.7207,caution,pass,normal,公司主业是能源行业软件和IT服务，AI为行业应用升级方向，缺少收入拆分。,AI主题收入未量化或仍属二级/转型业务，需复核收入占比、口径和持续披露；当前材料性标记为transition；现有证据对收入量化支持不足,expanded_candidate,https://push2his.eastmoney.com/api/qt/stock/kline/get?secid=0.300996&fields1=f1%2Cf2%2Cf3%2Cf4%2Cf5%2Cf6&fields2=f51%2Cf52%2Cf53%2Cf54%2Cf55%2Cf56%2Cf57%2Cf58%2Cf59%2Cf60%2Cf61&klt=101&fqt=0&beg=20250329&end=20260702,Eastmoney daily kline fqt=0; avg_amount_20d uses last 20 available trading rows; avg_turnover_20d is percent; returns are close-to-close; volatility_60d is daily return std | ok,https://data.eastmoney.com/bbsj/300996.html;http://basic.10jqka.com.cn/300996/finance.html,"basis=latest annual report preferred; units=percent for growth/margin/ROE/debt, ratio for cashflow/receivables/inventory; flag_rule=caution; triggered=negative revenue growth; negative net profit growth; receivables/revenue above 35%; data=income:2025-12-31 annual; balance:2025-12-31 annual; cashflow:2025-12-31 annual; ths:2025-12-31 annual",https://data.eastmoney.com/gzfx/detail/300996.html,Eastmoney RPT_VALUEANALYSIS_DET latest TRADE_DATE=2026-07-01; PE_TTM/PB_MRQ/PS_TTM fetched via public datacenter API.,https://emweb.eastmoney.com/PC_HSF10/BusinessAnalysis/Index?code=SZ300996&type=web,东方财富F10经营分析/公开资料; evidence_date=2025-12-31; evidence_level=secondary_business_profile
301050,雷电微力,商业航天,core,core,毫米波微系统、相控阵雷达和航天航空电子配套,毫米波相控阵和雷达通信产品直接服务航空航天、卫星互联网等场景，主题相关性强。,8318660851.2,164870021.54,2.2785,-0.067961,-0.253333,0.031917,false,false,204.6371,2.7391,14.737,-37.2325,-52.04,36.118,5.43,1.4586,0.6945,1.4179,18.2175,caution,pass,high,公司核心产品与航天航空和卫星通信/雷达链条直接相关，虽未拆分商业航天收入但业务身份高度匹配。,虽为核心匹配，但专属主题收入未单独量化，需跟踪收入拆分和披露口径,watch_only,https://push2his.eastmoney.com/api/qt/stock/kline/get?secid=0.301050&fields1=f1%2Cf2%2Cf3%2Cf4%2Cf5%2Cf6&fields2=f51%2Cf52%2Cf53%2Cf54%2Cf55%2Cf56%2Cf57%2Cf58%2Cf59%2Cf60%2Cf61&klt=101&fqt=0&beg=20250329&end=20260702,Eastmoney daily kline fqt=0; avg_amount_20d uses last 20 available trading rows; avg_turnover_20d is percent; returns are close-to-close; volatility_60d is daily return std | ok,https://data.eastmoney.com/bbsj/301050.html;http://basic.10jqka.com.cn/301050/finance.html,"basis=latest annual report preferred; units=percent for growth/margin/ROE/debt, ratio for cashflow/receivables/inventory; flag_rule=caution; triggered=negative revenue growth; negative net profit growth; receivables/revenue above 35%; inventory/revenue above 50%; data=income:2025-12-31 annual; balance:2025-12-31 annual; cashflow:2025-12-31 annual; ths:2025-12-31 annual",https://data.eastmoney.com/gzfx/detail/301050.html,Eastmoney RPT_VALUEANALYSIS_DET latest TRADE_DATE=2026-07-01; PE_TTM/PB_MRQ/PS_TTM fetched via public datacenter API.,https://emweb.eastmoney.com/PC_HSF10/BusinessAnalysis/Index?code=SZ301050&type=web,"东方财富F10经营分析/公开资料; evidence_date=2025/12/31; evidence_level=secondary_business_profile; manual_change: core->core, materiality core->core"
301110,青木科技,AI,conditional,transition,电商代运营、品牌数字零售和消费者运营服务,AI可用于客服、内容生成、投放和运营决策，与电商服务主业结合，但收入未拆分。,5020041807.5,112992367.55,3.178,-0.0811,-0.306798,0.051833,false,false,32.2561,3.2478,3.3731,22.6929,35.9,55.2698,8.44,1.0576,0.1563,0.0712,18.3275,pass,pass,normal,公司数字零售业务存在AI应用场景，属于应用层AI转型，缺少独立收入占比。,AI主题收入未量化或仍属二级/转型业务，需复核收入占比、口径和持续披露；当前材料性标记为transition；现有证据对收入量化支持不足,expanded_candidate,https://push2his.eastmoney.com/api/qt/stock/kline/get?secid=0.301110&fields1=f1%2Cf2%2Cf3%2Cf4%2Cf5%2Cf6&fields2=f51%2Cf52%2Cf53%2Cf54%2Cf55%2Cf56%2Cf57%2Cf58%2Cf59%2Cf60%2Cf61&klt=101&fqt=0&beg=20250329&end=20260702,Eastmoney daily kline fqt=0; avg_amount_20d uses last 20 available trading rows; avg_turnover_20d is percent; returns are close-to-close; volatility_60d is daily return std | ok,https://data.eastmoney.com/bbsj/301110.html;http://basic.10jqka.com.cn/301110/finance.html,"basis=latest annual report preferred; units=percent for growth/margin/ROE/debt, ratio for cashflow/receivables/inventory; flag_rule=pass; triggered=no quality threshold triggered; data=income:2025-12-31 annual; balance:2025-12-31 annual; cashflow:2025-12-31 annual; ths:2025-12-31 annual",https://data.eastmoney.com/gzfx/detail/301110.html,Eastmoney RPT_VALUEANALYSIS_DET latest TRADE_DATE=2026-07-01; PE_TTM/PB_MRQ/PS_TTM fetched via public datacenter API.,https://emweb.eastmoney.com/PC_HSF10/BusinessAnalysis/Index?code=SZ301110&type=web,东方财富F10经营分析/公开资料; evidence_date=2025-12-31; evidence_level=secondary_business_profile
301129,瑞纳智能,AI,conditional,transition,智慧供热节能设备、供热计量和能源管理系统,公司主业本身包含供热数据平台、智能控制和节能算法，AI属于智慧能源系统能力的一部分。,2881024880.0,45165779.15,2.944,-0.171875,-0.131148,0.027882,false,false,26.4636,1.5804,5.2852,26.2291,41.72,58.5361,6.15,0.9914,1.0936,0.2786,16.1842,caution,caution,normal,AI与智慧供热控制和能源管理有业务结合，但未见单独AI收入分部。,AI主题收入未量化或仍属二级/转型业务，需复核收入占比、口径和持续披露；当前材料性标记为transition；现有证据对收入量化支持不足,manual_check,https://push2his.eastmoney.com/api/qt/stock/kline/get?secid=0.301129&fields1=f1%2Cf2%2Cf3%2Cf4%2Cf5%2Cf6&fields2=f51%2Cf52%2Cf53%2Cf54%2Cf55%2Cf56%2Cf57%2Cf58%2Cf59%2Cf60%2Cf61&klt=101&fqt=0&beg=20250329&end=20260702,Eastmoney daily kline fqt=0; avg_amount_20d uses last 20 available trading rows; avg_turnover_20d is percent; returns are close-to-close; volatility_60d is daily return std | ok,https://data.eastmoney.com/bbsj/301129.html;http://basic.10jqka.com.cn/301129/finance.html,"basis=latest annual report preferred; units=percent for growth/margin/ROE/debt, ratio for cashflow/receivables/inventory; flag_rule=caution; triggered=receivables/revenue above 35%; data=income:2025-12-31 annual; balance:2025-12-31 annual; cashflow:2025-12-31 annual; ths:2025-12-31 annual",https://data.eastmoney.com/gzfx/detail/301129.html,Eastmoney RPT_VALUEANALYSIS_DET latest TRADE_DATE=2026-07-01; PE_TTM/PB_MRQ/PS_TTM fetched via public datacenter API.,https://emweb.eastmoney.com/PC_HSF10/BusinessAnalysis/Index?code=SZ301129&type=web,东方财富F10经营分析/公开资料; evidence_date=2025-12-31; evidence_level=secondary_business_profile
301159,三维天地,AI,conditional,transition,检验检测信息化、数据资产管理和实验室软件,AI智能体可嵌入实验室信息化和数据治理产品，但现阶段主题收入不清。,2403264500.0,51891557.6,3.0785,-0.09942,-0.23265,0.02953,false,false,108.1796,3.7793,6.3632,15.089,104.47,44.7405,1.27,3.8985,0.6243,0.1886,19.2124,caution,caution,high,主业是检验检测信息化和数据管理软件，AI属于产品增强方向，缺收入占比。,AI主题收入未量化或仍属二级/转型业务，需复核收入占比、口径和持续披露；当前材料性标记为transition；现有证据对收入量化支持不足,manual_check,https://push2his.eastmoney.com/api/qt/stock/kline/get?secid=0.301159&fields1=f1%2Cf2%2Cf3%2Cf4%2Cf5%2Cf6&fields2=f51%2Cf52%2Cf53%2Cf54%2Cf55%2Cf56%2Cf57%2Cf58%2Cf59%2Cf60%2Cf61&klt=101&fqt=0&beg=20250329&end=20260702,Eastmoney daily kline fqt=0; avg_amount_20d uses last 20 available trading rows; avg_turnover_20d is percent; returns are close-to-close; volatility_60d is daily return std | ok,https://data.eastmoney.com/bbsj/301159.html;http://basic.10jqka.com.cn/301159/finance.html,"basis=latest annual report preferred; units=percent for growth/margin/ROE/debt, ratio for cashflow/receivables/inventory; flag_rule=caution; triggered=ROE below 5%; receivables/revenue above 35%; data=income:2025-12-31 annual; balance:2025-12-31 annual; cashflow:2025-12-31 annual; ths:2025-12-31 annual",https://data.eastmoney.com/gzfx/detail/301159.html,Eastmoney RPT_VALUEANALYSIS_DET latest TRADE_DATE=2026-07-01; PE_TTM/PB_MRQ/PS_TTM fetched via public datacenter API.,https://emweb.eastmoney.com/PC_HSF10/BusinessAnalysis/Index?code=SZ301159&type=web,东方财富F10经营分析/公开资料; evidence_date=2025-12-31; evidence_level=secondary_business_profile
301165,锐捷网络,AI,conditional,transition,网络设备、交换机、无线网络和云桌面产品,数据中心网络设备与AI算力集群直接相关，具备真实AI基础设施暴露，但不是纯算力服务商。,95928636308.82,907359855.75,1.188,0.297965,0.071944,0.061818,false,false,134.3874,18.6409,6.4741,22.3741,21.3,35.48,14.65,2.6248,0.1297,0.2068,51.2016,pass,pass,high,网络设备可服务AI数据中心和算力集群，主题相关性较实，但AI收入未单独披露。,AI主题收入未量化或仍属二级/转型业务，需复核收入占比、口径和持续披露；当前材料性标记为transition；现有证据对收入量化支持不足,expanded_candidate,https://push2his.eastmoney.com/api/qt/stock/kline/get?secid=0.301165&fields1=f1%2Cf2%2Cf3%2Cf4%2Cf5%2Cf6&fields2=f51%2Cf52%2Cf53%2Cf54%2Cf55%2Cf56%2Cf57%2Cf58%2Cf59%2Cf60%2Cf61&klt=101&fqt=0&beg=20250329&end=20260702,Eastmoney daily kline fqt=0; avg_amount_20d uses last 20 available trading rows; avg_turnover_20d is percent; returns are close-to-close; volatility_60d is daily return std | ok,https://data.eastmoney.com/bbsj/301165.html;http://basic.10jqka.com.cn/301165/finance.html,"basis=latest annual report preferred; units=percent for growth/margin/ROE/debt, ratio for cashflow/receivables/inventory; flag_rule=pass; triggered=no quality threshold triggered; data=income:2025-12-31 annual; balance:2025-12-31 annual; cashflow:2025-12-31 annual; ths:2025-12-31 annual",https://data.eastmoney.com/gzfx/detail/301165.html,Eastmoney RPT_VALUEANALYSIS_DET latest TRADE_DATE=2026-07-01; PE_TTM/PB_MRQ/PS_TTM fetched via public datacenter API.,https://emweb.eastmoney.com/PC_HSF10/BusinessAnalysis/Index?code=SZ301165&type=web,东方财富F10经营分析/公开资料; evidence_date=2025-12-31; evidence_level=secondary_business_profile
301171,易点天下,AI,conditional,transition,跨境数字营销、广告技术平台和AIGC营销工具,AIGC与广告素材生成、投放优化和出海营销工具结合较直接，但收入仍嵌入营销服务。,21877087487.04,1943361478.79,10.2695,-0.214872,-0.165802,0.065977,false,false,547.3243,5.7818,5.362,50.3868,-31.8,14.3347,4.34,1.0203,0.236,0.0002,42.8814,caution,pass,high,AIGC是数字营销产品的重要升级方向，适合应用层AI扩展池，缺少单独收入占比。,AI主题收入未量化或仍属二级/转型业务，需复核收入占比、口径和持续披露；当前材料性标记为transition；现有证据对收入量化支持不足,expanded_candidate,https://push2his.eastmoney.com/api/qt/stock/kline/get?secid=0.301171&fields1=f1%2Cf2%2Cf3%2Cf4%2Cf5%2Cf6&fields2=f51%2Cf52%2Cf53%2Cf54%2Cf55%2Cf56%2Cf57%2Cf58%2Cf59%2Cf60%2Cf61&klt=101&fqt=0&beg=20250329&end=20260702,Eastmoney daily kline fqt=0; avg_amount_20d uses last 20 available trading rows; avg_turnover_20d is percent; returns are close-to-close; volatility_60d is daily return std | ok,https://data.eastmoney.com/bbsj/301171.html;http://basic.10jqka.com.cn/301171/finance.html,"basis=latest annual report preferred; units=percent for growth/margin/ROE/debt, ratio for cashflow/receivables/inventory; flag_rule=caution; triggered=negative net profit growth; gross margin below 15%; ROE below 5%; data=income:2025-12-31 annual; balance:2025-12-31 annual; cashflow:2025-12-31 annual; ths:2025-12-31 annual",https://data.eastmoney.com/gzfx/detail/301171.html,Eastmoney RPT_VALUEANALYSIS_DET latest TRADE_DATE=2026-07-01; PE_TTM/PB_MRQ/PS_TTM fetched via public datacenter API.,https://emweb.eastmoney.com/PC_HSF10/BusinessAnalysis/Index?code=SZ301171&type=web,东方财富F10经营分析/公开资料; evidence_date=2025-12-31; evidence_level=secondary_business_profile
