code,name,theme,review_status,theme_revenue_materiality,primary_business,theme_business_description,market_cap,avg_amount_20d,avg_turnover_20d,return_20d,return_60d,volatility_60d,is_st,suspended_or_zero_volume_flag,pe_ttm,pb,ps_ttm,revenue_growth_yoy,net_profit_growth_yoy,gross_margin,roe,operating_cashflow_to_net_profit,receivables_to_revenue,inventory_to_revenue,debt_to_asset,financial_quality_flag,liquidity_flag,valuation_flag,catalyst_summary,risk_note,final_pool_suggestion,market_source_url,market_source_note,financial_source_url,financial_source_note,valuation_source_url,valuation_source_note,catalyst_source_url,catalyst_source_note
000063,中兴通讯,AI,core,core,通信设备、ICT基础设施、服务器/存储、数据中心和终端业务,AI算力基础设施已成为公司明确战略主航道之一，覆盖服务器、存储、数据中心和AI全栈能力。,170389512674.94,8534887347.44,5.5865,-0.022503,0.111388,0.032758,false,false,39.7433,2.3192,1.3085,10.3849,-33.3189,30.2506,7.58,0.6976,0.1618,0.3511,65.2607,caution,pass,normal,2025年算力业务收入占整体营收24.6%，且同比增长约150%；AI算力不是单纯概念标签。；披露口径：主题收入占比24.6%，主题收入金额约329.4亿元,需跟踪主题业务增速、订单/交付节奏、毛利率和客户需求波动,watch_only,https://push2his.eastmoney.com/api/qt/stock/kline/get?secid=0.000063&fields1=f1%2Cf2%2Cf3%2Cf4%2Cf5%2Cf6&fields2=f51%2Cf52%2Cf53%2Cf54%2Cf55%2Cf56%2Cf57%2Cf58%2Cf59%2Cf60%2Cf61&klt=101&fqt=0&beg=20250329&end=20260702,Eastmoney daily kline fqt=0; avg_amount_20d uses last 20 available trading rows; avg_turnover_20d is percent; returns are close-to-close; volatility_60d is daily return std | ok,https://data.eastmoney.com/bbsj/000063.html;http://basic.10jqka.com.cn/000063/finance.html,"basis=latest annual report preferred; units=percent for growth/margin/ROE/debt, ratio for cashflow/receivables/inventory; flag_rule=caution; triggered=negative net profit growth; data=income:2025-12-31 annual; balance:2025-12-31 annual; cashflow:2025-12-31 annual; ths:2025-12-31 annual",https://data.eastmoney.com/gzfx/detail/000063.html,Eastmoney RPT_VALUEANALYSIS_DET latest TRADE_DATE=2026-07-01; PE_TTM/PB_MRQ/PS_TTM fetched via public datacenter API.,https://www.stcn.com/article/detail/3665690.html,证券时报网：中兴通讯2025年报报道; evidence_date=2026-03-06; evidence_level=secondary_source_with_report_data
000555,神州信息,AI,conditional,transition,金融科技、银行核心系统、数智化解决方案,AI应用与金融科技主业结合较明确，但缺少单独AI收入占比，暂按转型/应用型业务处理。,10079749934.21,236829522.54,2.1545,-0.2017,-0.268931,0.029773,false,false,179.2152,1.7929,0.7986,31.5909,110.77,12.3974,1,-0.6884,0.1494,0.1919,53.875,fail,pass,high,公司深耕金融科技，并披露AI for Process战略；AI贡献未量化，适合扩展池而非核心池。,AI主题收入未量化或仍属二级/转型业务，需复核收入占比、口径和持续披露；当前材料性标记为transition,reject_for_trading_pool,https://push2his.eastmoney.com/api/qt/stock/kline/get?secid=0.000555&fields1=f1%2Cf2%2Cf3%2Cf4%2Cf5%2Cf6&fields2=f51%2Cf52%2Cf53%2Cf54%2Cf55%2Cf56%2Cf57%2Cf58%2Cf59%2Cf60%2Cf61&klt=101&fqt=0&beg=20250329&end=20260702,Eastmoney daily kline fqt=0; avg_amount_20d uses last 20 available trading rows; avg_turnover_20d is percent; returns are close-to-close; volatility_60d is daily return std | ok,https://data.eastmoney.com/bbsj/000555.html;http://basic.10jqka.com.cn/000555/finance.html,"basis=latest annual report preferred; units=percent for growth/margin/ROE/debt, ratio for cashflow/receivables/inventory; flag_rule=fail; triggered=gross margin below 15%; ROE below 5%; negative operating cashflow/net profit; data=income:2025-12-31 annual; balance:2025-12-31 annual; cashflow:2025-12-31 annual; ths:2025-12-31 annual",https://data.eastmoney.com/gzfx/detail/000555.html,Eastmoney RPT_VALUEANALYSIS_DET latest TRADE_DATE=2026-07-01; PE_TTM/PB_MRQ/PS_TTM fetched via public datacenter API.,https://finance.sina.com.cn/roll/2026-04-10/doc-inhtyrwc5230740.shtml,新浪财经/证券市场周刊年报报道; evidence_date=2026-04-10; evidence_level=secondary_source_with_report_data
000561,烽火电子,商业航天,conditional,transition,电子通信设备、通信装备、电声器材、雷达产品及系统,北斗通信导航和卫星通信在经营范围内，通信/雷达收入占比较高，但商业航天专属收入未拆分。,6471496602.62,87908323.74,1.4665,-0.07302,-0.213235,0.020463,false,false,-22.1124,2.2389,3.8391,-13.5997,-153.55,33.4111,-10.6171,0.8543,1.5657,0.9227,54.625,fail,caution,loss_or_negative,有北斗通信导航/卫星通信业务范围和通信/雷达收入，但缺少商业航天收入占比，适合扩展池。,商业航天主题收入未量化或仍属二级/转型业务，需复核收入占比、口径和持续披露；当前材料性标记为transition；现有证据对收入量化支持不足,reject_for_trading_pool,https://push2his.eastmoney.com/api/qt/stock/kline/get?secid=0.000561&fields1=f1%2Cf2%2Cf3%2Cf4%2Cf5%2Cf6&fields2=f51%2Cf52%2Cf53%2Cf54%2Cf55%2Cf56%2Cf57%2Cf58%2Cf59%2Cf60%2Cf61&klt=101&fqt=0&beg=20250329&end=20260702,Eastmoney daily kline fqt=0; avg_amount_20d uses last 20 available trading rows; avg_turnover_20d is percent; returns are close-to-close; volatility_60d is daily return std | ok,https://data.eastmoney.com/bbsj/000561.html;http://basic.10jqka.com.cn/000561/finance.html,"basis=latest annual report preferred; units=percent for growth/margin/ROE/debt, ratio for cashflow/receivables/inventory; flag_rule=fail; triggered=negative revenue growth; negative net profit growth; ROE below 5%; receivables/revenue above 35%; inventory/revenue above 50%; data=income:2025-12-31 annual; balance:2025-12-31 annual; cashflow:2025-12-31 annual; ths:2025-12-31 annual",https://data.eastmoney.com/gzfx/detail/000561.html,Eastmoney RPT_VALUEANALYSIS_DET latest TRADE_DATE=2026-07-01; PE_TTM/PB_MRQ/PS_TTM fetched via public datacenter API.,https://money.finance.sina.com.cn/corp/view/vCB_AllBulletinDetail.php?id=12271268&stockid=000561,新浪财经：烽火电子2025年年度报告; evidence_date=2025-12-31; evidence_level=annual_report_text_via_sina
000681,视觉中国,AI,conditional,transition,视觉内容版权交易、创意定制服务、内容数据服务,AI用于内容生成、智能检索和创意定制，属于真实应用型AI业务，但收入占比未单独披露。,14270762371.32,1364848281.23,9.0305,-0.110869,0.025164,0.038432,false,false,46.8904,3.7189,18.4103,-4.0328,-30.31,41.6789,2.31,1.1798,0.1877,unknown,16.0352,caution,pass,normal,AI创意定制业务有增长披露，但总体公司仍以视觉内容版权与创意服务为主。,AI主题收入未量化或仍属二级/转型业务，需复核收入占比、口径和持续披露；当前材料性标记为transition,expanded_candidate,https://push2his.eastmoney.com/api/qt/stock/kline/get?secid=0.000681&fields1=f1%2Cf2%2Cf3%2Cf4%2Cf5%2Cf6&fields2=f51%2Cf52%2Cf53%2Cf54%2Cf55%2Cf56%2Cf57%2Cf58%2Cf59%2Cf60%2Cf61&klt=101&fqt=0&beg=20250329&end=20260702,Eastmoney daily kline fqt=0; avg_amount_20d uses last 20 available trading rows; avg_turnover_20d is percent; returns are close-to-close; volatility_60d is daily return std | ok,https://data.eastmoney.com/bbsj/000681.html;http://basic.10jqka.com.cn/000681/finance.html,"basis=latest annual report preferred; units=percent for growth/margin/ROE/debt, ratio for cashflow/receivables/inventory; flag_rule=caution; triggered=negative revenue growth; negative net profit growth; ROE below 5%; data=income:2025-12-31 annual; balance:2025-12-31 annual; cashflow:2025-12-31 annual; ths:2025-12-31 annual",https://data.eastmoney.com/gzfx/detail/000681.html,Eastmoney RPT_VALUEANALYSIS_DET latest TRADE_DATE=2026-07-01; PE_TTM/PB_MRQ/PS_TTM fetched via public datacenter API.,https://www.ithome.com/0/878/590.htm,IT之家：视觉中国2025半年报报道; evidence_date=2025-08-28; evidence_level=secondary_source_with_report_data
000818,航锦科技,AI,core,core,化工、智算算力、电子业务,智算算力业务收入占比约三成，且毛利率较高，AI算力业务已具备收入实质。,9576600565.89,409751225.02,4.6205,0.034212,-0.270121,0.047962,false,false,-68.9794,4.4849,2.5833,-1.1639,84.36,16.7912,-6.9,-5.1343,0.1351,0.119,68.229,fail,pass,loss_or_negative,智算算力业务2025年收入13.18亿元，占比31.96%；AI主题证据较强。；披露口径：主题收入占比31.96%，主题收入金额13.18亿元,需跟踪主题业务增速、订单/交付节奏、毛利率和客户需求波动,reject_for_trading_pool,https://push2his.eastmoney.com/api/qt/stock/kline/get?secid=0.000818&fields1=f1%2Cf2%2Cf3%2Cf4%2Cf5%2Cf6&fields2=f51%2Cf52%2Cf53%2Cf54%2Cf55%2Cf56%2Cf57%2Cf58%2Cf59%2Cf60%2Cf61&klt=101&fqt=0&beg=20250329&end=20260702,Eastmoney daily kline fqt=0; avg_amount_20d uses last 20 available trading rows; avg_turnover_20d is percent; returns are close-to-close; volatility_60d is daily return std | ok,https://data.eastmoney.com/bbsj/000818.html;http://basic.10jqka.com.cn/000818/finance.html,"basis=latest annual report preferred; units=percent for growth/margin/ROE/debt, ratio for cashflow/receivables/inventory; flag_rule=fail; triggered=negative revenue growth; ROE below 5%; negative operating cashflow/net profit; data=income:2025-12-31 annual; balance:2025-12-31 annual; cashflow:2025-12-31 annual; ths:2025-12-31 annual",https://data.eastmoney.com/gzfx/detail/000818.html,Eastmoney RPT_VALUEANALYSIS_DET latest TRADE_DATE=2026-07-01; PE_TTM/PB_MRQ/PS_TTM fetched via public datacenter API.,https://basic.10jqka.com.cn/mobile/000818/profilen.html,同花顺F10主营构成; evidence_date=2025-12-31; evidence_level=secondary_financial_data
000901,航天科技,商业航天,conditional,transition,汽车电子、航天应用产品、信息系统集成和物联网技术服务,有明确航天制造业/航天应用产品收入，但公司最大收入仍为汽车电子；商业航天核心程度需谨慎。,14263859125.22,364516928.03,2.529,-0.049973,-0.182525,0.026819,false,false,159.5964,3.3412,2.8812,-20.3517,472.22,20.3544,1.67,3.2563,0.216,0.2873,35.6362,caution,pass,high,航天制造业收入15.90%，但汽车电子占76.93%；适合扩展池，不宜直接当核心商业航天股。；披露口径：主题收入占比15.90%，主题收入金额8.78亿元,商业航天主题收入未量化或仍属二级/转型业务，需复核收入占比、口径和持续披露；当前材料性标记为transition,expanded_candidate,https://push2his.eastmoney.com/api/qt/stock/kline/get?secid=0.000901&fields1=f1%2Cf2%2Cf3%2Cf4%2Cf5%2Cf6&fields2=f51%2Cf52%2Cf53%2Cf54%2Cf55%2Cf56%2Cf57%2Cf58%2Cf59%2Cf60%2Cf61&klt=101&fqt=0&beg=20250329&end=20260702,Eastmoney daily kline fqt=0; avg_amount_20d uses last 20 available trading rows; avg_turnover_20d is percent; returns are close-to-close; volatility_60d is daily return std | ok,https://data.eastmoney.com/bbsj/000901.html;http://basic.10jqka.com.cn/000901/finance.html,"basis=latest annual report preferred; units=percent for growth/margin/ROE/debt, ratio for cashflow/receivables/inventory; flag_rule=caution; triggered=negative revenue growth; ROE below 5%; data=income:2025-12-31 annual; balance:2025-12-31 annual; cashflow:2025-12-31 annual; ths:2025-12-31 annual",https://data.eastmoney.com/gzfx/detail/000901.html,Eastmoney RPT_VALUEANALYSIS_DET latest TRADE_DATE=2026-07-01; PE_TTM/PB_MRQ/PS_TTM fetched via public datacenter API.,https://money.finance.sina.com.cn/corp/go.php/vFD_FootNotes/stockid/000901/displaytype/30.phtml,新浪财经财务附注/搜狐主营收入构成; evidence_date=2025-12-31; evidence_level=secondary_financial_data
000938,紫光股份,AI,core,core,ICT基础设施与服务、新华三网络/计算/存储及数字化解决方案,公司处于AI算力和ICT基础设施关键环节，受益于智算建设；收入分部与AI基础设施高度相关。,83457130723.32,4034946365.51,5.15,0.034018,0.205785,0.037928,false,false,40.2856,5.513,0.8235,22.4289,7.19,14.5909,12.03,2.0686,0.1309,0.4503,81.8492,caution,pass,normal,ICT基础设施与服务占比79.43%，新华三卡位智算建设；AI基础设施证据较强。；披露口径：主题收入占比79.43% ICT基础设施与服务，主题收入金额768.47亿元,需跟踪主题业务增速、订单/交付节奏、毛利率和客户需求波动,watch_only,https://push2his.eastmoney.com/api/qt/stock/kline/get?secid=0.000938&fields1=f1%2Cf2%2Cf3%2Cf4%2Cf5%2Cf6&fields2=f51%2Cf52%2Cf53%2Cf54%2Cf55%2Cf56%2Cf57%2Cf58%2Cf59%2Cf60%2Cf61&klt=101&fqt=0&beg=20250329&end=20260702,Eastmoney daily kline fqt=0; avg_amount_20d uses last 20 available trading rows; avg_turnover_20d is percent; returns are close-to-close; volatility_60d is daily return std | ok,https://data.eastmoney.com/bbsj/000938.html;http://basic.10jqka.com.cn/000938/finance.html,"basis=latest annual report preferred; units=percent for growth/margin/ROE/debt, ratio for cashflow/receivables/inventory; flag_rule=caution; triggered=gross margin below 15%; debt/assets above 70%; data=income:2025-12-31 annual; balance:2025-12-31 annual; cashflow:2025-12-31 annual; ths:2025-12-31 annual",https://data.eastmoney.com/gzfx/detail/000938.html,Eastmoney RPT_VALUEANALYSIS_DET latest TRADE_DATE=2026-07-01; PE_TTM/PB_MRQ/PS_TTM fetched via public datacenter API.,https://cn.investing.com/news/stock-market-news/article-3310710,智通财经2025年报报道; evidence_date=2026-04-14; evidence_level=secondary_source_with_report_data
000977,浪潮信息,AI,core,core,服务器、存储、云计算、大数据和人工智能智慧计算基础设施,服务器和智慧计算基础设施是AI算力核心上游/基础设施，收入规模和业务相关性强。,94173407885.15,4352005763.65,4.6305,-0.001401,0.132039,0.036636,false,false,38.6563,4.4286,0.6439,43.2532,5.2,4.8834,11.55,2.26,0.0792,0.2822,73.6358,caution,pass,normal,服务器业务大幅增长，聚焦云计算、大数据、人工智能智慧计算；AI算力核心股证据强。；披露口径：主题收入占比服务器产品为主要收入，主题收入金额2025H1服务器产品752.86亿元,需跟踪主题业务增速、订单/交付节奏、毛利率和客户需求波动,watch_only,https://push2his.eastmoney.com/api/qt/stock/kline/get?secid=0.000977&fields1=f1%2Cf2%2Cf3%2Cf4%2Cf5%2Cf6&fields2=f51%2Cf52%2Cf53%2Cf54%2Cf55%2Cf56%2Cf57%2Cf58%2Cf59%2Cf60%2Cf61&klt=101&fqt=0&beg=20250329&end=20260702,Eastmoney daily kline fqt=0; avg_amount_20d uses last 20 available trading rows; avg_turnover_20d is percent; returns are close-to-close; volatility_60d is daily return std | ok,https://data.eastmoney.com/bbsj/000977.html;http://basic.10jqka.com.cn/000977/finance.html,"basis=latest annual report preferred; units=percent for growth/margin/ROE/debt, ratio for cashflow/receivables/inventory; flag_rule=caution; triggered=gross margin below 15%; debt/assets above 70%; data=income:2025-12-31 annual; balance:2025-12-31 annual; cashflow:2025-12-31 annual; ths:2025-12-31 annual",https://data.eastmoney.com/gzfx/detail/000977.html,Eastmoney RPT_VALUEANALYSIS_DET latest TRADE_DATE=2026-07-01; PE_TTM/PB_MRQ/PS_TTM fetched via public datacenter API.,https://www.stcn.com/article/detail/3272711.html,证券时报/每经网年报半年报报道; evidence_date=2025-08-27; evidence_level=secondary_source_with_report_data
001208,华菱线缆,商业航天,conditional,transition,特种电缆、电力电缆、电气装备用电缆、裸导线及线束,航空航天用特种电缆属于商业航天上游配套，但航天专属收入未拆分，不能视作核心。,9147561690.56,209462283.55,4.2835,-0.118154,-0.279175,0.031411,false,false,84.0323,3.0995,1.9333,8.3941,1.05,11.0547,5.93,3.7996,0.355,0.1577,54.325,caution,pass,high,特种电缆收入占比高，且包含航空航天用电缆；属于上游条件纳入。；披露口径：主题收入占比unknown within 特种电缆，主题收入金额特种电缆23.7亿元，但航天占比未披露,商业航天主题收入未量化或仍属二级/转型业务，需复核收入占比、口径和持续披露；当前材料性标记为transition,expanded_candidate,https://push2his.eastmoney.com/api/qt/stock/kline/get?secid=0.001208&fields1=f1%2Cf2%2Cf3%2Cf4%2Cf5%2Cf6&fields2=f51%2Cf52%2Cf53%2Cf54%2Cf55%2Cf56%2Cf57%2Cf58%2Cf59%2Cf60%2Cf61&klt=101&fqt=0&beg=20250329&end=20260702,Eastmoney daily kline fqt=0; avg_amount_20d uses last 20 available trading rows; avg_turnover_20d is percent; returns are close-to-close; volatility_60d is daily return std | ok,https://data.eastmoney.com/bbsj/001208.html;http://basic.10jqka.com.cn/001208/finance.html,"basis=latest annual report preferred; units=percent for growth/margin/ROE/debt, ratio for cashflow/receivables/inventory; flag_rule=caution; triggered=gross margin below 15%; receivables/revenue above 35%; data=income:2025-12-31 annual; balance:2025-12-31 annual; cashflow:2025-12-31 annual; ths:2025-12-31 annual",https://data.eastmoney.com/gzfx/detail/001208.html,Eastmoney RPT_VALUEANALYSIS_DET latest TRADE_DATE=2026-07-01; PE_TTM/PB_MRQ/PS_TTM fetched via public datacenter API.,https://www.stcn.com/article/detail/3708854.html,证券时报网：华菱线缆2025年报报道; evidence_date=2026-03-29; evidence_level=secondary_source_with_report_data
001270,铖昌科技,商业航天,core,core,微波毫米波模拟相控阵T/R芯片及相关射频芯片,星载、遥感星座、低轨通信卫星产品直接对应商业航天核心链条，但本轮只获得半年报经营描述。,33392675111.01,1398944198.53,5.0295,0.183419,0.393754,0.045321,false,false,248.2407,21.0029,78.6827,91.2758,476.34,72.6753,8.14,-0.4044,1.3971,0.5082,7.6607,fail,pass,high,星载领域、遥感星座、低轨通信卫星方向均有交付或备货描述，业务链条直接。；披露口径：主题收入金额2025H1总收入2.01亿元，星载/低轨占比未披露,需跟踪主题业务增速、订单/交付节奏、毛利率和客户需求波动,reject_for_trading_pool,https://push2his.eastmoney.com/api/qt/stock/kline/get?secid=0.001270&fields1=f1%2Cf2%2Cf3%2Cf4%2Cf5%2Cf6&fields2=f51%2Cf52%2Cf53%2Cf54%2Cf55%2Cf56%2Cf57%2Cf58%2Cf59%2Cf60%2Cf61&klt=101&fqt=0&beg=20250329&end=20260702,Eastmoney daily kline fqt=0; avg_amount_20d uses last 20 available trading rows; avg_turnover_20d is percent; returns are close-to-close; volatility_60d is daily return std | ok,https://data.eastmoney.com/bbsj/001270.html;http://basic.10jqka.com.cn/001270/finance.html,"basis=latest annual report preferred; units=percent for growth/margin/ROE/debt, ratio for cashflow/receivables/inventory; flag_rule=fail; triggered=negative operating cashflow/net profit; receivables/revenue above 35%; inventory/revenue above 50%; data=income:2025-12-31 annual; balance:2025-12-31 annual; cashflow:2025-12-31 annual; ths:2025-12-31 annual",https://data.eastmoney.com/gzfx/detail/001270.html,Eastmoney RPT_VALUEANALYSIS_DET latest TRADE_DATE=2026-07-01; PE_TTM/PB_MRQ/PS_TTM fetched via public datacenter API.,https://www.stcn.com/article/detail/3125176.html,证券时报网：*ST铖昌2025半年报报道; evidence_date=2025-08-15; evidence_level=secondary_source_with_report_data
001339,智微智能,AI,conditional,transition,行业终端、ICT基础设施、工业物联网、智算业务,智算业务有明确收入分部，且公司定位为全场景AI算力底座提供商，但占比尚非主体。,32234314890.96,1064302535.87,7.186,-0.034198,0.666328,0.048043,false,false,141.5224,14.257,7.4213,1.3043,36.84,20.1427,7.88,-3.9522,0.2221,0.4352,60.2744,fail,pass,high,智算业务收入4.62亿元，占比11.30%；适合AI扩展池，是否核心需看阈值。；披露口径：主题收入占比11.30%，主题收入金额4.62亿元,AI主题收入未量化或仍属二级/转型业务，需复核收入占比、口径和持续披露；当前材料性标记为transition,reject_for_trading_pool,https://push2his.eastmoney.com/api/qt/stock/kline/get?secid=0.001339&fields1=f1%2Cf2%2Cf3%2Cf4%2Cf5%2Cf6&fields2=f51%2Cf52%2Cf53%2Cf54%2Cf55%2Cf56%2Cf57%2Cf58%2Cf59%2Cf60%2Cf61&klt=101&fqt=0&beg=20250329&end=20260702,Eastmoney daily kline fqt=0; avg_amount_20d uses last 20 available trading rows; avg_turnover_20d is percent; returns are close-to-close; volatility_60d is daily return std | ok,https://data.eastmoney.com/bbsj/001339.html;http://basic.10jqka.com.cn/001339/finance.html,"basis=latest annual report preferred; units=percent for growth/margin/ROE/debt, ratio for cashflow/receivables/inventory; flag_rule=fail; triggered=negative operating cashflow/net profit; data=income:2025-12-31 annual; balance:2025-12-31 annual; cashflow:2025-12-31 annual; ths:2025-12-31 annual",https://data.eastmoney.com/gzfx/detail/001339.html,Eastmoney RPT_VALUEANALYSIS_DET latest TRADE_DATE=2026-07-01; PE_TTM/PB_MRQ/PS_TTM fetched via public datacenter API.,https://aastocks.com/sc/cnhk/analysis/company-fundamental/business-components?shsymbol=001339,AAStocks公司业务/新浪科技年报报道; evidence_date=2025-12-31; evidence_level=secondary_financial_data
001388,信通电子,AI,conditional,transition,AIoT核心技术、智慧电力产品与服务,AIoT与智慧电力主业相关，但缺少AI/算力收入拆分，主题收入贡献不清。,4411680000.0,36218278.32,3.4845,-0.130649,-0.269062,0.023935,false,false,39.478,3.194,4.6051,4.6849,-4.02,32.8844,11.61,1.3306,0.4987,0.1581,31.9504,caution,caution,normal,AIoT是技术底座叙事，收入仍围绕智慧电力；可观察但不宜核心纳入。,AI主题收入未量化或仍属二级/转型业务，需复核收入占比、口径和持续披露；当前材料性标记为transition,manual_check,https://push2his.eastmoney.com/api/qt/stock/kline/get?secid=0.001388&fields1=f1%2Cf2%2Cf3%2Cf4%2Cf5%2Cf6&fields2=f51%2Cf52%2Cf53%2Cf54%2Cf55%2Cf56%2Cf57%2Cf58%2Cf59%2Cf60%2Cf61&klt=101&fqt=0&beg=20250329&end=20260702,Eastmoney daily kline fqt=0; avg_amount_20d uses last 20 available trading rows; avg_turnover_20d is percent; returns are close-to-close; volatility_60d is daily return std | ok,https://data.eastmoney.com/bbsj/001388.html;http://basic.10jqka.com.cn/001388/finance.html,"basis=latest annual report preferred; units=percent for growth/margin/ROE/debt, ratio for cashflow/receivables/inventory; flag_rule=caution; triggered=negative net profit growth; receivables/revenue above 35%; data=income:2025-12-31 annual; balance:2025-12-31 annual; cashflow:2025-12-31 annual; ths:2025-12-31 annual",https://data.eastmoney.com/gzfx/detail/001388.html,Eastmoney RPT_VALUEANALYSIS_DET latest TRADE_DATE=2026-07-01; PE_TTM/PB_MRQ/PS_TTM fetched via public datacenter API.,https://www.cs.com.cn/ssgs/01/2026/04/24/detail_2026042410006734.html,中国证券报·中证网年报报道; evidence_date=2026-04-24; evidence_level=secondary_source_with_report_data
002015,协鑫能科,AI,conditional,transition,清洁能源运营、移动能源服务，并布局算力/能源协同业务,算力题材存在，但主营仍偏能源运营，AI收入贡献不清。,26866022361.7,1995800883.37,6.4535,-0.320886,0.009762,0.046716,false,false,62.2036,2.2561,2.8119,5.4013,-17.35,28.3957,3.45,7.8351,0.4059,0.0337,64.6793,caution,pass,normal,有算力/能源协同叙事，但缺少清晰算力收入分部；不宜默认核心。,AI主题收入未量化或仍属二级/转型业务，需复核收入占比、口径和持续披露；当前材料性标记为transition；现有证据对收入量化支持不足,expanded_candidate,https://push2his.eastmoney.com/api/qt/stock/kline/get?secid=0.002015&fields1=f1%2Cf2%2Cf3%2Cf4%2Cf5%2Cf6&fields2=f51%2Cf52%2Cf53%2Cf54%2Cf55%2Cf56%2Cf57%2Cf58%2Cf59%2Cf60%2Cf61&klt=101&fqt=0&beg=20250329&end=20260702,Eastmoney daily kline fqt=0; avg_amount_20d uses last 20 available trading rows; avg_turnover_20d is percent; returns are close-to-close; volatility_60d is daily return std | ok,https://data.eastmoney.com/bbsj/002015.html;http://basic.10jqka.com.cn/002015/finance.html,"basis=latest annual report preferred; units=percent for growth/margin/ROE/debt, ratio for cashflow/receivables/inventory; flag_rule=caution; triggered=negative net profit growth; ROE below 5%; receivables/revenue above 35%; data=income:2025-12-31 annual; balance:2025-12-31 annual; cashflow:2025-12-31 annual; ths:2025-12-31 annual",https://data.eastmoney.com/gzfx/detail/002015.html,Eastmoney RPT_VALUEANALYSIS_DET latest TRADE_DATE=2026-07-01; PE_TTM/PB_MRQ/PS_TTM fetched via public datacenter API.,https://emweb.eastmoney.com/PC_HSF10/BusinessAnalysis/Index?code=SZ002015&type=web,东方财富F10经营分析/公开资料; evidence_date=2025-12-31; evidence_level=secondary_business_profile
002044,美年健康,AI,conditional,transition,健康体检、医疗健康服务、健康管理,AI可用于体检辅助、健康管理和运营效率，但收入贡献不清。,20158407703.45,618526794.9,3.028,-0.031955,-0.085258,0.031996,false,false,65.1893,2.5243,1.9554,-3.2,1.09,41.3592,3.57,6.3081,0.2832,0.0185,55.6105,caution,pass,normal,有医疗AI应用可能，但主营仍是健康体检服务；适合观察或扩展池。,AI主题收入未量化或仍属二级/转型业务，需复核收入占比、口径和持续披露；当前材料性标记为transition,expanded_candidate,https://push2his.eastmoney.com/api/qt/stock/kline/get?secid=0.002044&fields1=f1%2Cf2%2Cf3%2Cf4%2Cf5%2Cf6&fields2=f51%2Cf52%2Cf53%2Cf54%2Cf55%2Cf56%2Cf57%2Cf58%2Cf59%2Cf60%2Cf61&klt=101&fqt=0&beg=20250329&end=20260702,Eastmoney daily kline fqt=0; avg_amount_20d uses last 20 available trading rows; avg_turnover_20d is percent; returns are close-to-close; volatility_60d is daily return std | ok,https://data.eastmoney.com/bbsj/002044.html;http://basic.10jqka.com.cn/002044/finance.html,"basis=latest annual report preferred; units=percent for growth/margin/ROE/debt, ratio for cashflow/receivables/inventory; flag_rule=caution; triggered=negative revenue growth; ROE below 5%; data=income:2025-12-31 annual; balance:2025-12-31 annual; cashflow:2025-12-31 annual; ths:2025-12-31 annual",https://data.eastmoney.com/gzfx/detail/002044.html,Eastmoney RPT_VALUEANALYSIS_DET latest TRADE_DATE=2026-07-01; PE_TTM/PB_MRQ/PS_TTM fetched via public datacenter API.,https://emweb.eastmoney.com/PC_HSF10/BusinessAnalysis/Index?code=SZ002044&type=web,东方财富F10经营分析/公开资料; evidence_date=2025-12-31; evidence_level=secondary_business_profile
002049,紫光国微,AI,conditional,transition,特种集成电路、智能安全芯片、石英晶体元器件等,芯片业务与AI产业链有间接相关性，但不是清晰AI算力业务。,70561733629.2,3022176028.21,4.4135,0.077312,0.260243,0.030743,false,false,44.437,5.2726,11.092,11.5177,21.86,55.559,11.1,0.5334,0.6895,0.365,27.4044,caution,pass,normal,主营为集成电路和安全芯片，AI相关性偏上游/间接。,AI主题收入未量化或仍属二级/转型业务，需复核收入占比、口径和持续披露；当前材料性标记为transition,expanded_candidate,https://push2his.eastmoney.com/api/qt/stock/kline/get?secid=0.002049&fields1=f1%2Cf2%2Cf3%2Cf4%2Cf5%2Cf6&fields2=f51%2Cf52%2Cf53%2Cf54%2Cf55%2Cf56%2Cf57%2Cf58%2Cf59%2Cf60%2Cf61&klt=101&fqt=0&beg=20250329&end=20260702,Eastmoney daily kline fqt=0; avg_amount_20d uses last 20 available trading rows; avg_turnover_20d is percent; returns are close-to-close; volatility_60d is daily return std | ok,https://data.eastmoney.com/bbsj/002049.html;http://basic.10jqka.com.cn/002049/finance.html,"basis=latest annual report preferred; units=percent for growth/margin/ROE/debt, ratio for cashflow/receivables/inventory; flag_rule=caution; triggered=receivables/revenue above 35%; data=income:2025-12-31 annual; balance:2025-12-31 annual; cashflow:2025-12-31 annual; ths:2025-12-31 annual",https://data.eastmoney.com/gzfx/detail/002049.html,Eastmoney RPT_VALUEANALYSIS_DET latest TRADE_DATE=2026-07-01; PE_TTM/PB_MRQ/PS_TTM fetched via public datacenter API.,https://emweb.eastmoney.com/PC_HSF10/BusinessAnalysis/Index?code=SZ002049&type=web,公开公司资料/F10经营分析; evidence_date=2025-12-31; evidence_level=secondary_business_profile
002049,紫光国微,商业航天,conditional,transition,特种集成电路、智能安全芯片、石英晶体元器件等,可能是航天电子上游供应链，但商业航天材料性证据不足。,70561733629.2,3022176028.21,4.4135,0.077312,0.260243,0.030743,false,false,44.437,5.2726,11.092,11.5177,21.86,55.559,11.1,0.5334,0.6895,0.365,27.4044,caution,pass,normal,高可靠芯片与航天链条有业务相关性，缺少商业航天收入占比。,商业航天主题收入未量化或仍属二级/转型业务，需复核收入占比、口径和持续披露；当前材料性标记为transition；现有证据对收入量化支持不足,expanded_candidate,https://push2his.eastmoney.com/api/qt/stock/kline/get?secid=0.002049&fields1=f1%2Cf2%2Cf3%2Cf4%2Cf5%2Cf6&fields2=f51%2Cf52%2Cf53%2Cf54%2Cf55%2Cf56%2Cf57%2Cf58%2Cf59%2Cf60%2Cf61&klt=101&fqt=0&beg=20250329&end=20260702,Eastmoney daily kline fqt=0; avg_amount_20d uses last 20 available trading rows; avg_turnover_20d is percent; returns are close-to-close; volatility_60d is daily return std | ok,https://data.eastmoney.com/bbsj/002049.html;http://basic.10jqka.com.cn/002049/finance.html,"basis=latest annual report preferred; units=percent for growth/margin/ROE/debt, ratio for cashflow/receivables/inventory; flag_rule=caution; triggered=receivables/revenue above 35%; data=income:2025-12-31 annual; balance:2025-12-31 annual; cashflow:2025-12-31 annual; ths:2025-12-31 annual",https://data.eastmoney.com/gzfx/detail/002049.html,Eastmoney RPT_VALUEANALYSIS_DET latest TRADE_DATE=2026-07-01; PE_TTM/PB_MRQ/PS_TTM fetched via public datacenter API.,https://emweb.eastmoney.com/PC_HSF10/BusinessAnalysis/Index?code=SZ002049&type=web,公开公司资料/F10经营分析; evidence_date=2025-12-31; evidence_level=secondary_business_profile
002065,东华软件,AI,conditional,transition,行业应用软件、系统集成、云计算和数据服务,软件公司具备AI应用和算力服务承接可能，但缺少主题收入拆分。,22855089333.75,285834150.27,1.3615,-0.042953,-0.102015,0.021493,false,false,47.4188,1.8535,1.8075,-2.9589,-4.49,20.7784,3.93,6.8315,0.5303,0.7421,50.0793,caution,pass,normal,AI概念有业务基础，但不能按核心算力股处理。,AI主题收入未量化或仍属二级/转型业务，需复核收入占比、口径和持续披露；当前材料性标记为transition,expanded_candidate,https://push2his.eastmoney.com/api/qt/stock/kline/get?secid=0.002065&fields1=f1%2Cf2%2Cf3%2Cf4%2Cf5%2Cf6&fields2=f51%2Cf52%2Cf53%2Cf54%2Cf55%2Cf56%2Cf57%2Cf58%2Cf59%2Cf60%2Cf61&klt=101&fqt=0&beg=20250329&end=20260702,Eastmoney daily kline fqt=0; avg_amount_20d uses last 20 available trading rows; avg_turnover_20d is percent; returns are close-to-close; volatility_60d is daily return std | ok,https://data.eastmoney.com/bbsj/002065.html;http://basic.10jqka.com.cn/002065/finance.html,"basis=latest annual report preferred; units=percent for growth/margin/ROE/debt, ratio for cashflow/receivables/inventory; flag_rule=caution; triggered=negative revenue growth; negative net profit growth; ROE below 5%; receivables/revenue above 35%; inventory/revenue above 50%; data=income:2025-12-31 annual; balance:2025-12-31 annual; cashflow:2025-12-31 annual; ths:2025-12-31 annual",https://data.eastmoney.com/gzfx/detail/002065.html,Eastmoney RPT_VALUEANALYSIS_DET latest TRADE_DATE=2026-07-01; PE_TTM/PB_MRQ/PS_TTM fetched via public datacenter API.,https://emweb.eastmoney.com/PC_HSF10/BusinessAnalysis/Index?code=SZ002065&type=web,东方财富F10经营分析/公开资料; evidence_date=2025-12-31; evidence_level=secondary_business_profile
002131,利欧股份,AI,conditional,transition,机械泵制造、数字营销和互联网广告服务,AIGC更多是营销工具或降本增效，不是清晰AI主营。,32572255561.43,1339269688.69,4.374,-0.172117,-0.354362,0.033405,false,false,-749.2414,2.4984,1.5807,-5.2907,113.01,8.7649,0.27,13.3707,0.2867,0.0339,40.8214,caution,pass,loss_or_negative,数字营销与AIGC应用相关，但主题收入贡献不清。,AI主题收入未量化或仍属二级/转型业务，需复核收入占比、口径和持续披露；当前材料性标记为transition,expanded_candidate,https://push2his.eastmoney.com/api/qt/stock/kline/get?secid=0.002131&fields1=f1%2Cf2%2Cf3%2Cf4%2Cf5%2Cf6&fields2=f51%2Cf52%2Cf53%2Cf54%2Cf55%2Cf56%2Cf57%2Cf58%2Cf59%2Cf60%2Cf61&klt=101&fqt=0&beg=20250329&end=20260702,Eastmoney daily kline fqt=0; avg_amount_20d uses last 20 available trading rows; avg_turnover_20d is percent; returns are close-to-close; volatility_60d is daily return std | ok,https://data.eastmoney.com/bbsj/002131.html;http://basic.10jqka.com.cn/002131/finance.html,"basis=latest annual report preferred; units=percent for growth/margin/ROE/debt, ratio for cashflow/receivables/inventory; flag_rule=caution; triggered=negative revenue growth; gross margin below 15%; ROE below 5%; data=income:2025-12-31 annual; balance:2025-12-31 annual; cashflow:2025-12-31 annual; ths:2025-12-31 annual",https://data.eastmoney.com/gzfx/detail/002131.html,Eastmoney RPT_VALUEANALYSIS_DET latest TRADE_DATE=2026-07-01; PE_TTM/PB_MRQ/PS_TTM fetched via public datacenter API.,https://emweb.eastmoney.com/PC_HSF10/BusinessAnalysis/Index?code=SZ002131&type=web,东方财富F10经营分析/公开资料; evidence_date=2025-12-31; evidence_level=secondary_business_profile
002151,北斗星通,商业航天,core,core,北斗导航定位芯片、板卡、模块、终端及位置数据服务,北斗导航是商业航天/卫星应用核心下游，主题业务清晰。,17628317345.11,488952374.71,3.3565,-0.055556,-0.114294,0.025891,false,false,-83.2981,3.6858,7.1026,47.6728,26.47,35.3453,-5.16,-1.529,0.2611,0.3709,21.4276,fail,pass,loss_or_negative,北斗导航主业明确，适合作为商业航天核心候选。,虽为核心匹配，但专属主题收入未单独量化，需跟踪收入拆分和披露口径,reject_for_trading_pool,https://push2his.eastmoney.com/api/qt/stock/kline/get?secid=0.002151&fields1=f1%2Cf2%2Cf3%2Cf4%2Cf5%2Cf6&fields2=f51%2Cf52%2Cf53%2Cf54%2Cf55%2Cf56%2Cf57%2Cf58%2Cf59%2Cf60%2Cf61&klt=101&fqt=0&beg=20250329&end=20260702,Eastmoney daily kline fqt=0; avg_amount_20d uses last 20 available trading rows; avg_turnover_20d is percent; returns are close-to-close; volatility_60d is daily return std | ok,https://data.eastmoney.com/bbsj/002151.html;http://basic.10jqka.com.cn/002151/finance.html,"basis=latest annual report preferred; units=percent for growth/margin/ROE/debt, ratio for cashflow/receivables/inventory; flag_rule=fail; triggered=ROE below 5%; negative operating cashflow/net profit; data=income:2025-12-31 annual; balance:2025-12-31 annual; cashflow:2025-12-31 annual; ths:2025-12-31 annual",https://data.eastmoney.com/gzfx/detail/002151.html,Eastmoney RPT_VALUEANALYSIS_DET latest TRADE_DATE=2026-07-01; PE_TTM/PB_MRQ/PS_TTM fetched via public datacenter API.,https://emweb.eastmoney.com/PC_HSF10/BusinessAnalysis/Index?code=SZ002151&type=web,东方财富F10经营分析/公开资料; evidence_date=2025-12-31; evidence_level=secondary_business_profile
002197,证通电子,AI,conditional,transition,金融科技设备、数据中心/IDC、支付安全和云服务相关业务,IDC/数据中心与算力相关，但AI算力材料性需要年报分部确认。,3729182972.96,107264136.97,3.2515,-0.080303,-0.19496,0.028447,false,false,-10.0608,2.1133,3.5947,7.1481,0.1,15.1193,-19.25,-0.8066,0.6261,0.0939,67.0567,fail,pass,loss_or_negative,存在数据中心/云服务基础，但AI主题不是纯核心。,AI主题收入未量化或仍属二级/转型业务，需复核收入占比、口径和持续披露；当前材料性标记为transition,reject_for_trading_pool,https://push2his.eastmoney.com/api/qt/stock/kline/get?secid=0.002197&fields1=f1%2Cf2%2Cf3%2Cf4%2Cf5%2Cf6&fields2=f51%2Cf52%2Cf53%2Cf54%2Cf55%2Cf56%2Cf57%2Cf58%2Cf59%2Cf60%2Cf61&klt=101&fqt=0&beg=20250329&end=20260702,Eastmoney daily kline fqt=0; avg_amount_20d uses last 20 available trading rows; avg_turnover_20d is percent; returns are close-to-close; volatility_60d is daily return std | ok,https://data.eastmoney.com/bbsj/002197.html;http://basic.10jqka.com.cn/002197/finance.html,"basis=latest annual report preferred; units=percent for growth/margin/ROE/debt, ratio for cashflow/receivables/inventory; flag_rule=fail; triggered=ROE below 5%; negative operating cashflow/net profit; receivables/revenue above 35%; data=income:2025-12-31 annual; balance:2025-12-31 annual; cashflow:2025-12-31 annual; ths:2025-12-31 annual",https://data.eastmoney.com/gzfx/detail/002197.html,Eastmoney RPT_VALUEANALYSIS_DET latest TRADE_DATE=2026-07-01; PE_TTM/PB_MRQ/PS_TTM fetched via public datacenter API.,https://emweb.eastmoney.com/PC_HSF10/BusinessAnalysis/Index?code=SZ002197&type=web,东方财富F10经营分析/公开资料; evidence_date=2025-12-31; evidence_level=secondary_business_profile
002212,天融信,AI,conditional,transition,网络安全、大数据安全、云安全及安全服务,AI可用于安全产品增强，但主营仍为网络安全。,6888010653.36,192997726.01,2.6975,-0.120482,-0.198903,0.024745,false,false,164.798,0.724,2.8031,-8.8114,-10.59,66.3027,0.77,2.2014,1.0377,0.1517,14.2445,caution,pass,high,AI安全方向有业务相邻性，收入贡献不清。,AI主题收入未量化或仍属二级/转型业务，需复核收入占比、口径和持续披露；当前材料性标记为transition,expanded_candidate,https://push2his.eastmoney.com/api/qt/stock/kline/get?secid=0.002212&fields1=f1%2Cf2%2Cf3%2Cf4%2Cf5%2Cf6&fields2=f51%2Cf52%2Cf53%2Cf54%2Cf55%2Cf56%2Cf57%2Cf58%2Cf59%2Cf60%2Cf61&klt=101&fqt=0&beg=20250329&end=20260702,Eastmoney daily kline fqt=0; avg_amount_20d uses last 20 available trading rows; avg_turnover_20d is percent; returns are close-to-close; volatility_60d is daily return std | ok,https://data.eastmoney.com/bbsj/002212.html;http://basic.10jqka.com.cn/002212/finance.html,"basis=latest annual report preferred; units=percent for growth/margin/ROE/debt, ratio for cashflow/receivables/inventory; flag_rule=caution; triggered=negative revenue growth; negative net profit growth; ROE below 5%; receivables/revenue above 35%; data=income:2025-12-31 annual; balance:2025-12-31 annual; cashflow:2025-12-31 annual; ths:2025-12-31 annual",https://data.eastmoney.com/gzfx/detail/002212.html,Eastmoney RPT_VALUEANALYSIS_DET latest TRADE_DATE=2026-07-01; PE_TTM/PB_MRQ/PS_TTM fetched via public datacenter API.,https://emweb.eastmoney.com/PC_HSF10/BusinessAnalysis/Index?code=SZ002212&type=web,东方财富F10经营分析/公开资料; evidence_date=2025-12-31; evidence_level=secondary_business_profile
002229,鸿博股份,AI,conditional,transition,彩票印刷、包装印刷及算力服务布局,算力业务属于真实转型方向，但相对传统主业和稳定收入仍需核实。,5304287006.72,462905529.08,7.4355,-0.249825,-0.382794,0.0422,false,false,-20.2958,4.968,12.5265,98.6336,50.3,17.3614,-12.38,0.9475,0.2338,0.1349,44.827,fail,pass,loss_or_negative,算力转型叙事较强，但不直接判核心。,AI主题收入未量化或仍属二级/转型业务，需复核收入占比、口径和持续披露；当前材料性标记为transition,reject_for_trading_pool,https://push2his.eastmoney.com/api/qt/stock/kline/get?secid=0.002229&fields1=f1%2Cf2%2Cf3%2Cf4%2Cf5%2Cf6&fields2=f51%2Cf52%2Cf53%2Cf54%2Cf55%2Cf56%2Cf57%2Cf58%2Cf59%2Cf60%2Cf61&klt=101&fqt=0&beg=20250329&end=20260702,Eastmoney daily kline fqt=0; avg_amount_20d uses last 20 available trading rows; avg_turnover_20d is percent; returns are close-to-close; volatility_60d is daily return std | ok,https://data.eastmoney.com/bbsj/002229.html;http://basic.10jqka.com.cn/002229/finance.html,"basis=latest annual report preferred; units=percent for growth/margin/ROE/debt, ratio for cashflow/receivables/inventory; flag_rule=fail; triggered=ROE below 5%; data=income:2025-12-31 annual; balance:2025-12-31 annual; cashflow:2025-12-31 annual; ths:2025-12-31 annual",https://data.eastmoney.com/gzfx/detail/002229.html,Eastmoney RPT_VALUEANALYSIS_DET latest TRADE_DATE=2026-07-01; PE_TTM/PB_MRQ/PS_TTM fetched via public datacenter API.,https://emweb.eastmoney.com/PC_HSF10/BusinessAnalysis/Index?code=SZ002229&type=web,东方财富F10经营分析/公开资料; evidence_date=2025-12-31; evidence_level=secondary_business_profile
002230,科大讯飞,AI,core,core,智能语音、认知大模型、教育/医疗/政企AI应用,AI是公司核心业务与品牌定位，不是单纯概念标签。,98197023900.08,2054089314.11,2.2155,-0.13955,-0.10898,0.022741,false,false,114.214,5.2277,3.5552,16.1174,49.85,42.3568,4.57,3.8219,0.6012,0.1118,55.7205,caution,pass,high,主营为智能语音与认知智能，AI主题明确。,虽为核心匹配，但专属主题收入未单独量化，需跟踪收入拆分和披露口径,watch_only,https://push2his.eastmoney.com/api/qt/stock/kline/get?secid=0.002230&fields1=f1%2Cf2%2Cf3%2Cf4%2Cf5%2Cf6&fields2=f51%2Cf52%2Cf53%2Cf54%2Cf55%2Cf56%2Cf57%2Cf58%2Cf59%2Cf60%2Cf61&klt=101&fqt=0&beg=20250329&end=20260702,Eastmoney daily kline fqt=0; avg_amount_20d uses last 20 available trading rows; avg_turnover_20d is percent; returns are close-to-close; volatility_60d is daily return std | ok,https://data.eastmoney.com/bbsj/002230.html;http://basic.10jqka.com.cn/002230/finance.html,"basis=latest annual report preferred; units=percent for growth/margin/ROE/debt, ratio for cashflow/receivables/inventory; flag_rule=caution; triggered=ROE below 5%; receivables/revenue above 35%; data=income:2025-12-31 annual; balance:2025-12-31 annual; cashflow:2025-12-31 annual; ths:2025-12-31 annual",https://data.eastmoney.com/gzfx/detail/002230.html,Eastmoney RPT_VALUEANALYSIS_DET latest TRADE_DATE=2026-07-01; PE_TTM/PB_MRQ/PS_TTM fetched via public datacenter API.,https://emweb.eastmoney.com/PC_HSF10/BusinessAnalysis/Index?code=SZ002230&type=web,公司公开资料/东方财富F10经营分析; evidence_date=2025-12-31; evidence_level=secondary_business_profile
002236,大华股份,AI,core,core,视频物联、智慧视觉、智能安防、机器视觉及相关解决方案,AI视觉和智能物联是核心产品能力，主题相关性强。,53158201323.24,591981733.07,1.5145,-0.043529,-0.032143,0.018577,false,false,13.89,1.4106,1.6234,1.749,32.77,40.6221,10.42,1.0129,0.4726,0.186,26.7977,caution,pass,normal,AI视觉能力嵌入主业，适合作为AI核心候选。,虽为核心匹配，但专属主题收入未单独量化，需跟踪收入拆分和披露口径,watch_only,https://push2his.eastmoney.com/api/qt/stock/kline/get?secid=0.002236&fields1=f1%2Cf2%2Cf3%2Cf4%2Cf5%2Cf6&fields2=f51%2Cf52%2Cf53%2Cf54%2Cf55%2Cf56%2Cf57%2Cf58%2Cf59%2Cf60%2Cf61&klt=101&fqt=0&beg=20250329&end=20260702,Eastmoney daily kline fqt=0; avg_amount_20d uses last 20 available trading rows; avg_turnover_20d is percent; returns are close-to-close; volatility_60d is daily return std | ok,https://data.eastmoney.com/bbsj/002236.html;http://basic.10jqka.com.cn/002236/finance.html,"basis=latest annual report preferred; units=percent for growth/margin/ROE/debt, ratio for cashflow/receivables/inventory; flag_rule=caution; triggered=receivables/revenue above 35%; data=income:2025-12-31 annual; balance:2025-12-31 annual; cashflow:2025-12-31 annual; ths:2025-12-31 annual",https://data.eastmoney.com/gzfx/detail/002236.html,Eastmoney RPT_VALUEANALYSIS_DET latest TRADE_DATE=2026-07-01; PE_TTM/PB_MRQ/PS_TTM fetched via public datacenter API.,https://emweb.eastmoney.com/PC_HSF10/BusinessAnalysis/Index?code=SZ002236&type=web,公司公开资料/东方财富F10经营分析; evidence_date=2025-12-31; evidence_level=secondary_business_profile
002279,久其软件,AI,conditional,transition,管理软件、电子政务、数据治理和企业数字化服务,AI主要是软件产品升级方向，收入贡献不明。,5112886745.03,192306477.83,3.658,-0.151862,-0.259074,0.029065,false,false,67.3768,3.6182,1.9972,-35.9283,128.76,40.8595,3.1,2.3161,0.2009,0.011,39.2375,caution,pass,normal,有AI应用空间，但不是AI核心主营。,AI主题收入未量化或仍属二级/转型业务，需复核收入占比、口径和持续披露；当前材料性标记为transition,expanded_candidate,https://push2his.eastmoney.com/api/qt/stock/kline/get?secid=0.002279&fields1=f1%2Cf2%2Cf3%2Cf4%2Cf5%2Cf6&fields2=f51%2Cf52%2Cf53%2Cf54%2Cf55%2Cf56%2Cf57%2Cf58%2Cf59%2Cf60%2Cf61&klt=101&fqt=0&beg=20250329&end=20260702,Eastmoney daily kline fqt=0; avg_amount_20d uses last 20 available trading rows; avg_turnover_20d is percent; returns are close-to-close; volatility_60d is daily return std | ok,https://data.eastmoney.com/bbsj/002279.html;http://basic.10jqka.com.cn/002279/finance.html,"basis=latest annual report preferred; units=percent for growth/margin/ROE/debt, ratio for cashflow/receivables/inventory; flag_rule=caution; triggered=negative revenue growth; ROE below 5%; data=income:2025-12-31 annual; balance:2025-12-31 annual; cashflow:2025-12-31 annual; ths:2025-12-31 annual",https://data.eastmoney.com/gzfx/detail/002279.html,Eastmoney RPT_VALUEANALYSIS_DET latest TRADE_DATE=2026-07-01; PE_TTM/PB_MRQ/PS_TTM fetched via public datacenter API.,https://emweb.eastmoney.com/PC_HSF10/BusinessAnalysis/Index?code=SZ002279&type=web,东方财富F10经营分析/公开资料; evidence_date=2025-12-31; evidence_level=secondary_business_profile
002313,日海智能,AI,conditional,transition,物联网通信模组、通信服务、智能终端及云平台,物联网通信与AI终端有相邻性，但不是清晰AI算力。,2875392000.0,64740421.86,2.123,-0.152318,-0.091124,0.033423,false,false,-16.0276,39.3004,1.0718,-7.5043,-70.37,16.484,480.20,-0.7861,0.2279,0.1205,98.0906,fail,caution,loss_or_negative,AIoT相邻业务存在，默认放扩展池。,AI主题收入未量化或仍属二级/转型业务，需复核收入占比、口径和持续披露；当前材料性标记为transition,reject_for_trading_pool,https://push2his.eastmoney.com/api/qt/stock/kline/get?secid=0.002313&fields1=f1%2Cf2%2Cf3%2Cf4%2Cf5%2Cf6&fields2=f51%2Cf52%2Cf53%2Cf54%2Cf55%2Cf56%2Cf57%2Cf58%2Cf59%2Cf60%2Cf61&klt=101&fqt=0&beg=20250329&end=20260702,Eastmoney daily kline fqt=0; avg_amount_20d uses last 20 available trading rows; avg_turnover_20d is percent; returns are close-to-close; volatility_60d is daily return std | ok,https://data.eastmoney.com/bbsj/002313.html;http://basic.10jqka.com.cn/002313/finance.html,"basis=latest annual report preferred; units=percent for growth/margin/ROE/debt, ratio for cashflow/receivables/inventory; flag_rule=fail; triggered=negative revenue growth; negative net profit growth; negative operating cashflow/net profit; debt/assets at or above 85%; data=income:2025-12-31 annual; balance:2025-12-31 annual; cashflow:2025-12-31 annual; ths:2025-12-31 annual",https://data.eastmoney.com/gzfx/detail/002313.html,Eastmoney RPT_VALUEANALYSIS_DET latest TRADE_DATE=2026-07-01; PE_TTM/PB_MRQ/PS_TTM fetched via public datacenter API.,https://emweb.eastmoney.com/PC_HSF10/BusinessAnalysis/Index?code=SZ002313&type=web,东方财富F10经营分析/公开资料; evidence_date=2025-12-31; evidence_level=secondary_business_profile
002354,天娱数科,AI,conditional,transition,游戏、数字营销、数据流量运营及虚拟数字业务,AIGC与数字内容业务相邻，但核心收入证明不足。,17108417378.8,2937687436.48,21.9895,0.673139,0.856373,0.053186,false,false,-652.0752,11.3096,7.2709,31.573,58.58,25.3143,-4.08,-2.3799,0.2615,0.0115,33.9093,fail,pass,loss_or_negative,适合作为应用层观察，不宜核心。,AI主题收入未量化或仍属二级/转型业务，需复核收入占比、口径和持续披露；当前材料性标记为transition,reject_for_trading_pool,https://push2his.eastmoney.com/api/qt/stock/kline/get?secid=0.002354&fields1=f1%2Cf2%2Cf3%2Cf4%2Cf5%2Cf6&fields2=f51%2Cf52%2Cf53%2Cf54%2Cf55%2Cf56%2Cf57%2Cf58%2Cf59%2Cf60%2Cf61&klt=101&fqt=0&beg=20250329&end=20260702,Eastmoney daily kline fqt=0; avg_amount_20d uses last 20 available trading rows; avg_turnover_20d is percent; returns are close-to-close; volatility_60d is daily return std | ok,https://data.eastmoney.com/bbsj/002354.html;http://basic.10jqka.com.cn/002354/finance.html,"basis=latest annual report preferred; units=percent for growth/margin/ROE/debt, ratio for cashflow/receivables/inventory; flag_rule=fail; triggered=ROE below 5%; negative operating cashflow/net profit; data=income:2025-12-31 annual; balance:2025-12-31 annual; cashflow:2025-12-31 annual; ths:2025-12-31 annual",https://data.eastmoney.com/gzfx/detail/002354.html,Eastmoney RPT_VALUEANALYSIS_DET latest TRADE_DATE=2026-07-01; PE_TTM/PB_MRQ/PS_TTM fetched via public datacenter API.,https://emweb.eastmoney.com/PC_HSF10/BusinessAnalysis/Index?code=SZ002354&type=web,东方财富F10经营分析/公开资料; evidence_date=2025-12-31; evidence_level=secondary_business_profile
002361,神剑股份,商业航天,conditional,transition,化工材料、复合材料及航空航天相关材料配套,可能是航天上游材料配套，但主题收入不清。,14046786492.13,2779149417.15,21.1955,-0.03653,-0.145749,0.051198,false,false,-3700.3588,6.4799,5.9408,0.0432,-60.48,13.4353,0.59,10.3406,0.5886,0.1264,51.4397,caution,pass,loss_or_negative,作为上游材料可条件观察，不能直接核心。,商业航天主题收入未量化或仍属二级/转型业务，需复核收入占比、口径和持续披露；当前材料性标记为transition,expanded_candidate,https://push2his.eastmoney.com/api/qt/stock/kline/get?secid=0.002361&fields1=f1%2Cf2%2Cf3%2Cf4%2Cf5%2Cf6&fields2=f51%2Cf52%2Cf53%2Cf54%2Cf55%2Cf56%2Cf57%2Cf58%2Cf59%2Cf60%2Cf61&klt=101&fqt=0&beg=20250329&end=20260702,Eastmoney daily kline fqt=0; avg_amount_20d uses last 20 available trading rows; avg_turnover_20d is percent; returns are close-to-close; volatility_60d is daily return std | ok,https://data.eastmoney.com/bbsj/002361.html;http://basic.10jqka.com.cn/002361/finance.html,"basis=latest annual report preferred; units=percent for growth/margin/ROE/debt, ratio for cashflow/receivables/inventory; flag_rule=caution; triggered=negative net profit growth; gross margin below 15%; ROE below 5%; receivables/revenue above 35%; data=income:2025-12-31 annual; balance:2025-12-31 annual; cashflow:2025-12-31 annual; ths:2025-12-31 annual",https://data.eastmoney.com/gzfx/detail/002361.html,Eastmoney RPT_VALUEANALYSIS_DET latest TRADE_DATE=2026-07-01; PE_TTM/PB_MRQ/PS_TTM fetched via public datacenter API.,https://emweb.eastmoney.com/PC_HSF10/BusinessAnalysis/Index?code=SZ002361&type=web,东方财富F10经营分析/公开资料; evidence_date=2025-12-31; evidence_level=secondary_business_profile
002373,千方科技,AI,conditional,transition,智能交通、视频AI、城市交通大数据和物联网解决方案,AI是智能交通能力的一部分，但主题收入贡献不清。,11440562676.6,159828765.08,1.5455,-0.069409,-0.237092,0.023115,false,false,225.014,1.0003,1.4542,13.3526,122.51,31.2042,2.37,2.8922,0.4666,0.2329,33.5577,caution,pass,high,AI应用与主业结合，适合扩展池。,AI主题收入未量化或仍属二级/转型业务，需复核收入占比、口径和持续披露；当前材料性标记为transition,expanded_candidate,https://push2his.eastmoney.com/api/qt/stock/kline/get?secid=0.002373&fields1=f1%2Cf2%2Cf3%2Cf4%2Cf5%2Cf6&fields2=f51%2Cf52%2Cf53%2Cf54%2Cf55%2Cf56%2Cf57%2Cf58%2Cf59%2Cf60%2Cf61&klt=101&fqt=0&beg=20250329&end=20260702,Eastmoney daily kline fqt=0; avg_amount_20d uses last 20 available trading rows; avg_turnover_20d is percent; returns are close-to-close; volatility_60d is daily return std | ok,https://data.eastmoney.com/bbsj/002373.html;http://basic.10jqka.com.cn/002373/finance.html,"basis=latest annual report preferred; units=percent for growth/margin/ROE/debt, ratio for cashflow/receivables/inventory; flag_rule=caution; triggered=ROE below 5%; receivables/revenue above 35%; data=income:2025-12-31 annual; balance:2025-12-31 annual; cashflow:2025-12-31 annual; ths:2025-12-31 annual",https://data.eastmoney.com/gzfx/detail/002373.html,Eastmoney RPT_VALUEANALYSIS_DET latest TRADE_DATE=2026-07-01; PE_TTM/PB_MRQ/PS_TTM fetched via public datacenter API.,https://emweb.eastmoney.com/PC_HSF10/BusinessAnalysis/Index?code=SZ002373&type=web,东方财富F10经营分析/公开资料; evidence_date=2025-12-31; evidence_level=secondary_business_profile
002410,广联达,AI,conditional,transition,建筑工程造价、施工管理和数字建筑平台软件,AI是软件能力增强项，非单独核心收入。,13876332472.8,244204204.83,1.7665,-0.135802,-0.237057,0.021825,false,false,33.8477,2.2806,2.2991,-2.2806,61.77,85.9493,6.8,2.6091,0.1372,0.0058,39.048,caution,pass,normal,应用层AI，适合扩展池。,AI主题收入未量化或仍属二级/转型业务，需复核收入占比、口径和持续披露；当前材料性标记为transition,expanded_candidate,https://push2his.eastmoney.com/api/qt/stock/kline/get?secid=0.002410&fields1=f1%2Cf2%2Cf3%2Cf4%2Cf5%2Cf6&fields2=f51%2Cf52%2Cf53%2Cf54%2Cf55%2Cf56%2Cf57%2Cf58%2Cf59%2Cf60%2Cf61&klt=101&fqt=0&beg=20250329&end=20260702,Eastmoney daily kline fqt=0; avg_amount_20d uses last 20 available trading rows; avg_turnover_20d is percent; returns are close-to-close; volatility_60d is daily return std | ok,https://data.eastmoney.com/bbsj/002410.html;http://basic.10jqka.com.cn/002410/finance.html,"basis=latest annual report preferred; units=percent for growth/margin/ROE/debt, ratio for cashflow/receivables/inventory; flag_rule=caution; triggered=negative revenue growth; data=income:2025-12-31 annual; balance:2025-12-31 annual; cashflow:2025-12-31 annual; ths:2025-12-31 annual",https://data.eastmoney.com/gzfx/detail/002410.html,Eastmoney RPT_VALUEANALYSIS_DET latest TRADE_DATE=2026-07-01; PE_TTM/PB_MRQ/PS_TTM fetched via public datacenter API.,https://emweb.eastmoney.com/PC_HSF10/BusinessAnalysis/Index?code=SZ002410&type=web,东方财富F10经营分析/公开资料; evidence_date=2025-12-31; evidence_level=secondary_business_profile
002413,雷科防务,AI,conditional,transition,雷达、卫星导航、智能感知、电子信息系统及防务电子,智能感知与AI相邻，收入贡献不清。,13246180879.0,598054888.01,4.581,-0.050142,-0.260677,0.027497,false,false,-202.02,4.0479,8.7963,17.2506,78.09,31.8172,-2.57,-2.8618,0.756,0.6542,36.2473,fail,pass,loss_or_negative,AI相关性来自智能感知和电子系统，非纯AI算力。,AI主题收入未量化或仍属二级/转型业务，需复核收入占比、口径和持续披露；当前材料性标记为transition,reject_for_trading_pool,https://push2his.eastmoney.com/api/qt/stock/kline/get?secid=0.002413&fields1=f1%2Cf2%2Cf3%2Cf4%2Cf5%2Cf6&fields2=f51%2Cf52%2Cf53%2Cf54%2Cf55%2Cf56%2Cf57%2Cf58%2Cf59%2Cf60%2Cf61&klt=101&fqt=0&beg=20250329&end=20260702,Eastmoney daily kline fqt=0; avg_amount_20d uses last 20 available trading rows; avg_turnover_20d is percent; returns are close-to-close; volatility_60d is daily return std | ok,https://data.eastmoney.com/bbsj/002413.html;http://basic.10jqka.com.cn/002413/finance.html,"basis=latest annual report preferred; units=percent for growth/margin/ROE/debt, ratio for cashflow/receivables/inventory; flag_rule=fail; triggered=ROE below 5%; negative operating cashflow/net profit; receivables/revenue above 35%; inventory/revenue above 50%; data=income:2025-12-31 annual; balance:2025-12-31 annual; cashflow:2025-12-31 annual; ths:2025-12-31 annual",https://data.eastmoney.com/gzfx/detail/002413.html,Eastmoney RPT_VALUEANALYSIS_DET latest TRADE_DATE=2026-07-01; PE_TTM/PB_MRQ/PS_TTM fetched via public datacenter API.,https://emweb.eastmoney.com/PC_HSF10/BusinessAnalysis/Index?code=SZ002413&type=web,东方财富F10经营分析/公开资料; evidence_date=2025-12-31; evidence_level=secondary_business_profile
002413,雷科防务,商业航天,conditional,transition,雷达、卫星导航、卫星通信、微波射频及防务电子,卫星导航与通信业务链条直接，适合作为商业航天扩展或核心候选。,13246180879.0,598054888.01,4.581,-0.050142,-0.260677,0.027497,false,false,-202.02,4.0479,8.7963,17.2506,78.09,31.8172,-2.57,-2.8618,0.756,0.6542,36.2473,fail,pass,loss_or_negative,业务与北斗/卫星通信直接相关，但缺收入占比。,商业航天主题收入未量化或仍属二级/转型业务，需复核收入占比、口径和持续披露；当前材料性标记为transition；现有证据对收入量化支持不足,reject_for_trading_pool,https://push2his.eastmoney.com/api/qt/stock/kline/get?secid=0.002413&fields1=f1%2Cf2%2Cf3%2Cf4%2Cf5%2Cf6&fields2=f51%2Cf52%2Cf53%2Cf54%2Cf55%2Cf56%2Cf57%2Cf58%2Cf59%2Cf60%2Cf61&klt=101&fqt=0&beg=20250329&end=20260702,Eastmoney daily kline fqt=0; avg_amount_20d uses last 20 available trading rows; avg_turnover_20d is percent; returns are close-to-close; volatility_60d is daily return std | ok,https://data.eastmoney.com/bbsj/002413.html;http://basic.10jqka.com.cn/002413/finance.html,"basis=latest annual report preferred; units=percent for growth/margin/ROE/debt, ratio for cashflow/receivables/inventory; flag_rule=fail; triggered=ROE below 5%; negative operating cashflow/net profit; receivables/revenue above 35%; inventory/revenue above 50%; data=income:2025-12-31 annual; balance:2025-12-31 annual; cashflow:2025-12-31 annual; ths:2025-12-31 annual",https://data.eastmoney.com/gzfx/detail/002413.html,Eastmoney RPT_VALUEANALYSIS_DET latest TRADE_DATE=2026-07-01; PE_TTM/PB_MRQ/PS_TTM fetched via public datacenter API.,https://emweb.eastmoney.com/PC_HSF10/BusinessAnalysis/Index?code=SZ002413&type=web,东方财富F10经营分析/公开资料; evidence_date=2025-12-31; evidence_level=secondary_business_profile
002421,达实智能,AI,conditional,transition,智慧建筑、智慧医疗、数据中心和物联网解决方案,AI智能体概念更多是智慧空间应用，材料性一般。,7379624103.72,2125138307.27,23.5355,-0.286885,0.364706,0.059042,false,false,-11.7179,2.7097,3.4987,-36.1464,-2623.93,20.2569,-21.33,0.0922,0.6524,0.1123,62.9039,fail,pass,loss_or_negative,AI与智慧建筑/物联网相邻，扩展池处理。,AI主题收入未量化或仍属二级/转型业务，需复核收入占比、口径和持续披露；当前材料性标记为transition,reject_for_trading_pool,https://push2his.eastmoney.com/api/qt/stock/kline/get?secid=0.002421&fields1=f1%2Cf2%2Cf3%2Cf4%2Cf5%2Cf6&fields2=f51%2Cf52%2Cf53%2Cf54%2Cf55%2Cf56%2Cf57%2Cf58%2Cf59%2Cf60%2Cf61&klt=101&fqt=0&beg=20250329&end=20260702,Eastmoney daily kline fqt=0; avg_amount_20d uses last 20 available trading rows; avg_turnover_20d is percent; returns are close-to-close; volatility_60d is daily return std | ok,https://data.eastmoney.com/bbsj/002421.html;http://basic.10jqka.com.cn/002421/finance.html,"basis=latest annual report preferred; units=percent for growth/margin/ROE/debt, ratio for cashflow/receivables/inventory; flag_rule=fail; triggered=negative revenue growth; negative net profit growth; ROE below 5%; operating cashflow/net profit below 0.5; receivables/revenue above 35%; data=income:2025-12-31 annual; balance:2025-12-31 annual; cashflow:2025-12-31 annual; ths:2025-12-31 annual",https://data.eastmoney.com/gzfx/detail/002421.html,Eastmoney RPT_VALUEANALYSIS_DET latest TRADE_DATE=2026-07-01; PE_TTM/PB_MRQ/PS_TTM fetched via public datacenter API.,https://emweb.eastmoney.com/PC_HSF10/BusinessAnalysis/Index?code=SZ002421&type=web,东方财富F10经营分析/公开资料; evidence_date=2025-12-31; evidence_level=secondary_business_profile
002446,盛路通信,商业航天,conditional,transition,通信天线、微波器件、军工电子和卫星通信相关产品,微波通信和卫星通信链条相关，业务证据较强但收入占比待核。,10344197681.2,810574941.96,8.706,0.158974,0.151886,0.038025,false,false,147.128,4.0209,8.5499,11.5105,109.29,30.0635,2.79,2.7207,0.6693,0.4357,32.4191,caution,pass,high,卫星通信/微波器件相关性较直接，适合条件纳入。,商业航天主题收入未量化或仍属二级/转型业务，需复核收入占比、口径和持续披露；当前材料性标记为transition,expanded_candidate,https://push2his.eastmoney.com/api/qt/stock/kline/get?secid=0.002446&fields1=f1%2Cf2%2Cf3%2Cf4%2Cf5%2Cf6&fields2=f51%2Cf52%2Cf53%2Cf54%2Cf55%2Cf56%2Cf57%2Cf58%2Cf59%2Cf60%2Cf61&klt=101&fqt=0&beg=20250329&end=20260702,Eastmoney daily kline fqt=0; avg_amount_20d uses last 20 available trading rows; avg_turnover_20d is percent; returns are close-to-close; volatility_60d is daily return std | ok,https://data.eastmoney.com/bbsj/002446.html;http://basic.10jqka.com.cn/002446/finance.html,"basis=latest annual report preferred; units=percent for growth/margin/ROE/debt, ratio for cashflow/receivables/inventory; flag_rule=caution; triggered=ROE below 5%; receivables/revenue above 35%; data=income:2025-12-31 annual; balance:2025-12-31 annual; cashflow:2025-12-31 annual; ths:2025-12-31 annual",https://data.eastmoney.com/gzfx/detail/002446.html,Eastmoney RPT_VALUEANALYSIS_DET latest TRADE_DATE=2026-07-01; PE_TTM/PB_MRQ/PS_TTM fetched via public datacenter API.,https://emweb.eastmoney.com/PC_HSF10/BusinessAnalysis/Index?code=SZ002446&type=web,东方财富F10经营分析/公开资料; evidence_date=2025-12-31; evidence_level=secondary_business_profile
002465,海格通信,商业航天,core,core,无线通信、北斗导航、卫星通信、数智生态和防务通信,北斗导航与卫星通信业务明确，是商业航天核心候选。,31171834386.88,1332821844.81,3.8685,-0.182292,-0.13677,0.034947,false,false,-38.2131,2.7636,7.1632,-10.8068,-1579.92,23.736,-6.53,0.8199,1.2285,0.2942,43.7603,fail,pass,loss_or_negative,北斗+卫星通信业务明确，主题实质强。,虽为核心匹配，但专属主题收入未单独量化，需跟踪收入拆分和披露口径,reject_for_trading_pool,https://push2his.eastmoney.com/api/qt/stock/kline/get?secid=0.002465&fields1=f1%2Cf2%2Cf3%2Cf4%2Cf5%2Cf6&fields2=f51%2Cf52%2Cf53%2Cf54%2Cf55%2Cf56%2Cf57%2Cf58%2Cf59%2Cf60%2Cf61&klt=101&fqt=0&beg=20250329&end=20260702,Eastmoney daily kline fqt=0; avg_amount_20d uses last 20 available trading rows; avg_turnover_20d is percent; returns are close-to-close; volatility_60d is daily return std | ok,https://data.eastmoney.com/bbsj/002465.html;http://basic.10jqka.com.cn/002465/finance.html,"basis=latest annual report preferred; units=percent for growth/margin/ROE/debt, ratio for cashflow/receivables/inventory; flag_rule=fail; triggered=negative revenue growth; negative net profit growth; ROE below 5%; receivables/revenue above 35%; data=income:2025-12-31 annual; balance:2025-12-31 annual; cashflow:2025-12-31 annual; ths:2025-12-31 annual",https://data.eastmoney.com/gzfx/detail/002465.html,Eastmoney RPT_VALUEANALYSIS_DET latest TRADE_DATE=2026-07-01; PE_TTM/PB_MRQ/PS_TTM fetched via public datacenter API.,https://emweb.eastmoney.com/PC_HSF10/BusinessAnalysis/Index?code=SZ002465&type=web,东方财富F10经营分析/公开资料; evidence_date=2025-12-31; evidence_level=secondary_business_profile
002544,普天科技,商业航天,conditional,transition,信息通信网络建设、智慧应用、专网通信及行业信息化,ICT业务与卫星互联网相邻，但直接商业航天收入不清。,12474186203.7,269562941.89,2.0515,-0.125894,-0.269139,0.023311,false,false,501.5029,3.3576,2.5744,-1.7541,124.39,15.4034,0.67,11.0691,0.6797,0.2314,58.7637,caution,pass,high,适合作为卫星互联网产业链扩展项，非核心。,商业航天主题收入未量化或仍属二级/转型业务，需复核收入占比、口径和持续披露；当前材料性标记为transition,expanded_candidate,https://push2his.eastmoney.com/api/qt/stock/kline/get?secid=0.002544&fields1=f1%2Cf2%2Cf3%2Cf4%2Cf5%2Cf6&fields2=f51%2Cf52%2Cf53%2Cf54%2Cf55%2Cf56%2Cf57%2Cf58%2Cf59%2Cf60%2Cf61&klt=101&fqt=0&beg=20250329&end=20260702,Eastmoney daily kline fqt=0; avg_amount_20d uses last 20 available trading rows; avg_turnover_20d is percent; returns are close-to-close; volatility_60d is daily return std | ok,https://data.eastmoney.com/bbsj/002544.html;http://basic.10jqka.com.cn/002544/finance.html,"basis=latest annual report preferred; units=percent for growth/margin/ROE/debt, ratio for cashflow/receivables/inventory; flag_rule=caution; triggered=negative revenue growth; ROE below 5%; receivables/revenue above 35%; data=income:2025-12-31 annual; balance:2025-12-31 annual; cashflow:2025-12-31 annual; ths:2025-12-31 annual",https://data.eastmoney.com/gzfx/detail/002544.html,Eastmoney RPT_VALUEANALYSIS_DET latest TRADE_DATE=2026-07-01; PE_TTM/PB_MRQ/PS_TTM fetched via public datacenter API.,https://emweb.eastmoney.com/PC_HSF10/BusinessAnalysis/Index?code=SZ002544&type=web,东方财富F10经营分析/公开资料; evidence_date=2025-12-31; evidence_level=secondary_business_profile
002583,海能达,商业航天,conditional,transition,专网通信终端、指挥调度、宽窄带融合通信和行业通信解决方案,专网通信与北斗/卫星通信相邻，但商业航天收入证据不足。,14476210272.76,352873614.57,3.112,-0.040915,-0.191684,0.025927,false,false,-46.2125,7.1715,2.4308,-2.1674,92.6,51.5189,-11.53,-0.4628,0.4084,0.2654,79.0943,fail,pass,loss_or_negative,通信链条相关，需年报进一步确认。,商业航天主题收入未量化或仍属二级/转型业务，需复核收入占比、口径和持续披露；当前材料性标记为transition,reject_for_trading_pool,https://push2his.eastmoney.com/api/qt/stock/kline/get?secid=0.002583&fields1=f1%2Cf2%2Cf3%2Cf4%2Cf5%2Cf6&fields2=f51%2Cf52%2Cf53%2Cf54%2Cf55%2Cf56%2Cf57%2Cf58%2Cf59%2Cf60%2Cf61&klt=101&fqt=0&beg=20250329&end=20260702,Eastmoney daily kline fqt=0; avg_amount_20d uses last 20 available trading rows; avg_turnover_20d is percent; returns are close-to-close; volatility_60d is daily return std | ok,https://data.eastmoney.com/bbsj/002583.html;http://basic.10jqka.com.cn/002583/finance.html,"basis=latest annual report preferred; units=percent for growth/margin/ROE/debt, ratio for cashflow/receivables/inventory; flag_rule=fail; triggered=negative revenue growth; ROE below 5%; negative operating cashflow/net profit; receivables/revenue above 35%; debt/assets above 70%; data=income:2025-12-31 annual; balance:2025-12-31 annual; cashflow:2025-12-31 annual; ths:2025-12-31 annual",https://data.eastmoney.com/gzfx/detail/002583.html,Eastmoney RPT_VALUEANALYSIS_DET latest TRADE_DATE=2026-07-01; PE_TTM/PB_MRQ/PS_TTM fetched via public datacenter API.,https://emweb.eastmoney.com/PC_HSF10/BusinessAnalysis/Index?code=SZ002583&type=web,东方财富F10经营分析/公开资料; evidence_date=2025-12-31; evidence_level=secondary_business_profile
002649,博彦科技,AI,conditional,transition,IT咨询、软件开发、数字化解决方案和外包服务,公司具备AI数据、软件和行业解决方案能力，但AI收入贡献不清晰。,4897077924.96,99570104.86,2.1175,-0.132984,-0.276224,0.023657,false,false,111.5225,1.1812,0.7488,-3.1903,-16.2,22.3382,2.51,2.9114,0.2721,0.0236,26.1518,caution,caution,high,主营为软件及IT服务，AI更像行业解决方案能力，适合作为扩展池而非核心AI股。,AI主题收入未量化或仍属二级/转型业务，需复核收入占比、口径和持续披露；当前材料性标记为transition,manual_check,https://push2his.eastmoney.com/api/qt/stock/kline/get?secid=0.002649&fields1=f1%2Cf2%2Cf3%2Cf4%2Cf5%2Cf6&fields2=f51%2Cf52%2Cf53%2Cf54%2Cf55%2Cf56%2Cf57%2Cf58%2Cf59%2Cf60%2Cf61&klt=101&fqt=0&beg=20250329&end=20260702,Eastmoney daily kline fqt=0; avg_amount_20d uses last 20 available trading rows; avg_turnover_20d is percent; returns are close-to-close; volatility_60d is daily return std | ok,https://data.eastmoney.com/bbsj/002649.html;http://basic.10jqka.com.cn/002649/finance.html,"basis=latest annual report preferred; units=percent for growth/margin/ROE/debt, ratio for cashflow/receivables/inventory; flag_rule=caution; triggered=negative revenue growth; negative net profit growth; ROE below 5%; data=income:2025-12-31 annual; balance:2025-12-31 annual; cashflow:2025-12-31 annual; ths:2025-12-31 annual",https://data.eastmoney.com/gzfx/detail/002649.html,Eastmoney RPT_VALUEANALYSIS_DET latest TRADE_DATE=2026-07-01; PE_TTM/PB_MRQ/PS_TTM fetched via public datacenter API.,https://vip.stock.finance.sina.com.cn/corp/go.php/vCI_CorpInfo/stockid/002649.phtml,新浪财经F10公司资料; evidence_date=2025-12-31; evidence_level=secondary_business_profile
002657,中科金财,AI,conditional,transition,金融科技、数据中心、数字人民币和政企数字化服务,AI和算力与公司金融科技、数据中心业务有关，但收入占比仍不透明。,7521950129.4,623015081.54,8.7425,0.203482,0.030755,0.033878,false,false,-72.731,4.4971,9.3051,-20.6686,-81.94,22.5621,-6.16,0.3552,0.275,0.2808,27.8694,fail,pass,loss_or_negative,业务资料支持金融科技和数据中心属性，AI/算力可作为真实转型方向但不是已量化核心收入。,AI主题收入未量化或仍属二级/转型业务，需复核收入占比、口径和持续披露；当前材料性标记为transition,reject_for_trading_pool,https://push2his.eastmoney.com/api/qt/stock/kline/get?secid=0.002657&fields1=f1%2Cf2%2Cf3%2Cf4%2Cf5%2Cf6&fields2=f51%2Cf52%2Cf53%2Cf54%2Cf55%2Cf56%2Cf57%2Cf58%2Cf59%2Cf60%2Cf61&klt=101&fqt=0&beg=20250329&end=20260702,Eastmoney daily kline fqt=0; avg_amount_20d uses last 20 available trading rows; avg_turnover_20d is percent; returns are close-to-close; volatility_60d is daily return std | ok,https://data.eastmoney.com/bbsj/002657.html;http://basic.10jqka.com.cn/002657/finance.html,"basis=latest annual report preferred; units=percent for growth/margin/ROE/debt, ratio for cashflow/receivables/inventory; flag_rule=fail; triggered=negative revenue growth; negative net profit growth; ROE below 5%; operating cashflow/net profit below 0.5; data=income:2025-12-31 annual; balance:2025-12-31 annual; cashflow:2025-12-31 annual; ths:2025-12-31 annual",https://data.eastmoney.com/gzfx/detail/002657.html,Eastmoney RPT_VALUEANALYSIS_DET latest TRADE_DATE=2026-07-01; PE_TTM/PB_MRQ/PS_TTM fetched via public datacenter API.,https://emweb.securities.eastmoney.com/PC_HSF10/BusinessAnalysis/Index?type=web&code=SZ002657,东方财富F10经营分析; evidence_date=2025-12-31; evidence_level=secondary_business_profile
002771,真视通,AI,conditional,transition,多媒体视讯、信息系统集成、数据中心和算力服务相关业务,公司与算力中心、视频通信和AI应用场景有真实业务关联，但材料性仍需观察。,2584293712.0,174203117.44,6.782,-0.264038,-0.251973,0.039465,false,false,-42.6463,4.3925,7.3716,-30.9012,-1000.74,14.7718,-9.97,-0.098,0.6348,0.2486,32.6242,fail,pass,loss_or_negative,业务资料支持系统集成和算力/数据中心关联，但缺少AI收入占比。,AI主题收入未量化或仍属二级/转型业务，需复核收入占比、口径和持续披露；当前材料性标记为transition；现有证据对收入量化支持不足,reject_for_trading_pool,https://push2his.eastmoney.com/api/qt/stock/kline/get?secid=0.002771&fields1=f1%2Cf2%2Cf3%2Cf4%2Cf5%2Cf6&fields2=f51%2Cf52%2Cf53%2Cf54%2Cf55%2Cf56%2Cf57%2Cf58%2Cf59%2Cf60%2Cf61&klt=101&fqt=0&beg=20250329&end=20260702,Eastmoney daily kline fqt=0; avg_amount_20d uses last 20 available trading rows; avg_turnover_20d is percent; returns are close-to-close; volatility_60d is daily return std | ok,https://data.eastmoney.com/bbsj/002771.html;http://basic.10jqka.com.cn/002771/finance.html,"basis=latest annual report preferred; units=percent for growth/margin/ROE/debt, ratio for cashflow/receivables/inventory; flag_rule=fail; triggered=negative revenue growth; negative net profit growth; gross margin below 15%; ROE below 5%; negative operating cashflow/net profit; receivables/revenue above 35%; data=income:2025-12-31 annual; balance:2025-12-31 annual; cashflow:2025-12-31 annual; ths:2025-12-31 annual",https://data.eastmoney.com/gzfx/detail/002771.html,Eastmoney RPT_VALUEANALYSIS_DET latest TRADE_DATE=2026-07-01; PE_TTM/PB_MRQ/PS_TTM fetched via public datacenter API.,https://vip.stock.finance.sina.com.cn/corp/go.php/vCI_CorpInfo/stockid/002771.phtml,"新浪财经F10公司资料; evidence_date=2025/12/31; evidence_level=secondary_business_profile; manual_change: conditional->conditional, materiality transition->transition"
002792,通宇通讯,商业航天,conditional,transition,基站天线、微波天线、射频器件和卫星通信天线,卫星通信天线与商业航天链条直接相关，但公司主业仍是通信天线设备。,18947149205.1,951408498.52,7.5465,-0.096202,-0.122513,0.042315,false,false,1103.5359,6.6576,16.4831,-7.0093,-0.62,20.1712,1.47,0.0526,0.4246,0.2198,21.0243,caution,pass,high,公司为通信天线厂商，卫星通信/卫星互联网产品提供真实航天相关性，但贡献未披露。,商业航天主题收入未量化或仍属二级/转型业务，需复核收入占比、口径和持续披露；当前材料性标记为transition；现有证据对收入量化支持不足,expanded_candidate,https://push2his.eastmoney.com/api/qt/stock/kline/get?secid=0.002792&fields1=f1%2Cf2%2Cf3%2Cf4%2Cf5%2Cf6&fields2=f51%2Cf52%2Cf53%2Cf54%2Cf55%2Cf56%2Cf57%2Cf58%2Cf59%2Cf60%2Cf61&klt=101&fqt=0&beg=20250329&end=20260702,Eastmoney daily kline fqt=0; avg_amount_20d uses last 20 available trading rows; avg_turnover_20d is percent; returns are close-to-close; volatility_60d is daily return std | ok,https://data.eastmoney.com/bbsj/002792.html;http://basic.10jqka.com.cn/002792/finance.html,"basis=latest annual report preferred; units=percent for growth/margin/ROE/debt, ratio for cashflow/receivables/inventory; flag_rule=caution; triggered=negative revenue growth; negative net profit growth; ROE below 5%; operating cashflow/net profit below 0.5; receivables/revenue above 35%; data=income:2025-12-31 annual; balance:2025-12-31 annual; cashflow:2025-12-31 annual; ths:2025-12-31 annual",https://data.eastmoney.com/gzfx/detail/002792.html,Eastmoney RPT_VALUEANALYSIS_DET latest TRADE_DATE=2026-07-01; PE_TTM/PB_MRQ/PS_TTM fetched via public datacenter API.,https://emweb.securities.eastmoney.com/PC_HSF10/BusinessAnalysis/Index?type=web&code=SZ002792,东方财富F10经营分析; evidence_date=2025-12-31; evidence_level=secondary_business_profile
002829,星网宇达,商业航天,core,core,惯性导航、卫星通信、卫星导航和无人系统相关设备,北斗导航、卫星通信和惯导产品是公司核心业务身份，商业航天相关性强。,3657445334.4,142651659.9,4.994,-0.222271,-0.206134,0.034163,false,false,-29.7895,2.3864,10.7609,-10.6406,52.09,23.2915,-6.71,0.8553,1.8164,1.4061,26.9803,fail,pass,loss_or_negative,主营业务围绕卫星导航、通信和惯性导航装备，符合商业航天核心链条。,虽为核心匹配，但专属主题收入未单独量化，需跟踪收入拆分和披露口径,reject_for_trading_pool,https://push2his.eastmoney.com/api/qt/stock/kline/get?secid=0.002829&fields1=f1%2Cf2%2Cf3%2Cf4%2Cf5%2Cf6&fields2=f51%2Cf52%2Cf53%2Cf54%2Cf55%2Cf56%2Cf57%2Cf58%2Cf59%2Cf60%2Cf61&klt=101&fqt=0&beg=20250329&end=20260702,Eastmoney daily kline fqt=0; avg_amount_20d uses last 20 available trading rows; avg_turnover_20d is percent; returns are close-to-close; volatility_60d is daily return std | ok,https://data.eastmoney.com/bbsj/002829.html;http://basic.10jqka.com.cn/002829/finance.html,"basis=latest annual report preferred; units=percent for growth/margin/ROE/debt, ratio for cashflow/receivables/inventory; flag_rule=fail; triggered=negative revenue growth; ROE below 5%; receivables/revenue above 35%; inventory/revenue above 50%; data=income:2025-12-31 annual; balance:2025-12-31 annual; cashflow:2025-12-31 annual; ths:2025-12-31 annual",https://data.eastmoney.com/gzfx/detail/002829.html,Eastmoney RPT_VALUEANALYSIS_DET latest TRADE_DATE=2026-07-01; PE_TTM/PB_MRQ/PS_TTM fetched via public datacenter API.,https://emweb.securities.eastmoney.com/PC_HSF10/BusinessAnalysis/Index?type=web&code=SZ002829,东方财富F10经营分析; evidence_date=2025-12-31; evidence_level=secondary_business_profile
002881,美格智能,AI,conditional,transition,无线通信模组、智能模组、物联网终端和算力模组,智能模组、边缘计算和AIoT业务与AI硬件应用直接相关，但不宜认定为纯核心AI收入。,11877066044.0,412703310.58,5.5085,-0.083022,0.069059,0.037227,false,false,84.6198,4.4409,3.2919,27.3939,5.27,14.1214,8.74,0.2277,0.1327,0.2404,42.6205,caution,pass,high,公司主营通信/智能模组，AI模组具备真实商业场景但贡献未量化。,AI主题收入未量化或仍属二级/转型业务，需复核收入占比、口径和持续披露；当前材料性标记为transition,expanded_candidate,https://push2his.eastmoney.com/api/qt/stock/kline/get?secid=0.002881&fields1=f1%2Cf2%2Cf3%2Cf4%2Cf5%2Cf6&fields2=f51%2Cf52%2Cf53%2Cf54%2Cf55%2Cf56%2Cf57%2Cf58%2Cf59%2Cf60%2Cf61&klt=101&fqt=0&beg=20250329&end=20260702,Eastmoney daily kline fqt=0; avg_amount_20d uses last 20 available trading rows; avg_turnover_20d is percent; returns are close-to-close; volatility_60d is daily return std | ok,https://data.eastmoney.com/bbsj/002881.html;http://basic.10jqka.com.cn/002881/finance.html,"basis=latest annual report preferred; units=percent for growth/margin/ROE/debt, ratio for cashflow/receivables/inventory; flag_rule=caution; triggered=gross margin below 15%; operating cashflow/net profit below 0.5; data=income:2025-12-31 annual; balance:2025-12-31 annual; cashflow:2025-12-31 annual; ths:2025-12-31 annual",https://data.eastmoney.com/gzfx/detail/002881.html,Eastmoney RPT_VALUEANALYSIS_DET latest TRADE_DATE=2026-07-01; PE_TTM/PB_MRQ/PS_TTM fetched via public datacenter API.,https://emweb.securities.eastmoney.com/PC_HSF10/BusinessAnalysis/Index?type=web&code=SZ002881,"东方财富F10经营分析; evidence_date=2025/12/31; evidence_level=secondary_business_profile; manual_change: conditional->conditional, materiality transition->transition"
002912,中新赛克,AI,conditional,transition,网络可视化、网络安全、大数据分析和政企信息安全产品,AI用于网络安全和数据分析，业务真实但嵌入式、未披露AI收入。,3193062400.0,50123614.69,1.5975,-0.099229,-0.290323,0.025812,false,false,119.5638,1.9725,4.192,14.0329,15.83,71.1754,4.09,1.3723,0.3681,0.3242,19.4925,caution,caution,high,安全与大数据业务具备AI应用基础，但不是可量化核心AI收入分部。,AI主题收入未量化或仍属二级/转型业务，需复核收入占比、口径和持续披露；当前材料性标记为transition,manual_check,https://push2his.eastmoney.com/api/qt/stock/kline/get?secid=0.002912&fields1=f1%2Cf2%2Cf3%2Cf4%2Cf5%2Cf6&fields2=f51%2Cf52%2Cf53%2Cf54%2Cf55%2Cf56%2Cf57%2Cf58%2Cf59%2Cf60%2Cf61&klt=101&fqt=0&beg=20250329&end=20260702,Eastmoney daily kline fqt=0; avg_amount_20d uses last 20 available trading rows; avg_turnover_20d is percent; returns are close-to-close; volatility_60d is daily return std | ok,https://data.eastmoney.com/bbsj/002912.html;http://basic.10jqka.com.cn/002912/finance.html,"basis=latest annual report preferred; units=percent for growth/margin/ROE/debt, ratio for cashflow/receivables/inventory; flag_rule=caution; triggered=ROE below 5%; receivables/revenue above 35%; data=income:2025-12-31 annual; balance:2025-12-31 annual; cashflow:2025-12-31 annual; ths:2025-12-31 annual",https://data.eastmoney.com/gzfx/detail/002912.html,Eastmoney RPT_VALUEANALYSIS_DET latest TRADE_DATE=2026-07-01; PE_TTM/PB_MRQ/PS_TTM fetched via public datacenter API.,https://vip.stock.finance.sina.com.cn/corp/go.php/vCI_CorpInfo/stockid/002912.phtml,新浪财经F10公司资料; evidence_date=2025-12-31; evidence_level=secondary_business_profile
002929,润建股份,AI,conditional,transition,通信网络运维、数字化服务、IDC/算力和新能源运维,公司与算力基础设施建设运营有关，AI属性主要来自算力承载而非AI模型产品。,20384289916.98,1474735200.82,10.6125,0.041533,0.523422,0.055138,false,false,-1119.4572,3.3215,2.1508,12.5037,-84.62,12.2285,0.6,7.5857,0.5766,0.1791,69.365,caution,pass,loss_or_negative,算力/IDC业务真实，但主体收入仍是通信运维和数字化服务。,AI主题收入未量化或仍属二级/转型业务，需复核收入占比、口径和持续披露；当前材料性标记为transition,expanded_candidate,https://push2his.eastmoney.com/api/qt/stock/kline/get?secid=0.002929&fields1=f1%2Cf2%2Cf3%2Cf4%2Cf5%2Cf6&fields2=f51%2Cf52%2Cf53%2Cf54%2Cf55%2Cf56%2Cf57%2Cf58%2Cf59%2Cf60%2Cf61&klt=101&fqt=0&beg=20250329&end=20260702,Eastmoney daily kline fqt=0; avg_amount_20d uses last 20 available trading rows; avg_turnover_20d is percent; returns are close-to-close; volatility_60d is daily return std | ok,https://data.eastmoney.com/bbsj/002929.html;http://basic.10jqka.com.cn/002929/finance.html,"basis=latest annual report preferred; units=percent for growth/margin/ROE/debt, ratio for cashflow/receivables/inventory; flag_rule=caution; triggered=negative net profit growth; gross margin below 15%; ROE below 5%; receivables/revenue above 35%; data=income:2025-12-31 annual; balance:2025-12-31 annual; cashflow:2025-12-31 annual; ths:2025-12-31 annual",https://data.eastmoney.com/gzfx/detail/002929.html,Eastmoney RPT_VALUEANALYSIS_DET latest TRADE_DATE=2026-07-01; PE_TTM/PB_MRQ/PS_TTM fetched via public datacenter API.,https://emweb.securities.eastmoney.com/PC_HSF10/BusinessAnalysis/Index?type=web&code=SZ002929,东方财富F10经营分析; evidence_date=2025-12-31; evidence_level=secondary_financial_data
002935,天奥电子,商业航天,core,core,时间频率产品、北斗卫星应用、航空电子和军工电子设备,北斗授时、卫星导航应用和航天电子属性明确，是商业航天链条的核心候选。,9661055132.24,217236153.99,2.4765,0.194546,0.249589,0.032818,false,false,147.6716,6.0433,9.8738,1.6471,0.96,22.3217,4.03,0.9177,0.8485,0.8602,46.8884,caution,pass,high,主营产品直接覆盖时间频率、北斗和航天军工电子，商业航天材料性较强。,虽为核心匹配，但专属主题收入未单独量化，需跟踪收入拆分和披露口径,watch_only,https://push2his.eastmoney.com/api/qt/stock/kline/get?secid=0.002935&fields1=f1%2Cf2%2Cf3%2Cf4%2Cf5%2Cf6&fields2=f51%2Cf52%2Cf53%2Cf54%2Cf55%2Cf56%2Cf57%2Cf58%2Cf59%2Cf60%2Cf61&klt=101&fqt=0&beg=20250329&end=20260702,Eastmoney daily kline fqt=0; avg_amount_20d uses last 20 available trading rows; avg_turnover_20d is percent; returns are close-to-close; volatility_60d is daily return std | ok,https://data.eastmoney.com/bbsj/002935.html;http://basic.10jqka.com.cn/002935/finance.html,"basis=latest annual report preferred; units=percent for growth/margin/ROE/debt, ratio for cashflow/receivables/inventory; flag_rule=caution; triggered=ROE below 5%; receivables/revenue above 35%; inventory/revenue above 50%; data=income:2025-12-31 annual; balance:2025-12-31 annual; cashflow:2025-12-31 annual; ths:2025-12-31 annual",https://data.eastmoney.com/gzfx/detail/002935.html,Eastmoney RPT_VALUEANALYSIS_DET latest TRADE_DATE=2026-07-01; PE_TTM/PB_MRQ/PS_TTM fetched via public datacenter API.,https://emweb.securities.eastmoney.com/PC_HSF10/BusinessAnalysis/Index?type=web&code=SZ002935,东方财富F10经营分析; evidence_date=2025-12-31; evidence_level=secondary_business_profile
300002,神州泰岳,AI,conditional,transition,ICT运营管理软件、游戏、物联网通信和AI/NLP相关软件,公司有自然语言处理和行业AI能力，但收入结构仍较分散，AI材料性不够透明。,15521001802.74,411905794.67,2.964,0.008951,-0.151613,0.027661,false,false,21.0943,1.981,2.6248,-9.7886,-43.86,57.7115,10.94,1.4242,0.13,0.0304,12.6497,caution,pass,normal,AI/NLP能力真实存在，但相对游戏和ICT软件主业的收入贡献不明确。,AI主题收入未量化或仍属二级/转型业务，需复核收入占比、口径和持续披露；当前材料性标记为transition,expanded_candidate,https://push2his.eastmoney.com/api/qt/stock/kline/get?secid=0.300002&fields1=f1%2Cf2%2Cf3%2Cf4%2Cf5%2Cf6&fields2=f51%2Cf52%2Cf53%2Cf54%2Cf55%2Cf56%2Cf57%2Cf58%2Cf59%2Cf60%2Cf61&klt=101&fqt=0&beg=20250329&end=20260702,Eastmoney daily kline fqt=0; avg_amount_20d uses last 20 available trading rows; avg_turnover_20d is percent; returns are close-to-close; volatility_60d is daily return std | ok,https://data.eastmoney.com/bbsj/300002.html;http://basic.10jqka.com.cn/300002/finance.html,"basis=latest annual report preferred; units=percent for growth/margin/ROE/debt, ratio for cashflow/receivables/inventory; flag_rule=caution; triggered=negative revenue growth; negative net profit growth; data=income:2025-12-31 annual; balance:2025-12-31 annual; cashflow:2025-12-31 annual; ths:2025-12-31 annual",https://data.eastmoney.com/gzfx/detail/300002.html,Eastmoney RPT_VALUEANALYSIS_DET latest TRADE_DATE=2026-07-01; PE_TTM/PB_MRQ/PS_TTM fetched via public datacenter API.,https://vip.stock.finance.sina.com.cn/corp/go.php/vCI_CorpInfo/stockid/300002.phtml,新浪财经F10公司资料; evidence_date=2025-12-31; evidence_level=secondary_business_profile
300017,网宿科技,AI,conditional,transition,CDN、边缘计算、云安全、云计算和数据中心服务,云分发和边缘计算可服务AI应用，具备算力基础设施属性，但不是纯AI服务器或模型公司。,32918082208.63,1667057793.7,5.0195,-0.140717,-0.203021,0.042689,false,false,45.7384,3.1567,7.3362,-5.4988,18.53,35.538,7.84,1.232,0.2509,0.0002,12.9998,caution,pass,normal,云服务和边缘计算是真实业务，AI收入材料性未量化。,AI主题收入未量化或仍属二级/转型业务，需复核收入占比、口径和持续披露；当前材料性标记为transition,expanded_candidate,https://push2his.eastmoney.com/api/qt/stock/kline/get?secid=0.300017&fields1=f1%2Cf2%2Cf3%2Cf4%2Cf5%2Cf6&fields2=f51%2Cf52%2Cf53%2Cf54%2Cf55%2Cf56%2Cf57%2Cf58%2Cf59%2Cf60%2Cf61&klt=101&fqt=0&beg=20250329&end=20260702,Eastmoney daily kline fqt=0; avg_amount_20d uses last 20 available trading rows; avg_turnover_20d is percent; returns are close-to-close; volatility_60d is daily return std | ok,https://data.eastmoney.com/bbsj/300017.html;http://basic.10jqka.com.cn/300017/finance.html,"basis=latest annual report preferred; units=percent for growth/margin/ROE/debt, ratio for cashflow/receivables/inventory; flag_rule=caution; triggered=negative revenue growth; data=income:2025-12-31 annual; balance:2025-12-31 annual; cashflow:2025-12-31 annual; ths:2025-12-31 annual",https://data.eastmoney.com/gzfx/detail/300017.html,Eastmoney RPT_VALUEANALYSIS_DET latest TRADE_DATE=2026-07-01; PE_TTM/PB_MRQ/PS_TTM fetched via public datacenter API.,https://emweb.securities.eastmoney.com/PC_HSF10/BusinessAnalysis/Index?type=web&code=SZ300017,"东方财富F10经营分析; evidence_date=2025/12/31; evidence_level=secondary_financial_data; manual_change: conditional->conditional, materiality transition->transition"
300033,同花顺,AI,conditional,transition,金融信息服务、证券软件、数据终端和互联网金融数据服务,AI能力与金融信息产品高度相关且商业化场景明确，但收入占比没有单独披露。,191712460800.0,5221612901.59,5.1445,0.138719,-0.145522,0.050488,false,false,58.1272,27.7814,30.6555,44,75.79,91.5444,38.54,1.1776,0.0034,unknown,40.0495,pass,pass,high,公司主业是金融数据和软件，AI是产品升级方向；因未披露AI收入，保守列为conditional。,AI主题收入未量化或仍属二级/转型业务，需复核收入占比、口径和持续披露；当前材料性标记为transition；现有证据对收入量化支持不足,expanded_candidate,https://push2his.eastmoney.com/api/qt/stock/kline/get?secid=0.300033&fields1=f1%2Cf2%2Cf3%2Cf4%2Cf5%2Cf6&fields2=f51%2Cf52%2Cf53%2Cf54%2Cf55%2Cf56%2Cf57%2Cf58%2Cf59%2Cf60%2Cf61&klt=101&fqt=0&beg=20250329&end=20260702,Eastmoney daily kline fqt=0; avg_amount_20d uses last 20 available trading rows; avg_turnover_20d is percent; returns are close-to-close; volatility_60d is daily return std | ok,https://data.eastmoney.com/bbsj/300033.html;http://basic.10jqka.com.cn/300033/finance.html,"basis=latest annual report preferred; units=percent for growth/margin/ROE/debt, ratio for cashflow/receivables/inventory; flag_rule=pass; triggered=no quality threshold triggered; data=income:2025-12-31 annual; balance:2025-12-31 annual; cashflow:2025-12-31 annual; ths:2025-12-31 annual",https://data.eastmoney.com/gzfx/detail/300033.html,Eastmoney RPT_VALUEANALYSIS_DET latest TRADE_DATE=2026-07-01; PE_TTM/PB_MRQ/PS_TTM fetched via public datacenter API.,https://emweb.securities.eastmoney.com/PC_HSF10/BusinessAnalysis/Index?type=web&code=SZ300033,东方财富F10经营分析; evidence_date=2025-12-31; evidence_level=secondary_business_profile
300045,华力创通,商业航天,core,core,卫星导航、卫星通信、雷达信号处理和北斗/GNSS芯片模块,北斗导航、卫星通信和芯片模块构成明确核心业务身份，是商业航天核心股票。,11523922354.04,341838297.1,3.72,-0.077943,-0.188521,0.030856,false,false,-182.1592,7.6619,14.6922,42.9139,51.58,29.7047,-4.43,-2.722,0.4901,0.5288,35.9535,fail,pass,loss_or_negative,主营覆盖卫星导航通信、北斗/GNSS及相关电子产品，直接对应商业航天链条。,虽为核心匹配，但专属主题收入未单独量化，需跟踪收入拆分和披露口径,reject_for_trading_pool,https://push2his.eastmoney.com/api/qt/stock/kline/get?secid=0.300045&fields1=f1%2Cf2%2Cf3%2Cf4%2Cf5%2Cf6&fields2=f51%2Cf52%2Cf53%2Cf54%2Cf55%2Cf56%2Cf57%2Cf58%2Cf59%2Cf60%2Cf61&klt=101&fqt=0&beg=20250329&end=20260702,Eastmoney daily kline fqt=0; avg_amount_20d uses last 20 available trading rows; avg_turnover_20d is percent; returns are close-to-close; volatility_60d is daily return std | ok,https://data.eastmoney.com/bbsj/300045.html;http://basic.10jqka.com.cn/300045/finance.html,"basis=latest annual report preferred; units=percent for growth/margin/ROE/debt, ratio for cashflow/receivables/inventory; flag_rule=fail; triggered=ROE below 5%; negative operating cashflow/net profit; receivables/revenue above 35%; inventory/revenue above 50%; data=income:2025-12-31 annual; balance:2025-12-31 annual; cashflow:2025-12-31 annual; ths:2025-12-31 annual",https://data.eastmoney.com/gzfx/detail/300045.html,Eastmoney RPT_VALUEANALYSIS_DET latest TRADE_DATE=2026-07-01; PE_TTM/PB_MRQ/PS_TTM fetched via public datacenter API.,https://emweb.securities.eastmoney.com/PC_HSF10/BusinessAnalysis/Index?type=web&code=SZ300045,东方财富F10经营分析; evidence_date=2025-12-31; evidence_level=secondary_business_profile
300047,天源迪科,AI,conditional,transition,电信、公安、金融等行业软件和大数据解决方案,AI应用与大数据和行业软件业务相关，真实但材料性不清。,5854496088.96,159009498.45,2.822,-0.217391,-0.209302,0.030853,false,false,177.2505,1.7695,0.6114,14.9979,32.32,7.6871,0.94,12.4342,0.2057,0.2267,57.2062,caution,pass,high,公司具备大数据/行业软件基础，AI不是单独披露的核心收入分部。,AI主题收入未量化或仍属二级/转型业务，需复核收入占比、口径和持续披露；当前材料性标记为transition,expanded_candidate,https://push2his.eastmoney.com/api/qt/stock/kline/get?secid=0.300047&fields1=f1%2Cf2%2Cf3%2Cf4%2Cf5%2Cf6&fields2=f51%2Cf52%2Cf53%2Cf54%2Cf55%2Cf56%2Cf57%2Cf58%2Cf59%2Cf60%2Cf61&klt=101&fqt=0&beg=20250329&end=20260702,Eastmoney daily kline fqt=0; avg_amount_20d uses last 20 available trading rows; avg_turnover_20d is percent; returns are close-to-close; volatility_60d is daily return std | ok,https://data.eastmoney.com/bbsj/300047.html;http://basic.10jqka.com.cn/300047/finance.html,"basis=latest annual report preferred; units=percent for growth/margin/ROE/debt, ratio for cashflow/receivables/inventory; flag_rule=caution; triggered=gross margin below 15%; ROE below 5%; data=income:2025-12-31 annual; balance:2025-12-31 annual; cashflow:2025-12-31 annual; ths:2025-12-31 annual",https://data.eastmoney.com/gzfx/detail/300047.html,Eastmoney RPT_VALUEANALYSIS_DET latest TRADE_DATE=2026-07-01; PE_TTM/PB_MRQ/PS_TTM fetched via public datacenter API.,https://vip.stock.finance.sina.com.cn/corp/go.php/vCI_CorpInfo/stockid/300047.phtml,新浪财经F10公司资料; evidence_date=2025-12-31; evidence_level=secondary_business_profile
300053,航宇微,AI,conditional,transition,宇航电子、SoC芯片/模块、卫星大数据和人工智能相关应用,公司具备宇航SoC、智能处理和卫星数据AI应用属性，但AI主题收入不如商业航天直接。,11463582613.35,468587793.25,4.4425,0.035242,0.003661,0.035139,false,false,-32.4164,8.2784,47.1127,30.6723,-15.97,38.975,-21.29,-0.134,1.6233,0.8671,35.251,fail,pass,loss_or_negative,AI与宇航芯片和卫星数据处理有关，但材料性主要应归入商业航天。,AI主题收入未量化或仍属二级/转型业务，需复核收入占比、口径和持续披露；当前材料性标记为transition,reject_for_trading_pool,https://push2his.eastmoney.com/api/qt/stock/kline/get?secid=0.300053&fields1=f1%2Cf2%2Cf3%2Cf4%2Cf5%2Cf6&fields2=f51%2Cf52%2Cf53%2Cf54%2Cf55%2Cf56%2Cf57%2Cf58%2Cf59%2Cf60%2Cf61&klt=101&fqt=0&beg=20250329&end=20260702,Eastmoney daily kline fqt=0; avg_amount_20d uses last 20 available trading rows; avg_turnover_20d is percent; returns are close-to-close; volatility_60d is daily return std | ok,https://data.eastmoney.com/bbsj/300053.html;http://basic.10jqka.com.cn/300053/finance.html,"basis=latest annual report preferred; units=percent for growth/margin/ROE/debt, ratio for cashflow/receivables/inventory; flag_rule=fail; triggered=negative net profit growth; ROE below 5%; negative operating cashflow/net profit; receivables/revenue above 35%; inventory/revenue above 50%; data=income:2025-12-31 annual; balance:2025-12-31 annual; cashflow:2025-12-31 annual; ths:2025-12-31 annual",https://data.eastmoney.com/gzfx/detail/300053.html,Eastmoney RPT_VALUEANALYSIS_DET latest TRADE_DATE=2026-07-01; PE_TTM/PB_MRQ/PS_TTM fetched via public datacenter API.,https://emweb.securities.eastmoney.com/PC_HSF10/BusinessAnalysis/Index?type=web&code=SZ300053,"东方财富F10经营分析; evidence_date=2025/12/31; evidence_level=secondary_business_profile; manual_change: conditional->conditional, materiality transition->transition"
300053,航宇微,商业航天,core,core,宇航电子、卫星大数据、卫星星座运营及SoC芯片模块,公司直接覆盖宇航电子、卫星大数据和卫星应用，是商业航天核心候选。,11463582613.35,468587793.25,4.4425,0.035242,0.003661,0.035139,false,false,-32.4164,8.2784,47.1127,30.6723,-15.97,38.975,-21.29,-0.134,1.6233,0.8671,35.251,fail,pass,loss_or_negative,宇航电子和卫星大数据业务与商业航天链条直接匹配，核心属性明显。,虽为核心匹配，但专属主题收入未单独量化，需跟踪收入拆分和披露口径,reject_for_trading_pool,https://push2his.eastmoney.com/api/qt/stock/kline/get?secid=0.300053&fields1=f1%2Cf2%2Cf3%2Cf4%2Cf5%2Cf6&fields2=f51%2Cf52%2Cf53%2Cf54%2Cf55%2Cf56%2Cf57%2Cf58%2Cf59%2Cf60%2Cf61&klt=101&fqt=0&beg=20250329&end=20260702,Eastmoney daily kline fqt=0; avg_amount_20d uses last 20 available trading rows; avg_turnover_20d is percent; returns are close-to-close; volatility_60d is daily return std | ok,https://data.eastmoney.com/bbsj/300053.html;http://basic.10jqka.com.cn/300053/finance.html,"basis=latest annual report preferred; units=percent for growth/margin/ROE/debt, ratio for cashflow/receivables/inventory; flag_rule=fail; triggered=negative net profit growth; ROE below 5%; negative operating cashflow/net profit; receivables/revenue above 35%; inventory/revenue above 50%; data=income:2025-12-31 annual; balance:2025-12-31 annual; cashflow:2025-12-31 annual; ths:2025-12-31 annual",https://data.eastmoney.com/gzfx/detail/300053.html,Eastmoney RPT_VALUEANALYSIS_DET latest TRADE_DATE=2026-07-01; PE_TTM/PB_MRQ/PS_TTM fetched via public datacenter API.,https://emweb.securities.eastmoney.com/PC_HSF10/BusinessAnalysis/Index?type=web&code=SZ300053,"东方财富F10经营分析; evidence_date=2025/12/31; evidence_level=secondary_business_profile; manual_change: core->core, materiality core->core"
300058,蓝色光标,AI,conditional,transition,营销传播服务和出海广告投放,公司有AIGC营销工具和智能投放叙事但主营构成仍是广告投放与营销服务且未披露AI收入,51627381244.26,3687292912.5,7.143,-0.131118,0.037518,0.047434,false,false,195.7789,6.2745,0.6823,12.9871,177.29,2.6336,2.92,2.8112,0.199,0.0002,68.5984,caution,pass,high,2025年收入主要来自出海广告投放和全案营销服务；AI更像营销效率工具或产品升级而非单独收入主业,AI主题收入未量化或仍属二级/转型业务，需复核收入占比、口径和持续披露；当前材料性标记为transition,expanded_candidate,https://push2his.eastmoney.com/api/qt/stock/kline/get?secid=0.300058&fields1=f1%2Cf2%2Cf3%2Cf4%2Cf5%2Cf6&fields2=f51%2Cf52%2Cf53%2Cf54%2Cf55%2Cf56%2Cf57%2Cf58%2Cf59%2Cf60%2Cf61&klt=101&fqt=0&beg=20250329&end=20260702,Eastmoney daily kline fqt=0; avg_amount_20d uses last 20 available trading rows; avg_turnover_20d is percent; returns are close-to-close; volatility_60d is daily return std | ok,https://data.eastmoney.com/bbsj/300058.html;http://basic.10jqka.com.cn/300058/finance.html,"basis=latest annual report preferred; units=percent for growth/margin/ROE/debt, ratio for cashflow/receivables/inventory; flag_rule=caution; triggered=gross margin below 15%; ROE below 5%; data=income:2025-12-31 annual; balance:2025-12-31 annual; cashflow:2025-12-31 annual; ths:2025-12-31 annual",https://data.eastmoney.com/gzfx/detail/300058.html,Eastmoney RPT_VALUEANALYSIS_DET latest TRADE_DATE=2026-07-01; PE_TTM/PB_MRQ/PS_TTM fetched via public datacenter API.,https://basic.10jqka.com.cn/mobile/300058/profilen.html,同花顺F10主营构成; evidence_date=2025-12-31; evidence_level=secondary_financial_data
300075,数字政通,AI,conditional,transition,城市治理和数字政府软件平台及运营服务,AI用于城市运行治理和智能识别等场景与主业相关但贡献未量化,6441119738.46,120193168.8,2.068,-0.171063,-0.154849,0.024295,false,false,-17.2385,2.0401,10.5773,-15.6443,4.26,20.9114,-11.34,-0.1206,1.8173,0.1662,17.1235,fail,pass,loss_or_negative,公司主业为数字政务和城市治理软件；AI属于行业解决方案能力而非已披露独立收入核心,AI主题收入未量化或仍属二级/转型业务，需复核收入占比、口径和持续披露；当前材料性标记为transition,reject_for_trading_pool,https://push2his.eastmoney.com/api/qt/stock/kline/get?secid=0.300075&fields1=f1%2Cf2%2Cf3%2Cf4%2Cf5%2Cf6&fields2=f51%2Cf52%2Cf53%2Cf54%2Cf55%2Cf56%2Cf57%2Cf58%2Cf59%2Cf60%2Cf61&klt=101&fqt=0&beg=20250329&end=20260702,Eastmoney daily kline fqt=0; avg_amount_20d uses last 20 available trading rows; avg_turnover_20d is percent; returns are close-to-close; volatility_60d is daily return std | ok,https://data.eastmoney.com/bbsj/300075.html;http://basic.10jqka.com.cn/300075/finance.html,"basis=latest annual report preferred; units=percent for growth/margin/ROE/debt, ratio for cashflow/receivables/inventory; flag_rule=fail; triggered=negative revenue growth; ROE below 5%; negative operating cashflow/net profit; receivables/revenue above 35%; data=income:2025-12-31 annual; balance:2025-12-31 annual; cashflow:2025-12-31 annual; ths:2025-12-31 annual",https://data.eastmoney.com/gzfx/detail/300075.html,Eastmoney RPT_VALUEANALYSIS_DET latest TRADE_DATE=2026-07-01; PE_TTM/PB_MRQ/PS_TTM fetched via public datacenter API.,https://basic.10jqka.com.cn/mobile/300075/profilen.html,同花顺F10主营构成; evidence_date=2025-12-31; evidence_level=secondary_financial_data
300101,振芯科技,商业航天,core,core,北斗卫星导航终端、集成电路和视频图像产品,公司业务身份直接围绕北斗卫星导航和相关芯片终端属于商业航天主题的实质业务,9540815760.0,183242480.8,2.0065,-0.002967,-0.153226,0.032027,false,false,610.5649,5.4328,10.5204,19.8236,-29.23,54.3913,1.6,0.8102,1.1526,0.4972,36.4218,caution,pass,high,北斗导航是公司核心业务方向之一；虽收入占比需进一步核验但主题相关性强,虽为核心匹配，但专属主题收入未单独量化，需跟踪收入拆分和披露口径；现有证据对收入量化支持不足,watch_only,https://push2his.eastmoney.com/api/qt/stock/kline/get?secid=0.300101&fields1=f1%2Cf2%2Cf3%2Cf4%2Cf5%2Cf6&fields2=f51%2Cf52%2Cf53%2Cf54%2Cf55%2Cf56%2Cf57%2Cf58%2Cf59%2Cf60%2Cf61&klt=101&fqt=0&beg=20250329&end=20260702,Eastmoney daily kline fqt=0; avg_amount_20d uses last 20 available trading rows; avg_turnover_20d is percent; returns are close-to-close; volatility_60d is daily return std | ok,https://data.eastmoney.com/bbsj/300101.html;http://basic.10jqka.com.cn/300101/finance.html,"basis=latest annual report preferred; units=percent for growth/margin/ROE/debt, ratio for cashflow/receivables/inventory; flag_rule=caution; triggered=negative net profit growth; ROE below 5%; receivables/revenue above 35%; data=income:2025-12-31 annual; balance:2025-12-31 annual; cashflow:2025-12-31 annual; ths:2025-12-31 annual",https://data.eastmoney.com/gzfx/detail/300101.html,Eastmoney RPT_VALUEANALYSIS_DET latest TRADE_DATE=2026-07-01; PE_TTM/PB_MRQ/PS_TTM fetched via public datacenter API.,https://basic.10jqka.com.cn/mobile/300101/profilen.html,同花顺F10主营构成; evidence_date=2025-12-31; evidence_level=secondary_financial_data
300113,顺网科技,AI,conditional,transition,网吧场景数字娱乐平台、云服务和游戏相关服务,公司云服务和算力资源可服务AI应用但公开收入构成未证明AI算力为核心收入,12397873789.98,440363738.54,4.4185,-0.134588,-0.309166,0.037646,false,false,29.4331,4.7461,8.615,-5.1788,65.8,48.4618,17.47,0.8784,0.0591,0.0036,14.2938,caution,pass,normal,云计算业务真实存在但AI属性和收入贡献不清晰；适合作为扩展观察,AI主题收入未量化或仍属二级/转型业务，需复核收入占比、口径和持续披露；当前材料性标记为transition,expanded_candidate,https://push2his.eastmoney.com/api/qt/stock/kline/get?secid=0.300113&fields1=f1%2Cf2%2Cf3%2Cf4%2Cf5%2Cf6&fields2=f51%2Cf52%2Cf53%2Cf54%2Cf55%2Cf56%2Cf57%2Cf58%2Cf59%2Cf60%2Cf61&klt=101&fqt=0&beg=20250329&end=20260702,Eastmoney daily kline fqt=0; avg_amount_20d uses last 20 available trading rows; avg_turnover_20d is percent; returns are close-to-close; volatility_60d is daily return std | ok,https://data.eastmoney.com/bbsj/300113.html;http://basic.10jqka.com.cn/300113/finance.html,"basis=latest annual report preferred; units=percent for growth/margin/ROE/debt, ratio for cashflow/receivables/inventory; flag_rule=caution; triggered=negative revenue growth; data=income:2025-12-31 annual; balance:2025-12-31 annual; cashflow:2025-12-31 annual; ths:2025-12-31 annual",https://data.eastmoney.com/gzfx/detail/300113.html,Eastmoney RPT_VALUEANALYSIS_DET latest TRADE_DATE=2026-07-01; PE_TTM/PB_MRQ/PS_TTM fetched via public datacenter API.,https://basic.10jqka.com.cn/mobile/300113/profilen.html,"同花顺F10主营构成; evidence_date=2025/12/31; evidence_level=secondary_financial_data; manual_change: conditional->conditional, materiality transition->transition"
300133,华策影视,AI,conditional,transition,影视剧制作发行、版权运营和内容营销,AIGC可用于剧本、制作和营销流程但公司商业收入仍由影视内容驱动,14032192787.69,553850086.62,4.5075,-0.049492,0.047552,0.041591,false,false,77.7305,1.9025,5.3173,45.8681,-21.36,23.3978,2.65,1.6847,0.5212,0.7242,34.2195,caution,pass,normal,AIGC与内容主业有关但缺少单独订单或收入占比；作为应用型AI观察较合适,AI主题收入未量化或仍属二级/转型业务，需复核收入占比、口径和持续披露；当前材料性标记为transition；现有证据对收入量化支持不足,expanded_candidate,https://push2his.eastmoney.com/api/qt/stock/kline/get?secid=0.300133&fields1=f1%2Cf2%2Cf3%2Cf4%2Cf5%2Cf6&fields2=f51%2Cf52%2Cf53%2Cf54%2Cf55%2Cf56%2Cf57%2Cf58%2Cf59%2Cf60%2Cf61&klt=101&fqt=0&beg=20250329&end=20260702,Eastmoney daily kline fqt=0; avg_amount_20d uses last 20 available trading rows; avg_turnover_20d is percent; returns are close-to-close; volatility_60d is daily return std | ok,https://data.eastmoney.com/bbsj/300133.html;http://basic.10jqka.com.cn/300133/finance.html,"basis=latest annual report preferred; units=percent for growth/margin/ROE/debt, ratio for cashflow/receivables/inventory; flag_rule=caution; triggered=negative net profit growth; ROE below 5%; receivables/revenue above 35%; inventory/revenue above 50%; data=income:2025-12-31 annual; balance:2025-12-31 annual; cashflow:2025-12-31 annual; ths:2025-12-31 annual",https://data.eastmoney.com/gzfx/detail/300133.html,Eastmoney RPT_VALUEANALYSIS_DET latest TRADE_DATE=2026-07-01; PE_TTM/PB_MRQ/PS_TTM fetched via public datacenter API.,https://basic.10jqka.com.cn/mobile/300133/profilen.html,同花顺F10主营构成; evidence_date=2025-12-31; evidence_level=secondary_financial_data
300166,东方国信,AI,conditional,transition,大数据、云计算、工业互联网和行业软件解决方案,AI和大数据平台能力与主业高度相关但收入通常嵌入行业软件项目中,21180670912.8,1702041392.1,10.9035,0.136919,0.336207,0.060078,false,false,-98.2194,3.7738,8.1096,-6.6607,-845.45,25.4798,-3.72,-2.5545,0.4159,0.3764,41.9337,fail,pass,loss_or_negative,公司主业是大数据和行业数字化；AI为真实业务能力但缺少独立收入披露,AI主题收入未量化或仍属二级/转型业务，需复核收入占比、口径和持续披露；当前材料性标记为transition；现有证据对收入量化支持不足,reject_for_trading_pool,https://push2his.eastmoney.com/api/qt/stock/kline/get?secid=0.300166&fields1=f1%2Cf2%2Cf3%2Cf4%2Cf5%2Cf6&fields2=f51%2Cf52%2Cf53%2Cf54%2Cf55%2Cf56%2Cf57%2Cf58%2Cf59%2Cf60%2Cf61&klt=101&fqt=0&beg=20250329&end=20260702,Eastmoney daily kline fqt=0; avg_amount_20d uses last 20 available trading rows; avg_turnover_20d is percent; returns are close-to-close; volatility_60d is daily return std | ok,https://data.eastmoney.com/bbsj/300166.html;http://basic.10jqka.com.cn/300166/finance.html,"basis=latest annual report preferred; units=percent for growth/margin/ROE/debt, ratio for cashflow/receivables/inventory; flag_rule=fail; triggered=negative revenue growth; negative net profit growth; ROE below 5%; negative operating cashflow/net profit; receivables/revenue above 35%; data=income:2025-12-31 annual; balance:2025-12-31 annual; cashflow:2025-12-31 annual; ths:2025-12-31 annual",https://data.eastmoney.com/gzfx/detail/300166.html,Eastmoney RPT_VALUEANALYSIS_DET latest TRADE_DATE=2026-07-01; PE_TTM/PB_MRQ/PS_TTM fetched via public datacenter API.,https://basic.10jqka.com.cn/mobile/300166/profilen.html,同花顺F10主营构成; evidence_date=2025-12-31; evidence_level=secondary_financial_data
300170,汉得信息,AI,conditional,transition,企业数字化软件实施、ERP服务和行业解决方案,AI智能体可嵌入企业管理软件和咨询交付但尚未看到单独收入占比,16397014645.36,820558072.85,4.849,-0.175301,-0.161702,0.037954,false,false,70.8166,2.8586,4.7112,5.5707,20.28,35.6658,4.21,2.116,0.4247,0.0654,16.1989,caution,pass,normal,AI与企业软件主业相关且具备商业落地可能但仍属转型型业务,AI主题收入未量化或仍属二级/转型业务，需复核收入占比、口径和持续披露；当前材料性标记为transition,expanded_candidate,https://push2his.eastmoney.com/api/qt/stock/kline/get?secid=0.300170&fields1=f1%2Cf2%2Cf3%2Cf4%2Cf5%2Cf6&fields2=f51%2Cf52%2Cf53%2Cf54%2Cf55%2Cf56%2Cf57%2Cf58%2Cf59%2Cf60%2Cf61&klt=101&fqt=0&beg=20250329&end=20260702,Eastmoney daily kline fqt=0; avg_amount_20d uses last 20 available trading rows; avg_turnover_20d is percent; returns are close-to-close; volatility_60d is daily return std | ok,https://data.eastmoney.com/bbsj/300170.html;http://basic.10jqka.com.cn/300170/finance.html,"basis=latest annual report preferred; units=percent for growth/margin/ROE/debt, ratio for cashflow/receivables/inventory; flag_rule=caution; triggered=ROE below 5%; receivables/revenue above 35%; data=income:2025-12-31 annual; balance:2025-12-31 annual; cashflow:2025-12-31 annual; ths:2025-12-31 annual",https://data.eastmoney.com/gzfx/detail/300170.html,Eastmoney RPT_VALUEANALYSIS_DET latest TRADE_DATE=2026-07-01; PE_TTM/PB_MRQ/PS_TTM fetched via public datacenter API.,https://basic.10jqka.com.cn/mobile/300170/profilen.html,同花顺F10主营构成; evidence_date=2025-12-31; evidence_level=secondary_financial_data
300182,捷成股份,AI,conditional,transition,版权运营、影视内容和音视频技术服务,AIGC可用于内容生产和版权运营效率提升但不构成已披露核心收入分部,13212575134.72,1019063497.55,7.807,-0.156463,-0.111111,0.032927,false,false,75.9973,1.5367,5.2241,-7.742,-20.14,21.4329,2.29,7.8458,0.6643,0.1118,24.658,caution,pass,normal,公司主营仍是版权和影视内容；AI主题有应用逻辑但缺少收入材料性证据,AI主题收入未量化或仍属二级/转型业务，需复核收入占比、口径和持续披露；当前材料性标记为transition；现有证据对收入量化支持不足,expanded_candidate,https://push2his.eastmoney.com/api/qt/stock/kline/get?secid=0.300182&fields1=f1%2Cf2%2Cf3%2Cf4%2Cf5%2Cf6&fields2=f51%2Cf52%2Cf53%2Cf54%2Cf55%2Cf56%2Cf57%2Cf58%2Cf59%2Cf60%2Cf61&klt=101&fqt=0&beg=20250329&end=20260702,Eastmoney daily kline fqt=0; avg_amount_20d uses last 20 available trading rows; avg_turnover_20d is percent; returns are close-to-close; volatility_60d is daily return std | ok,https://data.eastmoney.com/bbsj/300182.html;http://basic.10jqka.com.cn/300182/finance.html,"basis=latest annual report preferred; units=percent for growth/margin/ROE/debt, ratio for cashflow/receivables/inventory; flag_rule=caution; triggered=negative revenue growth; negative net profit growth; ROE below 5%; receivables/revenue above 35%; data=income:2025-12-31 annual; balance:2025-12-31 annual; cashflow:2025-12-31 annual; ths:2025-12-31 annual",https://data.eastmoney.com/gzfx/detail/300182.html,Eastmoney RPT_VALUEANALYSIS_DET latest TRADE_DATE=2026-07-01; PE_TTM/PB_MRQ/PS_TTM fetched via public datacenter API.,https://basic.10jqka.com.cn/mobile/300182/profilen.html,同花顺F10主营构成; evidence_date=2025-12-31; evidence_level=secondary_financial_data
300188,国投智能,AI,conditional,transition,电子数据取证、网络安全、大数据和智能装备,AI和大数据分析是取证与网络安全产品能力的一部分但收入未单列,8354119453.2,103731940.27,1.189,-0.101664,-0.198681,0.022315,false,false,-10.314,3.3362,6.1215,-20.2269,-88.42,31.9853,-25.14,-0.3528,0.5793,0.186,37.7711,fail,pass,loss_or_negative,公司业务与AI分析和数据处理有关联但仍嵌入安全取证主业；按条件纳入更稳妥,AI主题收入未量化或仍属二级/转型业务，需复核收入占比、口径和持续披露；当前材料性标记为transition,reject_for_trading_pool,https://push2his.eastmoney.com/api/qt/stock/kline/get?secid=0.300188&fields1=f1%2Cf2%2Cf3%2Cf4%2Cf5%2Cf6&fields2=f51%2Cf52%2Cf53%2Cf54%2Cf55%2Cf56%2Cf57%2Cf58%2Cf59%2Cf60%2Cf61&klt=101&fqt=0&beg=20250329&end=20260702,Eastmoney daily kline fqt=0; avg_amount_20d uses last 20 available trading rows; avg_turnover_20d is percent; returns are close-to-close; volatility_60d is daily return std | ok,https://data.eastmoney.com/bbsj/300188.html;http://basic.10jqka.com.cn/300188/finance.html,"basis=latest annual report preferred; units=percent for growth/margin/ROE/debt, ratio for cashflow/receivables/inventory; flag_rule=fail; triggered=negative revenue growth; negative net profit growth; ROE below 5%; negative operating cashflow/net profit; receivables/revenue above 35%; data=income:2025-12-31 annual; balance:2025-12-31 annual; cashflow:2025-12-31 annual; ths:2025-12-31 annual",https://data.eastmoney.com/gzfx/detail/300188.html,Eastmoney RPT_VALUEANALYSIS_DET latest TRADE_DATE=2026-07-01; PE_TTM/PB_MRQ/PS_TTM fetched via public datacenter API.,https://basic.10jqka.com.cn/mobile/300188/profilen.html,同花顺F10主营构成; evidence_date=2025-12-31; evidence_level=secondary_financial_data
300212,*ST易录,AI,conditional,transition,数据湖、数字经济基础设施和政企信息化服务,数据湖和IDC资源与AI训练推理基础设施相邻但当前可验证收入仍是数据资产和信息化服务,6644607055.06,292713423.0,4.1465,-0.186067,-0.185349,0.071263,true,false,-2.5588,-3.3823,18.2005,0.1201,5.17,-45.0354,unknown,0.0586,1.2477,0.7513,113.16,fail,pass,loss_or_negative,存在数据基础设施属性但未披露AI算力收入占比；需跟踪重整和订单兑现,AI主题收入未量化或仍属二级/转型业务，需复核收入占比、口径和持续披露；当前材料性标记为transition；现有证据对收入量化支持不足,reject_for_trading_pool,https://push2his.eastmoney.com/api/qt/stock/kline/get?secid=0.300212&fields1=f1%2Cf2%2Cf3%2Cf4%2Cf5%2Cf6&fields2=f51%2Cf52%2Cf53%2Cf54%2Cf55%2Cf56%2Cf57%2Cf58%2Cf59%2Cf60%2Cf61&klt=101&fqt=0&beg=20250329&end=20260702,Eastmoney daily kline fqt=0; avg_amount_20d uses last 20 available trading rows; avg_turnover_20d is percent; returns are close-to-close; volatility_60d is daily return std | ok,https://data.eastmoney.com/bbsj/300212.html;http://basic.10jqka.com.cn/300212/finance.html,"basis=latest annual report preferred; units=percent for growth/margin/ROE/debt, ratio for cashflow/receivables/inventory; flag_rule=fail; triggered=gross margin below 15%; operating cashflow/net profit below 0.5; receivables/revenue above 35%; inventory/revenue above 50%; debt/assets at or above 85%; data=income:2025-12-31 annual; balance:2025-12-31 annual; cashflow:2025-12-31 annual; ths:2025-12-31 annual",https://data.eastmoney.com/gzfx/detail/300212.html,Eastmoney RPT_VALUEANALYSIS_DET latest TRADE_DATE=2026-07-01; PE_TTM/PB_MRQ/PS_TTM fetched via public datacenter API.,https://basic.10jqka.com.cn/mobile/300212/profilen.html,同花顺F10主营构成; evidence_date=2025-12-31; evidence_level=secondary_financial_data
300229,拓尔思,AI,core,core,自然语言处理、大数据软件和内容安全产品,公司业务身份直接围绕NLP、大数据和行业AI应用是A股中较明确的AI软件标的,12309318931.88,326585371.38,2.4495,-0.145024,-0.197608,0.031421,false,false,-35.3486,3.2662,27.2455,-34.1928,-212.02,61.4453,-7.38,-0.674,0.4756,0.0584,8.563,fail,pass,loss_or_negative,AI技术是公司核心能力和产品方向；虽未单列收入但业务属性足以支持核心AI池,虽为核心匹配，但专属主题收入未单独量化，需跟踪收入拆分和披露口径,reject_for_trading_pool,https://push2his.eastmoney.com/api/qt/stock/kline/get?secid=0.300229&fields1=f1%2Cf2%2Cf3%2Cf4%2Cf5%2Cf6&fields2=f51%2Cf52%2Cf53%2Cf54%2Cf55%2Cf56%2Cf57%2Cf58%2Cf59%2Cf60%2Cf61&klt=101&fqt=0&beg=20250329&end=20260702,Eastmoney daily kline fqt=0; avg_amount_20d uses last 20 available trading rows; avg_turnover_20d is percent; returns are close-to-close; volatility_60d is daily return std | ok,https://data.eastmoney.com/bbsj/300229.html;http://basic.10jqka.com.cn/300229/finance.html,"basis=latest annual report preferred; units=percent for growth/margin/ROE/debt, ratio for cashflow/receivables/inventory; flag_rule=fail; triggered=negative revenue growth; negative net profit growth; ROE below 5%; negative operating cashflow/net profit; receivables/revenue above 35%; data=income:2025-12-31 annual; balance:2025-12-31 annual; cashflow:2025-12-31 annual; ths:2025-12-31 annual",https://data.eastmoney.com/gzfx/detail/300229.html,Eastmoney RPT_VALUEANALYSIS_DET latest TRADE_DATE=2026-07-01; PE_TTM/PB_MRQ/PS_TTM fetched via public datacenter API.,https://basic.10jqka.com.cn/mobile/300229/profilen.html,同花顺F10主营构成; evidence_date=2025-12-31; evidence_level=secondary_financial_data
300252,金信诺,商业航天,conditional,transition,高速连接器、线缆组件、射频器件和特种通信产品,射频和特种通信产品可用于卫星通信配套但公司商业航天收入未拆分,11104792457.19,1196607012.4,12.3495,0.051847,0.240826,0.037501,false,false,356.7232,5.2296,4.413,16.9283,14.69,19.8272,0.66,-19.9333,0.504,0.1838,58.5521,fail,pass,high,存在卫星通信链路配套可能性且与主业相邻但材料性不清晰,商业航天主题收入未量化或仍属二级/转型业务，需复核收入占比、口径和持续披露；当前材料性标记为transition,reject_for_trading_pool,https://push2his.eastmoney.com/api/qt/stock/kline/get?secid=0.300252&fields1=f1%2Cf2%2Cf3%2Cf4%2Cf5%2Cf6&fields2=f51%2Cf52%2Cf53%2Cf54%2Cf55%2Cf56%2Cf57%2Cf58%2Cf59%2Cf60%2Cf61&klt=101&fqt=0&beg=20250329&end=20260702,Eastmoney daily kline fqt=0; avg_amount_20d uses last 20 available trading rows; avg_turnover_20d is percent; returns are close-to-close; volatility_60d is daily return std | ok,https://data.eastmoney.com/bbsj/300252.html;http://basic.10jqka.com.cn/300252/finance.html,"basis=latest annual report preferred; units=percent for growth/margin/ROE/debt, ratio for cashflow/receivables/inventory; flag_rule=fail; triggered=ROE below 5%; negative operating cashflow/net profit; receivables/revenue above 35%; data=income:2025-12-31 annual; balance:2025-12-31 annual; cashflow:2025-12-31 annual; ths:2025-12-31 annual",https://data.eastmoney.com/gzfx/detail/300252.html,Eastmoney RPT_VALUEANALYSIS_DET latest TRADE_DATE=2026-07-01; PE_TTM/PB_MRQ/PS_TTM fetched via public datacenter API.,https://basic.10jqka.com.cn/mobile/300252/profilen.html,"同花顺F10主营构成; evidence_date=2025/12/31; evidence_level=secondary_financial_data; manual_change: conditional->conditional, materiality transition->transition"
300253,卫宁健康,AI,conditional,transition,医疗卫生信息化软件、互联网医疗和健康服务平台,AI智能体和医疗大模型可嵌入医院信息化产品但收入仍未单列,15563013401.6,344064648.83,2.67,-0.084197,-0.160333,0.026629,false,false,-42.3205,2.8052,7.1586,-24.2996,-525.38,32.8287,-6.44,-1.4854,0.4902,0.0476,34.3489,fail,pass,loss_or_negative,AI与医疗IT主业有真实应用场景但商业贡献需继续核验,AI主题收入未量化或仍属二级/转型业务，需复核收入占比、口径和持续披露；当前材料性标记为transition,reject_for_trading_pool,https://push2his.eastmoney.com/api/qt/stock/kline/get?secid=0.300253&fields1=f1%2Cf2%2Cf3%2Cf4%2Cf5%2Cf6&fields2=f51%2Cf52%2Cf53%2Cf54%2Cf55%2Cf56%2Cf57%2Cf58%2Cf59%2Cf60%2Cf61&klt=101&fqt=0&beg=20250329&end=20260702,Eastmoney daily kline fqt=0; avg_amount_20d uses last 20 available trading rows; avg_turnover_20d is percent; returns are close-to-close; volatility_60d is daily return std | ok,https://data.eastmoney.com/bbsj/300253.html;http://basic.10jqka.com.cn/300253/finance.html,"basis=latest annual report preferred; units=percent for growth/margin/ROE/debt, ratio for cashflow/receivables/inventory; flag_rule=fail; triggered=negative revenue growth; negative net profit growth; ROE below 5%; negative operating cashflow/net profit; receivables/revenue above 35%; data=income:2025-12-31 annual; balance:2025-12-31 annual; cashflow:2025-12-31 annual; ths:2025-12-31 annual",https://data.eastmoney.com/gzfx/detail/300253.html,Eastmoney RPT_VALUEANALYSIS_DET latest TRADE_DATE=2026-07-01; PE_TTM/PB_MRQ/PS_TTM fetched via public datacenter API.,https://basic.10jqka.com.cn/mobile/300253/profilen.html,同花顺F10主营构成; evidence_date=2025-12-31; evidence_level=secondary_financial_data
300339,润和软件,AI,conditional,transition,金融科技、智能物联、开源鸿蒙和行业软件服务,AI中台和智能体能力与公司软件服务主业相关但收入通常嵌入项目交付,31338766593.35,1128626888.01,3.606,-0.07259,0.027147,0.034267,false,false,218.9966,8.5922,7.7014,17.15,-39.81,23.2516,2.73,1.5087,0.5568,0.093,37.7348,caution,pass,high,公司有真实软件和智能化业务基础但缺少AI收入拆分；按条件纳入,AI主题收入未量化或仍属二级/转型业务，需复核收入占比、口径和持续披露；当前材料性标记为transition；现有证据对收入量化支持不足,expanded_candidate,https://push2his.eastmoney.com/api/qt/stock/kline/get?secid=0.300339&fields1=f1%2Cf2%2Cf3%2Cf4%2Cf5%2Cf6&fields2=f51%2Cf52%2Cf53%2Cf54%2Cf55%2Cf56%2Cf57%2Cf58%2Cf59%2Cf60%2Cf61&klt=101&fqt=0&beg=20250329&end=20260702,Eastmoney daily kline fqt=0; avg_amount_20d uses last 20 available trading rows; avg_turnover_20d is percent; returns are close-to-close; volatility_60d is daily return std | ok,https://data.eastmoney.com/bbsj/300339.html;http://basic.10jqka.com.cn/300339/finance.html,"basis=latest annual report preferred; units=percent for growth/margin/ROE/debt, ratio for cashflow/receivables/inventory; flag_rule=caution; triggered=negative net profit growth; ROE below 5%; receivables/revenue above 35%; data=income:2025-12-31 annual; balance:2025-12-31 annual; cashflow:2025-12-31 annual; ths:2025-12-31 annual",https://data.eastmoney.com/gzfx/detail/300339.html,Eastmoney RPT_VALUEANALYSIS_DET latest TRADE_DATE=2026-07-01; PE_TTM/PB_MRQ/PS_TTM fetched via public datacenter API.,https://basic.10jqka.com.cn/mobile/300339/profilen.html,同花顺F10主营构成; evidence_date=2025-12-31; evidence_level=secondary_financial_data
300342,天银机电,商业航天,core,transition,冰箱压缩机零部件、雷达与航空航天电子配套,子公司军工电子和雷达仿真业务与航天配套相关但母公司收入仍有较大家电零部件成分,20439938584.17,1559986908.53,7.8955,-0.031225,-0.14125,0.047508,false,false,1432.3878,13.0893,24.6811,-21.631,-85.85,24.7585,0.82,-0.4721,0.5694,0.6481,26.5804,fail,pass,high,航天电子配套是真实业务线索但商业航天收入占比不透明,虽为核心匹配，但专属主题收入未单独量化，需跟踪收入拆分和披露口径；现有证据对收入量化支持不足,reject_for_trading_pool,https://push2his.eastmoney.com/api/qt/stock/kline/get?secid=0.300342&fields1=f1%2Cf2%2Cf3%2Cf4%2Cf5%2Cf6&fields2=f51%2Cf52%2Cf53%2Cf54%2Cf55%2Cf56%2Cf57%2Cf58%2Cf59%2Cf60%2Cf61&klt=101&fqt=0&beg=20250329&end=20260702,Eastmoney daily kline fqt=0; avg_amount_20d uses last 20 available trading rows; avg_turnover_20d is percent; returns are close-to-close; volatility_60d is daily return std | ok,https://data.eastmoney.com/bbsj/300342.html;http://basic.10jqka.com.cn/300342/finance.html,"basis=latest annual report preferred; units=percent for growth/margin/ROE/debt, ratio for cashflow/receivables/inventory; flag_rule=fail; triggered=negative revenue growth; negative net profit growth; ROE below 5%; negative operating cashflow/net profit; receivables/revenue above 35%; inventory/revenue above 50%; data=income:2025-12-31 annual; balance:2025-12-31 annual; cashflow:2025-12-31 annual; ths:2025-12-31 annual",https://data.eastmoney.com/gzfx/detail/300342.html,Eastmoney RPT_VALUEANALYSIS_DET latest TRADE_DATE=2026-07-01; PE_TTM/PB_MRQ/PS_TTM fetched via public datacenter API.,https://basic.10jqka.com.cn/mobile/300342/profilen.html,"同花顺F10主营构成; evidence_date=2025/12/31; evidence_level=secondary_financial_data; manual_change: conditional->core, materiality transition->transition"
300348,长亮科技,AI,conditional,transition,银行核心系统、金融科技软件和数字金融解决方案,AI用于银行软件和数字金融产品升级但未形成可验证独立收入分部,7382658287.1,164864834.55,2.4175,-0.103755,-0.2813,0.025824,false,false,-489.4306,3.511,3.7085,12.7569,10.82,25.1411,0.97,7.1848,0.396,0.3873,27.2042,caution,pass,loss_or_negative,金融IT主业明确且AI应用有合理场景；缺少材料性收入披露,AI主题收入未量化或仍属二级/转型业务，需复核收入占比、口径和持续披露；当前材料性标记为transition；现有证据对收入量化支持不足,expanded_candidate,https://push2his.eastmoney.com/api/qt/stock/kline/get?secid=0.300348&fields1=f1%2Cf2%2Cf3%2Cf4%2Cf5%2Cf6&fields2=f51%2Cf52%2Cf53%2Cf54%2Cf55%2Cf56%2Cf57%2Cf58%2Cf59%2Cf60%2Cf61&klt=101&fqt=0&beg=20250329&end=20260702,Eastmoney daily kline fqt=0; avg_amount_20d uses last 20 available trading rows; avg_turnover_20d is percent; returns are close-to-close; volatility_60d is daily return std | ok,https://data.eastmoney.com/bbsj/300348.html;http://basic.10jqka.com.cn/300348/finance.html,"basis=latest annual report preferred; units=percent for growth/margin/ROE/debt, ratio for cashflow/receivables/inventory; flag_rule=caution; triggered=ROE below 5%; receivables/revenue above 35%; data=income:2025-12-31 annual; balance:2025-12-31 annual; cashflow:2025-12-31 annual; ths:2025-12-31 annual",https://data.eastmoney.com/gzfx/detail/300348.html,Eastmoney RPT_VALUEANALYSIS_DET latest TRADE_DATE=2026-07-01; PE_TTM/PB_MRQ/PS_TTM fetched via public datacenter API.,https://basic.10jqka.com.cn/mobile/300348/profilen.html,同花顺F10主营构成; evidence_date=2025-12-31; evidence_level=secondary_financial_data
300364,中文在线,AI,conditional,transition,数字阅读、版权运营、IP衍生和文化出海业务,AIGC与网文和短剧内容生产高度相关但收入仍未从版权和内容业务中单独拆出,17411152820.2,902322691.34,5.689,-0.039389,-0.089177,0.038739,false,false,-27.6991,68.9985,10.0467,42.9151,-176.24,36.1785,-104.75,0.3037,0.1824,0.0166,75.5565,fail,pass,loss_or_negative,AI是内容生产和IP运营的重要应用方向但材料性收入仍需确认,AI主题收入未量化或仍属二级/转型业务，需复核收入占比、口径和持续披露；当前材料性标记为transition,reject_for_trading_pool,https://push2his.eastmoney.com/api/qt/stock/kline/get?secid=0.300364&fields1=f1%2Cf2%2Cf3%2Cf4%2Cf5%2Cf6&fields2=f51%2Cf52%2Cf53%2Cf54%2Cf55%2Cf56%2Cf57%2Cf58%2Cf59%2Cf60%2Cf61&klt=101&fqt=0&beg=20250329&end=20260702,Eastmoney daily kline fqt=0; avg_amount_20d uses last 20 available trading rows; avg_turnover_20d is percent; returns are close-to-close; volatility_60d is daily return std | ok,https://data.eastmoney.com/bbsj/300364.html;http://basic.10jqka.com.cn/300364/finance.html,"basis=latest annual report preferred; units=percent for growth/margin/ROE/debt, ratio for cashflow/receivables/inventory; flag_rule=fail; triggered=negative net profit growth; ROE below 5%; operating cashflow/net profit below 0.5; debt/assets above 70%; data=income:2025-12-31 annual; balance:2025-12-31 annual; cashflow:2025-12-31 annual; ths:2025-12-31 annual",https://data.eastmoney.com/gzfx/detail/300364.html,Eastmoney RPT_VALUEANALYSIS_DET latest TRADE_DATE=2026-07-01; PE_TTM/PB_MRQ/PS_TTM fetched via public datacenter API.,https://basic.10jqka.com.cn/mobile/300364/profilen.html,同花顺F10主营构成; evidence_date=2025-12-31; evidence_level=secondary_financial_data
300366,ST创意,AI,conditional,transition,电信运营商IT服务、大数据平台和数据库软件,AI智能体与大数据平台和运营商IT服务相关但商业收入仍嵌入软件项目,2807001813.0,32428324.65,1.2385,-0.155393,-0.164557,0.026019,true,false,-4.4468,2.4238,4.1527,-46.8405,-703.01,10.3531,-41.62,0.1179,1.0611,0.876,57.7647,fail,caution,loss_or_negative,公司具备大数据和软件平台基础；AI业务材料性需后续订单或年报分部验证,AI主题收入未量化或仍属二级/转型业务，需复核收入占比、口径和持续披露；当前材料性标记为transition,reject_for_trading_pool,https://push2his.eastmoney.com/api/qt/stock/kline/get?secid=0.300366&fields1=f1%2Cf2%2Cf3%2Cf4%2Cf5%2Cf6&fields2=f51%2Cf52%2Cf53%2Cf54%2Cf55%2Cf56%2Cf57%2Cf58%2Cf59%2Cf60%2Cf61&klt=101&fqt=0&beg=20250329&end=20260702,Eastmoney daily kline fqt=0; avg_amount_20d uses last 20 available trading rows; avg_turnover_20d is percent; returns are close-to-close; volatility_60d is daily return std | ok,https://data.eastmoney.com/bbsj/300366.html;http://basic.10jqka.com.cn/300366/finance.html,"basis=latest annual report preferred; units=percent for growth/margin/ROE/debt, ratio for cashflow/receivables/inventory; flag_rule=fail; triggered=negative revenue growth; negative net profit growth; gross margin below 15%; ROE below 5%; operating cashflow/net profit below 0.5; receivables/revenue above 35%; inventory/revenue above 50%; data=income:2025-12-31 annual; balance:2025-12-31 annual; cashflow:2025-12-31 annual; ths:2025-12-31 annual",https://data.eastmoney.com/gzfx/detail/300366.html,Eastmoney RPT_VALUEANALYSIS_DET latest TRADE_DATE=2026-07-01; PE_TTM/PB_MRQ/PS_TTM fetched via public datacenter API.,https://basic.10jqka.com.cn/mobile/300366/profilen.html,同花顺F10主营构成; evidence_date=2025-12-31; evidence_level=secondary_financial_data
300366,ST创意,商业航天,conditional,transition,"Digital government/enterprise information systems, database and telecom-data services.","Has satellite-internet and aerospace-informatization narrative, but the listed-company revenue base is broader software and data services rather than dedicated space hardware or launch/satellite operation.",2807001813.0,32428324.65,1.2385,-0.155393,-0.164557,0.026019,true,false,-4.4468,2.4238,4.1527,-46.8405,-703.01,10.3531,-41.62,0.1179,1.0611,0.876,57.7647,fail,caution,loss_or_negative,F10 profile supports a software/data-service primary business; commercial-space exposure appears to be a secondary applied-ICT direction with no disclosed segment revenue.；披露口径：主题收入金额not separately disclosed,商业航天主题收入未量化或仍属二级/转型业务，需复核收入占比、口径和持续披露；当前材料性标记为transition,reject_for_trading_pool,https://push2his.eastmoney.com/api/qt/stock/kline/get?secid=0.300366&fields1=f1%2Cf2%2Cf3%2Cf4%2Cf5%2Cf6&fields2=f51%2Cf52%2Cf53%2Cf54%2Cf55%2Cf56%2Cf57%2Cf58%2Cf59%2Cf60%2Cf61&klt=101&fqt=0&beg=20250329&end=20260702,Eastmoney daily kline fqt=0; avg_amount_20d uses last 20 available trading rows; avg_turnover_20d is percent; returns are close-to-close; volatility_60d is daily return std | ok,https://data.eastmoney.com/bbsj/300366.html;http://basic.10jqka.com.cn/300366/finance.html,"basis=latest annual report preferred; units=percent for growth/margin/ROE/debt, ratio for cashflow/receivables/inventory; flag_rule=fail; triggered=negative revenue growth; negative net profit growth; gross margin below 15%; ROE below 5%; operating cashflow/net profit below 0.5; receivables/revenue above 35%; inventory/revenue above 50%; data=income:2025-12-31 annual; balance:2025-12-31 annual; cashflow:2025-12-31 annual; ths:2025-12-31 annual",https://data.eastmoney.com/gzfx/detail/300366.html,Eastmoney RPT_VALUEANALYSIS_DET latest TRADE_DATE=2026-07-01; PE_TTM/PB_MRQ/PS_TTM fetched via public datacenter API.,https://vip.stock.finance.sina.com.cn/corp/go.php/vCI_CorpInfo/stockid/300366.phtml,"Sina Finance F10 company profile for 300366; evidence_date=2026/7/1; evidence_level=sina_f10_company_profile; manual_change: conditional->conditional, materiality transition->transition"
300413,芒果超媒,AI,conditional,transition,"Long-video/new-media platform operation, content production, advertising and membership services.","AIGC is used for content production, recommendation and media operations, but the company is fundamentally a media/content platform.",28229177098.35,255732150.03,1.608,-0.11183,-0.273471,0.018243,false,false,26.7296,1.1883,2.0007,-1.8907,-10.06,23.0922,5.36,0.9646,0.2811,0.0956,29.4,caution,pass,normal,F10 business profile is media/platform operations; AI exposure is operational/product enablement rather than separately disclosed revenue.；披露口径：主题收入金额not separately disclosed,AI主题收入未量化或仍属二级/转型业务，需复核收入占比、口径和持续披露；当前材料性标记为transition,expanded_candidate,https://push2his.eastmoney.com/api/qt/stock/kline/get?secid=0.300413&fields1=f1%2Cf2%2Cf3%2Cf4%2Cf5%2Cf6&fields2=f51%2Cf52%2Cf53%2Cf54%2Cf55%2Cf56%2Cf57%2Cf58%2Cf59%2Cf60%2Cf61&klt=101&fqt=0&beg=20250329&end=20260702,Eastmoney daily kline fqt=0; avg_amount_20d uses last 20 available trading rows; avg_turnover_20d is percent; returns are close-to-close; volatility_60d is daily return std | ok,https://data.eastmoney.com/bbsj/300413.html;http://basic.10jqka.com.cn/300413/finance.html,"basis=latest annual report preferred; units=percent for growth/margin/ROE/debt, ratio for cashflow/receivables/inventory; flag_rule=caution; triggered=negative revenue growth; negative net profit growth; data=income:2025-12-31 annual; balance:2025-12-31 annual; cashflow:2025-12-31 annual; ths:2025-12-31 annual",https://data.eastmoney.com/gzfx/detail/300413.html,Eastmoney RPT_VALUEANALYSIS_DET latest TRADE_DATE=2026-07-01; PE_TTM/PB_MRQ/PS_TTM fetched via public datacenter API.,https://vip.stock.finance.sina.com.cn/corp/go.php/vCI_CorpInfo/stockid/300413.phtml,Sina Finance F10 company profile for 300413; evidence_date=2026-07-01; evidence_level=sina_f10_company_profile
300418,昆仑万维,AI,conditional,transition,"Internet platforms, overseas social entertainment, games and AI large-model/application products.","The company has a visible AI strategy and Tiangong large-model products, but disclosed revenue materiality versus legacy internet businesses remains unclear.",51684096237.3,2154149886.36,4.5055,-0.037799,-0.158401,0.036617,false,false,-30.4974,4.2598,5.7943,44.7796,0.13,68.6072,-11.58,0.4621,0.1403,0.0019,22.6805,fail,pass,loss_or_negative,"Real AI model/application business exists, but available business profile does not show AI as a separately quantified majority revenue segment.；披露口径：主题收入金额not separately disclosed",AI主题收入未量化或仍属二级/转型业务，需复核收入占比、口径和持续披露；当前材料性标记为transition,reject_for_trading_pool,https://push2his.eastmoney.com/api/qt/stock/kline/get?secid=0.300418&fields1=f1%2Cf2%2Cf3%2Cf4%2Cf5%2Cf6&fields2=f51%2Cf52%2Cf53%2Cf54%2Cf55%2Cf56%2Cf57%2Cf58%2Cf59%2Cf60%2Cf61&klt=101&fqt=0&beg=20250329&end=20260702,Eastmoney daily kline fqt=0; avg_amount_20d uses last 20 available trading rows; avg_turnover_20d is percent; returns are close-to-close; volatility_60d is daily return std | ok,https://data.eastmoney.com/bbsj/300418.html;http://basic.10jqka.com.cn/300418/finance.html,"basis=latest annual report preferred; units=percent for growth/margin/ROE/debt, ratio for cashflow/receivables/inventory; flag_rule=fail; triggered=ROE below 5%; operating cashflow/net profit below 0.5; data=income:2025-12-31 annual; balance:2025-12-31 annual; cashflow:2025-12-31 annual; ths:2025-12-31 annual",https://data.eastmoney.com/gzfx/detail/300418.html,Eastmoney RPT_VALUEANALYSIS_DET latest TRADE_DATE=2026-07-01; PE_TTM/PB_MRQ/PS_TTM fetched via public datacenter API.,https://vip.stock.finance.sina.com.cn/corp/go.php/vCI_CorpInfo/stockid/300418.phtml,"Sina Finance F10 company profile for 300418; evidence_date=2026/7/1; evidence_level=sina_f10_company_profile; manual_change: conditional->conditional, materiality transition->transition"
300447,全信股份,商业航天,conditional,transition,"Military/aerospace electronic components, cables and interconnection products.","Products can serve satellite, aerospace and BeiDou equipment chains, but exposure is embedded in broader defense-electronics components.",4615947342.5,97697842.76,3.11,-0.090462,-0.203664,0.025398,false,false,170.5855,2.3163,5.5731,-7.8935,66.62,35.5299,1.49,13.3995,1.016,0.5527,18.9374,caution,caution,high,Aerospace/defense component business is real; commercial-space purity is limited because revenue is not split by satellite or space end-market.；披露口径：主题收入金额not separately disclosed,商业航天主题收入未量化或仍属二级/转型业务，需复核收入占比、口径和持续披露；当前材料性标记为transition,manual_check,https://push2his.eastmoney.com/api/qt/stock/kline/get?secid=0.300447&fields1=f1%2Cf2%2Cf3%2Cf4%2Cf5%2Cf6&fields2=f51%2Cf52%2Cf53%2Cf54%2Cf55%2Cf56%2Cf57%2Cf58%2Cf59%2Cf60%2Cf61&klt=101&fqt=0&beg=20250329&end=20260702,Eastmoney daily kline fqt=0; avg_amount_20d uses last 20 available trading rows; avg_turnover_20d is percent; returns are close-to-close; volatility_60d is daily return std | ok,https://data.eastmoney.com/bbsj/300447.html;http://basic.10jqka.com.cn/300447/finance.html,"basis=latest annual report preferred; units=percent for growth/margin/ROE/debt, ratio for cashflow/receivables/inventory; flag_rule=caution; triggered=negative revenue growth; ROE below 5%; receivables/revenue above 35%; inventory/revenue above 50%; data=income:2025-12-31 annual; balance:2025-12-31 annual; cashflow:2025-12-31 annual; ths:2025-12-31 annual",https://data.eastmoney.com/gzfx/detail/300447.html,Eastmoney RPT_VALUEANALYSIS_DET latest TRADE_DATE=2026-07-01; PE_TTM/PB_MRQ/PS_TTM fetched via public datacenter API.,https://vip.stock.finance.sina.com.cn/corp/go.php/vCI_CorpInfo/stockid/300447.phtml,Sina Finance F10 company profile for 300447; evidence_date=2026-07-01; evidence_level=sina_f10_company_profile
300448,浩云科技,AI,conditional,transition,"IoT security, smart finance/security systems, video and data platform solutions.","AI is used in video analytics, IoT security and operational platforms, but appears as embedded functionality in broader system-integration products.",4018511449.26,145280893.05,3.381,-0.241379,-0.12,0.033881,false,false,-148.676,3.3058,16.7959,-25.514,1.73,33.9458,-2.77,0.1101,0.8591,0.2749,7.4669,fail,pass,loss_or_negative,Business profile supports intelligent security/IoT systems; AI exposure is real but not independently materialized in disclosed revenue.；披露口径：主题收入金额not separately disclosed,AI主题收入未量化或仍属二级/转型业务，需复核收入占比、口径和持续披露；当前材料性标记为transition,reject_for_trading_pool,https://push2his.eastmoney.com/api/qt/stock/kline/get?secid=0.300448&fields1=f1%2Cf2%2Cf3%2Cf4%2Cf5%2Cf6&fields2=f51%2Cf52%2Cf53%2Cf54%2Cf55%2Cf56%2Cf57%2Cf58%2Cf59%2Cf60%2Cf61&klt=101&fqt=0&beg=20250329&end=20260702,Eastmoney daily kline fqt=0; avg_amount_20d uses last 20 available trading rows; avg_turnover_20d is percent; returns are close-to-close; volatility_60d is daily return std | ok,https://data.eastmoney.com/bbsj/300448.html;http://basic.10jqka.com.cn/300448/finance.html,"basis=latest annual report preferred; units=percent for growth/margin/ROE/debt, ratio for cashflow/receivables/inventory; flag_rule=fail; triggered=negative revenue growth; ROE below 5%; operating cashflow/net profit below 0.5; receivables/revenue above 35%; data=income:2025-12-31 annual; balance:2025-12-31 annual; cashflow:2025-12-31 annual; ths:2025-12-31 annual",https://data.eastmoney.com/gzfx/detail/300448.html,Eastmoney RPT_VALUEANALYSIS_DET latest TRADE_DATE=2026-07-01; PE_TTM/PB_MRQ/PS_TTM fetched via public datacenter API.,https://vip.stock.finance.sina.com.cn/corp/go.php/vCI_CorpInfo/stockid/300448.phtml,Sina Finance F10 company profile for 300448; evidence_date=2026-07-01; evidence_level=sina_f10_company_profile
300451,创业慧康,AI,conditional,transition,"Healthcare informatization software, hospital information systems and digital health services.","AI is a healthcare-IT capability in clinical, hospital and data products, but the main business remains medical informatization.",5158585224.36,87622239.98,1.661,-0.114362,-0.30625,0.020279,false,false,-11.0492,1.3077,5.3648,-26.0728,-131.47,35.6308,-9.54,0.0528,1.3517,0.3535,22.8153,fail,caution,loss_or_negative,F10 profile shows healthcare IT as the base; AI exposure is commercially plausible but contribution is not separately quantified.；披露口径：主题收入金额not separately disclosed,AI主题收入未量化或仍属二级/转型业务，需复核收入占比、口径和持续披露；当前材料性标记为transition,reject_for_trading_pool,https://push2his.eastmoney.com/api/qt/stock/kline/get?secid=0.300451&fields1=f1%2Cf2%2Cf3%2Cf4%2Cf5%2Cf6&fields2=f51%2Cf52%2Cf53%2Cf54%2Cf55%2Cf56%2Cf57%2Cf58%2Cf59%2Cf60%2Cf61&klt=101&fqt=0&beg=20250329&end=20260702,Eastmoney daily kline fqt=0; avg_amount_20d uses last 20 available trading rows; avg_turnover_20d is percent; returns are close-to-close; volatility_60d is daily return std | ok,https://data.eastmoney.com/bbsj/300451.html;http://basic.10jqka.com.cn/300451/finance.html,"basis=latest annual report preferred; units=percent for growth/margin/ROE/debt, ratio for cashflow/receivables/inventory; flag_rule=fail; triggered=negative revenue growth; negative net profit growth; ROE below 5%; operating cashflow/net profit below 0.5; receivables/revenue above 35%; data=income:2025-12-31 annual; balance:2025-12-31 annual; cashflow:2025-12-31 annual; ths:2025-12-31 annual",https://data.eastmoney.com/gzfx/detail/300451.html,Eastmoney RPT_VALUEANALYSIS_DET latest TRADE_DATE=2026-07-01; PE_TTM/PB_MRQ/PS_TTM fetched via public datacenter API.,https://vip.stock.finance.sina.com.cn/corp/go.php/vCI_CorpInfo/stockid/300451.phtml,Sina Finance F10 company profile for 300451; evidence_date=2026-07-01; evidence_level=sina_f10_company_profile
300454,深信服,AI,conditional,transition,"Cybersecurity, cloud computing, IT infrastructure and enterprise network services.","AI is relevant to security products and computing infrastructure, but the company is not a pure AI vendor and AI revenue is not broken out.",41464194004.4,1039924824.92,3.5945,-0.181099,-0.017653,0.038421,false,false,72.2633,3.8423,4.967,6.9586,99.52,59.3066,4.17,3.4166,0.0722,0.107,41.7582,caution,pass,normal,Core business is cybersecurity/cloud; AI is embedded in products and infrastructure rather than a disclosed standalone segment.；披露口径：主题收入金额not separately disclosed,AI主题收入未量化或仍属二级/转型业务，需复核收入占比、口径和持续披露；当前材料性标记为transition,expanded_candidate,https://push2his.eastmoney.com/api/qt/stock/kline/get?secid=0.300454&fields1=f1%2Cf2%2Cf3%2Cf4%2Cf5%2Cf6&fields2=f51%2Cf52%2Cf53%2Cf54%2Cf55%2Cf56%2Cf57%2Cf58%2Cf59%2Cf60%2Cf61&klt=101&fqt=0&beg=20250329&end=20260702,Eastmoney daily kline fqt=0; avg_amount_20d uses last 20 available trading rows; avg_turnover_20d is percent; returns are close-to-close; volatility_60d is daily return std | ok,https://data.eastmoney.com/bbsj/300454.html;http://basic.10jqka.com.cn/300454/finance.html,"basis=latest annual report preferred; units=percent for growth/margin/ROE/debt, ratio for cashflow/receivables/inventory; flag_rule=caution; triggered=ROE below 5%; data=income:2025-12-31 annual; balance:2025-12-31 annual; cashflow:2025-12-31 annual; ths:2025-12-31 annual",https://data.eastmoney.com/gzfx/detail/300454.html,Eastmoney RPT_VALUEANALYSIS_DET latest TRADE_DATE=2026-07-01; PE_TTM/PB_MRQ/PS_TTM fetched via public datacenter API.,https://vip.stock.finance.sina.com.cn/corp/go.php/vCI_CorpInfo/stockid/300454.phtml,Sina Finance F10 company profile for 300454; evidence_date=2026-07-01; evidence_level=sina_f10_company_profile
300455,航天智装,商业航天,core,core,"Aerospace intelligent equipment, satellite application equipment, railway/automation and environmental-control products.","Aerospace and satellite-application products are part of the business identity, giving the commercial-space theme a real operating basis despite limited segment split.",15783716912.64,228074478.0,1.4505,-0.016547,-0.075273,0.027561,false,false,-86.6696,9.4597,14.4058,-16.1147,-352.78,7.5195,-10.22,-0.8602,0.5491,0.934,40.6494,fail,pass,loss_or_negative,F10 profile indicates aerospace intelligent equipment/satellite application orientation; this is more than a concept tag.；披露口径：主题收入占比material but not separately disclosed，主题收入金额not separately disclosed,需跟踪主题业务增速、订单/交付节奏、毛利率和客户需求波动,reject_for_trading_pool,https://push2his.eastmoney.com/api/qt/stock/kline/get?secid=0.300455&fields1=f1%2Cf2%2Cf3%2Cf4%2Cf5%2Cf6&fields2=f51%2Cf52%2Cf53%2Cf54%2Cf55%2Cf56%2Cf57%2Cf58%2Cf59%2Cf60%2Cf61&klt=101&fqt=0&beg=20250329&end=20260702,Eastmoney daily kline fqt=0; avg_amount_20d uses last 20 available trading rows; avg_turnover_20d is percent; returns are close-to-close; volatility_60d is daily return std | ok,https://data.eastmoney.com/bbsj/300455.html;http://basic.10jqka.com.cn/300455/finance.html,"basis=latest annual report preferred; units=percent for growth/margin/ROE/debt, ratio for cashflow/receivables/inventory; flag_rule=fail; triggered=negative revenue growth; negative net profit growth; gross margin below 15%; ROE below 5%; negative operating cashflow/net profit; receivables/revenue above 35%; inventory/revenue above 50%; data=income:2025-12-31 annual; balance:2025-12-31 annual; cashflow:2025-12-31 annual; ths:2025-12-31 annual",https://data.eastmoney.com/gzfx/detail/300455.html,Eastmoney RPT_VALUEANALYSIS_DET latest TRADE_DATE=2026-07-01; PE_TTM/PB_MRQ/PS_TTM fetched via public datacenter API.,https://vip.stock.finance.sina.com.cn/corp/go.php/vCI_CorpInfo/stockid/300455.phtml,"Sina Finance F10 company profile for 300455; evidence_date=2026/7/1; evidence_level=sina_f10_company_profile; manual_change: core->core, materiality core->core"
300458,全志科技,AI,conditional,transition,Smart application processor SoC chips and power-management chips for intelligent terminals.,"Edge AI is embedded in SoC products for smart terminals, but AI revenue is not identifiable as a separate segment.",36844072900.92,1671423859.25,5.738,0.113848,0.116867,0.040532,false,false,102.5257,11.538,12.2377,24.0414,57.2,32.8764,8.65,1.0819,0.0116,0.2869,17.901,pass,pass,high,IC-design business supports real edge-AI exposure; materiality is unclear because segment reporting remains chip-product based.；披露口径：主题收入金额not separately disclosed,AI主题收入未量化或仍属二级/转型业务，需复核收入占比、口径和持续披露；当前材料性标记为transition,expanded_candidate,https://push2his.eastmoney.com/api/qt/stock/kline/get?secid=0.300458&fields1=f1%2Cf2%2Cf3%2Cf4%2Cf5%2Cf6&fields2=f51%2Cf52%2Cf53%2Cf54%2Cf55%2Cf56%2Cf57%2Cf58%2Cf59%2Cf60%2Cf61&klt=101&fqt=0&beg=20250329&end=20260702,Eastmoney daily kline fqt=0; avg_amount_20d uses last 20 available trading rows; avg_turnover_20d is percent; returns are close-to-close; volatility_60d is daily return std | ok,https://data.eastmoney.com/bbsj/300458.html;http://basic.10jqka.com.cn/300458/finance.html,"basis=latest annual report preferred; units=percent for growth/margin/ROE/debt, ratio for cashflow/receivables/inventory; flag_rule=pass; triggered=no quality threshold triggered; data=income:2025-12-31 annual; balance:2025-12-31 annual; cashflow:2025-12-31 annual; ths:2025-12-31 annual",https://data.eastmoney.com/gzfx/detail/300458.html,Eastmoney RPT_VALUEANALYSIS_DET latest TRADE_DATE=2026-07-01; PE_TTM/PB_MRQ/PS_TTM fetched via public datacenter API.,https://vip.stock.finance.sina.com.cn/corp/go.php/vCI_CorpInfo/stockid/300458.phtml,Sina Finance F10 company profile for 300458; evidence_date=2026-07-01; evidence_level=sina_f10_company_profile
300474,景嘉微,AI,core,core,"Graphics processing chips, small dedicated radars and embedded display/control modules.","Domestic GPU products are directly relevant to AI computing and are a core business line, even if AI-specific revenue is not separately disclosed.",30223069666.09,668632532.68,2.9665,0.002601,0.032126,0.03287,false,false,-186.569,4.5357,44.0958,54.4069,0.3,47.3601,-2.36,0.3097,0.8835,0.6953,11.6805,fail,pass,loss_or_negative,F10 profile identifies GPU/graphics-control chips as core products; AI-computing exposure is materially tied to the business.；披露口径：主题收入占比material but not separately disclosed，主题收入金额not separately disclosed,需跟踪主题业务增速、订单/交付节奏、毛利率和客户需求波动,reject_for_trading_pool,https://push2his.eastmoney.com/api/qt/stock/kline/get?secid=0.300474&fields1=f1%2Cf2%2Cf3%2Cf4%2Cf5%2Cf6&fields2=f51%2Cf52%2Cf53%2Cf54%2Cf55%2Cf56%2Cf57%2Cf58%2Cf59%2Cf60%2Cf61&klt=101&fqt=0&beg=20250329&end=20260702,Eastmoney daily kline fqt=0; avg_amount_20d uses last 20 available trading rows; avg_turnover_20d is percent; returns are close-to-close; volatility_60d is daily return std | ok,https://data.eastmoney.com/bbsj/300474.html;http://basic.10jqka.com.cn/300474/finance.html,"basis=latest annual report preferred; units=percent for growth/margin/ROE/debt, ratio for cashflow/receivables/inventory; flag_rule=fail; triggered=ROE below 5%; operating cashflow/net profit below 0.5; receivables/revenue above 35%; inventory/revenue above 50%; data=income:2025-12-31 annual; balance:2025-12-31 annual; cashflow:2025-12-31 annual; ths:2025-12-31 annual",https://data.eastmoney.com/gzfx/detail/300474.html,Eastmoney RPT_VALUEANALYSIS_DET latest TRADE_DATE=2026-07-01; PE_TTM/PB_MRQ/PS_TTM fetched via public datacenter API.,https://vip.stock.finance.sina.com.cn/corp/go.php/vCI_CorpInfo/stockid/300474.phtml,Sina Finance F10 company profile for 300474; evidence_date=2026-07-01; evidence_level=sina_f10_company_profile
300479,神思电子,AI,conditional,transition,"Identity recognition, smart service terminals and AI/data service solutions.","AI recognition and cognitive-service products are real, but the company is a broader identity/smart-terminal provider.",2675814946.7,53482132.65,1.9295,-0.072404,-0.243454,0.025016,false,false,247.3998,5.1109,3.0862,-1.2712,2.99,29.4455,3.03,8.9925,0.3257,0.2905,67.1243,caution,caution,high,Business profile supports AI-enabled identity and smart terminal solutions; contribution remains unquantified.；披露口径：主题收入金额not separately disclosed,AI主题收入未量化或仍属二级/转型业务，需复核收入占比、口径和持续披露；当前材料性标记为transition,manual_check,https://push2his.eastmoney.com/api/qt/stock/kline/get?secid=0.300479&fields1=f1%2Cf2%2Cf3%2Cf4%2Cf5%2Cf6&fields2=f51%2Cf52%2Cf53%2Cf54%2Cf55%2Cf56%2Cf57%2Cf58%2Cf59%2Cf60%2Cf61&klt=101&fqt=0&beg=20250329&end=20260702,Eastmoney daily kline fqt=0; avg_amount_20d uses last 20 available trading rows; avg_turnover_20d is percent; returns are close-to-close; volatility_60d is daily return std | ok,https://data.eastmoney.com/bbsj/300479.html;http://basic.10jqka.com.cn/300479/finance.html,"basis=latest annual report preferred; units=percent for growth/margin/ROE/debt, ratio for cashflow/receivables/inventory; flag_rule=caution; triggered=negative revenue growth; ROE below 5%; data=income:2025-12-31 annual; balance:2025-12-31 annual; cashflow:2025-12-31 annual; ths:2025-12-31 annual",https://data.eastmoney.com/gzfx/detail/300479.html,Eastmoney RPT_VALUEANALYSIS_DET latest TRADE_DATE=2026-07-01; PE_TTM/PB_MRQ/PS_TTM fetched via public datacenter API.,https://vip.stock.finance.sina.com.cn/corp/go.php/vCI_CorpInfo/stockid/300479.phtml,Sina Finance F10 company profile for 300479; evidence_date=2026-07-01; evidence_level=sina_f10_company_profile
300496,中科创达,AI,conditional,transition,"Intelligent operating systems and platform technologies for smart vehicles, IoT and smart industries.","AI is deeply tied to intelligent OS, smart vehicle and edge-device solutions, but disclosed segments do not isolate AI revenue.",28783441146.36,1088397848.82,4.7125,-0.013451,0.08248,0.031361,false,false,62.7102,2.771,3.5796,44.4488,10.47,31.6705,4.48,1.51,0.3522,0.162,20.8419,caution,pass,normal,The operating-system/platform business has real AI relevance; classify below core because AI revenue materiality is not separately disclosed.；披露口径：主题收入金额not separately disclosed,AI主题收入未量化或仍属二级/转型业务，需复核收入占比、口径和持续披露；当前材料性标记为transition,expanded_candidate,https://push2his.eastmoney.com/api/qt/stock/kline/get?secid=0.300496&fields1=f1%2Cf2%2Cf3%2Cf4%2Cf5%2Cf6&fields2=f51%2Cf52%2Cf53%2Cf54%2Cf55%2Cf56%2Cf57%2Cf58%2Cf59%2Cf60%2Cf61&klt=101&fqt=0&beg=20250329&end=20260702,Eastmoney daily kline fqt=0; avg_amount_20d uses last 20 available trading rows; avg_turnover_20d is percent; returns are close-to-close; volatility_60d is daily return std | ok,https://data.eastmoney.com/bbsj/300496.html;http://basic.10jqka.com.cn/300496/finance.html,"basis=latest annual report preferred; units=percent for growth/margin/ROE/debt, ratio for cashflow/receivables/inventory; flag_rule=caution; triggered=ROE below 5%; receivables/revenue above 35%; data=income:2025-12-31 annual; balance:2025-12-31 annual; cashflow:2025-12-31 annual; ths:2025-12-31 annual",https://data.eastmoney.com/gzfx/detail/300496.html,Eastmoney RPT_VALUEANALYSIS_DET latest TRADE_DATE=2026-07-01; PE_TTM/PB_MRQ/PS_TTM fetched via public datacenter API.,https://vip.stock.finance.sina.com.cn/corp/go.php/vCI_CorpInfo/stockid/300496.phtml,Sina Finance F10 company profile for 300496; evidence_date=2026-07-01; evidence_level=sina_f10_company_profile
300520,科大国创,AI,conditional,transition,"Industry software, data-intelligence platforms, smart energy and digital government/enterprise solutions.",AI/data-intelligence products are commercially relevant but embedded in broader software solutions.,7934482759.06,390890023.38,4.6855,-0.230094,-0.197815,0.036431,false,false,-40.4228,4.6178,5.8094,-22.5193,-2135.64,34.1996,-9.99,-0.2001,0.4194,0.263,51.4791,fail,pass,loss_or_negative,F10 profile supports software/data-intelligence operations; AI exposure is real but not separately materialized.；披露口径：主题收入金额not separately disclosed,AI主题收入未量化或仍属二级/转型业务，需复核收入占比、口径和持续披露；当前材料性标记为transition,reject_for_trading_pool,https://push2his.eastmoney.com/api/qt/stock/kline/get?secid=0.300520&fields1=f1%2Cf2%2Cf3%2Cf4%2Cf5%2Cf6&fields2=f51%2Cf52%2Cf53%2Cf54%2Cf55%2Cf56%2Cf57%2Cf58%2Cf59%2Cf60%2Cf61&klt=101&fqt=0&beg=20250329&end=20260702,Eastmoney daily kline fqt=0; avg_amount_20d uses last 20 available trading rows; avg_turnover_20d is percent; returns are close-to-close; volatility_60d is daily return std | ok,https://data.eastmoney.com/bbsj/300520.html;http://basic.10jqka.com.cn/300520/finance.html,"basis=latest annual report preferred; units=percent for growth/margin/ROE/debt, ratio for cashflow/receivables/inventory; flag_rule=fail; triggered=negative revenue growth; negative net profit growth; ROE below 5%; negative operating cashflow/net profit; receivables/revenue above 35%; data=income:2025-12-31 annual; balance:2025-12-31 annual; cashflow:2025-12-31 annual; ths:2025-12-31 annual",https://data.eastmoney.com/gzfx/detail/300520.html,Eastmoney RPT_VALUEANALYSIS_DET latest TRADE_DATE=2026-07-01; PE_TTM/PB_MRQ/PS_TTM fetched via public datacenter API.,https://vip.stock.finance.sina.com.cn/corp/go.php/vCI_CorpInfo/stockid/300520.phtml,Sina Finance F10 company profile for 300520; evidence_date=2026-07-01; evidence_level=sina_f10_company_profile
300608,思特奇,AI,conditional,transition,"Telecom operator BSS/OSS software, cloud and digital operation support systems.","AI agents and intelligent operation products are credible extensions of telecom software, but revenue materiality is not split out.",3706510042.8,273031935.0,7.663,-0.108787,-0.009302,0.05409,false,false,-20.5228,2.9497,5.6755,-29.2393,-252.31,20.4248,-12.44,-0.8417,0.8487,0.5002,38.2724,fail,pass,loss_or_negative,F10 profile supports telecom software; AI is a real product direction but remains embedded in broader software revenue.；披露口径：主题收入金额not separately disclosed,AI主题收入未量化或仍属二级/转型业务，需复核收入占比、口径和持续披露；当前材料性标记为transition,reject_for_trading_pool,https://push2his.eastmoney.com/api/qt/stock/kline/get?secid=0.300608&fields1=f1%2Cf2%2Cf3%2Cf4%2Cf5%2Cf6&fields2=f51%2Cf52%2Cf53%2Cf54%2Cf55%2Cf56%2Cf57%2Cf58%2Cf59%2Cf60%2Cf61&klt=101&fqt=0&beg=20250329&end=20260702,Eastmoney daily kline fqt=0; avg_amount_20d uses last 20 available trading rows; avg_turnover_20d is percent; returns are close-to-close; volatility_60d is daily return std | ok,https://data.eastmoney.com/bbsj/300608.html;http://basic.10jqka.com.cn/300608/finance.html,"basis=latest annual report preferred; units=percent for growth/margin/ROE/debt, ratio for cashflow/receivables/inventory; flag_rule=fail; triggered=negative revenue growth; negative net profit growth; ROE below 5%; negative operating cashflow/net profit; receivables/revenue above 35%; inventory/revenue above 50%; data=income:2025-12-31 annual; balance:2025-12-31 annual; cashflow:2025-12-31 annual; ths:2025-12-31 annual",https://data.eastmoney.com/gzfx/detail/300608.html,Eastmoney RPT_VALUEANALYSIS_DET latest TRADE_DATE=2026-07-01; PE_TTM/PB_MRQ/PS_TTM fetched via public datacenter API.,https://vip.stock.finance.sina.com.cn/corp/go.php/vCI_CorpInfo/stockid/300608.phtml,Sina Finance F10 company profile for 300608; evidence_date=2026-07-01; evidence_level=sina_f10_company_profile
300609,汇纳科技,AI,conditional,transition,"Offline commercial data analytics, passenger-flow sensors, retail digitalization and data services.","Computer vision and AI analytics are relevant to passenger-flow and retail-data products, but not separately quantified.",3715137989.91,128138059.75,3.221,-0.148403,-0.090294,0.032398,false,false,-37.1133,4.0866,11.6331,-15.4654,-249.76,48.4947,-8.46,-0.2464,0.7201,0.2696,24.3896,fail,pass,loss_or_negative,The data-analytics/sensor business has real AI adjacency; contribution is not clearly material as a standalone AI segment.；披露口径：主题收入金额not separately disclosed,AI主题收入未量化或仍属二级/转型业务，需复核收入占比、口径和持续披露；当前材料性标记为transition,reject_for_trading_pool,https://push2his.eastmoney.com/api/qt/stock/kline/get?secid=0.300609&fields1=f1%2Cf2%2Cf3%2Cf4%2Cf5%2Cf6&fields2=f51%2Cf52%2Cf53%2Cf54%2Cf55%2Cf56%2Cf57%2Cf58%2Cf59%2Cf60%2Cf61&klt=101&fqt=0&beg=20250329&end=20260702,Eastmoney daily kline fqt=0; avg_amount_20d uses last 20 available trading rows; avg_turnover_20d is percent; returns are close-to-close; volatility_60d is daily return std | ok,https://data.eastmoney.com/bbsj/300609.html;http://basic.10jqka.com.cn/300609/finance.html,"basis=latest annual report preferred; units=percent for growth/margin/ROE/debt, ratio for cashflow/receivables/inventory; flag_rule=fail; triggered=negative revenue growth; negative net profit growth; ROE below 5%; negative operating cashflow/net profit; receivables/revenue above 35%; data=income:2025-12-31 annual; balance:2025-12-31 annual; cashflow:2025-12-31 annual; ths:2025-12-31 annual",https://data.eastmoney.com/gzfx/detail/300609.html,Eastmoney RPT_VALUEANALYSIS_DET latest TRADE_DATE=2026-07-01; PE_TTM/PB_MRQ/PS_TTM fetched via public datacenter API.,https://vip.stock.finance.sina.com.cn/corp/go.php/vCI_CorpInfo/stockid/300609.phtml,Sina Finance F10 company profile for 300609; evidence_date=2026-07-01; evidence_level=sina_f10_company_profile
300624,万兴科技,AI,conditional,transition,"Creative software, office/productivity utilities and digital creative SaaS products.","AIGC is a real product direction in video/image/document creative software, but the disclosed revenue base remains broader software products.",10039955305.32,410890370.61,4.3915,-0.104964,-0.219333,0.032281,false,false,-95.0133,10.352,6.6428,6.4618,44.19,90.7725,-8.46,-0.2347,0.0446,unknown,38.1555,fail,pass,loss_or_negative,"Creative-software business has credible AIGC monetization, but separate AI revenue materiality is not disclosed.；披露口径：主题收入金额not separately disclosed",AI主题收入未量化或仍属二级/转型业务，需复核收入占比、口径和持续披露；当前材料性标记为transition,reject_for_trading_pool,https://push2his.eastmoney.com/api/qt/stock/kline/get?secid=0.300624&fields1=f1%2Cf2%2Cf3%2Cf4%2Cf5%2Cf6&fields2=f51%2Cf52%2Cf53%2Cf54%2Cf55%2Cf56%2Cf57%2Cf58%2Cf59%2Cf60%2Cf61&klt=101&fqt=0&beg=20250329&end=20260702,Eastmoney daily kline fqt=0; avg_amount_20d uses last 20 available trading rows; avg_turnover_20d is percent; returns are close-to-close; volatility_60d is daily return std | ok,https://data.eastmoney.com/bbsj/300624.html;http://basic.10jqka.com.cn/300624/finance.html,"basis=latest annual report preferred; units=percent for growth/margin/ROE/debt, ratio for cashflow/receivables/inventory; flag_rule=fail; triggered=ROE below 5%; negative operating cashflow/net profit; data=income:2025-12-31 annual; balance:2025-12-31 annual; cashflow:2025-12-31 annual; ths:2025-12-31 annual",https://data.eastmoney.com/gzfx/detail/300624.html,Eastmoney RPT_VALUEANALYSIS_DET latest TRADE_DATE=2026-07-01; PE_TTM/PB_MRQ/PS_TTM fetched via public datacenter API.,https://vip.stock.finance.sina.com.cn/corp/go.php/vCI_CorpInfo/stockid/300624.phtml,"Sina Finance F10 company profile for 300624; evidence_date=2026/7/1; evidence_level=sina_f10_company_profile; manual_change: conditional->conditional, materiality transition->transition"
300629,新劲刚,商业航天,conditional,transition,Special materials and RF microwave devices/components for defense electronics.,"RF microwave components can serve satellite and aerospace communications, but exposure is embedded in defense-electronics supply rather than pure commercial space.",5393032444.8,183660779.7,4.06,-0.040268,-0.025,0.032311,false,false,48.8853,3.0543,12.4118,-18.4458,-32.26,61.9325,4.66,2.4361,1.3605,0.4016,16.0198,caution,pass,normal,F10 profile supports RF/special-material defense-electronics business; space exposure is real but not separately quantified.；披露口径：主题收入金额not separately disclosed,商业航天主题收入未量化或仍属二级/转型业务，需复核收入占比、口径和持续披露；当前材料性标记为transition,expanded_candidate,https://push2his.eastmoney.com/api/qt/stock/kline/get?secid=0.300629&fields1=f1%2Cf2%2Cf3%2Cf4%2Cf5%2Cf6&fields2=f51%2Cf52%2Cf53%2Cf54%2Cf55%2Cf56%2Cf57%2Cf58%2Cf59%2Cf60%2Cf61&klt=101&fqt=0&beg=20250329&end=20260702,Eastmoney daily kline fqt=0; avg_amount_20d uses last 20 available trading rows; avg_turnover_20d is percent; returns are close-to-close; volatility_60d is daily return std | ok,https://data.eastmoney.com/bbsj/300629.html;http://basic.10jqka.com.cn/300629/finance.html,"basis=latest annual report preferred; units=percent for growth/margin/ROE/debt, ratio for cashflow/receivables/inventory; flag_rule=caution; triggered=negative revenue growth; negative net profit growth; ROE below 5%; receivables/revenue above 35%; data=income:2025-12-31 annual; balance:2025-12-31 annual; cashflow:2025-12-31 annual; ths:2025-12-31 annual",https://data.eastmoney.com/gzfx/detail/300629.html,Eastmoney RPT_VALUEANALYSIS_DET latest TRADE_DATE=2026-07-01; PE_TTM/PB_MRQ/PS_TTM fetched via public datacenter API.,https://vip.stock.finance.sina.com.cn/corp/go.php/vCI_CorpInfo/stockid/300629.phtml,Sina Finance F10 company profile for 300629; evidence_date=2026-07-01; evidence_level=sina_f10_company_profile
300674,宇信科技,AI,conditional,transition,Financial technology software and IT services for banks and other financial institutions.,"AI applications for banking and financial operations are credible, but the revenue profile remains broader financial IT.",10793194729.8,189320737.65,1.67,-0.081486,-0.225758,0.025829,false,false,26.0099,2.3571,3.0291,-8.4625,13.69,32.0997,9.75,1.4389,0.156,0.228,32.5474,caution,pass,normal,F10 profile supports financial IT software/services; AI is a real product/application direction but not separately quantified.；披露口径：主题收入金额not separately disclosed,AI主题收入未量化或仍属二级/转型业务，需复核收入占比、口径和持续披露；当前材料性标记为transition,expanded_candidate,https://push2his.eastmoney.com/api/qt/stock/kline/get?secid=0.300674&fields1=f1%2Cf2%2Cf3%2Cf4%2Cf5%2Cf6&fields2=f51%2Cf52%2Cf53%2Cf54%2Cf55%2Cf56%2Cf57%2Cf58%2Cf59%2Cf60%2Cf61&klt=101&fqt=0&beg=20250329&end=20260702,Eastmoney daily kline fqt=0; avg_amount_20d uses last 20 available trading rows; avg_turnover_20d is percent; returns are close-to-close; volatility_60d is daily return std | ok,https://data.eastmoney.com/bbsj/300674.html;http://basic.10jqka.com.cn/300674/finance.html,"basis=latest annual report preferred; units=percent for growth/margin/ROE/debt, ratio for cashflow/receivables/inventory; flag_rule=caution; triggered=negative revenue growth; data=income:2025-12-31 annual; balance:2025-12-31 annual; cashflow:2025-12-31 annual; ths:2025-12-31 annual",https://data.eastmoney.com/gzfx/detail/300674.html,Eastmoney RPT_VALUEANALYSIS_DET latest TRADE_DATE=2026-07-01; PE_TTM/PB_MRQ/PS_TTM fetched via public datacenter API.,https://vip.stock.finance.sina.com.cn/corp/go.php/vCI_CorpInfo/stockid/300674.phtml,Sina Finance F10 company profile for 300674; evidence_date=2026-07-01; evidence_level=sina_f10_company_profile
300762,上海瀚讯,商业航天,conditional,transition,军用宽带移动通信系统、专网通信设备和指挥通信解决方案,专网通信能力与卫星互联网、低轨通信体系相邻，业务实质强于单纯概念，但商业航天收入未拆分。,28478247760.2,1761508371.17,7.018,0.28216,0.244512,0.042783,false,false,-160.0567,12.632,68.2583,42.2329,1.58,33.0094,-5.2,-0.3585,1.9672,0.971,40.0062,fail,pass,loss_or_negative,主营为军用/专网宽带通信系统，可作为卫星互联网通信链条扩展项；缺少商业航天收入占比。,商业航天主题收入未量化或仍属二级/转型业务，需复核收入占比、口径和持续披露；当前材料性标记为transition；现有证据对收入量化支持不足,reject_for_trading_pool,https://push2his.eastmoney.com/api/qt/stock/kline/get?secid=0.300762&fields1=f1%2Cf2%2Cf3%2Cf4%2Cf5%2Cf6&fields2=f51%2Cf52%2Cf53%2Cf54%2Cf55%2Cf56%2Cf57%2Cf58%2Cf59%2Cf60%2Cf61&klt=101&fqt=0&beg=20250329&end=20260702,Eastmoney daily kline fqt=0; avg_amount_20d uses last 20 available trading rows; avg_turnover_20d is percent; returns are close-to-close; volatility_60d is daily return std | ok,https://data.eastmoney.com/bbsj/300762.html;http://basic.10jqka.com.cn/300762/finance.html,"basis=latest annual report preferred; units=percent for growth/margin/ROE/debt, ratio for cashflow/receivables/inventory; flag_rule=fail; triggered=ROE below 5%; negative operating cashflow/net profit; receivables/revenue above 35%; inventory/revenue above 50%; data=income:2025-12-31 annual; balance:2025-12-31 annual; cashflow:2025-12-31 annual; ths:2025-12-31 annual",https://data.eastmoney.com/gzfx/detail/300762.html,Eastmoney RPT_VALUEANALYSIS_DET latest TRADE_DATE=2026-07-01; PE_TTM/PB_MRQ/PS_TTM fetched via public datacenter API.,https://emweb.eastmoney.com/PC_HSF10/BusinessAnalysis/Index?code=SZ300762&type=web,东方财富F10经营分析/公开资料; evidence_date=2025-12-31; evidence_level=secondary_business_profile
300768,迪普科技,AI,conditional,transition,网络安全、应用交付和安全运营产品,AI可用于安全检测、运营和智能防护，但属于网络安全主业中的功能增强，收入贡献不清。,9090866030.68,85137110.81,1.407,-0.115842,-0.069829,0.025369,false,false,46.3293,2.5728,7.595,5.4941,12.46,62.8704,5.33,0.8432,0.1348,0.301,14.1085,pass,caution,normal,公司主业是网络安全和应用交付，AI是安全产品能力升级而非明确独立收入主线。,AI主题收入未量化或仍属二级/转型业务，需复核收入占比、口径和持续披露；当前材料性标记为transition,manual_check,https://push2his.eastmoney.com/api/qt/stock/kline/get?secid=0.300768&fields1=f1%2Cf2%2Cf3%2Cf4%2Cf5%2Cf6&fields2=f51%2Cf52%2Cf53%2Cf54%2Cf55%2Cf56%2Cf57%2Cf58%2Cf59%2Cf60%2Cf61&klt=101&fqt=0&beg=20250329&end=20260702,Eastmoney daily kline fqt=0; avg_amount_20d uses last 20 available trading rows; avg_turnover_20d is percent; returns are close-to-close; volatility_60d is daily return std | ok,https://data.eastmoney.com/bbsj/300768.html;http://basic.10jqka.com.cn/300768/finance.html,"basis=latest annual report preferred; units=percent for growth/margin/ROE/debt, ratio for cashflow/receivables/inventory; flag_rule=pass; triggered=no quality threshold triggered; data=income:2025-12-31 annual; balance:2025-12-31 annual; cashflow:2025-12-31 annual; ths:2025-12-31 annual",https://data.eastmoney.com/gzfx/detail/300768.html,Eastmoney RPT_VALUEANALYSIS_DET latest TRADE_DATE=2026-07-01; PE_TTM/PB_MRQ/PS_TTM fetched via public datacenter API.,https://emweb.eastmoney.com/PC_HSF10/BusinessAnalysis/Index?code=SZ300768&type=web,东方财富F10经营分析/公开资料; evidence_date=2025-12-31; evidence_level=secondary_business_profile
300781,因赛集团,AI,conditional,transition,品牌营销、数字营销、内容创意和营销技术服务,公司AIGC/AI营销工具与主营内容营销结合较直接，但收入仍嵌入营销服务，贡献未量化。,4646162122.0,107778865.99,3.1515,-0.072435,-0.172515,0.02876,false,false,-49.7293,8.0975,6.9142,-3.6615,-86.49,37.3515,-15.6,-0.4746,0.512,unknown,28.906,fail,pass,loss_or_negative,AIGC可提升广告创意和内容生产效率，属于应用层转型；缺少AI收入占比，不按核心AI股处理。,AI主题收入未量化或仍属二级/转型业务，需复核收入占比、口径和持续披露；当前材料性标记为transition；现有证据对收入量化支持不足,reject_for_trading_pool,https://push2his.eastmoney.com/api/qt/stock/kline/get?secid=0.300781&fields1=f1%2Cf2%2Cf3%2Cf4%2Cf5%2Cf6&fields2=f51%2Cf52%2Cf53%2Cf54%2Cf55%2Cf56%2Cf57%2Cf58%2Cf59%2Cf60%2Cf61&klt=101&fqt=0&beg=20250329&end=20260702,Eastmoney daily kline fqt=0; avg_amount_20d uses last 20 available trading rows; avg_turnover_20d is percent; returns are close-to-close; volatility_60d is daily return std | ok,https://data.eastmoney.com/bbsj/300781.html;http://basic.10jqka.com.cn/300781/finance.html,"basis=latest annual report preferred; units=percent for growth/margin/ROE/debt, ratio for cashflow/receivables/inventory; flag_rule=fail; triggered=negative revenue growth; negative net profit growth; ROE below 5%; negative operating cashflow/net profit; receivables/revenue above 35%; data=income:2025-12-31 annual; balance:2025-12-31 annual; cashflow:2025-12-31 annual; ths:2025-12-31 annual",https://data.eastmoney.com/gzfx/detail/300781.html,Eastmoney RPT_VALUEANALYSIS_DET latest TRADE_DATE=2026-07-01; PE_TTM/PB_MRQ/PS_TTM fetched via public datacenter API.,https://emweb.eastmoney.com/PC_HSF10/BusinessAnalysis/Index?code=SZ300781&type=web,东方财富F10经营分析/公开资料; evidence_date=2025-12-31; evidence_level=secondary_business_profile
300825,阿尔特,AI,conditional,transition,汽车设计、整车开发、汽车电子和智能化技术服务,AI与智能驾驶、汽车研发工具链有业务相邻性，但公司收入主线仍是汽车设计开发服务。,6918429124.38,707059275.04,9.3055,-0.039175,0.516269,0.039924,false,false,-28.3478,3.456,7.3431,0.4296,-88.4,6.1708,-11.8,0.3945,0.2983,0.234,33.749,fail,pass,loss_or_negative,AI相关性主要来自智能汽车研发和设计平台，缺少AI或算力收入拆分。,AI主题收入未量化或仍属二级/转型业务，需复核收入占比、口径和持续披露；当前材料性标记为transition；现有证据对收入量化支持不足,reject_for_trading_pool,https://push2his.eastmoney.com/api/qt/stock/kline/get?secid=0.300825&fields1=f1%2Cf2%2Cf3%2Cf4%2Cf5%2Cf6&fields2=f51%2Cf52%2Cf53%2Cf54%2Cf55%2Cf56%2Cf57%2Cf58%2Cf59%2Cf60%2Cf61&klt=101&fqt=0&beg=20250329&end=20260702,Eastmoney daily kline fqt=0; avg_amount_20d uses last 20 available trading rows; avg_turnover_20d is percent; returns are close-to-close; volatility_60d is daily return std | ok,https://data.eastmoney.com/bbsj/300825.html;http://basic.10jqka.com.cn/300825/finance.html,"basis=latest annual report preferred; units=percent for growth/margin/ROE/debt, ratio for cashflow/receivables/inventory; flag_rule=fail; triggered=negative net profit growth; gross margin below 15%; ROE below 5%; operating cashflow/net profit below 0.5; data=income:2025-12-31 annual; balance:2025-12-31 annual; cashflow:2025-12-31 annual; ths:2025-12-31 annual",https://data.eastmoney.com/gzfx/detail/300825.html,Eastmoney RPT_VALUEANALYSIS_DET latest TRADE_DATE=2026-07-01; PE_TTM/PB_MRQ/PS_TTM fetched via public datacenter API.,https://emweb.eastmoney.com/PC_HSF10/BusinessAnalysis/Index?code=SZ300825&type=web,东方财富F10经营分析/公开资料; evidence_date=2025-12-31; evidence_level=secondary_business_profile
300830,金现代,AI,conditional,transition,电力、轨交和政企行业软件开发及IT服务,AI智能体可嵌入行业软件和开发工具，但收入仍以行业信息化项目为主，材料性待验证。,3653773643.23,97424166.55,3.332,-0.119695,-0.233902,0.02692,false,false,-46.0882,2.7683,11.3826,-29.1792,-787.62,34.9449,-6.26,-1.2984,1.3376,0.2324,5.3934,fail,caution,loss_or_negative,主业是电力/轨交等行业软件，AI属于产品升级方向，未见单独收入占比。,AI主题收入未量化或仍属二级/转型业务，需复核收入占比、口径和持续披露；当前材料性标记为transition；现有证据对收入量化支持不足,reject_for_trading_pool,https://push2his.eastmoney.com/api/qt/stock/kline/get?secid=0.300830&fields1=f1%2Cf2%2Cf3%2Cf4%2Cf5%2Cf6&fields2=f51%2Cf52%2Cf53%2Cf54%2Cf55%2Cf56%2Cf57%2Cf58%2Cf59%2Cf60%2Cf61&klt=101&fqt=0&beg=20250329&end=20260702,Eastmoney daily kline fqt=0; avg_amount_20d uses last 20 available trading rows; avg_turnover_20d is percent; returns are close-to-close; volatility_60d is daily return std | ok,https://data.eastmoney.com/bbsj/300830.html;http://basic.10jqka.com.cn/300830/finance.html,"basis=latest annual report preferred; units=percent for growth/margin/ROE/debt, ratio for cashflow/receivables/inventory; flag_rule=fail; triggered=negative revenue growth; negative net profit growth; ROE below 5%; negative operating cashflow/net profit; receivables/revenue above 35%; data=income:2025-12-31 annual; balance:2025-12-31 annual; cashflow:2025-12-31 annual; ths:2025-12-31 annual",https://data.eastmoney.com/gzfx/detail/300830.html,Eastmoney RPT_VALUEANALYSIS_DET latest TRADE_DATE=2026-07-01; PE_TTM/PB_MRQ/PS_TTM fetched via public datacenter API.,https://emweb.eastmoney.com/PC_HSF10/BusinessAnalysis/Index?code=SZ300830&type=web,东方财富F10经营分析/公开资料; evidence_date=2025-12-31; evidence_level=secondary_business_profile
300846,首都在线,AI,conditional,transition,云计算服务、IDC、云主机和算力基础设施服务,云计算和算力基础设施与AI训练推理需求直接相关，公司具备AI算力服务暴露，但收入占比未清晰拆分。,10841937569.0,706323982.56,7.508,-0.07646,-0.215328,0.042279,false,false,-73.0065,14.4888,8.636,-11.4692,43.91,13.0549,-19.81,-1.0573,0.2224,0,58.3598,fail,pass,loss_or_negative,算力基础设施是真业务且与AI主题直接相关；因缺少AI算力收入占比，暂不标核心。,AI主题收入未量化或仍属二级/转型业务，需复核收入占比、口径和持续披露；当前材料性标记为transition；现有证据对收入量化支持不足,reject_for_trading_pool,https://push2his.eastmoney.com/api/qt/stock/kline/get?secid=0.300846&fields1=f1%2Cf2%2Cf3%2Cf4%2Cf5%2Cf6&fields2=f51%2Cf52%2Cf53%2Cf54%2Cf55%2Cf56%2Cf57%2Cf58%2Cf59%2Cf60%2Cf61&klt=101&fqt=0&beg=20250329&end=20260702,Eastmoney daily kline fqt=0; avg_amount_20d uses last 20 available trading rows; avg_turnover_20d is percent; returns are close-to-close; volatility_60d is daily return std | ok,https://data.eastmoney.com/bbsj/300846.html;http://basic.10jqka.com.cn/300846/finance.html,"basis=latest annual report preferred; units=percent for growth/margin/ROE/debt, ratio for cashflow/receivables/inventory; flag_rule=fail; triggered=negative revenue growth; gross margin below 15%; ROE below 5%; negative operating cashflow/net profit; data=income:2025-12-31 annual; balance:2025-12-31 annual; cashflow:2025-12-31 annual; ths:2025-12-31 annual",https://data.eastmoney.com/gzfx/detail/300846.html,Eastmoney RPT_VALUEANALYSIS_DET latest TRADE_DATE=2026-07-01; PE_TTM/PB_MRQ/PS_TTM fetched via public datacenter API.,https://emweb.eastmoney.com/PC_HSF10/BusinessAnalysis/Index?code=SZ300846&type=web,东方财富F10经营分析/公开资料; evidence_date=2025-12-31; evidence_level=secondary_business_profile
300857,协创数据,AI,conditional,transition,物联网智能终端、数据存储设备和云视频终端制造,数据存储和智能终端与AI边缘设备、算力配套有相邻性，但公司主营不是明确AI模型或算力服务。,155607659459.2,6419523785.55,4.7395,0.324917,0.526109,0.062637,false,false,92.8835,31.2288,9.9817,65.1256,68.32,19.2379,30.03,0.9448,0.2025,0.2351,81.4821,caution,pass,high,存在AI硬件/存储配套想象空间，但公开分部仍以智能终端和存储设备为主，收入材料性待核。,AI主题收入未量化或仍属二级/转型业务，需复核收入占比、口径和持续披露；当前材料性标记为transition,expanded_candidate,https://push2his.eastmoney.com/api/qt/stock/kline/get?secid=0.300857&fields1=f1%2Cf2%2Cf3%2Cf4%2Cf5%2Cf6&fields2=f51%2Cf52%2Cf53%2Cf54%2Cf55%2Cf56%2Cf57%2Cf58%2Cf59%2Cf60%2Cf61&klt=101&fqt=0&beg=20250329&end=20260702,Eastmoney daily kline fqt=0; avg_amount_20d uses last 20 available trading rows; avg_turnover_20d is percent; returns are close-to-close; volatility_60d is daily return std | ok,https://data.eastmoney.com/bbsj/300857.html;http://basic.10jqka.com.cn/300857/finance.html,"basis=latest annual report preferred; units=percent for growth/margin/ROE/debt, ratio for cashflow/receivables/inventory; flag_rule=caution; triggered=debt/assets above 70%; data=income:2025-12-31 annual; balance:2025-12-31 annual; cashflow:2025-12-31 annual; ths:2025-12-31 annual",https://data.eastmoney.com/gzfx/detail/300857.html,Eastmoney RPT_VALUEANALYSIS_DET latest TRADE_DATE=2026-07-01; PE_TTM/PB_MRQ/PS_TTM fetched via public datacenter API.,https://emweb.eastmoney.com/PC_HSF10/BusinessAnalysis/Index?code=SZ300857&type=web,东方财富F10经营分析/公开资料; evidence_date=2025-12-31; evidence_level=secondary_business_profile
300872,天阳科技,AI,conditional,transition,银行IT解决方案、金融科技软件和技术服务,AI可用于金融业务流程、风控和智能客服，但属于金融IT方案中的应用升级，贡献未量化。,8239483881.04,307907952.5,3.9685,-0.127198,0.071066,0.039511,false,false,-54.8151,2.3056,4.9322,0.6036,-278.23,17.7987,-4.11,-0.9674,0.465,0.365,25.0171,fail,pass,loss_or_negative,主业为银行IT和金融科技，AI业务存在应用场景但没有独立收入分部。,AI主题收入未量化或仍属二级/转型业务，需复核收入占比、口径和持续披露；当前材料性标记为transition,reject_for_trading_pool,https://push2his.eastmoney.com/api/qt/stock/kline/get?secid=0.300872&fields1=f1%2Cf2%2Cf3%2Cf4%2Cf5%2Cf6&fields2=f51%2Cf52%2Cf53%2Cf54%2Cf55%2Cf56%2Cf57%2Cf58%2Cf59%2Cf60%2Cf61&klt=101&fqt=0&beg=20250329&end=20260702,Eastmoney daily kline fqt=0; avg_amount_20d uses last 20 available trading rows; avg_turnover_20d is percent; returns are close-to-close; volatility_60d is daily return std | ok,https://data.eastmoney.com/bbsj/300872.html;http://basic.10jqka.com.cn/300872/finance.html,"basis=latest annual report preferred; units=percent for growth/margin/ROE/debt, ratio for cashflow/receivables/inventory; flag_rule=fail; triggered=negative net profit growth; ROE below 5%; negative operating cashflow/net profit; receivables/revenue above 35%; data=income:2025-12-31 annual; balance:2025-12-31 annual; cashflow:2025-12-31 annual; ths:2025-12-31 annual",https://data.eastmoney.com/gzfx/detail/300872.html,Eastmoney RPT_VALUEANALYSIS_DET latest TRADE_DATE=2026-07-01; PE_TTM/PB_MRQ/PS_TTM fetched via public datacenter API.,https://emweb.eastmoney.com/PC_HSF10/BusinessAnalysis/Index?code=SZ300872&type=web,东方财富F10经营分析/公开资料; evidence_date=2025-12-31; evidence_level=secondary_business_profile
300965,恒宇信通,商业航天,conditional,transition,航空电子设备、机载通信导航和综合显示控制设备,通信导航业务与北斗和卫星通信链条直接相关，但公司主业更偏航空军工电子，商业航天收入未量化。,2544000000.0,57362967.55,2.2855,-0.160396,-0.184615,0.053646,false,false,92.8239,2.0655,13.8762,11.3807,34.87,46.2901,2.91,1.7172,1.6611,0.3364,15.8344,caution,caution,high,机载通信导航是真业务，适合商业航天/北斗扩展观察；缺少专属收入占比。,商业航天主题收入未量化或仍属二级/转型业务，需复核收入占比、口径和持续披露；当前材料性标记为transition；现有证据对收入量化支持不足,manual_check,https://push2his.eastmoney.com/api/qt/stock/kline/get?secid=0.300965&fields1=f1%2Cf2%2Cf3%2Cf4%2Cf5%2Cf6&fields2=f51%2Cf52%2Cf53%2Cf54%2Cf55%2Cf56%2Cf57%2Cf58%2Cf59%2Cf60%2Cf61&klt=101&fqt=0&beg=20250329&end=20260702,Eastmoney daily kline fqt=0; avg_amount_20d uses last 20 available trading rows; avg_turnover_20d is percent; returns are close-to-close; volatility_60d is daily return std | ok,https://data.eastmoney.com/bbsj/300965.html;http://basic.10jqka.com.cn/300965/finance.html,"basis=latest annual report preferred; units=percent for growth/margin/ROE/debt, ratio for cashflow/receivables/inventory; flag_rule=caution; triggered=ROE below 5%; receivables/revenue above 35%; data=income:2025-12-31 annual; balance:2025-12-31 annual; cashflow:2025-12-31 annual; ths:2025-12-31 annual",https://data.eastmoney.com/gzfx/detail/300965.html,Eastmoney RPT_VALUEANALYSIS_DET latest TRADE_DATE=2026-07-01; PE_TTM/PB_MRQ/PS_TTM fetched via public datacenter API.,https://emweb.eastmoney.com/PC_HSF10/BusinessAnalysis/Index?code=SZ300965&type=web,东方财富F10经营分析/公开资料; evidence_date=2025-12-31; evidence_level=secondary_business_profile
300996,普联软件,AI,conditional,transition,能源央企数字化软件、管理软件和IT服务,AI可嵌入能源企业管理软件和数据治理服务，但主题收入仍不透明。,4836563600.44,102947837.87,2.737,0.030354,-0.214148,0.05034,false,false,52.5252,3.725,5.9385,-1.3377,-38.99,30.2906,5.74,1.278,0.657,0.1289,28.7207,caution,pass,normal,公司主业是能源行业软件和IT服务，AI为行业应用升级方向，缺少收入拆分。,AI主题收入未量化或仍属二级/转型业务，需复核收入占比、口径和持续披露；当前材料性标记为transition；现有证据对收入量化支持不足,expanded_candidate,https://push2his.eastmoney.com/api/qt/stock/kline/get?secid=0.300996&fields1=f1%2Cf2%2Cf3%2Cf4%2Cf5%2Cf6&fields2=f51%2Cf52%2Cf53%2Cf54%2Cf55%2Cf56%2Cf57%2Cf58%2Cf59%2Cf60%2Cf61&klt=101&fqt=0&beg=20250329&end=20260702,Eastmoney daily kline fqt=0; avg_amount_20d uses last 20 available trading rows; avg_turnover_20d is percent; returns are close-to-close; volatility_60d is daily return std | ok,https://data.eastmoney.com/bbsj/300996.html;http://basic.10jqka.com.cn/300996/finance.html,"basis=latest annual report preferred; units=percent for growth/margin/ROE/debt, ratio for cashflow/receivables/inventory; flag_rule=caution; triggered=negative revenue growth; negative net profit growth; receivables/revenue above 35%; data=income:2025-12-31 annual; balance:2025-12-31 annual; cashflow:2025-12-31 annual; ths:2025-12-31 annual",https://data.eastmoney.com/gzfx/detail/300996.html,Eastmoney RPT_VALUEANALYSIS_DET latest TRADE_DATE=2026-07-01; PE_TTM/PB_MRQ/PS_TTM fetched via public datacenter API.,https://emweb.eastmoney.com/PC_HSF10/BusinessAnalysis/Index?code=SZ300996&type=web,东方财富F10经营分析/公开资料; evidence_date=2025-12-31; evidence_level=secondary_business_profile
301050,雷电微力,商业航天,core,core,毫米波微系统、相控阵雷达和航天航空电子配套,毫米波相控阵和雷达通信产品直接服务航空航天、卫星互联网等场景，主题相关性强。,8318660851.2,164870021.54,2.2785,-0.067961,-0.253333,0.031917,false,false,204.6371,2.7391,14.737,-37.2325,-52.04,36.118,5.43,1.4586,0.6945,1.4179,18.2175,caution,pass,high,公司核心产品与航天航空和卫星通信/雷达链条直接相关，虽未拆分商业航天收入但业务身份高度匹配。,虽为核心匹配，但专属主题收入未单独量化，需跟踪收入拆分和披露口径,watch_only,https://push2his.eastmoney.com/api/qt/stock/kline/get?secid=0.301050&fields1=f1%2Cf2%2Cf3%2Cf4%2Cf5%2Cf6&fields2=f51%2Cf52%2Cf53%2Cf54%2Cf55%2Cf56%2Cf57%2Cf58%2Cf59%2Cf60%2Cf61&klt=101&fqt=0&beg=20250329&end=20260702,Eastmoney daily kline fqt=0; avg_amount_20d uses last 20 available trading rows; avg_turnover_20d is percent; returns are close-to-close; volatility_60d is daily return std | ok,https://data.eastmoney.com/bbsj/301050.html;http://basic.10jqka.com.cn/301050/finance.html,"basis=latest annual report preferred; units=percent for growth/margin/ROE/debt, ratio for cashflow/receivables/inventory; flag_rule=caution; triggered=negative revenue growth; negative net profit growth; receivables/revenue above 35%; inventory/revenue above 50%; data=income:2025-12-31 annual; balance:2025-12-31 annual; cashflow:2025-12-31 annual; ths:2025-12-31 annual",https://data.eastmoney.com/gzfx/detail/301050.html,Eastmoney RPT_VALUEANALYSIS_DET latest TRADE_DATE=2026-07-01; PE_TTM/PB_MRQ/PS_TTM fetched via public datacenter API.,https://emweb.eastmoney.com/PC_HSF10/BusinessAnalysis/Index?code=SZ301050&type=web,"东方财富F10经营分析/公开资料; evidence_date=2025/12/31; evidence_level=secondary_business_profile; manual_change: core->core, materiality core->core"
301129,瑞纳智能,AI,conditional,transition,智慧供热节能设备、供热计量和能源管理系统,公司主业本身包含供热数据平台、智能控制和节能算法，AI属于智慧能源系统能力的一部分。,2881024880.0,45165779.15,2.944,-0.171875,-0.131148,0.027882,false,false,26.4636,1.5804,5.2852,26.2291,41.72,58.5361,6.15,0.9914,1.0936,0.2786,16.1842,caution,caution,normal,AI与智慧供热控制和能源管理有业务结合，但未见单独AI收入分部。,AI主题收入未量化或仍属二级/转型业务，需复核收入占比、口径和持续披露；当前材料性标记为transition；现有证据对收入量化支持不足,manual_check,https://push2his.eastmoney.com/api/qt/stock/kline/get?secid=0.301129&fields1=f1%2Cf2%2Cf3%2Cf4%2Cf5%2Cf6&fields2=f51%2Cf52%2Cf53%2Cf54%2Cf55%2Cf56%2Cf57%2Cf58%2Cf59%2Cf60%2Cf61&klt=101&fqt=0&beg=20250329&end=20260702,Eastmoney daily kline fqt=0; avg_amount_20d uses last 20 available trading rows; avg_turnover_20d is percent; returns are close-to-close; volatility_60d is daily return std | ok,https://data.eastmoney.com/bbsj/301129.html;http://basic.10jqka.com.cn/301129/finance.html,"basis=latest annual report preferred; units=percent for growth/margin/ROE/debt, ratio for cashflow/receivables/inventory; flag_rule=caution; triggered=receivables/revenue above 35%; data=income:2025-12-31 annual; balance:2025-12-31 annual; cashflow:2025-12-31 annual; ths:2025-12-31 annual",https://data.eastmoney.com/gzfx/detail/301129.html,Eastmoney RPT_VALUEANALYSIS_DET latest TRADE_DATE=2026-07-01; PE_TTM/PB_MRQ/PS_TTM fetched via public datacenter API.,https://emweb.eastmoney.com/PC_HSF10/BusinessAnalysis/Index?code=SZ301129&type=web,东方财富F10经营分析/公开资料; evidence_date=2025-12-31; evidence_level=secondary_business_profile
301159,三维天地,AI,conditional,transition,检验检测信息化、数据资产管理和实验室软件,AI智能体可嵌入实验室信息化和数据治理产品，但现阶段主题收入不清。,2403264500.0,51891557.6,3.0785,-0.09942,-0.23265,0.02953,false,false,108.1796,3.7793,6.3632,15.089,104.47,44.7405,1.27,3.8985,0.6243,0.1886,19.2124,caution,caution,high,主业是检验检测信息化和数据管理软件，AI属于产品增强方向，缺收入占比。,AI主题收入未量化或仍属二级/转型业务，需复核收入占比、口径和持续披露；当前材料性标记为transition；现有证据对收入量化支持不足,manual_check,https://push2his.eastmoney.com/api/qt/stock/kline/get?secid=0.301159&fields1=f1%2Cf2%2Cf3%2Cf4%2Cf5%2Cf6&fields2=f51%2Cf52%2Cf53%2Cf54%2Cf55%2Cf56%2Cf57%2Cf58%2Cf59%2Cf60%2Cf61&klt=101&fqt=0&beg=20250329&end=20260702,Eastmoney daily kline fqt=0; avg_amount_20d uses last 20 available trading rows; avg_turnover_20d is percent; returns are close-to-close; volatility_60d is daily return std | ok,https://data.eastmoney.com/bbsj/301159.html;http://basic.10jqka.com.cn/301159/finance.html,"basis=latest annual report preferred; units=percent for growth/margin/ROE/debt, ratio for cashflow/receivables/inventory; flag_rule=caution; triggered=ROE below 5%; receivables/revenue above 35%; data=income:2025-12-31 annual; balance:2025-12-31 annual; cashflow:2025-12-31 annual; ths:2025-12-31 annual",https://data.eastmoney.com/gzfx/detail/301159.html,Eastmoney RPT_VALUEANALYSIS_DET latest TRADE_DATE=2026-07-01; PE_TTM/PB_MRQ/PS_TTM fetched via public datacenter API.,https://emweb.eastmoney.com/PC_HSF10/BusinessAnalysis/Index?code=SZ301159&type=web,东方财富F10经营分析/公开资料; evidence_date=2025-12-31; evidence_level=secondary_business_profile
301165,锐捷网络,AI,conditional,transition,网络设备、交换机、无线网络和云桌面产品,数据中心网络设备与AI算力集群直接相关，具备真实AI基础设施暴露，但不是纯算力服务商。,95928636308.82,907359855.75,1.188,0.297965,0.071944,0.061818,false,false,134.3874,18.6409,6.4741,22.3741,21.3,35.48,14.65,2.6248,0.1297,0.2068,51.2016,pass,pass,high,网络设备可服务AI数据中心和算力集群，主题相关性较实，但AI收入未单独披露。,AI主题收入未量化或仍属二级/转型业务，需复核收入占比、口径和持续披露；当前材料性标记为transition；现有证据对收入量化支持不足,expanded_candidate,https://push2his.eastmoney.com/api/qt/stock/kline/get?secid=0.301165&fields1=f1%2Cf2%2Cf3%2Cf4%2Cf5%2Cf6&fields2=f51%2Cf52%2Cf53%2Cf54%2Cf55%2Cf56%2Cf57%2Cf58%2Cf59%2Cf60%2Cf61&klt=101&fqt=0&beg=20250329&end=20260702,Eastmoney daily kline fqt=0; avg_amount_20d uses last 20 available trading rows; avg_turnover_20d is percent; returns are close-to-close; volatility_60d is daily return std | ok,https://data.eastmoney.com/bbsj/301165.html;http://basic.10jqka.com.cn/301165/finance.html,"basis=latest annual report preferred; units=percent for growth/margin/ROE/debt, ratio for cashflow/receivables/inventory; flag_rule=pass; triggered=no quality threshold triggered; data=income:2025-12-31 annual; balance:2025-12-31 annual; cashflow:2025-12-31 annual; ths:2025-12-31 annual",https://data.eastmoney.com/gzfx/detail/301165.html,Eastmoney RPT_VALUEANALYSIS_DET latest TRADE_DATE=2026-07-01; PE_TTM/PB_MRQ/PS_TTM fetched via public datacenter API.,https://emweb.eastmoney.com/PC_HSF10/BusinessAnalysis/Index?code=SZ301165&type=web,东方财富F10经营分析/公开资料; evidence_date=2025-12-31; evidence_level=secondary_business_profile
301171,易点天下,AI,conditional,transition,跨境数字营销、广告技术平台和AIGC营销工具,AIGC与广告素材生成、投放优化和出海营销工具结合较直接，但收入仍嵌入营销服务。,21877087487.04,1943361478.79,10.2695,-0.214872,-0.165802,0.065977,false,false,547.3243,5.7818,5.362,50.3868,-31.8,14.3347,4.34,1.0203,0.236,0.0002,42.8814,caution,pass,high,AIGC是数字营销产品的重要升级方向，适合应用层AI扩展池，缺少单独收入占比。,AI主题收入未量化或仍属二级/转型业务，需复核收入占比、口径和持续披露；当前材料性标记为transition；现有证据对收入量化支持不足,expanded_candidate,https://push2his.eastmoney.com/api/qt/stock/kline/get?secid=0.301171&fields1=f1%2Cf2%2Cf3%2Cf4%2Cf5%2Cf6&fields2=f51%2Cf52%2Cf53%2Cf54%2Cf55%2Cf56%2Cf57%2Cf58%2Cf59%2Cf60%2Cf61&klt=101&fqt=0&beg=20250329&end=20260702,Eastmoney daily kline fqt=0; avg_amount_20d uses last 20 available trading rows; avg_turnover_20d is percent; returns are close-to-close; volatility_60d is daily return std | ok,https://data.eastmoney.com/bbsj/301171.html;http://basic.10jqka.com.cn/301171/finance.html,"basis=latest annual report preferred; units=percent for growth/margin/ROE/debt, ratio for cashflow/receivables/inventory; flag_rule=caution; triggered=negative net profit growth; gross margin below 15%; ROE below 5%; data=income:2025-12-31 annual; balance:2025-12-31 annual; cashflow:2025-12-31 annual; ths:2025-12-31 annual",https://data.eastmoney.com/gzfx/detail/301171.html,Eastmoney RPT_VALUEANALYSIS_DET latest TRADE_DATE=2026-07-01; PE_TTM/PB_MRQ/PS_TTM fetched via public datacenter API.,https://emweb.eastmoney.com/PC_HSF10/BusinessAnalysis/Index?code=SZ301171&type=web,东方财富F10经营分析/公开资料; evidence_date=2025-12-31; evidence_level=secondary_business_profile
