stock_code,board,final_matched_rows,garch_status,selected_segment_start,selected_segment_end,ca_event_count,primary_750_member,long_history_1000_member,historical_mean_circulating_market_cap,exclusion_reason
000001,SZ_MAIN,288,GARCH_SUCCESS,2021-05-17 00:00:00,2022-07-21 00:00:00,10,False,False,,BELOW_PRIMARY_750
000002,SZ_MAIN,389,GARCH_SUCCESS,2025-01-10 00:00:00,2026-08-19 00:00:00,8,False,False,127407863504.28308,BELOW_PRIMARY_750
000006,SZ_MAIN,763,GARCH_SUCCESS,2023-06-29 00:00:00,2026-08-19 00:00:00,4,True,False,7697983682.353098,PRIMARY_750_MEMBER
000008,SZ_MAIN,1477,GARCH_SUCCESS,2020-06-01 00:00:00,2026-07-06 00:00:00,1,True,True,6722862239.664867,PRIMARY_750_MEMBER
000009,SZ_MAIN,262,GARCH_SUCCESS,2024-07-29 00:00:00,2025-08-26 00:00:00,6,False,False,29864782170.22316,BELOW_PRIMARY_750
000011,SZ_MAIN,481,GARCH_SUCCESS,2024-06-18 00:00:00,2026-06-12 00:00:00,6,False,False,5245509212.241416,BELOW_PRIMARY_750
000012,SZ_MAIN,255,GARCH_SUCCESS,2022-06-27 00:00:00,2023-07-13 00:00:00,7,False,False,12554535775.70824,BELOW_PRIMARY_750
000014,SZ_MAIN,535,GARCH_SUCCESS,2024-06-07 00:00:00,2026-08-19 00:00:00,5,False,False,2518523091.379485,BELOW_PRIMARY_750
000019,SZ_MAIN,243,GARCH_SUCCESS,2022-06-23 00:00:00,2023-06-21 00:00:00,7,False,False,2979178454.7301044,BELOW_PRIMARY_750
000020,SZ_MAIN,1584,GARCH_SUCCESS,2020-02-12 00:00:00,2026-08-19 00:00:00,0,True,True,2100801452.9582305,PRIMARY_750_MEMBER
000021,SZ_MAIN,268,GARCH_SUCCESS,2022-06-20 00:00:00,2023-07-25 00:00:00,8,False,False,26714299234.0396,BELOW_PRIMARY_750
000025,SZ_MAIN,280,GARCH_SUCCESS,2025-05-29 00:00:00,2026-07-23 00:00:00,7,False,False,6581722793.805309,BELOW_PRIMARY_750
000026,SZ_MAIN,249,GARCH_SUCCESS,2025-05-29 00:00:00,2026-06-09 00:00:00,7,False,False,4343264663.848954,BELOW_PRIMARY_750
000027,SZ_MAIN,247,GARCH_SUCCESS,2025-06-16 00:00:00,2026-06-23 00:00:00,7,False,False,32957115262.33256,BELOW_PRIMARY_750
000028,SZ_MAIN,255,GARCH_SUCCESS,2023-06-02 00:00:00,2024-06-24 00:00:00,7,False,False,13572118876.921753,BELOW_PRIMARY_750
000029,SZ_MAIN,715,GARCH_SUCCESS,2023-06-29 00:00:00,2026-06-12 00:00:00,5,False,False,11671477900.884956,BELOW_PRIMARY_750
000030,SZ_MAIN,251,GARCH_SUCCESS,2022-06-14 00:00:00,2023-06-26 00:00:00,7,False,False,9540589181.40543,BELOW_PRIMARY_750
000031,SZ_MAIN,1477,GARCH_SUCCESS,2020-07-20 00:00:00,2026-08-19 00:00:00,1,True,True,11252051610.584642,PRIMARY_750_MEMBER
000032,SZ_MAIN,285,GARCH_SUCCESS,2021-03-02 00:00:00,2022-06-07 00:00:00,6,False,False,13983061268.54371,BELOW_PRIMARY_750
000034,SZ_MAIN,245,GARCH_SUCCESS,2022-05-06 00:00:00,2023-05-09 00:00:00,7,False,False,15509094479.27494,BELOW_PRIMARY_750
000035,SZ_MAIN,568,GARCH_SUCCESS,2020-02-12 00:00:00,2022-06-15 00:00:00,4,False,False,12334651253.450298,BELOW_PRIMARY_750
000036,SZ_MAIN,775,GARCH_SUCCESS,2023-06-09 00:00:00,2026-08-19 00:00:00,4,True,False,5961447176.117466,PRIMARY_750_MEMBER
000037,SZ_MAIN,1476,GARCH_SUCCESS,2020-05-18 00:00:00,2026-06-18 00:00:00,2,True,True,2881657578.4927354,PRIMARY_750_MEMBER
000039,SZ_MAIN,261,GARCH_SUCCESS,2021-07-21 00:00:00,2022-08-17 00:00:00,7,False,False,20349561597.51197,BELOW_PRIMARY_750
000042,SZ_MAIN,766,GARCH_SUCCESS,2023-06-26 00:00:00,2026-08-19 00:00:00,4,True,False,4815593885.039671,PRIMARY_750_MEMBER
000045,SZ_MAIN,310,GARCH_SUCCESS,2020-02-12 00:00:00,2021-05-21 00:00:00,6,False,False,4577487586.424082,BELOW_PRIMARY_750
000048,SZ_MAIN,334,GARCH_SUCCESS,2023-05-11 00:00:00,2024-09-23 00:00:00,7,False,False,9394953504.550253,BELOW_PRIMARY_750
000049,SZ_MAIN,256,GARCH_SUCCESS,2022-05-19 00:00:00,2023-06-06 00:00:00,8,False,False,11030525564.049028,BELOW_PRIMARY_750
000050,SZ_MAIN,1027,GARCH_SUCCESS,2022-05-30 00:00:00,2026-08-19 00:00:00,3,True,True,23254617394.58643,PRIMARY_750_MEMBER
000055,SZ_MAIN,473,GARCH_SUCCESS,2020-06-05 00:00:00,2022-05-20 00:00:00,5,False,False,2972166914.024835,BELOW_PRIMARY_750
000058,SZ_MAIN,264,GARCH_SUCCESS,2022-05-26 00:00:00,2023-06-27 00:00:00,7,False,False,6265227042.49613,BELOW_PRIMARY_750
000059,SZ_MAIN,285,GARCH_SUCCESS,2025-06-20 00:00:00,2026-08-19 00:00:00,6,False,False,9592004940.326015,BELOW_PRIMARY_750
000060,SZ_MAIN,259,GARCH_SUCCESS,2020-05-25 00:00:00,2021-06-17 00:00:00,7,False,False,18574739508.58621,BELOW_PRIMARY_750
000061,SZ_MAIN,250,GARCH_SUCCESS,2025-06-13 00:00:00,2026-06-25 00:00:00,7,False,False,11055505382.14511,BELOW_PRIMARY_750
000062,SZ_MAIN,249,GARCH_SUCCESS,2021-04-26 00:00:00,2022-05-10 00:00:00,11,False,False,17982441385.57983,BELOW_PRIMARY_750
000063,SZ_MAIN,310,GARCH_SUCCESS,2025-04-17 00:00:00,2026-07-28 00:00:00,7,False,False,125886148984.98631,BELOW_PRIMARY_750
000065,SZ_MAIN,256,GARCH_SUCCESS,2020-06-04 00:00:00,2021-06-24 00:00:00,8,False,False,9463756032.526606,BELOW_PRIMARY_750
000066,SZ_MAIN,748,GARCH_SUCCESS,2023-07-20 00:00:00,2026-08-19 00:00:00,4,False,False,40008285922.9553,BELOW_PRIMARY_750
000068,SZ_MAIN,1584,GARCH_SUCCESS,2020-02-12 00:00:00,2026-08-19 00:00:00,0,True,True,3447100632.1773133,PRIMARY_750_MEMBER
000069,SZ_MAIN,1014,GARCH_SUCCESS,2022-06-17 00:00:00,2026-08-19 00:00:00,3,True,True,30548439045.8344,PRIMARY_750_MEMBER
000088,SZ_MAIN,273,GARCH_SUCCESS,2021-05-31 00:00:00,2022-07-14 00:00:00,9,False,False,11889051972.849684,BELOW_PRIMARY_750
000089,SZ_MAIN,530,GARCH_SUCCESS,2020-06-11 00:00:00,2022-08-16 00:00:00,5,False,False,14457893891.00046,BELOW_PRIMARY_750
000090,SZ_MAIN,265,GARCH_SUCCESS,2021-06-03 00:00:00,2022-07-07 00:00:00,7,False,False,9230807427.263905,BELOW_PRIMARY_750
000096,SZ_MAIN,284,GARCH_SUCCESS,2021-06-21 00:00:00,2022-08-18 00:00:00,7,False,False,5237055057.763475,BELOW_PRIMARY_750
000099,SZ_MAIN,264,GARCH_SUCCESS,2022-06-09 00:00:00,2023-07-10 00:00:00,8,False,False,9803071685.67955,BELOW_PRIMARY_750
000100,SZ_MAIN,271,GARCH_SUCCESS,2024-06-05 00:00:00,2025-07-17 00:00:00,7,False,False,76924644827.36948,BELOW_PRIMARY_750
000151,SZ_MAIN,1191,GARCH_SUCCESS,2020-06-12 00:00:00,2025-05-15 00:00:00,1,True,True,3262724223.67566,PRIMARY_750_MEMBER
000153,SZ_MAIN,581,GARCH_SUCCESS,2020-02-12 00:00:00,2022-07-04 00:00:00,5,False,False,2900157367.100746,BELOW_PRIMARY_750
000155,SZ_MAIN,552,GARCH_SUCCESS,2022-05-31 00:00:00,2024-10-11 00:00:00,2,False,False,21518766345.64249,BELOW_PRIMARY_750
000156,SZ_MAIN,267,GARCH_SUCCESS,2021-07-20 00:00:00,2022-08-24 00:00:00,6,False,False,12144295909.22453,BELOW_PRIMARY_750
000157,SZ_MAIN,250,GARCH_SUCCESS,2022-07-11 00:00:00,2023-07-20 00:00:00,8,False,False,51752710895.847725,BELOW_PRIMARY_750
000158,SZ_MAIN,1532,GARCH_SUCCESS,2020-02-12 00:00:00,2026-06-08 00:00:00,1,True,True,19032835206.63496,PRIMARY_750_MEMBER
000159,SZ_MAIN,1206,GARCH_SUCCESS,2021-07-12 00:00:00,2026-07-06 00:00:00,3,True,True,3157651590.170772,PRIMARY_750_MEMBER
000166,SZ_MAIN,249,GARCH_SUCCESS,2021-07-26 00:00:00,2022-08-04 00:00:00,10,False,False,106009890943.95387,BELOW_PRIMARY_750
000301,SZ_MAIN,534,GARCH_SUCCESS,2024-06-11 00:00:00,2026-08-19 00:00:00,5,False,False,58116685669.92969,BELOW_PRIMARY_750
000333,SZ_MAIN,259,GARCH_SUCCESS,2024-05-16 00:00:00,2025-06-11 00:00:00,8,False,False,450053215535.4609,BELOW_PRIMARY_750
000338,SZ_MAIN,212,GARCH_SUCCESS,2020-10-19 00:00:00,2021-08-26 00:00:00,13,False,False,74046900411.55283,BELOW_PRIMARY_750
000400,SZ_MAIN,249,GARCH_SUCCESS,2021-06-17 00:00:00,2022-06-28 00:00:00,10,False,False,23100368934.54304,BELOW_PRIMARY_750
000401,SZ_MAIN,499,GARCH_SUCCESS,2023-06-01 00:00:00,2025-06-25 00:00:00,6,False,False,12451214428.56318,BELOW_PRIMARY_750
000402,SZ_MAIN,753,GARCH_SUCCESS,2023-07-13 00:00:00,2026-08-19 00:00:00,4,True,False,12965993214.487,PRIMARY_750_MEMBER
000403,SZ_MAIN,373,GARCH_SUCCESS,2020-11-27 00:00:00,2022-07-14 00:00:00,6,False,False,15032151250.987593,BELOW_PRIMARY_750
000404,SZ_MAIN,256,GARCH_SUCCESS,2020-05-28 00:00:00,2021-06-17 00:00:00,7,False,False,4164916142.3660254,BELOW_PRIMARY_750
000407,SZ_MAIN,251,GARCH_SUCCESS,2021-07-01 00:00:00,2022-07-14 00:00:00,8,False,False,3357636695.486408,BELOW_PRIMARY_750
000411,SZ_MAIN,265,GARCH_SUCCESS,2025-06-06 00:00:00,2026-07-09 00:00:00,7,False,False,3409018706.8489933,BELOW_PRIMARY_750
000415,SZ_MAIN,1584,GARCH_SUCCESS,2020-02-12 00:00:00,2026-08-19 00:00:00,0,True,True,13582218098.928917,PRIMARY_750_MEMBER
000417,SZ_MAIN,250,GARCH_SUCCESS,2023-06-29 00:00:00,2024-07-10 00:00:00,7,False,False,4051719892.4560256,BELOW_PRIMARY_750
000419,SZ_MAIN,365,GARCH_SUCCESS,2020-02-12 00:00:00,2021-08-09 00:00:00,7,False,False,2889749716.182132,BELOW_PRIMARY_750
000420,SZ_MAIN,1005,GARCH_SUCCESS,2022-05-31 00:00:00,2026-08-19 00:00:00,0,True,True,9288947815.351728,PRIMARY_750_MEMBER
000421,SZ_MAIN,257,GARCH_SUCCESS,2025-05-19 00:00:00,2026-06-09 00:00:00,7,False,False,3191970642.979303,BELOW_PRIMARY_750
000423,SZ_MAIN,267,GARCH_SUCCESS,2020-07-17 00:00:00,2021-08-19 00:00:00,9,False,False,30741397371.14489,BELOW_PRIMARY_750
000425,SZ_MAIN,252,GARCH_SUCCESS,2023-06-15 00:00:00,2024-07-02 00:00:00,7,False,False,54634334710.508286,BELOW_PRIMARY_750
000426,SZ_MAIN,863,GARCH_SUCCESS,2020-02-12 00:00:00,2023-08-28 00:00:00,3,True,False,22515312307.66144,PRIMARY_750_MEMBER
000428,SZ_MAIN,1584,GARCH_SUCCESS,2020-02-12 00:00:00,2026-08-19 00:00:00,0,True,True,3809428995.2908287,PRIMARY_750_MEMBER
000429,SZ_MAIN,259,GARCH_SUCCESS,2025-07-15 00:00:00,2026-08-07 00:00:00,7,False,False,12418163668.417538,BELOW_PRIMARY_750
000498,SZ_MAIN,252,GARCH_SUCCESS,2023-06-30 00:00:00,2024-07-15 00:00:00,11,False,False,8173014276.185294,BELOW_PRIMARY_750
000501,SZ_MAIN,263,GARCH_SUCCESS,2022-05-19 00:00:00,2023-06-15 00:00:00,10,False,False,7453179191.989701,BELOW_PRIMARY_750
000503,SZ_MAIN,1584,GARCH_SUCCESS,2020-02-12 00:00:00,2026-08-19 00:00:00,0,True,True,9268502052.845406,PRIMARY_750_MEMBER
000505,SZ_MAIN,997,GARCH_SUCCESS,2020-03-27 00:00:00,2024-06-11 00:00:00,2,True,False,4508267615.9898,PRIMARY_750_MEMBER
000507,SZ_MAIN,260,GARCH_SUCCESS,2021-06-30 00:00:00,2022-07-26 00:00:00,7,False,False,4945526564.387442,BELOW_PRIMARY_750
000510,SZ_MAIN,926,GARCH_SUCCESS,2022-09-21 00:00:00,2026-08-19 00:00:00,0,True,False,3505092656.535215,PRIMARY_750_MEMBER
000513,SZ_MAIN,264,GARCH_SUCCESS,2022-06-01 00:00:00,2023-07-03 00:00:00,7,False,False,22075235786.27905,BELOW_PRIMARY_750
000514,SZ_MAIN,440,GARCH_SUCCESS,2024-08-27 00:00:00,2026-06-26 00:00:00,6,False,False,3595435020.859735,BELOW_PRIMARY_750
000517,SZ_MAIN,478,GARCH_SUCCESS,2024-08-28 00:00:00,2026-08-19 00:00:00,6,False,False,6365850990.676766,BELOW_PRIMARY_750
000519,SZ_MAIN,509,GARCH_SUCCESS,2020-05-29 00:00:00,2022-07-05 00:00:00,5,False,False,25430408298.325325,BELOW_PRIMARY_750
000520,SZ_MAIN,1584,GARCH_SUCCESS,2020-02-12 00:00:00,2026-08-19 00:00:00,0,True,True,3669376554.009574,PRIMARY_750_MEMBER
000521,SZ_MAIN,248,GARCH_SUCCESS,2021-06-15 00:00:00,2022-06-23 00:00:00,7,False,False,5281234315.067988,BELOW_PRIMARY_750
000524,SZ_MAIN,1202,GARCH_SUCCESS,2020-07-02 00:00:00,2025-06-18 00:00:00,3,True,True,6677252277.494232,PRIMARY_750_MEMBER
000526,SZ_MAIN,1584,GARCH_SUCCESS,2020-02-12 00:00:00,2026-08-19 00:00:00,0,True,True,4022687121.400877,PRIMARY_750_MEMBER
000528,SZ_MAIN,244,GARCH_SUCCESS,2024-06-21 00:00:00,2025-06-25 00:00:00,7,False,False,13494380404.163824,BELOW_PRIMARY_750
000529,SZ_MAIN,255,GARCH_SUCCESS,2021-07-07 00:00:00,2022-07-26 00:00:00,7,False,False,3599257684.343121,BELOW_PRIMARY_750
000530,SZ_MAIN,244,GARCH_SUCCESS,2023-07-10 00:00:00,2024-07-11 00:00:00,8,False,False,3046805954.2538137,BELOW_PRIMARY_750
000531,SZ_MAIN,253,GARCH_SUCCESS,2023-06-27 00:00:00,2024-07-11 00:00:00,9,False,False,5607361624.831159,BELOW_PRIMARY_750
000532,SZ_MAIN,253,GARCH_SUCCESS,2025-06-16 00:00:00,2026-07-01 00:00:00,7,False,False,4389468495.23831,BELOW_PRIMARY_750
000533,SZ_MAIN,1584,GARCH_SUCCESS,2020-02-12 00:00:00,2026-08-19 00:00:00,0,True,True,3461148492.820596,PRIMARY_750_MEMBER
000534,SZ_MAIN,245,GARCH_SUCCESS,2025-08-15 00:00:00,2026-08-19 00:00:00,6,False,False,7684772268.419823,BELOW_PRIMARY_750
000537,SZ_MAIN,262,GARCH_SUCCESS,2023-06-07 00:00:00,2024-07-08 00:00:00,8,False,False,20478188464.24816,BELOW_PRIMARY_750
000538,SZ_MAIN,252,GARCH_SUCCESS,2022-05-06 00:00:00,2023-05-18 00:00:00,9,False,False,81961449353.8432,BELOW_PRIMARY_750
000539,SZ_MAIN,718,GARCH_SUCCESS,2021-06-25 00:00:00,2024-06-13 00:00:00,5,False,False,12809427399.622952,BELOW_PRIMARY_750
000541,SZ_MAIN,266,GARCH_SUCCESS,2020-06-11 00:00:00,2021-07-15 00:00:00,7,False,False,6501151368.787965,BELOW_PRIMARY_750
000543,SZ_MAIN,499,GARCH_SUCCESS,2021-05-31 00:00:00,2023-06-19 00:00:00,6,False,False,13619728463.736332,BELOW_PRIMARY_750
000544,SZ_MAIN,251,GARCH_SUCCESS,2022-06-01 00:00:00,2023-06-12 00:00:00,7,False,False,7161994164.044279,BELOW_PRIMARY_750
000545,SZ_MAIN,1195,GARCH_SUCCESS,2020-07-23 00:00:00,2025-06-30 00:00:00,1,True,True,3151826584.216837,PRIMARY_750_MEMBER
000547,SZ_MAIN,760,GARCH_SUCCESS,2023-07-04 00:00:00,2026-08-19 00:00:00,5,True,False,17662575322.024136,PRIMARY_750_MEMBER
000548,SZ_MAIN,322,GARCH_SUCCESS,2020-02-12 00:00:00,2021-06-08 00:00:00,6,False,False,2403355183.457667,BELOW_PRIMARY_750
000550,SZ_MAIN,262,GARCH_SUCCESS,2024-07-22 00:00:00,2025-08-19 00:00:00,7,False,False,10038810683.615446,BELOW_PRIMARY_750
000551,SZ_MAIN,514,GARCH_SUCCESS,2021-06-16 00:00:00,2023-07-27 00:00:00,5,False,False,4381411573.787852,BELOW_PRIMARY_750
000552,SZ_MAIN,253,GARCH_SUCCESS,2024-06-24 00:00:00,2025-07-09 00:00:00,7,False,False,8963265658.550926,BELOW_PRIMARY_750
000553,SZ_MAIN,777,GARCH_SUCCESS,2023-06-07 00:00:00,2026-08-19 00:00:00,4,True,False,16847918342.961174,PRIMARY_750_MEMBER
000554,SZ_MAIN,483,GARCH_SUCCESS,2021-07-28 00:00:00,2023-07-26 00:00:00,8,False,False,2114321594.69922,BELOW_PRIMARY_750
000555,SZ_MAIN,466,GARCH_SUCCESS,2024-06-17 00:00:00,2026-05-21 00:00:00,6,False,False,12189790606.116749,BELOW_PRIMARY_750
000557,SZ_MAIN,1313,GARCH_SUCCESS,2020-02-12 00:00:00,2025-07-10 00:00:00,2,True,True,6905537948.398118,PRIMARY_750_MEMBER
000558,SZ_MAIN,1356,GARCH_SUCCESS,2020-12-15 00:00:00,2026-08-19 00:00:00,0,True,True,4414228903.514578,PRIMARY_750_MEMBER
000559,SZ_MAIN,269,GARCH_SUCCESS,2020-05-29 00:00:00,2021-07-07 00:00:00,7,False,False,21088928815.008125,BELOW_PRIMARY_750
000560,SZ_MAIN,722,GARCH_SUCCESS,2022-07-08 00:00:00,2025-07-02 00:00:00,4,False,False,6761537803.599847,BELOW_PRIMARY_750
000561,SZ_MAIN,821,GARCH_SUCCESS,2020-02-12 00:00:00,2023-06-29 00:00:00,1,True,False,5233324496.819245,PRIMARY_750_MEMBER
000563,SZ_MAIN,249,GARCH_SUCCESS,2022-06-01 00:00:00,2023-06-08 00:00:00,11,False,False,15068484280.427437,BELOW_PRIMARY_750
000565,SZ_MAIN,262,GARCH_SUCCESS,2022-05-11 00:00:00,2023-06-06 00:00:00,7,False,False,2720827807.3568788,BELOW_PRIMARY_750
000566,SZ_MAIN,1584,GARCH_SUCCESS,2020-02-12 00:00:00,2026-08-19 00:00:00,0,True,True,5788570191.60749,PRIMARY_750_MEMBER
000567,SZ_MAIN,556,GARCH_SUCCESS,2020-02-12 00:00:00,2022-05-27 00:00:00,3,False,False,12566305539.531816,BELOW_PRIMARY_750
000568,SZ_MAIN,244,GARCH_SUCCESS,2021-08-23 00:00:00,2022-08-25 00:00:00,8,False,False,265226695491.55423,BELOW_PRIMARY_750
000570,SZ_MAIN,567,GARCH_SUCCESS,2020-02-12 00:00:00,2022-06-14 00:00:00,5,False,False,2737607083.391175,BELOW_PRIMARY_750
000573,SZ_MAIN,251,GARCH_SUCCESS,2022-06-09 00:00:00,2023-06-19 00:00:00,7,False,False,2241900908.582108,BELOW_PRIMARY_750
000576,SZ_MAIN,1263,GARCH_SUCCESS,2021-06-07 00:00:00,2026-08-19 00:00:00,1,True,True,4311155797.26362,PRIMARY_750_MEMBER
000581,SZ_MAIN,255,GARCH_SUCCESS,2022-06-13 00:00:00,2023-06-29 00:00:00,10,False,False,15777438618.685389,BELOW_PRIMARY_750
000582,SZ_MAIN,254,GARCH_SUCCESS,2023-05-18 00:00:00,2024-06-05 00:00:00,9,False,False,12615170936.50988,BELOW_PRIMARY_750
000586,SZ_MAIN,976,GARCH_SUCCESS,2021-09-27 00:00:00,2025-11-11 00:00:00,0,True,False,2017378123.3576643,PRIMARY_750_MEMBER
000589,SZ_MAIN,280,GARCH_SUCCESS,2022-04-13 00:00:00,2023-06-07 00:00:00,8,False,False,6397340334.095438,BELOW_PRIMARY_750
000590,SZ_MAIN,1584,GARCH_SUCCESS,2020-02-12 00:00:00,2026-08-19 00:00:00,0,True,True,2124744072.7565567,PRIMARY_750_MEMBER
000591,SZ_MAIN,303,GARCH_SUCCESS,2021-07-22 00:00:00,2022-10-25 00:00:00,9,False,False,19301839659.064377,BELOW_PRIMARY_750
000592,SZ_MAIN,1399,GARCH_SUCCESS,2020-02-12 00:00:00,2025-11-17 00:00:00,0,True,True,6763485908.805492,PRIMARY_750_MEMBER
000593,SZ_MAIN,1383,GARCH_SUCCESS,2020-02-12 00:00:00,2025-10-24 00:00:00,0,True,True,2543570930.2386627,PRIMARY_750_MEMBER
000596,SZ_MAIN,263,GARCH_SUCCESS,2022-06-14 00:00:00,2023-07-12 00:00:00,9,False,False,85611628154.46501,BELOW_PRIMARY_750
000597,SZ_MAIN,260,GARCH_SUCCESS,2024-05-24 00:00:00,2025-06-20 00:00:00,7,False,False,7213956824.344459,BELOW_PRIMARY_750
000598,SZ_MAIN,257,GARCH_SUCCESS,2025-06-20 00:00:00,2026-07-13 00:00:00,7,False,False,18172911413.386425,BELOW_PRIMARY_750
000599,SZ_MAIN,553,GARCH_SUCCESS,2024-04-10 00:00:00,2026-08-19 00:00:00,3,False,False,3687528703.953393,BELOW_PRIMARY_750
000600,SZ_MAIN,509,GARCH_SUCCESS,2021-05-24 00:00:00,2023-06-28 00:00:00,7,False,False,6469301271.8801775,BELOW_PRIMARY_750
000601,SZ_MAIN,590,GARCH_SUCCESS,2022-08-30 00:00:00,2025-03-12 00:00:00,4,False,False,5209036591.293136,BELOW_PRIMARY_750
000603,SZ_MAIN,793,GARCH_SUCCESS,2021-03-03 00:00:00,2024-07-10 00:00:00,4,True,False,9921934646.939344,PRIMARY_750_MEMBER
000605,SZ_MAIN,262,GARCH_SUCCESS,2020-06-17 00:00:00,2021-07-15 00:00:00,7,False,False,2139017230.3890104,BELOW_PRIMARY_750
000607,SZ_MAIN,1057,GARCH_SUCCESS,2020-02-12 00:00:00,2024-06-20 00:00:00,1,True,True,3898662180.498231,PRIMARY_750_MEMBER
000612,SZ_MAIN,284,GARCH_SUCCESS,2021-04-22 00:00:00,2022-06-27 00:00:00,7,False,False,8599196624.373375,BELOW_PRIMARY_750
000617,SZ_MAIN,243,GARCH_SUCCESS,2022-07-08 00:00:00,2023-07-10 00:00:00,9,False,False,83536580335.4369,BELOW_PRIMARY_750
000619,SZ_MAIN,1258,GARCH_SUCCESS,2021-06-15 00:00:00,2026-08-19 00:00:00,2,True,True,2137814963.7972648,PRIMARY_750_MEMBER
000623,SZ_MAIN,256,GARCH_SUCCESS,2022-06-17 00:00:00,2023-07-06 00:00:00,9,False,False,19153486122.47252,BELOW_PRIMARY_750
000625,SZ_MAIN,337,GARCH_SUCCESS,2020-02-12 00:00:00,2021-06-30 00:00:00,7,False,False,103884438018.59708,BELOW_PRIMARY_750
000626,SZ_MAIN,1584,GARCH_SUCCESS,2020-02-12 00:00:00,2026-08-19 00:00:00,0,True,True,5021138449.402172,PRIMARY_750_MEMBER
000628,SZ_MAIN,342,GARCH_SUCCESS,2020-02-12 00:00:00,2021-07-07 00:00:00,6,False,False,6100187822.982887,BELOW_PRIMARY_750
000629,SZ_MAIN,1584,GARCH_SUCCESS,2020-02-12 00:00:00,2026-08-19 00:00:00,0,True,True,31371902286.41129,PRIMARY_750_MEMBER
000630,SZ_MAIN,249,GARCH_SUCCESS,2024-06-11 00:00:00,2025-06-20 00:00:00,8,False,False,39226668833.45464,BELOW_PRIMARY_750
000631,SZ_MAIN,738,GARCH_SUCCESS,2020-04-28 00:00:00,2023-05-16 00:00:00,4,False,False,7840279838.473307,BELOW_PRIMARY_750
000633,SZ_MAIN,1300,GARCH_SUCCESS,2020-02-12 00:00:00,2025-06-23 00:00:00,0,True,True,2599726668.7152257,PRIMARY_750_MEMBER
000635,SZ_MAIN,1251,GARCH_SUCCESS,2021-06-24 00:00:00,2026-08-19 00:00:00,2,True,True,2775360146.0829444,PRIMARY_750_MEMBER
000636,SZ_MAIN,333,GARCH_SUCCESS,2020-02-12 00:00:00,2021-06-24 00:00:00,7,False,False,18707937907.035503,BELOW_PRIMARY_750
000650,SZ_MAIN,262,GARCH_SUCCESS,2025-06-18 00:00:00,2026-07-16 00:00:00,7,False,False,8913892663.08267,BELOW_PRIMARY_750
000651,SZ_MAIN,254,GARCH_SUCCESS,2023-08-10 00:00:00,2024-08-27 00:00:00,11,False,False,224043421099.32205,BELOW_PRIMARY_750
000652,SZ_MAIN,280,GARCH_SUCCESS,2025-06-27 00:00:00,2026-08-19 00:00:00,7,False,False,5952845328.872535,BELOW_PRIMARY_750
000655,SZ_MAIN,319,GARCH_SUCCESS,2020-02-12 00:00:00,2021-06-03 00:00:00,10,False,False,4532838131.075543,BELOW_PRIMARY_750
000657,SZ_MAIN,651,GARCH_SUCCESS,2020-02-12 00:00:00,2022-10-18 00:00:00,6,False,False,17881461084.34651,BELOW_PRIMARY_750
000659,SZ_MAIN,1488,GARCH_SUCCESS,2020-02-12 00:00:00,2026-04-01 00:00:00,0,True,True,4067009098.522607,PRIMARY_750_MEMBER
000661,SZ_MAIN,291,GARCH_SUCCESS,2024-04-19 00:00:00,2025-07-03 00:00:00,7,False,False,64929586481.65756,BELOW_PRIMARY_750
000665,SZ_MAIN,1477,GARCH_SUCCESS,2020-07-20 00:00:00,2026-08-19 00:00:00,1,True,True,5948003579.121304,PRIMARY_750_MEMBER
000672,SZ_MAIN,251,GARCH_SUCCESS,2023-05-24 00:00:00,2024-06-06 00:00:00,7,False,False,11124129864.24609,BELOW_PRIMARY_750
000676,SZ_MAIN,1481,GARCH_SUCCESS,2020-07-14 00:00:00,2026-08-19 00:00:00,1,True,True,9004925664.988832,PRIMARY_750_MEMBER
000678,SZ_MAIN,1519,GARCH_SUCCESS,2020-04-15 00:00:00,2026-08-19 00:00:00,0,True,True,3478621618.3271604,PRIMARY_750_MEMBER
000680,SZ_MAIN,410,GARCH_SUCCESS,2020-02-12 00:00:00,2021-10-20 00:00:00,8,False,False,8072751732.835309,BELOW_PRIMARY_750
000681,SZ_MAIN,275,GARCH_SUCCESS,2021-06-22 00:00:00,2022-08-08 00:00:00,9,False,False,10811598688.448826,BELOW_PRIMARY_750
000682,SZ_MAIN,488,GARCH_SUCCESS,2020-07-06 00:00:00,2022-07-08 00:00:00,8,False,False,11820439972.028969,BELOW_PRIMARY_750
000683,SZ_MAIN,541,GARCH_SUCCESS,2020-02-12 00:00:00,2022-05-06 00:00:00,5,False,False,23450596376.595703,BELOW_PRIMARY_750
000685,SZ_MAIN,261,GARCH_SUCCESS,2022-07-22 00:00:00,2023-08-17 00:00:00,8,False,False,10625324605.163073,BELOW_PRIMARY_750
000686,SZ_MAIN,245,GARCH_SUCCESS,2022-05-27 00:00:00,2023-05-30 00:00:00,9,False,False,18001265028.519226,BELOW_PRIMARY_750
000688,SZ_MAIN,504,GARCH_SUCCESS,2021-07-01 00:00:00,2023-07-28 00:00:00,4,False,False,17356069124.62692,BELOW_PRIMARY_750
000690,SZ_MAIN,289,GARCH_SUCCESS,2021-03-05 00:00:00,2022-05-17 00:00:00,8,False,False,11209167968.86411,BELOW_PRIMARY_750
000695,SZ_MAIN,1265,GARCH_SUCCESS,2020-02-12 00:00:00,2025-04-29 00:00:00,0,True,True,2414118187.460235,PRIMARY_750_MEMBER
000700,SZ_MAIN,588,GARCH_SUCCESS,2021-07-16 00:00:00,2023-12-18 00:00:00,7,False,False,6153545574.320748,BELOW_PRIMARY_750
000701,SZ_MAIN,1584,GARCH_SUCCESS,2020-02-12 00:00:00,2026-08-19 00:00:00,0,True,True,2864902266.094867,PRIMARY_750_MEMBER
000702,SZ_MAIN,991,GARCH_SUCCESS,2022-06-21 00:00:00,2026-08-19 00:00:00,0,True,False,1572435413.783651,PRIMARY_750_MEMBER
000703,SZ_MAIN,475,GARCH_SUCCESS,2022-07-08 00:00:00,2024-06-25 00:00:00,6,False,False,30250358353.301582,BELOW_PRIMARY_750
000705,SZ_MAIN,279,GARCH_SUCCESS,2022-06-16 00:00:00,2023-08-07 00:00:00,6,False,False,2323145808.336082,BELOW_PRIMARY_750
000708,SZ_MAIN,251,GARCH_SUCCESS,2023-04-21 00:00:00,2024-05-09 00:00:00,8,False,False,59915230157.38554,BELOW_PRIMARY_750
000709,SZ_MAIN,342,GARCH_SUCCESS,2020-02-12 00:00:00,2021-07-07 00:00:00,6,False,False,24478474503.495644,BELOW_PRIMARY_750
000710,SZ_MAIN,1584,GARCH_SUCCESS,2020-02-12 00:00:00,2026-08-19 00:00:00,0,True,True,4355449144.929814,PRIMARY_750_MEMBER
000712,SZ_MAIN,963,GARCH_SUCCESS,2022-08-29 00:00:00,2026-08-19 00:00:00,1,True,False,11884467569.211924,PRIMARY_750_MEMBER
000713,SZ_MAIN,266,GARCH_SUCCESS,2025-05-21 00:00:00,2026-06-25 00:00:00,7,False,False,4874437451.471583,BELOW_PRIMARY_750
000715,SZ_MAIN,482,GARCH_SUCCESS,2022-05-27 00:00:00,2024-05-23 00:00:00,6,False,False,2637648220.1577315,BELOW_PRIMARY_750
000716,SZ_MAIN,968,GARCH_SUCCESS,2020-08-25 00:00:00,2024-08-21 00:00:00,3,True,False,3750778537.034564,PRIMARY_750_MEMBER
000717,SZ_MAIN,774,GARCH_SUCCESS,2023-06-12 00:00:00,2026-08-19 00:00:00,4,True,False,7701259436.608931,PRIMARY_750_MEMBER
000718,SZ_MAIN,523,GARCH_SUCCESS,2020-05-19 00:00:00,2022-07-13 00:00:00,8,False,False,7348096467.890394,BELOW_PRIMARY_750
000719,SZ_MAIN,246,GARCH_SUCCESS,2021-07-02 00:00:00,2022-07-08 00:00:00,7,False,False,6674244924.225164,BELOW_PRIMARY_750
000720,SZ_MAIN,1584,GARCH_SUCCESS,2020-02-12 00:00:00,2026-08-19 00:00:00,0,True,True,5288502855.787579,PRIMARY_750_MEMBER
000721,SZ_MAIN,1584,GARCH_SUCCESS,2020-02-12 00:00:00,2026-08-19 00:00:00,0,True,True,3810566160.005543,PRIMARY_750_MEMBER
000722,SZ_MAIN,491,GARCH_SUCCESS,2022-06-06 00:00:00,2024-06-13 00:00:00,6,False,False,5123136685.301882,BELOW_PRIMARY_750
000723,SZ_MAIN,1019,GARCH_SUCCESS,2022-06-10 00:00:00,2026-08-19 00:00:00,1,True,True,31213265717.45996,PRIMARY_750_MEMBER
000725,SZ_MAIN,248,GARCH_SUCCESS,2022-05-31 00:00:00,2023-06-06 00:00:00,7,False,False,155907675513.23395,BELOW_PRIMARY_750
000726,SZ_MAIN,243,GARCH_SUCCESS,2021-06-21 00:00:00,2022-06-22 00:00:00,10,False,False,3882678372.9252768,BELOW_PRIMARY_750
000728,SZ_MAIN,245,GARCH_SUCCESS,2023-05-24 00:00:00,2024-05-29 00:00:00,11,False,False,31957012506.805405,BELOW_PRIMARY_750
000729,SZ_MAIN,255,GARCH_SUCCESS,2023-07-05 00:00:00,2024-07-23 00:00:00,8,False,False,25375282280.504826,BELOW_PRIMARY_750
000731,SZ_MAIN,485,GARCH_SUCCESS,2020-06-22 00:00:00,2022-06-23 00:00:00,7,False,False,4411643088.705736,BELOW_PRIMARY_750
000733,SZ_MAIN,252,GARCH_SUCCESS,2023-06-12 00:00:00,2024-06-27 00:00:00,7,False,False,39285269695.55253,BELOW_PRIMARY_750
000735,SZ_MAIN,704,GARCH_SUCCESS,2020-07-13 00:00:00,2023-06-06 00:00:00,5,False,False,7594470823.240459,BELOW_PRIMARY_750
000738,SZ_MAIN,245,GARCH_SUCCESS,2023-06-21 00:00:00,2024-06-27 00:00:00,7,False,False,28338011152.825165,BELOW_PRIMARY_750
000739,SZ_MAIN,263,GARCH_SUCCESS,2022-04-19 00:00:00,2023-05-19 00:00:00,8,False,False,23704313012.29863,BELOW_PRIMARY_750
000750,SZ_MAIN,251,GARCH_SUCCESS,2022-05-19 00:00:00,2023-05-30 00:00:00,10,False,False,21369504182.44813,BELOW_PRIMARY_750
000751,SZ_MAIN,1131,GARCH_SUCCESS,2020-02-12 00:00:00,2024-10-11 00:00:00,2,True,True,4932941606.292124,PRIMARY_750_MEMBER
000753,SZ_MAIN,319,GARCH_SUCCESS,2020-02-12 00:00:00,2021-06-03 00:00:00,8,False,False,4337925110.2930565,BELOW_PRIMARY_750
000755,SZ_MAIN,461,GARCH_SUCCESS,2022-07-27 00:00:00,2024-07-23 00:00:00,3,False,False,4203253228.917793,BELOW_PRIMARY_750
000756,SZ_MAIN,249,GARCH_SUCCESS,2025-07-21 00:00:00,2026-07-30 00:00:00,9,False,False,7620163986.70617,BELOW_PRIMARY_750
000757,SZ_MAIN,1584,GARCH_SUCCESS,2020-02-12 00:00:00,2026-08-19 00:00:00,0,True,True,2205440933.9510374,PRIMARY_750_MEMBER
000758,SZ_MAIN,1302,GARCH_SUCCESS,2020-02-12 00:00:00,2025-06-25 00:00:00,2,True,True,10418999077.65791,PRIMARY_750_MEMBER
000759,SZ_MAIN,1268,GARCH_SUCCESS,2021-05-31 00:00:00,2026-08-19 00:00:00,2,True,True,3659869435.315004,PRIMARY_750_MEMBER
000761,SZ_MAIN,1014,GARCH_SUCCESS,2022-06-17 00:00:00,2026-08-19 00:00:00,3,True,True,13695369723.866394,PRIMARY_750_MEMBER
000762,SZ_MAIN,911,GARCH_SUCCESS,2020-02-12 00:00:00,2023-11-10 00:00:00,4,True,False,16679221014.278856,PRIMARY_750_MEMBER
000766,SZ_MAIN,1584,GARCH_SUCCESS,2020-02-12 00:00:00,2026-08-19 00:00:00,0,True,True,11445077243.436678,PRIMARY_750_MEMBER
000767,SZ_MAIN,1584,GARCH_SUCCESS,2020-02-12 00:00:00,2026-08-19 00:00:00,0,True,True,9218249070.126911,PRIMARY_750_MEMBER
000768,SZ_MAIN,245,GARCH_SUCCESS,2022-06-24 00:00:00,2023-06-28 00:00:00,7,False,False,72891635724.13966,BELOW_PRIMARY_750
000776,SZ_MAIN,262,GARCH_SUCCESS,2022-07-14 00:00:00,2023-08-10 00:00:00,9,False,False,99875993991.28188,BELOW_PRIMARY_750
000777,SZ_MAIN,251,GARCH_SUCCESS,2020-07-13 00:00:00,2021-07-22 00:00:00,9,False,False,5791996093.595799,BELOW_PRIMARY_750
000778,SZ_MAIN,252,GARCH_SUCCESS,2021-07-01 00:00:00,2022-07-15 00:00:00,8,False,False,15770990368.691246,BELOW_PRIMARY_750
000779,SZ_MAIN,508,GARCH_SUCCESS,2022-06-22 00:00:00,2024-07-24 00:00:00,5,False,False,3390145646.30074,BELOW_PRIMARY_750
000782,SZ_MAIN,767,GARCH_SUCCESS,2023-06-21 00:00:00,2026-08-19 00:00:00,4,True,False,2624524482.7168427,PRIMARY_750_MEMBER
000783,SZ_MAIN,274,GARCH_SUCCESS,2020-06-03 00:00:00,2021-07-19 00:00:00,7,False,False,35728051532.51314,BELOW_PRIMARY_750
000785,SZ_MAIN,512,GARCH_SUCCESS,2024-07-11 00:00:00,2026-08-19 00:00:00,5,False,False,14537256644.249817,BELOW_PRIMARY_750
000786,SZ_MAIN,245,GARCH_SUCCESS,2023-06-12 00:00:00,2024-06-18 00:00:00,7,False,False,48288184410.70106,BELOW_PRIMARY_750
000788,SZ_MAIN,569,GARCH_SUCCESS,2020-02-12 00:00:00,2022-06-16 00:00:00,6,False,False,3996802910.25,BELOW_PRIMARY_750
000789,SZ_MAIN,268,GARCH_SUCCESS,2024-05-31 00:00:00,2025-07-09 00:00:00,7,False,False,6470534701.080169,BELOW_PRIMARY_750
000790,SZ_MAIN,500,GARCH_SUCCESS,2024-07-29 00:00:00,2026-08-19 00:00:00,5,False,False,2840535005.3985896,BELOW_PRIMARY_750
000791,SZ_MAIN,253,GARCH_SUCCESS,2021-04-28 00:00:00,2022-05-18 00:00:00,7,False,False,9264432313.354645,BELOW_PRIMARY_750
000795,SZ_MAIN,797,GARCH_SUCCESS,2020-02-12 00:00:00,2023-05-24 00:00:00,5,True,False,8709469467.715158,PRIMARY_750_MEMBER
000797,SZ_MAIN,525,GARCH_SUCCESS,2024-06-24 00:00:00,2026-08-19 00:00:00,5,False,False,4740551203.687071,BELOW_PRIMARY_750
000798,SZ_MAIN,1584,GARCH_SUCCESS,2020-02-12 00:00:00,2026-08-19 00:00:00,0,True,True,3051999054.8509574,PRIMARY_750_MEMBER
000799,SZ_MAIN,259,GARCH_SUCCESS,2020-06-15 00:00:00,2021-07-08 00:00:00,7,False,False,34886657894.88415,BELOW_PRIMARY_750
000800,SZ_MAIN,486,GARCH_SUCCESS,2022-06-21 00:00:00,2024-06-21 00:00:00,5,False,False,26818942957.36518,BELOW_PRIMARY_750
000801,SZ_MAIN,319,GARCH_SUCCESS,2020-02-12 00:00:00,2021-06-03 00:00:00,6,False,False,10511332799.895256,BELOW_PRIMARY_750
000807,SZ_MAIN,573,GARCH_SUCCESS,2020-02-12 00:00:00,2022-06-22 00:00:00,8,False,False,50197048619.1156,BELOW_PRIMARY_750
000810,SZ_MAIN,250,GARCH_SUCCESS,2022-05-09 00:00:00,2023-05-17 00:00:00,8,False,False,13909084771.17842,BELOW_PRIMARY_750
000811,SZ_MAIN,258,GARCH_SUCCESS,2025-05-30 00:00:00,2026-06-24 00:00:00,8,False,False,9951991171.545856,BELOW_PRIMARY_750
000812,SZ_MAIN,962,GARCH_SUCCESS,2020-07-20 00:00:00,2024-07-08 00:00:00,3,True,False,3822991133.831424,PRIMARY_750_MEMBER
000813,SZ_MAIN,1266,GARCH_SUCCESS,2021-06-02 00:00:00,2026-08-19 00:00:00,1,True,True,7633487249.678889,PRIMARY_750_MEMBER
000815,SZ_MAIN,892,GARCH_SUCCESS,2022-11-15 00:00:00,2026-08-19 00:00:00,0,True,False,7392078315.179685,PRIMARY_750_MEMBER
000818,SZ_MAIN,544,GARCH_SUCCESS,2024-05-27 00:00:00,2026-08-19 00:00:00,6,False,False,18737850514.632816,BELOW_PRIMARY_750
000819,SZ_MAIN,703,GARCH_SUCCESS,2021-06-28 00:00:00,2024-05-23 00:00:00,4,False,False,5046148231.700251,BELOW_PRIMARY_750
000822,SZ_MAIN,551,GARCH_SUCCESS,2024-05-16 00:00:00,2026-08-19 00:00:00,5,False,False,6247367188.289719,BELOW_PRIMARY_750
000823,SZ_MAIN,254,GARCH_SUCCESS,2021-06-08 00:00:00,2022-06-27 00:00:00,7,False,False,5710842834.242486,BELOW_PRIMARY_750
000825,SZ_MAIN,728,GARCH_SUCCESS,2023-06-02 00:00:00,2026-06-08 00:00:00,6,False,False,27877610792.40095,BELOW_PRIMARY_750
000828,SZ_MAIN,251,GARCH_SUCCESS,2022-06-17 00:00:00,2023-06-29 00:00:00,10,False,False,10626368056.301077,BELOW_PRIMARY_750
000829,SZ_MAIN,284,GARCH_SUCCESS,2025-06-23 00:00:00,2026-08-19 00:00:00,6,False,False,11232687222.223162,BELOW_PRIMARY_750
000830,SZ_MAIN,248,GARCH_SUCCESS,2024-06-07 00:00:00,2025-06-18 00:00:00,7,False,False,22398691812.15024,BELOW_PRIMARY_750
000831,SZ_MAIN,488,GARCH_SUCCESS,2024-06-26 00:00:00,2026-07-02 00:00:00,5,False,False,34308961634.371128,BELOW_PRIMARY_750
000833,SZ_MAIN,246,GARCH_SUCCESS,2020-07-17 00:00:00,2021-07-21 00:00:00,8,False,False,3886616247.0554624,BELOW_PRIMARY_750
000848,SZ_MAIN,479,GARCH_SUCCESS,2021-06-01 00:00:00,2023-05-23 00:00:00,6,False,False,9349879121.966211,BELOW_PRIMARY_750
000850,SZ_MAIN,261,GARCH_SUCCESS,2023-06-29 00:00:00,2024-07-25 00:00:00,7,False,False,3819830437.147828,BELOW_PRIMARY_750
000852,SZ_MAIN,1584,GARCH_SUCCESS,2020-02-12 00:00:00,2026-08-19 00:00:00,0,True,True,5680744246.13897,PRIMARY_750_MEMBER
000856,SZ_MAIN,1534,GARCH_SUCCESS,2020-02-12 00:00:00,2026-06-10 00:00:00,1,True,True,1999756773.9340303,PRIMARY_750_MEMBER
000858,SZ_MAIN,253,GARCH_SUCCESS,2020-06-23 00:00:00,2021-07-08 00:00:00,10,False,False,635795061869.1556,BELOW_PRIMARY_750
000859,SZ_MAIN,385,GARCH_SUCCESS,2024-12-17 00:00:00,2026-08-19 00:00:00,4,False,False,5293649758.913999,BELOW_PRIMARY_750
000860,SZ_MAIN,722,GARCH_SUCCESS,2022-06-20 00:00:00,2025-06-12 00:00:00,4,False,False,17956251283.67836,BELOW_PRIMARY_750
000862,SZ_MAIN,1158,GARCH_SUCCESS,2021-10-13 00:00:00,2026-08-19 00:00:00,0,True,True,3449274944.5939207,PRIMARY_750_MEMBER
000863,SZ_MAIN,645,GARCH_SUCCESS,2023-11-21 00:00:00,2026-08-19 00:00:00,3,False,False,4542650707.079871,BELOW_PRIMARY_750
000869,SZ_MAIN,243,GARCH_SUCCESS,2020-07-13 00:00:00,2021-07-12 00:00:00,7,False,False,12166083289.706758,BELOW_PRIMARY_750
000875,SZ_MAIN,475,GARCH_SUCCESS,2021-10-12 00:00:00,2023-10-26 00:00:00,6,False,False,15489937270.840866,BELOW_PRIMARY_750
000876,SZ_MAIN,1234,GARCH_SUCCESS,2020-06-22 00:00:00,2025-07-24 00:00:00,2,True,True,52259541956.73575,PRIMARY_750_MEMBER
000877,SZ_MAIN,541,GARCH_SUCCESS,2024-05-30 00:00:00,2026-08-19 00:00:00,5,False,False,17558977320.933018,BELOW_PRIMARY_750
000878,SZ_MAIN,297,GARCH_SUCCESS,2020-02-12 00:00:00,2021-04-29 00:00:00,7,False,False,24959876109.03449,BELOW_PRIMARY_750
000880,SZ_MAIN,299,GARCH_SUCCESS,2021-05-28 00:00:00,2022-08-18 00:00:00,9,False,False,2763184716.262773,BELOW_PRIMARY_750
000881,SZ_MAIN,699,GARCH_SUCCESS,2023-08-29 00:00:00,2026-08-19 00:00:00,4,False,False,6398226646.070445,BELOW_PRIMARY_750
000882,SZ_MAIN,1234,GARCH_SUCCESS,2021-07-19 00:00:00,2026-08-19 00:00:00,2,True,True,5020597990.655044,PRIMARY_750_MEMBER
000883,SZ_MAIN,263,GARCH_SUCCESS,2022-07-18 00:00:00,2023-08-15 00:00:00,7,False,False,30752222583.56152,BELOW_PRIMARY_750
000885,SZ_MAIN,254,GARCH_SUCCESS,2022-06-21 00:00:00,2023-07-06 00:00:00,8,False,False,7567354552.180813,BELOW_PRIMARY_750
000886,SZ_MAIN,407,GARCH_SUCCESS,2024-12-16 00:00:00,2026-08-19 00:00:00,7,False,False,5035679188.114368,BELOW_PRIMARY_750
000887,SZ_MAIN,247,GARCH_SUCCESS,2021-06-08 00:00:00,2022-06-16 00:00:00,8,False,False,20249684516.22948,BELOW_PRIMARY_750
000888,SZ_MAIN,499,GARCH_SUCCESS,2020-06-08 00:00:00,2022-06-29 00:00:00,6,False,False,5315561263.010508,BELOW_PRIMARY_750
000892,SZ_MAIN,1584,GARCH_SUCCESS,2020-02-12 00:00:00,2026-08-19 00:00:00,0,True,True,2643169241.025511,PRIMARY_750_MEMBER
000893,SZ_MAIN,932,GARCH_SUCCESS,2022-06-24 00:00:00,2026-06-02 00:00:00,1,True,False,21317473464.371857,PRIMARY_750_MEMBER
000895,SZ_MAIN,0,GARCH_NUMERIC_FAILURE,2021-05-24 00:00:00,2022-04-28 00:00:00,12,False,False,75721246031.53004,GARCH_NUMERIC_FAILURE
000898,SZ_MAIN,764,GARCH_SUCCESS,2023-06-28 00:00:00,2026-08-19 00:00:00,4,True,False,23676492116.778004,PRIMARY_750_MEMBER
000899,SZ_MAIN,438,GARCH_SUCCESS,2022-07-20 00:00:00,2024-06-13 00:00:00,5,False,False,8199446286.905937,BELOW_PRIMARY_750
000900,SZ_MAIN,245,GARCH_SUCCESS,2022-06-24 00:00:00,2023-06-28 00:00:00,7,False,False,6296345003.522366,BELOW_PRIMARY_750
000901,SZ_MAIN,732,GARCH_SUCCESS,2023-06-14 00:00:00,2026-06-25 00:00:00,5,False,False,9065047076.075598,BELOW_PRIMARY_750
000902,SZ_MAIN,246,GARCH_SUCCESS,2022-05-18 00:00:00,2023-05-22 00:00:00,7,False,False,16379444701.353266,BELOW_PRIMARY_750
000905,SZ_MAIN,277,GARCH_SUCCESS,2022-04-20 00:00:00,2023-06-09 00:00:00,10,False,False,5179835390.29832,BELOW_PRIMARY_750
000906,SZ_MAIN,244,GARCH_SUCCESS,2024-05-30 00:00:00,2025-06-04 00:00:00,7,False,False,5665537104.5946245,BELOW_PRIMARY_750
000910,SZ_MAIN,259,GARCH_SUCCESS,2021-04-29 00:00:00,2022-05-27 00:00:00,7,False,False,4854907793.085278,BELOW_PRIMARY_750
000912,SZ_MAIN,1584,GARCH_SUCCESS,2020-02-12 00:00:00,2026-08-19 00:00:00,0,True,True,7403117103.781175,PRIMARY_750_MEMBER
000913,SZ_MAIN,746,GARCH_SUCCESS,2020-06-15 00:00:00,2023-07-12 00:00:00,7,False,False,7785062326.799879,BELOW_PRIMARY_750
000915,SZ_MAIN,250,GARCH_SUCCESS,2022-04-28 00:00:00,2023-05-11 00:00:00,9,False,False,7765583542.427032,BELOW_PRIMARY_750
000917,SZ_MAIN,487,GARCH_SUCCESS,2020-07-24 00:00:00,2022-07-27 00:00:00,6,False,False,9172949819.42091,BELOW_PRIMARY_750
000919,SZ_MAIN,265,GARCH_SUCCESS,2024-06-03 00:00:00,2025-07-07 00:00:00,7,False,False,3887776120.25469,BELOW_PRIMARY_750
000920,SZ_MAIN,251,GARCH_SUCCESS,2021-06-18 00:00:00,2022-07-01 00:00:00,9,False,False,4061590849.7098393,BELOW_PRIMARY_750
000921,SZ_MAIN,262,GARCH_SUCCESS,2023-07-18 00:00:00,2024-08-14 00:00:00,7,False,False,19694840316.57905,BELOW_PRIMARY_750
000922,SZ_MAIN,251,GARCH_SUCCESS,2022-06-01 00:00:00,2023-06-12 00:00:00,7,False,False,6377863419.95584,BELOW_PRIMARY_750
000923,SZ_MAIN,255,GARCH_SUCCESS,2024-06-04 00:00:00,2025-06-24 00:00:00,7,False,False,9986743660.519564,BELOW_PRIMARY_750
000925,SZ_MAIN,573,GARCH_SUCCESS,2020-02-12 00:00:00,2022-06-22 00:00:00,3,False,False,4503789706.997482,BELOW_PRIMARY_750
000926,SZ_MAIN,514,GARCH_SUCCESS,2024-07-09 00:00:00,2026-08-19 00:00:00,4,False,False,3912662181.5256553,BELOW_PRIMARY_750
000928,SZ_MAIN,244,GARCH_SUCCESS,2024-06-07 00:00:00,2025-06-12 00:00:00,9,False,False,9584047097.041056,BELOW_PRIMARY_750
000930,SZ_MAIN,734,GARCH_SUCCESS,2023-07-04 00:00:00,2026-07-15 00:00:00,5,False,False,11681019424.105911,BELOW_PRIMARY_750
000931,SZ_MAIN,1535,GARCH_SUCCESS,2020-02-12 00:00:00,2026-06-11 00:00:00,1,True,True,4316683629.167869,PRIMARY_750_MEMBER
000932,SZ_MAIN,260,GARCH_SUCCESS,2022-06-06 00:00:00,2023-06-29 00:00:00,8,False,False,33762086927.61338,BELOW_PRIMARY_750
000933,SZ_MAIN,249,GARCH_SUCCESS,2025-05-19 00:00:00,2026-05-28 00:00:00,8,False,False,38482168523.693306,BELOW_PRIMARY_750
000935,SZ_MAIN,535,GARCH_SUCCESS,2024-06-07 00:00:00,2026-08-19 00:00:00,4,False,False,14416981462.681658,BELOW_PRIMARY_750
000936,SZ_MAIN,242,GARCH_SUCCESS,2020-07-10 00:00:00,2021-07-08 00:00:00,9,False,False,6202672124.70239,BELOW_PRIMARY_750
000937,SZ_MAIN,243,GARCH_SUCCESS,2020-08-13 00:00:00,2021-08-12 00:00:00,9,False,False,19277289313.206783,BELOW_PRIMARY_750
000938,SZ_MAIN,448,GARCH_SUCCESS,2022-08-09 00:00:00,2024-06-18 00:00:00,6,False,False,67375139758.15288,BELOW_PRIMARY_750
000948,SZ_MAIN,249,GARCH_SUCCESS,2023-06-12 00:00:00,2024-06-24 00:00:00,7,False,False,6028045155.896686,BELOW_PRIMARY_750
000949,SZ_MAIN,635,GARCH_SUCCESS,2022-05-16 00:00:00,2024-12-23 00:00:00,5,False,False,6447822738.454634,BELOW_PRIMARY_750
000950,SZ_MAIN,342,GARCH_SUCCESS,2020-05-19 00:00:00,2021-10-15 00:00:00,9,False,False,9252948341.769268,BELOW_PRIMARY_750
000951,SZ_MAIN,261,GARCH_SUCCESS,2022-06-01 00:00:00,2023-06-28 00:00:00,10,False,False,18809584907.56636,BELOW_PRIMARY_750
000952,SZ_MAIN,1027,GARCH_SUCCESS,2022-05-30 00:00:00,2026-08-19 00:00:00,3,True,True,2302662179.772253,PRIMARY_750_MEMBER
000955,SZ_MAIN,1584,GARCH_SUCCESS,2020-02-12 00:00:00,2026-08-19 00:00:00,0,True,True,2576439825.0816574,PRIMARY_750_MEMBER
000957,SZ_MAIN,559,GARCH_SUCCESS,2020-02-12 00:00:00,2022-06-01 00:00:00,5,False,False,5988590664.778111,BELOW_PRIMARY_750
000958,SZ_MAIN,341,GARCH_SUCCESS,2020-06-17 00:00:00,2021-11-12 00:00:00,7,False,False,20326670058.913776,BELOW_PRIMARY_750
000959,SZ_MAIN,433,GARCH_SUCCESS,2022-09-28 00:00:00,2024-07-16 00:00:00,5,False,False,25592487038.94434,BELOW_PRIMARY_750
000960,SZ_MAIN,547,GARCH_SUCCESS,2020-02-12 00:00:00,2022-05-16 00:00:00,7,False,False,29231704463.658665,BELOW_PRIMARY_750
000962,SZ_MAIN,1164,GARCH_SUCCESS,2020-02-12 00:00:00,2024-11-27 00:00:00,4,True,True,7146027097.468486,PRIMARY_750_MEMBER
000963,SZ_MAIN,244,GARCH_SUCCESS,2022-06-14 00:00:00,2023-06-13 00:00:00,9,False,False,67454001505.76011,BELOW_PRIMARY_750
000965,SZ_MAIN,738,GARCH_SUCCESS,2020-05-29 00:00:00,2023-06-13 00:00:00,5,False,False,4170803432.4840703,BELOW_PRIMARY_750
000966,SZ_MAIN,492,GARCH_SUCCESS,2021-06-09 00:00:00,2023-06-19 00:00:00,5,False,False,9959190663.503756,BELOW_PRIMARY_750
000967,SZ_MAIN,248,GARCH_SUCCESS,2021-07-09 00:00:00,2022-07-19 00:00:00,7,False,False,16809913535.650826,BELOW_PRIMARY_750
000968,SZ_MAIN,255,GARCH_SUCCESS,2021-06-25 00:00:00,2022-07-14 00:00:00,7,False,False,7626917650.454867,BELOW_PRIMARY_750
000969,SZ_MAIN,477,GARCH_SUCCESS,2021-06-09 00:00:00,2023-05-29 00:00:00,5,False,False,11197098706.452116,BELOW_PRIMARY_750
000970,SZ_MAIN,250,GARCH_SUCCESS,2025-05-29 00:00:00,2026-06-10 00:00:00,8,False,False,14211819523.684946,BELOW_PRIMARY_750
000973,SZ_MAIN,248,GARCH_SUCCESS,2020-06-09 00:00:00,2021-06-17 00:00:00,7,False,False,5740957403.428791,BELOW_PRIMARY_750
000975,SZ_MAIN,265,GARCH_SUCCESS,2023-03-31 00:00:00,2024-05-09 00:00:00,8,False,False,38041873202.11194,BELOW_PRIMARY_750
000977,SZ_MAIN,267,GARCH_SUCCESS,2022-05-23 00:00:00,2023-06-27 00:00:00,9,False,False,58629792722.77509,BELOW_PRIMARY_750
000978,SZ_MAIN,1508,GARCH_SUCCESS,2020-06-03 00:00:00,2026-08-19 00:00:00,1,True,True,2524647361.6158485,PRIMARY_750_MEMBER
000983,SZ_MAIN,256,GARCH_SUCCESS,2020-06-29 00:00:00,2021-07-15 00:00:00,9,False,False,40848987076.76816,BELOW_PRIMARY_750
000985,SZ_MAIN,256,GARCH_SUCCESS,2021-06-01 00:00:00,2022-06-22 00:00:00,8,False,False,2091026729.432824,BELOW_PRIMARY_750
000987,SZ_MAIN,309,GARCH_SUCCESS,2020-05-21 00:00:00,2021-08-24 00:00:00,8,False,False,33450940610.7732,BELOW_PRIMARY_750
000988,SZ_MAIN,258,GARCH_SUCCESS,2023-05-17 00:00:00,2024-06-11 00:00:00,7,False,False,37744800590.64108,BELOW_PRIMARY_750
000990,SZ_MAIN,808,GARCH_SUCCESS,2020-02-12 00:00:00,2023-06-08 00:00:00,4,True,False,11704445177.827908,PRIMARY_750_MEMBER
000993,SZ_MAIN,1032,GARCH_SUCCESS,2020-02-12 00:00:00,2024-05-15 00:00:00,2,True,True,4755744399.55646,PRIMARY_750_MEMBER
000997,SZ_MAIN,299,GARCH_SUCCESS,2022-07-14 00:00:00,2023-10-10 00:00:00,8,False,False,19242317658.39636,BELOW_PRIMARY_750
000998,SZ_MAIN,1074,GARCH_SUCCESS,2020-02-12 00:00:00,2024-07-15 00:00:00,3,True,True,17810137629.59074,PRIMARY_750_MEMBER
000999,SZ_MAIN,264,GARCH_SUCCESS,2021-07-12 00:00:00,2022-08-11 00:00:00,9,False,False,45902862593.727455,BELOW_PRIMARY_750
001201,SZ_MAIN,1023,GARCH_SUCCESS,2022-06-06 00:00:00,2026-08-19 00:00:00,3,True,True,2457862717.285596,PRIMARY_750_MEMBER
001202,SZ_MAIN,286,GARCH_SUCCESS,2025-06-19 00:00:00,2026-08-19 00:00:00,5,False,False,954765292.5168996,BELOW_PRIMARY_750
001203,SZ_MAIN,388,GARCH_SUCCESS,2021-10-08 00:00:00,2023-05-15 00:00:00,6,False,False,10827516120.613905,BELOW_PRIMARY_750
001205,SZ_MAIN,266,GARCH_SUCCESS,2023-04-25 00:00:00,2024-06-03 00:00:00,6,False,False,2175974577.043623,BELOW_PRIMARY_750
001206,SZ_MAIN,161,GARCH_SUCCESS,2021-09-27 00:00:00,2022-06-01 00:00:00,13,False,False,1709005249.7742858,BELOW_PRIMARY_750
001207,SZ_MAIN,226,GARCH_SUCCESS,2021-06-24 00:00:00,2022-07-01 00:00:00,8,False,False,2306702878.108992,BELOW_PRIMARY_750
001208,SZ_MAIN,249,GARCH_SUCCESS,2025-06-03 00:00:00,2026-06-11 00:00:00,7,False,False,2624666237.223407,BELOW_PRIMARY_750
001209,SZ_MAIN,265,GARCH_SUCCESS,2023-06-14 00:00:00,2024-07-18 00:00:00,7,False,False,938714729.1647108,BELOW_PRIMARY_750
001210,SZ_MAIN,236,GARCH_SUCCESS,2023-06-26 00:00:00,2024-06-17 00:00:00,8,False,False,1100825944.5909438,BELOW_PRIMARY_750
001211,SZ_MAIN,697,GARCH_SUCCESS,2022-08-16 00:00:00,2025-07-04 00:00:00,5,False,False,1027447825.6352,BELOW_PRIMARY_750
001212,SZ_MAIN,299,GARCH_SUCCESS,2025-05-30 00:00:00,2026-08-19 00:00:00,6,False,False,2940369624.544859,BELOW_PRIMARY_750
001213,SZ_MAIN,241,GARCH_SUCCESS,2022-06-30 00:00:00,2023-06-28 00:00:00,7,False,False,8980028022.474424,BELOW_PRIMARY_750
001215,SZ_MAIN,520,GARCH_SUCCESS,2024-07-01 00:00:00,2026-08-19 00:00:00,4,False,False,2470401855.991365,BELOW_PRIMARY_750
001216,SZ_MAIN,262,GARCH_SUCCESS,2022-05-05 00:00:00,2023-05-31 00:00:00,6,False,False,1855597776.6463315,BELOW_PRIMARY_750
001217,SZ_MAIN,255,GARCH_SUCCESS,2023-05-04 00:00:00,2024-05-23 00:00:00,7,False,False,2282233114.1496043,BELOW_PRIMARY_750
001218,SZ_MAIN,258,GARCH_SUCCESS,2024-06-11 00:00:00,2025-07-03 00:00:00,6,False,False,1482530647.396926,BELOW_PRIMARY_750
001219,SZ_MAIN,246,GARCH_SUCCESS,2023-06-19 00:00:00,2024-06-26 00:00:00,7,False,False,1643186519.3410437,BELOW_PRIMARY_750
001220,SZ_MAIN,62,GARCH_SUCCESS,2026-02-04 00:00:00,2026-06-15 00:00:00,2,False,False,960298555.692,BELOW_PRIMARY_750
001221,SZ_MAIN,113,GARCH_SUCCESS,2025-12-09 00:00:00,2026-06-02 00:00:00,3,False,False,2152303583.4105377,BELOW_PRIMARY_750
001222,SZ_MAIN,279,GARCH_SUCCESS,2025-06-30 00:00:00,2026-08-19 00:00:00,4,False,False,1309824034.1536703,BELOW_PRIMARY_750
001223,SZ_MAIN,320,GARCH_SUCCESS,2022-12-13 00:00:00,2024-05-15 00:00:00,4,False,False,1198367384.7873633,BELOW_PRIMARY_750
001225,SZ_MAIN,259,GARCH_SUCCESS,2024-04-23 00:00:00,2025-05-21 00:00:00,5,False,False,788391622.4803861,BELOW_PRIMARY_750
001226,SZ_MAIN,370,GARCH_SUCCESS,2023-12-01 00:00:00,2025-06-17 00:00:00,4,False,False,748525770.0170213,BELOW_PRIMARY_750
001227,SZ_MAIN,245,GARCH_SUCCESS,2023-07-06 00:00:00,2024-07-10 00:00:00,8,False,False,7190989662.186254,BELOW_PRIMARY_750
001228,SZ_MAIN,241,GARCH_SUCCESS,2023-05-19 00:00:00,2024-05-20 00:00:00,8,False,False,1669886521.4767146,BELOW_PRIMARY_750
001229,SZ_MAIN,255,GARCH_SUCCESS,2023-06-07 00:00:00,2024-06-27 00:00:00,5,False,False,1094007050.3610582,BELOW_PRIMARY_750
001230,SZ_MAIN,244,GARCH_SUCCESS,2024-06-07 00:00:00,2025-06-12 00:00:00,6,False,False,1008736197.144366,BELOW_PRIMARY_750
001231,SZ_MAIN,281,GARCH_SUCCESS,2023-06-30 00:00:00,2024-08-23 00:00:00,5,False,False,727271402.3634744,BELOW_PRIMARY_750
001233,SZ_MAIN,149,GARCH_SUCCESS,2026-01-08 00:00:00,2026-08-19 00:00:00,2,False,False,2441536738.725926,BELOW_PRIMARY_750
001234,SZ_MAIN,242,GARCH_SUCCESS,2022-06-24 00:00:00,2023-06-21 00:00:00,7,False,False,1156630511.2229664,BELOW_PRIMARY_750
001236,SZ_MAIN,380,GARCH_SUCCESS,2023-01-12 00:00:00,2024-08-08 00:00:00,5,False,False,3799487426.364912,BELOW_PRIMARY_750
001238,SZ_MAIN,464,GARCH_SUCCESS,2024-07-01 00:00:00,2026-06-02 00:00:00,5,False,False,1571603746.3630867,BELOW_PRIMARY_750
001239,SZ_MAIN,629,GARCH_SUCCESS,2023-12-14 00:00:00,2026-08-19 00:00:00,1,False,False,1355643729.5801723,BELOW_PRIMARY_750
001255,SZ_MAIN,251,GARCH_SUCCESS,2025-05-30 00:00:00,2026-06-12 00:00:00,5,False,False,958727801.6110471,BELOW_PRIMARY_750
001256,SZ_MAIN,258,GARCH_SUCCESS,2025-05-30 00:00:00,2026-06-24 00:00:00,5,False,False,933167986.4179832,BELOW_PRIMARY_750
001257,SZ_MAIN,38,GARCH_SUCCESS,2026-04-01 00:00:00,2026-06-30 00:00:00,2,False,False,3266894253.74,BELOW_PRIMARY_750
001258,SZ_MAIN,262,GARCH_SUCCESS,2025-05-29 00:00:00,2026-06-29 00:00:00,5,False,False,3947268013.6620326,BELOW_PRIMARY_750
001259,SZ_MAIN,395,GARCH_SUCCESS,2022-09-01 00:00:00,2024-05-27 00:00:00,4,False,False,697569544.377281,BELOW_PRIMARY_750
001260,SZ_MAIN,241,GARCH_SUCCESS,2023-05-29 00:00:00,2024-05-28 00:00:00,5,False,False,703549391.8053777,BELOW_PRIMARY_750
001266,SZ_MAIN,247,GARCH_SUCCESS,2023-06-12 00:00:00,2024-06-20 00:00:00,6,False,False,994773835.384744,BELOW_PRIMARY_750
001267,SZ_MAIN,243,GARCH_SUCCESS,2023-05-26 00:00:00,2024-05-29 00:00:00,6,False,False,4782322808.703698,BELOW_PRIMARY_750
001268,SZ_MAIN,268,GARCH_SUCCESS,2025-05-28 00:00:00,2026-07-06 00:00:00,6,False,False,1063801827.6440686,BELOW_PRIMARY_750
001269,SZ_MAIN,529,GARCH_SUCCESS,2024-06-18 00:00:00,2026-08-19 00:00:00,3,False,False,3154363515.747031,BELOW_PRIMARY_750
001277,SZ_MAIN,245,GARCH_SUCCESS,2025-05-12 00:00:00,2026-05-15 00:00:00,4,False,False,1162753203.744516,BELOW_PRIMARY_750
001278,SZ_MAIN,270,GARCH_SUCCESS,2025-07-11 00:00:00,2026-08-19 00:00:00,4,False,False,880486330.4758539,BELOW_PRIMARY_750
001279,SZ_MAIN,139,GARCH_SUCCESS,2024-10-14 00:00:00,2025-06-11 00:00:00,4,False,False,1535059425.5662568,BELOW_PRIMARY_750
001280,SZ_MAIN,117,GARCH_SUCCESS,2025-12-04 00:00:00,2026-07-03 00:00:00,2,False,False,12700482408.045883,BELOW_PRIMARY_750
001282,SZ_MAIN,250,GARCH_SUCCESS,2023-05-25 00:00:00,2024-07-08 00:00:00,6,False,False,1262116638.4932404,BELOW_PRIMARY_750
001283,SZ_MAIN,261,GARCH_SUCCESS,2023-05-18 00:00:00,2024-06-17 00:00:00,5,False,False,2832169138.3835964,BELOW_PRIMARY_750
001285,SZ_MAIN,63,GARCH_SUCCESS,2025-10-09 00:00:00,2026-02-06 00:00:00,2,False,False,2235996357.6287327,BELOW_PRIMARY_750
001286,SZ_MAIN,245,GARCH_SUCCESS,2023-06-19 00:00:00,2024-06-25 00:00:00,6,False,False,9311462348.540577,BELOW_PRIMARY_750
001287,SZ_MAIN,243,GARCH_SUCCESS,2025-06-10 00:00:00,2026-06-10 00:00:00,5,False,False,7744417400.879771,BELOW_PRIMARY_750
001288,SZ_MAIN,250,GARCH_SUCCESS,2023-04-24 00:00:00,2024-05-09 00:00:00,6,False,False,1831715090.6392603,BELOW_PRIMARY_750
001289,SZ_MAIN,247,GARCH_SUCCESS,2024-08-07 00:00:00,2025-08-14 00:00:00,7,False,False,26647718858.079823,BELOW_PRIMARY_750
001296,SZ_MAIN,237,GARCH_SUCCESS,2022-06-27 00:00:00,2023-06-15 00:00:00,8,False,False,1058068297.1823767,BELOW_PRIMARY_750
001298,SZ_MAIN,244,GARCH_SUCCESS,2023-05-24 00:00:00,2024-05-28 00:00:00,5,False,False,2611920137.9562483,BELOW_PRIMARY_750
001299,SZ_MAIN,358,GARCH_SUCCESS,2022-11-01 00:00:00,2024-05-27 00:00:00,5,False,False,1071185156.4495896,BELOW_PRIMARY_750
001300,SZ_MAIN,464,GARCH_SUCCESS,2023-07-24 00:00:00,2025-06-25 00:00:00,3,False,False,1371920532.7324853,BELOW_PRIMARY_750
001301,SZ_MAIN,271,GARCH_SUCCESS,2025-05-21 00:00:00,2026-07-02 00:00:00,5,False,False,7771260945.166892,BELOW_PRIMARY_750
001306,SZ_MAIN,275,GARCH_SUCCESS,2025-07-04 00:00:00,2026-08-19 00:00:00,4,False,False,1121805431.670418,BELOW_PRIMARY_750
001308,SZ_MAIN,256,GARCH_SUCCESS,2023-05-04 00:00:00,2024-05-24 00:00:00,7,False,False,3556829857.433503,BELOW_PRIMARY_750
001309,SZ_MAIN,289,GARCH_SUCCESS,2024-04-29 00:00:00,2025-07-09 00:00:00,5,False,False,12472772401.653055,BELOW_PRIMARY_750
001311,SZ_MAIN,241,GARCH_SUCCESS,2023-06-08 00:00:00,2024-06-07 00:00:00,5,False,False,2157917337.6418347,BELOW_PRIMARY_750
001313,SZ_MAIN,309,GARCH_SUCCESS,2024-06-20 00:00:00,2025-09-23 00:00:00,5,False,False,2733384170.4915724,BELOW_PRIMARY_750
001314,SZ_MAIN,256,GARCH_SUCCESS,2023-05-24 00:00:00,2024-06-14 00:00:00,5,False,False,2249768722.206938,BELOW_PRIMARY_750
001316,SZ_MAIN,229,GARCH_SUCCESS,2022-06-27 00:00:00,2023-07-06 00:00:00,6,False,False,1681541152.36258,BELOW_PRIMARY_750
001317,SZ_MAIN,281,GARCH_SUCCESS,2025-06-26 00:00:00,2026-08-19 00:00:00,5,False,False,1388864417.3666885,BELOW_PRIMARY_750
001318,SZ_MAIN,240,GARCH_SUCCESS,2022-05-23 00:00:00,2023-06-15 00:00:00,5,False,False,1722668955.3014553,BELOW_PRIMARY_750
001319,SZ_MAIN,240,GARCH_SUCCESS,2025-06-20 00:00:00,2026-06-17 00:00:00,6,False,False,1500846363.096591,BELOW_PRIMARY_750
001322,SZ_MAIN,245,GARCH_SUCCESS,2025-05-23 00:00:00,2026-05-28 00:00:00,5,False,False,2291982373.317313,BELOW_PRIMARY_750
001323,SZ_MAIN,244,GARCH_SUCCESS,2023-05-29 00:00:00,2024-05-31 00:00:00,9,False,False,2624881624.7447176,BELOW_PRIMARY_750
001324,SZ_MAIN,221,GARCH_SUCCESS,2024-06-28 00:00:00,2025-05-29 00:00:00,6,False,False,1268702620.274039,BELOW_PRIMARY_750
001325,SZ_MAIN,95,GARCH_SUCCESS,2025-12-19 00:00:00,2026-06-17 00:00:00,2,False,False,1068247384.6153846,BELOW_PRIMARY_750
001326,SZ_MAIN,253,GARCH_SUCCESS,2025-05-29 00:00:00,2026-06-15 00:00:00,5,False,False,865445826.3977114,BELOW_PRIMARY_750
001328,SZ_MAIN,243,GARCH_SUCCESS,2023-06-29 00:00:00,2024-07-01 00:00:00,5,False,False,1547952306.207074,BELOW_PRIMARY_750
001330,SZ_MAIN,948,GARCH_SUCCESS,2022-08-19 00:00:00,2026-08-19 00:00:00,1,True,False,5615449185.463025,PRIMARY_750_MEMBER
001331,SZ_MAIN,267,GARCH_SUCCESS,2023-06-08 00:00:00,2024-07-16 00:00:00,5,False,False,1816459641.6691008,BELOW_PRIMARY_750
001332,SZ_MAIN,252,GARCH_SUCCESS,2023-05-22 00:00:00,2024-06-05 00:00:00,8,False,False,1289343830.5547092,BELOW_PRIMARY_750
001333,SZ_MAIN,246,GARCH_SUCCESS,2023-06-08 00:00:00,2024-06-17 00:00:00,5,False,False,879363490.9090909,BELOW_PRIMARY_750
001335,SZ_MAIN,224,GARCH_SUCCESS,2025-07-17 00:00:00,2026-06-23 00:00:00,3,False,False,981915270.841628,BELOW_PRIMARY_750
001336,SZ_MAIN,263,GARCH_SUCCESS,2023-05-31 00:00:00,2024-07-02 00:00:00,7,False,False,725293956.2750272,BELOW_PRIMARY_750
001337,SZ_MAIN,240,GARCH_SUCCESS,2023-05-18 00:00:00,2024-05-16 00:00:00,6,False,False,6563076229.090909,BELOW_PRIMARY_750
001338,SZ_MAIN,244,GARCH_SUCCESS,2025-06-20 00:00:00,2026-06-24 00:00:00,5,False,False,2999050559.80893,BELOW_PRIMARY_750
001339,SZ_MAIN,262,GARCH_SUCCESS,2025-05-28 00:00:00,2026-06-26 00:00:00,6,False,False,3210269893.814689,BELOW_PRIMARY_750
001356,SZ_MAIN,243,GARCH_SUCCESS,2025-06-18 00:00:00,2026-06-18 00:00:00,3,False,False,1922365957.066343,BELOW_PRIMARY_750
001358,SZ_MAIN,242,GARCH_SUCCESS,2024-04-25 00:00:00,2025-04-25 00:00:00,4,False,False,1030876699.3281674,BELOW_PRIMARY_750
001359,SZ_MAIN,252,GARCH_SUCCESS,2024-06-11 00:00:00,2025-06-25 00:00:00,4,False,False,1875234669.872941,BELOW_PRIMARY_750
001360,SZ_MAIN,245,GARCH_SUCCESS,2023-04-11 00:00:00,2024-05-20 00:00:00,4,False,False,1187089281.3986845,BELOW_PRIMARY_750
001366,SZ_MAIN,540,GARCH_SUCCESS,2024-05-31 00:00:00,2026-08-19 00:00:00,3,False,False,750294982.8125,BELOW_PRIMARY_750
001367,SZ_MAIN,264,GARCH_SUCCESS,2023-04-11 00:00:00,2024-06-17 00:00:00,4,False,False,836181792.7783089,BELOW_PRIMARY_750
001368,SZ_MAIN,218,GARCH_SUCCESS,2023-06-02 00:00:00,2024-04-26 00:00:00,7,False,False,773519502.8175523,BELOW_PRIMARY_750
001369,SZ_MAIN,73,GARCH_SUCCESS,2025-12-31 00:00:00,2026-05-28 00:00:00,2,False,False,3163790820.1807227,BELOW_PRIMARY_750
001373,SZ_MAIN,290,GARCH_SUCCESS,2025-06-13 00:00:00,2026-08-19 00:00:00,4,False,False,894022106.0431548,BELOW_PRIMARY_750
001376,SZ_MAIN,203,GARCH_SUCCESS,2025-09-01 00:00:00,2026-07-08 00:00:00,7,False,False,2203075239.568418,BELOW_PRIMARY_750
001378,SZ_MAIN,117,GARCH_SUCCESS,2023-10-31 00:00:00,2024-05-28 00:00:00,6,False,False,1290265656.3382325,BELOW_PRIMARY_750
001379,SZ_MAIN,138,GARCH_SUCCESS,2025-11-05 00:00:00,2026-06-03 00:00:00,6,False,False,1269527274.4596744,BELOW_PRIMARY_750
001380,SZ_MAIN,261,GARCH_SUCCESS,2025-05-21 00:00:00,2026-06-17 00:00:00,6,False,False,1443194520.3274238,BELOW_PRIMARY_750
001382,SZ_MAIN,229,GARCH_SUCCESS,2025-06-13 00:00:00,2026-05-26 00:00:00,3,False,False,1317703607.430219,BELOW_PRIMARY_750
001386,SZ_MAIN,110,GARCH_SUCCESS,2025-12-19 00:00:00,2026-06-09 00:00:00,3,False,False,2272206190.66,BELOW_PRIMARY_750
001387,SZ_MAIN,218,GARCH_SUCCESS,2025-07-01 00:00:00,2026-05-27 00:00:00,5,False,False,1187352912.6179783,BELOW_PRIMARY_750
001388,SZ_MAIN,194,GARCH_SUCCESS,2025-09-22 00:00:00,2026-07-16 00:00:00,3,False,False,1389311501.4411595,BELOW_PRIMARY_750
001389,SZ_MAIN,268,GARCH_SUCCESS,2025-06-03 00:00:00,2026-07-09 00:00:00,4,False,False,7230490342.776409,BELOW_PRIMARY_750
001390,SZ_MAIN,247,GARCH_SUCCESS,2025-05-30 00:00:00,2026-07-08 00:00:00,2,False,False,1215343681.9694324,BELOW_PRIMARY_750
001391,SZ_MAIN,233,GARCH_SUCCESS,2025-07-14 00:00:00,2026-07-01 00:00:00,3,False,False,6522967606.761535,BELOW_PRIMARY_750
001395,SZ_MAIN,233,GARCH_SUCCESS,2025-06-27 00:00:00,2026-06-15 00:00:00,3,False,False,1123809173.9937131,BELOW_PRIMARY_750
001396,SZ_MAIN,77,GARCH_SUCCESS,2025-12-31 00:00:00,2026-06-03 00:00:00,2,False,False,1024196156.8395182,BELOW_PRIMARY_750
001400,SZ_MAIN,155,GARCH_SUCCESS,2025-09-29 00:00:00,2026-05-28 00:00:00,3,False,False,1412220218.7250996,BELOW_PRIMARY_750
001696,SZ_MAIN,242,GARCH_SUCCESS,2021-06-23 00:00:00,2022-06-23 00:00:00,7,False,False,10809047472.905369,BELOW_PRIMARY_750
001872,SZ_MAIN,270,GARCH_SUCCESS,2022-05-18 00:00:00,2023-06-27 00:00:00,7,False,False,26964525465.83015,BELOW_PRIMARY_750
001896,SZ_MAIN,1229,GARCH_SUCCESS,2021-06-25 00:00:00,2026-08-19 00:00:00,0,True,True,7637259741.904558,PRIMARY_750_MEMBER
001914,SZ_MAIN,270,GARCH_SUCCESS,2022-06-17 00:00:00,2023-07-26 00:00:00,9,False,False,12346551765.271248,BELOW_PRIMARY_750
001965,SZ_MAIN,250,GARCH_SUCCESS,2022-07-06 00:00:00,2023-07-17 00:00:00,7,False,False,51302101787.85648,BELOW_PRIMARY_750
001979,SZ_MAIN,289,GARCH_SUCCESS,2023-05-15 00:00:00,2024-07-22 00:00:00,7,False,False,90474227656.34167,BELOW_PRIMARY_750
002001,SZ_MAIN,256,GARCH_SUCCESS,2022-05-26 00:00:00,2023-06-13 00:00:00,9,False,False,66875111271.7198,BELOW_PRIMARY_750
002003,SZ_MAIN,249,GARCH_SUCCESS,2023-05-11 00:00:00,2024-05-22 00:00:00,9,False,False,9514448916.287497,BELOW_PRIMARY_750
002004,SZ_MAIN,314,GARCH_SUCCESS,2024-06-04 00:00:00,2025-09-15 00:00:00,7,False,False,9680343226.271786,BELOW_PRIMARY_750
002006,SZ_MAIN,816,GARCH_SUCCESS,2020-02-12 00:00:00,2023-06-20 00:00:00,4,True,False,8840761701.83749,PRIMARY_750_MEMBER
002007,SZ_MAIN,278,GARCH_SUCCESS,2020-04-28 00:00:00,2021-06-22 00:00:00,8,False,False,33713145801.98826,BELOW_PRIMARY_750
002008,SZ_MAIN,252,GARCH_SUCCESS,2022-05-05 00:00:00,2023-05-17 00:00:00,7,False,False,31524416085.668903,BELOW_PRIMARY_750
002009,SZ_MAIN,422,GARCH_SUCCESS,2024-10-21 00:00:00,2026-07-16 00:00:00,6,False,False,5823131572.913959,BELOW_PRIMARY_750
002010,SZ_MAIN,242,GARCH_SUCCESS,2023-06-20 00:00:00,2024-06-21 00:00:00,8,False,False,16499139974.30498,BELOW_PRIMARY_750
002011,SZ_MAIN,1004,GARCH_SUCCESS,2022-05-20 00:00:00,2026-08-10 00:00:00,1,True,True,10661177202.657478,PRIMARY_750_MEMBER
002012,SZ_MAIN,255,GARCH_SUCCESS,2020-05-20 00:00:00,2021-06-07 00:00:00,7,False,False,2537199741.877377,BELOW_PRIMARY_750
002014,SZ_MAIN,247,GARCH_SUCCESS,2024-04-15 00:00:00,2025-04-22 00:00:00,8,False,False,5490985715.694087,BELOW_PRIMARY_750
002015,SZ_MAIN,330,GARCH_SUCCESS,2020-02-12 00:00:00,2021-06-21 00:00:00,6,False,False,15270207323.938704,BELOW_PRIMARY_750
002016,SZ_MAIN,423,GARCH_SUCCESS,2022-07-20 00:00:00,2024-04-18 00:00:00,6,False,False,4715967868.256852,BELOW_PRIMARY_750
002017,SZ_MAIN,251,GARCH_SUCCESS,2021-06-07 00:00:00,2022-06-21 00:00:00,7,False,False,7071996816.688688,BELOW_PRIMARY_750
002019,SZ_MAIN,816,GARCH_SUCCESS,2021-05-18 00:00:00,2024-09-24 00:00:00,5,True,False,11605595594.743397,PRIMARY_750_MEMBER
002020,SZ_MAIN,249,GARCH_SUCCESS,2025-05-30 00:00:00,2026-06-10 00:00:00,7,False,False,8473056288.147064,BELOW_PRIMARY_750
002023,SZ_MAIN,967,GARCH_SUCCESS,2020-06-15 00:00:00,2024-06-12 00:00:00,2,True,False,7574625522.568536,PRIMARY_750_MEMBER
002025,SZ_MAIN,259,GARCH_SUCCESS,2024-06-17 00:00:00,2025-07-10 00:00:00,7,False,False,25522293116.64368,BELOW_PRIMARY_750
002026,SZ_MAIN,248,GARCH_SUCCESS,2020-06-08 00:00:00,2021-06-16 00:00:00,9,False,False,4951821244.545366,BELOW_PRIMARY_750
002027,SZ_MAIN,241,GARCH_SUCCESS,2020-07-08 00:00:00,2021-07-05 00:00:00,12,False,False,101159422217.94698,BELOW_PRIMARY_750
002028,SZ_MAIN,250,GARCH_SUCCESS,2020-06-10 00:00:00,2021-06-22 00:00:00,7,False,False,40198362344.091934,BELOW_PRIMARY_750
002029,SZ_MAIN,723,GARCH_SUCCESS,2021-06-25 00:00:00,2024-06-20 00:00:00,5,False,False,4518457187.412036,BELOW_PRIMARY_750
002030,SZ_MAIN,530,GARCH_SUCCESS,2024-06-17 00:00:00,2026-08-19 00:00:00,5,False,False,16432160425.986002,BELOW_PRIMARY_750
002031,SZ_MAIN,781,GARCH_SUCCESS,2023-06-01 00:00:00,2026-08-19 00:00:00,2,True,False,8265470413.68925,PRIMARY_750_MEMBER
002032,SZ_MAIN,241,GARCH_SUCCESS,2021-05-26 00:00:00,2022-05-25 00:00:00,8,False,False,40425419297.56816,BELOW_PRIMARY_750
002033,SZ_MAIN,521,GARCH_SUCCESS,2021-05-19 00:00:00,2023-07-11 00:00:00,6,False,False,4742734519.306774,BELOW_PRIMARY_750
002034,SZ_MAIN,243,GARCH_SUCCESS,2022-06-01 00:00:00,2023-05-31 00:00:00,10,False,False,7258913102.799229,BELOW_PRIMARY_750
002035,SZ_MAIN,243,GARCH_SUCCESS,2021-06-22 00:00:00,2022-06-23 00:00:00,8,False,False,5037292072.570732,BELOW_PRIMARY_750
002036,SZ_MAIN,591,GARCH_SUCCESS,2023-07-12 00:00:00,2025-12-17 00:00:00,4,False,False,12544802200.770187,BELOW_PRIMARY_750
002037,SZ_MAIN,974,GARCH_SUCCESS,2022-08-12 00:00:00,2026-08-19 00:00:00,3,True,False,3949578672.3298793,PRIMARY_750_MEMBER
002038,SZ_MAIN,252,GARCH_SUCCESS,2025-07-07 00:00:00,2026-07-21 00:00:00,7,False,False,7479956205.883429,BELOW_PRIMARY_750
002039,SZ_MAIN,243,GARCH_SUCCESS,2022-06-17 00:00:00,2023-06-15 00:00:00,9,False,False,6365210194.832582,BELOW_PRIMARY_750
002040,SZ_MAIN,254,GARCH_SUCCESS,2024-07-02 00:00:00,2025-07-18 00:00:00,7,False,False,3539360199.147064,BELOW_PRIMARY_750
002041,SZ_MAIN,490,GARCH_SUCCESS,2022-05-20 00:00:00,2024-05-28 00:00:00,5,False,False,13219008849.557522,BELOW_PRIMARY_750
002042,SZ_MAIN,524,GARCH_SUCCESS,2022-09-22 00:00:00,2024-11-25 00:00:00,5,False,False,6951936081.699766,BELOW_PRIMARY_750
002043,SZ_MAIN,242,GARCH_SUCCESS,2022-06-09 00:00:00,2023-06-06 00:00:00,9,False,False,7812936135.485246,BELOW_PRIMARY_750
002044,SZ_MAIN,1066,GARCH_SUCCESS,2020-02-12 00:00:00,2024-07-03 00:00:00,3,True,True,23613515337.728897,PRIMARY_750_MEMBER
002045,SZ_MAIN,1403,GARCH_SUCCESS,2020-07-15 00:00:00,2026-06-02 00:00:00,2,True,True,6869395245.467072,PRIMARY_750_MEMBER
002046,SZ_MAIN,243,GARCH_SUCCESS,2020-06-30 00:00:00,2021-06-29 00:00:00,7,False,False,8498092754.673789,BELOW_PRIMARY_750
002048,SZ_MAIN,266,GARCH_SUCCESS,2024-06-11 00:00:00,2025-07-15 00:00:00,8,False,False,10502108284.010958,BELOW_PRIMARY_750
002049,SZ_MAIN,439,GARCH_SUCCESS,2022-08-25 00:00:00,2024-06-21 00:00:00,6,False,False,81999689945.21689,BELOW_PRIMARY_750
002050,SZ_MAIN,239,GARCH_SUCCESS,2021-05-13 00:00:00,2022-05-10 00:00:00,12,False,False,98174036509.3002,BELOW_PRIMARY_750
002051,SZ_MAIN,434,GARCH_SUCCESS,2020-08-07 00:00:00,2022-05-26 00:00:00,6,False,False,10122112246.44568,BELOW_PRIMARY_750
002053,SZ_MAIN,454,GARCH_SUCCESS,2020-06-19 00:00:00,2022-05-09 00:00:00,6,False,False,8886508100.688023,BELOW_PRIMARY_750
002054,SZ_MAIN,252,GARCH_SUCCESS,2021-04-12 00:00:00,2022-04-26 00:00:00,7,False,False,2777275107.881665,BELOW_PRIMARY_750
002056,SZ_MAIN,250,GARCH_SUCCESS,2024-05-17 00:00:00,2025-05-29 00:00:00,8,False,False,26872537930.66388,BELOW_PRIMARY_750
002057,SZ_MAIN,250,GARCH_SUCCESS,2023-06-12 00:00:00,2024-06-25 00:00:00,9,False,False,6542546263.874537,BELOW_PRIMARY_750
002059,SZ_MAIN,1233,GARCH_SUCCESS,2021-07-20 00:00:00,2026-08-19 00:00:00,2,True,True,5096014658.74453,PRIMARY_750_MEMBER
002060,SZ_MAIN,261,GARCH_SUCCESS,2023-05-10 00:00:00,2024-06-06 00:00:00,7,False,False,6625475127.632506,BELOW_PRIMARY_750
002061,SZ_MAIN,268,GARCH_SUCCESS,2020-06-04 00:00:00,2021-07-12 00:00:00,7,False,False,9970942174.859436,BELOW_PRIMARY_750
002062,SZ_MAIN,257,GARCH_SUCCESS,2021-05-28 00:00:00,2022-07-19 00:00:00,7,False,False,5561057917.681853,BELOW_PRIMARY_750
002063,SZ_MAIN,246,GARCH_SUCCESS,2023-07-04 00:00:00,2024-07-09 00:00:00,7,False,False,10371236084.405125,BELOW_PRIMARY_750
002064,SZ_MAIN,252,GARCH_SUCCESS,2023-06-19 00:00:00,2024-07-04 00:00:00,8,False,False,32760921057.998417,BELOW_PRIMARY_750
002065,SZ_MAIN,242,GARCH_SUCCESS,2024-07-10 00:00:00,2025-07-10 00:00:00,7,False,False,21325129679.91143,BELOW_PRIMARY_750
002066,SZ_MAIN,496,GARCH_SUCCESS,2021-04-19 00:00:00,2023-06-06 00:00:00,3,False,False,2705309436.6203947,BELOW_PRIMARY_750
002067,SZ_MAIN,1002,GARCH_SUCCESS,2020-05-29 00:00:00,2024-07-16 00:00:00,3,True,True,4249602256.663364,PRIMARY_750_MEMBER
002068,SZ_MAIN,1165,GARCH_SUCCESS,2021-11-02 00:00:00,2026-08-19 00:00:00,2,True,True,7578572648.905414,PRIMARY_750_MEMBER
002073,SZ_MAIN,807,GARCH_SUCCESS,2020-02-12 00:00:00,2023-06-07 00:00:00,5,True,False,6843775662.605542,PRIMARY_750_MEMBER
002074,SZ_MAIN,474,GARCH_SUCCESS,2020-06-01 00:00:00,2022-06-16 00:00:00,4,False,False,43799193263.45712,BELOW_PRIMARY_750
002075,SZ_MAIN,249,GARCH_SUCCESS,2022-06-09 00:00:00,2023-06-15 00:00:00,9,False,False,11889925714.658566,BELOW_PRIMARY_750
002078,SZ_MAIN,244,GARCH_SUCCESS,2023-07-10 00:00:00,2024-07-11 00:00:00,9,False,False,35642332627.74873,BELOW_PRIMARY_750
002079,SZ_MAIN,273,GARCH_SUCCESS,2021-04-28 00:00:00,2022-06-16 00:00:00,7,False,False,9071018433.680073,BELOW_PRIMARY_750
002080,SZ_MAIN,242,GARCH_SUCCESS,2021-05-31 00:00:00,2022-05-31 00:00:00,7,False,False,39472085810.52551,BELOW_PRIMARY_750
002081,SZ_MAIN,485,GARCH_SUCCESS,2021-06-04 00:00:00,2023-06-05 00:00:00,6,False,False,12328609562.469309,BELOW_PRIMARY_750
002083,SZ_MAIN,480,GARCH_SUCCESS,2022-05-26 00:00:00,2024-05-20 00:00:00,6,False,False,4665767605.833081,BELOW_PRIMARY_750
002084,SZ_MAIN,518,GARCH_SUCCESS,2024-06-27 00:00:00,2026-08-14 00:00:00,4,False,False,2591972939.56683,BELOW_PRIMARY_750
002085,SZ_MAIN,457,GARCH_SUCCESS,2021-07-19 00:00:00,2023-06-07 00:00:00,7,False,False,21591182629.68576,BELOW_PRIMARY_750
002088,SZ_MAIN,252,GARCH_SUCCESS,2025-06-16 00:00:00,2026-06-30 00:00:00,9,False,False,7578635987.305424,BELOW_PRIMARY_750
002090,SZ_MAIN,246,GARCH_SUCCESS,2023-06-19 00:00:00,2024-06-26 00:00:00,9,False,False,4069583573.768638,BELOW_PRIMARY_750
002091,SZ_MAIN,253,GARCH_SUCCESS,2023-06-01 00:00:00,2024-06-19 00:00:00,10,False,False,13722393539.907522,BELOW_PRIMARY_750
002093,SZ_MAIN,241,GARCH_SUCCESS,2020-07-13 00:00:00,2021-07-08 00:00:00,10,False,False,8009562695.225664,BELOW_PRIMARY_750
002094,SZ_MAIN,1584,GARCH_SUCCESS,2020-02-12 00:00:00,2026-08-19 00:00:00,0,True,True,3304950620.5186725,PRIMARY_750_MEMBER
002095,SZ_MAIN,461,GARCH_SUCCESS,2021-07-26 00:00:00,2023-06-20 00:00:00,6,False,False,4333695564.115881,BELOW_PRIMARY_750
002096,SZ_MAIN,289,GARCH_SUCCESS,2024-05-20 00:00:00,2025-07-25 00:00:00,8,False,False,6091118389.473214,BELOW_PRIMARY_750
002097,SZ_MAIN,749,GARCH_SUCCESS,2021-06-15 00:00:00,2024-07-16 00:00:00,5,False,False,8380446700.801504,BELOW_PRIMARY_750
002098,SZ_MAIN,1067,GARCH_SUCCESS,2020-02-12 00:00:00,2024-07-04 00:00:00,3,True,True,2558902165.315768,PRIMARY_750_MEMBER
002099,SZ_MAIN,786,GARCH_SUCCESS,2023-05-25 00:00:00,2026-08-19 00:00:00,4,True,False,11069578892.372978,PRIMARY_750_MEMBER
002100,SZ_MAIN,489,GARCH_SUCCESS,2021-06-10 00:00:00,2023-06-15 00:00:00,5,False,False,10486408534.151142,BELOW_PRIMARY_750
002101,SZ_MAIN,467,GARCH_SUCCESS,2022-07-28 00:00:00,2024-07-03 00:00:00,5,False,False,8187446749.44029,BELOW_PRIMARY_750
002103,SZ_MAIN,1584,GARCH_SUCCESS,2020-02-12 00:00:00,2026-08-19 00:00:00,0,True,True,2622960992.1959133,PRIMARY_750_MEMBER
002104,SZ_MAIN,671,GARCH_SUCCESS,2021-10-22 00:00:00,2024-07-26 00:00:00,4,False,False,5755665727.10568,BELOW_PRIMARY_750
002105,SZ_MAIN,528,GARCH_SUCCESS,2024-06-19 00:00:00,2026-08-19 00:00:00,5,False,False,2545367474.860016,BELOW_PRIMARY_750
002106,SZ_MAIN,267,GARCH_SUCCESS,2022-05-06 00:00:00,2023-06-08 00:00:00,7,False,False,6972611553.968351,BELOW_PRIMARY_750
002107,SZ_MAIN,534,GARCH_SUCCESS,2022-03-09 00:00:00,2024-05-23 00:00:00,7,False,False,3453572263.7632985,BELOW_PRIMARY_750
002108,SZ_MAIN,260,GARCH_SUCCESS,2025-05-28 00:00:00,2026-06-24 00:00:00,7,False,False,7424054682.2724285,BELOW_PRIMARY_750
002110,SZ_MAIN,743,GARCH_SUCCESS,2023-06-19 00:00:00,2026-07-15 00:00:00,5,False,False,12207399766.74844,BELOW_PRIMARY_750
002111,SZ_MAIN,260,GARCH_SUCCESS,2020-06-11 00:00:00,2021-07-07 00:00:00,10,False,False,4980038445.829606,BELOW_PRIMARY_750
002112,SZ_MAIN,576,GARCH_SUCCESS,2020-02-12 00:00:00,2022-06-27 00:00:00,5,False,False,2673460279.1424217,BELOW_PRIMARY_750
002114,SZ_MAIN,1282,GARCH_SUCCESS,2020-02-12 00:00:00,2025-05-27 00:00:00,0,True,True,2281184248.907627,PRIMARY_750_MEMBER
002115,SZ_MAIN,1340,GARCH_SUCCESS,2021-01-07 00:00:00,2026-08-19 00:00:00,1,True,True,4895431450.150008,PRIMARY_750_MEMBER
002116,SZ_MAIN,261,GARCH_SUCCESS,2023-05-30 00:00:00,2024-06-27 00:00:00,7,False,False,4219809291.326291,BELOW_PRIMARY_750
002117,SZ_MAIN,257,GARCH_SUCCESS,2021-04-30 00:00:00,2022-05-26 00:00:00,8,False,False,4937066847.779284,BELOW_PRIMARY_750
002119,SZ_MAIN,260,GARCH_SUCCESS,2020-06-12 00:00:00,2021-07-08 00:00:00,7,False,False,5336858928.849558,BELOW_PRIMARY_750
002120,SZ_MAIN,264,GARCH_SUCCESS,2020-06-15 00:00:00,2021-07-15 00:00:00,7,False,False,31705447772.682823,BELOW_PRIMARY_750
002123,SZ_MAIN,967,GARCH_SUCCESS,2020-02-12 00:00:00,2024-01-30 00:00:00,1,True,False,9032345440.926424,PRIMARY_750_MEMBER
002125,SZ_MAIN,306,GARCH_SUCCESS,2020-02-12 00:00:00,2021-05-17 00:00:00,6,False,False,7488563200.093605,BELOW_PRIMARY_750
002126,SZ_MAIN,267,GARCH_SUCCESS,2021-05-19 00:00:00,2022-06-24 00:00:00,7,False,False,14930067846.083324,BELOW_PRIMARY_750
002127,SZ_MAIN,481,GARCH_SUCCESS,2022-06-06 00:00:00,2024-05-29 00:00:00,6,False,False,9380361283.170883,BELOW_PRIMARY_750
002128,SZ_MAIN,253,GARCH_SUCCESS,2020-06-29 00:00:00,2021-07-12 00:00:00,9,False,False,35139311278.0819,BELOW_PRIMARY_750
002129,SZ_MAIN,513,GARCH_SUCCESS,2024-07-10 00:00:00,2026-08-19 00:00:00,5,False,False,85996215756.18867,BELOW_PRIMARY_750
002130,SZ_MAIN,295,GARCH_SUCCESS,2021-03-22 00:00:00,2022-06-10 00:00:00,7,False,False,15693176475.479565,BELOW_PRIMARY_750
002131,SZ_MAIN,723,GARCH_SUCCESS,2021-06-09 00:00:00,2024-06-04 00:00:00,6,False,False,17499244762.83752,BELOW_PRIMARY_750
002132,SZ_MAIN,421,GARCH_SUCCESS,2021-09-16 00:00:00,2023-06-16 00:00:00,6,False,False,5360731149.333476,BELOW_PRIMARY_750
002133,SZ_MAIN,308,GARCH_SUCCESS,2024-07-08 00:00:00,2025-10-16 00:00:00,6,False,False,2449853329.960925,BELOW_PRIMARY_750
002134,SZ_MAIN,1584,GARCH_SUCCESS,2020-02-12 00:00:00,2026-08-19 00:00:00,0,True,True,3188973839.014642,PRIMARY_750_MEMBER
002135,SZ_MAIN,256,GARCH_SUCCESS,2021-04-30 00:00:00,2022-05-25 00:00:00,7,False,False,6651680628.492003,BELOW_PRIMARY_750
002136,SZ_MAIN,530,GARCH_SUCCESS,2024-06-17 00:00:00,2026-08-19 00:00:00,5,False,False,2728543182.5526185,BELOW_PRIMARY_750
002137,SZ_MAIN,1522,GARCH_SUCCESS,2020-02-12 00:00:00,2026-05-25 00:00:00,1,True,True,2641959313.311392,PRIMARY_750_MEMBER
002138,SZ_MAIN,253,GARCH_SUCCESS,2021-04-01 00:00:00,2022-04-19 00:00:00,7,False,False,21785437168.93232,BELOW_PRIMARY_750
002139,SZ_MAIN,254,GARCH_SUCCESS,2021-04-12 00:00:00,2022-04-28 00:00:00,7,False,False,13055132354.316202,BELOW_PRIMARY_750
002140,SZ_MAIN,255,GARCH_SUCCESS,2021-05-27 00:00:00,2022-06-16 00:00:00,8,False,False,5526030849.079639,BELOW_PRIMARY_750
002142,SZ_MAIN,244,GARCH_SUCCESS,2024-07-11 00:00:00,2025-07-15 00:00:00,9,False,False,187850906129.35345,BELOW_PRIMARY_750
002144,SZ_MAIN,255,GARCH_SUCCESS,2022-06-02 00:00:00,2023-06-19 00:00:00,7,False,False,1479058929.0670877,BELOW_PRIMARY_750
002145,SZ_MAIN,278,GARCH_SUCCESS,2025-04-15 00:00:00,2026-06-09 00:00:00,8,False,False,17493853330.25333,BELOW_PRIMARY_750
002146,SZ_MAIN,753,GARCH_SUCCESS,2023-06-12 00:00:00,2026-08-19 00:00:00,2,True,False,9892228891.113934,PRIMARY_750_MEMBER
002148,SZ_MAIN,315,GARCH_SUCCESS,2020-02-12 00:00:00,2021-05-28 00:00:00,5,False,False,2757463412.985535,BELOW_PRIMARY_750
002149,SZ_MAIN,258,GARCH_SUCCESS,2021-06-21 00:00:00,2022-07-13 00:00:00,9,False,False,8973055382.275011,BELOW_PRIMARY_750
002150,SZ_MAIN,356,GARCH_SUCCESS,2022-11-24 00:00:00,2024-06-18 00:00:00,6,False,False,4818587693.981953,BELOW_PRIMARY_750
002151,SZ_MAIN,570,GARCH_SUCCESS,2020-02-12 00:00:00,2022-06-17 00:00:00,2,False,False,13654096427.233402,BELOW_PRIMARY_750
002152,SZ_MAIN,239,GARCH_SUCCESS,2022-06-16 00:00:00,2023-06-08 00:00:00,8,False,False,28195624428.12398,BELOW_PRIMARY_750
002153,SZ_MAIN,250,GARCH_SUCCESS,2022-06-09 00:00:00,2023-06-16 00:00:00,7,False,False,17047705092.75166,BELOW_PRIMARY_750
002154,SZ_MAIN,318,GARCH_SUCCESS,2020-02-12 00:00:00,2021-06-02 00:00:00,9,False,False,5424425548.927683,BELOW_PRIMARY_750
002155,SZ_MAIN,470,GARCH_SUCCESS,2020-06-29 00:00:00,2022-06-07 00:00:00,6,False,False,20220394354.15691,BELOW_PRIMARY_750
002156,SZ_MAIN,467,GARCH_SUCCESS,2021-06-24 00:00:00,2023-05-29 00:00:00,5,False,False,35172256832.92971,BELOW_PRIMARY_750
002158,SZ_MAIN,244,GARCH_SUCCESS,2022-06-09 00:00:00,2023-06-08 00:00:00,7,False,False,11922970760.221037,BELOW_PRIMARY_750
002159,SZ_MAIN,718,GARCH_SUCCESS,2020-02-12 00:00:00,2023-01-20 00:00:00,4,False,False,1938515324.4407835,BELOW_PRIMARY_750
002160,SZ_MAIN,1072,GARCH_SUCCESS,2021-11-30 00:00:00,2026-06-08 00:00:00,0,True,True,3390857139.9907346,PRIMARY_750_MEMBER
002161,SZ_MAIN,1034,GARCH_SUCCESS,2020-02-12 00:00:00,2024-05-17 00:00:00,3,True,True,4029583438.003894,PRIMARY_750_MEMBER
002162,SZ_MAIN,1584,GARCH_SUCCESS,2020-02-12 00:00:00,2026-08-19 00:00:00,0,True,True,3999240286.2018666,PRIMARY_750_MEMBER
002163,SZ_MAIN,1584,GARCH_SUCCESS,2020-02-12 00:00:00,2026-08-19 00:00:00,0,True,True,9026247702.63174,PRIMARY_750_MEMBER
002164,SZ_MAIN,1584,GARCH_SUCCESS,2020-02-12 00:00:00,2026-08-19 00:00:00,0,True,True,3362045067.431818,PRIMARY_750_MEMBER
002165,SZ_MAIN,339,GARCH_SUCCESS,2020-05-22 00:00:00,2021-10-15 00:00:00,8,False,False,3962597307.200812,BELOW_PRIMARY_750
002166,SZ_MAIN,475,GARCH_SUCCESS,2021-05-26 00:00:00,2023-05-11 00:00:00,6,False,False,4376751580.492068,BELOW_PRIMARY_750
002167,SZ_MAIN,1584,GARCH_SUCCESS,2020-02-12 00:00:00,2026-08-19 00:00:00,0,True,True,5728318717.022824,PRIMARY_750_MEMBER
002169,SZ_MAIN,261,GARCH_SUCCESS,2022-06-17 00:00:00,2023-07-13 00:00:00,7,False,False,6304506227.667248,BELOW_PRIMARY_750
002170,SZ_MAIN,253,GARCH_SUCCESS,2023-06-21 00:00:00,2024-07-09 00:00:00,8,False,False,5302066545.370805,BELOW_PRIMARY_750
002171,SZ_MAIN,383,GARCH_SUCCESS,2024-11-04 00:00:00,2026-06-04 00:00:00,7,False,False,12134693311.559116,BELOW_PRIMARY_750
002172,SZ_MAIN,1355,GARCH_SUCCESS,2020-02-12 00:00:00,2025-09-08 00:00:00,0,True,True,2946383406.319289,PRIMARY_750_MEMBER
002173,SZ_MAIN,1584,GARCH_SUCCESS,2020-02-12 00:00:00,2026-08-19 00:00:00,0,True,True,4213694262.577732,PRIMARY_750_MEMBER
002174,SZ_MAIN,953,GARCH_SUCCESS,2020-08-26 00:00:00,2024-08-01 00:00:00,3,True,False,10473678904.49132,PRIMARY_750_MEMBER
002178,SZ_MAIN,1584,GARCH_SUCCESS,2020-02-12 00:00:00,2026-08-19 00:00:00,0,True,True,3607589118.634239,PRIMARY_750_MEMBER
002179,SZ_MAIN,258,GARCH_SUCCESS,2024-05-22 00:00:00,2025-06-16 00:00:00,7,False,False,84503731674.8608,BELOW_PRIMARY_750
002180,SZ_MAIN,765,GARCH_SUCCESS,2023-06-27 00:00:00,2026-08-19 00:00:00,4,True,False,39310157083.78447,PRIMARY_750_MEMBER
002181,SZ_MAIN,267,GARCH_SUCCESS,2022-07-20 00:00:00,2023-08-23 00:00:00,7,False,False,6260811011.374673,BELOW_PRIMARY_750
002182,SZ_MAIN,294,GARCH_SUCCESS,2025-06-09 00:00:00,2026-08-19 00:00:00,6,False,False,10979738075.933844,BELOW_PRIMARY_750
002183,SZ_MAIN,272,GARCH_SUCCESS,2025-07-09 00:00:00,2026-08-19 00:00:00,6,False,False,12630740801.070627,BELOW_PRIMARY_750
002184,SZ_MAIN,495,GARCH_SUCCESS,2024-08-05 00:00:00,2026-08-19 00:00:00,5,False,False,3062089297.639142,BELOW_PRIMARY_750
002185,SZ_MAIN,247,GARCH_SUCCESS,2021-06-21 00:00:00,2022-06-28 00:00:00,7,False,False,32106336925.610447,BELOW_PRIMARY_750
002186,SZ_MAIN,852,GARCH_SUCCESS,2023-01-11 00:00:00,2026-08-19 00:00:00,1,True,False,3319671710.536576,PRIMARY_750_MEMBER
002187,SZ_MAIN,479,GARCH_SUCCESS,2022-06-20 00:00:00,2024-06-11 00:00:00,5,False,False,3358020711.096412,BELOW_PRIMARY_750
002189,SZ_MAIN,995,GARCH_SUCCESS,2022-07-14 00:00:00,2026-08-19 00:00:00,3,True,False,4630217455.082252,PRIMARY_750_MEMBER
002191,SZ_MAIN,488,GARCH_SUCCESS,2024-08-14 00:00:00,2026-08-19 00:00:00,5,False,False,10070438307.559162,BELOW_PRIMARY_750
002194,SZ_MAIN,308,GARCH_SUCCESS,2025-05-19 00:00:00,2026-08-19 00:00:00,6,False,False,5730602113.412825,BELOW_PRIMARY_750
002195,SZ_MAIN,487,GARCH_SUCCESS,2024-05-27 00:00:00,2026-06-01 00:00:00,5,False,False,21016619753.525585,BELOW_PRIMARY_750
002196,SZ_MAIN,913,GARCH_SUCCESS,2022-10-17 00:00:00,2026-08-19 00:00:00,0,True,False,4035783851.130388,PRIMARY_750_MEMBER
002201,SZ_MAIN,263,GARCH_SUCCESS,2023-06-27 00:00:00,2024-07-25 00:00:00,8,False,False,6385831165.019308,BELOW_PRIMARY_750
002202,SZ_MAIN,245,GARCH_SUCCESS,2020-08-13 00:00:00,2021-08-16 00:00:00,7,False,False,42274993233.6346,BELOW_PRIMARY_750
002203,SZ_MAIN,249,GARCH_SUCCESS,2023-07-06 00:00:00,2024-07-16 00:00:00,8,False,False,21803657927.28011,BELOW_PRIMARY_750
002204,SZ_MAIN,265,GARCH_SUCCESS,2021-06-15 00:00:00,2022-07-18 00:00:00,7,False,False,9903406714.04486,BELOW_PRIMARY_750
002205,SZ_MAIN,996,GARCH_SUCCESS,2022-07-13 00:00:00,2026-08-19 00:00:00,3,True,False,1879918627.784296,PRIMARY_750_MEMBER
002206,SZ_MAIN,258,GARCH_SUCCESS,2023-05-08 00:00:00,2024-05-30 00:00:00,7,False,False,5388262304.672534,BELOW_PRIMARY_750
002208,SZ_MAIN,438,GARCH_SUCCESS,2024-09-26 00:00:00,2026-08-19 00:00:00,5,False,False,5496038044.538556,BELOW_PRIMARY_750
002209,SZ_MAIN,506,GARCH_SUCCESS,2021-06-18 00:00:00,2023-07-19 00:00:00,5,False,False,1518004186.223218,BELOW_PRIMARY_750
002212,SZ_MAIN,572,GARCH_SUCCESS,2022-06-17 00:00:00,2024-10-28 00:00:00,4,False,False,12155922412.31583,BELOW_PRIMARY_750
002213,SZ_MAIN,943,GARCH_SUCCESS,2021-07-01 00:00:00,2025-05-26 00:00:00,2,True,False,3274504099.030185,PRIMARY_750_MEMBER
002215,SZ_MAIN,253,GARCH_SUCCESS,2020-06-01 00:00:00,2021-06-16 00:00:00,7,False,False,6144826623.509501,BELOW_PRIMARY_750
002216,SZ_MAIN,249,GARCH_SUCCESS,2022-05-30 00:00:00,2023-06-06 00:00:00,7,False,False,9134372416.618229,BELOW_PRIMARY_750
002218,SZ_MAIN,338,GARCH_SUCCESS,2020-07-28 00:00:00,2021-12-16 00:00:00,6,False,False,6337473400.303025,BELOW_PRIMARY_750
002221,SZ_MAIN,996,GARCH_SUCCESS,2022-07-13 00:00:00,2026-08-19 00:00:00,3,True,False,14144097873.634384,PRIMARY_750_MEMBER
002222,SZ_MAIN,245,GARCH_SUCCESS,2022-06-13 00:00:00,2023-06-13 00:00:00,10,False,False,12661858626.990732,BELOW_PRIMARY_750
002223,SZ_MAIN,245,GARCH_SUCCESS,2022-05-25 00:00:00,2023-05-26 00:00:00,10,False,False,31461596119.573128,BELOW_PRIMARY_750
002224,SZ_MAIN,245,GARCH_SUCCESS,2025-06-11 00:00:00,2026-06-15 00:00:00,7,False,False,3029752968.5787373,BELOW_PRIMARY_750
002225,SZ_MAIN,284,GARCH_SUCCESS,2021-05-06 00:00:00,2022-07-06 00:00:00,7,False,False,3855608723.687233,BELOW_PRIMARY_750
002226,SZ_MAIN,246,GARCH_SUCCESS,2025-06-27 00:00:00,2026-07-03 00:00:00,8,False,False,10397011669.175224,BELOW_PRIMARY_750
002228,SZ_MAIN,277,GARCH_SUCCESS,2024-06-07 00:00:00,2025-07-29 00:00:00,8,False,False,4124087704.665478,BELOW_PRIMARY_750
002229,SZ_MAIN,1584,GARCH_SUCCESS,2020-02-12 00:00:00,2026-08-19 00:00:00,0,True,True,7293502744.4188175,PRIMARY_750_MEMBER
002230,SZ_MAIN,257,GARCH_SUCCESS,2022-06-14 00:00:00,2023-07-04 00:00:00,7,False,False,103767681530.3577,BELOW_PRIMARY_750
002232,SZ_MAIN,252,GARCH_SUCCESS,2021-06-03 00:00:00,2022-06-20 00:00:00,7,False,False,6557077804.589984,BELOW_PRIMARY_750
002233,SZ_MAIN,241,GARCH_SUCCESS,2021-04-29 00:00:00,2022-04-28 00:00:00,8,False,False,10208479292.3982,BELOW_PRIMARY_750
002234,SZ_MAIN,1269,GARCH_SUCCESS,2021-05-28 00:00:00,2026-08-19 00:00:00,2,True,True,3619387924.764746,PRIMARY_750_MEMBER
002235,SZ_MAIN,1408,GARCH_SUCCESS,2020-02-12 00:00:00,2025-11-28 00:00:00,0,True,True,3503409464.127787,PRIMARY_750_MEMBER
002236,SZ_MAIN,254,GARCH_SUCCESS,2021-05-13 00:00:00,2022-05-31 00:00:00,10,False,False,36649346566.18143,BELOW_PRIMARY_750
002237,SZ_MAIN,498,GARCH_SUCCESS,2022-05-23 00:00:00,2024-06-11 00:00:00,6,False,False,11056230659.614391,BELOW_PRIMARY_750
002238,SZ_MAIN,270,GARCH_SUCCESS,2025-07-11 00:00:00,2026-08-19 00:00:00,6,False,False,6248333056.631053,BELOW_PRIMARY_750
002239,SZ_MAIN,554,GARCH_SUCCESS,2022-02-21 00:00:00,2024-07-04 00:00:00,4,False,False,9708107749.670927,BELOW_PRIMARY_750
002240,SZ_MAIN,561,GARCH_SUCCESS,2024-04-29 00:00:00,2026-08-19 00:00:00,3,False,False,24772050910.594013,BELOW_PRIMARY_750
002241,SZ_MAIN,245,GARCH_SUCCESS,2022-05-27 00:00:00,2023-05-30 00:00:00,10,False,False,82517582655.5415,BELOW_PRIMARY_750
002242,SZ_MAIN,271,GARCH_SUCCESS,2020-06-01 00:00:00,2021-07-12 00:00:00,8,False,False,11707046542.76255,BELOW_PRIMARY_750
002243,SZ_MAIN,260,GARCH_SUCCESS,2020-04-29 00:00:00,2021-05-27 00:00:00,7,False,False,8423282130.028867,BELOW_PRIMARY_750
002244,SZ_MAIN,264,GARCH_SUCCESS,2021-06-07 00:00:00,2022-07-08 00:00:00,9,False,False,22465929154.797462,BELOW_PRIMARY_750
002245,SZ_MAIN,294,GARCH_SUCCESS,2022-04-22 00:00:00,2023-07-10 00:00:00,7,False,False,15422271300.5428,BELOW_PRIMARY_750
002246,SZ_MAIN,263,GARCH_SUCCESS,2020-06-09 00:00:00,2021-07-08 00:00:00,9,False,False,6019051220.268849,BELOW_PRIMARY_750
002248,SZ_MAIN,1584,GARCH_SUCCESS,2020-02-12 00:00:00,2026-08-19 00:00:00,0,True,True,2689664185.772679,PRIMARY_750_MEMBER
002249,SZ_MAIN,346,GARCH_SUCCESS,2020-02-12 00:00:00,2021-07-13 00:00:00,12,False,False,11487766247.427546,BELOW_PRIMARY_750
002250,SZ_MAIN,255,GARCH_SUCCESS,2020-07-13 00:00:00,2021-07-28 00:00:00,8,False,False,12002620741.668133,BELOW_PRIMARY_750
002252,SZ_MAIN,243,GARCH_SUCCESS,2021-07-05 00:00:00,2022-07-06 00:00:00,9,False,False,40627621644.60781,BELOW_PRIMARY_750
002254,SZ_MAIN,269,GARCH_SUCCESS,2023-04-24 00:00:00,2024-06-05 00:00:00,6,False,False,8723575745.423355,BELOW_PRIMARY_750
002258,SZ_MAIN,500,GARCH_SUCCESS,2023-04-21 00:00:00,2025-05-20 00:00:00,6,False,False,11497161769.250517,BELOW_PRIMARY_750
002261,SZ_MAIN,1584,GARCH_SUCCESS,2020-02-12 00:00:00,2026-08-19 00:00:00,0,True,True,18777924251.439312,PRIMARY_750_MEMBER
002262,SZ_MAIN,248,GARCH_SUCCESS,2023-05-04 00:00:00,2024-05-14 00:00:00,7,False,False,18826084218.41777,BELOW_PRIMARY_750
002264,SZ_MAIN,1366,GARCH_SUCCESS,2020-02-12 00:00:00,2025-09-23 00:00:00,2,True,True,3831914828.464698,PRIMARY_750_MEMBER
002265,SZ_MAIN,897,GARCH_SUCCESS,2022-09-20 00:00:00,2026-07-09 00:00:00,1,True,False,6947411809.577174,PRIMARY_750_MEMBER
002266,SZ_MAIN,243,GARCH_SUCCESS,2022-06-14 00:00:00,2023-06-12 00:00:00,7,False,False,16188362064.20844,BELOW_PRIMARY_750
002267,SZ_MAIN,272,GARCH_SUCCESS,2020-06-17 00:00:00,2021-07-29 00:00:00,9,False,False,8390516729.383589,BELOW_PRIMARY_750
002268,SZ_MAIN,246,GARCH_SUCCESS,2023-07-13 00:00:00,2024-07-18 00:00:00,7,False,False,22043115050.659275,BELOW_PRIMARY_750
002269,SZ_MAIN,1584,GARCH_SUCCESS,2020-02-12 00:00:00,2026-08-19 00:00:00,0,True,True,5049663046.252615,PRIMARY_750_MEMBER
002270,SZ_MAIN,172,GARCH_SUCCESS,2020-09-17 00:00:00,2021-06-08 00:00:00,16,False,False,11232987322.422888,BELOW_PRIMARY_750
002271,SZ_MAIN,241,GARCH_SUCCESS,2023-05-22 00:00:00,2024-05-21 00:00:00,9,False,False,52377907093.4838,BELOW_PRIMARY_750
002272,SZ_MAIN,549,GARCH_SUCCESS,2020-02-12 00:00:00,2022-05-18 00:00:00,2,False,False,3006221545.0461226,BELOW_PRIMARY_750
002273,SZ_MAIN,256,GARCH_SUCCESS,2022-04-22 00:00:00,2023-05-15 00:00:00,9,False,False,21829112677.215782,BELOW_PRIMARY_750
002274,SZ_MAIN,244,GARCH_SUCCESS,2022-05-27 00:00:00,2023-05-29 00:00:00,7,False,False,7755740672.199759,BELOW_PRIMARY_750
002275,SZ_MAIN,241,GARCH_SUCCESS,2020-06-02 00:00:00,2021-05-31 00:00:00,12,False,False,7944972052.052953,BELOW_PRIMARY_750
002276,SZ_MAIN,261,GARCH_SUCCESS,2022-05-23 00:00:00,2023-06-15 00:00:00,7,False,False,10524003107.732204,BELOW_PRIMARY_750
002277,SZ_MAIN,568,GARCH_SUCCESS,2021-06-23 00:00:00,2023-10-26 00:00:00,5,False,False,5812182954.917953,BELOW_PRIMARY_750
002278,SZ_MAIN,456,GARCH_SUCCESS,2022-08-02 00:00:00,2024-06-21 00:00:00,6,False,False,2237002664.425849,BELOW_PRIMARY_750
002279,SZ_MAIN,1584,GARCH_SUCCESS,2020-02-12 00:00:00,2026-08-19 00:00:00,0,True,True,4687108250.150732,PRIMARY_750_MEMBER
002281,SZ_MAIN,287,GARCH_SUCCESS,2025-06-18 00:00:00,2026-08-19 00:00:00,7,False,False,26437935065.068714,BELOW_PRIMARY_750
002282,SZ_MAIN,265,GARCH_SUCCESS,2022-05-30 00:00:00,2023-06-30 00:00:00,7,False,False,3494283448.9855814,BELOW_PRIMARY_750
002283,SZ_MAIN,250,GARCH_SUCCESS,2024-04-29 00:00:00,2025-05-14 00:00:00,8,False,False,6409643708.631496,BELOW_PRIMARY_750
002284,SZ_MAIN,554,GARCH_SUCCESS,2020-02-12 00:00:00,2022-05-25 00:00:00,4,False,False,6614152564.168053,BELOW_PRIMARY_750
002285,SZ_MAIN,1255,GARCH_SUCCESS,2021-06-18 00:00:00,2026-08-19 00:00:00,2,True,True,6255823196.38103,PRIMARY_750_MEMBER
002286,SZ_MAIN,255,GARCH_SUCCESS,2021-06-04 00:00:00,2022-06-24 00:00:00,8,False,False,3488341441.04,BELOW_PRIMARY_750
002287,SZ_MAIN,247,GARCH_SUCCESS,2021-07-09 00:00:00,2022-07-18 00:00:00,9,False,False,12951745285.878729,BELOW_PRIMARY_750
002291,SZ_MAIN,1584,GARCH_SUCCESS,2020-02-12 00:00:00,2026-08-19 00:00:00,0,True,True,9104268604.803694,PRIMARY_750_MEMBER
002292,SZ_MAIN,1584,GARCH_SUCCESS,2020-02-12 00:00:00,2026-08-19 00:00:00,0,True,True,6990617002.813643,PRIMARY_750_MEMBER
002293,SZ_MAIN,247,GARCH_SUCCESS,2020-06-01 00:00:00,2021-06-07 00:00:00,10,False,False,8692950111.99909,BELOW_PRIMARY_750
002294,SZ_MAIN,469,GARCH_SUCCESS,2020-05-21 00:00:00,2022-04-26 00:00:00,6,False,False,38213170042.15083,BELOW_PRIMARY_750
002295,SZ_MAIN,983,GARCH_SUCCESS,2020-07-08 00:00:00,2024-07-25 00:00:00,3,True,False,1920230304.904457,PRIMARY_750_MEMBER
002296,SZ_MAIN,960,GARCH_SUCCESS,2020-06-11 00:00:00,2024-05-29 00:00:00,4,True,False,3037645316.086951,PRIMARY_750_MEMBER
002297,SZ_MAIN,1584,GARCH_SUCCESS,2020-02-12 00:00:00,2026-08-19 00:00:00,0,True,True,4520282701.642228,PRIMARY_750_MEMBER
002298,SZ_MAIN,1232,GARCH_SUCCESS,2021-07-21 00:00:00,2026-08-19 00:00:00,2,True,True,4353727423.716251,PRIMARY_750_MEMBER
002299,SZ_MAIN,318,GARCH_SUCCESS,2021-01-21 00:00:00,2022-05-20 00:00:00,9,False,False,22949641302.877167,BELOW_PRIMARY_750
002300,SZ_MAIN,248,GARCH_SUCCESS,2022-06-27 00:00:00,2023-07-04 00:00:00,7,False,False,4995304909.843685,BELOW_PRIMARY_750
002301,SZ_MAIN,696,GARCH_SUCCESS,2021-07-09 00:00:00,2024-05-27 00:00:00,6,False,False,5167385086.901423,BELOW_PRIMARY_750
002302,SZ_MAIN,280,GARCH_SUCCESS,2025-06-27 00:00:00,2026-08-19 00:00:00,6,False,False,8952346582.178085,BELOW_PRIMARY_750
002303,SZ_MAIN,276,GARCH_SUCCESS,2021-06-01 00:00:00,2022-07-20 00:00:00,10,False,False,3285330654.243428,BELOW_PRIMARY_750
002304,SZ_MAIN,251,GARCH_SUCCESS,2020-06-29 00:00:00,2021-07-08 00:00:00,8,False,False,170235722157.59756,BELOW_PRIMARY_750
002307,SZ_MAIN,1019,GARCH_SUCCESS,2020-04-24 00:00:00,2024-08-07 00:00:00,1,True,True,4773681947.94074,PRIMARY_750_MEMBER
002311,SZ_MAIN,276,GARCH_SUCCESS,2020-05-21 00:00:00,2021-07-08 00:00:00,8,False,False,92949936593.59856,BELOW_PRIMARY_750
002312,SZ_MAIN,256,GARCH_SUCCESS,2024-05-27 00:00:00,2025-06-17 00:00:00,4,False,False,16315781421.696177,BELOW_PRIMARY_750
002314,SZ_MAIN,724,GARCH_SUCCESS,2023-08-23 00:00:00,2026-08-19 00:00:00,4,False,False,4144704617.033282,BELOW_PRIMARY_750
002315,SZ_MAIN,272,GARCH_SUCCESS,2020-03-11 00:00:00,2021-04-22 00:00:00,9,False,False,5816102079.038036,BELOW_PRIMARY_750
002317,SZ_MAIN,245,GARCH_SUCCESS,2023-05-17 00:00:00,2024-05-22 00:00:00,7,False,False,11400896315.622704,BELOW_PRIMARY_750
002318,SZ_MAIN,264,GARCH_SUCCESS,2023-04-24 00:00:00,2024-05-29 00:00:00,7,False,False,18899297374.773216,BELOW_PRIMARY_750
002320,SZ_MAIN,256,GARCH_SUCCESS,2022-05-24 00:00:00,2023-06-09 00:00:00,7,False,False,14658901416.105276,BELOW_PRIMARY_750
002322,SZ_MAIN,269,GARCH_SUCCESS,2020-05-28 00:00:00,2021-07-06 00:00:00,9,False,False,4237602496.219944,BELOW_PRIMARY_750
002324,SZ_MAIN,262,GARCH_SUCCESS,2023-05-24 00:00:00,2024-06-24 00:00:00,8,False,False,9017872445.097471,BELOW_PRIMARY_750
002326,SZ_MAIN,657,GARCH_SUCCESS,2023-05-26 00:00:00,2026-02-06 00:00:00,2,False,False,15066422235.091116,BELOW_PRIMARY_750
002327,SZ_MAIN,0,GARCH_NUMERIC_FAILURE,2025-06-11 00:00:00,2026-06-16 00:00:00,7,False,False,4008096286.7438216,GARCH_NUMERIC_FAILURE
002328,SZ_MAIN,258,GARCH_SUCCESS,2023-05-31 00:00:00,2024-06-25 00:00:00,9,False,False,3313608007.694071,BELOW_PRIMARY_750
002329,SZ_MAIN,1455,GARCH_SUCCESS,2020-08-19 00:00:00,2026-08-19 00:00:00,1,True,True,2874683610.278077,PRIMARY_750_MEMBER
002330,SZ_MAIN,513,GARCH_SUCCESS,2024-07-10 00:00:00,2026-08-19 00:00:00,3,False,False,3314646624.5086083,BELOW_PRIMARY_750
002331,SZ_MAIN,1176,GARCH_SUCCESS,2020-08-03 00:00:00,2025-06-12 00:00:00,2,True,True,3150874167.394216,PRIMARY_750_MEMBER
002332,SZ_MAIN,244,GARCH_SUCCESS,2020-06-02 00:00:00,2021-06-03 00:00:00,8,False,False,10793626875.761248,BELOW_PRIMARY_750
002334,SZ_MAIN,800,GARCH_SUCCESS,2020-02-12 00:00:00,2023-05-29 00:00:00,4,True,False,5659402006.158535,PRIMARY_750_MEMBER
002335,SZ_MAIN,240,GARCH_SUCCESS,2021-06-03 00:00:00,2022-06-01 00:00:00,8,False,False,15252316378.230492,BELOW_PRIMARY_750
002337,SZ_MAIN,980,GARCH_SUCCESS,2020-05-21 00:00:00,2024-06-05 00:00:00,4,True,False,2896225413.374537,PRIMARY_750_MEMBER
002338,SZ_MAIN,247,GARCH_SUCCESS,2020-07-10 00:00:00,2021-07-15 00:00:00,8,False,False,7785613349.73236,BELOW_PRIMARY_750
002339,SZ_MAIN,735,GARCH_SUCCESS,2021-06-07 00:00:00,2024-06-19 00:00:00,5,False,False,3489987273.263853,BELOW_PRIMARY_750
002340,SZ_MAIN,260,GARCH_SUCCESS,2022-06-20 00:00:00,2023-07-13 00:00:00,7,False,False,38550292871.89088,BELOW_PRIMARY_750
002342,SZ_MAIN,729,GARCH_SUCCESS,2021-06-17 00:00:00,2024-06-20 00:00:00,4,False,False,4784760196.158487,BELOW_PRIMARY_750
002343,SZ_MAIN,1584,GARCH_SUCCESS,2020-02-12 00:00:00,2026-08-19 00:00:00,0,True,True,3043064268.8449554,PRIMARY_750_MEMBER
002344,SZ_MAIN,287,GARCH_SUCCESS,2022-06-20 00:00:00,2023-08-21 00:00:00,7,False,False,5544052172.009654,BELOW_PRIMARY_750
002345,SZ_MAIN,244,GARCH_SUCCESS,2022-06-07 00:00:00,2023-06-06 00:00:00,9,False,False,6227669611.223934,BELOW_PRIMARY_750
002346,SZ_MAIN,267,GARCH_SUCCESS,2022-05-27 00:00:00,2023-07-03 00:00:00,7,False,False,5434155639.449863,BELOW_PRIMARY_750
002347,SZ_MAIN,966,GARCH_SUCCESS,2021-07-12 00:00:00,2025-07-08 00:00:00,3,True,False,2457245416.950933,PRIMARY_750_MEMBER
002348,SZ_MAIN,706,GARCH_SUCCESS,2022-11-23 00:00:00,2025-11-24 00:00:00,0,False,False,3117087667.505137,BELOW_PRIMARY_750
002349,SZ_MAIN,336,GARCH_SUCCESS,2020-02-12 00:00:00,2021-06-29 00:00:00,6,False,False,7359827812.95387,BELOW_PRIMARY_750
002350,SZ_MAIN,717,GARCH_SUCCESS,2022-06-30 00:00:00,2025-06-17 00:00:00,5,False,False,3780820235.2745376,BELOW_PRIMARY_750
002351,SZ_MAIN,262,GARCH_SUCCESS,2023-05-16 00:00:00,2024-06-14 00:00:00,7,False,False,6577417698.322494,BELOW_PRIMARY_750
002352,SZ_MAIN,276,GARCH_SUCCESS,2021-04-21 00:00:00,2022-06-14 00:00:00,9,False,False,227638139057.14908,BELOW_PRIMARY_750
002353,SZ_MAIN,263,GARCH_SUCCESS,2022-05-18 00:00:00,2023-06-14 00:00:00,9,False,False,27072510158.297,BELOW_PRIMARY_750
002355,SZ_MAIN,1246,GARCH_SUCCESS,2021-06-01 00:00:00,2026-08-19 00:00:00,1,True,True,3495079503.210552,PRIMARY_750_MEMBER
002357,SZ_MAIN,583,GARCH_SUCCESS,2020-02-12 00:00:00,2022-07-06 00:00:00,5,False,False,2234675487.872703,BELOW_PRIMARY_750
002361,SZ_MAIN,270,GARCH_SUCCESS,2022-06-01 00:00:00,2023-07-11 00:00:00,6,False,False,4197248290.5988975,BELOW_PRIMARY_750
002362,SZ_MAIN,1584,GARCH_SUCCESS,2020-02-12 00:00:00,2026-08-19 00:00:00,0,True,True,4172526774.866452,PRIMARY_750_MEMBER
002363,SZ_MAIN,267,GARCH_SUCCESS,2023-05-22 00:00:00,2024-06-27 00:00:00,9,False,False,2874116403.8117857,BELOW_PRIMARY_750
002364,SZ_MAIN,488,GARCH_SUCCESS,2022-06-23 00:00:00,2024-06-27 00:00:00,6,False,False,6449767428.767796,BELOW_PRIMARY_750
002365,SZ_MAIN,479,GARCH_SUCCESS,2021-07-12 00:00:00,2023-07-04 00:00:00,6,False,False,2746084322.005382,BELOW_PRIMARY_750
002367,SZ_MAIN,246,GARCH_SUCCESS,2023-05-12 00:00:00,2024-05-20 00:00:00,8,False,False,4331289315.174803,BELOW_PRIMARY_750
002368,SZ_MAIN,270,GARCH_SUCCESS,2025-07-11 00:00:00,2026-08-19 00:00:00,6,False,False,15717492697.552406,BELOW_PRIMARY_750
002369,SZ_MAIN,1285,GARCH_SUCCESS,2021-04-01 00:00:00,2026-08-19 00:00:00,0,True,True,3613118761.669063,PRIMARY_750_MEMBER
002370,SZ_MAIN,1369,GARCH_SUCCESS,2020-02-12 00:00:00,2025-09-26 00:00:00,0,True,True,2813005858.7604766,PRIMARY_750_MEMBER
002371,SZ_MAIN,252,GARCH_SUCCESS,2020-06-24 00:00:00,2021-07-08 00:00:00,7,False,False,180930423157.6085,BELOW_PRIMARY_750
002372,SZ_MAIN,250,GARCH_SUCCESS,2022-05-20 00:00:00,2023-05-30 00:00:00,9,False,False,24704297656.531864,BELOW_PRIMARY_750
002373,SZ_MAIN,727,GARCH_SUCCESS,2021-06-15 00:00:00,2024-06-14 00:00:00,5,False,False,15323444532.267853,BELOW_PRIMARY_750
002374,SZ_MAIN,1584,GARCH_SUCCESS,2020-02-12 00:00:00,2026-08-19 00:00:00,0,True,True,3777625742.945977,PRIMARY_750_MEMBER
002375,SZ_MAIN,255,GARCH_SUCCESS,2025-06-13 00:00:00,2026-07-02 00:00:00,8,False,False,6488766628.01564,BELOW_PRIMARY_750
002376,SZ_MAIN,247,GARCH_SUCCESS,2020-05-28 00:00:00,2021-06-03 00:00:00,7,False,False,5028964526.776814,BELOW_PRIMARY_750
002377,SZ_MAIN,924,GARCH_SUCCESS,2020-07-07 00:00:00,2024-04-26 00:00:00,1,True,False,2626927819.4152737,PRIMARY_750_MEMBER
002378,SZ_MAIN,552,GARCH_SUCCESS,2020-02-12 00:00:00,2022-05-23 00:00:00,5,False,False,10137679420.018978,BELOW_PRIMARY_750
002379,SZ_MAIN,1181,GARCH_SUCCESS,2020-02-12 00:00:00,2024-12-20 00:00:00,1,True,True,8523200626.229807,PRIMARY_750_MEMBER
002380,SZ_MAIN,709,GARCH_SUCCESS,2022-07-14 00:00:00,2025-06-19 00:00:00,5,False,False,2672656965.807321,BELOW_PRIMARY_750
002381,SZ_MAIN,253,GARCH_SUCCESS,2025-05-19 00:00:00,2026-06-03 00:00:00,7,False,False,2296666493.3183827,BELOW_PRIMARY_750
002382,SZ_MAIN,781,GARCH_SUCCESS,2023-06-01 00:00:00,2026-08-19 00:00:00,3,True,False,8655002786.879742,PRIMARY_750_MEMBER
002383,SZ_MAIN,1584,GARCH_SUCCESS,2020-02-12 00:00:00,2026-08-19 00:00:00,0,True,True,5012419673.56136,PRIMARY_750_MEMBER
002384,SZ_MAIN,301,GARCH_SUCCESS,2025-05-28 00:00:00,2026-08-19 00:00:00,6,False,False,45762755960.95066,BELOW_PRIMARY_750
002385,SZ_MAIN,482,GARCH_SUCCESS,2021-05-31 00:00:00,2023-05-25 00:00:00,6,False,False,20516965787.419563,BELOW_PRIMARY_750
002386,SZ_MAIN,520,GARCH_SUCCESS,2024-07-01 00:00:00,2026-08-19 00:00:00,4,False,False,6990888288.401536,BELOW_PRIMARY_750
002387,SZ_MAIN,661,GARCH_SUCCESS,2023-01-04 00:00:00,2025-10-31 00:00:00,0,False,False,11502812787.091646,BELOW_PRIMARY_750
002389,SZ_MAIN,253,GARCH_SUCCESS,2024-06-03 00:00:00,2025-06-19 00:00:00,7,False,False,19480769792.413948,BELOW_PRIMARY_750
002390,SZ_MAIN,387,GARCH_SUCCESS,2020-09-09 00:00:00,2022-05-23 00:00:00,7,False,False,8611602706.056831,BELOW_PRIMARY_750
002391,SZ_MAIN,478,GARCH_SUCCESS,2024-06-24 00:00:00,2026-06-15 00:00:00,6,False,False,2971606721.440732,BELOW_PRIMARY_750
002392,SZ_MAIN,700,GARCH_SUCCESS,2020-07-16 00:00:00,2023-06-05 00:00:00,5,False,False,4548121939.1585045,BELOW_PRIMARY_750
002393,SZ_MAIN,249,GARCH_SUCCESS,2022-06-21 00:00:00,2023-06-29 00:00:00,9,False,False,4392958497.3829365,BELOW_PRIMARY_750
002394,SZ_MAIN,606,GARCH_SUCCESS,2021-05-25 00:00:00,2023-11-21 00:00:00,6,False,False,2753656003.710772,BELOW_PRIMARY_750
002395,SZ_MAIN,725,GARCH_SUCCESS,2021-07-07 00:00:00,2024-07-04 00:00:00,5,False,False,3585737818.0531054,BELOW_PRIMARY_750
002396,SZ_MAIN,266,GARCH_SUCCESS,2020-07-13 00:00:00,2021-08-12 00:00:00,7,False,False,12544078214.895784,BELOW_PRIMARY_750
002397,SZ_MAIN,1256,GARCH_SUCCESS,2021-06-17 00:00:00,2026-08-19 00:00:00,2,True,True,2125527436.788464,PRIMARY_750_MEMBER
002398,SZ_MAIN,263,GARCH_SUCCESS,2023-05-15 00:00:00,2024-06-14 00:00:00,7,False,False,3227467785.487788,BELOW_PRIMARY_750
002399,SZ_MAIN,474,GARCH_SUCCESS,2023-07-19 00:00:00,2025-07-04 00:00:00,6,False,False,16101534539.48685,BELOW_PRIMARY_750
002400,SZ_MAIN,469,GARCH_SUCCESS,2020-06-17 00:00:00,2022-05-26 00:00:00,7,False,False,10441539678.149534,BELOW_PRIMARY_750
002401,SZ_MAIN,288,GARCH_SUCCESS,2024-06-03 00:00:00,2025-08-07 00:00:00,7,False,False,5451585637.72128,BELOW_PRIMARY_750
002402,SZ_MAIN,258,GARCH_SUCCESS,2021-04-01 00:00:00,2022-04-26 00:00:00,7,False,False,16574017524.800877,BELOW_PRIMARY_750
002403,SZ_MAIN,935,GARCH_SUCCESS,2021-07-21 00:00:00,2025-06-04 00:00:00,2,True,False,2946720483.4053097,PRIMARY_750_MEMBER
002404,SZ_MAIN,248,GARCH_SUCCESS,2023-05-04 00:00:00,2024-05-14 00:00:00,7,False,False,2871993066.123146,BELOW_PRIMARY_750
002405,SZ_MAIN,1014,GARCH_SUCCESS,2022-06-17 00:00:00,2026-08-19 00:00:00,2,True,True,24645828115.314648,PRIMARY_750_MEMBER
002406,SZ_MAIN,242,GARCH_SUCCESS,2020-07-14 00:00:00,2021-07-12 00:00:00,7,False,False,3465175685.5411906,BELOW_PRIMARY_750
002407,SZ_MAIN,340,GARCH_SUCCESS,2020-05-28 00:00:00,2021-10-22 00:00:00,7,False,False,21282576844.214176,BELOW_PRIMARY_750
002408,SZ_MAIN,288,GARCH_SUCCESS,2025-06-17 00:00:00,2026-08-19 00:00:00,7,False,False,18118293219.62336,BELOW_PRIMARY_750
002409,SZ_MAIN,244,GARCH_SUCCESS,2022-05-30 00:00:00,2023-05-30 00:00:00,9,False,False,19937909815.21114,BELOW_PRIMARY_750
002410,SZ_MAIN,246,GARCH_SUCCESS,2023-05-16 00:00:00,2024-05-22 00:00:00,7,False,False,38234635400.133736,BELOW_PRIMARY_750
002412,SZ_MAIN,723,GARCH_SUCCESS,2020-06-29 00:00:00,2023-06-19 00:00:00,3,False,False,3092162113.998391,BELOW_PRIMARY_750
002413,SZ_MAIN,1584,GARCH_SUCCESS,2020-02-12 00:00:00,2026-08-19 00:00:00,0,True,True,7365224973.438713,PRIMARY_750_MEMBER
002414,SZ_MAIN,544,GARCH_SUCCESS,2024-05-27 00:00:00,2026-08-19 00:00:00,5,False,False,33990600051.467644,BELOW_PRIMARY_750
002415,SZ_MAIN,240,GARCH_SUCCESS,2020-06-01 00:00:00,2021-05-27 00:00:00,9,False,False,327634837711.2804,BELOW_PRIMARY_750
002416,SZ_MAIN,253,GARCH_SUCCESS,2022-05-05 00:00:00,2023-05-18 00:00:00,7,False,False,12795561143.23934,BELOW_PRIMARY_750
002419,SZ_MAIN,256,GARCH_SUCCESS,2024-04-29 00:00:00,2025-05-22 00:00:00,7,False,False,6801852005.913998,BELOW_PRIMARY_750
002421,SZ_MAIN,461,GARCH_SUCCESS,2021-06-03 00:00:00,2023-04-26 00:00:00,5,False,False,6260482722.711658,BELOW_PRIMARY_750
002422,SZ_MAIN,274,GARCH_SUCCESS,2020-05-29 00:00:00,2021-07-14 00:00:00,9,False,False,33323252271.30225,BELOW_PRIMARY_750
002423,SZ_MAIN,241,GARCH_SUCCESS,2020-07-13 00:00:00,2021-07-08 00:00:00,7,False,False,18464773921.447563,BELOW_PRIMARY_750
002428,SZ_MAIN,1057,GARCH_SUCCESS,2020-02-12 00:00:00,2024-06-20 00:00:00,3,True,True,10836715113.972927,PRIMARY_750_MEMBER
002429,SZ_MAIN,492,GARCH_SUCCESS,2020-02-12 00:00:00,2022-02-21 00:00:00,4,False,False,23757826993.83924,BELOW_PRIMARY_750
002430,SZ_MAIN,244,GARCH_SUCCESS,2022-05-05 00:00:00,2023-05-05 00:00:00,9,False,False,28288280183.966022,BELOW_PRIMARY_750
002432,SZ_MAIN,318,GARCH_SUCCESS,2020-02-12 00:00:00,2021-06-02 00:00:00,6,False,False,18259166536.78213,BELOW_PRIMARY_750
002434,SZ_MAIN,739,GARCH_SUCCESS,2021-05-20 00:00:00,2024-06-06 00:00:00,5,False,False,10907926198.782784,BELOW_PRIMARY_750
002436,SZ_MAIN,250,GARCH_SUCCESS,2020-05-20 00:00:00,2021-05-31 00:00:00,7,False,False,19282554939.48233,BELOW_PRIMARY_750
002437,SZ_MAIN,1584,GARCH_SUCCESS,2020-02-12 00:00:00,2026-08-19 00:00:00,0,True,True,5610127038.665157,PRIMARY_750_MEMBER
002438,SZ_MAIN,248,GARCH_SUCCESS,2021-06-09 00:00:00,2022-06-20 00:00:00,7,False,False,5990134097.593154,BELOW_PRIMARY_750
002439,SZ_MAIN,518,GARCH_SUCCESS,2024-07-03 00:00:00,2026-08-19 00:00:00,5,False,False,15999798026.882393,BELOW_PRIMARY_750
002440,SZ_MAIN,245,GARCH_SUCCESS,2022-06-17 00:00:00,2023-06-19 00:00:00,7,False,False,7440829535.942654,BELOW_PRIMARY_750
002441,SZ_MAIN,242,GARCH_SUCCESS,2020-07-10 00:00:00,2021-07-08 00:00:00,8,False,False,3613971323.841344,BELOW_PRIMARY_750
002442,SZ_MAIN,572,GARCH_SUCCESS,2020-02-12 00:00:00,2022-06-21 00:00:00,3,False,False,2773534174.4801774,BELOW_PRIMARY_750
002443,SZ_MAIN,275,GARCH_SUCCESS,2022-05-31 00:00:00,2023-07-17 00:00:00,7,False,False,3560761870.522188,BELOW_PRIMARY_750
002444,SZ_MAIN,802,GARCH_SUCCESS,2020-02-12 00:00:00,2023-05-31 00:00:00,8,True,False,29379667914.093487,PRIMARY_750_MEMBER
002446,SZ_MAIN,1584,GARCH_SUCCESS,2020-02-12 00:00:00,2026-08-19 00:00:00,0,True,True,6456609088.046089,PRIMARY_750_MEMBER
002448,SZ_MAIN,251,GARCH_SUCCESS,2024-06-13 00:00:00,2025-06-26 00:00:00,7,False,False,3708238463.936452,BELOW_PRIMARY_750
002449,SZ_MAIN,289,GARCH_SUCCESS,2025-06-16 00:00:00,2026-08-19 00:00:00,6,False,False,5407927807.427176,BELOW_PRIMARY_750
002451,SZ_MAIN,1030,GARCH_SUCCESS,2020-02-12 00:00:00,2024-05-13 00:00:00,3,True,True,3039028372.4561706,PRIMARY_750_MEMBER
002452,SZ_MAIN,257,GARCH_SUCCESS,2020-04-29 00:00:00,2021-05-24 00:00:00,8,False,False,3691547723.4547386,BELOW_PRIMARY_750
002453,SZ_MAIN,1431,GARCH_SUCCESS,2020-08-24 00:00:00,2026-08-19 00:00:00,0,True,True,5599283237.1633215,PRIMARY_750_MEMBER
002454,SZ_MAIN,272,GARCH_SUCCESS,2021-05-13 00:00:00,2022-06-27 00:00:00,8,False,False,4656905991.170049,BELOW_PRIMARY_750
002455,SZ_MAIN,474,GARCH_SUCCESS,2023-05-16 00:00:00,2025-04-29 00:00:00,5,False,False,4681361585.707796,BELOW_PRIMARY_750
002456,SZ_MAIN,1063,GARCH_SUCCESS,2020-11-10 00:00:00,2025-03-31 00:00:00,2,True,True,26867455000.740986,PRIMARY_750_MEMBER
002457,SZ_MAIN,246,GARCH_SUCCESS,2023-05-05 00:00:00,2024-05-13 00:00:00,9,False,False,3227768003.43844,BELOW_PRIMARY_750
002458,SZ_MAIN,884,GARCH_SUCCESS,2020-09-24 00:00:00,2024-05-24 00:00:00,8,True,False,7230558723.389687,PRIMARY_750_MEMBER
002459,SZ_MAIN,540,GARCH_SUCCESS,2024-05-31 00:00:00,2026-08-19 00:00:00,4,False,False,61756504586.76673,BELOW_PRIMARY_750
002460,SZ_MAIN,249,GARCH_SUCCESS,2023-07-13 00:00:00,2024-07-23 00:00:00,7,False,False,77916513932.92252,BELOW_PRIMARY_750
002461,SZ_MAIN,261,GARCH_SUCCESS,2020-05-18 00:00:00,2021-06-11 00:00:00,7,False,False,20009479337.09928,BELOW_PRIMARY_750
002462,SZ_MAIN,245,GARCH_SUCCESS,2022-06-27 00:00:00,2023-06-29 00:00:00,7,False,False,3804996772.6875935,BELOW_PRIMARY_750
002463,SZ_MAIN,288,GARCH_SUCCESS,2020-05-12 00:00:00,2021-07-15 00:00:00,7,False,False,57737286230.300606,BELOW_PRIMARY_750
002465,SZ_MAIN,254,GARCH_SUCCESS,2023-05-12 00:00:00,2024-05-30 00:00:00,7,False,False,25836493965.70441,BELOW_PRIMARY_750
002466,SZ_MAIN,821,GARCH_SUCCESS,2020-02-12 00:00:00,2023-06-29 00:00:00,4,True,False,94927776601.2842,PRIMARY_750_MEMBER
002467,SZ_MAIN,474,GARCH_SUCCESS,2023-05-16 00:00:00,2025-04-29 00:00:00,4,False,False,6592234024.493154,BELOW_PRIMARY_750
002468,SZ_MAIN,965,GARCH_SUCCESS,2020-06-23 00:00:00,2024-06-18 00:00:00,4,True,False,15705201874.855528,PRIMARY_750_MEMBER
002469,SZ_MAIN,258,GARCH_SUCCESS,2022-04-29 00:00:00,2023-05-24 00:00:00,9,False,False,4103051612.016195,BELOW_PRIMARY_750
002471,SZ_MAIN,1102,GARCH_SUCCESS,2020-02-12 00:00:00,2024-08-22 00:00:00,1,True,True,4360938856.597933,PRIMARY_750_MEMBER
002472,SZ_MAIN,246,GARCH_SUCCESS,2023-05-29 00:00:00,2024-06-04 00:00:00,8,False,False,20402245184.24429,BELOW_PRIMARY_750
002474,SZ_MAIN,1025,GARCH_SUCCESS,2022-06-01 00:00:00,2026-08-19 00:00:00,2,True,True,3567578080.465824,PRIMARY_750_MEMBER
002475,SZ_MAIN,257,GARCH_SUCCESS,2023-06-16 00:00:00,2024-07-10 00:00:00,8,False,False,270357786139.84943,BELOW_PRIMARY_750
002476,SZ_MAIN,1051,GARCH_SUCCESS,2020-02-12 00:00:00,2024-06-12 00:00:00,2,True,True,3050296673.535398,PRIMARY_750_MEMBER
002478,SZ_MAIN,260,GARCH_SUCCESS,2025-05-29 00:00:00,2026-06-25 00:00:00,7,False,False,3891664252.252864,BELOW_PRIMARY_750
002479,SZ_MAIN,252,GARCH_SUCCESS,2023-05-08 00:00:00,2024-05-22 00:00:00,7,False,False,4304206217.0923815,BELOW_PRIMARY_750
002480,SZ_MAIN,1280,GARCH_SUCCESS,2020-02-12 00:00:00,2025-05-23 00:00:00,0,True,True,3671664103.6656766,PRIMARY_750_MEMBER
002481,SZ_MAIN,731,GARCH_SUCCESS,2021-05-26 00:00:00,2024-05-31 00:00:00,6,False,False,7117148249.5205145,BELOW_PRIMARY_750
002483,SZ_MAIN,255,GARCH_SUCCESS,2024-05-16 00:00:00,2025-06-05 00:00:00,7,False,False,5199780100.6693535,BELOW_PRIMARY_750
002484,SZ_MAIN,266,GARCH_SUCCESS,2023-05-10 00:00:00,2024-06-14 00:00:00,7,False,False,16758494018.144346,BELOW_PRIMARY_750
002486,SZ_MAIN,804,GARCH_SUCCESS,2020-02-12 00:00:00,2023-06-02 00:00:00,2,True,False,2299386666.321802,PRIMARY_750_MEMBER
002487,SZ_MAIN,260,GARCH_SUCCESS,2021-06-21 00:00:00,2022-07-15 00:00:00,8,False,False,19150645151.908524,BELOW_PRIMARY_750
002488,SZ_MAIN,1073,GARCH_SUCCESS,2020-02-12 00:00:00,2024-07-12 00:00:00,3,True,True,7572068727.904192,PRIMARY_750_MEMBER
002489,SZ_MAIN,245,GARCH_SUCCESS,2024-05-30 00:00:00,2025-06-05 00:00:00,7,False,False,6559854282.519823,BELOW_PRIMARY_750
002491,SZ_MAIN,1584,GARCH_SUCCESS,2020-02-12 00:00:00,2026-08-19 00:00:00,0,True,True,6260099915.340395,PRIMARY_750_MEMBER
002492,SZ_MAIN,301,GARCH_SUCCESS,2025-05-28 00:00:00,2026-08-19 00:00:00,6,False,False,2376405319.352856,BELOW_PRIMARY_750
002493,SZ_MAIN,246,GARCH_SUCCESS,2023-05-29 00:00:00,2024-06-04 00:00:00,7,False,False,119444439182.95924,BELOW_PRIMARY_750
002494,SZ_MAIN,1186,GARCH_SUCCESS,2020-02-12 00:00:00,2024-12-27 00:00:00,0,True,True,1287242456.210381,PRIMARY_750_MEMBER
002495,SZ_MAIN,968,GARCH_SUCCESS,2021-06-03 00:00:00,2025-06-04 00:00:00,3,True,False,1771927448.8946664,PRIMARY_750_MEMBER
002497,SZ_MAIN,246,GARCH_SUCCESS,2022-06-23 00:00:00,2023-06-28 00:00:00,7,False,False,20580122905.67403,BELOW_PRIMARY_750
002498,SZ_MAIN,244,GARCH_SUCCESS,2022-06-16 00:00:00,2023-06-15 00:00:00,7,False,False,13724197744.77876,BELOW_PRIMARY_750
002500,SZ_MAIN,242,GARCH_SUCCESS,2021-06-28 00:00:00,2022-06-28 00:00:00,11,False,False,21078254799.049664,BELOW_PRIMARY_750
002506,SZ_MAIN,1584,GARCH_SUCCESS,2020-02-12 00:00:00,2026-08-19 00:00:00,0,True,True,17978142105.289326,PRIMARY_750_MEMBER
002507,SZ_MAIN,319,GARCH_SUCCESS,2020-06-19 00:00:00,2021-10-15 00:00:00,8,False,False,20418008600.73681,BELOW_PRIMARY_750
002508,SZ_MAIN,251,GARCH_SUCCESS,2021-06-01 00:00:00,2022-06-15 00:00:00,10,False,False,24596659490.163284,BELOW_PRIMARY_750
002510,SZ_MAIN,710,GARCH_SUCCESS,2020-11-27 00:00:00,2023-12-01 00:00:00,2,False,False,4658808950.663244,BELOW_PRIMARY_750
002511,SZ_MAIN,320,GARCH_SUCCESS,2024-06-04 00:00:00,2025-09-23 00:00:00,7,False,False,14895854568.53585,BELOW_PRIMARY_750
002515,SZ_MAIN,257,GARCH_SUCCESS,2022-04-29 00:00:00,2023-05-23 00:00:00,7,False,False,5085253677.064053,BELOW_PRIMARY_750
002516,SZ_MAIN,243,GARCH_SUCCESS,2024-04-23 00:00:00,2025-04-24 00:00:00,7,False,False,6069787045.887713,BELOW_PRIMARY_750
002517,SZ_MAIN,885,GARCH_SUCCESS,2020-02-12 00:00:00,2023-09-27 00:00:00,5,True,False,21713640953.41148,PRIMARY_750_MEMBER
002518,SZ_MAIN,261,GARCH_SUCCESS,2020-05-06 00:00:00,2021-06-01 00:00:00,7,False,False,17406670967.669353,BELOW_PRIMARY_750
002519,SZ_MAIN,781,GARCH_SUCCESS,2020-02-12 00:00:00,2023-04-27 00:00:00,2,True,False,5664096657.852662,PRIMARY_750_MEMBER
002520,SZ_MAIN,1261,GARCH_SUCCESS,2021-06-09 00:00:00,2026-08-19 00:00:00,2,True,True,4148342840.5903535,PRIMARY_750_MEMBER
002521,SZ_MAIN,255,GARCH_SUCCESS,2022-06-01 00:00:00,2023-06-16 00:00:00,8,False,False,3117403372.970241,BELOW_PRIMARY_750
002522,SZ_MAIN,277,GARCH_SUCCESS,2021-04-27 00:00:00,2022-06-21 00:00:00,7,False,False,4558808169.353894,BELOW_PRIMARY_750
002523,SZ_MAIN,269,GARCH_SUCCESS,2020-06-01 00:00:00,2021-07-08 00:00:00,7,False,False,4345489586.07284,BELOW_PRIMARY_750
002524,SZ_MAIN,1584,GARCH_SUCCESS,2020-02-12 00:00:00,2026-08-19 00:00:00,0,True,True,3234250519.814827,PRIMARY_750_MEMBER
002526,SZ_MAIN,993,GARCH_SUCCESS,2020-06-02 00:00:00,2024-07-05 00:00:00,4,True,False,4979905526.411456,PRIMARY_750_MEMBER
002527,SZ_MAIN,641,GARCH_SUCCESS,2022-06-15 00:00:00,2025-02-07 00:00:00,3,False,False,5177908824.830598,BELOW_PRIMARY_750
002530,SZ_MAIN,1242,GARCH_SUCCESS,2021-02-18 00:00:00,2026-05-08 00:00:00,1,True,True,5790655872.335221,PRIMARY_750_MEMBER
002531,SZ_MAIN,492,GARCH_SUCCESS,2022-07-04 00:00:00,2024-07-12 00:00:00,5,False,False,20594290786.838696,BELOW_PRIMARY_750
002532,SZ_MAIN,249,GARCH_SUCCESS,2020-05-21 00:00:00,2021-06-30 00:00:00,11,False,False,26679291234.92541,BELOW_PRIMARY_750
002533,SZ_MAIN,248,GARCH_SUCCESS,2022-05-12 00:00:00,2023-05-18 00:00:00,8,False,False,5528332460.970797,BELOW_PRIMARY_750
002534,SZ_MAIN,260,GARCH_SUCCESS,2022-05-23 00:00:00,2023-06-14 00:00:00,7,False,False,11584229064.916355,BELOW_PRIMARY_750
002536,SZ_MAIN,246,GARCH_SUCCESS,2021-06-17 00:00:00,2022-06-23 00:00:00,8,False,False,6634852270.557378,BELOW_PRIMARY_750
002537,SZ_MAIN,1584,GARCH_SUCCESS,2020-02-12 00:00:00,2026-08-19 00:00:00,0,True,True,8493610243.759992,PRIMARY_750_MEMBER
002539,SZ_MAIN,253,GARCH_SUCCESS,2021-05-20 00:00:00,2022-06-07 00:00:00,8,False,False,8275123319.558955,BELOW_PRIMARY_750
002540,SZ_MAIN,251,GARCH_SUCCESS,2021-06-24 00:00:00,2022-07-07 00:00:00,12,False,False,5198218462.622156,BELOW_PRIMARY_750
002541,SZ_MAIN,261,GARCH_SUCCESS,2024-05-22 00:00:00,2025-06-19 00:00:00,7,False,False,13021737906.925323,BELOW_PRIMARY_750
002543,SZ_MAIN,248,GARCH_SUCCESS,2023-06-06 00:00:00,2024-06-17 00:00:00,9,False,False,5997579842.991191,BELOW_PRIMARY_750
002544,SZ_MAIN,242,GARCH_SUCCESS,2022-07-11 00:00:00,2023-07-10 00:00:00,7,False,False,14418854608.330597,BELOW_PRIMARY_750
002545,SZ_MAIN,270,GARCH_SUCCESS,2023-05-31 00:00:00,2024-07-11 00:00:00,8,False,False,10980363354.852398,BELOW_PRIMARY_750
002546,SZ_MAIN,270,GARCH_SUCCESS,2022-04-06 00:00:00,2023-05-17 00:00:00,7,False,False,3811529633.624956,BELOW_PRIMARY_750
002548,SZ_MAIN,1249,GARCH_SUCCESS,2021-06-28 00:00:00,2026-08-19 00:00:00,2,True,True,3629585334.210435,PRIMARY_750_MEMBER
002549,SZ_MAIN,966,GARCH_SUCCESS,2022-05-30 00:00:00,2026-05-26 00:00:00,4,True,False,8361380599.971271,PRIMARY_750_MEMBER
002550,SZ_MAIN,243,GARCH_SUCCESS,2022-05-26 00:00:00,2023-05-25 00:00:00,7,False,False,5621178742.759373,BELOW_PRIMARY_750
002551,SZ_MAIN,1318,GARCH_SUCCESS,2020-02-12 00:00:00,2025-07-17 00:00:00,1,True,True,2487384610.9288416,PRIMARY_750_MEMBER
002552,SZ_MAIN,513,GARCH_SUCCESS,2022-08-12 00:00:00,2024-10-30 00:00:00,2,False,False,4259388969.199968,BELOW_PRIMARY_750
002553,SZ_MAIN,274,GARCH_SUCCESS,2021-05-06 00:00:00,2022-06-22 00:00:00,8,False,False,3626766249.372792,BELOW_PRIMARY_750
002554,SZ_MAIN,479,GARCH_SUCCESS,2020-07-20 00:00:00,2022-07-11 00:00:00,5,False,False,3416953073.3284426,BELOW_PRIMARY_750
002555,SZ_MAIN,214,GARCH_SUCCESS,2020-09-28 00:00:00,2021-08-17 00:00:00,18,False,False,32475302664.445545,BELOW_PRIMARY_750
002556,SZ_MAIN,266,GARCH_SUCCESS,2020-06-15 00:00:00,2021-07-19 00:00:00,9,False,False,6897676394.202132,BELOW_PRIMARY_750
002557,SZ_MAIN,246,GARCH_SUCCESS,2021-06-15 00:00:00,2022-06-21 00:00:00,8,False,False,19058008241.414124,BELOW_PRIMARY_750
002558,SZ_MAIN,243,GARCH_SUCCESS,2022-06-06 00:00:00,2023-06-02 00:00:00,11,False,False,31222161963.90517,BELOW_PRIMARY_750
002559,SZ_MAIN,260,GARCH_SUCCESS,2022-05-12 00:00:00,2023-06-05 00:00:00,7,False,False,4239082520.82332,BELOW_PRIMARY_750
002560,SZ_MAIN,1005,GARCH_SUCCESS,2020-08-24 00:00:00,2024-10-21 00:00:00,3,True,True,3174557984.5928483,PRIMARY_750_MEMBER
002561,SZ_MAIN,313,GARCH_SUCCESS,2025-05-12 00:00:00,2026-08-19 00:00:00,6,False,False,3636726882.8017297,BELOW_PRIMARY_750
002562,SZ_MAIN,786,GARCH_SUCCESS,2020-02-12 00:00:00,2023-05-09 00:00:00,2,True,False,3399357001.4862266,PRIMARY_750_MEMBER
002563,SZ_MAIN,247,GARCH_SUCCESS,2022-05-12 00:00:00,2023-05-17 00:00:00,9,False,False,12935741671.368986,BELOW_PRIMARY_750
002565,SZ_MAIN,1068,GARCH_SUCCESS,2020-02-12 00:00:00,2024-07-05 00:00:00,2,True,True,5397225993.312212,PRIMARY_750_MEMBER
002566,SZ_MAIN,275,GARCH_SUCCESS,2021-05-19 00:00:00,2022-07-06 00:00:00,7,False,False,1823142823.679164,BELOW_PRIMARY_750
002567,SZ_MAIN,755,GARCH_SUCCESS,2023-07-11 00:00:00,2026-08-19 00:00:00,3,True,False,8156169264.551488,PRIMARY_750_MEMBER
002568,SZ_MAIN,424,GARCH_SUCCESS,2023-08-28 00:00:00,2025-06-04 00:00:00,6,False,False,22113956019.37968,BELOW_PRIMARY_750
002570,SZ_MAIN,1584,GARCH_SUCCESS,2020-02-12 00:00:00,2026-08-19 00:00:00,0,True,True,5188197374.883347,PRIMARY_750_MEMBER
002571,SZ_MAIN,1371,GARCH_SUCCESS,2020-02-12 00:00:00,2025-09-30 00:00:00,0,True,True,2012282536.103069,PRIMARY_750_MEMBER
002572,SZ_MAIN,258,GARCH_SUCCESS,2020-04-27 00:00:00,2021-05-21 00:00:00,7,False,False,11427884285.22852,BELOW_PRIMARY_750
002573,SZ_MAIN,506,GARCH_SUCCESS,2024-07-19 00:00:00,2026-08-19 00:00:00,5,False,False,5934693616.603781,BELOW_PRIMARY_750
002574,SZ_MAIN,987,GARCH_SUCCESS,2020-06-12 00:00:00,2024-07-09 00:00:00,2,True,False,2860438938.053097,PRIMARY_750_MEMBER
002576,SZ_MAIN,260,GARCH_SUCCESS,2024-06-14 00:00:00,2025-07-10 00:00:00,7,False,False,2490677447.917023,BELOW_PRIMARY_750
002577,SZ_MAIN,1584,GARCH_SUCCESS,2020-02-12 00:00:00,2026-08-19 00:00:00,0,True,True,4171786184.950925,PRIMARY_750_MEMBER
002578,SZ_MAIN,715,GARCH_SUCCESS,2021-06-23 00:00:00,2024-06-05 00:00:00,2,False,False,3298838229.1646256,BELOW_PRIMARY_750
002579,SZ_MAIN,767,GARCH_SUCCESS,2023-06-21 00:00:00,2026-08-19 00:00:00,4,True,False,5524321119.3040695,PRIMARY_750_MEMBER
002580,SZ_MAIN,503,GARCH_SUCCESS,2021-05-21 00:00:00,2023-06-15 00:00:00,6,False,False,3792417285.022148,BELOW_PRIMARY_750
002582,SZ_MAIN,245,GARCH_SUCCESS,2022-05-31 00:00:00,2023-06-01 00:00:00,8,False,False,2977798635.267482,BELOW_PRIMARY_750
002583,SZ_MAIN,1272,GARCH_SUCCESS,2021-05-25 00:00:00,2026-08-19 00:00:00,1,True,True,9393835789.401709,PRIMARY_750_MEMBER
002584,SZ_MAIN,1070,GARCH_SUCCESS,2020-02-12 00:00:00,2024-07-09 00:00:00,2,True,True,3268037429.7270794,PRIMARY_750_MEMBER
002585,SZ_MAIN,271,GARCH_SUCCESS,2022-05-18 00:00:00,2023-06-28 00:00:00,7,False,False,10246359584.952824,BELOW_PRIMARY_750
002587,SZ_MAIN,254,GARCH_SUCCESS,2022-05-17 00:00:00,2023-05-31 00:00:00,7,False,False,2971364600.005382,BELOW_PRIMARY_750
002588,SZ_MAIN,242,GARCH_SUCCESS,2022-06-13 00:00:00,2023-06-08 00:00:00,8,False,False,6158208914.26251,BELOW_PRIMARY_750
002589,SZ_MAIN,449,GARCH_SUCCESS,2022-07-25 00:00:00,2024-06-03 00:00:00,6,False,False,4333617715.736661,BELOW_PRIMARY_750
002590,SZ_MAIN,475,GARCH_SUCCESS,2023-06-28 00:00:00,2025-06-16 00:00:00,6,False,False,5138830349.272028,BELOW_PRIMARY_750
002591,SZ_MAIN,1584,GARCH_SUCCESS,2020-02-12 00:00:00,2026-08-19 00:00:00,0,True,True,1312982427.3955913,PRIMARY_750_MEMBER
002593,SZ_MAIN,464,GARCH_SUCCESS,2022-06-27 00:00:00,2024-05-27 00:00:00,6,False,False,2276993015.034859,BELOW_PRIMARY_750
002594,SZ_MAIN,242,GARCH_SUCCESS,2025-07-30 00:00:00,2026-07-30 00:00:00,7,False,False,313768806733.6858,BELOW_PRIMARY_750
002595,SZ_MAIN,248,GARCH_SUCCESS,2023-06-30 00:00:00,2024-07-09 00:00:00,8,False,False,27322790825.67205,BELOW_PRIMARY_750
002596,SZ_MAIN,1260,GARCH_SUCCESS,2021-06-10 00:00:00,2026-08-19 00:00:00,1,True,True,3667554139.156677,PRIMARY_750_MEMBER
002597,SZ_MAIN,263,GARCH_SUCCESS,2020-04-17 00:00:00,2021-05-20 00:00:00,7,False,False,16186701244.032896,BELOW_PRIMARY_750
002599,SZ_MAIN,1043,GARCH_SUCCESS,2020-02-12 00:00:00,2024-05-30 00:00:00,3,True,True,2637060553.373298,PRIMARY_750_MEMBER
002600,SZ_MAIN,670,GARCH_SUCCESS,2020-09-25 00:00:00,2023-07-06 00:00:00,7,False,False,50931468570.47759,BELOW_PRIMARY_750
002601,SZ_MAIN,162,GARCH_SUCCESS,2025-12-18 00:00:00,2026-08-19 00:00:00,13,False,False,36706536553.178925,BELOW_PRIMARY_750
002603,SZ_MAIN,301,GARCH_SUCCESS,2024-07-22 00:00:00,2025-10-21 00:00:00,7,False,False,28904907319.5844,BELOW_PRIMARY_750
002605,SZ_MAIN,274,GARCH_SUCCESS,2021-06-21 00:00:00,2022-08-04 00:00:00,7,False,False,7701313956.584834,BELOW_PRIMARY_750
002606,SZ_MAIN,258,GARCH_SUCCESS,2022-06-14 00:00:00,2023-07-05 00:00:00,9,False,False,3786231594.323491,BELOW_PRIMARY_750
002607,SZ_MAIN,1517,GARCH_SUCCESS,2020-05-21 00:00:00,2026-08-19 00:00:00,1,True,True,17589729791.549736,PRIMARY_750_MEMBER
002608,SZ_MAIN,492,GARCH_SUCCESS,2021-07-01 00:00:00,2023-07-12 00:00:00,5,False,False,26617042634.83617,BELOW_PRIMARY_750
002609,SZ_MAIN,246,GARCH_SUCCESS,2022-06-01 00:00:00,2023-06-05 00:00:00,7,False,False,4245923263.255897,BELOW_PRIMARY_750
002611,SZ_MAIN,1287,GARCH_SUCCESS,2020-02-12 00:00:00,2025-06-04 00:00:00,3,True,True,8236687866.977007,PRIMARY_750_MEMBER
002612,SZ_MAIN,477,GARCH_SUCCESS,2022-06-13 00:00:00,2024-05-30 00:00:00,6,False,False,6056284872.5979,BELOW_PRIMARY_750
002613,SZ_MAIN,730,GARCH_SUCCESS,2021-06-23 00:00:00,2024-06-27 00:00:00,3,False,False,2654981009.9521155,BELOW_PRIMARY_750
002614,SZ_MAIN,258,GARCH_SUCCESS,2021-05-06 00:00:00,2022-05-30 00:00:00,7,False,False,3883818537.175004,BELOW_PRIMARY_750
002615,SZ_MAIN,484,GARCH_SUCCESS,2020-06-02 00:00:00,2022-06-01 00:00:00,6,False,False,1921795153.6723008,BELOW_PRIMARY_750
002616,SZ_MAIN,729,GARCH_SUCCESS,2021-05-06 00:00:00,2024-05-09 00:00:00,5,False,False,2648155945.1486244,BELOW_PRIMARY_750
002617,SZ_MAIN,1584,GARCH_SUCCESS,2020-02-12 00:00:00,2026-08-19 00:00:00,0,True,True,14058054672.256413,PRIMARY_750_MEMBER
002622,SZ_MAIN,1584,GARCH_SUCCESS,2020-02-12 00:00:00,2026-08-19 00:00:00,0,True,True,2752591680.963395,PRIMARY_750_MEMBER
002623,SZ_MAIN,447,GARCH_SUCCESS,2020-02-12 00:00:00,2021-12-10 00:00:00,5,False,False,4948541311.664303,BELOW_PRIMARY_750
002624,SZ_MAIN,256,GARCH_SUCCESS,2023-05-15 00:00:00,2024-06-04 00:00:00,7,False,False,26457886079.252747,BELOW_PRIMARY_750
002625,SZ_MAIN,698,GARCH_SUCCESS,2020-02-12 00:00:00,2022-12-22 00:00:00,3,False,False,47084025232.54627,BELOW_PRIMARY_750
002626,SZ_MAIN,254,GARCH_SUCCESS,2020-06-01 00:00:00,2021-06-17 00:00:00,7,False,False,13223714812.023676,BELOW_PRIMARY_750
002627,SZ_MAIN,465,GARCH_SUCCESS,2022-07-12 00:00:00,2024-06-13 00:00:00,6,False,False,3803749241.676464,BELOW_PRIMARY_750
002628,SZ_MAIN,763,GARCH_SUCCESS,2020-05-28 00:00:00,2023-07-19 00:00:00,2,True,False,2818247810.8842,PRIMARY_750_MEMBER
002631,SZ_MAIN,542,GARCH_SUCCESS,2024-05-29 00:00:00,2026-08-19 00:00:00,5,False,False,3903616658.0588655,BELOW_PRIMARY_750
002632,SZ_MAIN,397,GARCH_SUCCESS,2020-09-29 00:00:00,2022-05-26 00:00:00,9,False,False,4668737020.601769,BELOW_PRIMARY_750
002633,SZ_MAIN,776,GARCH_SUCCESS,2022-05-19 00:00:00,2025-08-27 00:00:00,0,True,False,1585956928.7854252,PRIMARY_750_MEMBER
002635,SZ_MAIN,315,GARCH_SUCCESS,2020-02-12 00:00:00,2021-05-28 00:00:00,6,False,False,5639300110.907112,BELOW_PRIMARY_750
002636,SZ_MAIN,353,GARCH_SUCCESS,2020-02-12 00:00:00,2021-07-22 00:00:00,6,False,False,8323078927.361891,BELOW_PRIMARY_750
002637,SZ_MAIN,261,GARCH_SUCCESS,2021-05-20 00:00:00,2022-06-17 00:00:00,7,False,False,5021482130.468391,BELOW_PRIMARY_750
002639,SZ_MAIN,1584,GARCH_SUCCESS,2020-02-12 00:00:00,2026-08-19 00:00:00,0,True,True,5977682796.367916,PRIMARY_750_MEMBER
002641,SZ_MAIN,259,GARCH_SUCCESS,2023-06-01 00:00:00,2024-06-27 00:00:00,7,False,False,5547916219.491794,BELOW_PRIMARY_750
002643,SZ_MAIN,246,GARCH_SUCCESS,2022-06-07 00:00:00,2023-06-08 00:00:00,7,False,False,13971655172.687338,BELOW_PRIMARY_750
002644,SZ_MAIN,259,GARCH_SUCCESS,2020-06-15 00:00:00,2021-07-08 00:00:00,7,False,False,4569482882.2348175,BELOW_PRIMARY_750
002645,SZ_MAIN,726,GARCH_SUCCESS,2023-06-02 00:00:00,2026-06-04 00:00:00,5,False,False,6932968357.135825,BELOW_PRIMARY_750
002646,SZ_MAIN,478,GARCH_SUCCESS,2020-07-03 00:00:00,2022-06-23 00:00:00,7,False,False,6417280294.287619,BELOW_PRIMARY_750
002648,SZ_MAIN,381,GARCH_SUCCESS,2022-10-14 00:00:00,2024-05-13 00:00:00,7,False,False,60493449169.96895,BELOW_PRIMARY_750
002649,SZ_MAIN,274,GARCH_SUCCESS,2023-05-29 00:00:00,2024-07-15 00:00:00,7,False,False,6322315446.441738,BELOW_PRIMARY_750
002651,SZ_MAIN,245,GARCH_SUCCESS,2024-07-11 00:00:00,2025-07-16 00:00:00,8,False,False,4865638092.767732,BELOW_PRIMARY_750
002652,SZ_MAIN,1584,GARCH_SUCCESS,2020-02-12 00:00:00,2026-08-19 00:00:00,0,True,True,1588412669.641778,PRIMARY_750_MEMBER
002653,SZ_MAIN,455,GARCH_SUCCESS,2022-07-06 00:00:00,2024-05-23 00:00:00,8,False,False,14919530829.045078,BELOW_PRIMARY_750
002654,SZ_MAIN,1553,GARCH_SUCCESS,2020-02-12 00:00:00,2026-07-08 00:00:00,1,True,True,7265029586.341722,PRIMARY_750_MEMBER
002655,SZ_MAIN,415,GARCH_SUCCESS,2021-09-15 00:00:00,2023-07-10 00:00:00,4,False,False,4482487828.300193,BELOW_PRIMARY_750
002657,SZ_MAIN,1238,GARCH_SUCCESS,2021-07-13 00:00:00,2026-08-19 00:00:00,1,True,True,5697157179.657497,PRIMARY_750_MEMBER
002658,SZ_MAIN,248,GARCH_SUCCESS,2025-05-06 00:00:00,2026-05-14 00:00:00,8,False,False,2753093270.1186,BELOW_PRIMARY_750
002659,SZ_MAIN,1584,GARCH_SUCCESS,2020-02-12 00:00:00,2026-08-19 00:00:00,0,True,True,2677370898.4739347,PRIMARY_750_MEMBER
002660,SZ_MAIN,802,GARCH_SUCCESS,2020-02-12 00:00:00,2023-05-31 00:00:00,3,True,False,2313863402.585285,PRIMARY_750_MEMBER
002661,SZ_MAIN,319,GARCH_SUCCESS,2023-06-06 00:00:00,2024-09-26 00:00:00,8,False,False,3437636902.0288577,BELOW_PRIMARY_750
002662,SZ_MAIN,781,GARCH_SUCCESS,2020-02-12 00:00:00,2023-04-27 00:00:00,4,True,False,5365020895.460177,PRIMARY_750_MEMBER
002663,SZ_MAIN,1584,GARCH_SUCCESS,2020-02-12 00:00:00,2026-08-19 00:00:00,0,True,True,2583599704.69432,PRIMARY_750_MEMBER
002664,SZ_MAIN,468,GARCH_SUCCESS,2024-06-12 00:00:00,2026-05-20 00:00:00,6,False,False,6678895633.411986,BELOW_PRIMARY_750
002666,SZ_MAIN,691,GARCH_SUCCESS,2021-07-09 00:00:00,2024-05-20 00:00:00,4,False,False,2293365427.652148,BELOW_PRIMARY_750
002669,SZ_MAIN,734,GARCH_SUCCESS,2021-05-18 00:00:00,2024-05-28 00:00:00,4,False,False,3433870714.058616,BELOW_PRIMARY_750
002670,SZ_MAIN,973,GARCH_SUCCESS,2022-07-15 00:00:00,2026-08-19 00:00:00,0,True,False,18054910902.78888,PRIMARY_750_MEMBER
002671,SZ_MAIN,1584,GARCH_SUCCESS,2020-02-12 00:00:00,2026-08-19 00:00:00,0,True,True,2313854530.3315287,PRIMARY_750_MEMBER
002672,SZ_MAIN,989,GARCH_SUCCESS,2022-07-22 00:00:00,2026-08-19 00:00:00,3,True,False,4212299583.664787,PRIMARY_750_MEMBER
002673,SZ_MAIN,250,GARCH_SUCCESS,2020-06-12 00:00:00,2021-06-24 00:00:00,11,False,False,29915457273.189667,BELOW_PRIMARY_750
002674,SZ_MAIN,486,GARCH_SUCCESS,2020-05-25 00:00:00,2022-05-26 00:00:00,5,False,False,3329138402.5977154,BELOW_PRIMARY_750
002675,SZ_MAIN,262,GARCH_SUCCESS,2022-06-10 00:00:00,2023-07-07 00:00:00,8,False,False,11114540055.400309,BELOW_PRIMARY_750
002676,SZ_MAIN,1133,GARCH_SUCCESS,2020-02-12 00:00:00,2024-10-15 00:00:00,3,True,True,3714194673.487007,PRIMARY_750_MEMBER
002677,SZ_MAIN,256,GARCH_SUCCESS,2025-05-29 00:00:00,2026-06-18 00:00:00,7,False,False,5268021673.855922,BELOW_PRIMARY_750
002678,SZ_MAIN,555,GARCH_SUCCESS,2024-05-10 00:00:00,2026-08-19 00:00:00,5,False,False,7496960023.647539,BELOW_PRIMARY_750
002679,SZ_MAIN,260,GARCH_SUCCESS,2023-06-09 00:00:00,2024-07-08 00:00:00,7,False,False,2669442617.6347547,BELOW_PRIMARY_750
002682,SZ_MAIN,847,GARCH_SUCCESS,2020-06-29 00:00:00,2023-12-20 00:00:00,1,True,False,2631815751.4375424,PRIMARY_750_MEMBER
002683,SZ_MAIN,232,GARCH_SUCCESS,2023-05-23 00:00:00,2024-05-09 00:00:00,9,False,False,18841116024.68379,BELOW_PRIMARY_750
002685,SZ_MAIN,1440,GARCH_SUCCESS,2020-08-11 00:00:00,2026-08-19 00:00:00,1,True,True,4491209791.066822,PRIMARY_750_MEMBER
002686,SZ_MAIN,555,GARCH_SUCCESS,2020-02-12 00:00:00,2022-05-26 00:00:00,5,False,False,2713440653.742784,BELOW_PRIMARY_750
002687,SZ_MAIN,524,GARCH_SUCCESS,2024-04-10 00:00:00,2026-06-10 00:00:00,5,False,False,1916566956.9622605,BELOW_PRIMARY_750
002688,SZ_MAIN,505,GARCH_SUCCESS,2021-05-06 00:00:00,2023-06-02 00:00:00,6,False,False,3867510184.64708,BELOW_PRIMARY_750
002690,SZ_MAIN,244,GARCH_SUCCESS,2023-05-12 00:00:00,2024-05-16 00:00:00,7,False,False,9716105078.576769,BELOW_PRIMARY_750
002695,SZ_MAIN,260,GARCH_SUCCESS,2021-05-17 00:00:00,2022-06-13 00:00:00,7,False,False,5435771825.53387,BELOW_PRIMARY_750
002696,SZ_MAIN,1532,GARCH_SUCCESS,2020-02-12 00:00:00,2026-06-08 00:00:00,1,True,True,2017956893.90218,PRIMARY_750_MEMBER
002697,SZ_MAIN,250,GARCH_SUCCESS,2024-05-15 00:00:00,2025-05-27 00:00:00,8,False,False,5807847061.682149,BELOW_PRIMARY_750
002698,SZ_MAIN,257,GARCH_SUCCESS,2022-06-20 00:00:00,2023-07-10 00:00:00,7,False,False,12067269823.46815,BELOW_PRIMARY_750
002701,SZ_MAIN,264,GARCH_SUCCESS,2021-06-10 00:00:00,2022-07-13 00:00:00,8,False,False,13105674106.512728,BELOW_PRIMARY_750
002702,SZ_MAIN,535,GARCH_SUCCESS,2024-06-07 00:00:00,2026-08-19 00:00:00,4,False,False,2189193518.571199,BELOW_PRIMARY_750
002703,SZ_MAIN,577,GARCH_SUCCESS,2020-02-12 00:00:00,2022-06-28 00:00:00,2,False,False,6291965756.008635,BELOW_PRIMARY_750
002705,SZ_MAIN,248,GARCH_SUCCESS,2020-06-08 00:00:00,2021-06-16 00:00:00,8,False,False,14602132183.10379,BELOW_PRIMARY_750
002706,SZ_MAIN,342,GARCH_SUCCESS,2021-04-28 00:00:00,2022-09-22 00:00:00,7,False,False,10115604329.662537,BELOW_PRIMARY_750
002707,SZ_MAIN,1226,GARCH_SUCCESS,2021-06-30 00:00:00,2026-08-19 00:00:00,0,True,True,5545996381.618419,PRIMARY_750_MEMBER
002708,SZ_MAIN,1275,GARCH_SUCCESS,2020-02-12 00:00:00,2025-05-16 00:00:00,0,True,True,3839165047.9772606,PRIMARY_750_MEMBER
002709,SZ_MAIN,254,GARCH_SUCCESS,2024-04-30 00:00:00,2025-05-21 00:00:00,8,False,False,52667280519.33145,BELOW_PRIMARY_750
002712,SZ_MAIN,1584,GARCH_SUCCESS,2020-02-12 00:00:00,2026-08-19 00:00:00,0,True,True,2896071135.895945,PRIMARY_750_MEMBER
002714,SZ_MAIN,354,GARCH_SUCCESS,2023-07-14 00:00:00,2024-12-27 00:00:00,8,False,False,175598203880.25824,BELOW_PRIMARY_750
002715,SZ_MAIN,692,GARCH_SUCCESS,2021-06-04 00:00:00,2024-04-12 00:00:00,3,False,False,2122930299.4459767,BELOW_PRIMARY_750
002718,SZ_MAIN,457,GARCH_SUCCESS,2021-07-08 00:00:00,2023-05-29 00:00:00,4,False,False,1268401082.9110725,BELOW_PRIMARY_750
002722,SZ_MAIN,243,GARCH_SUCCESS,2024-07-05 00:00:00,2025-07-08 00:00:00,7,False,False,2541718214.7702417,BELOW_PRIMARY_750
002723,SZ_MAIN,736,GARCH_SUCCESS,2021-06-29 00:00:00,2024-07-11 00:00:00,4,False,False,3062159371.71494,BELOW_PRIMARY_750
002724,SZ_MAIN,259,GARCH_SUCCESS,2021-05-31 00:00:00,2022-06-24 00:00:00,7,False,False,4039803416.43885,BELOW_PRIMARY_750
002725,SZ_MAIN,664,GARCH_SUCCESS,2022-05-27 00:00:00,2025-02-24 00:00:00,3,False,False,2181478098.406123,BELOW_PRIMARY_750
002727,SZ_MAIN,258,GARCH_SUCCESS,2022-05-05 00:00:00,2023-05-25 00:00:00,8,False,False,9113671622.67441,BELOW_PRIMARY_750
002728,SZ_MAIN,302,GARCH_SUCCESS,2024-04-25 00:00:00,2025-07-24 00:00:00,7,False,False,3036940423.9802976,BELOW_PRIMARY_750
002729,SZ_MAIN,350,GARCH_SUCCESS,2022-11-29 00:00:00,2024-06-13 00:00:00,8,False,False,3372306111.918792,BELOW_PRIMARY_750
002730,SZ_MAIN,251,GARCH_SUCCESS,2025-06-03 00:00:00,2026-06-15 00:00:00,7,False,False,3909615682.9979086,BELOW_PRIMARY_750
002732,SZ_MAIN,255,GARCH_SUCCESS,2021-06-15 00:00:00,2022-07-04 00:00:00,7,False,False,3043887503.9152937,BELOW_PRIMARY_750
002733,SZ_MAIN,491,GARCH_SUCCESS,2021-05-28 00:00:00,2023-06-06 00:00:00,6,False,False,6206226844.099444,BELOW_PRIMARY_750
002734,SZ_MAIN,259,GARCH_SUCCESS,2022-05-25 00:00:00,2023-06-15 00:00:00,8,False,False,4025452805.123556,BELOW_PRIMARY_750
002735,SZ_MAIN,441,GARCH_SUCCESS,2021-07-16 00:00:00,2023-05-15 00:00:00,4,False,False,3053983490.8083506,BELOW_PRIMARY_750
002736,SZ_MAIN,272,GARCH_SUCCESS,2020-04-30 00:00:00,2021-06-16 00:00:00,8,False,False,94843100168.17392,BELOW_PRIMARY_750
002737,SZ_MAIN,271,GARCH_SUCCESS,2020-05-29 00:00:00,2021-07-09 00:00:00,7,False,False,11251383302.63712,BELOW_PRIMARY_750
002738,SZ_MAIN,264,GARCH_SUCCESS,2020-05-21 00:00:00,2021-06-22 00:00:00,7,False,False,28346602652.44043,BELOW_PRIMARY_750
002739,SZ_MAIN,928,GARCH_SUCCESS,2020-02-12 00:00:00,2023-12-05 00:00:00,0,True,False,26802544531.7731,PRIMARY_750_MEMBER
002741,SZ_MAIN,946,GARCH_SUCCESS,2022-06-13 00:00:00,2026-05-11 00:00:00,2,True,False,6370980755.250024,PRIMARY_750_MEMBER
002743,SZ_MAIN,381,GARCH_SUCCESS,2024-12-23 00:00:00,2026-08-19 00:00:00,5,False,False,2470159148.6903,BELOW_PRIMARY_750
002745,SZ_MAIN,266,GARCH_SUCCESS,2025-07-17 00:00:00,2026-08-19 00:00:00,7,False,False,9893934622.724997,BELOW_PRIMARY_750
002746,SZ_MAIN,270,GARCH_SUCCESS,2020-04-27 00:00:00,2021-06-08 00:00:00,9,False,False,5117372590.976782,BELOW_PRIMARY_750
002747,SZ_MAIN,534,GARCH_SUCCESS,2024-06-11 00:00:00,2026-08-19 00:00:00,4,False,False,17087132266.333595,BELOW_PRIMARY_750
002749,SZ_MAIN,245,GARCH_SUCCESS,2020-06-01 00:00:00,2021-06-03 00:00:00,12,False,False,4630914296.230403,BELOW_PRIMARY_750
002752,SZ_MAIN,253,GARCH_SUCCESS,2021-06-15 00:00:00,2022-06-30 00:00:00,7,False,False,5257818835.13251,BELOW_PRIMARY_750
002753,SZ_MAIN,254,GARCH_SUCCESS,2022-06-07 00:00:00,2023-06-20 00:00:00,7,False,False,1889207323.0383103,BELOW_PRIMARY_750
002755,SZ_MAIN,722,GARCH_SUCCESS,2022-06-21 00:00:00,2025-06-13 00:00:00,5,False,False,10311830535.385357,BELOW_PRIMARY_750
002756,SZ_MAIN,266,GARCH_SUCCESS,2020-04-23 00:00:00,2021-05-31 00:00:00,11,False,False,22395906856.850456,BELOW_PRIMARY_750
002757,SZ_MAIN,251,GARCH_SUCCESS,2022-05-25 00:00:00,2023-06-05 00:00:00,10,False,False,4256778858.683226,BELOW_PRIMARY_750
002758,SZ_MAIN,271,GARCH_SUCCESS,2025-05-28 00:00:00,2026-07-09 00:00:00,7,False,False,3572510574.073339,BELOW_PRIMARY_750
002760,SZ_MAIN,513,GARCH_SUCCESS,2024-07-10 00:00:00,2026-08-19 00:00:00,3,False,False,1954990259.514851,BELOW_PRIMARY_750
002761,SZ_MAIN,248,GARCH_SUCCESS,2020-07-27 00:00:00,2021-08-02 00:00:00,8,False,False,9371099865.302555,BELOW_PRIMARY_750
002763,SZ_MAIN,482,GARCH_SUCCESS,2021-06-10 00:00:00,2023-06-06 00:00:00,7,False,False,1881092774.840909,BELOW_PRIMARY_750
002765,SZ_MAIN,545,GARCH_SUCCESS,2020-02-12 00:00:00,2022-05-12 00:00:00,4,False,False,4417439903.854424,BELOW_PRIMARY_750
002767,SZ_MAIN,483,GARCH_SUCCESS,2022-06-30 00:00:00,2024-06-27 00:00:00,6,False,False,1865787529.429453,BELOW_PRIMARY_750
002768,SZ_MAIN,252,GARCH_SUCCESS,2024-05-30 00:00:00,2025-06-16 00:00:00,7,False,False,5005583930.350434,BELOW_PRIMARY_750
002769,SZ_MAIN,846,GARCH_SUCCESS,2022-06-10 00:00:00,2025-12-03 00:00:00,4,True,False,2538861312.209805,PRIMARY_750_MEMBER
002771,SZ_MAIN,475,GARCH_SUCCESS,2023-07-06 00:00:00,2025-06-24 00:00:00,5,False,False,2640989316.7423973,BELOW_PRIMARY_750
002772,SZ_MAIN,245,GARCH_SUCCESS,2023-05-10 00:00:00,2024-05-15 00:00:00,8,False,False,3360793177.4636207,BELOW_PRIMARY_750
002773,SZ_MAIN,246,GARCH_SUCCESS,2024-05-29 00:00:00,2025-06-05 00:00:00,7,False,False,14626616844.367144,BELOW_PRIMARY_750
002774,SZ_MAIN,257,GARCH_SUCCESS,2020-05-25 00:00:00,2021-06-15 00:00:00,7,False,False,2254186557.685913,BELOW_PRIMARY_750
002775,SZ_MAIN,1106,GARCH_SUCCESS,2021-12-24 00:00:00,2026-08-19 00:00:00,3,True,True,1722101336.880517,PRIMARY_750_MEMBER
002777,SZ_MAIN,264,GARCH_SUCCESS,2023-05-18 00:00:00,2024-06-20 00:00:00,7,False,False,7601001736.254746,BELOW_PRIMARY_750
002778,SZ_MAIN,763,GARCH_SUCCESS,2022-05-24 00:00:00,2025-07-15 00:00:00,3,True,False,1974607583.664378,PRIMARY_750_MEMBER
002779,SZ_MAIN,477,GARCH_SUCCESS,2020-07-24 00:00:00,2022-07-13 00:00:00,6,False,False,6241069558.749558,BELOW_PRIMARY_750
002780,SZ_MAIN,1528,GARCH_SUCCESS,2020-02-12 00:00:00,2026-06-02 00:00:00,1,True,True,1686602559.4373612,PRIMARY_750_MEMBER
002782,SZ_MAIN,268,GARCH_SUCCESS,2021-05-13 00:00:00,2022-06-21 00:00:00,7,False,False,7005723494.240852,BELOW_PRIMARY_750
002783,SZ_MAIN,471,GARCH_SUCCESS,2021-07-16 00:00:00,2023-06-28 00:00:00,6,False,False,3312125368.451013,BELOW_PRIMARY_750
002785,SZ_MAIN,1231,GARCH_SUCCESS,2021-07-22 00:00:00,2026-08-19 00:00:00,1,True,True,4759066578.116243,PRIMARY_750_MEMBER
002786,SZ_MAIN,1160,GARCH_SUCCESS,2021-10-11 00:00:00,2026-08-19 00:00:00,0,True,True,3989035992.983871,PRIMARY_750_MEMBER
002787,SZ_MAIN,951,GARCH_SUCCESS,2021-06-15 00:00:00,2025-05-20 00:00:00,3,True,False,1846015549.1822128,PRIMARY_750_MEMBER
002788,SZ_MAIN,262,GARCH_SUCCESS,2021-06-04 00:00:00,2022-07-05 00:00:00,8,False,False,3432823403.9302254,BELOW_PRIMARY_750
002790,SZ_MAIN,250,GARCH_SUCCESS,2023-06-02 00:00:00,2024-06-17 00:00:00,8,False,False,2183135943.128021,BELOW_PRIMARY_750
002791,SZ_MAIN,305,GARCH_SUCCESS,2025-05-22 00:00:00,2026-08-19 00:00:00,6,False,False,11748005050.004562,BELOW_PRIMARY_750
002792,SZ_MAIN,263,GARCH_SUCCESS,2022-06-08 00:00:00,2023-07-06 00:00:00,7,False,False,4603274018.785149,BELOW_PRIMARY_750
002793,SZ_MAIN,1037,GARCH_SUCCESS,2022-05-16 00:00:00,2026-08-19 00:00:00,3,True,True,4739228840.348794,PRIMARY_750_MEMBER
002795,SZ_MAIN,650,GARCH_SUCCESS,2023-11-14 00:00:00,2026-08-19 00:00:00,2,False,False,2310886648.23389,BELOW_PRIMARY_750
002796,SZ_MAIN,1511,GARCH_SUCCESS,2020-05-29 00:00:00,2026-08-19 00:00:00,1,True,True,3040295538.13749,PRIMARY_750_MEMBER
002797,SZ_MAIN,294,GARCH_SUCCESS,2020-05-25 00:00:00,2021-08-05 00:00:00,10,False,False,27223088921.279163,BELOW_PRIMARY_750
002798,SZ_MAIN,725,GARCH_SUCCESS,2022-06-06 00:00:00,2025-06-03 00:00:00,3,False,False,2209769049.625488,BELOW_PRIMARY_750
002799,SZ_MAIN,533,GARCH_SUCCESS,2021-05-28 00:00:00,2023-08-07 00:00:00,4,False,False,2965789434.1689463,BELOW_PRIMARY_750
002801,SZ_MAIN,258,GARCH_SUCCESS,2023-05-18 00:00:00,2024-06-12 00:00:00,9,False,False,2997604089.34111,BELOW_PRIMARY_750
002802,SZ_MAIN,288,GARCH_SUCCESS,2023-05-15 00:00:00,2024-07-19 00:00:00,9,False,False,2183703605.219389,BELOW_PRIMARY_750
002803,SZ_MAIN,401,GARCH_SUCCESS,2021-07-13 00:00:00,2023-03-09 00:00:00,9,False,False,4787080917.23181,BELOW_PRIMARY_750
002805,SZ_MAIN,784,GARCH_SUCCESS,2023-05-29 00:00:00,2026-08-19 00:00:00,2,True,False,3997621031.132784,PRIMARY_750_MEMBER
002806,SZ_MAIN,1329,GARCH_SUCCESS,2020-06-01 00:00:00,2025-11-21 00:00:00,1,True,True,1783589477.314297,PRIMARY_750_MEMBER
002807,SZ_MAIN,259,GARCH_SUCCESS,2022-05-16 00:00:00,2023-06-06 00:00:00,8,False,False,9521529151.346846,BELOW_PRIMARY_750
002809,SZ_MAIN,404,GARCH_SUCCESS,2020-09-24 00:00:00,2022-06-01 00:00:00,7,False,False,1393905073.917699,BELOW_PRIMARY_750
002810,SZ_MAIN,270,GARCH_SUCCESS,2021-06-03 00:00:00,2022-07-14 00:00:00,8,False,False,8025104708.205173,BELOW_PRIMARY_750
002811,SZ_MAIN,456,GARCH_SUCCESS,2022-07-08 00:00:00,2024-05-28 00:00:00,8,False,False,2367708367.2622123,BELOW_PRIMARY_750
002812,SZ_MAIN,362,GARCH_SUCCESS,2024-06-04 00:00:00,2025-11-28 00:00:00,7,False,False,83009352488.37027,BELOW_PRIMARY_750
002813,SZ_MAIN,838,GARCH_SUCCESS,2023-02-07 00:00:00,2026-08-19 00:00:00,0,True,False,3093044271.9452653,PRIMARY_750_MEMBER
002815,SZ_MAIN,245,GARCH_SUCCESS,2025-05-23 00:00:00,2026-05-28 00:00:00,7,False,False,6478474257.517732,BELOW_PRIMARY_750
002817,SZ_MAIN,266,GARCH_SUCCESS,2022-05-05 00:00:00,2023-06-06 00:00:00,9,False,False,2077440209.1438053,BELOW_PRIMARY_750
002818,SZ_MAIN,244,GARCH_SUCCESS,2021-05-10 00:00:00,2022-05-12 00:00:00,11,False,False,3805108269.766798,BELOW_PRIMARY_750
002819,SZ_MAIN,282,GARCH_SUCCESS,2022-06-20 00:00:00,2023-08-14 00:00:00,7,False,False,5470414474.675282,BELOW_PRIMARY_750
002820,SZ_MAIN,259,GARCH_SUCCESS,2025-06-16 00:00:00,2026-07-09 00:00:00,7,False,False,2070856253.727812,BELOW_PRIMARY_750
002821,SZ_MAIN,253,GARCH_SUCCESS,2020-06-29 00:00:00,2021-07-12 00:00:00,7,False,False,47468423084.413925,BELOW_PRIMARY_750
002823,SZ_MAIN,248,GARCH_SUCCESS,2022-06-02 00:00:00,2023-06-08 00:00:00,10,False,False,2286709934.715632,BELOW_PRIMARY_750
002824,SZ_MAIN,265,GARCH_SUCCESS,2022-06-02 00:00:00,2023-07-05 00:00:00,7,False,False,3843225522.5082617,BELOW_PRIMARY_750
002825,SZ_MAIN,265,GARCH_SUCCESS,2022-06-06 00:00:00,2023-07-06 00:00:00,8,False,False,2119450499.1098447,BELOW_PRIMARY_750
002826,SZ_MAIN,242,GARCH_SUCCESS,2020-07-15 00:00:00,2021-07-13 00:00:00,7,False,False,1973249343.00958,BELOW_PRIMARY_750
002827,SZ_MAIN,282,GARCH_SUCCESS,2021-06-28 00:00:00,2022-08-23 00:00:00,9,False,False,5299021907.877514,BELOW_PRIMARY_750
002828,SZ_MAIN,478,GARCH_SUCCESS,2022-06-29 00:00:00,2024-06-19 00:00:00,5,False,False,1689310925.0176897,BELOW_PRIMARY_750
002829,SZ_MAIN,759,GARCH_SUCCESS,2023-07-05 00:00:00,2026-08-19 00:00:00,3,True,False,3335531220.7988176,PRIMARY_750_MEMBER
002830,SZ_MAIN,251,GARCH_SUCCESS,2020-05-27 00:00:00,2021-06-08 00:00:00,7,False,False,871544023.1898632,BELOW_PRIMARY_750
002831,SZ_MAIN,241,GARCH_SUCCESS,2022-06-13 00:00:00,2023-06-07 00:00:00,10,False,False,14228382003.739107,BELOW_PRIMARY_750
002832,SZ_MAIN,286,GARCH_SUCCESS,2023-06-13 00:00:00,2024-08-15 00:00:00,8,False,False,9200544734.643764,BELOW_PRIMARY_750
002833,SZ_MAIN,253,GARCH_SUCCESS,2021-06-04 00:00:00,2022-06-22 00:00:00,10,False,False,4809635494.215261,BELOW_PRIMARY_750
002835,SZ_MAIN,267,GARCH_SUCCESS,2024-05-31 00:00:00,2025-07-08 00:00:00,7,False,False,1881945239.3631773,BELOW_PRIMARY_750
002836,SZ_MAIN,257,GARCH_SUCCESS,2021-06-17 00:00:00,2022-07-08 00:00:00,7,False,False,1879957316.170555,BELOW_PRIMARY_750
002837,SZ_MAIN,244,GARCH_SUCCESS,2023-05-22 00:00:00,2024-05-24 00:00:00,7,False,False,22314443005.286148,BELOW_PRIMARY_750
002838,SZ_MAIN,252,GARCH_SUCCESS,2022-06-06 00:00:00,2023-06-15 00:00:00,10,False,False,6626232001.46738,BELOW_PRIMARY_750
002839,SZ_MAIN,261,GARCH_SUCCESS,2022-05-06 00:00:00,2023-05-31 00:00:00,8,False,False,9604900732.162428,BELOW_PRIMARY_750
002840,SZ_MAIN,762,GARCH_SUCCESS,2023-06-30 00:00:00,2026-08-19 00:00:00,3,True,False,7076026202.267643,PRIMARY_750_MEMBER
002841,SZ_MAIN,252,GARCH_SUCCESS,2022-05-25 00:00:00,2023-06-06 00:00:00,7,False,False,26931744826.95224,BELOW_PRIMARY_750
002842,SZ_MAIN,971,GARCH_SUCCESS,2022-06-13 00:00:00,2026-06-15 00:00:00,3,True,False,2354463796.842397,PRIMARY_750_MEMBER
002843,SZ_MAIN,509,GARCH_SUCCESS,2022-03-31 00:00:00,2024-05-10 00:00:00,5,False,False,4027492235.1244726,BELOW_PRIMARY_750
002845,SZ_MAIN,451,GARCH_SUCCESS,2022-07-06 00:00:00,2024-05-17 00:00:00,6,False,False,3643548877.382228,BELOW_PRIMARY_750
002846,SZ_MAIN,777,GARCH_SUCCESS,2021-03-31 00:00:00,2024-06-17 00:00:00,4,True,False,2428832646.6460342,PRIMARY_750_MEMBER
002847,SZ_MAIN,282,GARCH_SUCCESS,2020-04-15 00:00:00,2021-06-15 00:00:00,9,False,False,12820547388.155329,BELOW_PRIMARY_750
002849,SZ_MAIN,255,GARCH_SUCCESS,2025-06-24 00:00:00,2026-07-13 00:00:00,7,False,False,2380178417.2804346,BELOW_PRIMARY_750
002850,SZ_MAIN,252,GARCH_SUCCESS,2022-05-06 00:00:00,2023-05-18 00:00:00,7,False,False,20789881262.090763,BELOW_PRIMARY_750
002851,SZ_MAIN,267,GARCH_SUCCESS,2023-06-07 00:00:00,2024-07-15 00:00:00,7,False,False,17836652482.183666,BELOW_PRIMARY_750
002852,SZ_MAIN,607,GARCH_SUCCESS,2021-05-27 00:00:00,2023-11-24 00:00:00,8,False,False,2975595442.197104,BELOW_PRIMARY_750
002853,SZ_MAIN,721,GARCH_SUCCESS,2021-07-15 00:00:00,2024-07-08 00:00:00,3,False,False,1890368309.215145,BELOW_PRIMARY_750
002855,SZ_MAIN,1269,GARCH_SUCCESS,2021-05-28 00:00:00,2026-08-19 00:00:00,2,True,True,3849132366.5418334,PRIMARY_750_MEMBER
002857,SZ_MAIN,814,GARCH_SUCCESS,2021-01-05 00:00:00,2024-06-19 00:00:00,3,True,False,2010410969.4034915,PRIMARY_750_MEMBER
002858,SZ_MAIN,1584,GARCH_SUCCESS,2020-02-12 00:00:00,2026-08-19 00:00:00,0,True,True,1967432883.2274733,PRIMARY_750_MEMBER
002859,SZ_MAIN,250,GARCH_SUCCESS,2022-06-13 00:00:00,2023-06-20 00:00:00,9,False,False,10736322615.368011,BELOW_PRIMARY_750
002860,SZ_MAIN,263,GARCH_SUCCESS,2020-05-08 00:00:00,2021-06-07 00:00:00,7,False,False,3140181097.577176,BELOW_PRIMARY_750
002861,SZ_MAIN,729,GARCH_SUCCESS,2021-05-26 00:00:00,2024-05-29 00:00:00,4,False,False,1626991498.8466454,BELOW_PRIMARY_750
002862,SZ_MAIN,1200,GARCH_SUCCESS,2020-06-01 00:00:00,2025-05-15 00:00:00,2,True,True,1614873572.6351569,PRIMARY_750_MEMBER
002863,SZ_MAIN,284,GARCH_SUCCESS,2020-04-30 00:00:00,2021-07-02 00:00:00,8,False,False,2810482383.5770235,BELOW_PRIMARY_750
002864,SZ_MAIN,242,GARCH_SUCCESS,2022-06-01 00:00:00,2023-05-30 00:00:00,9,False,False,2063006146.7881496,BELOW_PRIMARY_750
002865,SZ_MAIN,561,GARCH_SUCCESS,2024-04-29 00:00:00,2026-08-19 00:00:00,4,False,False,13817123461.68036,BELOW_PRIMARY_750
002866,SZ_MAIN,475,GARCH_SUCCESS,2024-05-17 00:00:00,2026-05-06 00:00:00,6,False,False,3596642777.183524,BELOW_PRIMARY_750
002867,SZ_MAIN,251,GARCH_SUCCESS,2020-06-04 00:00:00,2021-06-17 00:00:00,11,False,False,16389707647.816835,BELOW_PRIMARY_750
002869,SZ_MAIN,485,GARCH_SUCCESS,2021-07-06 00:00:00,2023-07-06 00:00:00,5,False,False,3413886693.953765,BELOW_PRIMARY_750
002870,SZ_MAIN,469,GARCH_SUCCESS,2021-06-11 00:00:00,2023-05-19 00:00:00,6,False,False,3325756232.168472,BELOW_PRIMARY_750
002871,SZ_MAIN,266,GARCH_SUCCESS,2023-05-04 00:00:00,2024-06-07 00:00:00,9,False,False,1331823487.7225745,BELOW_PRIMARY_750
002873,SZ_MAIN,236,GARCH_SUCCESS,2025-06-04 00:00:00,2026-05-26 00:00:00,10,False,False,2539160021.6619787,BELOW_PRIMARY_750
002875,SZ_MAIN,1190,GARCH_SUCCESS,2020-07-02 00:00:00,2025-05-30 00:00:00,1,True,True,1955771939.2889905,PRIMARY_750_MEMBER
002876,SZ_MAIN,255,GARCH_SUCCESS,2021-04-26 00:00:00,2022-05-18 00:00:00,7,False,False,5224152803.764087,BELOW_PRIMARY_750
002877,SZ_MAIN,260,GARCH_SUCCESS,2024-06-26 00:00:00,2025-07-22 00:00:00,7,False,False,1804555805.3497264,BELOW_PRIMARY_750
002878,SZ_MAIN,542,GARCH_SUCCESS,2024-05-29 00:00:00,2026-08-19 00:00:00,5,False,False,3543969476.328604,BELOW_PRIMARY_750
002879,SZ_MAIN,270,GARCH_SUCCESS,2020-04-15 00:00:00,2021-05-27 00:00:00,7,False,False,2206251897.241601,BELOW_PRIMARY_750
002880,SZ_MAIN,271,GARCH_SUCCESS,2020-04-30 00:00:00,2021-06-15 00:00:00,9,False,False,6752173079.379644,BELOW_PRIMARY_750
002881,SZ_MAIN,275,GARCH_SUCCESS,2025-06-03 00:00:00,2026-07-20 00:00:00,7,False,False,5427835343.374425,BELOW_PRIMARY_750
002882,SZ_MAIN,279,GARCH_SUCCESS,2020-06-01 00:00:00,2021-07-22 00:00:00,7,False,False,4760686554.893403,BELOW_PRIMARY_750
002884,SZ_MAIN,241,GARCH_SUCCESS,2024-05-17 00:00:00,2025-05-16 00:00:00,8,False,False,5076220993.610096,BELOW_PRIMARY_750
002885,SZ_MAIN,261,GARCH_SUCCESS,2020-05-15 00:00:00,2021-06-10 00:00:00,7,False,False,3593538007.166436,BELOW_PRIMARY_750
002886,SZ_MAIN,267,GARCH_SUCCESS,2021-05-14 00:00:00,2022-06-21 00:00:00,7,False,False,3540842705.230652,BELOW_PRIMARY_750
002887,SZ_MAIN,515,GARCH_SUCCESS,2021-04-14 00:00:00,2023-05-30 00:00:00,6,False,False,1522382655.5075543,BELOW_PRIMARY_750
002888,SZ_MAIN,730,GARCH_SUCCESS,2021-06-04 00:00:00,2024-06-11 00:00:00,5,False,False,1162555150.5342398,BELOW_PRIMARY_750
002889,SZ_MAIN,248,GARCH_SUCCESS,2025-06-03 00:00:00,2026-06-10 00:00:00,7,False,False,2841388817.4894047,BELOW_PRIMARY_750
002890,SZ_MAIN,252,GARCH_SUCCESS,2021-05-21 00:00:00,2022-06-07 00:00:00,7,False,False,1618217353.046605,BELOW_PRIMARY_750
002891,SZ_MAIN,248,GARCH_SUCCESS,2022-05-17 00:00:00,2023-05-23 00:00:00,9,False,False,9642010410.506332,BELOW_PRIMARY_750
002892,SZ_MAIN,258,GARCH_SUCCESS,2024-05-30 00:00:00,2025-06-24 00:00:00,7,False,False,4057746820.2061934,BELOW_PRIMARY_750
002893,SZ_MAIN,390,GARCH_SUCCESS,2020-06-24 00:00:00,2022-01-28 00:00:00,5,False,False,1998968818.910404,BELOW_PRIMARY_750
002895,SZ_MAIN,492,GARCH_SUCCESS,2020-05-11 00:00:00,2022-05-20 00:00:00,7,False,False,12806849190.547209,BELOW_PRIMARY_750
002896,SZ_MAIN,261,GARCH_SUCCESS,2022-05-30 00:00:00,2023-06-26 00:00:00,7,False,False,6632615407.5732975,BELOW_PRIMARY_750
002897,SZ_MAIN,241,GARCH_SUCCESS,2022-07-13 00:00:00,2023-07-11 00:00:00,7,False,False,7089495886.688012,BELOW_PRIMARY_750
002899,SZ_MAIN,325,GARCH_SUCCESS,2020-02-12 00:00:00,2021-06-11 00:00:00,6,False,False,2253301369.9074574,BELOW_PRIMARY_750
002900,SZ_MAIN,299,GARCH_SUCCESS,2025-05-30 00:00:00,2026-08-19 00:00:00,6,False,False,2409563674.5809574,BELOW_PRIMARY_750
002901,SZ_MAIN,515,GARCH_SUCCESS,2022-05-10 00:00:00,2024-06-21 00:00:00,6,False,False,13224058009.486387,BELOW_PRIMARY_750
002902,SZ_MAIN,771,GARCH_SUCCESS,2023-06-15 00:00:00,2026-08-19 00:00:00,2,True,False,3005674319.475656,PRIMARY_750_MEMBER
002903,SZ_MAIN,305,GARCH_SUCCESS,2020-02-12 00:00:00,2021-05-14 00:00:00,5,False,False,1956826590.0020435,BELOW_PRIMARY_750
002905,SZ_MAIN,1516,GARCH_SUCCESS,2020-05-22 00:00:00,2026-08-19 00:00:00,1,True,True,3004801668.2220435,PRIMARY_750_MEMBER
002906,SZ_MAIN,257,GARCH_SUCCESS,2023-05-25 00:00:00,2024-06-18 00:00:00,7,False,False,17029655887.779823,BELOW_PRIMARY_750
002907,SZ_MAIN,254,GARCH_SUCCESS,2021-06-25 00:00:00,2022-07-13 00:00:00,9,False,False,4510360046.36342,BELOW_PRIMARY_750
002908,SZ_MAIN,251,GARCH_SUCCESS,2022-05-26 00:00:00,2023-06-06 00:00:00,7,False,False,3099564885.294095,BELOW_PRIMARY_750
002909,SZ_MAIN,312,GARCH_SUCCESS,2025-05-13 00:00:00,2026-08-19 00:00:00,6,False,False,2543092990.5239906,BELOW_PRIMARY_750
002910,SZ_MAIN,748,GARCH_SUCCESS,2023-07-20 00:00:00,2026-08-19 00:00:00,4,False,False,1725595670.6645212,BELOW_PRIMARY_750
002911,SZ_MAIN,264,GARCH_SUCCESS,2021-04-23 00:00:00,2022-05-30 00:00:00,9,False,False,12351282388.398293,BELOW_PRIMARY_750
002912,SZ_MAIN,671,GARCH_SUCCESS,2021-07-12 00:00:00,2024-04-18 00:00:00,5,False,False,4358082044.953669,BELOW_PRIMARY_750
002913,SZ_MAIN,368,GARCH_SUCCESS,2022-05-23 00:00:00,2023-11-23 00:00:00,8,False,False,8851780128.113821,BELOW_PRIMARY_750
002915,SZ_MAIN,769,GARCH_SUCCESS,2023-06-19 00:00:00,2026-08-19 00:00:00,4,True,False,4542143399.1359215,PRIMARY_750_MEMBER
002916,SZ_MAIN,254,GARCH_SUCCESS,2020-05-14 00:00:00,2021-05-31 00:00:00,7,False,False,62464751450.8527,BELOW_PRIMARY_750
002917,SZ_MAIN,259,GARCH_SUCCESS,2020-05-28 00:00:00,2021-06-22 00:00:00,8,False,False,2639926746.6387267,BELOW_PRIMARY_750
002918,SZ_MAIN,279,GARCH_SUCCESS,2021-05-12 00:00:00,2022-07-05 00:00:00,7,False,False,3482310340.1718507,BELOW_PRIMARY_750
002919,SZ_MAIN,246,GARCH_SUCCESS,2025-06-03 00:00:00,2026-06-08 00:00:00,7,False,False,4715460667.086662,BELOW_PRIMARY_750
002920,SZ_MAIN,239,GARCH_SUCCESS,2021-05-24 00:00:00,2022-05-19 00:00:00,7,False,False,65289486177.8981,BELOW_PRIMARY_750
002921,SZ_MAIN,534,GARCH_SUCCESS,2024-06-11 00:00:00,2026-08-19 00:00:00,5,False,False,1580719341.449107,BELOW_PRIMARY_750
002922,SZ_MAIN,250,GARCH_SUCCESS,2020-04-29 00:00:00,2021-05-13 00:00:00,8,False,False,6051641568.884464,BELOW_PRIMARY_750
002923,SZ_MAIN,298,GARCH_SUCCESS,2025-06-03 00:00:00,2026-08-19 00:00:00,6,False,False,3210804057.2891874,BELOW_PRIMARY_750
002925,SZ_MAIN,260,GARCH_SUCCESS,2021-04-22 00:00:00,2022-05-23 00:00:00,8,False,False,15433235118.401794,BELOW_PRIMARY_750
002926,SZ_MAIN,248,GARCH_SUCCESS,2022-08-17 00:00:00,2023-08-24 00:00:00,8,False,False,21719155192.05869,BELOW_PRIMARY_750
002927,SZ_MAIN,280,GARCH_SUCCESS,2025-06-27 00:00:00,2026-08-19 00:00:00,7,False,False,2916872019.150837,BELOW_PRIMARY_750
002928,SZ_MAIN,1235,GARCH_SUCCESS,2021-07-16 00:00:00,2026-08-19 00:00:00,2,True,True,10900273421.612236,PRIMARY_750_MEMBER
002929,SZ_MAIN,263,GARCH_SUCCESS,2021-06-08 00:00:00,2022-07-08 00:00:00,7,False,False,7208903702.363129,BELOW_PRIMARY_750
002930,SZ_MAIN,285,GARCH_SUCCESS,2020-05-06 00:00:00,2021-07-06 00:00:00,7,False,False,7191095733.273129,BELOW_PRIMARY_750
002931,SZ_MAIN,387,GARCH_SUCCESS,2022-06-30 00:00:00,2024-01-29 00:00:00,6,False,False,3242383099.507948,BELOW_PRIMARY_750
002933,SZ_MAIN,353,GARCH_SUCCESS,2022-12-23 00:00:00,2024-07-12 00:00:00,5,False,False,2923513823.477814,BELOW_PRIMARY_750
002935,SZ_MAIN,247,GARCH_SUCCESS,2021-06-15 00:00:00,2022-06-22 00:00:00,7,False,False,6065573240.773484,BELOW_PRIMARY_750
002936,SZ_MAIN,488,GARCH_SUCCESS,2023-07-04 00:00:00,2025-07-09 00:00:00,4,False,False,13686923920.09539,BELOW_PRIMARY_750
002937,SZ_MAIN,261,GARCH_SUCCESS,2022-05-06 00:00:00,2023-05-31 00:00:00,9,False,False,5236411394.07263,BELOW_PRIMARY_750
002938,SZ_MAIN,246,GARCH_SUCCESS,2022-06-09 00:00:00,2023-06-12 00:00:00,7,False,False,71867015224.47629,BELOW_PRIMARY_750
002939,SZ_MAIN,282,GARCH_SUCCESS,2022-05-26 00:00:00,2023-07-21 00:00:00,9,False,False,28728387383.77939,BELOW_PRIMARY_750
002940,SZ_MAIN,258,GARCH_SUCCESS,2023-05-22 00:00:00,2024-06-14 00:00:00,9,False,False,3750677550.1048255,BELOW_PRIMARY_750
002941,SZ_MAIN,250,GARCH_SUCCESS,2025-06-26 00:00:00,2026-07-08 00:00:00,7,False,False,8082358787.78251,BELOW_PRIMARY_750
002942,SZ_MAIN,257,GARCH_SUCCESS,2020-06-22 00:00:00,2021-07-13 00:00:00,7,False,False,2154035355.528873,BELOW_PRIMARY_750
002943,SZ_MAIN,498,GARCH_SUCCESS,2024-05-16 00:00:00,2026-06-05 00:00:00,4,False,False,3182459462.9293003,BELOW_PRIMARY_750
002945,SZ_MAIN,284,GARCH_SUCCESS,2025-05-16 00:00:00,2026-07-16 00:00:00,7,False,False,33699384341.35634,BELOW_PRIMARY_750
002946,SZ_MAIN,252,GARCH_SUCCESS,2023-06-21 00:00:00,2024-07-08 00:00:00,9,False,False,10224063218.2786,BELOW_PRIMARY_750
002947,SZ_MAIN,260,GARCH_SUCCESS,2022-03-24 00:00:00,2023-04-19 00:00:00,7,False,False,4686115359.355824,BELOW_PRIMARY_750
002948,SZ_MAIN,257,GARCH_SUCCESS,2022-06-01 00:00:00,2023-06-20 00:00:00,8,False,False,10505334561.294592,BELOW_PRIMARY_750
002949,SZ_MAIN,255,GARCH_SUCCESS,2024-05-09 00:00:00,2025-05-28 00:00:00,7,False,False,2006481136.6002576,BELOW_PRIMARY_750
002950,SZ_MAIN,247,GARCH_SUCCESS,2020-06-08 00:00:00,2021-06-15 00:00:00,7,False,False,4188811070.688873,BELOW_PRIMARY_750
002952,SZ_MAIN,246,GARCH_SUCCESS,2022-06-07 00:00:00,2023-06-08 00:00:00,7,False,False,2325874697.489139,BELOW_PRIMARY_750
002953,SZ_MAIN,254,GARCH_SUCCESS,2022-06-17 00:00:00,2023-07-04 00:00:00,7,False,False,2249895590.036509,BELOW_PRIMARY_750
002955,SZ_MAIN,746,GARCH_SUCCESS,2020-06-08 00:00:00,2023-07-05 00:00:00,4,False,False,4117324561.991429,BELOW_PRIMARY_750
002956,SZ_MAIN,251,GARCH_SUCCESS,2020-07-06 00:00:00,2021-07-15 00:00:00,7,False,False,3280081834.5854063,BELOW_PRIMARY_750
002957,SZ_MAIN,250,GARCH_SUCCESS,2021-06-28 00:00:00,2022-07-08 00:00:00,7,False,False,6232784533.77753,BELOW_PRIMARY_750
002958,SZ_MAIN,483,GARCH_SUCCESS,2022-07-11 00:00:00,2024-07-08 00:00:00,6,False,False,14060154396.382074,BELOW_PRIMARY_750
002959,SZ_MAIN,258,GARCH_SUCCESS,2024-05-31 00:00:00,2025-06-25 00:00:00,7,False,False,7201968500.31885,BELOW_PRIMARY_750
002960,SZ_MAIN,264,GARCH_SUCCESS,2024-05-06 00:00:00,2025-06-06 00:00:00,7,False,False,8459095036.315181,BELOW_PRIMARY_750
002961,SZ_MAIN,256,GARCH_SUCCESS,2020-04-10 00:00:00,2021-04-29 00:00:00,9,False,False,5967713629.834826,BELOW_PRIMARY_750
002962,SZ_MAIN,251,GARCH_SUCCESS,2023-05-24 00:00:00,2024-06-06 00:00:00,7,False,False,2699397866.212615,BELOW_PRIMARY_750
002963,SZ_MAIN,947,GARCH_SUCCESS,2021-06-22 00:00:00,2025-05-21 00:00:00,3,True,False,1441355140.4572003,PRIMARY_750_MEMBER
002965,SZ_MAIN,257,GARCH_SUCCESS,2020-04-22 00:00:00,2021-05-17 00:00:00,7,False,False,4929698903.706516,BELOW_PRIMARY_750
002966,SZ_MAIN,256,GARCH_SUCCESS,2022-05-12 00:00:00,2023-05-30 00:00:00,9,False,False,24444571029.22998,BELOW_PRIMARY_750
002967,SZ_MAIN,492,GARCH_SUCCESS,2020-04-28 00:00:00,2022-05-12 00:00:00,8,False,False,8120717755.495261,BELOW_PRIMARY_750
002968,SZ_MAIN,258,GARCH_SUCCESS,2021-05-06 00:00:00,2022-05-30 00:00:00,8,False,False,2647873636.323204,BELOW_PRIMARY_750
002969,SZ_MAIN,249,GARCH_SUCCESS,2022-05-31 00:00:00,2023-06-07 00:00:00,9,False,False,3882905746.991285,BELOW_PRIMARY_750
002970,SZ_MAIN,252,GARCH_SUCCESS,2021-05-26 00:00:00,2022-06-10 00:00:00,9,False,False,4010138461.773315,BELOW_PRIMARY_750
002971,SZ_MAIN,507,GARCH_SUCCESS,2022-06-02 00:00:00,2024-07-04 00:00:00,7,False,False,3072498917.059871,BELOW_PRIMARY_750
002972,SZ_MAIN,248,GARCH_SUCCESS,2020-05-20 00:00:00,2021-05-27 00:00:00,9,False,False,1328670095.6390426,BELOW_PRIMARY_750
002973,SZ_MAIN,278,GARCH_SUCCESS,2021-05-25 00:00:00,2022-07-15 00:00:00,8,False,False,2302054073.3223248,BELOW_PRIMARY_750
002975,SZ_MAIN,736,GARCH_SUCCESS,2022-06-14 00:00:00,2025-06-26 00:00:00,7,False,False,3142942099.201102,BELOW_PRIMARY_750
002976,SZ_MAIN,708,GARCH_SUCCESS,2021-06-17 00:00:00,2024-05-21 00:00:00,5,False,False,1410882911.5645616,BELOW_PRIMARY_750
002978,SZ_MAIN,269,GARCH_SUCCESS,2025-06-05 00:00:00,2026-07-14 00:00:00,12,False,False,7562104776.156123,BELOW_PRIMARY_750
002979,SZ_MAIN,275,GARCH_SUCCESS,2023-05-31 00:00:00,2024-07-18 00:00:00,8,False,False,5496246800.03337,BELOW_PRIMARY_750
002980,SZ_MAIN,293,GARCH_SUCCESS,2025-06-10 00:00:00,2026-08-19 00:00:00,7,False,False,1832835155.6773608,BELOW_PRIMARY_750
002981,SZ_MAIN,466,GARCH_SUCCESS,2021-06-30 00:00:00,2023-06-01 00:00:00,7,False,False,1906457854.5110292,BELOW_PRIMARY_750
002982,SZ_MAIN,503,GARCH_SUCCESS,2021-05-13 00:00:00,2023-06-07 00:00:00,8,False,False,1895134433.487554,BELOW_PRIMARY_750
002983,SZ_MAIN,268,GARCH_SUCCESS,2020-04-29 00:00:00,2021-07-08 00:00:00,8,False,False,1990601090.4580448,BELOW_PRIMARY_750
002984,SZ_MAIN,476,GARCH_SUCCESS,2022-05-05 00:00:00,2024-04-18 00:00:00,8,False,False,11615660770.125477,BELOW_PRIMARY_750
002985,SZ_MAIN,501,GARCH_SUCCESS,2022-05-19 00:00:00,2024-06-12 00:00:00,8,False,False,8409984037.899864,BELOW_PRIMARY_750
002986,SZ_MAIN,271,GARCH_SUCCESS,2022-05-23 00:00:00,2023-07-03 00:00:00,7,False,False,3540318678.14272,BELOW_PRIMARY_750
002987,SZ_MAIN,233,GARCH_SUCCESS,2020-05-08 00:00:00,2021-05-25 00:00:00,7,False,False,7711167897.238038,BELOW_PRIMARY_750
002988,SZ_MAIN,579,GARCH_SUCCESS,2022-05-10 00:00:00,2024-09-23 00:00:00,5,False,False,4298345690.4689865,BELOW_PRIMARY_750
002989,SZ_MAIN,627,GARCH_SUCCESS,2023-12-15 00:00:00,2026-08-19 00:00:00,5,False,False,2946766334.96722,BELOW_PRIMARY_750
002990,SZ_MAIN,222,GARCH_SUCCESS,2020-05-26 00:00:00,2021-05-26 00:00:00,7,False,False,2948007906.401472,BELOW_PRIMARY_750
002991,SZ_MAIN,276,GARCH_SUCCESS,2023-06-19 00:00:00,2024-08-07 00:00:00,10,False,False,2874764014.6979804,BELOW_PRIMARY_750
002992,SZ_MAIN,1268,GARCH_SUCCESS,2021-05-31 00:00:00,2026-08-19 00:00:00,2,True,True,4957063580.377756,PRIMARY_750_MEMBER
002993,SZ_MAIN,254,GARCH_SUCCESS,2021-04-30 00:00:00,2022-05-23 00:00:00,11,False,False,5977230770.623765,BELOW_PRIMARY_750
002995,SZ_MAIN,414,GARCH_SUCCESS,2024-11-06 00:00:00,2026-08-19 00:00:00,4,False,False,1771334086.3414426,BELOW_PRIMARY_750
002996,SZ_MAIN,255,GARCH_SUCCESS,2023-05-08 00:00:00,2024-05-27 00:00:00,7,False,False,2186383350.5326147,BELOW_PRIMARY_750
002997,SZ_MAIN,260,GARCH_SUCCESS,2022-06-01 00:00:00,2023-06-27 00:00:00,8,False,False,4808405084.206758,BELOW_PRIMARY_750
002998,SZ_MAIN,469,GARCH_SUCCESS,2021-10-29 00:00:00,2023-09-28 00:00:00,10,False,False,1403737401.0850525,BELOW_PRIMARY_750
002999,SZ_MAIN,298,GARCH_SUCCESS,2021-06-07 00:00:00,2022-08-25 00:00:00,7,False,False,1889422668.629928,BELOW_PRIMARY_750
003000,SZ_MAIN,244,GARCH_SUCCESS,2023-04-25 00:00:00,2024-04-29 00:00:00,10,False,False,2855582267.1801047,BELOW_PRIMARY_750
003001,SZ_MAIN,274,GARCH_SUCCESS,2022-05-26 00:00:00,2023-07-11 00:00:00,7,False,False,1446791842.961287,BELOW_PRIMARY_750
003002,SZ_MAIN,244,GARCH_SUCCESS,2021-05-27 00:00:00,2022-05-31 00:00:00,7,False,False,2500257695.492156,BELOW_PRIMARY_750
003003,SZ_MAIN,515,GARCH_SUCCESS,2022-06-02 00:00:00,2024-07-16 00:00:00,6,False,False,1083790938.3170073,BELOW_PRIMARY_750
003005,SZ_MAIN,596,GARCH_SUCCESS,2022-11-04 00:00:00,2025-05-26 00:00:00,5,False,False,1861727252.2406948,BELOW_PRIMARY_750
003006,SZ_MAIN,256,GARCH_SUCCESS,2025-04-24 00:00:00,2026-05-19 00:00:00,7,False,False,6197961512.635036,BELOW_PRIMARY_750
003007,SZ_MAIN,501,GARCH_SUCCESS,2021-05-19 00:00:00,2023-06-09 00:00:00,6,False,False,1625272828.6449556,BELOW_PRIMARY_750
003008,SZ_MAIN,246,GARCH_SUCCESS,2022-05-20 00:00:00,2023-05-24 00:00:00,11,False,False,1224823722.155334,BELOW_PRIMARY_750
003009,SZ_MAIN,261,GARCH_SUCCESS,2021-05-20 00:00:00,2022-06-17 00:00:00,9,False,False,4723282314.207377,BELOW_PRIMARY_750
003010,SZ_MAIN,247,GARCH_SUCCESS,2022-06-07 00:00:00,2023-06-09 00:00:00,8,False,False,2963344545.2746897,BELOW_PRIMARY_750
003011,SZ_MAIN,251,GARCH_SUCCESS,2022-05-16 00:00:00,2023-05-25 00:00:00,9,False,False,1373505973.4787369,BELOW_PRIMARY_750
003012,SZ_MAIN,257,GARCH_SUCCESS,2022-05-31 00:00:00,2023-06-19 00:00:00,7,False,False,6531184089.537064,BELOW_PRIMARY_750
003013,SZ_MAIN,254,GARCH_SUCCESS,2021-05-27 00:00:00,2022-06-15 00:00:00,7,False,False,3476783164.7032194,BELOW_PRIMARY_750
003015,SZ_MAIN,248,GARCH_SUCCESS,2024-05-21 00:00:00,2025-05-29 00:00:00,7,False,False,2536549245.6632986,BELOW_PRIMARY_750
003016,SZ_MAIN,524,GARCH_SUCCESS,2024-06-25 00:00:00,2026-08-19 00:00:00,5,False,False,2319161202.140024,BELOW_PRIMARY_750
003017,SZ_MAIN,254,GARCH_SUCCESS,2021-06-21 00:00:00,2022-07-07 00:00:00,10,False,False,1409266411.360346,BELOW_PRIMARY_750
003018,SZ_MAIN,290,GARCH_SUCCESS,2023-04-28 00:00:00,2024-07-11 00:00:00,8,False,False,1355546960.584875,BELOW_PRIMARY_750
003019,SZ_MAIN,255,GARCH_SUCCESS,2024-06-12 00:00:00,2025-07-01 00:00:00,7,False,False,3325416639.163427,BELOW_PRIMARY_750
003020,SZ_MAIN,243,GARCH_SUCCESS,2022-05-24 00:00:00,2023-05-23 00:00:00,9,False,False,2321486829.720829,BELOW_PRIMARY_750
003021,SZ_MAIN,251,GARCH_SUCCESS,2021-05-18 00:00:00,2022-05-31 00:00:00,7,False,False,9706422941.705791,BELOW_PRIMARY_750
003022,SZ_MAIN,242,GARCH_SUCCESS,2024-04-26 00:00:00,2025-04-28 00:00:00,7,False,False,15246803932.239944,BELOW_PRIMARY_750
003023,SZ_MAIN,256,GARCH_SUCCESS,2022-05-30 00:00:00,2023-06-15 00:00:00,7,False,False,1320057169.8799355,BELOW_PRIMARY_750
003025,SZ_MAIN,242,GARCH_SUCCESS,2022-06-13 00:00:00,2023-06-08 00:00:00,7,False,False,2103354742.2287607,BELOW_PRIMARY_750
003026,SZ_MAIN,261,GARCH_SUCCESS,2022-06-02 00:00:00,2023-06-29 00:00:00,8,False,False,2618855535.046066,BELOW_PRIMARY_750
003027,SZ_MAIN,249,GARCH_SUCCESS,2021-05-14 00:00:00,2022-05-25 00:00:00,7,False,False,1458108034.1421318,BELOW_PRIMARY_750
003028,SZ_MAIN,329,GARCH_SUCCESS,2023-05-17 00:00:00,2024-09-20 00:00:00,8,False,False,1586764596.8909173,BELOW_PRIMARY_750
003029,SZ_MAIN,1021,GARCH_SUCCESS,2022-06-08 00:00:00,2026-08-19 00:00:00,3,True,True,3128555623.849252,PRIMARY_750_MEMBER
003030,SZ_MAIN,248,GARCH_SUCCESS,2022-05-20 00:00:00,2023-05-26 00:00:00,7,False,False,1261017247.5693886,BELOW_PRIMARY_750
003031,SZ_MAIN,483,GARCH_SUCCESS,2022-06-13 00:00:00,2024-06-07 00:00:00,6,False,False,9464220669.887695,BELOW_PRIMARY_750
003033,SZ_MAIN,249,GARCH_SUCCESS,2024-05-31 00:00:00,2025-06-12 00:00:00,7,False,False,1921755011.4731057,BELOW_PRIMARY_750
003035,SZ_MAIN,265,GARCH_SUCCESS,2022-06-27 00:00:00,2023-07-27 00:00:00,8,False,False,12103788733.853596,BELOW_PRIMARY_750
003036,SZ_MAIN,264,GARCH_SUCCESS,2024-05-24 00:00:00,2025-06-26 00:00:00,7,False,False,1699509151.2919147,BELOW_PRIMARY_750
003037,SZ_MAIN,265,GARCH_SUCCESS,2023-05-15 00:00:00,2024-06-18 00:00:00,7,False,False,1941965592.675165,BELOW_PRIMARY_750
003038,SZ_MAIN,380,GARCH_SUCCESS,2025-01-23 00:00:00,2026-08-19 00:00:00,5,False,False,2474896334.514489,BELOW_PRIMARY_750
003039,SZ_MAIN,242,GARCH_SUCCESS,2022-06-27 00:00:00,2023-06-26 00:00:00,7,False,False,4860295333.6126,BELOW_PRIMARY_750
003040,SZ_MAIN,270,GARCH_SUCCESS,2023-05-23 00:00:00,2024-07-03 00:00:00,7,False,False,5013543627.259686,BELOW_PRIMARY_750
003041,SZ_MAIN,261,GARCH_SUCCESS,2021-04-07 00:00:00,2022-06-08 00:00:00,6,False,False,2013498172.043974,BELOW_PRIMARY_750
003042,SZ_MAIN,766,GARCH_SUCCESS,2023-06-26 00:00:00,2026-08-19 00:00:00,3,True,False,1516753110.3829684,PRIMARY_750_MEMBER
003043,SZ_MAIN,260,GARCH_SUCCESS,2021-04-07 00:00:00,2022-06-07 00:00:00,6,False,False,2154078742.371091,BELOW_PRIMARY_750
003816,SZ_MAIN,245,GARCH_SUCCESS,2025-07-04 00:00:00,2026-07-09 00:00:00,7,False,False,109534496087.10774,BELOW_PRIMARY_750
600000,SH_MAIN,241,GARCH_SUCCESS,2022-07-22 00:00:00,2023-07-20 00:00:00,7,False,False,269347291084.88828,BELOW_PRIMARY_750
600004,SH_MAIN,722,GARCH_SUCCESS,2021-08-16 00:00:00,2024-08-08 00:00:00,5,False,False,25943986393.80857,BELOW_PRIMARY_750
600006,SH_MAIN,265,GARCH_SUCCESS,2025-07-18 00:00:00,2026-08-19 00:00:00,6,False,False,13504345718.901451,BELOW_PRIMARY_750
600007,SH_MAIN,247,GARCH_SUCCESS,2021-06-07 00:00:00,2022-06-15 00:00:00,7,False,False,18950404200.89839,BELOW_PRIMARY_750
600008,SH_MAIN,255,GARCH_SUCCESS,2022-05-30 00:00:00,2023-06-14 00:00:00,9,False,False,22322009866.89596,BELOW_PRIMARY_750
600009,SH_MAIN,530,GARCH_SUCCESS,2022-04-12 00:00:00,2024-07-18 00:00:00,6,False,False,64879292486.729706,BELOW_PRIMARY_750
600010,SH_MAIN,724,GARCH_SUCCESS,2022-06-30 00:00:00,2025-06-26 00:00:00,2,False,False,64656151635.08617,BELOW_PRIMARY_750
600011,SH_MAIN,728,GARCH_SUCCESS,2021-07-08 00:00:00,2024-07-10 00:00:00,5,False,False,81969303005.77534,BELOW_PRIMARY_750
600012,SH_MAIN,251,GARCH_SUCCESS,2024-07-16 00:00:00,2025-07-29 00:00:00,8,False,False,13093913654.501217,BELOW_PRIMARY_750
600015,SH_MAIN,254,GARCH_SUCCESS,2020-06-22 00:00:00,2021-07-08 00:00:00,9,False,False,88137226713.6098,BELOW_PRIMARY_750
600016,SH_MAIN,253,GARCH_SUCCESS,2023-06-27 00:00:00,2024-07-11 00:00:00,10,False,False,139807780323.09744,BELOW_PRIMARY_750
600017,SH_MAIN,249,GARCH_SUCCESS,2023-06-01 00:00:00,2024-06-13 00:00:00,8,False,False,9023468682.705454,BELOW_PRIMARY_750
600018,SH_MAIN,274,GARCH_SUCCESS,2021-07-05 00:00:00,2022-08-18 00:00:00,9,False,False,127509465703.587,BELOW_PRIMARY_750
600019,SH_MAIN,251,GARCH_SUCCESS,2020-06-04 00:00:00,2021-06-17 00:00:00,12,False,False,148088923516.64676,BELOW_PRIMARY_750
600020,SH_MAIN,273,GARCH_SUCCESS,2024-05-29 00:00:00,2025-07-14 00:00:00,7,False,False,9907245585.915651,BELOW_PRIMARY_750
600021,SH_MAIN,482,GARCH_SUCCESS,2021-05-31 00:00:00,2023-05-25 00:00:00,6,False,False,29485142399.62616,BELOW_PRIMARY_750
600022,SH_MAIN,771,GARCH_SUCCESS,2023-06-15 00:00:00,2026-08-19 00:00:00,3,True,False,16739181845.401028,PRIMARY_750_MEMBER
600023,SH_MAIN,727,GARCH_SUCCESS,2021-07-07 00:00:00,2024-07-08 00:00:00,6,False,False,63067596715.879295,BELOW_PRIMARY_750
600025,SH_MAIN,246,GARCH_SUCCESS,2025-06-20 00:00:00,2026-06-26 00:00:00,7,False,False,145576422976.14505,BELOW_PRIMARY_750
600026,SH_MAIN,483,GARCH_SUCCESS,2021-07-19 00:00:00,2023-07-17 00:00:00,7,False,False,39854507413.83353,BELOW_PRIMARY_750
600027,SH_MAIN,241,GARCH_SUCCESS,2023-07-20 00:00:00,2024-07-18 00:00:00,9,False,False,43715186797.43784,BELOW_PRIMARY_750
600028,SH_MAIN,195,GARCH_SUCCESS,2023-09-19 00:00:00,2024-07-15 00:00:00,14,False,False,511819677596.65,BELOW_PRIMARY_750
600029,SH_MAIN,1584,GARCH_SUCCESS,2020-02-12 00:00:00,2026-08-19 00:00:00,0,True,True,73459804387.51556,PRIMARY_750_MEMBER
600030,SH_MAIN,241,GARCH_SUCCESS,2020-08-24 00:00:00,2021-08-19 00:00:00,10,False,False,267979983000.78732,BELOW_PRIMARY_750
600031,SH_MAIN,254,GARCH_SUCCESS,2023-06-01 00:00:00,2024-06-20 00:00:00,8,False,False,161783789171.62476,BELOW_PRIMARY_750
600032,SH_MAIN,249,GARCH_SUCCESS,2021-05-26 00:00:00,2022-07-06 00:00:00,8,False,False,9194731957.899616,BELOW_PRIMARY_750
600033,SH_MAIN,262,GARCH_SUCCESS,2022-06-30 00:00:00,2023-07-27 00:00:00,9,False,False,8862844402.252615,BELOW_PRIMARY_750
600035,SH_MAIN,253,GARCH_SUCCESS,2024-06-11 00:00:00,2025-06-26 00:00:00,7,False,False,6063828608.525536,BELOW_PRIMARY_750
600036,SH_MAIN,243,GARCH_SUCCESS,2020-07-13 00:00:00,2021-07-12 00:00:00,8,False,False,820367978566.5537,BELOW_PRIMARY_750
600037,SH_MAIN,250,GARCH_SUCCESS,2020-06-22 00:00:00,2021-07-14 00:00:00,7,False,False,11140616516.664232,BELOW_PRIMARY_750
600038,SH_MAIN,260,GARCH_SUCCESS,2024-04-26 00:00:00,2025-05-27 00:00:00,7,False,False,26324938601.728733,BELOW_PRIMARY_750
600039,SH_MAIN,260,GARCH_SUCCESS,2023-06-16 00:00:00,2024-07-15 00:00:00,9,False,False,52305412770.623375,BELOW_PRIMARY_750
600048,SH_MAIN,295,GARCH_SUCCESS,2020-06-01 00:00:00,2021-08-13 00:00:00,7,False,False,139111794513.48428,BELOW_PRIMARY_750
600050,SH_MAIN,244,GARCH_SUCCESS,2020-06-29 00:00:00,2021-06-29 00:00:00,12,False,False,144272750438.03604,BELOW_PRIMARY_750
600051,SH_MAIN,254,GARCH_SUCCESS,2020-05-11 00:00:00,2021-06-15 00:00:00,7,False,False,2189105413.354787,BELOW_PRIMARY_750
600052,SH_MAIN,712,GARCH_SUCCESS,2021-07-01 00:00:00,2024-07-10 00:00:00,3,False,False,3762487456.3496375,BELOW_PRIMARY_750
600054,SH_MAIN,483,GARCH_SUCCESS,2022-06-29 00:00:00,2024-06-26 00:00:00,6,False,False,5819512940.466613,BELOW_PRIMARY_750
600055,SH_MAIN,308,GARCH_SUCCESS,2025-05-19 00:00:00,2026-08-19 00:00:00,6,False,False,10544546651.423082,BELOW_PRIMARY_750
600056,SH_MAIN,243,GARCH_SUCCESS,2022-06-27 00:00:00,2023-06-27 00:00:00,9,False,False,17450107272.199097,BELOW_PRIMARY_750
600057,SH_MAIN,0,GARCH_NUMERIC_FAILURE,2022-06-14 00:00:00,2023-07-05 00:00:00,8,False,False,16660286878.853348,GARCH_NUMERIC_FAILURE
600058,SH_MAIN,1429,GARCH_SUCCESS,2020-02-12 00:00:00,2025-12-29 00:00:00,1,True,True,9553432238.415102,PRIMARY_750_MEMBER
600059,SH_MAIN,253,GARCH_SUCCESS,2025-06-06 00:00:00,2026-06-23 00:00:00,7,False,False,8830904958.64482,BELOW_PRIMARY_750
600060,SH_MAIN,259,GARCH_SUCCESS,2021-07-08 00:00:00,2022-08-02 00:00:00,7,False,False,24410957019.13969,BELOW_PRIMARY_750
600061,SH_MAIN,251,GARCH_SUCCESS,2023-06-16 00:00:00,2024-07-02 00:00:00,7,False,False,46221736313.210655,BELOW_PRIMARY_750
600062,SH_MAIN,241,GARCH_SUCCESS,2023-07-14 00:00:00,2024-07-12 00:00:00,10,False,False,18593887823.738537,BELOW_PRIMARY_750
600063,SH_MAIN,267,GARCH_SUCCESS,2023-05-22 00:00:00,2024-06-27 00:00:00,8,False,False,10619760388.028938,BELOW_PRIMARY_750
600064,SH_MAIN,253,GARCH_SUCCESS,2021-06-29 00:00:00,2022-07-14 00:00:00,7,False,False,12188666771.518068,BELOW_PRIMARY_750
600066,SH_MAIN,242,GARCH_SUCCESS,2020-05-21 00:00:00,2021-05-20 00:00:00,9,False,False,39422521252.26783,BELOW_PRIMARY_750
600067,SH_MAIN,975,GARCH_SUCCESS,2021-08-16 00:00:00,2025-08-25 00:00:00,3,True,False,4462298569.787997,PRIMARY_750_MEMBER
600071,SH_MAIN,1161,GARCH_SUCCESS,2021-10-08 00:00:00,2026-08-19 00:00:00,0,True,True,6001884348.692078,PRIMARY_750_MEMBER
600072,SH_MAIN,302,GARCH_SUCCESS,2023-05-26 00:00:00,2024-08-21 00:00:00,6,False,False,12013408042.542952,BELOW_PRIMARY_750
600073,SH_MAIN,272,GARCH_SUCCESS,2025-07-09 00:00:00,2026-08-19 00:00:00,6,False,False,6831634562.536316,BELOW_PRIMARY_750
600075,SH_MAIN,481,GARCH_SUCCESS,2023-06-20 00:00:00,2025-06-18 00:00:00,4,False,False,7910651168.263007,BELOW_PRIMARY_750
600076,SH_MAIN,1584,GARCH_SUCCESS,2020-02-12 00:00:00,2026-08-19 00:00:00,0,True,True,3316826815.997031,PRIMARY_750_MEMBER
600081,SH_MAIN,239,GARCH_SUCCESS,2021-07-21 00:00:00,2022-08-16 00:00:00,8,False,False,4877525590.443527,BELOW_PRIMARY_750
600085,SH_MAIN,259,GARCH_SUCCESS,2020-07-21 00:00:00,2021-08-11 00:00:00,8,False,False,57031316470.24779,BELOW_PRIMARY_750
600088,SH_MAIN,967,GARCH_SUCCESS,2020-07-29 00:00:00,2024-07-24 00:00:00,4,True,False,5468981330.143202,PRIMARY_750_MEMBER
600089,SH_MAIN,258,GARCH_SUCCESS,2022-06-24 00:00:00,2023-07-17 00:00:00,7,False,False,80012746526.00706,BELOW_PRIMARY_750
600094,SH_MAIN,767,GARCH_SUCCESS,2021-07-15 00:00:00,2024-09-10 00:00:00,3,True,False,8042837750.242687,PRIMARY_750_MEMBER
600095,SH_MAIN,317,GARCH_SUCCESS,2025-04-01 00:00:00,2026-08-19 00:00:00,5,False,False,17621302363.56653,BELOW_PRIMARY_750
600096,SH_MAIN,793,GARCH_SUCCESS,2020-02-12 00:00:00,2023-05-18 00:00:00,5,True,False,39436254878.228645,PRIMARY_750_MEMBER
600097,SH_MAIN,243,GARCH_SUCCESS,2022-06-09 00:00:00,2023-06-07 00:00:00,7,False,False,2413901322.4864044,BELOW_PRIMARY_750
600098,SH_MAIN,259,GARCH_SUCCESS,2020-07-08 00:00:00,2021-07-29 00:00:00,8,False,False,20667973823.787827,BELOW_PRIMARY_750
600099,SH_MAIN,714,GARCH_SUCCESS,2020-08-10 00:00:00,2023-07-20 00:00:00,5,False,False,1953593182.300885,BELOW_PRIMARY_750
600100,SH_MAIN,1224,GARCH_SUCCESS,2021-06-03 00:00:00,2026-06-24 00:00:00,3,True,True,20453778547.203342,PRIMARY_750_MEMBER
600101,SH_MAIN,260,GARCH_SUCCESS,2022-06-20 00:00:00,2023-07-13 00:00:00,8,False,False,4127297632.719525,BELOW_PRIMARY_750
600103,SH_MAIN,831,GARCH_SUCCESS,2020-02-12 00:00:00,2023-07-13 00:00:00,4,True,False,5876349868.139702,PRIMARY_750_MEMBER
600104,SH_MAIN,264,GARCH_SUCCESS,2020-07-01 00:00:00,2021-07-29 00:00:00,7,False,False,188689828507.73096,BELOW_PRIMARY_750
600105,SH_MAIN,973,GARCH_SUCCESS,2020-07-14 00:00:00,2024-07-17 00:00:00,5,True,False,10497373167.567562,PRIMARY_750_MEMBER
600106,SH_MAIN,253,GARCH_SUCCESS,2020-06-09 00:00:00,2021-06-24 00:00:00,7,False,False,6672176262.58938,BELOW_PRIMARY_750
600108,SH_MAIN,723,GARCH_SUCCESS,2020-07-24 00:00:00,2023-07-18 00:00:00,5,False,False,6100830041.875342,BELOW_PRIMARY_750
600109,SH_MAIN,275,GARCH_SUCCESS,2021-06-08 00:00:00,2022-07-26 00:00:00,7,False,False,30337216233.03879,BELOW_PRIMARY_750
600110,SH_MAIN,750,GARCH_SUCCESS,2023-07-18 00:00:00,2026-08-19 00:00:00,2,True,False,12102241574.319262,PRIMARY_750_MEMBER
600111,SH_MAIN,332,GARCH_SUCCESS,2020-02-12 00:00:00,2021-06-23 00:00:00,7,False,False,111542644846.10524,BELOW_PRIMARY_750
600113,SH_MAIN,253,GARCH_SUCCESS,2020-06-30 00:00:00,2021-07-13 00:00:00,7,False,False,6364571936.3990345,BELOW_PRIMARY_750
600114,SH_MAIN,246,GARCH_SUCCESS,2025-05-16 00:00:00,2026-05-22 00:00:00,7,False,False,9109411361.347307,BELOW_PRIMARY_750
600115,SH_MAIN,1463,GARCH_SUCCESS,2020-08-07 00:00:00,2026-08-19 00:00:00,1,True,True,59617555377.83202,PRIMARY_750_MEMBER
600116,SH_MAIN,291,GARCH_SUCCESS,2021-05-20 00:00:00,2022-07-29 00:00:00,10,False,False,13816999751.238169,BELOW_PRIMARY_750
600118,SH_MAIN,259,GARCH_SUCCESS,2025-06-30 00:00:00,2026-07-23 00:00:00,7,False,False,36951491675.327965,BELOW_PRIMARY_750
600120,SH_MAIN,254,GARCH_SUCCESS,2020-05-22 00:00:00,2021-06-08 00:00:00,8,False,False,14772216111.775986,BELOW_PRIMARY_750
600121,SH_MAIN,1584,GARCH_SUCCESS,2020-02-12 00:00:00,2026-08-19 00:00:00,0,True,True,5550420656.743636,PRIMARY_750_MEMBER
600123,SH_MAIN,339,GARCH_SUCCESS,2024-02-19 00:00:00,2025-07-11 00:00:00,6,False,False,12837090471.35708,BELOW_PRIMARY_750
600125,SH_MAIN,257,GARCH_SUCCESS,2023-06-28 00:00:00,2024-07-18 00:00:00,8,False,False,7479600541.83717,BELOW_PRIMARY_750
600126,SH_MAIN,494,GARCH_SUCCESS,2024-06-12 00:00:00,2026-06-26 00:00:00,6,False,False,20224906782.47481,BELOW_PRIMARY_750
600127,SH_MAIN,1584,GARCH_SUCCESS,2020-02-12 00:00:00,2026-08-19 00:00:00,0,True,True,4870597653.946854,PRIMARY_750_MEMBER
600128,SH_MAIN,279,GARCH_SUCCESS,2020-07-06 00:00:00,2021-08-24 00:00:00,7,False,False,2106836592.6588893,BELOW_PRIMARY_750
600129,SH_MAIN,1048,GARCH_SUCCESS,2020-02-12 00:00:00,2024-06-06 00:00:00,1,True,True,15230899981.096252,PRIMARY_750_MEMBER
600131,SH_MAIN,253,GARCH_SUCCESS,2023-07-21 00:00:00,2024-08-06 00:00:00,8,False,False,16777787163.522476,BELOW_PRIMARY_750
600132,SH_MAIN,494,GARCH_SUCCESS,2020-06-01 00:00:00,2022-06-15 00:00:00,8,False,False,45016037828.45334,BELOW_PRIMARY_750
600133,SH_MAIN,257,GARCH_SUCCESS,2023-06-27 00:00:00,2024-07-17 00:00:00,7,False,False,7500669441.7226,BELOW_PRIMARY_750
600135,SH_MAIN,751,GARCH_SUCCESS,2023-07-17 00:00:00,2026-08-19 00:00:00,4,True,False,3749079089.260957,PRIMARY_750_MEMBER
600137,SH_MAIN,261,GARCH_SUCCESS,2021-06-18 00:00:00,2022-07-15 00:00:00,7,False,False,1550229468.310378,BELOW_PRIMARY_750
600138,SH_MAIN,955,GARCH_SUCCESS,2020-06-04 00:00:00,2024-05-15 00:00:00,4,True,False,7989586360.740145,PRIMARY_750_MEMBER
600141,SH_MAIN,243,GARCH_SUCCESS,2022-06-21 00:00:00,2023-06-19 00:00:00,7,False,False,29100917489.956165,BELOW_PRIMARY_750
600143,SH_MAIN,260,GARCH_SUCCESS,2023-06-12 00:00:00,2024-07-09 00:00:00,7,False,False,30517090600.21468,BELOW_PRIMARY_750
600148,SH_MAIN,503,GARCH_SUCCESS,2022-06-29 00:00:00,2024-07-24 00:00:00,5,False,False,2259553195.545857,BELOW_PRIMARY_750
600150,SH_MAIN,341,GARCH_SUCCESS,2020-02-12 00:00:00,2021-07-14 00:00:00,6,False,False,121357614528.78284,BELOW_PRIMARY_750
600151,SH_MAIN,1584,GARCH_SUCCESS,2020-02-12 00:00:00,2026-08-19 00:00:00,0,True,True,12806684443.541046,PRIMARY_750_MEMBER
600152,SH_MAIN,1584,GARCH_SUCCESS,2020-02-12 00:00:00,2026-08-19 00:00:00,0,True,True,3905724914.7151327,PRIMARY_750_MEMBER
600153,SH_MAIN,248,GARCH_SUCCESS,2020-06-30 00:00:00,2021-07-06 00:00:00,9,False,False,29414037783.46144,BELOW_PRIMARY_750
600155,SH_MAIN,1584,GARCH_SUCCESS,2020-02-12 00:00:00,2026-08-19 00:00:00,0,True,True,15741584962.27758,PRIMARY_750_MEMBER
600156,SH_MAIN,1287,GARCH_SUCCESS,2020-02-12 00:00:00,2025-06-04 00:00:00,2,True,True,2057427290.3718247,PRIMARY_750_MEMBER
600158,SH_MAIN,287,GARCH_SUCCESS,2025-06-18 00:00:00,2026-08-19 00:00:00,6,False,False,7716405989.114175,BELOW_PRIMARY_750
600159,SH_MAIN,1013,GARCH_SUCCESS,2022-06-20 00:00:00,2026-08-19 00:00:00,3,True,True,2343513791.68103,PRIMARY_750_MEMBER
600160,SH_MAIN,265,GARCH_SUCCESS,2022-06-10 00:00:00,2023-07-12 00:00:00,8,False,False,53959844468.58556,BELOW_PRIMARY_750
600161,SH_MAIN,251,GARCH_SUCCESS,2021-07-01 00:00:00,2022-07-14 00:00:00,8,False,False,40347414809.757904,BELOW_PRIMARY_750
600162,SH_MAIN,269,GARCH_SUCCESS,2024-06-07 00:00:00,2025-07-17 00:00:00,8,False,False,6187346092.550378,BELOW_PRIMARY_750
600163,SH_MAIN,821,GARCH_SUCCESS,2020-02-12 00:00:00,2023-06-29 00:00:00,6,True,False,8230859212.895149,PRIMARY_750_MEMBER
600166,SH_MAIN,1584,GARCH_SUCCESS,2020-02-12 00:00:00,2026-08-19 00:00:00,0,True,True,20212776495.747063,PRIMARY_750_MEMBER
600167,SH_MAIN,264,GARCH_SUCCESS,2025-06-18 00:00:00,2026-07-20 00:00:00,8,False,False,15752460682.610125,BELOW_PRIMARY_750
600168,SH_MAIN,489,GARCH_SUCCESS,2022-06-14 00:00:00,2024-06-19 00:00:00,6,False,False,4605797880.198403,BELOW_PRIMARY_750
600170,SH_MAIN,268,GARCH_SUCCESS,2024-06-24 00:00:00,2025-07-30 00:00:00,7,False,False,24265136729.15231,BELOW_PRIMARY_750
600171,SH_MAIN,245,GARCH_SUCCESS,2021-06-15 00:00:00,2022-06-20 00:00:00,7,False,False,17353219676.58393,BELOW_PRIMARY_750
600172,SH_MAIN,872,GARCH_SUCCESS,2020-02-12 00:00:00,2023-09-08 00:00:00,0,True,False,7159181704.451713,PRIMARY_750_MEMBER
600173,SH_MAIN,541,GARCH_SUCCESS,2024-05-30 00:00:00,2026-08-19 00:00:00,5,False,False,3926833239.7624784,BELOW_PRIMARY_750
600176,SH_MAIN,243,GARCH_SUCCESS,2021-05-24 00:00:00,2022-05-25 00:00:00,8,False,False,58521494379.19874,BELOW_PRIMARY_750
600177,SH_MAIN,249,GARCH_SUCCESS,2020-06-08 00:00:00,2021-06-17 00:00:00,13,False,False,32574340026.49241,BELOW_PRIMARY_750
600178,SH_MAIN,332,GARCH_SUCCESS,2020-02-12 00:00:00,2021-06-23 00:00:00,7,False,False,4343438336.331368,BELOW_PRIMARY_750
600183,SH_MAIN,242,GARCH_SUCCESS,2022-05-27 00:00:00,2023-05-25 00:00:00,8,False,False,61419371339.20809,BELOW_PRIMARY_750
600184,SH_MAIN,480,GARCH_SUCCESS,2024-06-21 00:00:00,2026-06-16 00:00:00,7,False,False,6693756283.6103945,BELOW_PRIMARY_750
600185,SH_MAIN,873,GARCH_SUCCESS,2022-12-12 00:00:00,2026-08-19 00:00:00,1,True,False,12753165531.952864,PRIMARY_750_MEMBER
600188,SH_MAIN,254,GARCH_SUCCESS,2020-07-08 00:00:00,2021-07-22 00:00:00,9,False,False,90839998540.67104,BELOW_PRIMARY_750
600189,SH_MAIN,1584,GARCH_SUCCESS,2020-02-12 00:00:00,2026-08-19 00:00:00,0,True,True,5486257833.62794,PRIMARY_750_MEMBER
600192,SH_MAIN,1492,GARCH_SUCCESS,2020-06-29 00:00:00,2026-08-19 00:00:00,1,True,True,2718605328.366854,PRIMARY_750_MEMBER
600195,SH_MAIN,247,GARCH_SUCCESS,2021-07-02 00:00:00,2022-07-11 00:00:00,7,False,False,10327904181.039904,BELOW_PRIMARY_750
600196,SH_MAIN,279,GARCH_SUCCESS,2022-06-17 00:00:00,2023-08-08 00:00:00,7,False,False,71616608205.3273,BELOW_PRIMARY_750
600197,SH_MAIN,275,GARCH_SUCCESS,2025-07-04 00:00:00,2026-08-19 00:00:00,7,False,False,10094439562.15083,BELOW_PRIMARY_750
600199,SH_MAIN,1584,GARCH_SUCCESS,2020-02-12 00:00:00,2026-08-19 00:00:00,0,True,True,11323846288.800447,PRIMARY_750_MEMBER
600201,SH_MAIN,255,GARCH_SUCCESS,2021-06-23 00:00:00,2022-07-12 00:00:00,7,False,False,12257567358.988035,BELOW_PRIMARY_750
600202,SH_MAIN,1008,GARCH_SUCCESS,2020-08-19 00:00:00,2024-10-21 00:00:00,3,True,True,1973778869.3861947,PRIMARY_750_MEMBER
600203,SH_MAIN,1327,GARCH_SUCCESS,2020-02-12 00:00:00,2025-07-30 00:00:00,1,True,True,4796284493.111939,PRIMARY_750_MEMBER
600206,SH_MAIN,254,GARCH_SUCCESS,2024-06-07 00:00:00,2025-06-26 00:00:00,7,False,False,12843216272.313017,BELOW_PRIMARY_750
600207,SH_MAIN,1584,GARCH_SUCCESS,2020-02-12 00:00:00,2026-08-19 00:00:00,0,True,True,5407950387.470249,PRIMARY_750_MEMBER
600208,SH_MAIN,483,GARCH_SUCCESS,2023-07-31 00:00:00,2025-07-29 00:00:00,3,False,False,24544982941.863663,BELOW_PRIMARY_750
600210,SH_MAIN,259,GARCH_SUCCESS,2021-07-23 00:00:00,2022-08-17 00:00:00,8,False,False,9391696182.33321,BELOW_PRIMARY_750
600211,SH_MAIN,241,GARCH_SUCCESS,2020-04-20 00:00:00,2021-04-16 00:00:00,11,False,False,12142806926.102783,BELOW_PRIMARY_750
600216,SH_MAIN,255,GARCH_SUCCESS,2020-06-30 00:00:00,2021-07-15 00:00:00,7,False,False,13253577625.345535,BELOW_PRIMARY_750
600217,SH_MAIN,538,GARCH_SUCCESS,2022-07-25 00:00:00,2024-10-16 00:00:00,2,False,False,7076652979.807385,BELOW_PRIMARY_750
600218,SH_MAIN,241,GARCH_SUCCESS,2021-06-24 00:00:00,2022-06-23 00:00:00,8,False,False,3859899762.0570073,BELOW_PRIMARY_750
600219,SH_MAIN,254,GARCH_SUCCESS,2020-06-29 00:00:00,2021-07-13 00:00:00,11,False,False,46503046268.54294,BELOW_PRIMARY_750
600222,SH_MAIN,483,GARCH_SUCCESS,2022-07-11 00:00:00,2024-07-08 00:00:00,5,False,False,3538231803.154417,BELOW_PRIMARY_750
600223,SH_MAIN,471,GARCH_SUCCESS,2022-08-18 00:00:00,2024-07-30 00:00:00,7,False,False,9616701994.183926,BELOW_PRIMARY_750
600227,SH_MAIN,1584,GARCH_SUCCESS,2020-02-12 00:00:00,2026-08-19 00:00:00,0,True,True,3524681539.822397,PRIMARY_750_MEMBER
600229,SH_MAIN,267,GARCH_SUCCESS,2025-07-16 00:00:00,2026-08-19 00:00:00,6,False,False,4729911065.144988,BELOW_PRIMARY_750
600230,SH_MAIN,278,GARCH_SUCCESS,2021-06-29 00:00:00,2022-08-18 00:00:00,7,False,False,5891682561.146211,BELOW_PRIMARY_750
600231,SH_MAIN,1046,GARCH_SUCCESS,2022-04-28 00:00:00,2026-08-19 00:00:00,3,True,True,6368728506.765583,PRIMARY_750_MEMBER
600232,SH_MAIN,288,GARCH_SUCCESS,2025-06-17 00:00:00,2026-08-19 00:00:00,7,False,False,2108055579.241448,BELOW_PRIMARY_750
600233,SH_MAIN,247,GARCH_SUCCESS,2021-06-07 00:00:00,2022-06-15 00:00:00,7,False,False,53400727160.05648,BELOW_PRIMARY_750
600235,SH_MAIN,246,GARCH_SUCCESS,2022-05-25 00:00:00,2023-05-29 00:00:00,8,False,False,2009105331.4561543,BELOW_PRIMARY_750
600236,SH_MAIN,263,GARCH_SUCCESS,2020-06-23 00:00:00,2021-07-22 00:00:00,11,False,False,49646170495.99498,BELOW_PRIMARY_750
600237,SH_MAIN,1527,GARCH_SUCCESS,2020-02-12 00:00:00,2026-06-01 00:00:00,1,True,True,4133904220.863411,PRIMARY_750_MEMBER
600246,SH_MAIN,1290,GARCH_SUCCESS,2021-03-25 00:00:00,2026-08-19 00:00:00,1,True,True,16790954019.85654,PRIMARY_750_MEMBER
600248,SH_MAIN,256,GARCH_SUCCESS,2023-06-29 00:00:00,2024-07-18 00:00:00,8,False,False,9888976588.952246,BELOW_PRIMARY_750
600249,SH_MAIN,1091,GARCH_SUCCESS,2020-02-12 00:00:00,2024-08-07 00:00:00,2,True,True,2883809734.513274,PRIMARY_750_MEMBER
600250,SH_MAIN,1039,GARCH_SUCCESS,2020-02-12 00:00:00,2024-05-24 00:00:00,0,True,True,2224554851.103249,PRIMARY_750_MEMBER
600251,SH_MAIN,325,GARCH_SUCCESS,2020-02-12 00:00:00,2021-06-11 00:00:00,7,False,False,6822716267.496734,BELOW_PRIMARY_750
600252,SH_MAIN,524,GARCH_SUCCESS,2024-06-25 00:00:00,2026-08-19 00:00:00,5,False,False,9209890957.143034,BELOW_PRIMARY_750
600256,SH_MAIN,575,GARCH_SUCCESS,2020-02-12 00:00:00,2022-06-24 00:00:00,5,False,False,46942394560.16515,BELOW_PRIMARY_750
600257,SH_MAIN,1584,GARCH_SUCCESS,2020-02-12 00:00:00,2026-08-19 00:00:00,0,True,True,2801435373.008206,PRIMARY_750_MEMBER
600258,SH_MAIN,482,GARCH_SUCCESS,2022-07-01 00:00:00,2024-06-27 00:00:00,5,False,False,19988316381.955173,BELOW_PRIMARY_750
600259,SH_MAIN,1503,GARCH_SUCCESS,2020-02-12 00:00:00,2026-04-23 00:00:00,1,True,True,13976506182.037884,PRIMARY_750_MEMBER
600261,SH_MAIN,244,GARCH_SUCCESS,2020-06-08 00:00:00,2021-06-09 00:00:00,7,False,False,4795644807.395511,BELOW_PRIMARY_750
600262,SH_MAIN,249,GARCH_SUCCESS,2023-07-17 00:00:00,2024-07-25 00:00:00,7,False,False,3252934271.922768,BELOW_PRIMARY_750
600266,SH_MAIN,261,GARCH_SUCCESS,2024-07-25 00:00:00,2025-08-21 00:00:00,7,False,False,10532581028.783314,BELOW_PRIMARY_750
600267,SH_MAIN,479,GARCH_SUCCESS,2023-05-22 00:00:00,2025-05-15 00:00:00,6,False,False,11964889626.70449,BELOW_PRIMARY_750
600268,SH_MAIN,260,GARCH_SUCCESS,2023-05-31 00:00:00,2024-06-27 00:00:00,7,False,False,7065192799.765407,BELOW_PRIMARY_750
600269,SH_MAIN,288,GARCH_SUCCESS,2021-05-17 00:00:00,2022-07-21 00:00:00,7,False,False,9811602883.419115,BELOW_PRIMARY_750
600271,SH_MAIN,285,GARCH_SUCCESS,2025-06-20 00:00:00,2026-08-19 00:00:00,6,False,False,19973674819.05377,BELOW_PRIMARY_750
600272,SH_MAIN,286,GARCH_SUCCESS,2022-04-06 00:00:00,2023-06-08 00:00:00,7,False,False,1744966693.4835076,BELOW_PRIMARY_750
600273,SH_MAIN,166,GARCH_SUCCESS,2024-09-12 00:00:00,2025-05-28 00:00:00,14,False,False,12615697370.562416,BELOW_PRIMARY_750
600276,SH_MAIN,263,GARCH_SUCCESS,2023-06-09 00:00:00,2024-07-11 00:00:00,8,False,False,308710492811.56055,BELOW_PRIMARY_750
600278,SH_MAIN,286,GARCH_SUCCESS,2020-05-25 00:00:00,2021-07-26 00:00:00,9,False,False,5495810730.334915,BELOW_PRIMARY_750
600279,SH_MAIN,263,GARCH_SUCCESS,2024-06-21 00:00:00,2025-07-22 00:00:00,7,False,False,4707694111.26123,BELOW_PRIMARY_750
600281,SH_MAIN,1584,GARCH_SUCCESS,2020-02-12 00:00:00,2026-08-19 00:00:00,0,True,True,2455402676.420555,PRIMARY_750_MEMBER
600282,SH_MAIN,241,GARCH_SUCCESS,2020-05-14 00:00:00,2021-05-12 00:00:00,9,False,False,22680163400.177044,BELOW_PRIMARY_750
600283,SH_MAIN,361,GARCH_SUCCESS,2020-02-12 00:00:00,2021-08-03 00:00:00,6,False,False,4650408318.618639,BELOW_PRIMARY_750
600284,SH_MAIN,241,GARCH_SUCCESS,2022-05-27 00:00:00,2023-05-24 00:00:00,9,False,False,6487359544.199517,BELOW_PRIMARY_750
600285,SH_MAIN,243,GARCH_SUCCESS,2022-06-17 00:00:00,2023-06-15 00:00:00,7,False,False,9787986640.56066,BELOW_PRIMARY_750
600288,SH_MAIN,478,GARCH_SUCCESS,2024-08-28 00:00:00,2026-08-19 00:00:00,5,False,False,5106012781.979083,BELOW_PRIMARY_750
600292,SH_MAIN,485,GARCH_SUCCESS,2022-06-21 00:00:00,2024-06-20 00:00:00,5,False,False,6298927417.380284,BELOW_PRIMARY_750
600293,SH_MAIN,1584,GARCH_SUCCESS,2020-02-12 00:00:00,2026-08-19 00:00:00,0,True,True,3651544865.500547,PRIMARY_750_MEMBER
600295,SH_MAIN,254,GARCH_SUCCESS,2022-06-14 00:00:00,2023-06-29 00:00:00,8,False,False,19506634411.43409,BELOW_PRIMARY_750
600298,SH_MAIN,271,GARCH_SUCCESS,2020-05-18 00:00:00,2021-06-28 00:00:00,7,False,False,34435433973.29357,BELOW_PRIMARY_750
600299,SH_MAIN,262,GARCH_SUCCESS,2023-07-14 00:00:00,2024-08-12 00:00:00,9,False,False,27143257398.79037,BELOW_PRIMARY_750
600305,SH_MAIN,287,GARCH_SUCCESS,2023-04-12 00:00:00,2024-06-20 00:00:00,7,False,False,11099557195.56956,BELOW_PRIMARY_750
600307,SH_MAIN,1584,GARCH_SUCCESS,2020-02-12 00:00:00,2026-08-19 00:00:00,0,True,True,11065231189.707996,PRIMARY_750_MEMBER
600308,SH_MAIN,279,GARCH_SUCCESS,2025-06-30 00:00:00,2026-08-19 00:00:00,6,False,False,5950350246.23148,BELOW_PRIMARY_750
600309,SH_MAIN,258,GARCH_SUCCESS,2022-05-05 00:00:00,2023-05-25 00:00:00,8,False,False,231072371374.20303,BELOW_PRIMARY_750
600310,SH_MAIN,500,GARCH_SUCCESS,2022-05-24 00:00:00,2024-06-14 00:00:00,6,False,False,5014809325.451521,BELOW_PRIMARY_750
600312,SH_MAIN,266,GARCH_SUCCESS,2022-06-30 00:00:00,2023-08-02 00:00:00,10,False,False,17223621596.84505,BELOW_PRIMARY_750
600313,SH_MAIN,1308,GARCH_SUCCESS,2021-01-19 00:00:00,2026-06-17 00:00:00,2,True,True,7834439046.5939665,PRIMARY_750_MEMBER
600315,SH_MAIN,254,GARCH_SUCCESS,2021-08-06 00:00:00,2022-08-24 00:00:00,8,False,False,19335990461.279938,BELOW_PRIMARY_750
600316,SH_MAIN,251,GARCH_SUCCESS,2022-06-24 00:00:00,2023-07-06 00:00:00,7,False,False,21362056698.050137,BELOW_PRIMARY_750
600318,SH_MAIN,875,GARCH_SUCCESS,2021-11-26 00:00:00,2025-08-07 00:00:00,3,True,False,4092155391.914688,PRIMARY_750_MEMBER
600320,SH_MAIN,479,GARCH_SUCCESS,2020-08-19 00:00:00,2022-08-10 00:00:00,6,False,False,12740569259.524834,BELOW_PRIMARY_750
600322,SH_MAIN,1178,GARCH_SUCCESS,2020-02-12 00:00:00,2024-12-17 00:00:00,0,True,True,2403485109.489051,PRIMARY_750_MEMBER
600323,SH_MAIN,249,GARCH_SUCCESS,2023-07-13 00:00:00,2024-07-23 00:00:00,8,False,False,17682590926.445312,BELOW_PRIMARY_750
600325,SH_MAIN,284,GARCH_SUCCESS,2023-05-04 00:00:00,2024-07-04 00:00:00,7,False,False,15789505973.916012,BELOW_PRIMARY_750
600326,SH_MAIN,734,GARCH_SUCCESS,2023-08-09 00:00:00,2026-08-19 00:00:00,4,False,False,7824247525.184819,BELOW_PRIMARY_750
600327,SH_MAIN,279,GARCH_SUCCESS,2025-06-30 00:00:00,2026-08-19 00:00:00,8,False,False,4396749166.173355,BELOW_PRIMARY_750
600328,SH_MAIN,269,GARCH_SUCCESS,2025-05-14 00:00:00,2026-06-23 00:00:00,8,False,False,10556458319.844473,BELOW_PRIMARY_750
600329,SH_MAIN,265,GARCH_SUCCESS,2023-06-07 00:00:00,2024-07-11 00:00:00,9,False,False,18438309359.443607,BELOW_PRIMARY_750
600330,SH_MAIN,298,GARCH_SUCCESS,2025-06-03 00:00:00,2026-08-19 00:00:00,6,False,False,11591672639.107096,BELOW_PRIMARY_750
600331,SH_MAIN,1168,GARCH_SUCCESS,2020-02-12 00:00:00,2024-12-03 00:00:00,0,True,True,12056827826.086956,PRIMARY_750_MEMBER
600332,SH_MAIN,242,GARCH_SUCCESS,2022-06-20 00:00:00,2023-06-15 00:00:00,9,False,False,40796444416.482994,BELOW_PRIMARY_750
600333,SH_MAIN,1208,GARCH_SUCCESS,2021-08-24 00:00:00,2026-08-19 00:00:00,1,True,True,3131701432.8895893,PRIMARY_750_MEMBER
600335,SH_MAIN,273,GARCH_SUCCESS,2022-06-13 00:00:00,2023-07-25 00:00:00,10,False,False,9815998870.66539,BELOW_PRIMARY_750
600336,SH_MAIN,270,GARCH_SUCCESS,2020-06-15 00:00:00,2021-07-23 00:00:00,10,False,False,5074626153.912872,BELOW_PRIMARY_750
600338,SH_MAIN,1060,GARCH_SUCCESS,2021-03-09 00:00:00,2025-07-22 00:00:00,3,True,True,16762937046.815895,PRIMARY_750_MEMBER
600339,SH_MAIN,266,GARCH_SUCCESS,2024-07-11 00:00:00,2025-08-14 00:00:00,8,False,False,18586401239.39973,BELOW_PRIMARY_750
600343,SH_MAIN,1584,GARCH_SUCCESS,2020-02-12 00:00:00,2026-08-19 00:00:00,0,True,True,7989419284.34021,PRIMARY_750_MEMBER
600345,SH_MAIN,275,GARCH_SUCCESS,2023-06-30 00:00:00,2024-08-15 00:00:00,7,False,False,4254249386.4057584,BELOW_PRIMARY_750
600346,SH_MAIN,479,GARCH_SUCCESS,2022-06-02 00:00:00,2024-05-24 00:00:00,7,False,False,130159297594.83775,BELOW_PRIMARY_750
600348,SH_MAIN,268,GARCH_SUCCESS,2020-06-02 00:00:00,2021-07-08 00:00:00,7,False,False,30171547304.90748,BELOW_PRIMARY_750
600350,SH_MAIN,269,GARCH_SUCCESS,2024-06-26 00:00:00,2025-08-04 00:00:00,7,False,False,36638742868.93331,BELOW_PRIMARY_750
600351,SH_MAIN,251,GARCH_SUCCESS,2022-06-09 00:00:00,2023-06-19 00:00:00,8,False,False,4900407674.331432,BELOW_PRIMARY_750
600352,SH_MAIN,241,GARCH_SUCCESS,2022-07-08 00:00:00,2023-07-06 00:00:00,10,False,False,34520546876.76878,BELOW_PRIMARY_750
600353,SH_MAIN,457,GARCH_SUCCESS,2021-06-29 00:00:00,2023-05-18 00:00:00,6,False,False,6856473538.240306,BELOW_PRIMARY_750
600356,SH_MAIN,245,GARCH_SUCCESS,2020-06-22 00:00:00,2021-06-25 00:00:00,7,False,False,2301708321.62577,BELOW_PRIMARY_750
600359,SH_MAIN,1584,GARCH_SUCCESS,2020-02-12 00:00:00,2026-08-19 00:00:00,0,True,True,2859120914.3242154,PRIMARY_750_MEMBER
600361,SH_MAIN,268,GARCH_SUCCESS,2023-05-19 00:00:00,2024-06-27 00:00:00,6,False,False,5143758984.238954,BELOW_PRIMARY_750
600362,SH_MAIN,244,GARCH_SUCCESS,2020-07-17 00:00:00,2021-07-19 00:00:00,8,False,False,50033179815.16858,BELOW_PRIMARY_750
600363,SH_MAIN,281,GARCH_SUCCESS,2025-06-26 00:00:00,2026-08-19 00:00:00,6,False,False,16771548471.317375,BELOW_PRIMARY_750
600366,SH_MAIN,262,GARCH_SUCCESS,2022-06-09 00:00:00,2023-07-06 00:00:00,8,False,False,9987369819.133629,BELOW_PRIMARY_750
600367,SH_MAIN,253,GARCH_SUCCESS,2020-06-10 00:00:00,2021-06-25 00:00:00,9,False,False,4659673128.694641,BELOW_PRIMARY_750
600368,SH_MAIN,246,GARCH_SUCCESS,2025-06-23 00:00:00,2026-06-29 00:00:00,7,False,False,5318651367.991987,BELOW_PRIMARY_750
600369,SH_MAIN,262,GARCH_SUCCESS,2020-06-15 00:00:00,2021-07-13 00:00:00,11,False,False,26049837659.49113,BELOW_PRIMARY_750
600371,SH_MAIN,249,GARCH_SUCCESS,2021-06-02 00:00:00,2022-06-14 00:00:00,7,False,False,3122075593.80531,BELOW_PRIMARY_750
600372,SH_MAIN,237,GARCH_SUCCESS,2024-06-17 00:00:00,2025-06-10 00:00:00,10,False,False,50235457739.9296,BELOW_PRIMARY_750
600373,SH_MAIN,243,GARCH_SUCCESS,2022-06-16 00:00:00,2023-06-14 00:00:00,7,False,False,15664339600.020315,BELOW_PRIMARY_750
600376,SH_MAIN,768,GARCH_SUCCESS,2023-06-20 00:00:00,2026-08-19 00:00:00,4,True,False,11040393966.599148,PRIMARY_750_MEMBER
600377,SH_MAIN,255,GARCH_SUCCESS,2021-07-16 00:00:00,2022-08-04 00:00:00,8,False,False,41382556011.23788,BELOW_PRIMARY_750
600378,SH_MAIN,256,GARCH_SUCCESS,2021-06-22 00:00:00,2022-07-12 00:00:00,7,False,False,26196170079.449867,BELOW_PRIMARY_750
600379,SH_MAIN,274,GARCH_SUCCESS,2022-05-23 00:00:00,2023-07-06 00:00:00,10,False,False,3558326966.649558,BELOW_PRIMARY_750
600380,SH_MAIN,256,GARCH_SUCCESS,2022-07-01 00:00:00,2023-07-20 00:00:00,7,False,False,22513047001.577564,BELOW_PRIMARY_750
600383,SH_MAIN,525,GARCH_SUCCESS,2024-06-24 00:00:00,2026-08-19 00:00:00,5,False,False,32944220215.070923,BELOW_PRIMARY_750
600386,SH_MAIN,253,GARCH_SUCCESS,2022-08-10 00:00:00,2023-08-24 00:00:00,6,False,False,3307621843.9259853,BELOW_PRIMARY_750
600389,SH_MAIN,333,GARCH_SUCCESS,2023-06-12 00:00:00,2024-10-29 00:00:00,10,False,False,10315085682.481752,BELOW_PRIMARY_750
600390,SH_MAIN,246,GARCH_SUCCESS,2022-09-28 00:00:00,2023-10-10 00:00:00,10,False,False,24402674577.753933,BELOW_PRIMARY_750
600391,SH_MAIN,1584,GARCH_SUCCESS,2020-02-12 00:00:00,2026-08-19 00:00:00,0,True,True,7342982786.715133,PRIMARY_750_MEMBER
600392,SH_MAIN,344,GARCH_SUCCESS,2020-02-12 00:00:00,2021-07-09 00:00:00,8,False,False,27671359943.936367,BELOW_PRIMARY_750
600395,SH_MAIN,260,GARCH_SUCCESS,2022-07-15 00:00:00,2023-08-09 00:00:00,8,False,False,12881928800.273031,BELOW_PRIMARY_750
600397,SH_MAIN,1584,GARCH_SUCCESS,2020-02-12 00:00:00,2026-08-19 00:00:00,0,True,True,4222541271.425342,PRIMARY_750_MEMBER
600398,SH_MAIN,248,GARCH_SUCCESS,2021-06-18 00:00:00,2022-06-28 00:00:00,8,False,False,30351411713.60856,BELOW_PRIMARY_750
600400,SH_MAIN,461,GARCH_SUCCESS,2024-09-24 00:00:00,2026-08-19 00:00:00,6,False,False,7199510290.569267,BELOW_PRIMARY_750
600405,SH_MAIN,1550,GARCH_SUCCESS,2020-02-12 00:00:00,2026-07-03 00:00:00,0,True,True,3178990989.130628,PRIMARY_750_MEMBER
600406,SH_MAIN,242,GARCH_SUCCESS,2022-06-23 00:00:00,2023-06-20 00:00:00,9,False,False,184074480521.0372,BELOW_PRIMARY_750
600409,SH_MAIN,260,GARCH_SUCCESS,2022-05-20 00:00:00,2023-06-13 00:00:00,7,False,False,14360564726.405666,BELOW_PRIMARY_750
600410,SH_MAIN,973,GARCH_SUCCESS,2021-07-12 00:00:00,2025-07-17 00:00:00,4,True,False,9690393866.603683,PRIMARY_750_MEMBER
600415,SH_MAIN,262,GARCH_SUCCESS,2023-05-25 00:00:00,2024-06-25 00:00:00,7,False,False,50464871887.82408,BELOW_PRIMARY_750
600418,SH_MAIN,511,GARCH_SUCCESS,2022-06-13 00:00:00,2024-07-18 00:00:00,4,False,False,49920828329.555504,BELOW_PRIMARY_750
600419,SH_MAIN,258,GARCH_SUCCESS,2021-06-15 00:00:00,2022-07-07 00:00:00,8,False,False,3629238800.325471,BELOW_PRIMARY_750
600420,SH_MAIN,264,GARCH_SUCCESS,2021-06-28 00:00:00,2022-07-28 00:00:00,9,False,False,12269712646.32296,BELOW_PRIMARY_750
600422,SH_MAIN,278,GARCH_SUCCESS,2022-05-31 00:00:00,2023-07-28 00:00:00,7,False,False,11173098641.795004,BELOW_PRIMARY_750
600425,SH_MAIN,569,GARCH_SUCCESS,2020-02-12 00:00:00,2022-06-16 00:00:00,5,False,False,5551099417.236774,BELOW_PRIMARY_750
600426,SH_MAIN,251,GARCH_SUCCESS,2021-05-24 00:00:00,2022-06-07 00:00:00,9,False,False,61389472731.94979,BELOW_PRIMARY_750
600428,SH_MAIN,350,GARCH_SUCCESS,2020-02-12 00:00:00,2021-07-19 00:00:00,6,False,False,13484226721.05939,BELOW_PRIMARY_750
600429,SH_MAIN,294,GARCH_SUCCESS,2022-05-27 00:00:00,2023-08-09 00:00:00,7,False,False,7306730870.965986,BELOW_PRIMARY_750
600433,SH_MAIN,482,GARCH_SUCCESS,2023-05-25 00:00:00,2025-05-23 00:00:00,5,False,False,5586846087.925528,BELOW_PRIMARY_750
600435,SH_MAIN,319,GARCH_SUCCESS,2020-02-12 00:00:00,2021-06-03 00:00:00,7,False,False,16188155103.741829,BELOW_PRIMARY_750
600436,SH_MAIN,254,GARCH_SUCCESS,2021-06-28 00:00:00,2022-07-14 00:00:00,9,False,False,161167193857.39432,BELOW_PRIMARY_750
600438,SH_MAIN,408,GARCH_SUCCESS,2024-06-17 00:00:00,2026-02-24 00:00:00,5,False,False,144901938927.8323,BELOW_PRIMARY_750
600444,SH_MAIN,280,GARCH_SUCCESS,2020-05-26 00:00:00,2021-07-19 00:00:00,8,False,False,2080368228.5276587,BELOW_PRIMARY_750
600446,SH_MAIN,358,GARCH_SUCCESS,2025-01-24 00:00:00,2026-08-19 00:00:00,5,False,False,12786507078.835342,BELOW_PRIMARY_750
600448,SH_MAIN,1501,GARCH_SUCCESS,2020-06-12 00:00:00,2026-08-19 00:00:00,1,True,True,1983121226.161464,PRIMARY_750_MEMBER
600449,SH_MAIN,249,GARCH_SUCCESS,2023-05-31 00:00:00,2024-06-12 00:00:00,7,False,False,6527893152.470552,BELOW_PRIMARY_750
600452,SH_MAIN,261,GARCH_SUCCESS,2021-05-28 00:00:00,2022-06-27 00:00:00,9,False,False,13992992819.09572,BELOW_PRIMARY_750
600455,SH_MAIN,779,GARCH_SUCCESS,2023-05-05 00:00:00,2026-08-19 00:00:00,0,True,False,1379215961.4975846,PRIMARY_750_MEMBER
600456,SH_MAIN,284,GARCH_SUCCESS,2020-05-29 00:00:00,2021-07-28 00:00:00,7,False,False,18071706473.89948,BELOW_PRIMARY_750
600458,SH_MAIN,251,GARCH_SUCCESS,2023-06-27 00:00:00,2024-07-09 00:00:00,8,False,False,8979541468.889542,BELOW_PRIMARY_750
600459,SH_MAIN,249,GARCH_SUCCESS,2021-06-22 00:00:00,2022-07-01 00:00:00,8,False,False,11772843102.750372,BELOW_PRIMARY_750
600460,SH_MAIN,514,GARCH_SUCCESS,2023-05-15 00:00:00,2025-06-27 00:00:00,6,False,False,48726478570.40863,BELOW_PRIMARY_750
600461,SH_MAIN,241,GARCH_SUCCESS,2023-07-05 00:00:00,2024-07-03 00:00:00,7,False,False,9409560315.461117,BELOW_PRIMARY_750
600463,SH_MAIN,1107,GARCH_SUCCESS,2021-12-23 00:00:00,2026-08-19 00:00:00,1,True,True,2666919967.6637025,PRIMARY_750_MEMBER
600467,SH_MAIN,242,GARCH_SUCCESS,2024-07-16 00:00:00,2025-07-16 00:00:00,8,False,False,3572853930.477876,BELOW_PRIMARY_750
600468,SH_MAIN,486,GARCH_SUCCESS,2024-07-04 00:00:00,2026-07-08 00:00:00,5,False,False,5671376420.28605,BELOW_PRIMARY_750
600469,SH_MAIN,278,GARCH_SUCCESS,2020-05-25 00:00:00,2021-07-14 00:00:00,8,False,False,3621040987.574167,BELOW_PRIMARY_750
600475,SH_MAIN,252,GARCH_SUCCESS,2023-06-02 00:00:00,2024-06-19 00:00:00,10,False,False,10179842455.598248,BELOW_PRIMARY_750
600477,SH_MAIN,285,GARCH_SUCCESS,2021-05-06 00:00:00,2022-07-07 00:00:00,9,False,False,8103061752.033322,BELOW_PRIMARY_750
600478,SH_MAIN,1097,GARCH_SUCCESS,2020-02-12 00:00:00,2024-08-15 00:00:00,1,True,True,10189238933.574257,PRIMARY_750_MEMBER
600479,SH_MAIN,248,GARCH_SUCCESS,2022-06-22 00:00:00,2023-06-29 00:00:00,8,False,False,4378289869.106354,BELOW_PRIMARY_750
600480,SH_MAIN,250,GARCH_SUCCESS,2022-06-27 00:00:00,2023-07-06 00:00:00,10,False,False,9352964840.321472,BELOW_PRIMARY_750
600481,SH_MAIN,532,GARCH_SUCCESS,2024-06-13 00:00:00,2026-08-19 00:00:00,5,False,False,16039688933.527208,BELOW_PRIMARY_750
600482,SH_MAIN,366,GARCH_SUCCESS,2020-02-12 00:00:00,2021-08-10 00:00:00,8,False,False,42389229198.09089,BELOW_PRIMARY_750
600483,SH_MAIN,276,GARCH_SUCCESS,2020-06-09 00:00:00,2021-07-27 00:00:00,8,False,False,23759849984.521843,BELOW_PRIMARY_750
600486,SH_MAIN,261,GARCH_SUCCESS,2021-07-14 00:00:00,2022-08-10 00:00:00,8,False,False,29500476831.44723,BELOW_PRIMARY_750
600487,SH_MAIN,259,GARCH_SUCCESS,2020-06-30 00:00:00,2021-07-21 00:00:00,7,False,False,41242156615.24711,BELOW_PRIMARY_750
600488,SH_MAIN,263,GARCH_SUCCESS,2023-05-12 00:00:00,2024-06-13 00:00:00,7,False,False,4883045586.788728,BELOW_PRIMARY_750
600489,SH_MAIN,269,GARCH_SUCCESS,2025-07-04 00:00:00,2026-08-12 00:00:00,7,False,False,58924087298.497055,BELOW_PRIMARY_750
600490,SH_MAIN,1179,GARCH_SUCCESS,2021-08-16 00:00:00,2026-07-02 00:00:00,2,True,True,8651663886.187546,PRIMARY_750_MEMBER
600493,SH_MAIN,253,GARCH_SUCCESS,2023-07-04 00:00:00,2024-07-18 00:00:00,8,False,False,1582164698.310539,BELOW_PRIMARY_750
600495,SH_MAIN,261,GARCH_SUCCESS,2024-06-13 00:00:00,2025-07-10 00:00:00,7,False,False,4869893786.836041,BELOW_PRIMARY_750
600496,SH_MAIN,253,GARCH_SUCCESS,2020-08-06 00:00:00,2021-08-19 00:00:00,7,False,False,7486729245.31646,BELOW_PRIMARY_750
600497,SH_MAIN,247,GARCH_SUCCESS,2020-06-22 00:00:00,2021-06-29 00:00:00,9,False,False,28574896543.3787,BELOW_PRIMARY_750
600498,SH_MAIN,254,GARCH_SUCCESS,2025-06-23 00:00:00,2026-07-09 00:00:00,8,False,False,23429417560.91404,BELOW_PRIMARY_750
600499,SH_MAIN,326,GARCH_SUCCESS,2020-02-12 00:00:00,2021-06-15 00:00:00,6,False,False,23548884541.48793,BELOW_PRIMARY_750
600500,SH_MAIN,488,GARCH_SUCCESS,2023-07-10 00:00:00,2025-07-15 00:00:00,4,False,False,16903898479.09158,BELOW_PRIMARY_750
600501,SH_MAIN,814,GARCH_SUCCESS,2020-02-12 00:00:00,2023-06-16 00:00:00,2,True,False,6481061202.528157,PRIMARY_750_MEMBER
600502,SH_MAIN,265,GARCH_SUCCESS,2022-05-18 00:00:00,2023-06-16 00:00:00,9,False,False,8413440533.248545,BELOW_PRIMARY_750
600503,SH_MAIN,704,GARCH_SUCCESS,2021-07-15 00:00:00,2024-06-13 00:00:00,3,False,False,4481526497.908286,BELOW_PRIMARY_750
600505,SH_MAIN,250,GARCH_SUCCESS,2022-06-28 00:00:00,2023-07-07 00:00:00,8,False,False,3577911785.840708,BELOW_PRIMARY_750
600507,SH_MAIN,458,GARCH_SUCCESS,2022-06-16 00:00:00,2024-05-08 00:00:00,6,False,False,12940311370.631592,BELOW_PRIMARY_750
600508,SH_MAIN,262,GARCH_SUCCESS,2021-06-28 00:00:00,2022-07-26 00:00:00,9,False,False,9555989036.669348,BELOW_PRIMARY_750
600509,SH_MAIN,722,GARCH_SUCCESS,2021-07-12 00:00:00,2024-07-04 00:00:00,4,False,False,8150990673.977939,BELOW_PRIMARY_750
600510,SH_MAIN,242,GARCH_SUCCESS,2020-07-10 00:00:00,2021-07-08 00:00:00,7,False,False,6940544619.233685,BELOW_PRIMARY_750
600511,SH_MAIN,247,GARCH_SUCCESS,2022-06-06 00:00:00,2023-06-08 00:00:00,7,False,False,17037901434.435204,BELOW_PRIMARY_750
600512,SH_MAIN,477,GARCH_SUCCESS,2022-07-08 00:00:00,2024-06-27 00:00:00,6,False,False,4268759954.8801847,BELOW_PRIMARY_750
600513,SH_MAIN,269,GARCH_SUCCESS,2021-06-21 00:00:00,2022-07-28 00:00:00,7,False,False,3240052676.0734515,BELOW_PRIMARY_750
600516,SH_MAIN,748,GARCH_SUCCESS,2021-06-23 00:00:00,2024-07-23 00:00:00,5,False,False,25507406330.739952,BELOW_PRIMARY_750
600517,SH_MAIN,328,GARCH_SUCCESS,2020-02-12 00:00:00,2021-06-17 00:00:00,9,False,False,23283594053.99628,BELOW_PRIMARY_750
600519,SH_MAIN,243,GARCH_SUCCESS,2021-06-28 00:00:00,2022-06-29 00:00:00,12,False,False,,BELOW_PRIMARY_750
600520,SH_MAIN,1128,GARCH_SUCCESS,2020-02-12 00:00:00,2024-10-08 00:00:00,0,True,True,2993209799.7576737,PRIMARY_750_MEMBER
600521,SH_MAIN,261,GARCH_SUCCESS,2021-06-15 00:00:00,2022-07-12 00:00:00,7,False,False,27056761015.13027,BELOW_PRIMARY_750
600522,SH_MAIN,302,GARCH_SUCCESS,2021-05-11 00:00:00,2022-08-04 00:00:00,8,False,False,53851428948.53985,BELOW_PRIMARY_750
600523,SH_MAIN,267,GARCH_SUCCESS,2021-04-29 00:00:00,2022-06-09 00:00:00,7,False,False,6232402891.020434,BELOW_PRIMARY_750
600527,SH_MAIN,261,GARCH_SUCCESS,2020-06-02 00:00:00,2021-06-29 00:00:00,7,False,False,3687243578.451456,BELOW_PRIMARY_750
600528,SH_MAIN,268,GARCH_SUCCESS,2022-07-18 00:00:00,2023-08-22 00:00:00,7,False,False,18231021020.55736,BELOW_PRIMARY_750
600529,SH_MAIN,243,GARCH_SUCCESS,2020-07-08 00:00:00,2021-07-07 00:00:00,9,False,False,17098832573.134031,BELOW_PRIMARY_750
600531,SH_MAIN,258,GARCH_SUCCESS,2023-06-09 00:00:00,2024-07-04 00:00:00,7,False,False,7935672356.23736,BELOW_PRIMARY_750
600533,SH_MAIN,762,GARCH_SUCCESS,2023-06-30 00:00:00,2026-08-19 00:00:00,4,True,False,3116126307.3209977,PRIMARY_750_MEMBER
600535,SH_MAIN,248,GARCH_SUCCESS,2020-06-15 00:00:00,2021-06-23 00:00:00,11,False,False,21106026937.760155,BELOW_PRIMARY_750
600536,SH_MAIN,779,GARCH_SUCCESS,2023-06-05 00:00:00,2026-08-19 00:00:00,4,True,False,32871545725.40021,PRIMARY_750_MEMBER
600538,SH_MAIN,1417,GARCH_SUCCESS,2020-09-11 00:00:00,2026-08-19 00:00:00,0,True,True,2752862778.9430327,PRIMARY_750_MEMBER
600540,SH_MAIN,827,GARCH_SUCCESS,2020-02-12 00:00:00,2023-07-07 00:00:00,0,True,False,2640763060.373884,PRIMARY_750_MEMBER
600545,SH_MAIN,1584,GARCH_SUCCESS,2020-02-12 00:00:00,2026-08-19 00:00:00,0,True,True,5043254629.619767,PRIMARY_750_MEMBER
600546,SH_MAIN,270,GARCH_SUCCESS,2025-06-05 00:00:00,2026-07-15 00:00:00,8,False,False,25745789469.12744,BELOW_PRIMARY_750
600547,SH_MAIN,247,GARCH_SUCCESS,2022-07-11 00:00:00,2023-07-17 00:00:00,9,False,False,91911952840.55344,BELOW_PRIMARY_750
600548,SH_MAIN,271,GARCH_SUCCESS,2021-06-02 00:00:00,2022-07-14 00:00:00,7,False,False,14291099287.061312,BELOW_PRIMARY_750
600549,SH_MAIN,261,GARCH_SUCCESS,2022-06-01 00:00:00,2023-06-28 00:00:00,8,False,False,34792987175.92164,BELOW_PRIMARY_750
600550,SH_MAIN,1584,GARCH_SUCCESS,2020-02-12 00:00:00,2026-08-19 00:00:00,0,True,True,12044830858.710829,PRIMARY_750_MEMBER
600551,SH_MAIN,317,GARCH_SUCCESS,2020-02-12 00:00:00,2021-06-01 00:00:00,9,False,False,5183449506.214473,BELOW_PRIMARY_750
600552,SH_MAIN,273,GARCH_SUCCESS,2022-05-13 00:00:00,2023-06-27 00:00:00,7,False,False,9555232933.965326,BELOW_PRIMARY_750
600557,SH_MAIN,771,GARCH_SUCCESS,2020-06-19 00:00:00,2023-08-22 00:00:00,3,True,False,9256063611.695335,PRIMARY_750_MEMBER
600558,SH_MAIN,254,GARCH_SUCCESS,2023-07-24 00:00:00,2024-08-08 00:00:00,8,False,False,3642044239.018656,BELOW_PRIMARY_750
600559,SH_MAIN,247,GARCH_SUCCESS,2021-06-11 00:00:00,2022-06-21 00:00:00,7,False,False,19894451997.86901,BELOW_PRIMARY_750
600560,SH_MAIN,282,GARCH_SUCCESS,2024-06-26 00:00:00,2025-08-21 00:00:00,7,False,False,2889321735.2654867,BELOW_PRIMARY_750
600561,SH_MAIN,1004,GARCH_SUCCESS,2022-07-01 00:00:00,2026-08-19 00:00:00,1,True,True,1465511720.3925986,PRIMARY_750_MEMBER
600562,SH_MAIN,280,GARCH_SUCCESS,2020-05-18 00:00:00,2021-07-09 00:00:00,8,False,False,18480149103.311527,BELOW_PRIMARY_750
600563,SH_MAIN,249,GARCH_SUCCESS,2020-06-02 00:00:00,2021-06-10 00:00:00,7,False,False,30401647023.33065,BELOW_PRIMARY_750
600566,SH_MAIN,266,GARCH_SUCCESS,2022-05-27 00:00:00,2023-06-30 00:00:00,7,False,False,24457080987.951702,BELOW_PRIMARY_750
600567,SH_MAIN,527,GARCH_SUCCESS,2022-06-06 00:00:00,2024-08-02 00:00:00,3,False,False,11212775073.210796,BELOW_PRIMARY_750
600569,SH_MAIN,968,GARCH_SUCCESS,2022-08-22 00:00:00,2026-08-19 00:00:00,3,True,False,6361739364.39646,PRIMARY_750_MEMBER
600570,SH_MAIN,269,GARCH_SUCCESS,2020-06-08 00:00:00,2021-07-15 00:00:00,7,False,False,64639967051.68178,BELOW_PRIMARY_750
600571,SH_MAIN,482,GARCH_SUCCESS,2022-08-01 00:00:00,2024-07-26 00:00:00,6,False,False,5191242585.103933,BELOW_PRIMARY_750
600572,SH_MAIN,577,GARCH_SUCCESS,2020-02-12 00:00:00,2022-06-28 00:00:00,5,False,False,12154091542.906475,BELOW_PRIMARY_750
600573,SH_MAIN,260,GARCH_SUCCESS,2024-06-28 00:00:00,2025-07-24 00:00:00,7,False,False,2637349155.2695093,BELOW_PRIMARY_750
600575,SH_MAIN,539,GARCH_SUCCESS,2022-02-23 00:00:00,2024-06-17 00:00:00,3,False,False,11579151386.096563,BELOW_PRIMARY_750
600576,SH_MAIN,928,GARCH_SUCCESS,2022-09-19 00:00:00,2026-08-19 00:00:00,0,True,False,4241092341.061551,PRIMARY_750_MEMBER
600577,SH_MAIN,262,GARCH_SUCCESS,2021-04-27 00:00:00,2022-05-30 00:00:00,10,False,False,13198207472.855429,BELOW_PRIMARY_750
600578,SH_MAIN,496,GARCH_SUCCESS,2021-07-29 00:00:00,2023-08-15 00:00:00,6,False,False,23775645600.45332,BELOW_PRIMARY_750
600579,SH_MAIN,1315,GARCH_SUCCESS,2020-02-12 00:00:00,2025-07-14 00:00:00,0,True,True,3360577894.2545743,PRIMARY_750_MEMBER
600580,SH_MAIN,268,GARCH_SUCCESS,2020-06-10 00:00:00,2021-07-16 00:00:00,7,False,False,25902816721.265587,BELOW_PRIMARY_750
600582,SH_MAIN,251,GARCH_SUCCESS,2020-07-13 00:00:00,2021-07-22 00:00:00,7,False,False,22572856012.85683,BELOW_PRIMARY_750
600583,SH_MAIN,291,GARCH_SUCCESS,2025-05-09 00:00:00,2026-07-20 00:00:00,7,False,False,24146217272.83025,BELOW_PRIMARY_750
600584,SH_MAIN,348,GARCH_SUCCESS,2020-02-12 00:00:00,2021-07-15 00:00:00,7,False,False,56223318072.798615,BELOW_PRIMARY_750
600585,SH_MAIN,243,GARCH_SUCCESS,2024-06-25 00:00:00,2025-06-26 00:00:00,8,False,False,116997542932.13235,BELOW_PRIMARY_750
600586,SH_MAIN,286,GARCH_SUCCESS,2025-06-19 00:00:00,2026-08-19 00:00:00,6,False,False,10280079144.181818,BELOW_PRIMARY_750
600587,SH_MAIN,262,GARCH_SUCCESS,2020-07-01 00:00:00,2021-07-27 00:00:00,8,False,False,9896730062.495705,BELOW_PRIMARY_750
600588,SH_MAIN,794,GARCH_SUCCESS,2023-05-15 00:00:00,2026-08-19 00:00:00,4,True,False,65930704993.41819,PRIMARY_750_MEMBER
600590,SH_MAIN,1137,GARCH_SUCCESS,2020-07-13 00:00:00,2025-03-21 00:00:00,2,True,True,6090858094.287283,PRIMARY_750_MEMBER
600592,SH_MAIN,486,GARCH_SUCCESS,2022-06-24 00:00:00,2024-06-26 00:00:00,8,False,False,4975116989.118221,BELOW_PRIMARY_750
600594,SH_MAIN,725,GARCH_SUCCESS,2021-06-09 00:00:00,2024-06-06 00:00:00,4,False,False,3951660386.1238937,BELOW_PRIMARY_750
600596,SH_MAIN,278,GARCH_SUCCESS,2022-04-28 00:00:00,2023-06-20 00:00:00,7,False,False,14280146972.340475,BELOW_PRIMARY_750
600597,SH_MAIN,281,GARCH_SUCCESS,2021-05-24 00:00:00,2022-07-19 00:00:00,6,False,False,13651679293.706444,BELOW_PRIMARY_750
600598,SH_MAIN,242,GARCH_SUCCESS,2022-05-26 00:00:00,2023-05-24 00:00:00,7,False,False,25395108551.66555,BELOW_PRIMARY_750
600600,SH_MAIN,273,GARCH_SUCCESS,2020-06-29 00:00:00,2021-08-09 00:00:00,7,False,False,59084928718.263535,BELOW_PRIMARY_750
600602,SH_MAIN,259,GARCH_SUCCESS,2024-07-01 00:00:00,2025-07-24 00:00:00,7,False,False,13382703838.856152,BELOW_PRIMARY_750
600604,SH_MAIN,464,GARCH_SUCCESS,2023-07-27 00:00:00,2025-06-30 00:00:00,5,False,False,7135422195.712567,BELOW_PRIMARY_750
600605,SH_MAIN,250,GARCH_SUCCESS,2025-04-17 00:00:00,2026-04-29 00:00:00,7,False,False,4263714747.4425206,BELOW_PRIMARY_750
600606,SH_MAIN,981,GARCH_SUCCESS,2022-08-03 00:00:00,2026-08-19 00:00:00,3,True,False,38571659801.77249,PRIMARY_750_MEMBER
600609,SH_MAIN,1524,GARCH_SUCCESS,2020-02-12 00:00:00,2026-05-27 00:00:00,1,True,True,6110752205.827547,PRIMARY_750_MEMBER
600611,SH_MAIN,439,GARCH_SUCCESS,2020-08-07 00:00:00,2022-06-02 00:00:00,7,False,False,6873976256.583202,BELOW_PRIMARY_750
600612,SH_MAIN,244,GARCH_SUCCESS,2021-08-02 00:00:00,2022-08-04 00:00:00,8,False,False,16525626245.19437,BELOW_PRIMARY_750
600613,SH_MAIN,591,GARCH_SUCCESS,2020-02-12 00:00:00,2022-07-18 00:00:00,5,False,False,3124468292.6338696,BELOW_PRIMARY_750
600616,SH_MAIN,259,GARCH_SUCCESS,2021-06-21 00:00:00,2022-07-14 00:00:00,7,False,False,4195764383.3604174,BELOW_PRIMARY_750
600617,SH_MAIN,574,GARCH_SUCCESS,2020-02-12 00:00:00,2022-06-23 00:00:00,2,False,False,4604717868.523782,BELOW_PRIMARY_750
600618,SH_MAIN,245,GARCH_SUCCESS,2024-07-17 00:00:00,2025-07-22 00:00:00,7,False,False,7850794386.210909,BELOW_PRIMARY_750
600619,SH_MAIN,266,GARCH_SUCCESS,2021-06-08 00:00:00,2022-07-13 00:00:00,7,False,False,7257399112.971528,BELOW_PRIMARY_750
600620,SH_MAIN,260,GARCH_SUCCESS,2025-07-25 00:00:00,2026-08-19 00:00:00,6,False,False,5631647271.831745,BELOW_PRIMARY_750
600621,SH_MAIN,275,GARCH_SUCCESS,2023-06-26 00:00:00,2024-08-09 00:00:00,9,False,False,14504601464.239552,BELOW_PRIMARY_750
600622,SH_MAIN,993,GARCH_SUCCESS,2022-07-18 00:00:00,2026-08-19 00:00:00,2,True,False,4491780982.368415,PRIMARY_750_MEMBER
600623,SH_MAIN,262,GARCH_SUCCESS,2023-07-07 00:00:00,2024-08-05 00:00:00,7,False,False,14286905703.306002,BELOW_PRIMARY_750
600626,SH_MAIN,968,GARCH_SUCCESS,2022-07-15 00:00:00,2026-07-15 00:00:00,3,True,False,3460971895.034666,PRIMARY_750_MEMBER
600628,SH_MAIN,241,GARCH_SUCCESS,2020-08-24 00:00:00,2021-08-19 00:00:00,7,False,False,4765186959.85815,BELOW_PRIMARY_750
600629,SH_MAIN,248,GARCH_SUCCESS,2021-07-14 00:00:00,2022-07-22 00:00:00,7,False,False,7439066908.884224,BELOW_PRIMARY_750
600630,SH_MAIN,1067,GARCH_SUCCESS,2020-02-12 00:00:00,2024-07-04 00:00:00,3,True,True,3156144018.0037003,PRIMARY_750_MEMBER
600633,SH_MAIN,245,GARCH_SUCCESS,2021-06-09 00:00:00,2022-06-15 00:00:00,10,False,False,13534603997.906382,BELOW_PRIMARY_750
600635,SH_MAIN,262,GARCH_SUCCESS,2022-07-21 00:00:00,2023-08-17 00:00:00,7,False,False,9219741113.823812,BELOW_PRIMARY_750
600637,SH_MAIN,269,GARCH_SUCCESS,2021-06-29 00:00:00,2022-08-05 00:00:00,8,False,False,26776828828.89237,BELOW_PRIMARY_750
600638,SH_MAIN,345,GARCH_SUCCESS,2020-02-12 00:00:00,2021-07-12 00:00:00,6,False,False,3672347431.525953,BELOW_PRIMARY_750
600639,SH_MAIN,258,GARCH_SUCCESS,2024-07-12 00:00:00,2025-08-05 00:00:00,7,False,False,9875448003.854471,BELOW_PRIMARY_750
600640,SH_MAIN,717,GARCH_SUCCESS,2021-08-06 00:00:00,2024-07-24 00:00:00,5,False,False,9336733288.16959,BELOW_PRIMARY_750
600641,SH_MAIN,269,GARCH_SUCCESS,2025-07-14 00:00:00,2026-08-19 00:00:00,6,False,False,17194739059.306572,BELOW_PRIMARY_750
600642,SH_MAIN,251,GARCH_SUCCESS,2024-06-27 00:00:00,2025-07-10 00:00:00,7,False,False,34461569542.549,BELOW_PRIMARY_750
600643,SH_MAIN,511,GARCH_SUCCESS,2024-07-12 00:00:00,2026-08-19 00:00:00,5,False,False,9005840362.910908,BELOW_PRIMARY_750
600644,SH_MAIN,1544,GARCH_SUCCESS,2020-02-12 00:00:00,2026-06-25 00:00:00,1,True,True,4259170961.626782,PRIMARY_750_MEMBER
600645,SH_MAIN,1584,GARCH_SUCCESS,2020-02-12 00:00:00,2026-08-19 00:00:00,0,True,True,9640440001.363203,PRIMARY_750_MEMBER
600648,SH_MAIN,286,GARCH_SUCCESS,2022-05-19 00:00:00,2023-07-20 00:00:00,7,False,False,11170654918.297337,BELOW_PRIMARY_750
600649,SH_MAIN,255,GARCH_SUCCESS,2020-08-03 00:00:00,2021-08-18 00:00:00,7,False,False,10731978926.41511,BELOW_PRIMARY_750
600650,SH_MAIN,244,GARCH_SUCCESS,2020-07-30 00:00:00,2021-07-30 00:00:00,7,False,False,4487133075.992961,BELOW_PRIMARY_750
600653,SH_MAIN,1584,GARCH_SUCCESS,2020-02-12 00:00:00,2026-08-19 00:00:00,0,True,True,3721391477.20798,PRIMARY_750_MEMBER
600655,SH_MAIN,286,GARCH_SUCCESS,2025-06-19 00:00:00,2026-08-19 00:00:00,7,False,False,24736041630.202465,BELOW_PRIMARY_750
600657,SH_MAIN,766,GARCH_SUCCESS,2023-06-26 00:00:00,2026-08-19 00:00:00,3,True,False,11384441703.44115,PRIMARY_750_MEMBER
600658,SH_MAIN,762,GARCH_SUCCESS,2023-06-30 00:00:00,2026-08-19 00:00:00,4,True,False,5158602859.538737,PRIMARY_750_MEMBER
600660,SH_MAIN,241,GARCH_SUCCESS,2022-05-20 00:00:00,2023-05-17 00:00:00,8,False,False,95259854542.39932,BELOW_PRIMARY_750
600661,SH_MAIN,1584,GARCH_SUCCESS,2020-02-12 00:00:00,2026-08-19 00:00:00,0,True,True,3014196307.858487,PRIMARY_750_MEMBER
600662,SH_MAIN,293,GARCH_SUCCESS,2021-04-30 00:00:00,2022-08-16 00:00:00,7,False,False,8210960239.557561,BELOW_PRIMARY_750
600663,SH_MAIN,263,GARCH_SUCCESS,2021-05-21 00:00:00,2022-06-22 00:00:00,9,False,False,29211272454.0908,BELOW_PRIMARY_750
600664,SH_MAIN,1584,GARCH_SUCCESS,2020-02-12 00:00:00,2026-08-19 00:00:00,0,True,True,8339237285.62198,PRIMARY_750_MEMBER
600665,SH_MAIN,735,GARCH_SUCCESS,2023-08-08 00:00:00,2026-08-19 00:00:00,5,False,False,2879238165.003741,BELOW_PRIMARY_750
600667,SH_MAIN,482,GARCH_SUCCESS,2022-07-01 00:00:00,2024-06-27 00:00:00,6,False,False,15189036736.522318,BELOW_PRIMARY_750
600668,SH_MAIN,243,GARCH_SUCCESS,2023-07-13 00:00:00,2024-07-15 00:00:00,7,False,False,4244213396.135704,BELOW_PRIMARY_750
600673,SH_MAIN,494,GARCH_SUCCESS,2020-07-30 00:00:00,2022-09-09 00:00:00,2,False,False,32613841795.79204,BELOW_PRIMARY_750
600674,SH_MAIN,249,GARCH_SUCCESS,2025-07-21 00:00:00,2026-07-30 00:00:00,7,False,False,66599957259.8027,BELOW_PRIMARY_750
600675,SH_MAIN,484,GARCH_SUCCESS,2024-08-01 00:00:00,2026-08-03 00:00:00,6,False,False,16639551072.52584,BELOW_PRIMARY_750
600676,SH_MAIN,1475,GARCH_SUCCESS,2020-07-22 00:00:00,2026-08-19 00:00:00,1,True,True,4686882889.777635,PRIMARY_750_MEMBER
600679,SH_MAIN,552,GARCH_SUCCESS,2022-07-07 00:00:00,2024-10-18 00:00:00,4,False,False,3292369396.247401,BELOW_PRIMARY_750
600681,SH_MAIN,169,GARCH_SUCCESS,2025-09-15 00:00:00,2026-06-03 00:00:00,13,False,False,5792765020.375165,BELOW_PRIMARY_750
600682,SH_MAIN,334,GARCH_SUCCESS,2020-02-12 00:00:00,2021-06-25 00:00:00,5,False,False,9533225128.395414,BELOW_PRIMARY_750
600683,SH_MAIN,1029,GARCH_SUCCESS,2022-05-26 00:00:00,2026-08-19 00:00:00,2,True,True,3674107891.2573695,PRIMARY_750_MEMBER
600684,SH_MAIN,1493,GARCH_SUCCESS,2020-06-24 00:00:00,2026-08-19 00:00:00,1,True,True,3173727244.823548,PRIMARY_750_MEMBER
600685,SH_MAIN,350,GARCH_SUCCESS,2020-02-12 00:00:00,2021-07-19 00:00:00,8,False,False,20015203286.25657,BELOW_PRIMARY_750
600686,SH_MAIN,720,GARCH_SUCCESS,2021-07-20 00:00:00,2024-07-10 00:00:00,7,False,False,6698535792.351672,BELOW_PRIMARY_750
600688,SH_MAIN,722,GARCH_SUCCESS,2022-07-29 00:00:00,2025-07-23 00:00:00,4,False,False,23321900079.847145,BELOW_PRIMARY_750
600689,SH_MAIN,1225,GARCH_SUCCESS,2020-06-23 00:00:00,2025-07-14 00:00:00,3,True,True,1465294876.508053,PRIMARY_750_MEMBER
600690,SH_MAIN,235,GARCH_SUCCESS,2020-08-04 00:00:00,2021-08-20 00:00:00,7,False,False,161845021498.7075,BELOW_PRIMARY_750
600691,SH_MAIN,1584,GARCH_SUCCESS,2020-02-12 00:00:00,2026-08-19 00:00:00,0,True,True,7170186488.491326,PRIMARY_750_MEMBER
600692,SH_MAIN,1113,GARCH_SUCCESS,2020-02-12 00:00:00,2024-09-06 00:00:00,1,True,True,1674454857.40609,PRIMARY_750_MEMBER
600693,SH_MAIN,828,GARCH_SUCCESS,2020-02-12 00:00:00,2023-07-10 00:00:00,6,True,False,4584227714.304088,PRIMARY_750_MEMBER
600694,SH_MAIN,247,GARCH_SUCCESS,2022-06-01 00:00:00,2023-06-06 00:00:00,7,False,False,5853095321.024143,BELOW_PRIMARY_750
600697,SH_MAIN,250,GARCH_SUCCESS,2022-07-07 00:00:00,2023-07-18 00:00:00,7,False,False,1939430176.7345133,BELOW_PRIMARY_750
600699,SH_MAIN,464,GARCH_SUCCESS,2021-06-09 00:00:00,2023-05-10 00:00:00,6,False,False,25545292152.578785,BELOW_PRIMARY_750
600703,SH_MAIN,277,GARCH_SUCCESS,2025-07-02 00:00:00,2026-08-19 00:00:00,6,False,False,82811863451.30388,BELOW_PRIMARY_750
600704,SH_MAIN,263,GARCH_SUCCESS,2021-06-07 00:00:00,2022-07-07 00:00:00,8,False,False,26567065474.72695,BELOW_PRIMARY_750
600706,SH_MAIN,1501,GARCH_SUCCESS,2020-06-12 00:00:00,2026-08-19 00:00:00,1,True,True,2702532130.8098955,PRIMARY_750_MEMBER
600707,SH_MAIN,1248,GARCH_SUCCESS,2021-03-26 00:00:00,2026-06-24 00:00:00,1,True,True,21010289036.8831,PRIMARY_750_MEMBER
600708,SH_MAIN,501,GARCH_SUCCESS,2024-07-26 00:00:00,2026-08-19 00:00:00,5,False,False,5978854116.052518,BELOW_PRIMARY_750
600710,SH_MAIN,252,GARCH_SUCCESS,2022-06-06 00:00:00,2023-06-15 00:00:00,7,False,False,10468829128.085068,BELOW_PRIMARY_750
600712,SH_MAIN,1503,GARCH_SUCCESS,2020-06-10 00:00:00,2026-08-19 00:00:00,1,True,True,2550171774.33058,PRIMARY_750_MEMBER
600713,SH_MAIN,268,GARCH_SUCCESS,2023-05-19 00:00:00,2024-06-27 00:00:00,7,False,False,5482002743.259848,BELOW_PRIMARY_750
600714,SH_MAIN,656,GARCH_SUCCESS,2020-02-12 00:00:00,2022-10-25 00:00:00,4,False,False,3051955973.7725663,BELOW_PRIMARY_750
600716,SH_MAIN,1214,GARCH_SUCCESS,2021-08-16 00:00:00,2026-08-19 00:00:00,2,True,True,3650583586.4052286,PRIMARY_750_MEMBER
600717,SH_MAIN,242,GARCH_SUCCESS,2020-06-22 00:00:00,2021-06-22 00:00:00,7,False,False,12671661769.519968,BELOW_PRIMARY_750
600718,SH_MAIN,603,GARCH_SUCCESS,2020-02-12 00:00:00,2022-08-03 00:00:00,3,False,False,12257316116.8088,BELOW_PRIMARY_750
600720,SH_MAIN,484,GARCH_SUCCESS,2022-06-13 00:00:00,2024-06-12 00:00:00,6,False,False,8108198259.040203,BELOW_PRIMARY_750
600722,SH_MAIN,1584,GARCH_SUCCESS,2020-02-12 00:00:00,2026-08-19 00:00:00,0,True,True,3942504517.890008,PRIMARY_750_MEMBER
600724,SH_MAIN,255,GARCH_SUCCESS,2022-05-19 00:00:00,2023-06-05 00:00:00,8,False,False,6295788394.173451,BELOW_PRIMARY_750
600727,SH_MAIN,477,GARCH_SUCCESS,2022-06-20 00:00:00,2024-06-06 00:00:00,7,False,False,3698024740.3229847,BELOW_PRIMARY_750
600728,SH_MAIN,494,GARCH_SUCCESS,2024-06-13 00:00:00,2026-06-29 00:00:00,5,False,False,11739539922.59374,BELOW_PRIMARY_750
600729,SH_MAIN,244,GARCH_SUCCESS,2024-06-28 00:00:00,2025-07-02 00:00:00,8,False,False,8344088910.490999,BELOW_PRIMARY_750
600731,SH_MAIN,746,GARCH_SUCCESS,2021-05-26 00:00:00,2024-06-24 00:00:00,3,False,False,3563325934.8463154,BELOW_PRIMARY_750
600733,SH_MAIN,1584,GARCH_SUCCESS,2020-02-12 00:00:00,2026-08-19 00:00:00,0,True,True,31171611924.177933,PRIMARY_750_MEMBER
600736,SH_MAIN,245,GARCH_SUCCESS,2022-07-11 00:00:00,2023-07-13 00:00:00,8,False,False,5938837482.215044,BELOW_PRIMARY_750
600737,SH_MAIN,253,GARCH_SUCCESS,2022-06-27 00:00:00,2023-07-11 00:00:00,10,False,False,20983548504.36743,BELOW_PRIMARY_750
600738,SH_MAIN,524,GARCH_SUCCESS,2020-06-29 00:00:00,2022-09-21 00:00:00,4,False,False,4298615695.96827,BELOW_PRIMARY_750
600739,SH_MAIN,262,GARCH_SUCCESS,2022-07-21 00:00:00,2023-08-17 00:00:00,7,False,False,20793162160.61561,BELOW_PRIMARY_750
600740,SH_MAIN,254,GARCH_SUCCESS,2023-05-31 00:00:00,2024-06-19 00:00:00,7,False,False,12878865502.765678,BELOW_PRIMARY_750
600741,SH_MAIN,251,GARCH_SUCCESS,2020-07-20 00:00:00,2021-07-29 00:00:00,8,False,False,61495314364.276375,BELOW_PRIMARY_750
600742,SH_MAIN,261,GARCH_SUCCESS,2021-05-24 00:00:00,2022-06-21 00:00:00,11,False,False,6619161629.248961,BELOW_PRIMARY_750
600743,SH_MAIN,1260,GARCH_SUCCESS,2021-06-10 00:00:00,2026-08-19 00:00:00,2,True,True,4367296032.432534,PRIMARY_750_MEMBER
600744,SH_MAIN,1584,GARCH_SUCCESS,2020-02-12 00:00:00,2026-08-19 00:00:00,0,True,True,7184231308.260386,PRIMARY_750_MEMBER
600746,SH_MAIN,499,GARCH_SUCCESS,2023-06-21 00:00:00,2025-07-15 00:00:00,5,False,False,7005490382.529219,BELOW_PRIMARY_750
600748,SH_MAIN,497,GARCH_SUCCESS,2024-08-01 00:00:00,2026-08-19 00:00:00,5,False,False,7193884388.118455,BELOW_PRIMARY_750
600749,SH_MAIN,1292,GARCH_SUCCESS,2021-03-23 00:00:00,2026-08-19 00:00:00,0,True,True,2866886717.066452,PRIMARY_750_MEMBER
600750,SH_MAIN,236,GARCH_SUCCESS,2020-06-15 00:00:00,2021-06-04 00:00:00,12,False,False,11836172947.281672,BELOW_PRIMARY_750
600751,SH_MAIN,1540,GARCH_SUCCESS,2020-02-12 00:00:00,2026-06-18 00:00:00,1,True,True,7469473053.528462,PRIMARY_750_MEMBER
600754,SH_MAIN,254,GARCH_SUCCESS,2021-06-21 00:00:00,2022-07-07 00:00:00,9,False,False,35786523566.173164,BELOW_PRIMARY_750
600755,SH_MAIN,240,GARCH_SUCCESS,2022-06-30 00:00:00,2023-06-27 00:00:00,9,False,False,14579547773.564253,BELOW_PRIMARY_750
600756,SH_MAIN,737,GARCH_SUCCESS,2020-05-26 00:00:00,2023-06-07 00:00:00,3,False,False,4676804975.792566,BELOW_PRIMARY_750
600757,SH_MAIN,258,GARCH_SUCCESS,2021-06-11 00:00:00,2022-07-06 00:00:00,7,False,False,8943620088.824762,BELOW_PRIMARY_750
600758,SH_MAIN,337,GARCH_SUCCESS,2021-05-10 00:00:00,2022-10-28 00:00:00,4,False,False,5070738198.768245,BELOW_PRIMARY_750
600760,SH_MAIN,262,GARCH_SUCCESS,2022-05-27 00:00:00,2023-06-26 00:00:00,10,False,False,125697374732.64758,BELOW_PRIMARY_750
600761,SH_MAIN,243,GARCH_SUCCESS,2022-06-17 00:00:00,2023-06-15 00:00:00,8,False,False,13298552797.781431,BELOW_PRIMARY_750
600763,SH_MAIN,1067,GARCH_SUCCESS,2020-02-12 00:00:00,2024-07-04 00:00:00,2,True,True,39128226738.45572,PRIMARY_750_MEMBER
600764,SH_MAIN,242,GARCH_SUCCESS,2020-08-20 00:00:00,2021-08-18 00:00:00,9,False,False,16776168681.109486,BELOW_PRIMARY_750
600765,SH_MAIN,258,GARCH_SUCCESS,2021-04-21 00:00:00,2022-05-18 00:00:00,7,False,False,31235505926.42246,BELOW_PRIMARY_750
600768,SH_MAIN,1193,GARCH_SUCCESS,2020-02-12 00:00:00,2025-01-08 00:00:00,3,True,True,1375408645.4577634,PRIMARY_750_MEMBER
600769,SH_MAIN,1584,GARCH_SUCCESS,2020-02-12 00:00:00,2026-08-19 00:00:00,0,True,True,3264304736.2252617,PRIMARY_750_MEMBER
600770,SH_MAIN,1584,GARCH_SUCCESS,2020-02-12 00:00:00,2026-08-19 00:00:00,0,True,True,7298511665.325825,PRIMARY_750_MEMBER
600771,SH_MAIN,1390,GARCH_SUCCESS,2020-11-26 00:00:00,2026-08-19 00:00:00,1,True,True,12773374763.61004,PRIMARY_750_MEMBER
600773,SH_MAIN,276,GARCH_SUCCESS,2025-07-03 00:00:00,2026-08-19 00:00:00,6,False,False,12855175024.75144,BELOW_PRIMARY_750
600774,SH_MAIN,702,GARCH_SUCCESS,2023-08-24 00:00:00,2026-08-19 00:00:00,2,False,False,3045451136.084016,BELOW_PRIMARY_750
600775,SH_MAIN,708,GARCH_SUCCESS,2023-07-13 00:00:00,2026-06-17 00:00:00,5,False,False,6668183872.000386,BELOW_PRIMARY_750
600776,SH_MAIN,264,GARCH_SUCCESS,2023-07-04 00:00:00,2024-08-02 00:00:00,7,False,False,10977034234.461914,BELOW_PRIMARY_750
600778,SH_MAIN,1584,GARCH_SUCCESS,2020-02-12 00:00:00,2026-08-19 00:00:00,0,True,True,1823681652.42,PRIMARY_750_MEMBER
600779,SH_MAIN,254,GARCH_SUCCESS,2022-07-18 00:00:00,2023-08-02 00:00:00,7,False,False,32723044113.992664,BELOW_PRIMARY_750
600780,SH_MAIN,736,GARCH_SUCCESS,2021-07-12 00:00:00,2024-07-24 00:00:00,4,False,False,7112918255.302953,BELOW_PRIMARY_750
600782,SH_MAIN,251,GARCH_SUCCESS,2024-07-04 00:00:00,2025-07-17 00:00:00,7,False,False,14244931350.975922,BELOW_PRIMARY_750
600783,SH_MAIN,256,GARCH_SUCCESS,2021-07-20 00:00:00,2022-08-09 00:00:00,7,False,False,9906709582.416058,BELOW_PRIMARY_750
600784,SH_MAIN,260,GARCH_SUCCESS,2022-06-20 00:00:00,2023-07-13 00:00:00,8,False,False,3689148039.7306433,BELOW_PRIMARY_750
600785,SH_MAIN,734,GARCH_SUCCESS,2020-06-08 00:00:00,2023-06-15 00:00:00,6,False,False,3132539078.6111016,BELOW_PRIMARY_750
600787,SH_MAIN,346,GARCH_SUCCESS,2020-02-12 00:00:00,2021-07-13 00:00:00,6,False,False,12144793253.04914,BELOW_PRIMARY_750
600789,SH_MAIN,252,GARCH_SUCCESS,2025-06-30 00:00:00,2026-07-14 00:00:00,9,False,False,6896799646.845407,BELOW_PRIMARY_750
600790,SH_MAIN,256,GARCH_SUCCESS,2021-06-15 00:00:00,2022-07-05 00:00:00,7,False,False,5502564992.874401,BELOW_PRIMARY_750
600791,SH_MAIN,746,GARCH_SUCCESS,2023-07-24 00:00:00,2026-08-19 00:00:00,3,False,False,2062004620.6594367,BELOW_PRIMARY_750
600792,SH_MAIN,1062,GARCH_SUCCESS,2020-02-12 00:00:00,2024-06-27 00:00:00,1,True,True,4004216103.0487847,PRIMARY_750_MEMBER
600793,SH_MAIN,1499,GARCH_SUCCESS,2020-06-16 00:00:00,2026-08-19 00:00:00,1,True,True,2623635785.8644247,PRIMARY_750_MEMBER
600794,SH_MAIN,309,GARCH_SUCCESS,2020-02-12 00:00:00,2021-05-20 00:00:00,7,False,False,4434397689.913805,BELOW_PRIMARY_750
600795,SH_MAIN,482,GARCH_SUCCESS,2021-07-08 00:00:00,2023-07-05 00:00:00,10,False,False,73561607273.54692,BELOW_PRIMARY_750
600796,SH_MAIN,246,GARCH_SUCCESS,2023-06-19 00:00:00,2024-06-26 00:00:00,5,False,False,1678746759.8452656,BELOW_PRIMARY_750
600797,SH_MAIN,492,GARCH_SUCCESS,2024-06-27 00:00:00,2026-07-09 00:00:00,5,False,False,7484528862.834787,BELOW_PRIMARY_750
600798,SH_MAIN,263,GARCH_SUCCESS,2021-06-15 00:00:00,2022-07-14 00:00:00,7,False,False,4415841680.593033,BELOW_PRIMARY_750
600800,SH_MAIN,1413,GARCH_SUCCESS,2020-02-12 00:00:00,2025-12-05 00:00:00,0,True,True,3449222189.264306,PRIMARY_750_MEMBER
600801,SH_MAIN,247,GARCH_SUCCESS,2022-06-15 00:00:00,2023-06-19 00:00:00,8,False,False,22510796352.211643,BELOW_PRIMARY_750
600802,SH_MAIN,993,GARCH_SUCCESS,2022-07-18 00:00:00,2026-08-19 00:00:00,3,True,False,2547263869.56074,PRIMARY_750_MEMBER
600803,SH_MAIN,296,GARCH_SUCCESS,2020-06-05 00:00:00,2021-08-20 00:00:00,8,False,False,40994682346.61906,BELOW_PRIMARY_750
600805,SH_MAIN,1288,GARCH_SUCCESS,2020-02-12 00:00:00,2025-06-05 00:00:00,3,True,True,3878952124.510121,PRIMARY_750_MEMBER
600808,SH_MAIN,751,GARCH_SUCCESS,2023-07-17 00:00:00,2026-08-19 00:00:00,4,True,False,19670773693.189785,PRIMARY_750_MEMBER
600809,SH_MAIN,258,GARCH_SUCCESS,2025-07-08 00:00:00,2026-07-30 00:00:00,8,False,False,289967338818.8099,BELOW_PRIMARY_750
600810,SH_MAIN,269,GARCH_SUCCESS,2023-05-26 00:00:00,2024-07-05 00:00:00,7,False,False,7448618725.064288,BELOW_PRIMARY_750
600812,SH_MAIN,482,GARCH_SUCCESS,2022-07-21 00:00:00,2024-07-17 00:00:00,6,False,False,10969304754.898432,BELOW_PRIMARY_750
600814,SH_MAIN,252,GARCH_SUCCESS,2024-06-19 00:00:00,2025-07-03 00:00:00,8,False,False,5214519398.5186,BELOW_PRIMARY_750
600819,SH_MAIN,246,GARCH_SUCCESS,2023-07-11 00:00:00,2024-07-16 00:00:00,9,False,False,4200628621.573589,BELOW_PRIMARY_750
600820,SH_MAIN,254,GARCH_SUCCESS,2021-07-09 00:00:00,2022-07-27 00:00:00,10,False,False,18728315536.981674,BELOW_PRIMARY_750
600822,SH_MAIN,1584,GARCH_SUCCESS,2020-02-12 00:00:00,2026-08-19 00:00:00,0,True,True,3833401879.8487854,PRIMARY_750_MEMBER
600824,SH_MAIN,502,GARCH_SUCCESS,2022-07-22 00:00:00,2024-08-15 00:00:00,6,False,False,4049448210.803362,BELOW_PRIMARY_750
600825,SH_MAIN,485,GARCH_SUCCESS,2020-06-17 00:00:00,2022-06-20 00:00:00,5,False,False,5257206529.4794855,BELOW_PRIMARY_750
600826,SH_MAIN,254,GARCH_SUCCESS,2021-06-30 00:00:00,2022-07-18 00:00:00,9,False,False,4828096942.319107,BELOW_PRIMARY_750
600827,SH_MAIN,261,GARCH_SUCCESS,2022-07-07 00:00:00,2023-08-02 00:00:00,7,False,False,18135757038.607243,BELOW_PRIMARY_750
600828,SH_MAIN,562,GARCH_SUCCESS,2024-04-26 00:00:00,2026-08-19 00:00:00,5,False,False,6604714259.577587,BELOW_PRIMARY_750
600829,SH_MAIN,766,GARCH_SUCCESS,2021-05-28 00:00:00,2024-07-24 00:00:00,2,True,False,4192104706.730877,PRIMARY_750_MEMBER
600830,SH_MAIN,469,GARCH_SUCCESS,2020-06-15 00:00:00,2022-05-24 00:00:00,6,False,False,3290027698.331488,BELOW_PRIMARY_750
600833,SH_MAIN,281,GARCH_SUCCESS,2024-06-24 00:00:00,2025-08-18 00:00:00,7,False,False,2544797828.2533627,BELOW_PRIMARY_750
600834,SH_MAIN,252,GARCH_SUCCESS,2020-07-03 00:00:00,2021-07-15 00:00:00,9,False,False,4147423324.292036,BELOW_PRIMARY_750
600835,SH_MAIN,242,GARCH_SUCCESS,2020-07-15 00:00:00,2021-07-13 00:00:00,9,False,False,13406761697.39984,BELOW_PRIMARY_750
600838,SH_MAIN,265,GARCH_SUCCESS,2020-07-17 00:00:00,2021-08-17 00:00:00,7,False,False,2992950038.8877954,BELOW_PRIMARY_750
600839,SH_MAIN,271,GARCH_SUCCESS,2023-08-15 00:00:00,2024-09-26 00:00:00,7,False,False,26447202948.48048,BELOW_PRIMARY_750
600841,SH_MAIN,971,GARCH_SUCCESS,2022-08-17 00:00:00,2026-08-19 00:00:00,3,True,False,4914523507.302383,PRIMARY_750_MEMBER
600843,SH_MAIN,597,GARCH_SUCCESS,2020-02-12 00:00:00,2022-07-26 00:00:00,4,False,False,3428784616.7011275,BELOW_PRIMARY_750
600844,SH_MAIN,793,GARCH_SUCCESS,2023-04-12 00:00:00,2026-08-19 00:00:00,0,True,False,2661947949.617115,PRIMARY_750_MEMBER
600845,SH_MAIN,263,GARCH_SUCCESS,2021-06-10 00:00:00,2022-07-14 00:00:00,7,False,False,63621171835.16924,BELOW_PRIMARY_750
600846,SH_MAIN,279,GARCH_SUCCESS,2022-08-29 00:00:00,2023-10-26 00:00:00,7,False,False,5869697372.062143,BELOW_PRIMARY_750
600847,SH_MAIN,614,GARCH_SUCCESS,2022-01-21 00:00:00,2024-09-04 00:00:00,0,False,False,1821034404.5454545,BELOW_PRIMARY_750
600848,SH_MAIN,263,GARCH_SUCCESS,2023-06-28 00:00:00,2024-07-26 00:00:00,7,False,False,24981321511.38632,BELOW_PRIMARY_750
600850,SH_MAIN,245,GARCH_SUCCESS,2022-06-24 00:00:00,2023-06-28 00:00:00,8,False,False,13452618537.404684,BELOW_PRIMARY_750
600851,SH_MAIN,255,GARCH_SUCCESS,2021-07-19 00:00:00,2022-08-05 00:00:00,8,False,False,5138882567.401528,BELOW_PRIMARY_750
600853,SH_MAIN,383,GARCH_SUCCESS,2020-12-04 00:00:00,2022-07-06 00:00:00,7,False,False,3686082876.340789,BELOW_PRIMARY_750
600854,SH_MAIN,249,GARCH_SUCCESS,2022-06-02 00:00:00,2023-06-09 00:00:00,7,False,False,2485811789.278456,BELOW_PRIMARY_750
600855,SH_MAIN,646,GARCH_SUCCESS,2023-12-19 00:00:00,2026-08-19 00:00:00,4,False,False,5309258041.160836,BELOW_PRIMARY_750
600857,SH_MAIN,813,GARCH_SUCCESS,2020-02-12 00:00:00,2023-06-15 00:00:00,3,True,False,2302948054.6681576,PRIMARY_750_MEMBER
600858,SH_MAIN,1021,GARCH_SUCCESS,2020-07-31 00:00:00,2024-10-21 00:00:00,5,True,True,2832361739.945929,PRIMARY_750_MEMBER
600859,SH_MAIN,270,GARCH_SUCCESS,2025-07-11 00:00:00,2026-08-19 00:00:00,6,False,False,20513543236.34116,BELOW_PRIMARY_750
600861,SH_MAIN,461,GARCH_SUCCESS,2022-07-15 00:00:00,2024-07-11 00:00:00,5,False,False,6655012829.419676,BELOW_PRIMARY_750
600862,SH_MAIN,240,GARCH_SUCCESS,2022-07-01 00:00:00,2023-06-28 00:00:00,7,False,False,34263998434.8482,BELOW_PRIMARY_750
600863,SH_MAIN,263,GARCH_SUCCESS,2021-06-28 00:00:00,2022-07-27 00:00:00,8,False,False,25184867406.82989,BELOW_PRIMARY_750
600864,SH_MAIN,700,GARCH_SUCCESS,2022-08-15 00:00:00,2025-07-08 00:00:00,5,False,False,12099128521.70008,BELOW_PRIMARY_750
600865,SH_MAIN,275,GARCH_SUCCESS,2021-03-05 00:00:00,2022-05-26 00:00:00,5,False,False,3456709417.9050565,BELOW_PRIMARY_750
600866,SH_MAIN,502,GARCH_SUCCESS,2020-02-12 00:00:00,2022-03-07 00:00:00,3,False,False,5589263534.9648695,BELOW_PRIMARY_750
600867,SH_MAIN,262,GARCH_SUCCESS,2024-05-24 00:00:00,2025-06-24 00:00:00,8,False,False,19387359073.05003,BELOW_PRIMARY_750
600868,SH_MAIN,757,GARCH_SUCCESS,2023-07-07 00:00:00,2026-08-19 00:00:00,3,True,False,5310723752.157586,PRIMARY_750_MEMBER
600869,SH_MAIN,988,GARCH_SUCCESS,2020-07-01 00:00:00,2024-07-25 00:00:00,3,True,False,12779347356.1046,PRIMARY_750_MEMBER
600871,SH_MAIN,1584,GARCH_SUCCESS,2020-02-12 00:00:00,2026-08-19 00:00:00,0,True,True,28111776576.359634,PRIMARY_750_MEMBER
600872,SH_MAIN,440,GARCH_SUCCESS,2022-07-25 00:00:00,2024-05-21 00:00:00,6,False,False,22680404236.19598,BELOW_PRIMARY_750
600873,SH_MAIN,281,GARCH_SUCCESS,2025-05-26 00:00:00,2026-07-21 00:00:00,8,False,False,27928275040.766968,BELOW_PRIMARY_750
600874,SH_MAIN,251,GARCH_SUCCESS,2022-06-20 00:00:00,2023-06-30 00:00:00,7,False,False,7165423357.884434,BELOW_PRIMARY_750
600875,SH_MAIN,259,GARCH_SUCCESS,2024-07-29 00:00:00,2025-08-21 00:00:00,7,False,False,37263023333.619804,BELOW_PRIMARY_750
600876,SH_MAIN,1584,GARCH_SUCCESS,2020-02-12 00:00:00,2026-08-19 00:00:00,0,True,True,5764249148.613056,PRIMARY_750_MEMBER
600879,SH_MAIN,661,GARCH_SUCCESS,2020-08-17 00:00:00,2023-05-11 00:00:00,6,False,False,27708307559.669632,BELOW_PRIMARY_750
600880,SH_MAIN,279,GARCH_SUCCESS,2025-06-30 00:00:00,2026-08-19 00:00:00,7,False,False,5450923016.406677,BELOW_PRIMARY_750
600881,SH_MAIN,1212,GARCH_SUCCESS,2021-08-18 00:00:00,2026-08-19 00:00:00,1,True,True,7163513465.835302,PRIMARY_750_MEMBER
600882,SH_MAIN,888,GARCH_SUCCESS,2022-11-21 00:00:00,2026-08-19 00:00:00,0,True,False,13731308013.58215,PRIMARY_750_MEMBER
600883,SH_MAIN,252,GARCH_SUCCESS,2020-06-08 00:00:00,2021-06-22 00:00:00,7,False,False,1816682914.9477072,BELOW_PRIMARY_750
600884,SH_MAIN,535,GARCH_SUCCESS,2024-06-07 00:00:00,2026-08-19 00:00:00,5,False,False,28931392773.13258,BELOW_PRIMARY_750
600885,SH_MAIN,286,GARCH_SUCCESS,2021-04-22 00:00:00,2022-06-29 00:00:00,7,False,False,37621181597.86297,BELOW_PRIMARY_750
600886,SH_MAIN,245,GARCH_SUCCESS,2022-08-01 00:00:00,2023-08-03 00:00:00,8,False,False,90496090344.45976,BELOW_PRIMARY_750
600887,SH_MAIN,250,GARCH_SUCCESS,2022-06-02 00:00:00,2023-06-12 00:00:00,8,False,False,191433080932.77988,BELOW_PRIMARY_750
600888,SH_MAIN,231,GARCH_SUCCESS,2021-04-22 00:00:00,2022-05-11 00:00:00,8,False,False,10544959646.391584,BELOW_PRIMARY_750
600893,SH_MAIN,246,GARCH_SUCCESS,2023-06-19 00:00:00,2024-06-26 00:00:00,7,False,False,107049190025.6923,BELOW_PRIMARY_750
600894,SH_MAIN,251,GARCH_SUCCESS,2022-06-17 00:00:00,2023-06-29 00:00:00,10,False,False,7431343155.492961,BELOW_PRIMARY_750
600895,SH_MAIN,258,GARCH_SUCCESS,2023-07-17 00:00:00,2024-08-07 00:00:00,9,False,False,33036799975.77635,BELOW_PRIMARY_750
600897,SH_MAIN,251,GARCH_SUCCESS,2020-07-06 00:00:00,2021-07-15 00:00:00,7,False,False,5539680490.185037,BELOW_PRIMARY_750
600900,SH_MAIN,0,GARCH_NUMERIC_FAILURE,2020-07-20 00:00:00,2021-07-15 00:00:00,9,False,False,575552645553.7944,GARCH_NUMERIC_FAILURE
600901,SH_MAIN,262,GARCH_SUCCESS,2022-05-31 00:00:00,2023-06-28 00:00:00,8,False,False,22626523944.337803,BELOW_PRIMARY_750
600903,SH_MAIN,490,GARCH_SUCCESS,2022-05-31 00:00:00,2024-06-06 00:00:00,8,False,False,9053895094.059652,BELOW_PRIMARY_750
600905,SH_MAIN,243,GARCH_SUCCESS,2023-08-11 00:00:00,2024-08-13 00:00:00,7,False,False,83090514226.80362,BELOW_PRIMARY_750
600906,SH_MAIN,254,GARCH_SUCCESS,2024-07-29 00:00:00,2025-08-14 00:00:00,8,False,False,11152662233.019785,BELOW_PRIMARY_750
600908,SH_MAIN,261,GARCH_SUCCESS,2020-06-08 00:00:00,2021-07-05 00:00:00,8,False,False,10571153979.571695,BELOW_PRIMARY_750
600909,SH_MAIN,249,GARCH_SUCCESS,2022-06-20 00:00:00,2023-06-28 00:00:00,9,False,False,24643627622.248524,BELOW_PRIMARY_750
600916,SH_MAIN,251,GARCH_SUCCESS,2025-06-11 00:00:00,2026-06-24 00:00:00,7,False,False,10992341997.586485,BELOW_PRIMARY_750
600917,SH_MAIN,248,GARCH_SUCCESS,2022-06-20 00:00:00,2023-06-27 00:00:00,9,False,False,10855653797.895414,BELOW_PRIMARY_750
600918,SH_MAIN,250,GARCH_SUCCESS,2020-06-04 00:00:00,2021-07-15 00:00:00,8,False,False,23567963719.469906,BELOW_PRIMARY_750
600919,SH_MAIN,276,GARCH_SUCCESS,2022-05-27 00:00:00,2023-07-14 00:00:00,10,False,False,136081040738.7403,BELOW_PRIMARY_750
600925,SH_MAIN,249,GARCH_SUCCESS,2024-06-19 00:00:00,2025-06-30 00:00:00,5,False,False,6780935055.844202,BELOW_PRIMARY_750
600926,SH_MAIN,252,GARCH_SUCCESS,2021-06-28 00:00:00,2022-07-12 00:00:00,9,False,False,78613790479.20691,BELOW_PRIMARY_750
600927,SH_MAIN,231,GARCH_SUCCESS,2022-07-21 00:00:00,2023-07-05 00:00:00,9,False,False,10875895906.629251,BELOW_PRIMARY_750
600928,SH_MAIN,269,GARCH_SUCCESS,2023-06-21 00:00:00,2024-07-31 00:00:00,7,False,False,12313493720.968906,BELOW_PRIMARY_750
600929,SH_MAIN,267,GARCH_SUCCESS,2023-06-06 00:00:00,2024-07-12 00:00:00,7,False,False,7840534914.330008,BELOW_PRIMARY_750
600930,SH_MAIN,119,GARCH_SUCCESS,2025-07-17 00:00:00,2026-02-10 00:00:00,3,False,False,17654565465.282345,BELOW_PRIMARY_750
600933,SH_MAIN,275,GARCH_SUCCESS,2023-05-22 00:00:00,2024-07-09 00:00:00,7,False,False,16334246414.537708,BELOW_PRIMARY_750
600935,SH_MAIN,507,GARCH_SUCCESS,2024-07-18 00:00:00,2026-08-19 00:00:00,4,False,False,6229028423.240483,BELOW_PRIMARY_750
600936,SH_MAIN,1470,GARCH_SUCCESS,2020-07-29 00:00:00,2026-08-19 00:00:00,1,True,True,5699409389.402792,PRIMARY_750_MEMBER
600938,SH_MAIN,182,GARCH_SUCCESS,2022-10-14 00:00:00,2023-07-13 00:00:00,11,False,False,64139435815.83824,BELOW_PRIMARY_750
600939,SH_MAIN,490,GARCH_SUCCESS,2024-08-12 00:00:00,2026-08-19 00:00:00,5,False,False,6534215919.132204,BELOW_PRIMARY_750
600941,SH_MAIN,179,GARCH_SUCCESS,2023-09-04 00:00:00,2024-06-05 00:00:00,10,False,False,70468105013.80766,BELOW_PRIMARY_750
600955,SH_MAIN,263,GARCH_SUCCESS,2024-04-26 00:00:00,2025-05-30 00:00:00,6,False,False,7027271976.806423,BELOW_PRIMARY_750
600956,SH_MAIN,269,GARCH_SUCCESS,2021-06-10 00:00:00,2022-07-20 00:00:00,8,False,False,11014464658.330015,BELOW_PRIMARY_750
600958,SH_MAIN,249,GARCH_SUCCESS,2020-06-30 00:00:00,2021-07-07 00:00:00,10,False,False,71487543257.51434,BELOW_PRIMARY_750
600959,SH_MAIN,259,GARCH_SUCCESS,2021-08-02 00:00:00,2022-08-25 00:00:00,6,False,False,16167420758.164104,BELOW_PRIMARY_750
600960,SH_MAIN,931,GARCH_SUCCESS,2021-07-23 00:00:00,2025-05-30 00:00:00,2,True,False,3730260761.905499,PRIMARY_750_MEMBER
600961,SH_MAIN,859,GARCH_SUCCESS,2022-12-30 00:00:00,2026-08-19 00:00:00,0,True,False,6550795894.674903,PRIMARY_750_MEMBER
600962,SH_MAIN,1299,GARCH_SUCCESS,2020-02-12 00:00:00,2025-06-20 00:00:00,0,True,True,3356625047.9318733,PRIMARY_750_MEMBER
600963,SH_MAIN,484,GARCH_SUCCESS,2023-05-24 00:00:00,2025-05-26 00:00:00,5,False,False,10338578365.355206,BELOW_PRIMARY_750
600966,SH_MAIN,281,GARCH_SUCCESS,2021-06-30 00:00:00,2022-08-24 00:00:00,7,False,False,9769976404.177248,BELOW_PRIMARY_750
600967,SH_MAIN,246,GARCH_SUCCESS,2023-07-05 00:00:00,2024-07-10 00:00:00,9,False,False,18239597463.88622,BELOW_PRIMARY_750
600968,SH_MAIN,243,GARCH_SUCCESS,2024-06-24 00:00:00,2025-06-25 00:00:00,7,False,False,28956262676.03518,BELOW_PRIMARY_750
600969,SH_MAIN,710,GARCH_SUCCESS,2023-06-30 00:00:00,2026-06-08 00:00:00,5,False,False,2721276237.033532,BELOW_PRIMARY_750
600970,SH_MAIN,244,GARCH_SUCCESS,2024-06-06 00:00:00,2025-06-11 00:00:00,7,False,False,19517742059.75212,BELOW_PRIMARY_750
600971,SH_MAIN,251,GARCH_SUCCESS,2022-05-27 00:00:00,2023-06-07 00:00:00,8,False,False,10006544346.743263,BELOW_PRIMARY_750
600973,SH_MAIN,1262,GARCH_SUCCESS,2021-06-08 00:00:00,2026-08-19 00:00:00,2,True,True,6605853839.204505,PRIMARY_750_MEMBER
600975,SH_MAIN,872,GARCH_SUCCESS,2022-12-13 00:00:00,2026-08-19 00:00:00,2,True,False,5954461296.721403,PRIMARY_750_MEMBER
600976,SH_MAIN,242,GARCH_SUCCESS,2024-04-29 00:00:00,2025-04-29 00:00:00,7,False,False,7685621226.341487,BELOW_PRIMARY_750
600977,SH_MAIN,486,GARCH_SUCCESS,2022-08-15 00:00:00,2024-08-15 00:00:00,6,False,False,23491065631.53661,BELOW_PRIMARY_750
600979,SH_MAIN,284,GARCH_SUCCESS,2025-06-23 00:00:00,2026-08-19 00:00:00,6,False,False,4744804920.761384,BELOW_PRIMARY_750
600980,SH_MAIN,225,GARCH_SUCCESS,2022-06-16 00:00:00,2023-06-14 00:00:00,9,False,False,2820771785.136721,BELOW_PRIMARY_750
600981,SH_MAIN,483,GARCH_SUCCESS,2023-07-12 00:00:00,2025-07-10 00:00:00,6,False,False,6265787702.16457,BELOW_PRIMARY_750
600982,SH_MAIN,243,GARCH_SUCCESS,2023-05-25 00:00:00,2024-05-28 00:00:00,7,False,False,4332783956.252679,BELOW_PRIMARY_750
600983,SH_MAIN,602,GARCH_SUCCESS,2021-05-07 00:00:00,2023-11-28 00:00:00,5,False,False,6703224891.747182,BELOW_PRIMARY_750
600984,SH_MAIN,1001,GARCH_SUCCESS,2022-06-24 00:00:00,2026-08-10 00:00:00,2,True,True,6026711816.9056,PRIMARY_750_MEMBER
600985,SH_MAIN,250,GARCH_SUCCESS,2021-05-24 00:00:00,2022-06-06 00:00:00,7,False,False,32029976381.05433,BELOW_PRIMARY_750
600986,SH_MAIN,1178,GARCH_SUCCESS,2020-02-12 00:00:00,2024-12-17 00:00:00,1,True,True,8713891444.581785,PRIMARY_750_MEMBER
600987,SH_MAIN,247,GARCH_SUCCESS,2020-05-29 00:00:00,2021-06-04 00:00:00,8,False,False,6819681109.435133,BELOW_PRIMARY_750
600988,SH_MAIN,1041,GARCH_SUCCESS,2020-02-12 00:00:00,2024-05-28 00:00:00,3,True,True,32601825629.49241,PRIMARY_750_MEMBER
600989,SH_MAIN,278,GARCH_SUCCESS,2023-05-31 00:00:00,2024-07-23 00:00:00,9,False,False,89740113692.75946,BELOW_PRIMARY_750
600990,SH_MAIN,755,GARCH_SUCCESS,2023-07-11 00:00:00,2026-08-19 00:00:00,4,True,False,6370912550.639083,PRIMARY_750_MEMBER
600992,SH_MAIN,425,GARCH_SUCCESS,2024-11-20 00:00:00,2026-08-19 00:00:00,6,False,False,3585607547.1440063,BELOW_PRIMARY_750
600993,SH_MAIN,249,GARCH_SUCCESS,2021-07-16 00:00:00,2022-07-27 00:00:00,7,False,False,10797022701.237778,BELOW_PRIMARY_750
600995,SH_MAIN,238,GARCH_SUCCESS,2023-05-29 00:00:00,2024-05-23 00:00:00,9,False,False,13161298238.835602,BELOW_PRIMARY_750
600996,SH_MAIN,1477,GARCH_SUCCESS,2020-07-20 00:00:00,2026-08-19 00:00:00,1,True,True,10314313433.286724,PRIMARY_750_MEMBER
600997,SH_MAIN,244,GARCH_SUCCESS,2025-05-16 00:00:00,2026-05-20 00:00:00,7,False,False,11165950166.98407,BELOW_PRIMARY_750
600998,SH_MAIN,327,GARCH_SUCCESS,2020-02-12 00:00:00,2021-06-16 00:00:00,7,False,False,26693454315.140884,BELOW_PRIMARY_750
600999,SH_MAIN,245,GARCH_SUCCESS,2021-08-02 00:00:00,2022-08-05 00:00:00,10,False,False,117744530715.96036,BELOW_PRIMARY_750
601000,SH_MAIN,245,GARCH_SUCCESS,2022-05-18 00:00:00,2023-05-19 00:00:00,8,False,False,21175826774.35289,BELOW_PRIMARY_750
601001,SH_MAIN,599,GARCH_SUCCESS,2020-02-12 00:00:00,2022-07-28 00:00:00,5,False,False,21662525401.44811,BELOW_PRIMARY_750
601002,SH_MAIN,488,GARCH_SUCCESS,2021-07-01 00:00:00,2023-07-06 00:00:00,5,False,False,4330415759.506516,BELOW_PRIMARY_750
601003,SH_MAIN,932,GARCH_SUCCESS,2022-06-17 00:00:00,2026-04-22 00:00:00,4,True,False,11071019210.336285,PRIMARY_750_MEMBER
601005,SH_MAIN,1584,GARCH_SUCCESS,2020-02-12 00:00:00,2026-08-19 00:00:00,0,True,True,13834772851.855291,PRIMARY_750_MEMBER
601006,SH_MAIN,246,GARCH_SUCCESS,2020-07-03 00:00:00,2021-07-07 00:00:00,9,False,False,110649625466.7306,BELOW_PRIMARY_750
601007,SH_MAIN,349,GARCH_SUCCESS,2020-02-12 00:00:00,2021-07-16 00:00:00,6,False,False,2987587771.520515,BELOW_PRIMARY_750
601008,SH_MAIN,241,GARCH_SUCCESS,2022-05-16 00:00:00,2023-05-11 00:00:00,7,False,False,5137932152.262712,BELOW_PRIMARY_750
601009,SH_MAIN,248,GARCH_SUCCESS,2021-06-07 00:00:00,2022-06-16 00:00:00,9,False,False,96929311032.23836,BELOW_PRIMARY_750
601011,SH_MAIN,1235,GARCH_SUCCESS,2021-07-16 00:00:00,2026-08-19 00:00:00,1,True,True,6321565069.985285,PRIMARY_750_MEMBER
601012,SH_MAIN,509,GARCH_SUCCESS,2024-07-16 00:00:00,2026-08-19 00:00:00,6,False,False,251911741139.99463,BELOW_PRIMARY_750
601015,SH_MAIN,769,GARCH_SUCCESS,2023-06-19 00:00:00,2026-08-19 00:00:00,4,True,False,9775049516.718288,PRIMARY_750_MEMBER
601016,SH_MAIN,241,GARCH_SUCCESS,2021-05-27 00:00:00,2022-05-26 00:00:00,9,False,False,20529545053.44205,BELOW_PRIMARY_750
601018,SH_MAIN,251,GARCH_SUCCESS,2022-05-20 00:00:00,2023-05-31 00:00:00,8,False,False,55826561699.30883,BELOW_PRIMARY_750
601019,SH_MAIN,250,GARCH_SUCCESS,2021-06-28 00:00:00,2022-07-08 00:00:00,8,False,False,17544465885.760258,BELOW_PRIMARY_750
601021,SH_MAIN,991,GARCH_SUCCESS,2020-07-10 00:00:00,2024-08-08 00:00:00,5,True,False,52256833978.6312,PRIMARY_750_MEMBER
601022,SH_MAIN,255,GARCH_SUCCESS,2024-05-30 00:00:00,2025-06-19 00:00:00,6,False,False,3117061255.475369,BELOW_PRIMARY_750
601026,SH_MAIN,125,GARCH_SUCCESS,2025-12-08 00:00:00,2026-06-17 00:00:00,3,False,False,2215706090.111111,BELOW_PRIMARY_750
601033,SH_MAIN,241,GARCH_SUCCESS,2025-05-09 00:00:00,2026-05-08 00:00:00,4,False,False,3025512036.589116,BELOW_PRIMARY_750
601038,SH_MAIN,343,GARCH_SUCCESS,2020-02-12 00:00:00,2021-07-08 00:00:00,7,False,False,8763721238.399035,BELOW_PRIMARY_750
601058,SH_MAIN,264,GARCH_SUCCESS,2022-05-13 00:00:00,2023-06-12 00:00:00,9,False,False,37925171935.71797,BELOW_PRIMARY_750
601059,SH_MAIN,242,GARCH_SUCCESS,2023-08-21 00:00:00,2024-08-20 00:00:00,7,False,False,12737801906.735752,BELOW_PRIMARY_750
601061,SH_MAIN,231,GARCH_SUCCESS,2024-07-09 00:00:00,2025-06-24 00:00:00,6,False,False,6047940623.69533,BELOW_PRIMARY_750
601065,SH_MAIN,250,GARCH_SUCCESS,2025-06-24 00:00:00,2026-07-06 00:00:00,5,False,False,3065944900.0525103,BELOW_PRIMARY_750
601066,SH_MAIN,278,GARCH_SUCCESS,2020-07-01 00:00:00,2021-08-18 00:00:00,9,False,False,111371489092.82928,BELOW_PRIMARY_750
601068,SH_MAIN,1477,GARCH_SUCCESS,2020-07-20 00:00:00,2026-08-19 00:00:00,1,True,True,11544162967.810335,PRIMARY_750_MEMBER
601069,SH_MAIN,471,GARCH_SUCCESS,2023-06-12 00:00:00,2025-05-26 00:00:00,6,False,False,11277763512.06173,BELOW_PRIMARY_750
601077,SH_MAIN,246,GARCH_SUCCESS,2020-06-22 00:00:00,2021-06-28 00:00:00,9,False,False,37843131875.66526,BELOW_PRIMARY_750
601083,SH_MAIN,142,GARCH_SUCCESS,2025-11-19 00:00:00,2026-06-24 00:00:00,6,False,False,2093548552.9247863,BELOW_PRIMARY_750
601086,SH_MAIN,246,GARCH_SUCCESS,2023-06-12 00:00:00,2024-06-19 00:00:00,8,False,False,3833588157.683025,BELOW_PRIMARY_750
601088,SH_MAIN,259,GARCH_SUCCESS,2020-06-16 00:00:00,2021-07-09 00:00:00,8,False,False,542025777038.8359,BELOW_PRIMARY_750
601089,SH_MAIN,252,GARCH_SUCCESS,2023-05-29 00:00:00,2024-06-13 00:00:00,5,False,False,4758266634.653843,BELOW_PRIMARY_750
601096,SH_MAIN,164,GARCH_SUCCESS,2025-09-25 00:00:00,2026-06-08 00:00:00,6,False,False,5723780037.769563,BELOW_PRIMARY_750
601098,SH_MAIN,254,GARCH_SUCCESS,2021-06-28 00:00:00,2022-07-14 00:00:00,11,False,False,20266277843.925987,BELOW_PRIMARY_750
601099,SH_MAIN,1584,GARCH_SUCCESS,2020-02-12 00:00:00,2026-08-19 00:00:00,0,True,True,23580945032.414963,PRIMARY_750_MEMBER
601100,SH_MAIN,250,GARCH_SUCCESS,2022-06-10 00:00:00,2023-06-19 00:00:00,8,False,False,92785529078.81654,BELOW_PRIMARY_750
601101,SH_MAIN,251,GARCH_SUCCESS,2024-06-27 00:00:00,2025-07-10 00:00:00,7,False,False,10342220342.291006,BELOW_PRIMARY_750
601106,SH_MAIN,1584,GARCH_SUCCESS,2020-02-12 00:00:00,2026-08-19 00:00:00,0,True,True,21548720819.346203,PRIMARY_750_MEMBER
601107,SH_MAIN,243,GARCH_SUCCESS,2021-06-10 00:00:00,2022-06-14 00:00:00,7,False,False,10018327369.829683,BELOW_PRIMARY_750
601108,SH_MAIN,242,GARCH_SUCCESS,2022-06-21 00:00:00,2023-06-16 00:00:00,12,False,False,36312105539.31123,BELOW_PRIMARY_750
601111,SH_MAIN,1478,GARCH_SUCCESS,2020-07-17 00:00:00,2026-08-19 00:00:00,1,True,True,90200762996.97215,PRIMARY_750_MEMBER
601112,SH_MAIN,66,GARCH_SUCCESS,2026-01-30 00:00:00,2026-06-16 00:00:00,2,False,False,3602534002.185714,BELOW_PRIMARY_750
601116,SH_MAIN,248,GARCH_SUCCESS,2023-05-30 00:00:00,2024-06-07 00:00:00,7,False,False,5727407451.8938055,BELOW_PRIMARY_750
601117,SH_MAIN,268,GARCH_SUCCESS,2024-07-16 00:00:00,2025-08-21 00:00:00,8,False,False,48328019302.28068,BELOW_PRIMARY_750
601118,SH_MAIN,497,GARCH_SUCCESS,2022-06-29 00:00:00,2024-07-16 00:00:00,5,False,False,21500595787.332947,BELOW_PRIMARY_750
601121,SH_MAIN,245,GARCH_SUCCESS,2025-06-10 00:00:00,2026-06-12 00:00:00,6,False,False,2316862607.119028,BELOW_PRIMARY_750
601126,SH_MAIN,255,GARCH_SUCCESS,2024-04-29 00:00:00,2025-05-21 00:00:00,7,False,False,14593028234.740145,BELOW_PRIMARY_750
601127,SH_MAIN,1065,GARCH_SUCCESS,2020-07-23 00:00:00,2024-12-12 00:00:00,5,True,True,110051148461.32916,PRIMARY_750_MEMBER
601128,SH_MAIN,248,GARCH_SUCCESS,2021-05-27 00:00:00,2022-06-07 00:00:00,8,False,False,20439680843.591976,BELOW_PRIMARY_750
601133,SH_MAIN,154,GARCH_SUCCESS,2025-10-14 00:00:00,2026-07-03 00:00:00,8,False,False,2096614622.4316976,BELOW_PRIMARY_750
601136,SH_MAIN,227,GARCH_SUCCESS,2023-08-10 00:00:00,2024-07-19 00:00:00,7,False,False,12600990744.33865,BELOW_PRIMARY_750
601137,SH_MAIN,254,GARCH_SUCCESS,2020-06-04 00:00:00,2021-06-22 00:00:00,7,False,False,13270770888.615068,BELOW_PRIMARY_750
601138,SH_MAIN,261,GARCH_SUCCESS,2020-07-01 00:00:00,2021-07-26 00:00:00,8,False,False,416617793934.93646,BELOW_PRIMARY_750
601139,SH_MAIN,246,GARCH_SUCCESS,2023-06-09 00:00:00,2024-06-18 00:00:00,7,False,False,20725398990.75092,BELOW_PRIMARY_750
601155,SH_MAIN,1237,GARCH_SUCCESS,2021-07-14 00:00:00,2026-08-19 00:00:00,2,True,True,43882453944.49796,PRIMARY_750_MEMBER
601156,SH_MAIN,337,GARCH_SUCCESS,2023-06-01 00:00:00,2024-10-24 00:00:00,6,False,False,11499574405.62316,BELOW_PRIMARY_750
601158,SH_MAIN,247,GARCH_SUCCESS,2023-06-12 00:00:00,2024-06-20 00:00:00,8,False,False,25206654107.99144,BELOW_PRIMARY_750
601162,SH_MAIN,1019,GARCH_SUCCESS,2022-06-10 00:00:00,2026-08-19 00:00:00,4,True,True,29926668099.66877,PRIMARY_750_MEMBER
601163,SH_MAIN,264,GARCH_SUCCESS,2023-07-21 00:00:00,2024-08-21 00:00:00,7,False,False,11366867256.637169,BELOW_PRIMARY_750
601166,SH_MAIN,253,GARCH_SUCCESS,2023-06-20 00:00:00,2024-07-08 00:00:00,8,False,False,386150978952.2242,BELOW_PRIMARY_750
601168,SH_MAIN,267,GARCH_SUCCESS,2020-05-22 00:00:00,2021-06-28 00:00:00,8,False,False,37819053539.823006,BELOW_PRIMARY_750
601169,SH_MAIN,243,GARCH_SUCCESS,2020-07-16 00:00:00,2021-07-15 00:00:00,8,False,False,106904745776.59404,BELOW_PRIMARY_750
601177,SH_MAIN,268,GARCH_SUCCESS,2024-05-31 00:00:00,2025-07-09 00:00:00,7,False,False,4332536879.83871,BELOW_PRIMARY_750
601179,SH_MAIN,252,GARCH_SUCCESS,2022-06-27 00:00:00,2023-07-10 00:00:00,10,False,False,32960660663.107063,BELOW_PRIMARY_750
601186,SH_MAIN,248,GARCH_SUCCESS,2020-07-28 00:00:00,2021-08-03 00:00:00,8,False,False,94249061050.69188,BELOW_PRIMARY_750
601187,SH_MAIN,243,GARCH_SUCCESS,2023-06-09 00:00:00,2024-06-13 00:00:00,9,False,False,7630407335.780612,BELOW_PRIMARY_750
601188,SH_MAIN,284,GARCH_SUCCESS,2021-05-21 00:00:00,2022-07-21 00:00:00,7,False,False,4456752879.954256,BELOW_PRIMARY_750
601198,SH_MAIN,256,GARCH_SUCCESS,2021-07-07 00:00:00,2022-07-27 00:00:00,9,False,False,31005616580.897343,BELOW_PRIMARY_750
601199,SH_MAIN,245,GARCH_SUCCESS,2022-06-23 00:00:00,2023-06-27 00:00:00,9,False,False,5374780700.609397,BELOW_PRIMARY_750
601200,SH_MAIN,273,GARCH_SUCCESS,2025-06-16 00:00:00,2026-07-29 00:00:00,7,False,False,11214422908.928808,BELOW_PRIMARY_750
601208,SH_MAIN,342,GARCH_SUCCESS,2020-02-12 00:00:00,2021-07-07 00:00:00,7,False,False,12279573423.630356,BELOW_PRIMARY_750
601211,SH_MAIN,248,GARCH_SUCCESS,2020-08-13 00:00:00,2021-08-19 00:00:00,9,False,False,147792468750.10788,BELOW_PRIMARY_750
601212,SH_MAIN,474,GARCH_SUCCESS,2021-08-02 00:00:00,2023-07-18 00:00:00,5,False,False,25087173499.154263,BELOW_PRIMARY_750
601216,SH_MAIN,262,GARCH_SUCCESS,2025-06-09 00:00:00,2026-07-07 00:00:00,7,False,False,40194220905.88584,BELOW_PRIMARY_750
601218,SH_MAIN,281,GARCH_SUCCESS,2021-03-25 00:00:00,2022-05-25 00:00:00,8,False,False,4098029914.802116,BELOW_PRIMARY_750
601222,SH_MAIN,246,GARCH_SUCCESS,2022-06-09 00:00:00,2023-06-12 00:00:00,7,False,False,15302846209.66252,BELOW_PRIMARY_750
601225,SH_MAIN,243,GARCH_SUCCESS,2022-07-11 00:00:00,2023-07-11 00:00:00,10,False,False,190519895293.6444,BELOW_PRIMARY_750
601226,SH_MAIN,245,GARCH_SUCCESS,2023-07-10 00:00:00,2024-07-12 00:00:00,7,False,False,7250279074.991151,BELOW_PRIMARY_750
601228,SH_MAIN,259,GARCH_SUCCESS,2022-05-30 00:00:00,2023-06-20 00:00:00,8,False,False,22410624343.538216,BELOW_PRIMARY_750
601229,SH_MAIN,242,GARCH_SUCCESS,2021-07-07 00:00:00,2022-07-07 00:00:00,9,False,False,106253650035.9592,BELOW_PRIMARY_750
601231,SH_MAIN,246,GARCH_SUCCESS,2025-06-09 00:00:00,2026-06-12 00:00:00,7,False,False,37834982033.77563,BELOW_PRIMARY_750
601233,SH_MAIN,490,GARCH_SUCCESS,2022-07-08 00:00:00,2024-07-16 00:00:00,6,False,False,36725430887.56299,BELOW_PRIMARY_750
601236,SH_MAIN,228,GARCH_SUCCESS,2022-06-24 00:00:00,2023-06-01 00:00:00,10,False,False,34612195980.6914,BELOW_PRIMARY_750
601238,SH_MAIN,279,GARCH_SUCCESS,2025-06-30 00:00:00,2026-08-19 00:00:00,11,False,False,77499835184.30768,BELOW_PRIMARY_750
601279,SH_MAIN,478,GARCH_SUCCESS,2022-06-20 00:00:00,2024-06-07 00:00:00,4,False,False,3327768559.1277328,BELOW_PRIMARY_750
601288,SH_MAIN,260,GARCH_SUCCESS,2021-06-18 00:00:00,2022-07-14 00:00:00,9,False,False,1332462592796.5706,BELOW_PRIMARY_750
601298,SH_MAIN,257,GARCH_SUCCESS,2020-08-06 00:00:00,2021-08-25 00:00:00,9,False,False,35098406291.37429,BELOW_PRIMARY_750
601311,SH_MAIN,244,GARCH_SUCCESS,2021-07-13 00:00:00,2022-07-15 00:00:00,7,False,False,11424643261.701086,BELOW_PRIMARY_750
601318,SH_MAIN,182,GARCH_SUCCESS,2023-10-26 00:00:00,2024-07-25 00:00:00,13,False,False,550588509240.5249,BELOW_PRIMARY_750
601319,SH_MAIN,249,GARCH_SUCCESS,2023-07-31 00:00:00,2024-08-08 00:00:00,11,False,False,193647426527.4512,BELOW_PRIMARY_750
601326,SH_MAIN,254,GARCH_SUCCESS,2020-06-29 00:00:00,2021-07-13 00:00:00,7,False,False,14749810793.193886,BELOW_PRIMARY_750
601328,SH_MAIN,241,GARCH_SUCCESS,2020-07-15 00:00:00,2021-07-12 00:00:00,9,False,False,219021402427.6346,BELOW_PRIMARY_750
601330,SH_MAIN,253,GARCH_SUCCESS,2021-07-05 00:00:00,2022-07-20 00:00:00,10,False,False,6979570182.213709,BELOW_PRIMARY_750
601333,SH_MAIN,970,GARCH_SUCCESS,2020-08-17 00:00:00,2024-08-15 00:00:00,4,True,False,15564660064.513275,PRIMARY_750_MEMBER
601336,SH_MAIN,242,GARCH_SUCCESS,2021-08-09 00:00:00,2022-08-09 00:00:00,9,False,False,89172194978.13338,BELOW_PRIMARY_750
601339,SH_MAIN,245,GARCH_SUCCESS,2020-06-22 00:00:00,2021-06-25 00:00:00,8,False,False,8489010461.979083,BELOW_PRIMARY_750
601360,SH_MAIN,493,GARCH_SUCCESS,2020-06-01 00:00:00,2022-06-14 00:00:00,6,False,False,72906186742.62448,BELOW_PRIMARY_750
601366,SH_MAIN,484,GARCH_SUCCESS,2020-07-21 00:00:00,2022-07-19 00:00:00,6,False,False,4719356995.565518,BELOW_PRIMARY_750
601368,SH_MAIN,240,GARCH_SUCCESS,2020-07-09 00:00:00,2021-07-05 00:00:00,7,False,False,4479956088.475149,BELOW_PRIMARY_750
601369,SH_MAIN,249,GARCH_SUCCESS,2020-06-01 00:00:00,2021-06-09 00:00:00,9,False,False,15926546351.843985,BELOW_PRIMARY_750
601375,SH_MAIN,359,GARCH_SUCCESS,2020-02-12 00:00:00,2021-07-30 00:00:00,9,False,False,14355910251.32502,BELOW_PRIMARY_750
601377,SH_MAIN,245,GARCH_SUCCESS,2020-08-21 00:00:00,2021-08-24 00:00:00,10,False,False,54244453951.23451,BELOW_PRIMARY_750
601388,SH_MAIN,362,GARCH_SUCCESS,2024-11-25 00:00:00,2026-05-27 00:00:00,7,False,False,6915104411.267506,BELOW_PRIMARY_750
601390,SH_MAIN,240,GARCH_SUCCESS,2021-07-30 00:00:00,2022-07-28 00:00:00,8,False,False,123981480709.74678,BELOW_PRIMARY_750
601398,SH_MAIN,246,GARCH_SUCCESS,2020-07-01 00:00:00,2021-07-05 00:00:00,9,False,False,1505232185243.58,BELOW_PRIMARY_750
601456,SH_MAIN,421,GARCH_SUCCESS,2022-07-29 00:00:00,2024-04-25 00:00:00,6,False,False,19350659724.11992,BELOW_PRIMARY_750
601500,SH_MAIN,315,GARCH_SUCCESS,2025-04-03 00:00:00,2026-08-19 00:00:00,5,False,False,6280614239.269281,BELOW_PRIMARY_750
601512,SH_MAIN,254,GARCH_SUCCESS,2022-06-22 00:00:00,2023-07-07 00:00:00,7,False,False,10734477408.366854,BELOW_PRIMARY_750
601515,SH_MAIN,408,GARCH_SUCCESS,2022-10-20 00:00:00,2024-07-25 00:00:00,4,False,False,7900591515.4547615,BELOW_PRIMARY_750
601518,SH_MAIN,573,GARCH_SUCCESS,2020-02-12 00:00:00,2022-06-22 00:00:00,5,False,False,4428549383.565495,BELOW_PRIMARY_750
601519,SH_MAIN,1234,GARCH_SUCCESS,2020-02-12 00:00:00,2025-03-14 00:00:00,0,True,True,16637186153.270664,PRIMARY_750_MEMBER
601528,SH_MAIN,242,GARCH_SUCCESS,2022-05-11 00:00:00,2023-05-09 00:00:00,6,False,False,5591536078.516734,BELOW_PRIMARY_750
601555,SH_MAIN,271,GARCH_SUCCESS,2020-06-11 00:00:00,2021-07-22 00:00:00,11,False,False,37692075041.0143,BELOW_PRIMARY_750
601566,SH_MAIN,247,GARCH_SUCCESS,2020-06-01 00:00:00,2021-06-07 00:00:00,7,False,False,5867257958.852373,BELOW_PRIMARY_750
601567,SH_MAIN,251,GARCH_SUCCESS,2023-06-02 00:00:00,2024-06-18 00:00:00,8,False,False,27902125511.10162,BELOW_PRIMARY_750
601568,SH_MAIN,257,GARCH_SUCCESS,2022-06-02 00:00:00,2023-06-21 00:00:00,9,False,False,13976511554.989412,BELOW_PRIMARY_750
601577,SH_MAIN,255,GARCH_SUCCESS,2021-07-13 00:00:00,2022-08-01 00:00:00,8,False,False,24741433389.79961,BELOW_PRIMARY_750
601579,SH_MAIN,339,GARCH_SUCCESS,2020-02-12 00:00:00,2021-07-02 00:00:00,6,False,False,6350658359.331585,BELOW_PRIMARY_750
601588,SH_MAIN,514,GARCH_SUCCESS,2024-07-09 00:00:00,2026-08-19 00:00:00,4,False,False,5380112148.028962,BELOW_PRIMARY_750
601595,SH_MAIN,973,GARCH_SUCCESS,2020-07-27 00:00:00,2024-07-30 00:00:00,4,True,False,9104636722.445696,PRIMARY_750_MEMBER
601598,SH_MAIN,250,GARCH_SUCCESS,2020-07-17 00:00:00,2021-07-27 00:00:00,11,False,False,21348493240.12197,BELOW_PRIMARY_750
601599,SH_MAIN,1460,GARCH_SUCCESS,2020-07-14 00:00:00,2026-08-19 00:00:00,0,True,True,3497501057.7601933,PRIMARY_750_MEMBER
601600,SH_MAIN,614,GARCH_SUCCESS,2020-02-12 00:00:00,2022-08-18 00:00:00,7,False,False,89348875608.32826,BELOW_PRIMARY_750
601601,SH_MAIN,253,GARCH_SUCCESS,2020-06-12 00:00:00,2021-06-29 00:00:00,8,False,False,202772706070.8454,BELOW_PRIMARY_750
601606,SH_MAIN,482,GARCH_SUCCESS,2024-07-17 00:00:00,2026-07-15 00:00:00,6,False,False,12353335483.10498,BELOW_PRIMARY_750
601607,SH_MAIN,243,GARCH_SUCCESS,2021-07-20 00:00:00,2022-07-21 00:00:00,10,False,False,39816992646.71918,BELOW_PRIMARY_750
601608,SH_MAIN,303,GARCH_SUCCESS,2024-04-25 00:00:00,2025-07-25 00:00:00,7,False,False,19221305123.068825,BELOW_PRIMARY_750
601609,SH_MAIN,244,GARCH_SUCCESS,2024-06-07 00:00:00,2025-06-12 00:00:00,8,False,False,8824026729.043901,BELOW_PRIMARY_750
601611,SH_MAIN,246,GARCH_SUCCESS,2022-07-20 00:00:00,2023-07-25 00:00:00,9,False,False,25177267550.5484,BELOW_PRIMARY_750
601615,SH_MAIN,254,GARCH_SUCCESS,2023-06-15 00:00:00,2024-07-04 00:00:00,7,False,False,35644261045.97134,BELOW_PRIMARY_750
601616,SH_MAIN,468,GARCH_SUCCESS,2021-07-20 00:00:00,2023-06-27 00:00:00,5,False,False,3223202743.5493326,BELOW_PRIMARY_750
601618,SH_MAIN,263,GARCH_SUCCESS,2025-07-22 00:00:00,2026-08-19 00:00:00,6,False,False,61084682612.35736,BELOW_PRIMARY_750
601619,SH_MAIN,243,GARCH_SUCCESS,2023-05-29 00:00:00,2024-05-30 00:00:00,9,False,False,9779859514.900982,BELOW_PRIMARY_750
601628,SH_MAIN,241,GARCH_SUCCESS,2020-07-17 00:00:00,2021-07-14 00:00:00,9,False,False,721171112132.9847,BELOW_PRIMARY_750
601633,SH_MAIN,278,GARCH_SUCCESS,2022-05-23 00:00:00,2023-07-12 00:00:00,8,False,False,185719102871.5345,BELOW_PRIMARY_750
601636,SH_MAIN,269,GARCH_SUCCESS,2022-05-30 00:00:00,2023-07-06 00:00:00,7,False,False,26377184628.9382,BELOW_PRIMARY_750
601658,SH_MAIN,270,GARCH_SUCCESS,2020-06-11 00:00:00,2021-07-21 00:00:00,9,False,False,221446458756.44315,BELOW_PRIMARY_750
601665,SH_MAIN,243,GARCH_SUCCESS,2022-07-07 00:00:00,2023-07-07 00:00:00,9,False,False,16405580690.161535,BELOW_PRIMARY_750
601666,SH_MAIN,255,GARCH_SUCCESS,2025-06-10 00:00:00,2026-06-29 00:00:00,7,False,False,23756134332.356483,BELOW_PRIMARY_750
601668,SH_MAIN,254,GARCH_SUCCESS,2024-06-28 00:00:00,2025-07-16 00:00:00,8,False,False,221535517791.7416,BELOW_PRIMARY_750
601669,SH_MAIN,252,GARCH_SUCCESS,2021-07-08 00:00:00,2022-07-22 00:00:00,7,False,False,72381472788.56593,BELOW_PRIMARY_750
601677,SH_MAIN,261,GARCH_SUCCESS,2022-05-12 00:00:00,2023-06-06 00:00:00,9,False,False,17353807586.792767,BELOW_PRIMARY_750
601678,SH_MAIN,248,GARCH_SUCCESS,2022-06-06 00:00:00,2023-06-09 00:00:00,9,False,False,10674317134.329252,BELOW_PRIMARY_750
601686,SH_MAIN,246,GARCH_SUCCESS,2023-01-30 00:00:00,2024-01-26 00:00:00,8,False,False,5725146246.325929,BELOW_PRIMARY_750
601688,SH_MAIN,257,GARCH_SUCCESS,2020-07-17 00:00:00,2021-08-05 00:00:00,8,False,False,116908234843.52504,BELOW_PRIMARY_750
601689,SH_MAIN,270,GARCH_SUCCESS,2022-06-07 00:00:00,2023-07-14 00:00:00,7,False,False,75958199762.99019,BELOW_PRIMARY_750
601696,SH_MAIN,242,GARCH_SUCCESS,2020-08-20 00:00:00,2021-08-18 00:00:00,10,False,False,27183008322.68123,BELOW_PRIMARY_750
601698,SH_MAIN,247,GARCH_SUCCESS,2023-06-16 00:00:00,2024-06-26 00:00:00,8,False,False,51222973863.84757,BELOW_PRIMARY_750
601699,SH_MAIN,246,GARCH_SUCCESS,2023-06-09 00:00:00,2024-06-18 00:00:00,7,False,False,46796614003.810135,BELOW_PRIMARY_750
601700,SH_MAIN,271,GARCH_SUCCESS,2025-07-10 00:00:00,2026-08-19 00:00:00,5,False,False,5610192110.20081,BELOW_PRIMARY_750
601702,SH_MAIN,250,GARCH_SUCCESS,2023-06-02 00:00:00,2024-06-17 00:00:00,7,False,False,10900386623.25342,BELOW_PRIMARY_750
601717,SH_MAIN,261,GARCH_SUCCESS,2024-06-27 00:00:00,2025-07-24 00:00:00,7,False,False,22260524155.36541,BELOW_PRIMARY_750
601727,SH_MAIN,1203,GARCH_SUCCESS,2021-08-10 00:00:00,2026-07-30 00:00:00,2,True,True,70245237696.45302,PRIMARY_750_MEMBER
601728,SH_MAIN,166,GARCH_SUCCESS,2021-08-23 00:00:00,2022-06-07 00:00:00,10,False,False,204724909395.4666,BELOW_PRIMARY_750
601766,SH_MAIN,242,GARCH_SUCCESS,2023-08-14 00:00:00,2024-08-13 00:00:00,8,False,False,155748794293.14108,BELOW_PRIMARY_750
601778,SH_MAIN,277,GARCH_SUCCESS,2020-08-31 00:00:00,2021-10-26 00:00:00,8,False,False,11877260184.483765,BELOW_PRIMARY_750
601788,SH_MAIN,259,GARCH_SUCCESS,2021-07-12 00:00:00,2022-08-04 00:00:00,9,False,False,62915483311.50965,BELOW_PRIMARY_750
601789,SH_MAIN,255,GARCH_SUCCESS,2020-06-04 00:00:00,2021-06-23 00:00:00,8,False,False,5057293585.198415,BELOW_PRIMARY_750
601799,SH_MAIN,270,GARCH_SUCCESS,2022-05-10 00:00:00,2023-06-15 00:00:00,9,False,False,41538729688.85695,BELOW_PRIMARY_750
601800,SH_MAIN,253,GARCH_SUCCESS,2022-07-01 00:00:00,2023-07-17 00:00:00,9,False,False,103262853825.08829,BELOW_PRIMARY_750
601801,SH_MAIN,251,GARCH_SUCCESS,2021-06-09 00:00:00,2022-06-23 00:00:00,9,False,False,12390865432.927507,BELOW_PRIMARY_750
601808,SH_MAIN,243,GARCH_SUCCESS,2020-06-15 00:00:00,2021-06-16 00:00:00,7,False,False,44362243814.642,BELOW_PRIMARY_750
601811,SH_MAIN,241,GARCH_SUCCESS,2021-06-09 00:00:00,2022-06-09 00:00:00,10,False,False,9853017403.053902,BELOW_PRIMARY_750
601816,SH_MAIN,251,GARCH_SUCCESS,2024-07-01 00:00:00,2025-07-14 00:00:00,9,False,False,216045647196.40945,BELOW_PRIMARY_750
601818,SH_MAIN,259,GARCH_SUCCESS,2020-06-29 00:00:00,2021-07-20 00:00:00,9,False,False,148738584450.9626,BELOW_PRIMARY_750
601825,SH_MAIN,239,GARCH_SUCCESS,2022-07-01 00:00:00,2023-06-27 00:00:00,9,False,False,42425977989.00521,BELOW_PRIMARY_750
601827,SH_MAIN,284,GARCH_SUCCESS,2024-06-11 00:00:00,2025-08-08 00:00:00,7,False,False,10390531172.14803,BELOW_PRIMARY_750
601828,SH_MAIN,745,GARCH_SUCCESS,2023-07-25 00:00:00,2026-08-19 00:00:00,3,False,False,17121219541.223354,BELOW_PRIMARY_750
601838,SH_MAIN,260,GARCH_SUCCESS,2022-06-30 00:00:00,2023-07-25 00:00:00,8,False,False,57341325252.311005,BELOW_PRIMARY_750
601857,SH_MAIN,182,GARCH_SUCCESS,2022-09-21 00:00:00,2023-06-27 00:00:00,14,False,False,1188459852335.5337,BELOW_PRIMARY_750
601858,SH_MAIN,250,GARCH_SUCCESS,2022-07-06 00:00:00,2023-07-17 00:00:00,7,False,False,14093597461.786,BELOW_PRIMARY_750
601860,SH_MAIN,257,GARCH_SUCCESS,2020-05-22 00:00:00,2021-06-11 00:00:00,9,False,False,9165277916.244505,BELOW_PRIMARY_750
601865,SH_MAIN,357,GARCH_SUCCESS,2024-12-23 00:00:00,2026-06-17 00:00:00,7,False,False,42580103591.89505,BELOW_PRIMARY_750
601866,SH_MAIN,241,GARCH_SUCCESS,2022-07-29 00:00:00,2023-07-27 00:00:00,9,False,False,23282593002.70492,BELOW_PRIMARY_750
601868,SH_MAIN,281,GARCH_SUCCESS,2023-06-19 00:00:00,2024-08-14 00:00:00,6,False,False,47777743001.96851,BELOW_PRIMARY_750
601869,SH_MAIN,246,GARCH_SUCCESS,2024-08-19 00:00:00,2025-08-25 00:00:00,6,False,False,19648504511.82545,BELOW_PRIMARY_750
601872,SH_MAIN,262,GARCH_SUCCESS,2023-06-21 00:00:00,2024-07-22 00:00:00,9,False,False,54696421454.93809,BELOW_PRIMARY_750
601877,SH_MAIN,249,GARCH_SUCCESS,2020-06-29 00:00:00,2021-07-06 00:00:00,7,False,False,64132231054.914246,BELOW_PRIMARY_750
601878,SH_MAIN,347,GARCH_SUCCESS,2020-06-12 00:00:00,2021-11-17 00:00:00,9,False,False,44904256164.92867,BELOW_PRIMARY_750
601880,SH_MAIN,249,GARCH_SUCCESS,2021-07-08 00:00:00,2022-07-19 00:00:00,7,False,False,29473692958.821,BELOW_PRIMARY_750
601881,SH_MAIN,242,GARCH_SUCCESS,2020-07-16 00:00:00,2021-07-14 00:00:00,9,False,False,84850985191.19029,BELOW_PRIMARY_750
601882,SH_MAIN,242,GARCH_SUCCESS,2020-04-27 00:00:00,2021-04-26 00:00:00,8,False,False,12111336492.3572,BELOW_PRIMARY_750
601886,SH_MAIN,252,GARCH_SUCCESS,2021-05-26 00:00:00,2022-06-10 00:00:00,9,False,False,8051152505.004988,BELOW_PRIMARY_750
601888,SH_MAIN,257,GARCH_SUCCESS,2021-06-23 00:00:00,2022-07-14 00:00:00,8,False,False,269713385163.6069,BELOW_PRIMARY_750
601890,SH_MAIN,248,GARCH_SUCCESS,2020-06-09 00:00:00,2021-06-17 00:00:00,8,False,False,8370220851.166532,BELOW_PRIMARY_750
601898,SH_MAIN,270,GARCH_SUCCESS,2021-06-18 00:00:00,2022-07-28 00:00:00,9,False,False,94291226775.98712,BELOW_PRIMARY_750
601899,SH_MAIN,246,GARCH_SUCCESS,2022-06-13 00:00:00,2023-06-14 00:00:00,10,False,False,320588978177.9058,BELOW_PRIMARY_750
601900,SH_MAIN,277,GARCH_SUCCESS,2021-07-02 00:00:00,2022-08-22 00:00:00,8,False,False,10875099536.801529,BELOW_PRIMARY_750
601901,SH_MAIN,378,GARCH_SUCCESS,2020-02-12 00:00:00,2021-08-26 00:00:00,9,False,False,63182802101.87836,BELOW_PRIMARY_750
601908,SH_MAIN,607,GARCH_SUCCESS,2020-02-12 00:00:00,2022-08-09 00:00:00,2,False,False,13566951243.63782,BELOW_PRIMARY_750
601916,SH_MAIN,433,GARCH_SUCCESS,2021-08-02 00:00:00,2023-05-18 00:00:00,7,False,False,48489263713.28879,BELOW_PRIMARY_750
601918,SH_MAIN,284,GARCH_SUCCESS,2024-06-24 00:00:00,2025-08-21 00:00:00,8,False,False,15427332911.893805,BELOW_PRIMARY_750
601919,SH_MAIN,346,GARCH_SUCCESS,2020-02-12 00:00:00,2021-07-13 00:00:00,10,False,False,172564030427.0042,BELOW_PRIMARY_750
601921,SH_MAIN,247,GARCH_SUCCESS,2022-06-06 00:00:00,2023-06-08 00:00:00,7,False,False,6998233776.733218,BELOW_PRIMARY_750
601928,SH_MAIN,250,GARCH_SUCCESS,2022-07-19 00:00:00,2023-07-28 00:00:00,8,False,False,24163180573.61223,BELOW_PRIMARY_750
601929,SH_MAIN,1234,GARCH_SUCCESS,2021-07-19 00:00:00,2026-08-19 00:00:00,2,True,True,7156452848.545744,PRIMARY_750_MEMBER
601933,SH_MAIN,1013,GARCH_SUCCESS,2022-06-20 00:00:00,2026-08-19 00:00:00,3,True,True,36214728346.00841,PRIMARY_750_MEMBER
601939,SH_MAIN,245,GARCH_SUCCESS,2020-07-13 00:00:00,2021-07-14 00:00:00,10,False,False,68387496798.310265,BELOW_PRIMARY_750
601949,SH_MAIN,262,GARCH_SUCCESS,2023-06-26 00:00:00,2024-07-23 00:00:00,7,False,False,12537014444.006596,BELOW_PRIMARY_750
601952,SH_MAIN,252,GARCH_SUCCESS,2023-06-09 00:00:00,2024-06-26 00:00:00,9,False,False,15186912502.011265,BELOW_PRIMARY_750
601956,SH_MAIN,259,GARCH_SUCCESS,2025-06-04 00:00:00,2026-06-29 00:00:00,7,False,False,2516242119.7457604,BELOW_PRIMARY_750
601958,SH_MAIN,267,GARCH_SUCCESS,2024-07-03 00:00:00,2025-08-07 00:00:00,7,False,False,34428569819.43041,BELOW_PRIMARY_750
601963,SH_MAIN,253,GARCH_SUCCESS,2021-07-12 00:00:00,2022-07-27 00:00:00,9,False,False,9886085770.74881,BELOW_PRIMARY_750
601965,SH_MAIN,259,GARCH_SUCCESS,2021-07-19 00:00:00,2022-08-11 00:00:00,10,False,False,17995144960.286377,BELOW_PRIMARY_750
601966,SH_MAIN,246,GARCH_SUCCESS,2022-06-13 00:00:00,2023-06-14 00:00:00,11,False,False,32510922316.25128,BELOW_PRIMARY_750
601968,SH_MAIN,264,GARCH_SUCCESS,2021-06-17 00:00:00,2022-07-19 00:00:00,9,False,False,6350209577.494682,BELOW_PRIMARY_750
601969,SH_MAIN,678,GARCH_SUCCESS,2020-06-16 00:00:00,2023-05-05 00:00:00,6,False,False,17182341435.36848,BELOW_PRIMARY_750
601975,SH_MAIN,1523,GARCH_SUCCESS,2020-02-12 00:00:00,2026-05-26 00:00:00,1,True,True,14781488498.4596,PRIMARY_750_MEMBER
601985,SH_MAIN,241,GARCH_SUCCESS,2020-07-20 00:00:00,2021-07-15 00:00:00,9,False,False,146107268983.14185,BELOW_PRIMARY_750
601988,SH_MAIN,268,GARCH_SUCCESS,2021-06-07 00:00:00,2022-07-14 00:00:00,9,False,False,880253779437.3562,BELOW_PRIMARY_750
601990,SH_MAIN,262,GARCH_SUCCESS,2023-07-21 00:00:00,2024-08-19 00:00:00,9,False,False,30404079951.665066,BELOW_PRIMARY_750
601991,SH_MAIN,481,GARCH_SUCCESS,2021-08-30 00:00:00,2023-08-24 00:00:00,6,False,False,37139851705.89988,BELOW_PRIMARY_750
601992,SH_MAIN,255,GARCH_SUCCESS,2023-07-07 00:00:00,2024-07-25 00:00:00,7,False,False,18205006578.302624,BELOW_PRIMARY_750
601995,SH_MAIN,265,GARCH_SUCCESS,2021-07-16 00:00:00,2022-08-18 00:00:00,8,False,False,62752373935.30205,BELOW_PRIMARY_750
601996,SH_MAIN,534,GARCH_SUCCESS,2024-06-11 00:00:00,2026-08-19 00:00:00,4,False,False,2956359939.881802,BELOW_PRIMARY_750
601997,SH_MAIN,243,GARCH_SUCCESS,2025-06-09 00:00:00,2026-06-09 00:00:00,7,False,False,21022497257.4865,BELOW_PRIMARY_750
601998,SH_MAIN,252,GARCH_SUCCESS,2020-07-16 00:00:00,2021-07-28 00:00:00,9,False,False,223556401017.4379,BELOW_PRIMARY_750
601999,SH_MAIN,244,GARCH_SUCCESS,2020-08-24 00:00:00,2021-08-24 00:00:00,7,False,False,3603305684.042639,BELOW_PRIMARY_750
603000,SH_MAIN,242,GARCH_SUCCESS,2021-07-26 00:00:00,2022-07-26 00:00:00,7,False,False,21799077221.090523,BELOW_PRIMARY_750
603002,SH_MAIN,247,GARCH_SUCCESS,2022-06-10 00:00:00,2023-06-14 00:00:00,7,False,False,5329938926.511279,BELOW_PRIMARY_750
603004,SH_MAIN,229,GARCH_SUCCESS,2025-06-18 00:00:00,2026-05-29 00:00:00,5,False,False,1278026583.6486466,BELOW_PRIMARY_750
603005,SH_MAIN,275,GARCH_SUCCESS,2022-05-23 00:00:00,2023-07-07 00:00:00,7,False,False,16618330725.126106,BELOW_PRIMARY_750
603006,SH_MAIN,242,GARCH_SUCCESS,2021-05-26 00:00:00,2022-06-06 00:00:00,8,False,False,2354149373.272947,BELOW_PRIMARY_750
603009,SH_MAIN,573,GARCH_SUCCESS,2020-02-12 00:00:00,2022-06-22 00:00:00,5,False,False,6740845465.108962,BELOW_PRIMARY_750
603010,SH_MAIN,264,GARCH_SUCCESS,2021-04-28 00:00:00,2022-06-02 00:00:00,7,False,False,6865855400.567718,BELOW_PRIMARY_750
603011,SH_MAIN,944,GARCH_SUCCESS,2022-09-26 00:00:00,2026-08-19 00:00:00,2,True,False,4701465912.085116,PRIMARY_750_MEMBER
603012,SH_MAIN,259,GARCH_SUCCESS,2021-06-03 00:00:00,2022-06-29 00:00:00,7,False,False,3753145862.558327,BELOW_PRIMARY_750
603013,SH_MAIN,250,GARCH_SUCCESS,2020-07-06 00:00:00,2021-07-14 00:00:00,9,False,False,8217599738.20798,BELOW_PRIMARY_750
603014,SH_MAIN,115,GARCH_SUCCESS,2025-11-04 00:00:00,2026-05-29 00:00:00,3,False,False,1519509675.7559032,BELOW_PRIMARY_750
603015,SH_MAIN,335,GARCH_SUCCESS,2020-02-12 00:00:00,2021-06-28 00:00:00,6,False,False,3685979729.662108,BELOW_PRIMARY_750
603016,SH_MAIN,248,GARCH_SUCCESS,2020-05-27 00:00:00,2021-06-03 00:00:00,7,False,False,3610242015.7683024,BELOW_PRIMARY_750
603017,SH_MAIN,296,GARCH_SUCCESS,2021-06-30 00:00:00,2022-09-15 00:00:00,7,False,False,2715291725.5733466,BELOW_PRIMARY_750
603018,SH_MAIN,271,GARCH_SUCCESS,2022-04-29 00:00:00,2023-06-12 00:00:00,7,False,False,5598356537.229791,BELOW_PRIMARY_750
603019,SH_MAIN,254,GARCH_SUCCESS,2022-05-25 00:00:00,2023-06-08 00:00:00,10,False,False,70093126951.94827,BELOW_PRIMARY_750
603020,SH_MAIN,257,GARCH_SUCCESS,2020-06-02 00:00:00,2021-06-23 00:00:00,7,False,False,3699715137.335784,BELOW_PRIMARY_750
603022,SH_MAIN,810,GARCH_SUCCESS,2020-02-12 00:00:00,2023-06-12 00:00:00,4,True,False,1931649235.720032,PRIMARY_750_MEMBER
603025,SH_MAIN,259,GARCH_SUCCESS,2022-05-27 00:00:00,2023-06-19 00:00:00,7,False,False,17997022437.948616,BELOW_PRIMARY_750
603026,SH_MAIN,454,GARCH_SUCCESS,2024-07-03 00:00:00,2026-05-21 00:00:00,6,False,False,17841442003.465694,BELOW_PRIMARY_750
603027,SH_MAIN,275,GARCH_SUCCESS,2024-06-12 00:00:00,2025-07-29 00:00:00,9,False,False,15504895835.645857,BELOW_PRIMARY_750
603028,SH_MAIN,521,GARCH_SUCCESS,2024-06-28 00:00:00,2026-08-19 00:00:00,4,False,False,2595165247.385358,BELOW_PRIMARY_750
603029,SH_MAIN,250,GARCH_SUCCESS,2024-05-21 00:00:00,2025-06-03 00:00:00,7,False,False,2016850068.272506,BELOW_PRIMARY_750
603031,SH_MAIN,993,GARCH_SUCCESS,2020-02-12 00:00:00,2024-03-14 00:00:00,4,True,False,5677159945.245226,PRIMARY_750_MEMBER
603033,SH_MAIN,505,GARCH_SUCCESS,2024-07-22 00:00:00,2026-08-19 00:00:00,5,False,False,12516296734.703411,BELOW_PRIMARY_750
603035,SH_MAIN,251,GARCH_SUCCESS,2021-05-31 00:00:00,2022-06-14 00:00:00,7,False,False,6057926050.168665,BELOW_PRIMARY_750
603036,SH_MAIN,242,GARCH_SUCCESS,2025-05-26 00:00:00,2026-05-26 00:00:00,7,False,False,2586829891.9880857,BELOW_PRIMARY_750
603037,SH_MAIN,244,GARCH_SUCCESS,2021-07-08 00:00:00,2022-07-12 00:00:00,8,False,False,2458712617.1036835,BELOW_PRIMARY_750
603038,SH_MAIN,261,GARCH_SUCCESS,2021-05-26 00:00:00,2022-06-23 00:00:00,7,False,False,2786080149.5447707,BELOW_PRIMARY_750
603040,SH_MAIN,245,GARCH_SUCCESS,2022-06-17 00:00:00,2023-06-19 00:00:00,13,False,False,4173936149.603161,BELOW_PRIMARY_750
603041,SH_MAIN,256,GARCH_SUCCESS,2020-05-12 00:00:00,2021-05-31 00:00:00,7,False,False,2010808056.1087048,BELOW_PRIMARY_750
603042,SH_MAIN,539,GARCH_SUCCESS,2023-06-26 00:00:00,2025-10-17 00:00:00,4,False,False,2090796938.491917,BELOW_PRIMARY_750
603043,SH_MAIN,243,GARCH_SUCCESS,2022-06-01 00:00:00,2023-05-31 00:00:00,8,False,False,11781195817.754522,BELOW_PRIMARY_750
603045,SH_MAIN,251,GARCH_SUCCESS,2021-10-19 00:00:00,2022-11-29 00:00:00,6,False,False,2180670988.48358,BELOW_PRIMARY_750
603048,SH_MAIN,260,GARCH_SUCCESS,2023-06-14 00:00:00,2024-07-11 00:00:00,9,False,False,1357177517.712177,BELOW_PRIMARY_750
603049,SH_MAIN,221,GARCH_SUCCESS,2025-07-17 00:00:00,2026-06-17 00:00:00,3,False,False,4381310275.153289,BELOW_PRIMARY_750
603050,SH_MAIN,266,GARCH_SUCCESS,2025-04-01 00:00:00,2026-05-11 00:00:00,7,False,False,4568844807.502987,BELOW_PRIMARY_750
603051,SH_MAIN,526,GARCH_SUCCESS,2023-06-07 00:00:00,2025-08-07 00:00:00,4,False,False,2015507486.6021163,BELOW_PRIMARY_750
603052,SH_MAIN,283,GARCH_SUCCESS,2025-06-24 00:00:00,2026-08-19 00:00:00,4,False,False,2494832722.4161706,BELOW_PRIMARY_750
603053,SH_MAIN,242,GARCH_SUCCESS,2025-07-08 00:00:00,2026-07-08 00:00:00,7,False,False,7656576201.045856,BELOW_PRIMARY_750
603055,SH_MAIN,273,GARCH_SUCCESS,2021-05-31 00:00:00,2022-07-14 00:00:00,7,False,False,9354098184.00135,BELOW_PRIMARY_750
603057,SH_MAIN,273,GARCH_SUCCESS,2025-05-23 00:00:00,2026-07-08 00:00:00,6,False,False,2673110961.4570446,BELOW_PRIMARY_750
603058,SH_MAIN,241,GARCH_SUCCESS,2023-06-01 00:00:00,2024-05-31 00:00:00,7,False,False,3569645567.7637954,BELOW_PRIMARY_750
603059,SH_MAIN,294,GARCH_SUCCESS,2024-07-16 00:00:00,2025-09-26 00:00:00,7,False,False,2368478029.2472243,BELOW_PRIMARY_750
603060,SH_MAIN,251,GARCH_SUCCESS,2022-06-10 00:00:00,2023-06-20 00:00:00,7,False,False,7606652222.838777,BELOW_PRIMARY_750
603061,SH_MAIN,251,GARCH_SUCCESS,2023-07-13 00:00:00,2024-07-25 00:00:00,5,False,False,4081688105.910052,BELOW_PRIMARY_750
603062,SH_MAIN,147,GARCH_SUCCESS,2025-09-25 00:00:00,2026-05-14 00:00:00,8,False,False,1461305427.359306,BELOW_PRIMARY_750
603063,SH_MAIN,252,GARCH_SUCCESS,2023-05-22 00:00:00,2024-06-05 00:00:00,7,False,False,12109536115.415752,BELOW_PRIMARY_750
603065,SH_MAIN,245,GARCH_SUCCESS,2023-05-29 00:00:00,2024-06-03 00:00:00,7,False,False,1381953015.3043537,BELOW_PRIMARY_750
603066,SH_MAIN,250,GARCH_SUCCESS,2023-07-04 00:00:00,2024-07-15 00:00:00,7,False,False,3052105730.1500163,BELOW_PRIMARY_750
603067,SH_MAIN,278,GARCH_SUCCESS,2021-05-13 00:00:00,2022-07-05 00:00:00,8,False,False,8422661779.378053,BELOW_PRIMARY_750
603068,SH_MAIN,482,GARCH_SUCCESS,2022-08-22 00:00:00,2024-08-16 00:00:00,5,False,False,4945773103.798673,BELOW_PRIMARY_750
603069,SH_MAIN,575,GARCH_SUCCESS,2024-03-07 00:00:00,2026-08-19 00:00:00,1,False,False,6312299918.367347,BELOW_PRIMARY_750
603070,SH_MAIN,244,GARCH_SUCCESS,2023-06-01 00:00:00,2024-06-05 00:00:00,6,False,False,2416807630.530268,BELOW_PRIMARY_750
603071,SH_MAIN,245,GARCH_SUCCESS,2024-05-30 00:00:00,2025-06-05 00:00:00,7,False,False,4387622571.061054,BELOW_PRIMARY_750
603072,SH_MAIN,301,GARCH_SUCCESS,2025-03-12 00:00:00,2026-06-09 00:00:00,3,False,False,3605421545.027616,BELOW_PRIMARY_750
603073,SH_MAIN,246,GARCH_SUCCESS,2025-06-18 00:00:00,2026-06-24 00:00:00,5,False,False,727376049.0176084,BELOW_PRIMARY_750
603075,SH_MAIN,242,GARCH_SUCCESS,2025-05-19 00:00:00,2026-05-19 00:00:00,4,False,False,858129569.8105938,BELOW_PRIMARY_750
603076,SH_MAIN,327,GARCH_SUCCESS,2020-02-12 00:00:00,2021-06-16 00:00:00,6,False,False,3820471984.178407,BELOW_PRIMARY_750
603077,SH_MAIN,544,GARCH_SUCCESS,2020-02-12 00:00:00,2022-05-11 00:00:00,3,False,False,22815409781.039646,BELOW_PRIMARY_750
603078,SH_MAIN,253,GARCH_SUCCESS,2023-05-25 00:00:00,2024-06-12 00:00:00,9,False,False,5993666240.617405,BELOW_PRIMARY_750
603079,SH_MAIN,495,GARCH_SUCCESS,2024-06-13 00:00:00,2026-06-30 00:00:00,6,False,False,2544484482.6725826,BELOW_PRIMARY_750
603080,SH_MAIN,246,GARCH_SUCCESS,2022-05-25 00:00:00,2023-05-29 00:00:00,7,False,False,2295293925.985519,BELOW_PRIMARY_750
603081,SH_MAIN,252,GARCH_SUCCESS,2023-06-16 00:00:00,2024-07-03 00:00:00,7,False,False,4997928247.026774,BELOW_PRIMARY_750
603082,SH_MAIN,258,GARCH_SUCCESS,2025-06-03 00:00:00,2026-06-25 00:00:00,4,False,False,1353342648.5434196,BELOW_PRIMARY_750
603083,SH_MAIN,946,GARCH_SUCCESS,2020-08-14 00:00:00,2024-07-11 00:00:00,7,True,False,10850921499.41427,PRIMARY_750_MEMBER
603085,SH_MAIN,1584,GARCH_SUCCESS,2020-02-12 00:00:00,2026-08-19 00:00:00,0,True,True,3622786322.4212384,PRIMARY_750_MEMBER
603086,SH_MAIN,721,GARCH_SUCCESS,2023-06-12 00:00:00,2026-06-05 00:00:00,5,False,False,2907165828.06391,BELOW_PRIMARY_750
603087,SH_MAIN,482,GARCH_SUCCESS,2022-06-21 00:00:00,2024-06-17 00:00:00,8,False,False,21940167972.00473,BELOW_PRIMARY_750
603088,SH_MAIN,268,GARCH_SUCCESS,2025-05-13 00:00:00,2026-06-18 00:00:00,7,False,False,3591559372.8235216,BELOW_PRIMARY_750
603089,SH_MAIN,484,GARCH_SUCCESS,2023-06-01 00:00:00,2025-06-04 00:00:00,6,False,False,2268258249.564288,BELOW_PRIMARY_750
603090,SH_MAIN,485,GARCH_SUCCESS,2020-05-25 00:00:00,2022-05-25 00:00:00,6,False,False,2665651649.23572,BELOW_PRIMARY_750
603091,SH_MAIN,235,GARCH_SUCCESS,2025-07-03 00:00:00,2026-06-24 00:00:00,3,False,False,1540973625.447883,BELOW_PRIMARY_750
603092,SH_MAIN,128,GARCH_SUCCESS,2025-11-10 00:00:00,2026-06-24 00:00:00,2,False,False,2328070738.0946665,BELOW_PRIMARY_750
603093,SH_MAIN,465,GARCH_SUCCESS,2020-06-04 00:00:00,2022-05-09 00:00:00,6,False,False,6420507119.804055,BELOW_PRIMARY_750
603095,SH_MAIN,267,GARCH_SUCCESS,2020-04-16 00:00:00,2021-06-24 00:00:00,10,False,False,2492166010.9605794,BELOW_PRIMARY_750
603096,SH_MAIN,251,GARCH_SUCCESS,2020-05-28 00:00:00,2021-06-09 00:00:00,7,False,False,3378076867.346694,BELOW_PRIMARY_750
603097,SH_MAIN,488,GARCH_SUCCESS,2023-05-29 00:00:00,2025-06-05 00:00:00,5,False,False,1752230034.266601,BELOW_PRIMARY_750
603098,SH_MAIN,251,GARCH_SUCCESS,2020-08-10 00:00:00,2021-08-19 00:00:00,7,False,False,11678703324.980215,BELOW_PRIMARY_750
603099,SH_MAIN,907,GARCH_SUCCESS,2020-08-14 00:00:00,2024-05-16 00:00:00,4,True,False,5719384603.938214,PRIMARY_750_MEMBER
603100,SH_MAIN,259,GARCH_SUCCESS,2023-06-16 00:00:00,2024-07-12 00:00:00,9,False,False,10213494818.867151,BELOW_PRIMARY_750
603101,SH_MAIN,989,GARCH_SUCCESS,2020-06-11 00:00:00,2024-07-10 00:00:00,4,True,False,3174602065.969429,PRIMARY_750_MEMBER
603102,SH_MAIN,284,GARCH_SUCCESS,2024-06-04 00:00:00,2025-08-04 00:00:00,5,False,False,1422358576.4949276,BELOW_PRIMARY_750
603103,SH_MAIN,1060,GARCH_SUCCESS,2020-06-09 00:00:00,2024-10-24 00:00:00,3,True,True,9640804310.53902,PRIMARY_750_MEMBER
603105,SH_MAIN,310,GARCH_SUCCESS,2020-02-12 00:00:00,2021-05-21 00:00:00,6,False,False,5609100073.3915205,BELOW_PRIMARY_750
603106,SH_MAIN,961,GARCH_SUCCESS,2021-06-10 00:00:00,2025-05-30 00:00:00,3,True,False,3649247210.619469,PRIMARY_750_MEMBER
603107,SH_MAIN,243,GARCH_SUCCESS,2025-06-05 00:00:00,2026-06-05 00:00:00,4,False,False,2721968547.934811,BELOW_PRIMARY_750
603108,SH_MAIN,483,GARCH_SUCCESS,2021-07-19 00:00:00,2023-07-17 00:00:00,4,False,False,8609229669.811874,BELOW_PRIMARY_750
603109,SH_MAIN,263,GARCH_SUCCESS,2024-05-23 00:00:00,2025-06-24 00:00:00,7,False,False,3067739214.540692,BELOW_PRIMARY_750
603110,SH_MAIN,507,GARCH_SUCCESS,2023-06-13 00:00:00,2025-07-17 00:00:00,6,False,False,5053185296.101271,BELOW_PRIMARY_750
603111,SH_MAIN,1075,GARCH_SUCCESS,2020-02-12 00:00:00,2024-07-16 00:00:00,3,True,True,4700758761.402904,PRIMARY_750_MEMBER
603112,SH_MAIN,250,GARCH_SUCCESS,2021-06-04 00:00:00,2022-06-17 00:00:00,9,False,False,4272978073.134216,BELOW_PRIMARY_750
603113,SH_MAIN,315,GARCH_SUCCESS,2020-02-12 00:00:00,2021-05-28 00:00:00,7,False,False,7630005900.818223,BELOW_PRIMARY_750
603115,SH_MAIN,271,GARCH_SUCCESS,2021-05-21 00:00:00,2022-07-04 00:00:00,7,False,False,3235663814.641995,BELOW_PRIMARY_750
603116,SH_MAIN,253,GARCH_SUCCESS,2021-06-17 00:00:00,2022-07-04 00:00:00,7,False,False,3296962569.4738536,BELOW_PRIMARY_750
603118,SH_MAIN,337,GARCH_SUCCESS,2024-06-04 00:00:00,2025-10-24 00:00:00,6,False,False,7389082187.800275,BELOW_PRIMARY_750
603119,SH_MAIN,239,GARCH_SUCCESS,2024-06-19 00:00:00,2025-06-16 00:00:00,6,False,False,7860689624.291285,BELOW_PRIMARY_750
603120,SH_MAIN,194,GARCH_SUCCESS,2025-11-04 00:00:00,2026-08-19 00:00:00,2,False,False,943677947.7122178,BELOW_PRIMARY_750
603121,SH_MAIN,580,GARCH_SUCCESS,2022-06-08 00:00:00,2024-10-29 00:00:00,5,False,False,3475372701.5509253,BELOW_PRIMARY_750
603122,SH_MAIN,255,GARCH_SUCCESS,2024-06-24 00:00:00,2025-07-11 00:00:00,5,False,False,2343455514.8550534,BELOW_PRIMARY_750
603123,SH_MAIN,993,GARCH_SUCCESS,2022-07-18 00:00:00,2026-08-19 00:00:00,3,True,False,6755154153.661545,PRIMARY_750_MEMBER
603124,SH_MAIN,231,GARCH_SUCCESS,2025-06-18 00:00:00,2026-06-02 00:00:00,3,False,False,2897272018.2092366,BELOW_PRIMARY_750
603125,SH_MAIN,244,GARCH_SUCCESS,2025-05-23 00:00:00,2026-05-27 00:00:00,5,False,False,1707742900.4019866,BELOW_PRIMARY_750
603126,SH_MAIN,249,GARCH_SUCCESS,2022-06-20 00:00:00,2023-06-28 00:00:00,7,False,False,4451792522.123894,BELOW_PRIMARY_750
603127,SH_MAIN,282,GARCH_SUCCESS,2020-06-09 00:00:00,2021-08-04 00:00:00,7,False,False,23329607818.543816,BELOW_PRIMARY_750
603128,SH_MAIN,250,GARCH_SUCCESS,2021-07-19 00:00:00,2022-07-29 00:00:00,9,False,False,11536301093.379374,BELOW_PRIMARY_750
603129,SH_MAIN,253,GARCH_SUCCESS,2023-05-22 00:00:00,2024-06-06 00:00:00,7,False,False,23715184850.140774,BELOW_PRIMARY_750
603130,SH_MAIN,240,GARCH_SUCCESS,2023-05-25 00:00:00,2024-05-23 00:00:00,6,False,False,1864312758.2938025,BELOW_PRIMARY_750
603131,SH_MAIN,711,GARCH_SUCCESS,2022-06-30 00:00:00,2025-06-09 00:00:00,4,False,False,5448706050.787241,BELOW_PRIMARY_750
603132,SH_MAIN,189,GARCH_SUCCESS,2022-12-16 00:00:00,2023-09-25 00:00:00,9,False,False,5233906811.764706,BELOW_PRIMARY_750
603135,SH_MAIN,265,GARCH_SUCCESS,2025-07-18 00:00:00,2026-08-19 00:00:00,5,False,False,2286566607.7668185,BELOW_PRIMARY_750
603136,SH_MAIN,715,GARCH_SUCCESS,2021-06-17 00:00:00,2024-05-30 00:00:00,5,False,False,3717683505.774505,BELOW_PRIMARY_750
603137,SH_MAIN,257,GARCH_SUCCESS,2023-04-20 00:00:00,2024-06-17 00:00:00,3,False,False,848110908.6896341,BELOW_PRIMARY_750
603138,SH_MAIN,1002,GARCH_SUCCESS,2022-07-05 00:00:00,2026-08-19 00:00:00,3,True,True,4596903520.92181,PRIMARY_750_MEMBER
603139,SH_MAIN,657,GARCH_SUCCESS,2022-06-30 00:00:00,2025-03-18 00:00:00,3,False,False,1859971637.711523,BELOW_PRIMARY_750
603150,SH_MAIN,486,GARCH_SUCCESS,2023-06-30 00:00:00,2025-07-03 00:00:00,6,False,False,1666461294.5816605,BELOW_PRIMARY_750
603151,SH_MAIN,276,GARCH_SUCCESS,2023-05-15 00:00:00,2024-07-03 00:00:00,6,False,False,1381345521.5307376,BELOW_PRIMARY_750
603153,SH_MAIN,267,GARCH_SUCCESS,2024-06-17 00:00:00,2025-07-22 00:00:00,5,False,False,2183365629.1015706,BELOW_PRIMARY_750
603155,SH_MAIN,264,GARCH_SUCCESS,2022-05-27 00:00:00,2023-06-28 00:00:00,9,False,False,3291161388.143202,BELOW_PRIMARY_750
603156,SH_MAIN,247,GARCH_SUCCESS,2020-05-25 00:00:00,2021-05-31 00:00:00,8,False,False,31017981872.0192,BELOW_PRIMARY_750
603158,SH_MAIN,264,GARCH_SUCCESS,2025-06-23 00:00:00,2026-07-23 00:00:00,7,False,False,4182795507.6136527,BELOW_PRIMARY_750
603159,SH_MAIN,264,GARCH_SUCCESS,2023-06-01 00:00:00,2024-07-04 00:00:00,7,False,False,2209061464.1995173,BELOW_PRIMARY_750
603160,SH_MAIN,427,GARCH_SUCCESS,2022-08-22 00:00:00,2024-05-30 00:00:00,7,False,False,34040898751.76108,BELOW_PRIMARY_750
603161,SH_MAIN,311,GARCH_SUCCESS,2020-02-12 00:00:00,2021-05-24 00:00:00,4,False,False,2075946039.49158,BELOW_PRIMARY_750
603162,SH_MAIN,225,GARCH_SUCCESS,2023-05-26 00:00:00,2024-04-30 00:00:00,7,False,False,2198772859.859641,BELOW_PRIMARY_750
603163,SH_MAIN,238,GARCH_SUCCESS,2023-06-16 00:00:00,2024-06-13 00:00:00,6,False,False,2139201153.8063583,BELOW_PRIMARY_750
603165,SH_MAIN,258,GARCH_SUCCESS,2021-05-18 00:00:00,2022-06-10 00:00:00,9,False,False,3624449071.131561,BELOW_PRIMARY_750
603166,SH_MAIN,246,GARCH_SUCCESS,2020-04-30 00:00:00,2021-05-10 00:00:00,9,False,False,5658932650.008504,BELOW_PRIMARY_750
603167,SH_MAIN,256,GARCH_SUCCESS,2022-06-17 00:00:00,2023-07-06 00:00:00,10,False,False,3901677030.005068,BELOW_PRIMARY_750
603168,SH_MAIN,724,GARCH_SUCCESS,2020-06-15 00:00:00,2023-06-08 00:00:00,3,False,False,2747448844.075608,BELOW_PRIMARY_750
603169,SH_MAIN,1584,GARCH_SUCCESS,2020-02-12 00:00:00,2026-08-19 00:00:00,0,True,True,8529669268.223845,PRIMARY_750_MEMBER
603170,SH_MAIN,226,GARCH_SUCCESS,2023-06-21 00:00:00,2024-05-30 00:00:00,7,False,False,2704754843.9306607,BELOW_PRIMARY_750
603171,SH_MAIN,254,GARCH_SUCCESS,2025-05-30 00:00:00,2026-06-17 00:00:00,6,False,False,8291093924.832058,BELOW_PRIMARY_750
603172,SH_MAIN,249,GARCH_SUCCESS,2023-05-11 00:00:00,2024-06-21 00:00:00,4,False,False,743366186.8039945,BELOW_PRIMARY_750
603173,SH_MAIN,255,GARCH_SUCCESS,2024-05-27 00:00:00,2025-06-16 00:00:00,5,False,False,1770621797.4811084,BELOW_PRIMARY_750
603175,SH_MAIN,147,GARCH_SUCCESS,2025-10-27 00:00:00,2026-07-07 00:00:00,2,False,False,3434801305.716,BELOW_PRIMARY_750
603176,SH_MAIN,254,GARCH_SUCCESS,2023-06-14 00:00:00,2024-07-03 00:00:00,6,False,False,1415761490.03765,BELOW_PRIMARY_750
603177,SH_MAIN,1312,GARCH_SUCCESS,2020-02-12 00:00:00,2025-07-09 00:00:00,1,True,True,2539440706.5486727,PRIMARY_750_MEMBER
603178,SH_MAIN,343,GARCH_SUCCESS,2020-02-12 00:00:00,2021-07-08 00:00:00,5,False,False,3937711878.6114407,BELOW_PRIMARY_750
603179,SH_MAIN,271,GARCH_SUCCESS,2023-05-15 00:00:00,2024-06-26 00:00:00,7,False,False,21208431033.99472,BELOW_PRIMARY_750
603180,SH_MAIN,257,GARCH_SUCCESS,2023-06-12 00:00:00,2024-07-04 00:00:00,8,False,False,4046493583.226412,BELOW_PRIMARY_750
603181,SH_MAIN,482,GARCH_SUCCESS,2022-06-17 00:00:00,2024-06-13 00:00:00,7,False,False,7740886802.896219,BELOW_PRIMARY_750
603182,SH_MAIN,245,GARCH_SUCCESS,2023-06-08 00:00:00,2024-06-14 00:00:00,6,False,False,1281704228.5861835,BELOW_PRIMARY_750
603183,SH_MAIN,252,GARCH_SUCCESS,2021-05-20 00:00:00,2022-06-06 00:00:00,7,False,False,2193217729.353492,BELOW_PRIMARY_750
603185,SH_MAIN,463,GARCH_SUCCESS,2024-07-16 00:00:00,2026-06-16 00:00:00,7,False,False,24729965875.0088,BELOW_PRIMARY_750
603186,SH_MAIN,723,GARCH_SUCCESS,2023-05-17 00:00:00,2026-05-14 00:00:00,5,False,False,4744774316.55609,BELOW_PRIMARY_750
603187,SH_MAIN,274,GARCH_SUCCESS,2020-04-17 00:00:00,2021-06-04 00:00:00,8,False,False,6403444309.790096,BELOW_PRIMARY_750
603190,SH_MAIN,235,GARCH_SUCCESS,2023-06-29 00:00:00,2024-06-19 00:00:00,7,False,False,952206687.2038718,BELOW_PRIMARY_750
603191,SH_MAIN,265,GARCH_SUCCESS,2023-05-26 00:00:00,2024-07-01 00:00:00,5,False,False,3274433683.7977743,BELOW_PRIMARY_750
603192,SH_MAIN,243,GARCH_SUCCESS,2022-06-09 00:00:00,2023-06-07 00:00:00,7,False,False,2696338711.795704,BELOW_PRIMARY_750
603193,SH_MAIN,161,GARCH_SUCCESS,2025-09-19 00:00:00,2026-05-28 00:00:00,6,False,False,2181422596.208258,BELOW_PRIMARY_750
603194,SH_MAIN,125,GARCH_SUCCESS,2025-06-17 00:00:00,2025-12-17 00:00:00,4,False,False,2974774875.421242,BELOW_PRIMARY_750
603195,SH_MAIN,256,GARCH_SUCCESS,2022-05-20 00:00:00,2023-06-07 00:00:00,8,False,False,60711990955.38733,BELOW_PRIMARY_750
603196,SH_MAIN,416,GARCH_SUCCESS,2024-11-04 00:00:00,2026-08-19 00:00:00,6,False,False,3058828516.581488,BELOW_PRIMARY_750
603197,SH_MAIN,273,GARCH_SUCCESS,2020-08-21 00:00:00,2021-10-12 00:00:00,9,False,False,8758480984.897942,BELOW_PRIMARY_750
603198,SH_MAIN,250,GARCH_SUCCESS,2024-06-07 00:00:00,2025-06-20 00:00:00,7,False,False,44018458567.98069,BELOW_PRIMARY_750
603199,SH_MAIN,474,GARCH_SUCCESS,2022-06-22 00:00:00,2024-06-05 00:00:00,6,False,False,3284097316.170555,BELOW_PRIMARY_750
603200,SH_MAIN,327,GARCH_SUCCESS,2020-02-12 00:00:00,2021-06-16 00:00:00,6,False,False,5047982355.139115,BELOW_PRIMARY_750
603201,SH_MAIN,252,GARCH_SUCCESS,2023-06-13 00:00:00,2024-06-28 00:00:00,7,False,False,1443651776.51747,BELOW_PRIMARY_750
603202,SH_MAIN,160,GARCH_SUCCESS,2025-10-17 00:00:00,2026-06-16 00:00:00,4,False,False,3214471653.0996814,BELOW_PRIMARY_750
603203,SH_MAIN,253,GARCH_SUCCESS,2022-06-14 00:00:00,2023-06-28 00:00:00,7,False,False,6566665660.670965,BELOW_PRIMARY_750
603205,SH_MAIN,240,GARCH_SUCCESS,2025-07-10 00:00:00,2026-07-08 00:00:00,3,False,False,1158603611.0510745,BELOW_PRIMARY_750
603206,SH_MAIN,481,GARCH_SUCCESS,2024-06-05 00:00:00,2026-06-02 00:00:00,5,False,False,2340182417.6781483,BELOW_PRIMARY_750
603207,SH_MAIN,164,GARCH_SUCCESS,2024-08-27 00:00:00,2025-06-09 00:00:00,4,False,False,1341224743.521956,BELOW_PRIMARY_750
603208,SH_MAIN,315,GARCH_SUCCESS,2020-06-05 00:00:00,2021-09-16 00:00:00,6,False,False,5429557519.598423,BELOW_PRIMARY_750
603209,SH_MAIN,270,GARCH_SUCCESS,2025-05-12 00:00:00,2026-06-22 00:00:00,6,False,False,3034710135.406663,BELOW_PRIMARY_750
603210,SH_MAIN,260,GARCH_SUCCESS,2025-04-10 00:00:00,2026-06-09 00:00:00,2,False,False,1698107219.4996183,BELOW_PRIMARY_750
603211,SH_MAIN,259,GARCH_SUCCESS,2023-06-19 00:00:00,2024-07-15 00:00:00,5,False,False,2050037737.491821,BELOW_PRIMARY_750
603212,SH_MAIN,536,GARCH_SUCCESS,2024-06-06 00:00:00,2026-08-19 00:00:00,6,False,False,6332758261.419599,BELOW_PRIMARY_750
603213,SH_MAIN,240,GARCH_SUCCESS,2022-05-31 00:00:00,2023-05-25 00:00:00,6,False,False,2710005785.562254,BELOW_PRIMARY_750
603214,SH_MAIN,249,GARCH_SUCCESS,2020-05-06 00:00:00,2021-05-14 00:00:00,9,False,False,2568721812.896693,BELOW_PRIMARY_750
603215,SH_MAIN,270,GARCH_SUCCESS,2025-06-06 00:00:00,2026-07-16 00:00:00,6,False,False,1794007504.590998,BELOW_PRIMARY_750
603216,SH_MAIN,261,GARCH_SUCCESS,2022-06-09 00:00:00,2023-07-05 00:00:00,6,False,False,1775480681.4041746,BELOW_PRIMARY_750
603217,SH_MAIN,258,GARCH_SUCCESS,2022-05-27 00:00:00,2023-06-16 00:00:00,7,False,False,3528048690.653596,BELOW_PRIMARY_750
603218,SH_MAIN,267,GARCH_SUCCESS,2020-06-04 00:00:00,2021-07-09 00:00:00,7,False,False,18343975875.184296,BELOW_PRIMARY_750
603219,SH_MAIN,283,GARCH_SUCCESS,2023-05-08 00:00:00,2024-07-05 00:00:00,6,False,False,4116223845.265926,BELOW_PRIMARY_750
603220,SH_MAIN,258,GARCH_SUCCESS,2025-06-25 00:00:00,2026-07-17 00:00:00,7,False,False,7246785950.309904,BELOW_PRIMARY_750
603221,SH_MAIN,458,GARCH_SUCCESS,2022-06-29 00:00:00,2024-05-21 00:00:00,7,False,False,1700447757.0394208,BELOW_PRIMARY_750
603222,SH_MAIN,776,GARCH_SUCCESS,2023-06-08 00:00:00,2026-08-19 00:00:00,3,True,False,4608749865.024643,PRIMARY_750_MEMBER
603223,SH_MAIN,255,GARCH_SUCCESS,2022-05-31 00:00:00,2023-06-15 00:00:00,9,False,False,7012580518.032263,BELOW_PRIMARY_750
603225,SH_MAIN,481,GARCH_SUCCESS,2022-06-06 00:00:00,2024-05-29 00:00:00,6,False,False,20470478516.294994,BELOW_PRIMARY_750
603226,SH_MAIN,477,GARCH_SUCCESS,2023-06-08 00:00:00,2025-05-30 00:00:00,4,False,False,3428601733.4913325,BELOW_PRIMARY_750
603227,SH_MAIN,239,GARCH_SUCCESS,2023-07-04 00:00:00,2024-06-28 00:00:00,8,False,False,6506111667.88935,BELOW_PRIMARY_750
603228,SH_MAIN,289,GARCH_SUCCESS,2021-05-13 00:00:00,2022-07-20 00:00:00,7,False,False,28401196419.76733,BELOW_PRIMARY_750
603229,SH_MAIN,273,GARCH_SUCCESS,2022-05-27 00:00:00,2023-07-11 00:00:00,8,False,False,9060540275.615688,BELOW_PRIMARY_750
603230,SH_MAIN,247,GARCH_SUCCESS,2022-06-24 00:00:00,2023-06-30 00:00:00,6,False,False,2155095603.825757,BELOW_PRIMARY_750
603231,SH_MAIN,240,GARCH_SUCCESS,2024-07-01 00:00:00,2025-06-27 00:00:00,5,False,False,1453976247.360416,BELOW_PRIMARY_750
603232,SH_MAIN,487,GARCH_SUCCESS,2022-06-17 00:00:00,2024-06-20 00:00:00,5,False,False,3455529293.843757,BELOW_PRIMARY_750
603233,SH_MAIN,247,GARCH_SUCCESS,2023-06-12 00:00:00,2024-06-20 00:00:00,9,False,False,27133275135.53783,BELOW_PRIMARY_750
603235,SH_MAIN,254,GARCH_SUCCESS,2023-06-06 00:00:00,2024-06-25 00:00:00,5,False,False,3513654912.436285,BELOW_PRIMARY_750
603236,SH_MAIN,252,GARCH_SUCCESS,2021-06-15 00:00:00,2022-06-29 00:00:00,9,False,False,17723274918.43757,BELOW_PRIMARY_750
603237,SH_MAIN,254,GARCH_SUCCESS,2023-06-16 00:00:00,2024-07-05 00:00:00,6,False,False,2178775776.101933,BELOW_PRIMARY_750
603238,SH_MAIN,266,GARCH_SUCCESS,2020-05-28 00:00:00,2021-07-01 00:00:00,7,False,False,2382508742.767498,BELOW_PRIMARY_750
603239,SH_MAIN,268,GARCH_SUCCESS,2020-05-28 00:00:00,2021-07-05 00:00:00,7,False,False,4251602062.107804,BELOW_PRIMARY_750
603248,SH_MAIN,107,GARCH_SUCCESS,2025-12-24 00:00:00,2026-07-09 00:00:00,2,False,False,1775788991.320909,BELOW_PRIMARY_750
603255,SH_MAIN,482,GARCH_SUCCESS,2024-07-03 00:00:00,2026-07-01 00:00:00,4,False,False,1801298356.8622358,BELOW_PRIMARY_750
603256,SH_MAIN,697,GARCH_SUCCESS,2023-07-19 00:00:00,2026-06-08 00:00:00,5,False,False,11277982712.424538,BELOW_PRIMARY_750
603257,SH_MAIN,240,GARCH_SUCCESS,2025-06-20 00:00:00,2026-06-17 00:00:00,3,False,False,1445175253.9030418,BELOW_PRIMARY_750
603258,SH_MAIN,448,GARCH_SUCCESS,2024-10-18 00:00:00,2026-08-19 00:00:00,7,False,False,5711899957.405471,BELOW_PRIMARY_750
603259,SH_MAIN,247,GARCH_SUCCESS,2023-06-15 00:00:00,2024-06-25 00:00:00,8,False,False,215207761514.52304,BELOW_PRIMARY_750
603260,SH_MAIN,299,GARCH_SUCCESS,2023-05-26 00:00:00,2024-08-16 00:00:00,6,False,False,78879401111.42458,BELOW_PRIMARY_750
603262,SH_MAIN,215,GARCH_SUCCESS,2025-07-24 00:00:00,2026-07-16 00:00:00,2,False,False,1125739333.9437172,BELOW_PRIMARY_750
603266,SH_MAIN,259,GARCH_SUCCESS,2024-06-19 00:00:00,2025-07-14 00:00:00,7,False,False,3313491238.457683,BELOW_PRIMARY_750
603267,SH_MAIN,265,GARCH_SUCCESS,2021-04-30 00:00:00,2022-06-08 00:00:00,8,False,False,16371309790.773191,BELOW_PRIMARY_750
603269,SH_MAIN,258,GARCH_SUCCESS,2025-06-05 00:00:00,2026-06-29 00:00:00,8,False,False,2164295348.4153743,BELOW_PRIMARY_750
603270,SH_MAIN,163,GARCH_SUCCESS,2023-09-04 00:00:00,2024-06-13 00:00:00,8,False,False,1516997226.9162538,BELOW_PRIMARY_750
603271,SH_MAIN,167,GARCH_SUCCESS,2025-09-30 00:00:00,2026-06-16 00:00:00,4,False,False,1968265886.5077653,BELOW_PRIMARY_750
603273,SH_MAIN,153,GARCH_SUCCESS,2023-10-26 00:00:00,2024-07-11 00:00:00,8,False,False,1087859317.883701,BELOW_PRIMARY_750
603275,SH_MAIN,240,GARCH_SUCCESS,2025-07-14 00:00:00,2026-07-10 00:00:00,5,False,False,1623318866.129816,BELOW_PRIMARY_750
603276,SH_MAIN,240,GARCH_SUCCESS,2024-06-26 00:00:00,2025-06-24 00:00:00,4,False,False,1025695030.8391588,BELOW_PRIMARY_750
603277,SH_MAIN,246,GARCH_SUCCESS,2023-06-12 00:00:00,2024-06-19 00:00:00,11,False,False,9501292533.50724,BELOW_PRIMARY_750
603278,SH_MAIN,746,GARCH_SUCCESS,2021-06-28 00:00:00,2024-07-24 00:00:00,3,False,False,2953132221.326219,BELOW_PRIMARY_750
603279,SH_MAIN,248,GARCH_SUCCESS,2020-06-08 00:00:00,2021-06-16 00:00:00,9,False,False,10968177075.217571,BELOW_PRIMARY_750
603280,SH_MAIN,249,GARCH_SUCCESS,2025-06-18 00:00:00,2026-06-29 00:00:00,5,False,False,754918858.5868831,BELOW_PRIMARY_750
603281,SH_MAIN,260,GARCH_SUCCESS,2023-05-31 00:00:00,2024-06-27 00:00:00,5,False,False,5722684842.05328,BELOW_PRIMARY_750
603282,SH_MAIN,247,GARCH_SUCCESS,2024-06-17 00:00:00,2025-06-24 00:00:00,6,False,False,1149054632.3039632,BELOW_PRIMARY_750
603283,SH_MAIN,509,GARCH_SUCCESS,2023-05-04 00:00:00,2025-06-11 00:00:00,6,False,False,8879237578.043869,BELOW_PRIMARY_750
603284,SH_MAIN,64,GARCH_SUCCESS,2026-02-11 00:00:00,2026-06-25 00:00:00,2,False,False,934163042.904,BELOW_PRIMARY_750
603285,SH_MAIN,268,GARCH_SUCCESS,2025-06-06 00:00:00,2026-07-14 00:00:00,4,False,False,1310872477.227326,BELOW_PRIMARY_750
603286,SH_MAIN,690,GARCH_SUCCESS,2021-07-12 00:00:00,2024-06-06 00:00:00,4,False,False,2508551358.434647,BELOW_PRIMARY_750
603288,SH_MAIN,262,GARCH_SUCCESS,2022-05-05 00:00:00,2023-05-31 00:00:00,9,False,False,303637088040.5138,BELOW_PRIMARY_750
603289,SH_MAIN,257,GARCH_SUCCESS,2020-05-25 00:00:00,2021-06-15 00:00:00,7,False,False,2653985924.083347,BELOW_PRIMARY_750
603290,SH_MAIN,256,GARCH_SUCCESS,2024-05-24 00:00:00,2025-06-16 00:00:00,8,False,False,27741642159.39673,BELOW_PRIMARY_750
603291,SH_MAIN,247,GARCH_SUCCESS,2023-06-05 00:00:00,2024-06-13 00:00:00,6,False,False,1375709973.5430503,BELOW_PRIMARY_750
603293,SH_MAIN,64,GARCH_SUCCESS,2026-04-17 00:00:00,2026-08-19 00:00:00,1,False,False,1943761767.55,BELOW_PRIMARY_750
603296,SH_MAIN,248,GARCH_SUCCESS,2025-06-09 00:00:00,2026-06-16 00:00:00,4,False,False,26636102187.71644,BELOW_PRIMARY_750
603297,SH_MAIN,245,GARCH_SUCCESS,2024-06-07 00:00:00,2025-06-13 00:00:00,7,False,False,9308110710.343475,BELOW_PRIMARY_750
603298,SH_MAIN,245,GARCH_SUCCESS,2021-05-21 00:00:00,2022-05-26 00:00:00,8,False,False,21840926662.252567,BELOW_PRIMARY_750
603299,SH_MAIN,250,GARCH_SUCCESS,2024-06-11 00:00:00,2025-06-23 00:00:00,7,False,False,7221707562.153491,BELOW_PRIMARY_750
603300,SH_MAIN,570,GARCH_SUCCESS,2020-02-12 00:00:00,2022-06-17 00:00:00,4,False,False,11959680806.464344,BELOW_PRIMARY_750
603301,SH_MAIN,272,GARCH_SUCCESS,2020-06-09 00:00:00,2021-07-21 00:00:00,9,False,False,9099648828.197144,BELOW_PRIMARY_750
603303,SH_MAIN,251,GARCH_SUCCESS,2021-05-31 00:00:00,2022-06-14 00:00:00,8,False,False,6707537270.842896,BELOW_PRIMARY_750
603305,SH_MAIN,308,GARCH_SUCCESS,2020-02-12 00:00:00,2021-05-19 00:00:00,6,False,False,17443344244.23542,BELOW_PRIMARY_750
603306,SH_MAIN,253,GARCH_SUCCESS,2020-06-04 00:00:00,2021-06-24 00:00:00,7,False,False,11704945090.420748,BELOW_PRIMARY_750
603307,SH_MAIN,236,GARCH_SUCCESS,2023-06-29 00:00:00,2024-06-20 00:00:00,7,False,False,822153085.787452,BELOW_PRIMARY_750
603308,SH_MAIN,264,GARCH_SUCCESS,2025-06-09 00:00:00,2026-07-09 00:00:00,7,False,False,14822987795.847973,BELOW_PRIMARY_750
603309,SH_MAIN,244,GARCH_SUCCESS,2024-05-24 00:00:00,2025-05-28 00:00:00,8,False,False,4042162156.244344,BELOW_PRIMARY_750
603310,SH_MAIN,235,GARCH_SUCCESS,2025-06-27 00:00:00,2026-06-17 00:00:00,4,False,False,2087432375.990024,BELOW_PRIMARY_750
603311,SH_MAIN,250,GARCH_SUCCESS,2020-06-10 00:00:00,2021-06-22 00:00:00,7,False,False,2587393526.502695,BELOW_PRIMARY_750
603312,SH_MAIN,234,GARCH_SUCCESS,2024-06-14 00:00:00,2025-06-04 00:00:00,5,False,False,1700240183.4776745,BELOW_PRIMARY_750
603313,SH_MAIN,845,GARCH_SUCCESS,2021-07-15 00:00:00,2025-01-08 00:00:00,2,True,False,5656572202.929709,PRIMARY_750_MEMBER
603315,SH_MAIN,396,GARCH_SUCCESS,2022-11-07 00:00:00,2024-07-25 00:00:00,5,False,False,4347017320.935868,BELOW_PRIMARY_750
603316,SH_MAIN,1023,GARCH_SUCCESS,2022-06-06 00:00:00,2026-08-19 00:00:00,3,True,True,1838803174.5132744,PRIMARY_750_MEMBER
603317,SH_MAIN,282,GARCH_SUCCESS,2023-04-12 00:00:00,2024-06-13 00:00:00,7,False,False,12944384972.713837,BELOW_PRIMARY_750
603318,SH_MAIN,323,GARCH_SUCCESS,2020-02-12 00:00:00,2021-06-09 00:00:00,5,False,False,2932430822.778563,BELOW_PRIMARY_750
603319,SH_MAIN,270,GARCH_SUCCESS,2023-05-31 00:00:00,2024-07-11 00:00:00,9,False,False,5347898149.906461,BELOW_PRIMARY_750
603320,SH_MAIN,243,GARCH_SUCCESS,2023-05-23 00:00:00,2024-05-24 00:00:00,7,False,False,2010103573.5288813,BELOW_PRIMARY_750
603321,SH_MAIN,245,GARCH_SUCCESS,2022-06-22 00:00:00,2023-06-26 00:00:00,8,False,False,2244592018.368584,BELOW_PRIMARY_750
603323,SH_MAIN,249,GARCH_SUCCESS,2022-06-17 00:00:00,2023-06-27 00:00:00,8,False,False,8120833952.117489,BELOW_PRIMARY_750
603324,SH_MAIN,274,GARCH_SUCCESS,2025-07-07 00:00:00,2026-08-19 00:00:00,6,False,False,2460021430.952541,BELOW_PRIMARY_750
603325,SH_MAIN,136,GARCH_SUCCESS,2024-07-04 00:00:00,2025-01-22 00:00:00,6,False,False,2005148532.925286,BELOW_PRIMARY_750
603326,SH_MAIN,499,GARCH_SUCCESS,2021-05-25 00:00:00,2023-06-13 00:00:00,8,False,False,2696203608.44111,BELOW_PRIMARY_750
603327,SH_MAIN,263,GARCH_SUCCESS,2021-04-29 00:00:00,2022-06-02 00:00:00,7,False,False,7484269681.747948,BELOW_PRIMARY_750
603328,SH_MAIN,261,GARCH_SUCCESS,2021-06-21 00:00:00,2022-07-18 00:00:00,8,False,False,8241513200.748174,BELOW_PRIMARY_750
603329,SH_MAIN,331,GARCH_SUCCESS,2020-02-12 00:00:00,2021-06-22 00:00:00,6,False,False,2235981769.870954,BELOW_PRIMARY_750
603330,SH_MAIN,516,GARCH_SUCCESS,2022-06-06 00:00:00,2024-07-18 00:00:00,4,False,False,3427987233.926505,BELOW_PRIMARY_750
603331,SH_MAIN,471,GARCH_SUCCESS,2022-06-08 00:00:00,2024-05-17 00:00:00,5,False,False,2258561725.760145,BELOW_PRIMARY_750
603332,SH_MAIN,249,GARCH_SUCCESS,2025-06-13 00:00:00,2026-06-24 00:00:00,7,False,False,1982491452.2048595,BELOW_PRIMARY_750
603333,SH_MAIN,854,GARCH_SUCCESS,2020-11-10 00:00:00,2024-06-20 00:00:00,3,True,False,3698112286.210008,PRIMARY_750_MEMBER
603334,SH_MAIN,118,GARCH_SUCCESS,2025-11-06 00:00:00,2026-06-05 00:00:00,2,False,False,1544349318.2915576,BELOW_PRIMARY_750
603335,SH_MAIN,1022,GARCH_SUCCESS,2022-06-07 00:00:00,2026-08-19 00:00:00,3,True,True,2380866309.4722447,PRIMARY_750_MEMBER
603336,SH_MAIN,508,GARCH_SUCCESS,2021-05-18 00:00:00,2023-06-19 00:00:00,5,False,False,3274050456.711623,BELOW_PRIMARY_750
603337,SH_MAIN,264,GARCH_SUCCESS,2022-05-27 00:00:00,2023-06-28 00:00:00,8,False,False,12818066326.634417,BELOW_PRIMARY_750
603338,SH_MAIN,264,GARCH_SUCCESS,2020-06-08 00:00:00,2021-07-08 00:00:00,7,False,False,27964645422.65597,BELOW_PRIMARY_750
603339,SH_MAIN,258,GARCH_SUCCESS,2021-05-28 00:00:00,2022-06-22 00:00:00,7,False,False,3765229432.2031374,BELOW_PRIMARY_750
603341,SH_MAIN,244,GARCH_SUCCESS,2024-06-04 00:00:00,2025-06-09 00:00:00,4,False,False,7063376298.799698,BELOW_PRIMARY_750
603344,SH_MAIN,300,GARCH_SUCCESS,2025-05-29 00:00:00,2026-08-19 00:00:00,4,False,False,1335397985.000252,BELOW_PRIMARY_750
603345,SH_MAIN,268,GARCH_SUCCESS,2020-05-26 00:00:00,2021-07-01 00:00:00,11,False,False,33786063868.071632,BELOW_PRIMARY_750
603348,SH_MAIN,290,GARCH_SUCCESS,2023-07-19 00:00:00,2024-09-26 00:00:00,6,False,False,9830676293.100996,BELOW_PRIMARY_750
603350,SH_MAIN,147,GARCH_SUCCESS,2025-09-30 00:00:00,2026-05-19 00:00:00,5,False,False,1302921054.937673,BELOW_PRIMARY_750
603351,SH_MAIN,252,GARCH_SUCCESS,2021-05-26 00:00:00,2022-06-10 00:00:00,7,False,False,3027008189.0496383,BELOW_PRIMARY_750
603352,SH_MAIN,104,GARCH_SUCCESS,2026-01-16 00:00:00,2026-07-27 00:00:00,2,False,False,1846485872.629041,BELOW_PRIMARY_750
603353,SH_MAIN,255,GARCH_SUCCESS,2021-06-01 00:00:00,2022-06-21 00:00:00,12,False,False,2631825662.8318586,BELOW_PRIMARY_750
603355,SH_MAIN,432,GARCH_SUCCESS,2024-11-11 00:00:00,2026-08-19 00:00:00,5,False,False,15104507813.431128,BELOW_PRIMARY_750
603356,SH_MAIN,686,GARCH_SUCCESS,2020-07-08 00:00:00,2023-05-08 00:00:00,1,False,False,1787352947.9318736,BELOW_PRIMARY_750
603357,SH_MAIN,255,GARCH_SUCCESS,2021-05-27 00:00:00,2022-06-16 00:00:00,8,False,False,4764377979.41152,BELOW_PRIMARY_750
603358,SH_MAIN,247,GARCH_SUCCESS,2022-06-06 00:00:00,2023-06-08 00:00:00,9,False,False,11496694562.911163,BELOW_PRIMARY_750
603360,SH_MAIN,491,GARCH_SUCCESS,2021-06-02 00:00:00,2023-06-09 00:00:00,5,False,False,7869381778.442961,BELOW_PRIMARY_750
603365,SH_MAIN,250,GARCH_SUCCESS,2020-06-12 00:00:00,2021-06-24 00:00:00,8,False,False,4157897616.060338,BELOW_PRIMARY_750
603366,SH_MAIN,482,GARCH_SUCCESS,2022-06-17 00:00:00,2024-06-13 00:00:00,6,False,False,5556030381.668544,BELOW_PRIMARY_750
603367,SH_MAIN,248,GARCH_SUCCESS,2023-06-15 00:00:00,2024-06-26 00:00:00,9,False,False,6581947287.267603,BELOW_PRIMARY_750
603368,SH_MAIN,252,GARCH_SUCCESS,2025-05-30 00:00:00,2026-06-15 00:00:00,7,False,False,6975320910.075623,BELOW_PRIMARY_750
603369,SH_MAIN,0,GARCH_NUMERIC_FAILURE,2022-06-01 00:00:00,2023-06-12 00:00:00,7,False,False,60138072787.3597,GARCH_NUMERIC_FAILURE
603370,SH_MAIN,152,GARCH_SUCCESS,2025-09-08 00:00:00,2026-06-02 00:00:00,2,False,False,1659413135.0426414,BELOW_PRIMARY_750
603373,SH_MAIN,247,GARCH_SUCCESS,2024-06-05 00:00:00,2025-06-13 00:00:00,5,False,False,1401861717.1727178,BELOW_PRIMARY_750
603375,SH_MAIN,252,GARCH_SUCCESS,2024-07-23 00:00:00,2025-08-06 00:00:00,4,False,False,1659577209.6318183,BELOW_PRIMARY_750
603376,SH_MAIN,132,GARCH_SUCCESS,2025-11-07 00:00:00,2026-06-29 00:00:00,2,False,False,1164159809.0309918,BELOW_PRIMARY_750
603379,SH_MAIN,245,GARCH_SUCCESS,2022-05-30 00:00:00,2023-05-31 00:00:00,8,False,False,19334546955.284805,BELOW_PRIMARY_750
603380,SH_MAIN,263,GARCH_SUCCESS,2022-06-17 00:00:00,2023-07-17 00:00:00,7,False,False,4528746831.761867,BELOW_PRIMARY_750
603381,SH_MAIN,284,GARCH_SUCCESS,2025-06-23 00:00:00,2026-08-19 00:00:00,2,False,False,2138168274.6433847,BELOW_PRIMARY_750
603382,SH_MAIN,159,GARCH_SUCCESS,2025-09-30 00:00:00,2026-06-04 00:00:00,3,False,False,1148751428.5145452,BELOW_PRIMARY_750
603383,SH_MAIN,243,GARCH_SUCCESS,2023-05-26 00:00:00,2024-05-29 00:00:00,9,False,False,7043677098.100233,BELOW_PRIMARY_750
603385,SH_MAIN,467,GARCH_SUCCESS,2023-06-30 00:00:00,2025-06-06 00:00:00,5,False,False,2841895729.2740464,BELOW_PRIMARY_750
603386,SH_MAIN,525,GARCH_SUCCESS,2024-06-24 00:00:00,2026-08-19 00:00:00,5,False,False,3985540987.417241,BELOW_PRIMARY_750
603387,SH_MAIN,272,GARCH_SUCCESS,2020-05-11 00:00:00,2021-06-22 00:00:00,11,False,False,5719440155.852711,BELOW_PRIMARY_750
603390,SH_MAIN,726,GARCH_SUCCESS,2021-06-03 00:00:00,2024-06-03 00:00:00,7,False,False,2683219179.621448,BELOW_PRIMARY_750
603391,SH_MAIN,240,GARCH_SUCCESS,2025-05-20 00:00:00,2026-05-18 00:00:00,4,False,False,1105717751.060047,BELOW_PRIMARY_750
603392,SH_MAIN,538,GARCH_SUCCESS,2024-06-04 00:00:00,2026-08-19 00:00:00,5,False,False,58530827505.620094,BELOW_PRIMARY_750
603393,SH_MAIN,511,GARCH_SUCCESS,2024-07-12 00:00:00,2026-08-19 00:00:00,5,False,False,10687893475.261593,BELOW_PRIMARY_750
603395,SH_MAIN,239,GARCH_SUCCESS,2025-06-13 00:00:00,2026-06-09 00:00:00,3,False,False,1943003715.663857,BELOW_PRIMARY_750
603396,SH_MAIN,272,GARCH_SUCCESS,2021-04-22 00:00:00,2022-06-09 00:00:00,7,False,False,6845676721.256863,BELOW_PRIMARY_750
603399,SH_MAIN,793,GARCH_SUCCESS,2023-05-16 00:00:00,2026-08-19 00:00:00,1,True,False,5682557921.862156,PRIMARY_750_MEMBER
603400,SH_MAIN,122,GARCH_SUCCESS,2026-01-13 00:00:00,2026-07-17 00:00:00,4,False,False,1196853299.404486,BELOW_PRIMARY_750
603402,SH_MAIN,80,GARCH_SUCCESS,2026-01-07 00:00:00,2026-06-11 00:00:00,2,False,False,2693986509.5627494,BELOW_PRIMARY_750
603406,SH_MAIN,171,GARCH_SUCCESS,2025-12-05 00:00:00,2026-08-19 00:00:00,2,False,False,1474888965.9406145,BELOW_PRIMARY_750
603408,SH_MAIN,255,GARCH_SUCCESS,2022-06-06 00:00:00,2023-06-20 00:00:00,10,False,False,3162858092.6988497,BELOW_PRIMARY_750
603409,SH_MAIN,233,GARCH_SUCCESS,2025-07-01 00:00:00,2026-06-17 00:00:00,3,False,False,1174640722.6401742,BELOW_PRIMARY_750
603416,SH_MAIN,255,GARCH_SUCCESS,2022-06-09 00:00:00,2023-06-27 00:00:00,8,False,False,5892617879.898954,BELOW_PRIMARY_750
603418,SH_MAIN,141,GARCH_SUCCESS,2025-09-24 00:00:00,2026-06-03 00:00:00,2,False,False,2309698194.488572,BELOW_PRIMARY_750
603421,SH_MAIN,521,GARCH_SUCCESS,2024-06-28 00:00:00,2026-08-19 00:00:00,5,False,False,5097380416.874675,BELOW_PRIMARY_750
603439,SH_MAIN,480,GARCH_SUCCESS,2021-06-08 00:00:00,2023-05-31 00:00:00,6,False,False,4308527442.688398,BELOW_PRIMARY_750
603444,SH_MAIN,254,GARCH_SUCCESS,2020-05-21 00:00:00,2021-06-07 00:00:00,13,False,False,24367543685.305897,BELOW_PRIMARY_750
603456,SH_MAIN,244,GARCH_SUCCESS,2020-07-09 00:00:00,2021-07-09 00:00:00,8,False,False,25037401983.403755,BELOW_PRIMARY_750
603458,SH_MAIN,539,GARCH_SUCCESS,2024-06-03 00:00:00,2026-08-19 00:00:00,5,False,False,2889213607.005157,BELOW_PRIMARY_750
603459,SH_MAIN,70,GARCH_SUCCESS,2026-04-09 00:00:00,2026-08-19 00:00:00,1,False,False,5123388560.721904,BELOW_PRIMARY_750
603466,SH_MAIN,316,GARCH_SUCCESS,2020-02-12 00:00:00,2021-05-31 00:00:00,6,False,False,7029674211.434923,BELOW_PRIMARY_750
603477,SH_MAIN,445,GARCH_SUCCESS,2023-08-09 00:00:00,2025-06-16 00:00:00,6,False,False,11032646646.753675,BELOW_PRIMARY_750
603486,SH_MAIN,328,GARCH_SUCCESS,2020-02-12 00:00:00,2021-06-17 00:00:00,6,False,False,46110475386.01848,BELOW_PRIMARY_750
603488,SH_MAIN,273,GARCH_SUCCESS,2025-07-08 00:00:00,2026-08-19 00:00:00,6,False,False,2361743242.3626924,BELOW_PRIMARY_750
603489,SH_MAIN,250,GARCH_SUCCESS,2023-06-26 00:00:00,2024-07-05 00:00:00,7,False,False,9921817843.934706,BELOW_PRIMARY_750
603496,SH_MAIN,393,GARCH_SUCCESS,2021-10-26 00:00:00,2023-06-07 00:00:00,8,False,False,6219279473.2128525,BELOW_PRIMARY_750
603499,SH_MAIN,724,GARCH_SUCCESS,2020-07-02 00:00:00,2023-06-27 00:00:00,7,False,False,3206328376.951006,BELOW_PRIMARY_750
603500,SH_MAIN,290,GARCH_SUCCESS,2024-05-09 00:00:00,2025-07-17 00:00:00,7,False,False,2896730479.277281,BELOW_PRIMARY_750
603501,SH_MAIN,260,GARCH_SUCCESS,2021-07-01 00:00:00,2022-07-27 00:00:00,9,False,False,144473314493.31256,BELOW_PRIMARY_750
603505,SH_MAIN,254,GARCH_SUCCESS,2023-06-14 00:00:00,2024-07-03 00:00:00,9,False,False,14485244496.815994,BELOW_PRIMARY_750
603506,SH_MAIN,485,GARCH_SUCCESS,2024-06-13 00:00:00,2026-06-15 00:00:00,6,False,False,2303332176.046388,BELOW_PRIMARY_750
603507,SH_MAIN,338,GARCH_SUCCESS,2021-01-14 00:00:00,2022-07-12 00:00:00,6,False,False,4336010117.116903,BELOW_PRIMARY_750
603508,SH_MAIN,262,GARCH_SUCCESS,2020-06-10 00:00:00,2021-07-08 00:00:00,9,False,False,7133396387.391047,BELOW_PRIMARY_750
603511,SH_MAIN,256,GARCH_SUCCESS,2023-06-12 00:00:00,2024-07-03 00:00:00,7,False,False,2765714628.652732,BELOW_PRIMARY_750
603515,SH_MAIN,260,GARCH_SUCCESS,2020-07-03 00:00:00,2021-07-27 00:00:00,7,False,False,14012297582.3163,BELOW_PRIMARY_750
603516,SH_MAIN,264,GARCH_SUCCESS,2021-04-19 00:00:00,2022-05-24 00:00:00,7,False,False,8877418180.914732,BELOW_PRIMARY_750
603518,SH_MAIN,535,GARCH_SUCCESS,2021-05-13 00:00:00,2023-08-23 00:00:00,4,False,False,3217230682.121476,BELOW_PRIMARY_750
603519,SH_MAIN,258,GARCH_SUCCESS,2025-06-16 00:00:00,2026-07-08 00:00:00,8,False,False,3398903878.3444247,BELOW_PRIMARY_750
603520,SH_MAIN,289,GARCH_SUCCESS,2023-07-04 00:00:00,2024-09-06 00:00:00,9,False,False,7000993641.863942,BELOW_PRIMARY_750
603527,SH_MAIN,340,GARCH_SUCCESS,2022-05-26 00:00:00,2023-10-19 00:00:00,8,False,False,2968017374.0563154,BELOW_PRIMARY_750
603528,SH_MAIN,489,GARCH_SUCCESS,2021-06-15 00:00:00,2023-06-19 00:00:00,4,False,False,5123413162.411561,BELOW_PRIMARY_750
603529,SH_MAIN,228,GARCH_SUCCESS,2021-06-16 00:00:00,2022-06-27 00:00:00,10,False,False,14879264995.715803,BELOW_PRIMARY_750
603530,SH_MAIN,266,GARCH_SUCCESS,2023-06-20 00:00:00,2024-07-25 00:00:00,7,False,False,7987211076.253185,BELOW_PRIMARY_750
603533,SH_MAIN,292,GARCH_SUCCESS,2025-06-11 00:00:00,2026-08-19 00:00:00,6,False,False,9119332313.42856,BELOW_PRIMARY_750
603535,SH_MAIN,332,GARCH_SUCCESS,2025-04-07 00:00:00,2026-08-17 00:00:00,7,False,False,4301108524.206766,BELOW_PRIMARY_750
603536,SH_MAIN,555,GARCH_SUCCESS,2024-05-10 00:00:00,2026-08-19 00:00:00,4,False,False,2128776255.444248,BELOW_PRIMARY_750
603538,SH_MAIN,469,GARCH_SUCCESS,2020-06-30 00:00:00,2022-06-07 00:00:00,6,False,False,4686298584.417064,BELOW_PRIMARY_750
603551,SH_MAIN,246,GARCH_SUCCESS,2021-06-02 00:00:00,2022-06-09 00:00:00,10,False,False,3281307842.8054466,BELOW_PRIMARY_750
603556,SH_MAIN,257,GARCH_SUCCESS,2021-06-11 00:00:00,2022-07-05 00:00:00,7,False,False,12625361775.72663,BELOW_PRIMARY_750
603558,SH_MAIN,518,GARCH_SUCCESS,2020-04-28 00:00:00,2022-06-20 00:00:00,9,False,False,3720373286.004216,BELOW_PRIMARY_750
603565,SH_MAIN,243,GARCH_SUCCESS,2024-05-06 00:00:00,2025-05-07 00:00:00,9,False,False,13093574664.253622,BELOW_PRIMARY_750
603566,SH_MAIN,243,GARCH_SUCCESS,2022-06-21 00:00:00,2023-06-19 00:00:00,10,False,False,6613066800.772196,BELOW_PRIMARY_750
603567,SH_MAIN,483,GARCH_SUCCESS,2020-06-05 00:00:00,2022-06-06 00:00:00,6,False,False,11580461133.9544,BELOW_PRIMARY_750
603568,SH_MAIN,249,GARCH_SUCCESS,2020-06-24 00:00:00,2021-07-05 00:00:00,7,False,False,35025582743.4201,BELOW_PRIMARY_750
603569,SH_MAIN,717,GARCH_SUCCESS,2021-06-15 00:00:00,2024-05-30 00:00:00,6,False,False,5048765135.02218,BELOW_PRIMARY_750
603577,SH_MAIN,311,GARCH_SUCCESS,2023-06-19 00:00:00,2024-09-27 00:00:00,7,False,False,2747646669.566009,BELOW_PRIMARY_750
603578,SH_MAIN,520,GARCH_SUCCESS,2024-07-01 00:00:00,2026-08-19 00:00:00,5,False,False,2312605226.2912765,BELOW_PRIMARY_750
603579,SH_MAIN,270,GARCH_SUCCESS,2020-05-14 00:00:00,2021-06-23 00:00:00,8,False,False,3705649691.6100726,BELOW_PRIMARY_750
603583,SH_MAIN,258,GARCH_SUCCESS,2021-06-08 00:00:00,2022-07-01 00:00:00,7,False,False,11183190812.52334,BELOW_PRIMARY_750
603585,SH_MAIN,488,GARCH_SUCCESS,2024-07-02 00:00:00,2026-07-08 00:00:00,7,False,False,2954900540.619147,BELOW_PRIMARY_750
603586,SH_MAIN,490,GARCH_SUCCESS,2021-05-31 00:00:00,2023-06-06 00:00:00,7,False,False,2910877545.1924376,BELOW_PRIMARY_750
603587,SH_MAIN,286,GARCH_SUCCESS,2020-05-25 00:00:00,2021-07-26 00:00:00,7,False,False,6034321268.2709255,BELOW_PRIMARY_750
603588,SH_MAIN,258,GARCH_SUCCESS,2022-06-20 00:00:00,2023-07-11 00:00:00,8,False,False,12817911556.223644,BELOW_PRIMARY_750
603589,SH_MAIN,252,GARCH_SUCCESS,2023-06-16 00:00:00,2024-07-03 00:00:00,7,False,False,28599034712.54517,BELOW_PRIMARY_750
603590,SH_MAIN,261,GARCH_SUCCESS,2025-06-10 00:00:00,2026-07-07 00:00:00,7,False,False,4922349699.560209,BELOW_PRIMARY_750
603596,SH_MAIN,259,GARCH_SUCCESS,2024-05-21 00:00:00,2025-06-16 00:00:00,7,False,False,28075672362.24971,BELOW_PRIMARY_750
603598,SH_MAIN,1584,GARCH_SUCCESS,2020-02-12 00:00:00,2026-08-19 00:00:00,0,True,True,3623683748.4761705,PRIMARY_750_MEMBER
603599,SH_MAIN,326,GARCH_SUCCESS,2020-02-12 00:00:00,2021-06-15 00:00:00,7,False,False,14352804702.053747,BELOW_PRIMARY_750
603600,SH_MAIN,244,GARCH_SUCCESS,2021-06-04 00:00:00,2022-06-09 00:00:00,9,False,False,3211525138.3186,BELOW_PRIMARY_750
603601,SH_MAIN,276,GARCH_SUCCESS,2022-04-27 00:00:00,2023-06-15 00:00:00,11,False,False,6038636754.702824,BELOW_PRIMARY_750
603602,SH_MAIN,275,GARCH_SUCCESS,2021-05-20 00:00:00,2022-07-07 00:00:00,7,False,False,2772655390.6460176,BELOW_PRIMARY_750
603605,SH_MAIN,255,GARCH_SUCCESS,2020-05-14 00:00:00,2021-06-01 00:00:00,10,False,False,38097572227.481,BELOW_PRIMARY_750
603606,SH_MAIN,0,GARCH_NUMERIC_FAILURE,2023-05-04 00:00:00,2024-06-06 00:00:00,7,False,False,34459377043.63156,GARCH_NUMERIC_FAILURE
603607,SH_MAIN,245,GARCH_SUCCESS,2025-06-11 00:00:00,2026-06-15 00:00:00,9,False,False,2994725682.6666665,BELOW_PRIMARY_750
603609,SH_MAIN,490,GARCH_SUCCESS,2023-05-29 00:00:00,2025-06-09 00:00:00,4,False,False,8278198323.696196,BELOW_PRIMARY_750
603610,SH_MAIN,492,GARCH_SUCCESS,2022-06-01 00:00:00,2024-06-12 00:00:00,6,False,False,3936886073.0639424,BELOW_PRIMARY_750
603611,SH_MAIN,322,GARCH_SUCCESS,2020-02-12 00:00:00,2021-06-08 00:00:00,6,False,False,5006206865.371246,BELOW_PRIMARY_750
603612,SH_MAIN,442,GARCH_SUCCESS,2023-12-01 00:00:00,2025-09-25 00:00:00,7,False,False,9494205174.364489,BELOW_PRIMARY_750
603613,SH_MAIN,263,GARCH_SUCCESS,2022-05-23 00:00:00,2023-06-19 00:00:00,6,False,False,24851107774.02628,BELOW_PRIMARY_750
603615,SH_MAIN,554,GARCH_SUCCESS,2021-05-31 00:00:00,2023-09-06 00:00:00,5,False,False,3375134072.7272725,BELOW_PRIMARY_750
603616,SH_MAIN,829,GARCH_SUCCESS,2022-08-18 00:00:00,2026-01-20 00:00:00,1,True,False,1971713078.913918,PRIMARY_750_MEMBER
603617,SH_MAIN,268,GARCH_SUCCESS,2023-06-02 00:00:00,2024-07-11 00:00:00,8,False,False,2849998375.955495,BELOW_PRIMARY_750
603618,SH_MAIN,300,GARCH_SUCCESS,2025-05-29 00:00:00,2026-08-19 00:00:00,6,False,False,4835013266.353556,BELOW_PRIMARY_750
603619,SH_MAIN,584,GARCH_SUCCESS,2020-02-12 00:00:00,2022-07-07 00:00:00,8,False,False,8027637538.585953,BELOW_PRIMARY_750
603626,SH_MAIN,1052,GARCH_SUCCESS,2020-02-12 00:00:00,2024-06-13 00:00:00,1,True,True,5189183964.013757,PRIMARY_750_MEMBER
603628,SH_MAIN,326,GARCH_SUCCESS,2020-02-12 00:00:00,2021-06-15 00:00:00,6,False,False,3749549538.80942,BELOW_PRIMARY_750
603629,SH_MAIN,469,GARCH_SUCCESS,2020-07-01 00:00:00,2022-06-08 00:00:00,7,False,False,5010288176.363636,BELOW_PRIMARY_750
603630,SH_MAIN,459,GARCH_SUCCESS,2021-07-19 00:00:00,2023-06-09 00:00:00,6,False,False,3739818216.0088496,BELOW_PRIMARY_750
603633,SH_MAIN,484,GARCH_SUCCESS,2021-08-30 00:00:00,2023-08-29 00:00:00,5,False,False,3651865478.494417,BELOW_PRIMARY_750
603636,SH_MAIN,516,GARCH_SUCCESS,2024-07-05 00:00:00,2026-08-19 00:00:00,5,False,False,6892825827.677947,BELOW_PRIMARY_750
603637,SH_MAIN,262,GARCH_SUCCESS,2025-05-26 00:00:00,2026-06-24 00:00:00,7,False,False,2116986037.1487927,BELOW_PRIMARY_750
603638,SH_MAIN,248,GARCH_SUCCESS,2023-06-06 00:00:00,2024-06-17 00:00:00,9,False,False,17396505986.426563,BELOW_PRIMARY_750
603639,SH_MAIN,264,GARCH_SUCCESS,2023-06-14 00:00:00,2024-07-17 00:00:00,7,False,False,5869697154.769083,BELOW_PRIMARY_750
603648,SH_MAIN,256,GARCH_SUCCESS,2023-07-21 00:00:00,2024-08-09 00:00:00,7,False,False,3406292805.865648,BELOW_PRIMARY_750
603650,SH_MAIN,257,GARCH_SUCCESS,2021-06-09 00:00:00,2022-07-01 00:00:00,8,False,False,21187591662.810364,BELOW_PRIMARY_750
603655,SH_MAIN,253,GARCH_SUCCESS,2021-07-14 00:00:00,2022-07-29 00:00:00,9,False,False,2585729579.96769,BELOW_PRIMARY_750
603656,SH_MAIN,257,GARCH_SUCCESS,2021-06-09 00:00:00,2022-07-01 00:00:00,7,False,False,2551443469.71395,BELOW_PRIMARY_750
603657,SH_MAIN,294,GARCH_SUCCESS,2025-06-09 00:00:00,2026-08-19 00:00:00,6,False,False,2479727559.080048,BELOW_PRIMARY_750
603658,SH_MAIN,255,GARCH_SUCCESS,2021-05-28 00:00:00,2022-06-17 00:00:00,7,False,False,29573998952.47923,BELOW_PRIMARY_750
603659,SH_MAIN,264,GARCH_SUCCESS,2023-05-10 00:00:00,2024-06-12 00:00:00,7,False,False,64826196072.707535,BELOW_PRIMARY_750
603660,SH_MAIN,1005,GARCH_SUCCESS,2022-06-30 00:00:00,2026-08-19 00:00:00,3,True,True,3603919911.544554,PRIMARY_750_MEMBER
603661,SH_MAIN,406,GARCH_SUCCESS,2020-06-24 00:00:00,2022-02-28 00:00:00,6,False,False,4488551494.188923,BELOW_PRIMARY_750
603662,SH_MAIN,246,GARCH_SUCCESS,2021-07-06 00:00:00,2022-07-12 00:00:00,7,False,False,9045192313.375944,BELOW_PRIMARY_750
603663,SH_MAIN,273,GARCH_SUCCESS,2021-05-26 00:00:00,2022-07-11 00:00:00,7,False,False,6791834213.59185,BELOW_PRIMARY_750
603665,SH_MAIN,1441,GARCH_SUCCESS,2020-06-17 00:00:00,2026-06-01 00:00:00,2,True,True,4369347942.288302,PRIMARY_750_MEMBER
603666,SH_MAIN,996,GARCH_SUCCESS,2022-07-13 00:00:00,2026-08-19 00:00:00,3,True,False,7678452595.005736,PRIMARY_750_MEMBER
603667,SH_MAIN,247,GARCH_SUCCESS,2021-06-16 00:00:00,2022-06-23 00:00:00,7,False,False,8314582323.17082,BELOW_PRIMARY_750
603668,SH_MAIN,577,GARCH_SUCCESS,2020-02-12 00:00:00,2022-06-28 00:00:00,5,False,False,6124995754.31074,BELOW_PRIMARY_750
603669,SH_MAIN,1001,GARCH_SUCCESS,2022-07-06 00:00:00,2026-08-19 00:00:00,3,True,True,4334286063.851311,PRIMARY_750_MEMBER
603676,SH_MAIN,259,GARCH_SUCCESS,2023-06-05 00:00:00,2024-07-01 00:00:00,9,False,False,4568256203.773129,BELOW_PRIMARY_750
603677,SH_MAIN,248,GARCH_SUCCESS,2022-04-29 00:00:00,2023-05-10 00:00:00,8,False,False,2658951868.472148,BELOW_PRIMARY_750
603678,SH_MAIN,289,GARCH_SUCCESS,2020-04-29 00:00:00,2021-07-08 00:00:00,9,False,False,18949632225.488537,BELOW_PRIMARY_750
603679,SH_MAIN,733,GARCH_SUCCESS,2021-06-09 00:00:00,2024-06-19 00:00:00,3,False,False,2162334901.8082542,BELOW_PRIMARY_750
603680,SH_MAIN,246,GARCH_SUCCESS,2020-07-14 00:00:00,2021-07-16 00:00:00,8,False,False,7005126857.487627,BELOW_PRIMARY_750
603681,SH_MAIN,251,GARCH_SUCCESS,2023-06-21 00:00:00,2024-07-05 00:00:00,7,False,False,3095295767.898568,BELOW_PRIMARY_750
603682,SH_MAIN,331,GARCH_SUCCESS,2021-05-24 00:00:00,2022-09-28 00:00:00,9,False,False,1988946137.5703945,BELOW_PRIMARY_750
603683,SH_MAIN,257,GARCH_SUCCESS,2022-05-18 00:00:00,2023-06-06 00:00:00,7,False,False,3072447772.879831,BELOW_PRIMARY_750
603685,SH_MAIN,270,GARCH_SUCCESS,2021-05-27 00:00:00,2022-07-07 00:00:00,7,False,False,2347475126.04083,BELOW_PRIMARY_750
603686,SH_MAIN,261,GARCH_SUCCESS,2020-05-27 00:00:00,2021-06-23 00:00:00,7,False,False,5368778652.186605,BELOW_PRIMARY_750
603687,SH_MAIN,253,GARCH_SUCCESS,2023-06-09 00:00:00,2024-06-27 00:00:00,7,False,False,3717554269.71646,BELOW_PRIMARY_750
603688,SH_MAIN,254,GARCH_SUCCESS,2024-05-23 00:00:00,2025-06-11 00:00:00,8,False,False,26086894270.80304,BELOW_PRIMARY_750
603689,SH_MAIN,247,GARCH_SUCCESS,2023-06-06 00:00:00,2024-06-14 00:00:00,8,False,False,3899008182.15206,BELOW_PRIMARY_750
603690,SH_MAIN,453,GARCH_SUCCESS,2021-07-20 00:00:00,2023-06-02 00:00:00,5,False,False,11331275178.630714,BELOW_PRIMARY_750
603693,SH_MAIN,238,GARCH_SUCCESS,2025-06-23 00:00:00,2026-06-16 00:00:00,7,False,False,10406741136.811594,BELOW_PRIMARY_750
603696,SH_MAIN,247,GARCH_SUCCESS,2022-06-07 00:00:00,2023-06-09 00:00:00,7,False,False,2415585364.440869,BELOW_PRIMARY_750
603697,SH_MAIN,256,GARCH_SUCCESS,2021-06-16 00:00:00,2022-07-06 00:00:00,10,False,False,3487312041.556251,BELOW_PRIMARY_750
603698,SH_MAIN,263,GARCH_SUCCESS,2022-06-10 00:00:00,2023-07-10 00:00:00,8,False,False,9006098102.97667,BELOW_PRIMARY_750
603699,SH_MAIN,244,GARCH_SUCCESS,2020-07-14 00:00:00,2021-07-14 00:00:00,9,False,False,15175866065.14412,BELOW_PRIMARY_750
603700,SH_MAIN,250,GARCH_SUCCESS,2020-06-01 00:00:00,2021-06-10 00:00:00,7,False,False,2576061925.8658733,BELOW_PRIMARY_750
603701,SH_MAIN,466,GARCH_SUCCESS,2022-06-30 00:00:00,2024-06-03 00:00:00,6,False,False,3604197436.151287,BELOW_PRIMARY_750
603703,SH_MAIN,515,GARCH_SUCCESS,2024-07-08 00:00:00,2026-08-19 00:00:00,3,False,False,4713223447.555231,BELOW_PRIMARY_750
603706,SH_MAIN,258,GARCH_SUCCESS,2021-06-25 00:00:00,2022-07-19 00:00:00,7,False,False,2920021272.687683,BELOW_PRIMARY_750
603707,SH_MAIN,243,GARCH_SUCCESS,2025-06-06 00:00:00,2026-06-08 00:00:00,7,False,False,26268858890.411858,BELOW_PRIMARY_750
603708,SH_MAIN,485,GARCH_SUCCESS,2021-06-16 00:00:00,2023-06-14 00:00:00,8,False,False,7547705738.20494,BELOW_PRIMARY_750
603709,SH_MAIN,501,GARCH_SUCCESS,2021-06-21 00:00:00,2023-07-13 00:00:00,5,False,False,1488578104.6238935,BELOW_PRIMARY_750
603711,SH_MAIN,252,GARCH_SUCCESS,2024-06-24 00:00:00,2025-07-08 00:00:00,7,False,False,6167017016.283186,BELOW_PRIMARY_750
603712,SH_MAIN,526,GARCH_SUCCESS,2024-06-21 00:00:00,2026-08-19 00:00:00,5,False,False,21182400579.243767,BELOW_PRIMARY_750
603713,SH_MAIN,253,GARCH_SUCCESS,2021-05-27 00:00:00,2022-06-14 00:00:00,7,False,False,12927346160.661057,BELOW_PRIMARY_750
603716,SH_MAIN,1496,GARCH_SUCCESS,2020-06-19 00:00:00,2026-08-19 00:00:00,1,True,True,2685912369.1231537,PRIMARY_750_MEMBER
603717,SH_MAIN,1584,GARCH_SUCCESS,2020-02-12 00:00:00,2026-08-19 00:00:00,0,True,True,2348639811.5610623,PRIMARY_750_MEMBER
603719,SH_MAIN,247,GARCH_SUCCESS,2022-06-01 00:00:00,2023-06-06 00:00:00,9,False,False,7152708688.145315,BELOW_PRIMARY_750
603722,SH_MAIN,257,GARCH_SUCCESS,2023-05-15 00:00:00,2024-06-05 00:00:00,6,False,False,3920148363.3319473,BELOW_PRIMARY_750
603725,SH_MAIN,716,GARCH_SUCCESS,2021-06-23 00:00:00,2024-06-06 00:00:00,5,False,False,1900262939.79469,BELOW_PRIMARY_750
603726,SH_MAIN,255,GARCH_SUCCESS,2023-06-08 00:00:00,2024-06-28 00:00:00,7,False,False,2837615708.305712,BELOW_PRIMARY_750
603727,SH_MAIN,259,GARCH_SUCCESS,2020-05-14 00:00:00,2021-06-07 00:00:00,8,False,False,3917300045.224714,BELOW_PRIMARY_750
603728,SH_MAIN,257,GARCH_SUCCESS,2021-06-09 00:00:00,2022-07-01 00:00:00,7,False,False,18929101786.902657,BELOW_PRIMARY_750
603730,SH_MAIN,243,GARCH_SUCCESS,2025-06-05 00:00:00,2026-06-05 00:00:00,7,False,False,15599631477.93683,BELOW_PRIMARY_750
603733,SH_MAIN,266,GARCH_SUCCESS,2021-05-28 00:00:00,2022-07-04 00:00:00,7,False,False,16865324381.142654,BELOW_PRIMARY_750
603737,SH_MAIN,488,GARCH_SUCCESS,2021-06-11 00:00:00,2023-06-15 00:00:00,7,False,False,34674418609.43256,BELOW_PRIMARY_750
603738,SH_MAIN,250,GARCH_SUCCESS,2023-06-08 00:00:00,2024-06-21 00:00:00,8,False,False,6571875412.660707,BELOW_PRIMARY_750
603739,SH_MAIN,247,GARCH_SUCCESS,2022-05-25 00:00:00,2023-05-30 00:00:00,7,False,False,3179545860.9408045,BELOW_PRIMARY_750
603755,SH_MAIN,295,GARCH_SUCCESS,2023-11-21 00:00:00,2025-02-13 00:00:00,8,False,False,2568289211.251497,BELOW_PRIMARY_750
603757,SH_MAIN,249,GARCH_SUCCESS,2021-06-11 00:00:00,2022-06-23 00:00:00,11,False,False,4227073709.5686,BELOW_PRIMARY_750
603758,SH_MAIN,464,GARCH_SUCCESS,2020-06-05 00:00:00,2022-05-09 00:00:00,5,False,False,4520046979.392278,BELOW_PRIMARY_750
603759,SH_MAIN,507,GARCH_SUCCESS,2024-05-28 00:00:00,2026-07-01 00:00:00,5,False,False,2555546756.6954,BELOW_PRIMARY_750
603766,SH_MAIN,245,GARCH_SUCCESS,2021-06-18 00:00:00,2022-06-23 00:00:00,8,False,False,15103577275.253822,BELOW_PRIMARY_750
603767,SH_MAIN,308,GARCH_SUCCESS,2025-05-19 00:00:00,2026-08-19 00:00:00,6,False,False,3909258937.791633,BELOW_PRIMARY_750
603768,SH_MAIN,308,GARCH_SUCCESS,2023-07-07 00:00:00,2024-10-17 00:00:00,6,False,False,3192391307.0894046,BELOW_PRIMARY_750
603773,SH_MAIN,485,GARCH_SUCCESS,2022-05-24 00:00:00,2024-05-23 00:00:00,5,False,False,4267153552.5046735,BELOW_PRIMARY_750
603776,SH_MAIN,284,GARCH_SUCCESS,2025-06-23 00:00:00,2026-08-19 00:00:00,6,False,False,3780744857.309895,BELOW_PRIMARY_750
603777,SH_MAIN,709,GARCH_SUCCESS,2020-07-16 00:00:00,2023-06-16 00:00:00,3,False,False,4655087532.406629,BELOW_PRIMARY_750
603778,SH_MAIN,743,GARCH_SUCCESS,2022-11-11 00:00:00,2026-01-06 00:00:00,1,False,False,3636158187.404488,BELOW_PRIMARY_750
603786,SH_MAIN,249,GARCH_SUCCESS,2022-06-08 00:00:00,2023-06-14 00:00:00,7,False,False,18667446597.56396,BELOW_PRIMARY_750
603787,SH_MAIN,248,GARCH_SUCCESS,2021-06-03 00:00:00,2022-06-14 00:00:00,9,False,False,3209555915.8434434,BELOW_PRIMARY_750
603788,SH_MAIN,257,GARCH_SUCCESS,2020-05-29 00:00:00,2021-06-21 00:00:00,7,False,False,3047339808.970652,BELOW_PRIMARY_750
603790,SH_MAIN,245,GARCH_SUCCESS,2021-06-23 00:00:00,2022-06-28 00:00:00,7,False,False,2378633523.5126624,BELOW_PRIMARY_750
603797,SH_MAIN,772,GARCH_SUCCESS,2022-06-16 00:00:00,2025-08-19 00:00:00,4,True,False,2923288328.38897,PRIMARY_750_MEMBER
603798,SH_MAIN,246,GARCH_SUCCESS,2022-06-17 00:00:00,2023-06-20 00:00:00,8,False,False,2526266302.842092,BELOW_PRIMARY_750
603799,SH_MAIN,314,GARCH_SUCCESS,2020-02-12 00:00:00,2021-05-27 00:00:00,6,False,False,90148278199.22736,BELOW_PRIMARY_750
603800,SH_MAIN,614,GARCH_SUCCESS,2021-10-28 00:00:00,2024-06-12 00:00:00,4,False,False,5756335471.394037,BELOW_PRIMARY_750
603801,SH_MAIN,265,GARCH_SUCCESS,2021-05-20 00:00:00,2022-06-23 00:00:00,7,False,False,7040071832.391109,BELOW_PRIMARY_750
603803,SH_MAIN,779,GARCH_SUCCESS,2023-06-05 00:00:00,2026-08-19 00:00:00,3,True,False,3504231267.533966,PRIMARY_750_MEMBER
603806,SH_MAIN,258,GARCH_SUCCESS,2023-05-29 00:00:00,2024-06-21 00:00:00,7,False,False,65781142060.837776,BELOW_PRIMARY_750
603808,SH_MAIN,261,GARCH_SUCCESS,2024-06-14 00:00:00,2025-07-11 00:00:00,7,False,False,3674371461.619621,BELOW_PRIMARY_750
603809,SH_MAIN,264,GARCH_SUCCESS,2025-04-28 00:00:00,2026-06-02 00:00:00,7,False,False,6559029677.531801,BELOW_PRIMARY_750
603810,SH_MAIN,719,GARCH_SUCCESS,2023-06-16 00:00:00,2026-06-09 00:00:00,5,False,False,2119964858.5243764,BELOW_PRIMARY_750
603811,SH_MAIN,248,GARCH_SUCCESS,2021-06-07 00:00:00,2022-06-16 00:00:00,7,False,False,3409338120.6294446,BELOW_PRIMARY_750
603815,SH_MAIN,269,GARCH_SUCCESS,2021-05-25 00:00:00,2022-07-04 00:00:00,6,False,False,3805196516.328953,BELOW_PRIMARY_750
603816,SH_MAIN,267,GARCH_SUCCESS,2022-06-30 00:00:00,2023-08-03 00:00:00,8,False,False,32094327518.583504,BELOW_PRIMARY_750
603817,SH_MAIN,263,GARCH_SUCCESS,2022-06-01 00:00:00,2023-06-30 00:00:00,9,False,False,3111606794.172993,BELOW_PRIMARY_750
603818,SH_MAIN,1168,GARCH_SUCCESS,2020-02-12 00:00:00,2024-12-03 00:00:00,1,True,True,3648607651.8979,PRIMARY_750_MEMBER
603819,SH_MAIN,224,GARCH_SUCCESS,2022-06-13 00:00:00,2023-06-08 00:00:00,7,False,False,2829793409.517112,BELOW_PRIMARY_750
603823,SH_MAIN,257,GARCH_SUCCESS,2022-06-02 00:00:00,2023-06-21 00:00:00,7,False,False,4834853872.132133,BELOW_PRIMARY_750
603826,SH_MAIN,1061,GARCH_SUCCESS,2020-02-12 00:00:00,2024-06-26 00:00:00,2,True,True,20228404286.403866,PRIMARY_750_MEMBER
603829,SH_MAIN,260,GARCH_SUCCESS,2020-07-27 00:00:00,2021-08-18 00:00:00,7,False,False,2299667227.4209414,BELOW_PRIMARY_750
603833,SH_MAIN,267,GARCH_SUCCESS,2021-06-09 00:00:00,2022-07-15 00:00:00,9,False,False,56464308011.45596,BELOW_PRIMARY_750
603836,SH_MAIN,261,GARCH_SUCCESS,2022-06-16 00:00:00,2023-07-12 00:00:00,6,False,False,1857890542.176092,BELOW_PRIMARY_750
603839,SH_MAIN,276,GARCH_SUCCESS,2025-07-03 00:00:00,2026-08-19 00:00:00,7,False,False,2879316063.094932,BELOW_PRIMARY_750
603848,SH_MAIN,246,GARCH_SUCCESS,2024-07-01 00:00:00,2025-07-07 00:00:00,7,False,False,6010123932.762856,BELOW_PRIMARY_750
603855,SH_MAIN,273,GARCH_SUCCESS,2025-05-19 00:00:00,2026-07-02 00:00:00,8,False,False,7224082352.003218,BELOW_PRIMARY_750
603856,SH_MAIN,301,GARCH_SUCCESS,2023-04-12 00:00:00,2024-07-10 00:00:00,8,False,False,3176227453.7411103,BELOW_PRIMARY_750
603858,SH_MAIN,267,GARCH_SUCCESS,2024-08-21 00:00:00,2025-09-25 00:00:00,7,False,False,20411468090.985462,BELOW_PRIMARY_750
603859,SH_MAIN,499,GARCH_SUCCESS,2022-05-25 00:00:00,2024-06-14 00:00:00,5,False,False,6611672554.740031,BELOW_PRIMARY_750
603860,SH_MAIN,248,GARCH_SUCCESS,2020-05-22 00:00:00,2021-05-31 00:00:00,7,False,False,1794446240.3861623,BELOW_PRIMARY_750
603861,SH_MAIN,259,GARCH_SUCCESS,2020-06-18 00:00:00,2021-07-13 00:00:00,8,False,False,4319927238.23136,BELOW_PRIMARY_750
603866,SH_MAIN,263,GARCH_SUCCESS,2025-04-29 00:00:00,2026-06-02 00:00:00,8,False,False,16072920443.234932,BELOW_PRIMARY_750
603867,SH_MAIN,273,GARCH_SUCCESS,2021-05-24 00:00:00,2022-07-07 00:00:00,7,False,False,4782804019.780081,BELOW_PRIMARY_750
603868,SH_MAIN,272,GARCH_SUCCESS,2024-04-18 00:00:00,2025-06-05 00:00:00,7,False,False,22029508035.39823,BELOW_PRIMARY_750
603871,SH_MAIN,251,GARCH_SUCCESS,2022-06-10 00:00:00,2023-06-20 00:00:00,9,False,False,12587663287.494225,BELOW_PRIMARY_750
603876,SH_MAIN,483,GARCH_SUCCESS,2020-07-27 00:00:00,2022-07-22 00:00:00,8,False,False,14410906602.279114,BELOW_PRIMARY_750
603877,SH_MAIN,267,GARCH_SUCCESS,2022-06-01 00:00:00,2023-07-06 00:00:00,7,False,False,10128131902.325558,BELOW_PRIMARY_750
603878,SH_MAIN,262,GARCH_SUCCESS,2023-05-16 00:00:00,2024-06-14 00:00:00,7,False,False,3763766701.55255,BELOW_PRIMARY_750
603881,SH_MAIN,262,GARCH_SUCCESS,2022-05-05 00:00:00,2023-05-31 00:00:00,9,False,False,12941779806.540466,BELOW_PRIMARY_750
603882,SH_MAIN,256,GARCH_SUCCESS,2021-06-16 00:00:00,2022-07-06 00:00:00,7,False,False,29222447480.83733,BELOW_PRIMARY_750
603883,SH_MAIN,246,GARCH_SUCCESS,2022-07-01 00:00:00,2023-07-06 00:00:00,9,False,False,16732336210.523098,BELOW_PRIMARY_750
603885,SH_MAIN,720,GARCH_SUCCESS,2021-06-08 00:00:00,2024-05-29 00:00:00,6,False,False,29297756209.29431,BELOW_PRIMARY_750
603886,SH_MAIN,262,GARCH_SUCCESS,2022-05-20 00:00:00,2023-06-15 00:00:00,7,False,False,3991468382.944489,BELOW_PRIMARY_750
603887,SH_MAIN,793,GARCH_SUCCESS,2021-06-25 00:00:00,2024-09-30 00:00:00,2,True,False,5223263301.432465,PRIMARY_750_MEMBER
603888,SH_MAIN,266,GARCH_SUCCESS,2020-07-13 00:00:00,2021-08-12 00:00:00,8,False,False,11840810955.932938,BELOW_PRIMARY_750
603889,SH_MAIN,254,GARCH_SUCCESS,2021-05-17 00:00:00,2022-06-02 00:00:00,7,False,False,4411252945.166749,BELOW_PRIMARY_750
603890,SH_MAIN,480,GARCH_SUCCESS,2023-06-21 00:00:00,2025-06-18 00:00:00,6,False,False,4839617224.427739,BELOW_PRIMARY_750
603893,SH_MAIN,275,GARCH_SUCCESS,2021-06-23 00:00:00,2022-08-09 00:00:00,11,False,False,36430639993.03746,BELOW_PRIMARY_750
603895,SH_MAIN,992,GARCH_SUCCESS,2022-07-19 00:00:00,2026-08-19 00:00:00,2,True,False,2571866636.84634,PRIMARY_750_MEMBER
603896,SH_MAIN,294,GARCH_SUCCESS,2025-06-09 00:00:00,2026-08-19 00:00:00,6,False,False,6097245126.925133,BELOW_PRIMARY_750
603897,SH_MAIN,177,GARCH_SUCCESS,2022-10-19 00:00:00,2023-07-11 00:00:00,13,False,False,5233248203.725767,BELOW_PRIMARY_750
603898,SH_MAIN,266,GARCH_SUCCESS,2025-06-16 00:00:00,2026-07-20 00:00:00,7,False,False,3437329304.7967496,BELOW_PRIMARY_750
603899,SH_MAIN,248,GARCH_SUCCESS,2022-05-10 00:00:00,2023-05-16 00:00:00,7,False,False,40180793911.52068,BELOW_PRIMARY_750
603900,SH_MAIN,483,GARCH_SUCCESS,2022-07-15 00:00:00,2024-07-12 00:00:00,5,False,False,2458526200.9304347,BELOW_PRIMARY_750
603901,SH_MAIN,264,GARCH_SUCCESS,2020-06-15 00:00:00,2021-07-15 00:00:00,7,False,False,5861357526.033499,BELOW_PRIMARY_750
603903,SH_MAIN,538,GARCH_SUCCESS,2024-06-04 00:00:00,2026-08-19 00:00:00,5,False,False,2064444730.662719,BELOW_PRIMARY_750
603906,SH_MAIN,939,GARCH_SUCCESS,2022-10-10 00:00:00,2026-08-19 00:00:00,3,True,False,11105798329.842508,PRIMARY_750_MEMBER
603908,SH_MAIN,294,GARCH_SUCCESS,2025-06-09 00:00:00,2026-08-19 00:00:00,6,False,False,2872820490.7496057,BELOW_PRIMARY_750
603909,SH_MAIN,253,GARCH_SUCCESS,2024-05-13 00:00:00,2025-05-28 00:00:00,6,False,False,2776573669.802256,BELOW_PRIMARY_750
603912,SH_MAIN,293,GARCH_SUCCESS,2025-06-10 00:00:00,2026-08-19 00:00:00,6,False,False,4090201449.301512,BELOW_PRIMARY_750
603915,SH_MAIN,245,GARCH_SUCCESS,2022-06-09 00:00:00,2023-06-09 00:00:00,9,False,False,9161445339.551489,BELOW_PRIMARY_750
603916,SH_MAIN,256,GARCH_SUCCESS,2023-06-01 00:00:00,2024-06-24 00:00:00,7,False,False,5963016449.210588,BELOW_PRIMARY_750
603917,SH_MAIN,259,GARCH_SUCCESS,2021-06-25 00:00:00,2022-07-20 00:00:00,7,False,False,2878480157.0394206,BELOW_PRIMARY_750
603918,SH_MAIN,516,GARCH_SUCCESS,2024-07-05 00:00:00,2026-08-19 00:00:00,6,False,False,4951775497.632864,BELOW_PRIMARY_750
603919,SH_MAIN,257,GARCH_SUCCESS,2021-05-17 00:00:00,2022-06-08 00:00:00,8,False,False,12865305014.417482,BELOW_PRIMARY_750
603920,SH_MAIN,242,GARCH_SUCCESS,2021-06-18 00:00:00,2022-06-20 00:00:00,8,False,False,14858861367.557217,BELOW_PRIMARY_750
603926,SH_MAIN,264,GARCH_SUCCESS,2025-05-30 00:00:00,2026-07-02 00:00:00,7,False,False,2481452769.467748,BELOW_PRIMARY_750
603927,SH_MAIN,270,GARCH_SUCCESS,2020-05-25 00:00:00,2021-07-02 00:00:00,8,False,False,15856810371.048113,BELOW_PRIMARY_750
603928,SH_MAIN,470,GARCH_SUCCESS,2022-07-12 00:00:00,2024-06-20 00:00:00,8,False,False,2670611418.8254223,BELOW_PRIMARY_750
603929,SH_MAIN,247,GARCH_SUCCESS,2024-05-16 00:00:00,2025-05-23 00:00:00,8,False,False,6531359841.673371,BELOW_PRIMARY_750
603931,SH_MAIN,248,GARCH_SUCCESS,2023-06-08 00:00:00,2024-06-19 00:00:00,7,False,False,3977301742.702575,BELOW_PRIMARY_750
603933,SH_MAIN,260,GARCH_SUCCESS,2020-05-27 00:00:00,2021-06-22 00:00:00,8,False,False,3094163209.9082866,BELOW_PRIMARY_750
603936,SH_MAIN,489,GARCH_SUCCESS,2021-06-01 00:00:00,2023-06-06 00:00:00,5,False,False,6268139002.117167,BELOW_PRIMARY_750
603937,SH_MAIN,527,GARCH_SUCCESS,2024-06-20 00:00:00,2026-08-19 00:00:00,5,False,False,2312089985.363853,BELOW_PRIMARY_750
603938,SH_MAIN,251,GARCH_SUCCESS,2023-05-12 00:00:00,2024-05-27 00:00:00,7,False,False,7612625090.993845,BELOW_PRIMARY_750
603939,SH_MAIN,255,GARCH_SUCCESS,2020-05-19 00:00:00,2021-06-04 00:00:00,9,False,False,34937041848.01483,BELOW_PRIMARY_750
603948,SH_MAIN,269,GARCH_SUCCESS,2024-04-17 00:00:00,2025-05-29 00:00:00,8,False,False,2888495486.374055,BELOW_PRIMARY_750
603949,SH_MAIN,251,GARCH_SUCCESS,2025-05-07 00:00:00,2026-05-20 00:00:00,9,False,False,2614111201.0022845,BELOW_PRIMARY_750
603950,SH_MAIN,429,GARCH_SUCCESS,2023-05-11 00:00:00,2025-02-19 00:00:00,7,False,False,4686381745.065116,BELOW_PRIMARY_750
603955,SH_MAIN,472,GARCH_SUCCESS,2020-09-23 00:00:00,2022-09-05 00:00:00,2,False,False,2487730045.2708163,BELOW_PRIMARY_750
603956,SH_MAIN,534,GARCH_SUCCESS,2024-06-11 00:00:00,2026-08-19 00:00:00,5,False,False,3419332865.006653,BELOW_PRIMARY_750
603958,SH_MAIN,832,GARCH_SUCCESS,2020-07-29 00:00:00,2023-12-29 00:00:00,1,True,False,2291062976.026273,PRIMARY_750_MEMBER
603960,SH_MAIN,250,GARCH_SUCCESS,2020-05-27 00:00:00,2021-06-07 00:00:00,9,False,False,5760056609.137024,BELOW_PRIMARY_750
603966,SH_MAIN,286,GARCH_SUCCESS,2020-06-01 00:00:00,2021-08-02 00:00:00,7,False,False,3370754342.011673,BELOW_PRIMARY_750
603967,SH_MAIN,241,GARCH_SUCCESS,2020-05-20 00:00:00,2021-05-18 00:00:00,7,False,False,3074494583.322204,BELOW_PRIMARY_750
603968,SH_MAIN,509,GARCH_SUCCESS,2024-07-16 00:00:00,2026-08-19 00:00:00,6,False,False,3062564242.6387773,BELOW_PRIMARY_750
603969,SH_MAIN,481,GARCH_SUCCESS,2021-07-15 00:00:00,2023-07-11 00:00:00,6,False,False,4893789850.838294,BELOW_PRIMARY_750
603970,SH_MAIN,244,GARCH_SUCCESS,2022-06-13 00:00:00,2023-06-12 00:00:00,7,False,False,3659148164.7795978,BELOW_PRIMARY_750
603976,SH_MAIN,285,GARCH_SUCCESS,2021-04-19 00:00:00,2022-06-23 00:00:00,8,False,False,3424622108.3561225,BELOW_PRIMARY_750
603977,SH_MAIN,263,GARCH_SUCCESS,2020-05-22 00:00:00,2021-06-22 00:00:00,7,False,False,6266660550.322543,BELOW_PRIMARY_750
603978,SH_MAIN,1510,GARCH_SUCCESS,2020-06-01 00:00:00,2026-08-19 00:00:00,1,True,True,3466107769.150378,PRIMARY_750_MEMBER
603979,SH_MAIN,261,GARCH_SUCCESS,2021-06-10 00:00:00,2022-07-08 00:00:00,7,False,False,22531039695.46521,BELOW_PRIMARY_750
603980,SH_MAIN,253,GARCH_SUCCESS,2022-06-02 00:00:00,2023-06-15 00:00:00,7,False,False,3563461236.7060337,BELOW_PRIMARY_750
603982,SH_MAIN,989,GARCH_SUCCESS,2022-07-22 00:00:00,2026-08-19 00:00:00,3,True,False,2445856111.822172,PRIMARY_750_MEMBER
603983,SH_MAIN,250,GARCH_SUCCESS,2021-07-08 00:00:00,2022-07-20 00:00:00,9,False,False,10066311576.83025,BELOW_PRIMARY_750
603985,SH_MAIN,709,GARCH_SUCCESS,2023-06-15 00:00:00,2026-05-25 00:00:00,6,False,False,8311344892.280185,BELOW_PRIMARY_750
603986,SH_MAIN,490,GARCH_SUCCESS,2023-06-21 00:00:00,2025-07-02 00:00:00,6,False,False,86855527296.53891,BELOW_PRIMARY_750
603987,SH_MAIN,509,GARCH_SUCCESS,2020-05-22 00:00:00,2022-06-28 00:00:00,6,False,False,5593508244.355913,BELOW_PRIMARY_750
603988,SH_MAIN,259,GARCH_SUCCESS,2022-06-10 00:00:00,2023-07-04 00:00:00,8,False,False,3654439029.1262136,BELOW_PRIMARY_750
603989,SH_MAIN,245,GARCH_SUCCESS,2022-06-27 00:00:00,2023-06-29 00:00:00,8,False,False,9020648454.149157,BELOW_PRIMARY_750
603990,SH_MAIN,756,GARCH_SUCCESS,2023-07-10 00:00:00,2026-08-19 00:00:00,4,True,False,3974083816.1026897,PRIMARY_750_MEMBER
603991,SH_MAIN,1130,GARCH_SUCCESS,2020-02-12 00:00:00,2024-10-10 00:00:00,1,True,True,3707680054.320454,PRIMARY_750_MEMBER
603992,SH_MAIN,251,GARCH_SUCCESS,2021-05-26 00:00:00,2022-06-09 00:00:00,10,False,False,6428778698.970539,BELOW_PRIMARY_750
603993,SH_MAIN,246,GARCH_SUCCESS,2020-07-01 00:00:00,2021-07-05 00:00:00,7,False,False,139828803093.32703,BELOW_PRIMARY_750
603995,SH_MAIN,274,GARCH_SUCCESS,2022-05-23 00:00:00,2023-07-06 00:00:00,8,False,False,6077781579.743194,BELOW_PRIMARY_750
603997,SH_MAIN,1131,GARCH_SUCCESS,2021-09-14 00:00:00,2026-05-25 00:00:00,3,True,True,13581742358.140644,PRIMARY_750_MEMBER
603998,SH_MAIN,233,GARCH_SUCCESS,2021-06-15 00:00:00,2022-06-01 00:00:00,14,False,False,4052219130.59292,BELOW_PRIMARY_750
603999,SH_MAIN,259,GARCH_SUCCESS,2025-06-16 00:00:00,2026-07-09 00:00:00,7,False,False,3417922831.858407,BELOW_PRIMARY_750
605001,SH_MAIN,714,GARCH_SUCCESS,2021-06-23 00:00:00,2024-06-04 00:00:00,6,False,False,2267120481.401754,BELOW_PRIMARY_750
605003,SH_MAIN,245,GARCH_SUCCESS,2021-06-11 00:00:00,2022-06-17 00:00:00,7,False,False,1461972743.3628318,BELOW_PRIMARY_750
605005,SH_MAIN,250,GARCH_SUCCESS,2023-06-01 00:00:00,2024-06-14 00:00:00,7,False,False,3564324818.209172,BELOW_PRIMARY_750
605006,SH_MAIN,536,GARCH_SUCCESS,2024-06-06 00:00:00,2026-08-19 00:00:00,5,False,False,3254053699.7021003,BELOW_PRIMARY_750
605007,SH_MAIN,243,GARCH_SUCCESS,2025-05-30 00:00:00,2026-06-02 00:00:00,7,False,False,3172455925.374626,BELOW_PRIMARY_750
605008,SH_MAIN,742,GARCH_SUCCESS,2021-05-21 00:00:00,2024-06-13 00:00:00,3,False,False,6015545470.610616,BELOW_PRIMARY_750
605009,SH_MAIN,262,GARCH_SUCCESS,2021-05-11 00:00:00,2022-06-09 00:00:00,11,False,False,4715815445.646219,BELOW_PRIMARY_750
605011,SH_MAIN,244,GARCH_SUCCESS,2023-06-02 00:00:00,2024-06-06 00:00:00,8,False,False,4648121482.993197,BELOW_PRIMARY_750
605016,SH_MAIN,266,GARCH_SUCCESS,2021-04-22 00:00:00,2022-06-30 00:00:00,10,False,False,4348783335.110311,BELOW_PRIMARY_750
605018,SH_MAIN,247,GARCH_SUCCESS,2025-06-17 00:00:00,2026-06-24 00:00:00,8,False,False,2879556986.585221,BELOW_PRIMARY_750
605020,SH_MAIN,259,GARCH_SUCCESS,2023-06-19 00:00:00,2024-07-15 00:00:00,6,False,False,6118834222.373002,BELOW_PRIMARY_750
605028,SH_MAIN,239,GARCH_SUCCESS,2023-04-25 00:00:00,2024-04-22 00:00:00,10,False,False,1742189690.7216494,BELOW_PRIMARY_750
605033,SH_MAIN,239,GARCH_SUCCESS,2023-06-09 00:00:00,2024-06-06 00:00:00,8,False,False,1318479755.357143,BELOW_PRIMARY_750
605050,SH_MAIN,268,GARCH_SUCCESS,2021-05-17 00:00:00,2022-06-23 00:00:00,9,False,False,3857497309.363218,BELOW_PRIMARY_750
605055,SH_MAIN,781,GARCH_SUCCESS,2021-02-01 00:00:00,2024-05-29 00:00:00,4,True,False,1676718853.982108,PRIMARY_750_MEMBER
605056,SH_MAIN,252,GARCH_SUCCESS,2023-05-29 00:00:00,2024-06-13 00:00:00,8,False,False,3378395743.2397585,BELOW_PRIMARY_750
605058,SH_MAIN,260,GARCH_SUCCESS,2023-06-12 00:00:00,2024-07-09 00:00:00,7,False,False,2134741622.031376,BELOW_PRIMARY_750
605060,SH_MAIN,270,GARCH_SUCCESS,2023-05-12 00:00:00,2024-06-24 00:00:00,7,False,False,3491279545.7087693,BELOW_PRIMARY_750
605066,SH_MAIN,484,GARCH_SUCCESS,2021-06-02 00:00:00,2023-05-31 00:00:00,7,False,False,2770517023.8364844,BELOW_PRIMARY_750
605068,SH_MAIN,722,GARCH_SUCCESS,2023-07-10 00:00:00,2026-07-03 00:00:00,5,False,False,2254741890.1233225,BELOW_PRIMARY_750
605069,SH_MAIN,970,GARCH_SUCCESS,2022-08-18 00:00:00,2026-08-19 00:00:00,2,True,False,869895467.5375677,PRIMARY_750_MEMBER
605077,SH_MAIN,257,GARCH_SUCCESS,2023-05-04 00:00:00,2024-05-27 00:00:00,8,False,False,3887105901.3989983,BELOW_PRIMARY_750
605080,SH_MAIN,262,GARCH_SUCCESS,2021-05-07 00:00:00,2022-07-06 00:00:00,6,False,False,2211811276.822076,BELOW_PRIMARY_750
605086,SH_MAIN,273,GARCH_SUCCESS,2021-04-19 00:00:00,2022-07-06 00:00:00,9,False,False,2571732344.42449,BELOW_PRIMARY_750
605088,SH_MAIN,246,GARCH_SUCCESS,2021-06-18 00:00:00,2022-06-24 00:00:00,8,False,False,3266957750.0194287,BELOW_PRIMARY_750
605089,SH_MAIN,247,GARCH_SUCCESS,2021-04-28 00:00:00,2022-06-09 00:00:00,6,False,False,2359134253.694581,BELOW_PRIMARY_750
605090,SH_MAIN,180,GARCH_SUCCESS,2025-09-11 00:00:00,2026-06-16 00:00:00,10,False,False,10317090228.718716,BELOW_PRIMARY_750
605098,SH_MAIN,252,GARCH_SUCCESS,2022-05-13 00:00:00,2023-05-25 00:00:00,12,False,False,2776399871.677725,BELOW_PRIMARY_750
605099,SH_MAIN,269,GARCH_SUCCESS,2021-05-26 00:00:00,2022-07-05 00:00:00,7,False,False,5881568743.183234,BELOW_PRIMARY_750
605100,SH_MAIN,251,GARCH_SUCCESS,2023-05-24 00:00:00,2024-06-06 00:00:00,10,False,False,2505556911.375704,BELOW_PRIMARY_750
605108,SH_MAIN,260,GARCH_SUCCESS,2023-06-21 00:00:00,2024-07-18 00:00:00,7,False,False,4206656363.0310864,BELOW_PRIMARY_750
605111,SH_MAIN,273,GARCH_SUCCESS,2023-04-25 00:00:00,2024-06-13 00:00:00,8,False,False,12687721745.055424,BELOW_PRIMARY_750
605116,SH_MAIN,251,GARCH_SUCCESS,2023-05-23 00:00:00,2024-06-05 00:00:00,7,False,False,5449688410.625036,BELOW_PRIMARY_750
605117,SH_MAIN,244,GARCH_SUCCESS,2023-05-24 00:00:00,2024-05-28 00:00:00,9,False,False,35693080168.38765,BELOW_PRIMARY_750
605118,SH_MAIN,246,GARCH_SUCCESS,2022-06-06 00:00:00,2023-06-07 00:00:00,9,False,False,5203285608.246179,BELOW_PRIMARY_750
605122,SH_MAIN,539,GARCH_SUCCESS,2024-06-03 00:00:00,2026-08-19 00:00:00,4,False,False,1314788355.5752213,BELOW_PRIMARY_750
605123,SH_MAIN,275,GARCH_SUCCESS,2022-04-27 00:00:00,2023-06-14 00:00:00,9,False,False,6828204528.694706,BELOW_PRIMARY_750
605128,SH_MAIN,263,GARCH_SUCCESS,2021-05-21 00:00:00,2022-06-22 00:00:00,7,False,False,3508165235.691448,BELOW_PRIMARY_750
605133,SH_MAIN,249,GARCH_SUCCESS,2023-06-19 00:00:00,2024-07-01 00:00:00,7,False,False,3235158200.9995494,BELOW_PRIMARY_750
605136,SH_MAIN,493,GARCH_SUCCESS,2022-05-25 00:00:00,2024-06-05 00:00:00,5,False,False,3152444066.322936,BELOW_PRIMARY_750
605138,SH_MAIN,255,GARCH_SUCCESS,2022-06-01 00:00:00,2023-06-16 00:00:00,7,False,False,2450694194.6232967,BELOW_PRIMARY_750
605151,SH_MAIN,274,GARCH_SUCCESS,2025-07-07 00:00:00,2026-08-19 00:00:00,6,False,False,1672286539.7644167,BELOW_PRIMARY_750
605155,SH_MAIN,259,GARCH_SUCCESS,2022-05-23 00:00:00,2023-06-13 00:00:00,7,False,False,1403033828.8123894,BELOW_PRIMARY_750
605158,SH_MAIN,253,GARCH_SUCCESS,2024-05-31 00:00:00,2025-06-18 00:00:00,7,False,False,2692232826.2188253,BELOW_PRIMARY_750
605162,SH_MAIN,264,GARCH_SUCCESS,2024-05-09 00:00:00,2025-06-11 00:00:00,6,False,False,1826688262.3241413,BELOW_PRIMARY_750
605166,SH_MAIN,263,GARCH_SUCCESS,2023-05-19 00:00:00,2024-06-20 00:00:00,7,False,False,2824838454.0495496,BELOW_PRIMARY_750
605167,SH_MAIN,400,GARCH_SUCCESS,2021-09-16 00:00:00,2023-05-18 00:00:00,6,False,False,2933422754.4337306,BELOW_PRIMARY_750
605168,SH_MAIN,261,GARCH_SUCCESS,2022-05-31 00:00:00,2023-06-27 00:00:00,8,False,False,6285982069.768947,BELOW_PRIMARY_750
605169,SH_MAIN,250,GARCH_SUCCESS,2023-05-22 00:00:00,2024-06-03 00:00:00,7,False,False,1605519986.2432847,BELOW_PRIMARY_750
605177,SH_MAIN,516,GARCH_SUCCESS,2024-07-05 00:00:00,2026-08-19 00:00:00,5,False,False,1749473614.0935078,BELOW_PRIMARY_750
605178,SH_MAIN,987,GARCH_SUCCESS,2021-06-28 00:00:00,2025-07-23 00:00:00,2,True,False,1948907664.4062195,PRIMARY_750_MEMBER
605179,SH_MAIN,480,GARCH_SUCCESS,2022-06-15 00:00:00,2024-06-06 00:00:00,8,False,False,3512248921.9629927,BELOW_PRIMARY_750
605180,SH_MAIN,247,GARCH_SUCCESS,2021-05-06 00:00:00,2022-06-14 00:00:00,6,False,False,1360019071.090535,BELOW_PRIMARY_750
605183,SH_MAIN,249,GARCH_SUCCESS,2022-06-23 00:00:00,2023-07-03 00:00:00,7,False,False,4449268459.270877,BELOW_PRIMARY_750
605186,SH_MAIN,480,GARCH_SUCCESS,2024-08-26 00:00:00,2026-08-19 00:00:00,5,False,False,2599248157.06354,BELOW_PRIMARY_750
605188,SH_MAIN,243,GARCH_SUCCESS,2023-06-19 00:00:00,2024-06-21 00:00:00,7,False,False,3289907337.4844565,BELOW_PRIMARY_750
605189,SH_MAIN,263,GARCH_SUCCESS,2024-05-24 00:00:00,2025-06-25 00:00:00,7,False,False,1411128027.6823373,BELOW_PRIMARY_750
605196,SH_MAIN,272,GARCH_SUCCESS,2025-07-09 00:00:00,2026-08-19 00:00:00,5,False,False,5448123332.7520485,BELOW_PRIMARY_750
605198,SH_MAIN,267,GARCH_SUCCESS,2024-07-01 00:00:00,2025-08-05 00:00:00,7,False,False,5256088617.198391,BELOW_PRIMARY_750
605208,SH_MAIN,269,GARCH_SUCCESS,2023-05-22 00:00:00,2024-07-01 00:00:00,7,False,False,2385919724.285599,BELOW_PRIMARY_750
605218,SH_MAIN,264,GARCH_SUCCESS,2025-04-25 00:00:00,2026-06-01 00:00:00,9,False,False,2791542058.509847,BELOW_PRIMARY_750
605222,SH_MAIN,328,GARCH_SUCCESS,2021-01-07 00:00:00,2022-05-20 00:00:00,7,False,False,4917044118.122011,BELOW_PRIMARY_750
605228,SH_MAIN,350,GARCH_SUCCESS,2024-06-19 00:00:00,2025-11-26 00:00:00,7,False,False,2751808182.138182,BELOW_PRIMARY_750
605255,SH_MAIN,244,GARCH_SUCCESS,2022-06-17 00:00:00,2023-06-16 00:00:00,9,False,False,3019760290.131579,BELOW_PRIMARY_750
605258,SH_MAIN,272,GARCH_SUCCESS,2021-05-21 00:00:00,2022-07-05 00:00:00,7,False,False,1692641988.5760255,BELOW_PRIMARY_750
605259,SH_MAIN,240,GARCH_SUCCESS,2021-06-16 00:00:00,2022-07-13 00:00:00,6,False,False,1924268627.6003368,BELOW_PRIMARY_750
605266,SH_MAIN,258,GARCH_SUCCESS,2022-06-09 00:00:00,2023-06-30 00:00:00,7,False,False,3469032113.8414726,BELOW_PRIMARY_750
605268,SH_MAIN,268,GARCH_SUCCESS,2022-05-27 00:00:00,2023-07-04 00:00:00,7,False,False,2172203535.5088496,BELOW_PRIMARY_750
605277,SH_MAIN,259,GARCH_SUCCESS,2022-05-25 00:00:00,2023-06-15 00:00:00,7,False,False,3206595253.9490747,BELOW_PRIMARY_750
605286,SH_MAIN,244,GARCH_SUCCESS,2022-06-02 00:00:00,2023-06-02 00:00:00,9,False,False,3239005255.4744525,BELOW_PRIMARY_750
605287,SH_MAIN,475,GARCH_SUCCESS,2024-07-23 00:00:00,2026-07-10 00:00:00,5,False,False,1823683737.832355,BELOW_PRIMARY_750
605288,SH_MAIN,249,GARCH_SUCCESS,2020-06-02 00:00:00,2021-07-12 00:00:00,7,False,False,2512290581.6526465,BELOW_PRIMARY_750
605289,SH_MAIN,484,GARCH_SUCCESS,2022-06-14 00:00:00,2024-06-12 00:00:00,4,False,False,2598433495.0246105,BELOW_PRIMARY_750
605296,SH_MAIN,577,GARCH_SUCCESS,2023-06-16 00:00:00,2025-11-05 00:00:00,5,False,False,5730007881.231378,BELOW_PRIMARY_750
605298,SH_MAIN,242,GARCH_SUCCESS,2023-06-09 00:00:00,2024-06-12 00:00:00,7,False,False,2053133650.498793,BELOW_PRIMARY_750
605299,SH_MAIN,248,GARCH_SUCCESS,2022-04-28 00:00:00,2023-05-09 00:00:00,7,False,False,2524374081.420322,BELOW_PRIMARY_750
605300,SH_MAIN,242,GARCH_SUCCESS,2021-05-06 00:00:00,2022-06-07 00:00:00,6,False,False,2670829563.8377285,BELOW_PRIMARY_750
605303,SH_MAIN,1024,GARCH_SUCCESS,2022-06-02 00:00:00,2026-08-19 00:00:00,3,True,True,1196944695.1559775,PRIMARY_750_MEMBER
605305,SH_MAIN,251,GARCH_SUCCESS,2022-05-25 00:00:00,2023-06-05 00:00:00,10,False,False,4817756298.352553,BELOW_PRIMARY_750
605318,SH_MAIN,274,GARCH_SUCCESS,2023-06-28 00:00:00,2024-08-12 00:00:00,6,False,False,2334125169.008599,BELOW_PRIMARY_750
605319,SH_MAIN,240,GARCH_SUCCESS,2021-06-08 00:00:00,2022-07-06 00:00:00,9,False,False,3008093072.85908,BELOW_PRIMARY_750
605333,SH_MAIN,725,GARCH_SUCCESS,2021-06-28 00:00:00,2024-06-25 00:00:00,5,False,False,6970217133.369735,BELOW_PRIMARY_750
605337,SH_MAIN,248,GARCH_SUCCESS,2024-06-04 00:00:00,2025-06-13 00:00:00,8,False,False,3468425123.9468627,BELOW_PRIMARY_750
605338,SH_MAIN,256,GARCH_SUCCESS,2021-06-08 00:00:00,2022-06-29 00:00:00,7,False,False,3669160544.364811,BELOW_PRIMARY_750
605339,SH_MAIN,245,GARCH_SUCCESS,2025-06-11 00:00:00,2026-06-15 00:00:00,7,False,False,3835626254.595424,BELOW_PRIMARY_750
605358,SH_MAIN,513,GARCH_SUCCESS,2024-06-03 00:00:00,2026-07-15 00:00:00,6,False,False,20335249281.47336,BELOW_PRIMARY_750
605365,SH_MAIN,248,GARCH_SUCCESS,2022-06-20 00:00:00,2023-06-27 00:00:00,6,False,False,3814574009.134363,BELOW_PRIMARY_750
605366,SH_MAIN,505,GARCH_SUCCESS,2024-07-22 00:00:00,2026-08-19 00:00:00,5,False,False,3632460331.485824,BELOW_PRIMARY_750
605368,SH_MAIN,237,GARCH_SUCCESS,2023-05-08 00:00:00,2024-04-26 00:00:00,8,False,False,3832882379.415548,BELOW_PRIMARY_750
605369,SH_MAIN,271,GARCH_SUCCESS,2021-04-16 00:00:00,2022-06-01 00:00:00,10,False,False,3788238678.321304,BELOW_PRIMARY_750
605376,SH_MAIN,261,GARCH_SUCCESS,2022-06-02 00:00:00,2023-06-29 00:00:00,9,False,False,8966025596.693483,BELOW_PRIMARY_750
605377,SH_MAIN,258,GARCH_SUCCESS,2023-05-19 00:00:00,2024-06-13 00:00:00,9,False,False,4006239113.323444,BELOW_PRIMARY_750
605378,SH_MAIN,249,GARCH_SUCCESS,2025-06-05 00:00:00,2026-06-15 00:00:00,7,False,False,2377348100.921074,BELOW_PRIMARY_750
605388,SH_MAIN,284,GARCH_SUCCESS,2025-06-23 00:00:00,2026-08-19 00:00:00,6,False,False,3243301049.5209093,BELOW_PRIMARY_750
605389,SH_MAIN,231,GARCH_SUCCESS,2021-06-23 00:00:00,2022-06-08 00:00:00,9,False,False,2922340709.187602,BELOW_PRIMARY_750
605398,SH_MAIN,264,GARCH_SUCCESS,2023-07-17 00:00:00,2024-08-15 00:00:00,8,False,False,2235976010.719944,BELOW_PRIMARY_750
605399,SH_MAIN,261,GARCH_SUCCESS,2024-06-28 00:00:00,2025-07-25 00:00:00,6,False,False,3353365576.0688176,BELOW_PRIMARY_750
605488,SH_MAIN,263,GARCH_SUCCESS,2023-05-17 00:00:00,2024-06-18 00:00:00,8,False,False,3201260209.939818,BELOW_PRIMARY_750
605499,SH_MAIN,286,GARCH_SUCCESS,2022-04-07 00:00:00,2023-06-09 00:00:00,9,False,False,59879421922.580826,BELOW_PRIMARY_750
605500,SH_MAIN,265,GARCH_SUCCESS,2021-06-01 00:00:00,2022-07-05 00:00:00,7,False,False,1739114251.4561543,BELOW_PRIMARY_750
605507,SH_MAIN,256,GARCH_SUCCESS,2023-05-23 00:00:00,2024-06-13 00:00:00,7,False,False,5653918799.7392025,BELOW_PRIMARY_750
605555,SH_MAIN,246,GARCH_SUCCESS,2024-06-07 00:00:00,2025-06-16 00:00:00,6,False,False,3692576767.688213,BELOW_PRIMARY_750
605566,SH_MAIN,259,GARCH_SUCCESS,2023-06-19 00:00:00,2024-07-15 00:00:00,6,False,False,1687909894.2450182,BELOW_PRIMARY_750
605567,SH_MAIN,482,GARCH_SUCCESS,2023-06-27 00:00:00,2025-06-24 00:00:00,5,False,False,1510239737.887184,BELOW_PRIMARY_750
605577,SH_MAIN,248,GARCH_SUCCESS,2022-06-27 00:00:00,2023-07-04 00:00:00,6,False,False,3379356538.324934,BELOW_PRIMARY_750
605580,SH_MAIN,250,GARCH_SUCCESS,2023-05-10 00:00:00,2024-05-22 00:00:00,7,False,False,2281286788.8070173,BELOW_PRIMARY_750
605588,SH_MAIN,522,GARCH_SUCCESS,2024-06-27 00:00:00,2026-08-19 00:00:00,4,False,False,1849122814.8813448,BELOW_PRIMARY_750
605589,SH_MAIN,297,GARCH_SUCCESS,2023-06-01 00:00:00,2024-08-20 00:00:00,7,False,False,14057939236.549889,BELOW_PRIMARY_750
605598,SH_MAIN,253,GARCH_SUCCESS,2024-07-01 00:00:00,2025-07-16 00:00:00,7,False,False,3606141735.0616536,BELOW_PRIMARY_750
605599,SH_MAIN,246,GARCH_SUCCESS,2024-06-06 00:00:00,2025-06-13 00:00:00,6,False,False,7455640388.343111,BELOW_PRIMARY_750
