stock_code,dependent_component,nobs,alpha,gamma1,gamma2,gamma31,gamma32,delta_gamma,gamma4,R2,rank,condition_number,regression_status,failure_reason,coefficient_outlier_flag
000006,CLOSE_TO_CLOSE,763,0.11526969196679371,0.08182595270903054,-0.01856410851487313,-0.0027926377505089334,-0.0004099170866471158,-0.0023827206638618176,-0.01729155050572798,0.012095434412608519,11,308.6561632525649,SUCCESS,,False
000006,OVERNIGHT,763,-0.1686205326306356,-0.09648281366397621,-0.08765062136720438,0.0024737666194023667,0.0030432130544024126,-0.0005694464350000459,0.05673258332153053,0.06279540427485575,11,308.6561632525649,SUCCESS,,False
000006,INTRADAY,763,0.28487691576740765,0.1847478114458051,0.06603507185097,-0.005426934452393117,-0.0034524293427760644,-0.001974505109617053,-0.07183150826098306,0.030535963695908497,11,308.6561632525649,SUCCESS,,False
000008,CLOSE_TO_CLOSE,1477,-0.0027544916433825204,-0.21742944114257368,0.03759856275643279,0.0005977650035917416,0.0022673987617453234,-0.0016696337581535818,0.058802447570399805,0.023616508337647057,11,477.5750819753141,SUCCESS,,False
000008,OVERNIGHT,1477,-0.059408814131769495,-0.14572858163521468,-0.028573437853962762,0.0005594106681174587,0.002889652969948031,-0.0023302423018305724,0.14966837251492066,0.15755915754438066,11,477.5750819753141,SUCCESS,,False
000008,INTRADAY,1477,0.05675650332566037,-0.08074690753344456,0.06606012974616703,4.797323745743369e-05,-0.0004956413934069648,0.0005436146308643985,-0.08214365580009982,0.01086753766146642,11,477.5750819753141,SUCCESS,,False
000020,CLOSE_TO_CLOSE,1584,0.07920756632630019,0.018629110129345695,-0.08847160481637222,0.004453303918321855,0.00162031587376249,0.0028329880445593647,-0.007046975403526548,0.05982019423505025,11,437.476498568997,SUCCESS,,False
000020,OVERNIGHT,1584,-0.012851039399507661,-0.031863418117179264,-0.10627998965676881,0.00404195269176149,0.001295211182482936,0.002746741509278554,0.04604798983234156,0.18817334111428474,11,437.476498568997,SUCCESS,,False
000020,INTRADAY,1584,0.09991458318995737,0.05691035226855999,0.022055250413407466,0.00018624739212028812,0.0001805480735616316,5.699318558656519e-06,-0.05068413608526762,0.02948324371069455,11,437.476498568997,SUCCESS,,False
000031,CLOSE_TO_CLOSE,1477,-0.05801343366828324,0.6826186445448165,-0.4665505927694107,0.001495036662475302,0.0010185834076554268,0.0004764532548198752,-0.1188317967688287,0.030143790919476166,11,402.95821591438755,SUCCESS,,False
000031,OVERNIGHT,1477,0.011444995053291199,0.20642700001754619,-0.30340381623267443,0.0036735764804770622,0.004030997418789872,-0.00035742093831281005,-0.030760748951947397,0.10260368707956224,11,402.95821591438755,SUCCESS,,False
000031,INTRADAY,1477,-0.0693117343553231,0.4746844672972956,-0.16543729601540907,-0.0021616606069777902,-0.0028967171757084687,0.0007350565687306784,-0.08500047417497733,0.02627142250093184,11,402.95821591438755,SUCCESS,,False
000036,CLOSE_TO_CLOSE,775,0.011883447509902051,0.29771927963981015,-0.1682672943003143,-0.0014771027486989927,0.00021986389000024087,-0.0016969666386992335,0.05877873713862513,0.015810958798861074,11,397.0427924179469,SUCCESS,,False
000036,OVERNIGHT,775,0.09552404839256758,0.061851932903757734,-0.05630033018184104,-6.542574992811877e-05,0.0018308120927311294,-0.0018962378426592482,0.0854828493722744,0.10435507018117696,11,397.0427924179469,SUCCESS,,False
000036,INTRADAY,775,-0.0843388444042671,0.23397667813653494,-0.11313741177874691,-0.0013760817490432661,-0.00150186962074517,0.00012578787170190384,-0.027923824902725058,0.021938937699297223,11,397.0427924179469,SUCCESS,,False
000037,CLOSE_TO_CLOSE,1476,0.057919521746918466,0.028535639709606368,-0.32592326762065726,0.006511975779737354,0.006180820324845945,0.0003311554548914089,0.04777260522231474,0.07699757504473981,11,450.61073274936854,SUCCESS,,False
000037,OVERNIGHT,1476,-0.08605598400657412,-0.07427958741845535,-0.16457226829686905,0.004832050522663486,0.003109867272946154,0.0017221832497173323,0.033246448154630806,0.18090940907499953,11,450.61073274936854,SUCCESS,,False
000037,INTRADAY,1476,0.14845479056850253,0.0992259111519968,-0.15910716175255457,0.0016960179665489183,0.0030804349944244247,-0.0013844170278755064,0.015931680881654992,0.025156114327116397,11,450.61073274936854,SUCCESS,,False
000042,CLOSE_TO_CLOSE,766,0.0876715554608541,0.016812952913429914,-0.1554448866532522,0.004782281116226791,0.004084814121365743,0.0006974669948610485,-0.024697434676552242,0.018910932843246964,11,261.5882336035585,SUCCESS,,False
000042,OVERNIGHT,766,0.054114533592722565,-0.3825717181894478,0.1840068946519494,0.0034579112098656606,0.0017688514924957405,0.0016890597173699201,0.03472394118543156,0.11529614777531383,11,261.5882336035585,SUCCESS,,False
000042,INTRADAY,766,0.03287080758585093,0.3884302149282741,-0.3297279523719938,0.001143604286643795,0.002390743514949275,-0.00124713922830548,-0.054187344269621456,0.00921870270901648,11,261.5882336035585,SUCCESS,,False
000050,CLOSE_TO_CLOSE,1027,0.028123679786327693,-0.20810776670126396,0.03670030506492116,0.0004434950017129999,-0.0007126843222763912,0.001156179323989391,0.1552158948989976,0.017227223150712012,11,287.6777717149144,SUCCESS,,False
000050,OVERNIGHT,1027,-0.05103722463877344,0.040781773767085396,-0.11919853285476907,0.0018049416304260907,0.0017777863040765816,2.715532634950911e-05,0.05400836845766834,0.024293460079617635,11,287.6777717149144,SUCCESS,,False
000050,INTRADAY,1027,0.0791899886946716,-0.25022560138327443,0.15675620228751586,-0.001376786631332158,-0.00246774098634632,0.001090954355014162,0.10293553609397547,0.017311486076874494,11,287.6777717149144,SUCCESS,,False
000068,CLOSE_TO_CLOSE,1584,0.08357668089286222,-0.04631532498988238,-0.032779361860903314,0.0019066083200466669,0.0001367785768345564,0.0017698297432121105,0.04873144245442975,0.017503885008612996,11,414.7686130656023,SUCCESS,,False
000068,OVERNIGHT,1584,0.005494227008046792,-0.2811962771632251,0.015407906900943817,0.003230699137460706,0.0019280321727616553,0.0013026669646990507,0.05268982612291295,0.13294957660182694,11,414.7686130656023,SUCCESS,,False
000068,INTRADAY,1584,0.08290729541073004,0.235376831058578,-0.04971380369628836,-0.0013801350674446378,-0.0018175264935983704,0.0004373914261537326,-0.0017244772433564121,0.01981154584248379,11,414.7686130656023,SUCCESS,,False
000069,CLOSE_TO_CLOSE,1014,-0.082230852848805,0.19824495801905262,-0.31333932188563846,0.0018092914962565092,0.003279918417217323,-0.0014706269209608137,0.15121501313179223,0.026478584713133357,11,423.6727280144927,SUCCESS,,False
000069,OVERNIGHT,1014,-0.04937090505392272,0.1758109579058816,-0.2643756010533362,0.0010144786667980743,0.0027295799997684445,-0.0017151013329703702,0.1923922756736329,0.14553470817551606,11,423.6727280144927,SUCCESS,,False
000069,INTRADAY,1014,-0.032489542994313336,0.02629541470541776,-0.05250275065098779,0.000830340843341517,0.0005320486818769302,0.00029829216146458684,-0.040849154554614166,0.010000442260952203,11,423.6727280144927,SUCCESS,,False
000151,CLOSE_TO_CLOSE,1191,0.1438598679082214,-0.2873451906503305,-0.07178531974237592,0.004889948611383518,0.00292143719205927,0.001968511419324248,0.08958934705288685,0.07227393247389902,11,348.7062944626582,SUCCESS,,False
000151,OVERNIGHT,1191,0.01958862101175844,-0.2893276124636863,-0.019551367344729766,0.0037826721892232212,0.0024695071992424378,0.0013131649899807835,0.01902900416581723,0.13936685424269446,11,348.7062944626582,SUCCESS,,False
000151,INTRADAY,1191,0.12902704134221146,0.004897690891247967,-0.05426829828729804,0.0011562894086156739,0.0004960976351649077,0.0006601917734507662,0.07024146345999557,0.024398767030507362,11,348.7062944626582,SUCCESS,,False
000158,CLOSE_TO_CLOSE,1532,0.029683864178069307,0.08733910922780296,-0.23812882097646668,-0.0008230747274942018,0.003980708401586468,-0.0048037831290806705,0.00648819052030672,0.03181091970137262,11,361.95741518887996,SUCCESS,,False
000158,OVERNIGHT,1532,-0.17065834079977224,-0.10113628518707793,-0.14042040139856438,0.0026240719516139425,0.0029867144523790246,-0.000362642500765082,0.0580958839775978,0.12424429206883114,11,361.95741518887996,SUCCESS,,False
000158,INTRADAY,1532,0.20488269183096636,0.18899699471557413,-0.09279304097599382,-0.0036557284223588705,0.0009323870296092107,-0.004588115451968081,-0.05291608058126565,0.01914960407899957,11,361.95741518887996,SUCCESS,,False
000159,CLOSE_TO_CLOSE,1206,0.08351245746400357,-0.27648563194671655,0.05444730191019864,0.0033125182080182836,0.0008626329122781717,0.002449885295740112,-0.03264583640165563,0.013147316951204191,11,377.4684592010182,SUCCESS,,False
000159,OVERNIGHT,1206,0.061130922258888755,-0.10782504422858964,-0.12248728995444437,0.003964419433881322,0.0036884547176165884,0.00027596471626473336,0.05780826321693086,0.08447628453700196,11,377.4684592010182,SUCCESS,,False
000159,INTRADAY,1206,0.023967648894173806,-0.16586734357631083,0.17333590769360274,-0.000665266763875072,-0.002760831292166477,0.002095564528291405,-0.09148459327307952,0.018036841179744245,11,377.4684592010182,SUCCESS,,False
000402,CLOSE_TO_CLOSE,753,-0.042738432839915276,0.20569468641050814,-0.160759993208954,0.002646797646134725,0.0003617631930697626,0.0022850344530649623,-0.006351277584643704,0.02179426264458939,11,488.1590299892836,SUCCESS,,False
000402,OVERNIGHT,753,-0.02021874059892192,-0.12577011098604207,0.01313242189776626,-0.00036091997111979343,-9.11668928030053e-05,-0.00026975307831678813,0.10225580411303642,0.07090525339349962,11,488.1590299892836,SUCCESS,,False
000402,INTRADAY,753,-0.02043263429947812,0.3327624271724695,-0.17978649433065025,0.003091561586982,0.0004963677651843874,0.0025951938217976126,-0.10600586423017726,0.03138255791923772,11,488.1590299892836,SUCCESS,,False
000415,CLOSE_TO_CLOSE,1584,0.052250350121980954,0.5343523095651409,-0.4192681326771007,0.00019389553392690911,-0.000893420315593807,0.001087315849520716,0.01943801725263491,0.023296505043759796,11,381.78278945017195,SUCCESS,,False
000415,OVERNIGHT,1584,0.007707794982492723,0.07911614518187256,-0.1849346687189225,0.0007703293706740558,0.0016259633949033056,-0.0008556340242292498,0.08871089226647239,0.08035343341453494,11,381.78278945017195,SUCCESS,,False
000415,INTRADAY,1584,0.046109277487379835,0.4531416782885851,-0.23508971814941768,-0.0004907612914270623,-0.002428894573233212,0.0019381332818061495,-0.07213162957851056,0.03187447390237763,11,381.78278945017195,SUCCESS,,False
000420,CLOSE_TO_CLOSE,1005,0.021692453107240602,0.0386706840151036,0.06495883315918857,-0.0008302085028823111,-0.0016393800176912054,0.0008091715148088943,0.012659978159915548,0.012262908288051322,11,442.01164116562694,SUCCESS,,False
000420,OVERNIGHT,1005,0.010181241842123531,0.10454134985129424,-0.034229465784488884,0.0009038327928793427,0.0005198313517607248,0.0003840014411186179,-0.017164969494009332,0.03466910069678342,11,442.01164116562694,SUCCESS,,False
000420,INTRADAY,1005,0.009462468703636947,-0.06786353669820493,0.09883307889690285,-0.0016784860015174943,-0.00213659755338258,0.0004581115518650855,0.030284470174915888,0.01691873566697144,11,442.01164116562694,SUCCESS,,False
000426,CLOSE_TO_CLOSE,863,0.13052020074136925,-0.35501979969558106,0.03813667024659333,0.004334225406346398,0.0028622646737563873,0.0014719607325900108,-0.07643190541514217,0.015632235820886575,11,334.62803939154674,SUCCESS,,False
000426,OVERNIGHT,863,0.027090853314181856,0.07901001062140683,-0.16817895334826938,0.00033595258089483444,0.0005253982927798315,-0.00018944571188499702,0.06317196947546865,0.023882747509189617,11,334.62803939154674,SUCCESS,,False
000426,INTRADAY,863,0.10853441104089413,-0.43751045280203704,0.20945260678089422,0.0038683246864958665,0.002304640659990864,0.0015636840265050023,-0.13070120432691276,0.02796604490059429,11,334.62803939154674,SUCCESS,,False
000428,CLOSE_TO_CLOSE,1584,0.14851767636027768,0.1868404015562428,-0.20262178128737304,0.0031049218814967958,0.00019318375368682084,0.002911738127809975,0.0501861766294557,0.02768304122837828,11,442.52608227015526,SUCCESS,,False
000428,OVERNIGHT,1584,-0.17701925811816546,-0.1945914119492551,-0.02567956064401633,0.004536874397984378,0.0027923048612437315,0.0017445695367406464,0.07099590188682288,0.1259308940515893,11,442.52608227015526,SUCCESS,,False
000428,INTRADAY,1584,0.3317950440775521,0.38734069680117156,-0.182957649856424,-0.0014855075696883699,-0.0025281732154746606,0.0010426656457862907,-0.01958013654697566,0.018069307414849023,11,442.52608227015526,SUCCESS,,False
000503,CLOSE_TO_CLOSE,1584,-0.0406462628269214,-0.0030434124578648095,-0.07166553821309493,0.0004844625556730958,0.0022393148000359672,-0.0017548522443628714,0.028633536902840366,0.02890011869307363,11,399.35715128660047,SUCCESS,,False
000503,OVERNIGHT,1584,-0.00422765450789474,-0.16279197890643154,0.0034275422873814073,0.003395642163927173,0.0033521252398294524,4.351692409772061e-05,0.02286570386184555,0.10454421669102587,11,399.35715128660047,SUCCESS,,False
000503,INTRADAY,1584,-0.03698076986463167,0.15575290628485725,-0.07026785098049507,-0.003061850273792607,-0.0011009415770417874,-0.0019609086967508197,0.004957404750469672,0.01575539965987449,11,399.35715128660047,SUCCESS,,False
000505,CLOSE_TO_CLOSE,997,-0.04880665989328059,-0.02333598564859206,-0.15699370364352191,0.00021293055474760035,0.003978211946820491,-0.0037652813920728903,0.03201433122798735,0.033090801845344076,11,351.56403914387397,SUCCESS,,False
000505,OVERNIGHT,997,-0.11281731757320188,-0.10055606698460923,-0.13093168028170796,0.005358874105831201,0.00376336665094483,0.001595507454886371,0.01884960133053346,0.12754089736775132,11,351.56403914387397,SUCCESS,,False
000505,INTRADAY,997,0.06416170693969396,0.08553989008728177,-0.030061938648991694,-0.005249311418869437,0.0001793387564770245,-0.0054286501753464615,0.013144004912636873,0.029694633680906635,11,351.56403914387397,SUCCESS,,False
000510,CLOSE_TO_CLOSE,926,0.21892649901797828,-0.06867602458594574,-0.2645048001981551,0.004987928031578076,0.0034231831531432166,0.0015647448784348594,-0.0011865921889480302,0.06039802599757471,11,304.0293952450428,SUCCESS,,False
000510,OVERNIGHT,926,0.11548239021821068,-0.08653984895185243,-0.11177053627553037,0.004216817126655073,0.00316019147550603,0.001056625651149043,0.01650735268679802,0.14478175969837992,11,304.0293952450428,SUCCESS,,False
000510,INTRADAY,926,0.10269375521950484,0.026738764228723445,-0.15978816123127224,0.0007282171928260084,0.000395759919332786,0.0003324572734932224,-0.016607594728095684,0.02438483658698698,11,304.0293952450428,SUCCESS,,False
000520,CLOSE_TO_CLOSE,1584,0.1055001137060529,-0.20461220168202965,-0.0660893007848496,0.003995935919395503,0.0024104660829754876,0.0015854698364200157,0.007572658930039367,0.017490836707221957,11,373.13871432687216,SUCCESS,,False
000520,OVERNIGHT,1584,-0.04091708071881872,-0.22447583964645892,-0.049638407643379255,0.003908041827134272,0.002776075907256731,0.0011319659198775409,0.02817965101668938,0.10532332722780491,11,373.13871432687216,SUCCESS,,False
000520,INTRADAY,1584,0.14978994774030616,0.015172940737543604,-0.016585730005112157,0.00010964529308998654,-0.0003226043557823105,0.00043224964887229704,-0.01895131760204424,0.01081103078529555,11,373.13871432687216,SUCCESS,,False
000524,CLOSE_TO_CLOSE,1202,0.13782011411573244,-0.10494456618188212,0.05778947560054791,-0.0010365914822328959,-0.0008547942885957505,-0.00018179719363714542,0.06807961681536875,0.02743293139881542,11,370.4055793015518,SUCCESS,,False
000524,OVERNIGHT,1202,-0.17317438296611765,-0.21875044230006202,-0.03185368516809822,0.003263218585157702,0.002061548756026148,0.001201669829131554,0.03701128400844723,0.06799583936140385,11,370.4055793015518,SUCCESS,,False
000524,INTRADAY,1202,0.3158497684423624,0.11653042083621466,0.09491051979767552,-0.004413147222859801,-0.0030087995492805737,-0.0014043476735792274,0.03021008851897159,0.016922740548522053,11,370.4055793015518,SUCCESS,,False
000526,CLOSE_TO_CLOSE,1584,0.02373850857509587,0.32398680555454085,-0.24703167920821348,-0.0001164303214407636,0.0010145007661318262,-0.0011309310875725898,-0.04472846445529439,0.010373247492619364,11,392.26971461297416,SUCCESS,,False
000526,OVERNIGHT,1584,-0.09236060821149863,-0.058957643618611236,-0.07607690808265073,0.0025835318865388337,0.0012664023949468372,0.0013171294915919965,0.02798061870132303,0.03317441112135444,11,392.26971461297416,SUCCESS,,False
000526,INTRADAY,1584,0.11807636081650673,0.390150601496391,-0.17702434738552925,-0.002749521599987568,-0.00023110136919710783,-0.00251842023079046,-0.07145451376908662,0.015846574466233943,11,392.26971461297416,SUCCESS,,False
000533,CLOSE_TO_CLOSE,1584,0.16589743861287054,-0.3099474599154292,-0.029213360767848424,0.0030494449774118026,0.003443110474879746,-0.0003936654974679432,-0.0009136887072298257,0.02559073137806611,11,401.0701157835698,SUCCESS,,False
000533,OVERNIGHT,1584,0.022756231674455098,-0.42633247161686305,0.04567909692192603,0.006633232563293484,0.0028548306173517835,0.0037784019459417006,0.02104316148169801,0.19054108294580308,11,401.0701157835698,SUCCESS,,False
000533,INTRADAY,1584,0.14144188334948815,0.13100374269252782,-0.08690794450614243,-0.00382467499703458,0.0007260274908067327,-0.004550702487841313,-0.022533798134299093,0.03622562320580469,11,401.0701157835698,SUCCESS,,False
000545,CLOSE_TO_CLOSE,1195,0.04764058123784539,-0.3425821442418005,-0.061255914288437,0.005523258803571754,0.00628864854982622,-0.0007653897462544662,0.0032716737079069476,0.05444890830343374,11,449.568966465038,SUCCESS,,True
000545,OVERNIGHT,1195,-0.07528621266461641,-0.32747828551607017,-0.06872687509262641,0.005355494440546789,0.005597135881635726,-0.00024164144108893698,0.06838620660029496,0.191324779400324,11,449.568966465038,SUCCESS,,False
000545,INTRADAY,1195,0.12480045828622645,-0.013231105994092204,0.00521022326294622,0.0002336760988045812,0.0007678648464558152,-0.000534188747651234,-0.06683368423030174,0.0074960359086347905,11,449.568966465038,SUCCESS,,False
000547,CLOSE_TO_CLOSE,760,0.017983245295835427,0.17707062466158502,-0.2641534351632977,0.0001572909658590872,0.0035577565731680968,-0.0034004656073090096,0.038301534731098076,0.04108003439068331,11,448.5946576464443,SUCCESS,,False
000547,OVERNIGHT,760,-0.12358950292420201,0.03807714099684686,-0.13900169964384726,0.0024416861187051483,0.003532655998872574,-0.0010909698801674257,0.029401852283583916,0.14271178209676227,11,448.5946576464443,SUCCESS,,False
000547,INTRADAY,760,0.1397525525690789,0.14665706910356444,-0.12516612069325947,-0.002439293591668344,-3.759693894229629e-05,-0.0024016966527260477,0.008504810242030422,0.022313040496764303,11,448.5946576464443,SUCCESS,,False
000553,CLOSE_TO_CLOSE,777,-0.09549355423495552,0.5767430895811356,-0.33850689277507623,0.000265985038984895,0.0032932392643738317,-0.0030272542253889367,0.031783611185833636,0.07570086625728267,11,485.59432490495,SUCCESS,,False
000553,OVERNIGHT,777,0.02352069315068575,0.2677009796686165,-0.1568100552978435,0.0014931711750399285,0.0010214257695528098,0.0004717454054871187,-0.015596357641394673,0.07491507356971316,11,485.59432490495,SUCCESS,,False
000553,INTRADAY,777,-0.1188195816982676,0.31047528171935856,-0.18057078440527674,-0.0012824627799444405,0.0022378226124174783,-0.0035202853923619187,0.05009623323183605,0.05063037672594162,11,485.59432490495,SUCCESS,,False
000557,CLOSE_TO_CLOSE,1313,0.09044058555268294,-0.05045501694968461,-0.014151414072740516,-0.0003923869056327578,0.0002637287015242393,-0.0006561156071569971,0.02759605844931128,0.009038270063132514,11,448.0780269469351,SUCCESS,,False
000557,OVERNIGHT,1313,0.040476159597292664,-0.025859502667744862,-0.06960441101525809,0.003523052323642812,0.002110358419148593,0.0014126939044942187,0.044428684047431416,0.12086417798242499,11,448.0780269469351,SUCCESS,,False
000557,INTRADAY,1313,0.05101118700883748,-0.017298484004072308,0.051053851931836175,-0.003972463024018597,-0.001813114961661852,-0.002159348062356745,-0.018709662856840975,0.04274702777064221,11,448.0780269469351,SUCCESS,,False
000558,CLOSE_TO_CLOSE,1356,0.13366403042008174,-0.0009187957903004914,-0.023347207434440312,0.004102374868935525,0.0002503844120476835,0.0038519904568878414,-0.007054318981208619,0.026774022433140754,11,363.81575785232616,SUCCESS,,False
000558,OVERNIGHT,1356,-0.026222588698503604,-0.19231523256960195,-0.05973439408226238,0.0035689882966688097,0.003208432662122812,0.0003605556345459976,0.10565466787437447,0.15681734545664072,11,363.81575785232616,SUCCESS,,False
000558,INTRADAY,1356,0.16042064247179963,0.19017073913988977,0.03350198931029262,0.0005345715041932542,-0.002831957081628242,0.003366528585821496,-0.10708516018609543,0.038133519306418506,11,363.81575785232616,SUCCESS,,False
000561,CLOSE_TO_CLOSE,821,0.09453844974618157,0.18847688920963418,-0.08874640834498158,-4.861350763032089e-05,0.00021058073783347328,-0.0002591942454637942,0.06560059940291933,0.008771565307212903,11,404.35035649469256,SUCCESS,,False
000561,OVERNIGHT,821,-0.10317602125039362,-0.004494587297318965,-0.05204073250017764,0.0015065039819157078,0.0012585991603243016,0.0002479048215914062,0.07330753612642156,0.05794311353637305,11,404.35035649469256,SUCCESS,,False
000561,INTRADAY,821,0.20033421925229958,0.19339706160188158,-0.03632059653855845,-0.0015818400184938715,-0.0010878333511068136,-0.0004940066673870579,-0.009144582067731237,0.009256030206310384,11,404.35035649469256,SUCCESS,,False
000566,CLOSE_TO_CLOSE,1584,0.053949156725447624,-0.5525638449976421,0.0014653901851927305,0.0049548072742212415,0.005620080263828625,-0.0006652729896073836,0.018426288249531818,0.042517004544226134,11,407.48546135801223,SUCCESS,,False
000566,OVERNIGHT,1584,-0.08526151550251951,-0.3879137001925103,-0.034066219580127385,0.005936304566533334,0.004791406132407028,0.0011448984341263062,0.04785132059374731,0.19312997179330027,11,407.48546135801223,SUCCESS,,False
000566,INTRADAY,1584,0.14362359756625825,-0.16944595531474205,0.03816396898217973,-0.0010868477174713516,0.0008073661874144766,-0.0018942139048858282,-0.02737222677460698,0.02249734438197537,11,407.48546135801223,SUCCESS,,False
000576,CLOSE_TO_CLOSE,1263,0.03375886314765086,-0.14792116930337332,0.1327064019603023,0.0020833694806227376,-0.00036165018749576006,0.0024450196681184977,-0.06700638163228424,0.031215156350597906,11,351.2244203312498,SUCCESS,,False
000576,OVERNIGHT,1263,-0.0195593549789686,-0.03237622043999634,-0.031927587129668075,0.003537707218966856,0.0003346988189360106,0.0032030084000308455,-0.015324821568554022,0.06002079629911694,11,351.2244203312498,SUCCESS,,False
000576,INTRADAY,1263,0.054446754595378705,-0.12442385708513977,0.17118406452376966,-0.0014687820389160874,-0.000705440667312901,-0.0007633413716031864,-0.051735918739986377,0.026437114348282775,11,351.2244203312498,SUCCESS,,False
000586,CLOSE_TO_CLOSE,976,0.14217920846670826,-0.07098894451063105,-0.03983252880052568,0.001592487660779171,4.487233548459979e-05,0.0015476153252945712,0.016689774061074317,0.02200985042155945,11,315.26205430657706,SUCCESS,,False
000586,OVERNIGHT,976,0.06669311059686224,0.046842669817534384,-0.15368974356205636,0.002711046882316352,0.0011735931390866386,0.0015374537432297133,0.05532376905219291,0.1581618785663197,11,315.26205430657706,SUCCESS,,False
000586,INTRADAY,976,0.07838541742812066,-0.12500581009167339,0.11977657890900166,-0.0011891378447471401,-0.0011729617593196767,-1.6176085427463405e-05,-0.03467735494639761,0.016004605146726303,11,315.26205430657706,SUCCESS,,False
000590,CLOSE_TO_CLOSE,1584,0.08246665746285546,-0.273126270184377,0.1189459253501975,0.0012172873137309692,-0.000901334606811504,0.002118621920542473,0.06595990397176432,0.025278174137910225,11,327.51382054245965,SUCCESS,,False
000590,OVERNIGHT,1584,0.06821262217365645,-0.1031614254636781,-0.02922895557233576,0.0029252899278752187,0.0015763920015938876,0.001348897926281331,0.04224269126399623,0.07212678443205123,11,327.51382054245965,SUCCESS,,False
000590,INTRADAY,1584,0.016721228887160426,-0.17112129733290632,0.14613542244785271,-0.001658647799195695,-0.0023502371334654035,0.0006915893342697085,0.02259092302310089,0.017476832863716263,11,327.51382054245965,SUCCESS,,False
000592,CLOSE_TO_CLOSE,1399,0.17695179301003758,-0.1602589990223668,-0.019079450523563822,0.0019952627691365195,0.001495187981332323,0.0005000747878041965,0.06895618641088694,0.037964572213152525,11,399.1376126268946,SUCCESS,,False
000592,OVERNIGHT,1399,-0.1639302232519667,-0.11866290649543136,-0.11329449508917784,0.0027362245830307563,0.0033521856647946158,-0.0006159610817638595,0.07502406145661676,0.173865257594069,11,399.1376126268946,SUCCESS,,False
000592,INTRADAY,1399,0.34369458594691477,-0.04458475932365651,0.09628466241598857,-0.0007527772579232136,-0.0018650206385752814,0.0011122433806520678,-0.006265520189871997,0.010708498154777257,11,399.1376126268946,SUCCESS,,False
000593,CLOSE_TO_CLOSE,1383,0.09130274036049653,-0.49093617016426244,0.011844129807089862,0.005848931976751834,0.005733045191986086,0.00011588678476574799,0.04497210697951413,0.05443836564659266,11,387.0964884243741,SUCCESS,,False
000593,OVERNIGHT,1383,-0.06852962771980348,-0.17730440184334467,-0.06506291786383314,0.004766904221620483,0.004026995513746648,0.0007399087078738351,0.0409849208393295,0.18265339931322244,11,387.0964884243741,SUCCESS,,False
000593,INTRADAY,1383,0.16074773699224185,-0.3132071174294036,0.07564563112623428,0.0011295272419040298,0.0017655413997288705,-0.0006360141578248407,0.0028872410077301048,0.022243979163061645,11,387.0964884243741,SUCCESS,,False
000603,CLOSE_TO_CLOSE,793,0.029863744419409265,-0.23059721706211112,0.25980422905768524,0.0008585063645215191,-0.0008430674110942032,0.0017015737756157223,-0.0813339232829796,0.011979336628837545,11,345.35465524027006,SUCCESS,,False
000603,OVERNIGHT,793,-0.01923262927375741,-0.017351725198439135,0.03474002446385988,0.00014471969838530246,-0.0018167043636273666,0.001961424062012669,-0.046163194832271756,0.021445392011784636,11,345.35465524027006,SUCCESS,,True
000603,INTRADAY,793,0.04931311611391247,-0.21458623396863605,0.22261680828804983,0.0007515419072946297,0.0010873401875433168,-0.0003357982802486871,-0.037699705021086674,0.02129400870284892,11,345.35465524027006,SUCCESS,,False
000607,CLOSE_TO_CLOSE,1057,-0.03638129209261477,0.1344907609634232,-0.049606535862754396,-0.004995448054728076,-0.0008575824011631816,-0.004137865653564894,0.02073274387965551,0.020729846707579935,11,369.84388068844095,SUCCESS,,False
000607,OVERNIGHT,1057,-0.10435065724742705,0.10866794212856119,-0.09506482797807743,0.002449881276474182,0.0011983668900495785,0.0012515143864246037,0.02325104718645784,0.046477921897057684,11,369.84388068844095,SUCCESS,,False
000607,INTRADAY,1057,0.07035257173246603,0.032350858820164335,0.04129196567804463,-0.007487693510843531,-0.002015256316003855,-0.005472437194839676,-0.0024552526471834776,0.03344248013434692,11,369.84388068844095,SUCCESS,,False
000619,CLOSE_TO_CLOSE,1258,0.011720289625460937,0.006074741375353816,0.02161815107154759,0.0026570637455347254,0.0018495525099433974,0.000807511235591328,-0.008764073201448126,0.04347677017579288,11,423.11164378520624,SUCCESS,,False
000619,OVERNIGHT,1258,-0.002205763718348863,-0.0494534291663421,0.02248023039036523,0.0024549348568831536,0.00019123836490297919,0.0022636964919801744,-0.004060425186348242,0.11455540251442198,11,423.11164378520624,SUCCESS,,False
000619,INTRADAY,1258,0.017007383342362615,0.04767306055783081,0.0028864771086637817,0.00023735077778094804,0.0016297592973804759,-0.0013924085195995278,-0.00413380088526521,0.02091986061151052,11,423.11164378520624,SUCCESS,,False
000626,CLOSE_TO_CLOSE,1584,0.07713000856485831,-0.19835016544052878,0.060270546323494205,0.0034034384558269473,0.001164724008348994,0.0022387144474779533,-0.0047552428859608436,0.025382828294498005,11,398.55792270002286,SUCCESS,,False
000626,OVERNIGHT,1584,0.08848863625026455,-0.026812613755283394,-0.06258721495732074,0.0027859564044646692,0.0030529234747459708,-0.0002669670702813015,0.003485460707399039,0.1446714770855292,11,398.55792270002286,SUCCESS,,False
000626,INTRADAY,1584,-0.008090769909215166,-0.17271271091457535,0.12225888542414981,0.0006760533864577541,-0.0018266009255392818,0.002502654311997036,-0.010007025772171987,0.013036838128718142,11,398.55792270002286,SUCCESS,,False
000629,CLOSE_TO_CLOSE,1584,-0.01565405408321058,0.17476936598098938,-0.12418843787901895,-0.0022195617258295285,0.0016792325464063534,-0.003898794272235882,0.005510799612142239,0.02758849404842556,11,407.40770942844983,SUCCESS,,False
000629,OVERNIGHT,1584,-0.057711727444159276,0.14621790288597683,-0.17580246120810475,0.0015150733848335591,0.001935070094765616,-0.0004199967099320569,0.023458247249788778,0.10534380998875459,11,407.40770942844983,SUCCESS,,False
000629,INTRADAY,1584,0.041632582867078126,0.025172877468737687,0.052942584305750454,-0.00377279072945233,-0.00021503990577498994,-0.00355775082367734,-0.017416118480163976,0.02043628567038458,11,407.40770942844983,SUCCESS,,False
000633,CLOSE_TO_CLOSE,1300,0.12213600453934367,0.21394364682676825,-0.2591589853849273,0.004093716553723717,0.001823558373513251,0.002270158180210466,-0.033366249886713294,0.03852944675257075,11,389.3865224822645,SUCCESS,,False
000633,OVERNIGHT,1300,0.039541276627670166,-0.10319288984763018,-0.10867156771434092,0.004817483823604474,0.0017227571551038656,0.003094726668500608,0.03684558744320608,0.12372443687535917,11,389.3865224822645,SUCCESS,,False
000633,INTRADAY,1300,0.0880935670523131,0.3091286724415419,-0.14429737355860398,-0.0007539905279381164,8.23465035056821e-05,-0.0008363370314437985,-0.07120484615016229,0.02557279419905989,11,389.3865224822645,SUCCESS,,False
000635,CLOSE_TO_CLOSE,1251,0.015458099212289387,0.012472548107914358,-0.13498010437761038,0.0027589455827762184,0.0024686634921254683,0.00029028209065075014,0.03764048255471804,0.01663372871966584,11,370.95583227466733,SUCCESS,,False
000635,OVERNIGHT,1251,-0.05120547223259555,0.008823262531771889,-0.14047305275294153,0.004586640116473285,0.0023989557794026756,0.0021876843370706098,0.004345667544283961,0.1217315134288085,11,370.95583227466733,SUCCESS,,False
000635,INTRADAY,1251,0.06726180350081361,0.008747666266464794,0.005257479872176016,-0.0019061498496532395,3.780825802083415e-05,-0.0019439581076740736,0.0312225897206656,0.005207480503815698,11,370.95583227466733,SUCCESS,,False
000659,CLOSE_TO_CLOSE,1488,0.08199527043179312,0.06307659586416298,-0.03476624204063028,0.0009367606760559873,0.00013197705188303793,0.0008047836241729493,-0.053687706543009014,0.015997162811036247,11,415.0525886026511,SUCCESS,,False
000659,OVERNIGHT,1488,0.03713655875223244,-0.062058937356973404,-0.03087664561534522,0.001312101512186914,0.0014953918113928821,-0.00018329029920596818,0.15743871654558353,0.07744471391944918,11,415.0525886026511,SUCCESS,,False
000659,INTRADAY,1488,0.04734758073523924,0.13108682214541714,-0.008453265914353993,-0.0003789349616159718,-0.0013006259689552768,0.000921691007339305,-0.2054703800254586,0.02312878917982597,11,415.0525886026511,SUCCESS,,False
000665,CLOSE_TO_CLOSE,1477,0.062173222136187874,-0.18108158682234082,-0.026436961694030453,0.002139134296429708,0.001185880227974695,0.0009532540684550131,0.09770602741325109,0.054847019111689765,11,413.571702793257,SUCCESS,,False
000665,OVERNIGHT,1477,-0.12701619266001438,-0.18363059747523064,-0.018333696804454777,0.002807293900321979,0.002529694911133612,0.00027759898918836706,0.03560307767165866,0.0851564345958471,11,413.571702793257,SUCCESS,,False
000665,INTRADAY,1477,0.19097711395432035,0.00954976603653141,-0.014720559009121616,-0.0005963903425580596,-0.0011985999481466704,0.0006022096055886108,0.06571753801831527,0.02338982890710728,11,413.571702793257,SUCCESS,,False
000676,CLOSE_TO_CLOSE,1481,0.017101641298652378,-0.09041389795019095,-0.17039376164182302,0.0035614434009035045,0.0050807830393473025,-0.001519339638443798,-0.01804077656480163,0.025005595964168403,11,376.22604854044846,SUCCESS,,False
000676,OVERNIGHT,1481,-0.12888707688812007,-0.13872283290081672,-0.08056342115992611,0.0028435592492744056,0.0033570063974498188,-0.0005134471481754131,0.018917407463056788,0.058075514339169465,11,376.22604854044846,SUCCESS,,False
000676,INTRADAY,1481,0.14774347700431173,0.0503557494447136,-0.09293766031965175,0.0007103818175650256,0.0017513247335495807,-0.0010409429159845551,-0.036999847174481654,0.01237945484946501,11,376.22604854044846,SUCCESS,,False
000678,CLOSE_TO_CLOSE,1519,0.1411906216029437,-0.26319699421757353,0.018517740149930066,0.002520676014719796,0.001160336729841789,0.001360339284878007,0.09049336140562653,0.0441729249403342,11,403.88124310873377,SUCCESS,,False
000678,OVERNIGHT,1519,-0.21975741014546815,-0.26788071616063575,0.01331394975641193,0.006166571999158727,0.002041334493153371,0.004125237506005356,0.036665499691986556,0.14100333122791597,11,403.88124310873377,SUCCESS,,False
000678,INTRADAY,1519,0.3635915061225143,0.014173396719183664,0.001163940801006709,-0.003909845736270453,-0.0008567986989809276,-0.0030530470372895253,0.05328435650612485,0.013907617052499877,11,403.88124310873377,SUCCESS,,False
000695,CLOSE_TO_CLOSE,1265,0.03883390655815632,0.49447495326519514,-0.3446733393063603,6.004309409148034e-05,0.0007013527782283868,-0.0006413096841369065,0.08525993338406464,0.03835357197070488,11,366.3280402569977,SUCCESS,,False
000695,OVERNIGHT,1265,0.041839900204107924,-0.0243122006947889,-0.10807313798703076,0.0008976206521399063,0.0011354182163737514,-0.00023779756423384507,0.09766595789160652,0.09647475704784014,11,366.3280402569977,SUCCESS,,False
000695,INTRADAY,1265,0.005482536177925857,0.5095883741627071,-0.23091372703355217,-0.0008937864307089136,-0.0004675624661508726,-0.00042622396455804096,-0.011463609311484579,0.015954720448442483,11,366.3280402569977,SUCCESS,,False
000701,CLOSE_TO_CLOSE,1584,0.13311313211726705,-0.12841692309349237,-0.10624072549587386,0.004344588522568981,0.0020317105052979727,0.0023128780172710084,0.06325218293618161,0.050116336786750204,11,367.84783128772744,SUCCESS,,False
000701,OVERNIGHT,1584,-0.08105215765899695,-0.06092724472923423,-0.09225952029747629,0.003123129511886436,0.0025484960050370215,0.0005746335068494146,0.05076774091000046,0.12614565528046429,11,367.84783128772744,SUCCESS,,False
000701,INTRADAY,1584,0.2166399487432246,-0.06598147848788384,-0.016325338952257698,0.0012956631640793758,-0.00044601786662292267,0.0017416810307022985,0.01216164600597591,0.01574838965216363,11,367.84783128772744,SUCCESS,,False
000702,CLOSE_TO_CLOSE,991,0.09401616427357712,-0.19257423143786592,0.2952895116673846,0.0014313610324167558,-0.002563337469923016,0.003994698502339772,0.06316663931590528,0.044789806631283624,11,436.24796367879156,SUCCESS,,False
000702,OVERNIGHT,991,-0.0018666457209335885,-0.4933350225784674,0.18369087610205923,0.0031430548169070344,0.0017530992554963404,0.001389955561410694,0.06231087539473437,0.10786795505892599,11,436.24796367879156,SUCCESS,,False
000702,INTRADAY,991,0.0956579424860617,0.30924317054025624,0.10896417897276363,-0.0017159394080212362,-0.004358413048665844,0.002642473640644608,0.00012969245700009932,0.029853494114961743,11,436.24796367879156,SUCCESS,,False
000710,CLOSE_TO_CLOSE,1584,-0.023106047463298862,-0.07187996231926015,-0.03071694745311548,0.002276483523830433,0.0015118252519181752,0.000764658271912258,-0.04159200731021047,0.014544397926897434,11,350.0043173478378,SUCCESS,,False
000710,OVERNIGHT,1584,-0.07582076541080536,-0.19586696944447046,-0.028432144348343315,0.0036521567912103856,0.003928003428331245,-0.00027584663712085927,0.01968514496146355,0.09626004142105316,11,350.0043173478378,SUCCESS,,False
000710,INTRADAY,1584,0.053835929090030654,0.12361190905111169,-0.0028805770866570744,-0.0014158671590254052,-0.002371624056784899,0.0009557568977594938,-0.06113354397536397,0.008993276339700707,11,350.0043173478378,SUCCESS,,False
000712,CLOSE_TO_CLOSE,963,-0.04594005033798972,0.37905370332113586,-0.23601931590673586,0.000945262403501501,0.0009759755726244448,-3.071316912294387e-05,0.011843584422172494,0.019776213992662717,11,458.5936834300592,SUCCESS,,False
000712,OVERNIGHT,963,-0.22615594513837542,0.0599579573750128,-0.09700414939713298,0.003942849848054479,0.001899556641036075,0.002043293207018404,-0.0032270388603099294,0.08544158369861166,11,458.5936834300592,SUCCESS,,False
000712,INTRADAY,963,0.17990911175697918,0.31944531984914476,-0.13737596121979487,-0.003159490948027253,-0.0009426249120370114,-0.0022168660359902417,0.017821905339741668,0.01550511436364077,11,458.5936834300592,SUCCESS,,False
000716,CLOSE_TO_CLOSE,968,0.05068363576606685,-0.2755145458172087,0.026058305295008858,0.004091051633313279,0.003470351627206651,0.0006207000061066274,-0.071588167270228,0.024872747629795855,11,469.0777749245549,SUCCESS,,False
000716,OVERNIGHT,968,-0.25510885910895076,-0.04638799626470137,-0.06884555529535318,0.0048624819415115745,0.0006422201760614178,0.004220261765450157,0.004918616092578274,0.18939292688657472,11,469.0777749245549,SUCCESS,,False
000716,INTRADAY,968,0.307131316602964,-0.22395905460022705,0.09144124565124537,-0.0009167559575952132,0.0029038201868220176,-0.003820576144417231,-0.07998175083507583,0.05141352756298401,11,469.0777749245549,SUCCESS,,False
000717,CLOSE_TO_CLOSE,774,-0.06626800844495787,0.13934805755394794,-0.09251813037408556,-0.001747366931805841,0.001653819153502295,-0.003401186085308136,0.05246345431783567,0.06594118791137538,11,475.149641417448,SUCCESS,,False
000717,OVERNIGHT,774,-0.09190006126825835,-0.22191624727014503,-0.012298314769758933,0.0025827856271574516,0.0027592062578579296,-0.000176420630700478,0.13119576006721917,0.3589674536788161,11,475.149641417448,SUCCESS,,False
000717,INTRADAY,774,0.026814693745289397,0.3485326050602775,-0.069257820730071,-0.004681490889411777,-0.0012121571826071431,-0.0034693337068046337,-0.0751899968093845,0.09653304064951351,11,475.149641417448,SUCCESS,,False
000720,CLOSE_TO_CLOSE,1584,0.048566140886962914,-0.10173525427389168,-0.039811645728592394,0.0007088183428199668,0.0003202031331437788,0.000388615209676188,0.018989701510514576,0.02724296583563013,11,417.2444947372173,SUCCESS,,False
000720,OVERNIGHT,1584,0.06896081982291076,-0.30539919114527847,0.008401194858978245,0.0029080180521646112,0.0029135652568550024,-5.5472046903912164e-06,0.055392565027483,0.12882701425345167,11,417.2444947372173,SUCCESS,,False
000720,INTRADAY,1584,-0.018971314803729114,0.21977093421552413,-0.056845523348984336,-0.0023515030292485598,-0.0025739649826483947,0.00022246195339983496,-0.03825349856431093,0.030668313181705265,11,417.2444947372173,SUCCESS,,False
000721,CLOSE_TO_CLOSE,1584,0.11271378540930765,-0.02441124320437062,-0.0831664135799604,0.0010992048649532673,0.0010210844163001873,7.812044865308006e-05,0.05815384364046094,0.029416407334173722,11,386.20062384832977,SUCCESS,,False
000721,OVERNIGHT,1584,-0.3346126948181018,-0.37989441041562133,0.06554968151017287,0.0034258733661842178,0.0019739082495723453,0.0014519651166118724,0.05235766061923213,0.1259171722579293,11,386.20062384832977,SUCCESS,,False
000721,INTRADAY,1584,0.45199005745448934,0.36139838063159724,-0.14993379538889076,-0.0023677151042953357,-0.0009735432062716876,-0.001394171898023648,0.005117422911110019,0.015536915722963451,11,386.20062384832977,SUCCESS,,False
000723,CLOSE_TO_CLOSE,1019,-0.0791983646998388,0.07148406011926355,-0.2305501628681793,0.0029283407288659344,0.0028851857938943792,4.315493497155515e-05,0.04736933885758401,0.023162004477632725,11,414.9509095358353,SUCCESS,,False
000723,OVERNIGHT,1019,-0.12277027532135756,0.274124093676638,-0.1799308788563408,-0.0010853250832814922,0.0011394846002915522,-0.0022248096835730444,0.04907589834526187,0.08690678706111976,11,414.9509095358353,SUCCESS,,False
000723,INTRADAY,1019,0.04266294407441868,-0.20622465954560146,-0.051276662924812665,0.004031319264256851,0.0018076338853523777,0.0022236853789044733,-0.0016149484509978933,0.026789157989426715,11,414.9509095358353,SUCCESS,,False
000751,CLOSE_TO_CLOSE,1131,-0.0025313630888175206,0.361377017323111,-0.21689423140315234,-0.0020824123370467226,0.0007416681394825514,-0.002824080476529274,-0.036657908401722124,0.016199406545240214,11,375.9757617509614,SUCCESS,,False
000751,OVERNIGHT,1131,-0.06188977327948582,0.14136300786734468,-0.1292060599549932,0.00045626926522713326,0.0008272050425232385,-0.0003709357772961053,0.03072012452977153,0.03310210701126037,11,375.9757617509614,SUCCESS,,False
000751,INTRADAY,1131,0.05919870576203923,0.21360367026715277,-0.08610864866079054,-0.002501572086272899,-1.8848977740473782e-05,-0.0024827231085324253,-0.06812314766751953,0.017463574628495904,11,375.9757617509614,SUCCESS,,False
000757,CLOSE_TO_CLOSE,1584,0.09526210875226565,0.22582853282125248,-0.11986963637905705,0.003845237147629507,-0.0006341648337063188,0.004479401981335826,-0.004958520471114706,0.04074908143551137,11,313.16970839498896,SUCCESS,,False
000757,OVERNIGHT,1584,0.0137945828530358,-0.050377688955725,-0.06852654478590985,0.002946428862848287,0.0026531715841606462,0.00029325727868764057,0.05557400089729877,0.13089703996062163,11,313.16970839498896,SUCCESS,,False
000757,INTRADAY,1584,0.08531113608716775,0.26813026258374234,-0.05001921651256714,0.0008541094278157538,-0.0031846677643131843,0.004038777192128938,-0.057426558898948314,0.03441365155625831,11,313.16970839498896,SUCCESS,,False
000758,CLOSE_TO_CLOSE,1302,0.013517446978806162,0.15823183694798104,-0.21516760902411716,-0.0006311342120515796,0.0019785152209926687,-0.0026096494330442484,-0.1278612868108547,0.02511702525498738,11,372.2048506163899,SUCCESS,,False
000758,OVERNIGHT,1302,-0.09098327641710084,0.010186549106036818,-0.1059910535712672,0.002288040573890564,0.003843567630042583,-0.0015555270561520194,-0.025340885322534187,0.08212499314103894,11,372.2048506163899,SUCCESS,,False
000758,INTRADAY,1302,0.10481281835063094,0.13887414967984793,-0.10622632261466382,-0.0029152213621970683,-0.0017257442516451851,-0.0011894771105518832,-0.10151970410141242,0.028692025246068953,11,372.2048506163899,SUCCESS,,False
000759,CLOSE_TO_CLOSE,1268,0.04569688114909199,-0.1535720410477291,-0.062335706338059516,0.001548881279877408,0.003006231266519225,-0.001457349986641817,0.03339873025339508,0.0335529837116858,11,426.72735294333256,SUCCESS,,False
000759,OVERNIGHT,1268,-0.17631505920830995,-0.2928032625883471,-0.01941673580533447,0.005016465982532255,0.0019737947339059786,0.003042671248626276,0.044382997427710985,0.20102318858600488,11,426.72735294333256,SUCCESS,,False
000759,INTRADAY,1268,0.22113979006706821,0.16063325868565517,-0.04822873992254398,-0.0038312814560618053,0.0009497868039017587,-0.004781068259963564,-0.011990166115281652,0.048607589497084436,11,426.72735294333256,SUCCESS,,False
000761,CLOSE_TO_CLOSE,1014,-0.036770122168963464,-0.12099121511909756,0.16560826923997288,-0.0017829924622163318,0.00028802937799005113,-0.002071021840206383,-0.025486967458375823,0.020967623665510637,11,334.96925120342,SUCCESS,,False
000761,OVERNIGHT,1014,0.06259123766997203,0.11813317436164325,-0.10953249468939072,0.0001749115780920081,0.0034779576785183147,-0.0033030461004263066,0.14431343353160273,0.18444995507546247,11,334.96925120342,SUCCESS,,False
000761,INTRADAY,1014,-0.09988000117536859,-0.24004594081049835,0.27202430580177117,-0.001883373691509014,-0.0029488141390369843,0.0010654404475279704,-0.1698626222875743,0.040473122916482085,11,334.96925120342,SUCCESS,,False
000762,CLOSE_TO_CLOSE,911,0.09302701230369818,0.12890387783412857,-0.15161024197083503,-0.013288615444460467,0.0010045049677080376,-0.014293120412168504,0.030703923043001794,0.02005648024675455,11,347.08152789570045,SUCCESS,,True
000762,OVERNIGHT,911,-0.07956460425436593,-0.15631366173123928,-0.0036911813311416696,0.0046085776820307504,0.0013994711233503883,0.003209106558680362,0.002262539610315261,0.02543865773731313,11,347.08152789570045,SUCCESS,,False
000762,INTRADAY,911,0.17579066220771247,0.2831955914125135,-0.14711782216065342,-0.01804847565441734,-0.0003513478341292328,-0.01769712782028811,0.027492632608203726,0.02248217926733309,11,347.08152789570045,SUCCESS,,True
000766,CLOSE_TO_CLOSE,1584,0.12591345528856598,-0.14252098692677076,-0.19454961083588027,0.005631649187219569,0.0048773482724165235,0.0007543009148030452,0.015896804754744358,0.027933184794086574,11,365.9449480578275,SUCCESS,,False
000766,OVERNIGHT,1584,-0.07791195974281141,0.02039635707479736,-0.2076211982976246,0.004025140729725705,0.003236060987745898,0.0007890797419798073,0.05395050835883149,0.16739712090954117,11,365.9449480578275,SUCCESS,,False
000766,INTRADAY,1584,0.20640378959222744,-0.16621104866420255,0.014447568334490875,0.001621998083230808,0.0016872049595657648,-6.52068763349568e-05,-0.03721175574357238,0.008979089978853438,11,365.9449480578275,SUCCESS,,False
000767,CLOSE_TO_CLOSE,1584,0.07671407028088172,-0.2104722050234488,-0.03206186892054379,0.0012206024021506265,0.002420901332276293,-0.0012002989301256664,0.015573848134837453,0.015880973464464043,11,482.08872721104325,SUCCESS,,False
000767,OVERNIGHT,1584,-0.1207618832742018,-0.15888363332085215,-0.08520397330168666,0.0034458041358888195,0.003579438505381973,-0.00013363436949315362,0.06557761829062121,0.14592066510185897,11,482.08872721104325,SUCCESS,,False
000767,INTRADAY,1584,0.19874279987302476,-0.050418641951470826,0.05338106133875637,-0.0024554668555878253,-0.001192425909919437,-0.0012630409456683882,-0.04429892343074198,0.018574627679358247,11,482.08872721104325,SUCCESS,,False
000782,CLOSE_TO_CLOSE,767,0.1144721023035106,-0.14942930939406493,0.10221633383802076,-0.0008005672122445157,-0.001870838834983169,0.0010702716227386534,-0.009975128429252215,0.01924897013653537,11,326.516289337493,SUCCESS,,False
000782,OVERNIGHT,767,0.07456605482332206,0.11851141834300387,0.03603273069027186,-0.00333504807244537,-0.0016752883677696104,-0.0016597597046757598,0.002337437809267847,0.0703073508241131,11,326.516289337493,SUCCESS,,True
000782,INTRADAY,767,0.041099944042803725,-0.27601605028151827,0.0761570925450073,0.002463259637585811,-0.0002865561290935348,0.002749815766679346,-0.013244629705301969,0.020076098096639905,11,326.516289337493,SUCCESS,,False
000795,CLOSE_TO_CLOSE,797,-0.0627830376751699,0.15361317430929425,-0.1065498643934752,-0.0014217967045677292,0.004545087626432128,-0.005966884330999857,0.037389436404240355,0.06982233063664212,11,384.0266858705804,SUCCESS,,False
000795,OVERNIGHT,797,-0.10527350338380384,0.1090596447116266,-0.30862445859153176,0.004397412815001018,0.005031912298460228,-0.0006344994834592103,0.12831152220064831,0.22224884409923673,11,384.0266858705804,SUCCESS,,False
000795,INTRADAY,797,0.04755168756988271,0.03792321741227245,0.20810689646354477,-0.0059928633482477945,-0.0005480226818573297,-0.005444840666390465,-0.0889845851890508,0.05484109113458735,11,384.0266858705804,SUCCESS,,False
000798,CLOSE_TO_CLOSE,1584,0.11080480930298466,-0.1933709952594036,0.0741844010609829,0.0040960741257952075,0.0017455003072782242,0.0023505738185169833,0.034143609499715656,0.049311350669274834,11,460.5833096249417,SUCCESS,,False
000798,OVERNIGHT,1584,-0.1973640846694168,-0.18255105446620482,-0.0460088009559637,0.006079638815033678,0.003349032629311327,0.0027306061857223507,0.014874605840855027,0.17838433984979196,11,460.5833096249417,SUCCESS,,False
000798,INTRADAY,1584,0.3124070881186993,-0.016760068583928735,0.13122548295798242,-0.0021204345715463077,-0.0016845184922447132,-0.00043591607930159454,0.020783017475508085,0.01766845873382128,11,460.5833096249417,SUCCESS,,False
000812,CLOSE_TO_CLOSE,962,0.04010644972734151,-0.3548879815729592,0.13915202888918032,0.0013892160850436062,0.0016914240481909482,-0.0003022079631473419,0.02602027340881947,0.0335163622173692,11,507.8382599662415,SUCCESS,,False
000812,OVERNIGHT,962,-0.23924136175734387,-0.36743399120487574,0.13476547306903433,0.001982040000255262,0.0008383853728839846,0.0011436546273712773,0.061382966247264976,0.12973291964553035,11,507.8382599662415,SUCCESS,,False
000812,INTRADAY,962,0.2815603650835197,0.013000360813418458,0.003949093510655899,-0.0005553042801917612,0.0008585550354141026,-0.0014138593156058639,-0.03761791138770529,0.028465231658668433,11,507.8382599662415,SUCCESS,,False
000813,CLOSE_TO_CLOSE,1266,0.05273793887845268,-0.10951816318768617,-0.0918477688809637,0.005935516657639257,0.0026787395090261124,0.003256777148613145,-0.03160044107215871,0.03518464184086678,11,385.8798614933669,SUCCESS,,False
000813,OVERNIGHT,1266,-0.04336823727928082,-0.2845273456112016,0.017512074111391964,0.004600111494709777,0.003780082741671645,0.0008200287530381323,0.014641922451324936,0.2066193876994653,11,385.8798614933669,SUCCESS,,False
000813,INTRADAY,1266,0.09849973347536851,0.15599190933394927,-0.0974126252449097,0.0012543592469069342,-0.0010273762920781498,0.002281735538985084,-0.04788078388631194,0.036984549136175215,11,385.8798614933669,SUCCESS,,False
000815,CLOSE_TO_CLOSE,892,0.09825112256159484,0.15724679146910578,-0.37186970133906605,0.0020866357526520413,0.0025094265281917216,-0.00042279077553968036,0.03501083601668672,0.037228041059014894,11,387.8135326772164,SUCCESS,,False
000815,OVERNIGHT,892,-0.025384622775280797,-0.1086753273533159,-0.07868887814139616,0.001576903333892106,0.0005143425178013306,0.0010625608160907754,0.06321250240534017,0.090952866191358,11,387.8135326772164,SUCCESS,,False
000815,INTRADAY,892,0.12523617322106292,0.2709590570653497,-0.2920603149299182,0.00031399825231927855,0.001925060636800438,-0.0016110623844811595,-0.02895156261609065,0.015331371981682218,11,387.8135326772164,SUCCESS,,False
000852,CLOSE_TO_CLOSE,1584,0.04503313217953313,0.02259098233725575,-0.1799559721458428,0.005315215225002265,0.003823257510430361,0.0014919577145719037,0.010410819776532423,0.030685126110576832,11,300.4133287584641,SUCCESS,,False
000852,OVERNIGHT,1584,-0.0015343045174135794,-0.09897993952370568,-0.07413476116254454,0.0034706600553921774,0.004138912272944356,-0.0006682522175521788,0.030453829760437787,0.11153419998210035,11,300.4133287584641,SUCCESS,,False
000852,INTRADAY,1584,0.04796158466874639,0.12458496468468146,-0.10755959324926989,0.001831949429008238,-0.00030379007904084154,0.0021357395080490796,-0.0203366062346003,0.01773239603800547,11,300.4133287584641,SUCCESS,,False
000856,CLOSE_TO_CLOSE,1534,0.0421900121469198,0.015648767899815345,-0.16747795569283633,0.00027995078164735725,0.0016916231134656255,-0.0014116723318182683,0.09527456583027574,0.03601542395407553,11,405.40689406605,SUCCESS,,False
000856,OVERNIGHT,1534,-0.07599157526569492,0.07540202670569289,-0.17477354193098632,0.003993811087213521,0.0007566988908529956,0.0032371121963605254,0.06697051076362807,0.2128395784962308,11,405.40689406605,SUCCESS,,False
000856,INTRADAY,1534,0.11761686621708789,-0.05215259108233712,0.004393834879945365,-0.00391352018212638,0.000946029307419459,-0.004859549489545839,0.02619505027456063,0.03642016569571804,11,405.40689406605,SUCCESS,,False
000862,CLOSE_TO_CLOSE,1158,0.05843039484883298,-0.14052923280432594,0.04867302451879132,-0.00012591340898062634,-0.001409993235915976,0.0012840798269353497,0.04227609862937259,0.020020644359805106,11,425.2464879418163,SUCCESS,,False
000862,OVERNIGHT,1158,-0.16410387563421683,0.07844959988452327,-0.09707192844306509,0.00209205512928009,0.0007657886075577488,0.001326266521722341,-0.03451443442751592,0.02563952640176037,11,425.2464879418163,SUCCESS,,False
000862,INTRADAY,1158,0.22362393290581695,-0.2203478428794373,0.14466581300200584,-0.002168630675319288,-0.0021408449312220884,-2.7785744097199444e-05,0.07471283005242967,0.020660295011427743,11,425.2464879418163,SUCCESS,,False
000876,CLOSE_TO_CLOSE,1234,-0.08198637617225414,0.3253321145726347,-0.25953978006452866,-0.00011661461565561776,0.0018882916467203997,-0.0020049062623760175,-0.192979051367977,0.024829197080111554,11,327.20502132262015,SUCCESS,,False
000876,OVERNIGHT,1234,-0.10498140891087933,-0.061837572689053794,0.047998181001822904,-0.0008964274527340083,0.0012287126956703406,-0.002125140148404349,-0.02328000273650828,0.06989242007009211,11,327.20502132262015,SUCCESS,,False
000876,INTRADAY,1234,0.023150870151812802,0.38273829565058026,-0.3016799532698522,0.000709169389993592,0.0006511996888723462,5.796970112124586e-05,-0.17020818402060237,0.020496343367129688,11,327.20502132262015,SUCCESS,,False
000882,CLOSE_TO_CLOSE,1234,0.016755042623652072,0.04061585726387183,-0.020044969613114423,-0.0014131464937229,-0.0004003847789327275,-0.0010127617147901724,0.05288194175360926,0.022471360735031864,11,398.3122715840291,SUCCESS,,False
000882,OVERNIGHT,1234,-0.0978647616535048,-0.06078286530665917,-0.08953627370305067,0.005086117089154218,0.0022852256308743615,0.0028008914582798566,0.025637282695162467,0.14177872073904296,11,398.3122715840291,SUCCESS,,False
000882,INTRADAY,1234,0.1136582951854799,0.10484608235724203,0.07298981138036899,-0.006719514886069852,-0.002728345830017631,-0.003991169056052221,0.027071901473053002,0.03222275065642333,11,398.3122715840291,SUCCESS,,False
000892,CLOSE_TO_CLOSE,1584,0.10612156519042135,0.03975017008661825,-0.1650448698626898,0.0027891136151987073,0.0006105532927733054,0.002178560322425402,0.03705595489389384,0.028661958022740408,11,405.0076083055253,SUCCESS,,False
000892,OVERNIGHT,1584,-0.0542955006655048,-0.17301249283309056,-0.07352638551770105,0.004237688644440629,0.0027656351555699343,0.0014720534888706949,0.012873715473694607,0.10086934037181283,11,405.0076083055253,SUCCESS,,False
000892,INTRADAY,1584,0.16201240706475376,0.21334812309701656,-0.09237294328118145,-0.001382897693506125,-0.0020808324828825997,0.0006979347893764747,0.023423322596299954,0.014273638551501877,11,405.0076083055253,SUCCESS,,False
000893,CLOSE_TO_CLOSE,932,0.06553670286121407,-0.12762045311297374,-0.026902362910699536,0.0024599524315586686,0.0022663687098466376,0.00019358372171203106,-0.13700938918030353,0.004350936221680035,11,345.48335700141956,SUCCESS,,False
000893,OVERNIGHT,932,-0.087416793980204,-0.023376126381467837,0.1399262737105794,-0.0037256038812235152,0.0003067423073601708,-0.004032346188583686,0.07207300929912626,0.051471339004829364,11,345.48335700141956,SUCCESS,,True
000893,INTRADAY,932,0.15390854272960722,-0.12087678363257642,-0.14780258101169808,0.006091092021215307,0.0020218862721083086,0.004069205749106998,-0.20678060299379697,0.013218281198245974,11,345.48335700141956,SUCCESS,,True
000898,CLOSE_TO_CLOSE,764,-0.042456162802504555,0.2665497896214386,-0.37048113116582726,0.004040230612678872,0.008575303879682583,-0.004535073267003711,-0.2458431959572164,0.0400505180886106,11,338.686656195611,SUCCESS,,True
000898,OVERNIGHT,764,-0.018808500740622427,0.0954936381438032,-0.27584076125797286,0.0013849011329675476,0.009165040659899995,-0.0077801395269324475,0.14358440473712475,0.3167051636316336,11,338.686656195611,SUCCESS,,True
000898,INTRADAY,764,-0.02408809011420734,0.16085528888596962,-0.09988665795563006,0.0028511747122907175,-9.492632655855315e-05,0.0029461010388492706,-0.3888285225348155,0.043219539808256546,11,338.686656195611,SUCCESS,,False
000912,CLOSE_TO_CLOSE,1584,0.03989358680795071,-0.09414874644006976,-0.058438574277331075,0.0008608222038898571,0.001884087350623901,-0.001023265146734044,0.035065544642859096,0.02245612622722315,11,325.1517720040091,SUCCESS,,False
000912,OVERNIGHT,1584,-0.05901526031274494,0.07291266588347162,-0.09093257530987173,0.0010961105959013655,0.0016391585051138725,-0.000543047909212507,-0.009077996475487007,0.028512520089288618,11,325.1517720040091,SUCCESS,,False
000912,INTRADAY,1584,0.09786524064142507,-0.15532519599681902,0.026734065569966377,-0.00036736751541095996,0.0003100554607603917,-0.0006774229761713517,0.04504006735519147,0.018019224004287904,11,325.1517720040091,SUCCESS,,False
000931,CLOSE_TO_CLOSE,1535,-0.010309258047963104,-0.0850063111759603,-0.039932705518442815,0.001449262945940083,0.0009646301999029494,0.0004846327460371336,0.07452732267951304,0.029865426239103376,11,394.56538427876274,SUCCESS,,False
000931,OVERNIGHT,1535,0.02999982649185283,0.0162519529569143,-0.08558638530749278,0.0018014307429032785,0.000987039196509728,0.0008143915463935504,0.07180515599045206,0.06592164312953563,11,394.56538427876274,SUCCESS,,False
000931,INTRADAY,1535,-0.03894909369912936,-0.1021532946672879,0.04561243468414362,-0.00027127401185883526,1.127545074702807e-05,-0.00028254946260586333,-0.0003776092657830158,0.013052994112993876,11,394.56538427876274,SUCCESS,,False
000952,CLOSE_TO_CLOSE,1027,0.026657571570932882,0.2907844217539711,-0.1656124130558332,0.00043472273978938797,-0.00020089202704891285,0.0006356147668383008,0.03973220761536907,0.02297250668256634,11,407.3369615588566,SUCCESS,,False
000952,OVERNIGHT,1027,0.0319953453576042,0.1428675357637729,-0.17779379657628455,0.004054360652282041,0.0017044378480687572,0.0023499228042132836,0.016942589465833772,0.14677255022208757,11,407.3369615588566,SUCCESS,,False
000952,INTRADAY,1027,-0.005411020952124831,0.1549428712387558,0.013094898834823098,-0.0037152619989855654,-0.0019610200193345174,-0.001754241979651048,0.019165898534593585,0.011967044281692485,11,407.3369615588566,SUCCESS,,False
000955,CLOSE_TO_CLOSE,1584,-0.002149262287942688,0.022356614939965647,-0.17720181662677287,0.0034220731424674244,0.0029744205655792832,0.0004476525768881412,-0.02302106752087668,0.023325347231885396,11,299.02051650623036,SUCCESS,,False
000955,OVERNIGHT,1584,0.009012471409589192,-0.08704122499863647,-0.10256373208843057,0.0026354961001107124,0.002124432172751406,0.0005110639273593065,-0.013671779626574648,0.06634105550567826,11,299.02051650623036,SUCCESS,,False
000955,INTRADAY,1584,-0.008981306740015309,0.10252022577602114,-0.07239131279206747,0.0007931780235171852,0.0009543934427000431,-0.00016121541918285784,-0.012159606334980793,0.011238544102405212,11,299.02051650623036,SUCCESS,,False
000962,CLOSE_TO_CLOSE,1164,0.160576246266686,-0.14273523992090342,-0.07339486574555362,0.004561723932235975,0.002958956136316828,0.0016027677959191472,-0.03694054417443654,0.02238188641791694,11,394.07943672350797,SUCCESS,,False
000962,OVERNIGHT,1164,-0.08099706976935367,0.04677743533058873,-0.13782736766690834,0.0034994816097037463,0.002546217865336861,0.0009532637443668852,-0.02961093352408166,0.050120922035138626,11,394.07943672350797,SUCCESS,,False
000962,INTRADAY,1164,0.24279742745803565,-0.1867493523971867,0.060499055722236086,0.0011142025412217756,0.0005205720599956581,0.0005936304812261175,-0.00793715728907968,0.016401410407552386,11,394.07943672350797,SUCCESS,,False
000978,CLOSE_TO_CLOSE,1508,0.0723589663434877,0.17183434833354705,-0.07604817137847626,-0.0011376269949619072,-0.0017881867573580484,0.0006505597623961412,0.05484895451312789,0.015356192718392392,11,350.9094660423504,SUCCESS,,False
000978,OVERNIGHT,1508,-0.17170649726327147,0.022127958447175182,-0.06726958993167051,0.0025216734822450203,0.0013945328208319254,0.0011271406614130949,-0.006124012103180656,0.03872278228438031,11,350.9094660423504,SUCCESS,,False
000978,INTRADAY,1508,0.24366747745169526,0.1496671597747586,-0.00693461361405331,-0.0037140442605210905,-0.003204607592501532,-0.0005094366680195583,0.06036462277387763,0.02193041527406392,11,350.9094660423504,SUCCESS,,False
000990,CLOSE_TO_CLOSE,808,-0.04185637656119027,0.5153324132219573,-0.17886684870624134,-0.004614330382341637,-0.0027727062368948646,-0.0018416241454467727,0.10107689983282327,0.020673464567820377,11,377.50658107988534,SUCCESS,,False
000990,OVERNIGHT,808,0.03697320745162861,0.16062147427370438,-0.084828818741614,-0.0018373903519598896,0.0002178861645086433,-0.002055276516468533,0.02685493424349876,0.02213295268706217,11,377.50658107988534,SUCCESS,,False
000990,INTRADAY,808,-0.07728834691495672,0.35879400187231236,-0.09593685353057543,-0.0027685285879689644,-0.002981369508856406,0.00021284092088744155,0.07481185323839866,0.02936176689506742,11,377.50658107988534,SUCCESS,,False
000993,CLOSE_TO_CLOSE,1032,0.19105439239872085,-0.395722284924623,-0.040184923803682944,0.009458794451605287,0.0044309597770640086,0.005027834674541279,0.009315005112524454,0.04550136433637553,11,421.1439192776521,SUCCESS,,True
000993,OVERNIGHT,1032,-0.2378587041114252,-0.2184409753636682,-0.002332178553682404,0.006744293709004487,0.0025435742239318937,0.0042007194850725935,-0.0013768767834223578,0.08255616985253189,11,421.1439192776521,SUCCESS,,False
000993,INTRADAY,1032,0.43256530691010986,-0.18644811702776912,-0.03507579509828786,0.002799574151915644,0.0019855675576912757,0.0008140065942243684,0.01073426440019773,0.013269713227769597,11,421.1439192776521,SUCCESS,,False
000998,CLOSE_TO_CLOSE,1074,-0.024391673109875892,-0.046497552824694824,-0.1623905984957825,0.0006642069518454502,0.0030364071241560098,-0.0023722001723105596,-0.19200204109787775,0.013022999485275633,11,358.96959291924776,SUCCESS,,False
000998,OVERNIGHT,1074,-0.10858370315895739,-0.040960579642280726,-0.0647042922053372,0.0038121555103441786,0.0016533497084382752,0.0021588058019059034,-0.03734297123285037,0.02194295724678441,11,358.96959291924776,SUCCESS,,False
000998,INTRADAY,1074,0.08467894207742646,-0.0039977415840747104,-0.09973157255777793,-0.0031958490788167454,0.0013981347046614079,-0.004593983783478153,-0.15777976862608403,0.018270482242102815,11,358.96959291924776,SUCCESS,,False
001201,CLOSE_TO_CLOSE,1023,-0.07773804374300002,-0.14393346757187062,0.04542457176449062,-0.0018402749537758945,0.002957599951330721,-0.004797874905106615,-0.05034813036211392,0.018839613485851503,11,318.5663309455692,SUCCESS,,False
001201,OVERNIGHT,1023,-0.019656608167222756,-0.17370815109686644,0.07167681138391412,0.0012008418249854422,0.0034253692959092114,-0.002224527470923769,-0.009967829818557886,0.05045083675090434,11,318.5663309455692,SUCCESS,,False
001201,INTRADAY,1023,-0.057644372781086355,0.005979683506883238,-0.009058109047747958,-0.0030533511181958304,-0.0001761805553474622,-0.0028771705628483682,-0.040650384927531744,0.019391388606508464,11,318.5663309455692,SUCCESS,,False
001330,CLOSE_TO_CLOSE,948,-0.005220009969223123,0.0988355414983344,0.023002615040746126,0.0004100281273446138,-0.0013025620717369568,0.0017125901990815706,0.048109128623593726,0.04309795920825632,11,351.66130284816387,SUCCESS,,False
001330,OVERNIGHT,948,-0.11118357460872162,-0.48462641611490886,0.2312769990299805,0.0027336498754092463,0.002476041143119098,0.0002576087322901481,0.08077608958199278,0.15632610360049104,11,351.66130284816387,SUCCESS,,False
001330,INTRADAY,948,0.1049237447664905,0.5890239028740222,-0.2156536572507061,-0.0022200529545343614,-0.0036208715905332034,0.001400818635998842,-0.03502513808526079,0.03763723698753896,11,351.66130284816387,SUCCESS,,False
001896,CLOSE_TO_CLOSE,1229,0.1486995274255965,-0.23183545647147416,0.01322724533030752,0.004415629936728879,0.0021756942274762867,0.0022399357092525926,-0.0027000947084229523,0.017778815992127828,11,412.3955242382709,SUCCESS,,False
001896,OVERNIGHT,1229,-0.07512379601026732,-0.3226332895305245,0.04157875202427523,0.003540715000501564,0.0020123101923180398,0.0015284048081835241,0.014207665222473572,0.08844154842963536,11,412.3955242382709,SUCCESS,,False
001896,INTRADAY,1229,0.22640610392561236,0.08816230825102635,-0.026436325678652322,0.0008325333648644059,0.00017499831775935615,0.0006575350471050498,-0.01669132052737523,0.026346976099424824,11,412.3955242382709,SUCCESS,,False
002006,CLOSE_TO_CLOSE,816,0.3260075575029236,-0.24802677478169077,0.0784534328952089,0.003473413363293463,-0.0007738887486908909,0.004247302111984354,0.07588606905577769,0.031303376294468666,11,385.3642976851543,SUCCESS,,False
002006,OVERNIGHT,816,-0.011549030151169764,-0.35041061266533163,0.09761790105316037,0.004747149792955787,0.0028026228606130715,0.0019445269323427154,0.023169432133604662,0.10361449240678045,11,385.3642976851543,SUCCESS,,False
002006,INTRADAY,816,0.3424458733532052,0.10087291762916606,-0.01999569879770771,-0.0011359823270209214,-0.003504214042570883,0.0023682317155499615,0.05247495994511646,0.021799425261594396,11,385.3642976851543,SUCCESS,,False
002011,CLOSE_TO_CLOSE,1004,0.045763699002095246,-0.2038825964822694,-0.05463211896320866,0.004009136369984685,0.005213809503190656,-0.0012046731332059704,-0.009922242559249918,0.014423609778444035,11,290.10310951674336,SUCCESS,,False
002011,OVERNIGHT,1004,-0.025824286722063463,-0.09221196950595512,0.047906713199795385,0.00044327971748348016,0.002184956861159347,-0.0017416771436758668,0.01680291857603029,0.044037777481503615,11,290.10310951674336,SUCCESS,,False
002011,INTRADAY,1004,0.07234441714629404,-0.12330775640275346,-0.09390456882341372,0.003568134912614627,0.0030888702125532602,0.0004792647000613666,-0.026529396436632616,0.009274659094344662,11,290.10310951674336,SUCCESS,,False
002019,CLOSE_TO_CLOSE,816,-0.04362045225741014,0.2899351426952643,-0.3511509331995997,0.0028652640273228065,0.002461496962468737,0.00040376706485406935,0.260344081395822,0.025554202144181026,11,283.2777120699933,SUCCESS,,False
002019,OVERNIGHT,816,0.11478494393024408,0.057878929099914746,-0.0916405297426209,0.001974060473166374,0.0010472143001448303,0.0009268461730215435,0.13251068363915083,0.03865274751159675,11,283.2777120699933,SUCCESS,,False
002019,INTRADAY,816,-0.1559808016039516,0.22869505515874325,-0.25824322438528186,0.000883792744787535,0.00140736841232951,-0.0005235756675419749,0.12755942333235196,0.015450034040280891,11,283.2777120699933,SUCCESS,,False
002023,CLOSE_TO_CLOSE,967,0.009322991251610336,-0.007332422432379211,-0.06079697748751585,0.002641930104154741,0.0013044775329624225,0.0013374525711923185,0.05919603212578588,0.02734229159315249,11,354.4716209204535,SUCCESS,,False
002023,OVERNIGHT,967,-0.010054016771796596,-0.03276061148303519,-0.01555406338980596,0.0033372881381538762,0.0010917619232632021,0.002245526214890674,0.04784821281120055,0.06609031353364558,11,354.4716209204535,SUCCESS,,False
002023,INTRADAY,967,0.02115287579785557,0.021372744668478477,-0.042879751345628235,-0.0007499679060194251,0.00018330926293167078,-0.0009332771689510959,0.012338919530419486,0.013500699630348167,11,354.4716209204535,SUCCESS,,False
002031,CLOSE_TO_CLOSE,781,0.25388308866911563,-0.6254121043825741,0.15834769540626797,0.004431407436758957,0.0028163648711523465,0.0016150425656066107,-0.015059586141698542,0.02406596461062782,11,429.53172983238414,SUCCESS,,False
002031,OVERNIGHT,781,-0.2439228855346077,-0.43311029192496314,0.03800905595661651,0.00410709617695762,0.003920958066783414,0.00018613811017420545,-0.005129820623372167,0.11082736081384814,11,429.53172983238414,SUCCESS,,False
002031,INTRADAY,781,0.49985263780980094,-0.18599243673125493,0.12138640996354846,0.00031044379785875875,-0.001129711265002581,0.0014401550628613397,-0.009381376094378818,0.025225267391182138,11,429.53172983238414,SUCCESS,,False
002037,CLOSE_TO_CLOSE,974,0.030268892688479675,-0.23438846720945958,-0.03722169169282094,0.003765546212332216,0.002797154392378782,0.000968391819953434,0.05552343106514942,0.016189650346884354,11,433.3102303409422,SUCCESS,,False
002037,OVERNIGHT,974,-0.1383391690873234,-0.1820233111331785,-0.0046390660701029545,0.002937696328830161,0.0014723005297812009,0.0014653957990489602,0.04440662239139208,0.06338299432037997,11,433.3102303409422,SUCCESS,,False
002037,INTRADAY,974,0.17048875204998282,-0.05122933494565462,-0.030009332928372833,0.0007777168149697977,0.0012705501906438849,-0.0004928333756740871,0.011061489925121295,0.007684869557718743,11,433.3102303409422,SUCCESS,,False
002044,CLOSE_TO_CLOSE,1066,-0.06110033045675009,0.2990460113204014,-0.3328613600356279,0.004917428421961141,0.002483622579818337,0.002433805842142804,-0.08364209969390278,0.034308542195093716,11,368.56035448849684,SUCCESS,,False
002044,OVERNIGHT,1066,-0.07415804666743792,-0.06217657618739802,-0.0022824595409015385,0.0017012417829359496,0.0009064337237695407,0.0007948080591664089,0.012322142246683196,0.030463672206441528,11,368.56035448849684,SUCCESS,,False
002044,INTRADAY,1066,0.014173508112352967,0.3601640069608366,-0.32972564780208474,0.0032431268893075467,0.0015388526143243417,0.001704274274983205,-0.09356886468903948,0.025364210599099768,11,368.56035448849684,SUCCESS,,False
002045,CLOSE_TO_CLOSE,1403,0.07543520774484708,-0.30420215360622094,-0.002820837598266556,0.005525885392256699,0.004008928091705825,0.0015169573005508735,0.027356916521287713,0.02273667224006759,11,451.4835539525903,SUCCESS,,False
002045,OVERNIGHT,1403,-0.05901596759039946,-0.16944173136874274,-0.03987064756453017,0.004429870186428157,0.0018314603377009991,0.0025984098487271574,0.044882379242449394,0.06538031425885882,11,451.4835539525903,SUCCESS,,False
002045,INTRADAY,1403,0.13872051249855402,-0.13525506220015576,0.04018985167940329,0.001154119639642296,0.002158023339369961,-0.0010039036997276651,-0.023263699251757534,0.008925458939502806,11,451.4835539525903,SUCCESS,,False
002059,CLOSE_TO_CLOSE,1233,0.07159370514252776,-0.16854465344187788,-0.11407673241839496,0.0043174554235761164,0.0031008121306980163,0.0012166432928781001,0.0056103762055665085,0.04328829409116086,11,443.93789002176857,SUCCESS,,False
002059,OVERNIGHT,1233,-0.2191465160857723,0.289753799854569,-0.29171503042890207,0.004657683279996792,0.002966422217617143,0.0016912610623796495,0.046983743362578295,0.22066666722206152,11,443.93789002176857,SUCCESS,,False
002059,INTRADAY,1233,0.29183156595983134,-0.4536775001481841,0.1758060721983903,-0.0004500961867359224,0.00012906759951969785,-0.0005791637862556202,-0.04130235251190012,0.041508343061590125,11,443.93789002176857,SUCCESS,,False
002067,CLOSE_TO_CLOSE,1002,0.037230233202611325,-0.06828668770458277,-0.05119814290926745,0.001855687493011661,-0.00035158461272330466,0.0022072721057349656,-0.05070967422530777,0.02695734542806605,11,295.48547850902577,SUCCESS,,False
002067,OVERNIGHT,1002,0.001425123098926808,0.11007292130480825,-0.15860938160031324,0.005356912281130548,0.0025373742961459153,0.0028195379849846325,0.012969758535725818,0.07744671548850013,11,295.48547850902577,SUCCESS,,False
002067,INTRADAY,1002,0.035028256936528744,-0.17141604302835126,0.10359018186202426,-0.003702860521848898,-0.002861891669962025,-0.0008409688518868728,-0.06287601154764337,0.03298190463543038,11,295.48547850902577,SUCCESS,,False
002068,CLOSE_TO_CLOSE,1165,0.041297320512504905,-0.017095074716190633,-0.05302874812599274,0.0004547718443736592,0.0022809938171728175,-0.0018262219727991583,-0.024407373356139038,0.01614154575668747,11,408.44124965755816,SUCCESS,,False
002068,OVERNIGHT,1165,0.034608997915672735,-0.02698252682745564,-0.07324428750431594,0.0030077728204647124,0.002192492593023551,0.0008152802274411612,-0.002795082134108139,0.06400050882035813,11,408.44124965755816,SUCCESS,,False
002068,INTRADAY,1165,0.006552882499425708,0.013495484577396495,0.02067665602295672,-0.0027801197813041986,8.362054080534621e-05,-0.002863740322109545,-0.02176638722749995,0.008579662851953107,11,408.44124965755816,SUCCESS,,False
002073,CLOSE_TO_CLOSE,807,0.10181892003130219,-0.5563140851397774,0.4081947855241278,0.008446798132712926,0.0025989025622483175,0.005847895570464608,0.03442678892784666,0.02844511624356383,11,388.25647950751386,SUCCESS,,True
002073,OVERNIGHT,807,0.008961642686096788,-0.20384784062283964,0.16630517425914443,-0.002973696220936274,0.0004722807391076833,-0.0034459769600439574,0.10442152412113603,0.09213914745949892,11,388.25647950751386,SUCCESS,,True
002073,INTRADAY,807,0.09493225257990881,-0.34634998424279034,0.23827476309352733,0.011371680687399383,0.0021093772578618802,0.009262303429537502,-0.06708501328046473,0.01926569408796175,11,388.25647950751386,SUCCESS,,True
002094,CLOSE_TO_CLOSE,1584,0.037942597179458165,-0.15450735612751387,-0.06632056246043211,0.003472899923442644,0.0032364779658014993,0.00023642195764114488,0.05377488341278684,0.03308756268722235,11,439.70748935366043,SUCCESS,,False
002094,OVERNIGHT,1584,-0.12215889776645288,-0.16999554314594317,0.0032962952698497375,0.0013654706837662837,0.0010785421604262435,0.00028692852334004024,0.07950167735397079,0.15782444958787822,11,439.70748935366043,SUCCESS,,False
002094,INTRADAY,1584,0.1642661208948584,0.023391461114832392,-0.07572444831236695,0.0021935056289076153,0.002234990785887271,-4.1485156979655796e-05,-0.028349986647053533,0.011721443051791125,11,439.70748935366043,SUCCESS,,False
002098,CLOSE_TO_CLOSE,1067,0.013670686178498667,0.10702099879711413,-0.18043044077474857,0.0008047968636794127,0.0015599288615263385,-0.0007551319978469258,0.11562104797826787,0.028898759147120145,11,407.6448211524541,SUCCESS,,False
002098,OVERNIGHT,1067,-0.07980022927995377,-0.03471693402823369,-0.07366412535517526,0.004381105965378501,0.0024527301918296548,0.001928375773548846,0.04292530950628867,0.06560549410719552,11,407.6448211524541,SUCCESS,,False
002098,INTRADAY,1067,0.09626502457468049,0.14095459504772473,-0.10539011571472659,-0.003639801305297726,-0.00088082388604796,-0.002758977419249766,0.0733750890035925,0.027669655855858677,11,407.6448211524541,SUCCESS,,False
002099,CLOSE_TO_CLOSE,786,-0.011799300774376013,0.2985997536647578,-0.1168012992244906,0.0033688924440511657,0.0013736320661977552,0.0019952603778534105,-0.10315337822968608,0.04617159497591872,11,418.68591649172157,SUCCESS,,False
002099,OVERNIGHT,786,-0.028254136479911936,0.2906722207526302,-0.1501473716618742,0.004274959416203679,0.001235800422992886,0.0030391589932107933,-0.07160100546504163,0.25965740607797017,11,418.68591649172157,SUCCESS,,False
002099,INTRADAY,786,0.016011315080395154,0.011171282387655796,0.02942077616710499,-0.0009719738186447294,0.00020900613013966757,-0.001180979948784397,-0.03377777312305927,0.016895426881642694,11,418.68591649172157,SUCCESS,,False
002103,CLOSE_TO_CLOSE,1584,0.042913127253055336,0.22645899638189224,-0.20424065691084337,-0.0007901336069814774,0.0007692358938501676,-0.001559369500831645,0.10908127042398046,0.038575988333107825,11,400.788056429141,SUCCESS,,False
002103,OVERNIGHT,1584,-0.10972155216382365,-0.07597001516938161,-0.10094296475111228,0.0017229578172650941,0.002292815615357658,-0.000569857798092564,0.07512918509875843,0.16152562420143313,11,400.788056429141,SUCCESS,,False
002103,INTRADAY,1584,0.15597117900918617,0.30777956251413174,-0.1059799470894688,-0.002610454849753141,-0.0015724978577309479,-0.0010379569920221932,0.036021687344830224,0.01044688485968348,11,400.788056429141,SUCCESS,,False
002114,CLOSE_TO_CLOSE,1282,0.10040953244019596,-0.11732008355087331,-0.019932684070080045,0.0014637077101377904,-0.0004451089985710588,0.0019088167087088492,0.011971350907206675,0.017421276451442202,11,337.31916701112146,SUCCESS,,False
002114,OVERNIGHT,1282,-0.008083005152240395,-0.25949915223935854,0.002870071568255936,0.006182692092668023,0.0029603474009804592,0.0032223446916875634,-0.027869045788318694,0.0692891752850684,11,337.31916701112146,SUCCESS,,False
002114,INTRADAY,1282,0.10921014971048114,0.14218317324173654,-0.021825882220277208,-0.004679630134482297,-0.0033437051122026523,-0.001335925022279645,0.03571414552462531,0.022758217069864806,11,337.31916701112146,SUCCESS,,False
002115,CLOSE_TO_CLOSE,1340,0.1390155568293028,-0.2758681638556112,-0.2351366003176751,0.004892654199651202,0.005666846201380825,-0.0007741920017296233,0.08776334061647548,0.05463490407804139,11,366.5574934920621,SUCCESS,,False
002115,OVERNIGHT,1340,-0.07943665338460042,-0.30795682772814803,-0.1365464265734143,0.004650914934634047,0.005335610899816056,-0.0006846959651820089,0.09535542613784903,0.21657027882564273,11,366.5574934920621,SUCCESS,,False
002115,INTRADAY,1340,0.21831306595591674,0.031534607100822676,-0.09862995316775428,0.00015537777298796698,0.00032572930022296137,-0.0001703515272349944,-0.004900989751828466,0.010178584082826125,11,366.5574934920621,SUCCESS,,False
002123,CLOSE_TO_CLOSE,967,0.009035964081218671,-0.1600193393767579,0.007961870853342705,0.0014658051734384725,0.000975421628894399,0.0004903835445440735,-0.04615429896736759,0.005132535913293768,11,521.4673430499133,SUCCESS,,False
002123,OVERNIGHT,967,0.1216473794908138,-0.05963281679448172,-0.10373532635699659,0.0015411295914536938,0.0014270390384523157,0.00011409055300137805,0.163380882071808,0.04416515473782345,11,521.4673430499133,SUCCESS,,False
002123,INTRADAY,967,-0.11036938863192854,-0.10250448661370498,0.11142810203393318,-8.649541540764472e-05,-0.00044915391961550255,0.00036265850420785783,-0.19272782888622816,0.005253010546145465,11,521.4673430499133,SUCCESS,,False
002134,CLOSE_TO_CLOSE,1584,0.11945583735209303,-0.030146726590246167,-0.1667299615695154,0.0032530653491070396,0.003203594675652184,4.947067345485549e-05,0.017720177060238543,0.03236892239476585,11,340.44292856249945,SUCCESS,,False
002134,OVERNIGHT,1584,-0.06474502481799303,-0.02681202130108773,-0.10436425161421903,0.004593874470235303,0.0017149906722224856,0.0028788837980128178,-0.0044265487237490795,0.08365455996833127,11,340.44292856249945,SUCCESS,,False
002134,INTRADAY,1584,0.18690848837244967,0.0020101618837597996,-0.06566271865343154,-0.001403027483510691,0.0015110681802607412,-0.002914095663771432,0.022540567081420763,0.022221365617457023,11,340.44292856249945,SUCCESS,,False
002137,CLOSE_TO_CLOSE,1522,0.09666634932994822,-0.15200127269135358,-0.05034664087998631,0.005282420417540713,0.0027677772308682333,0.00251464318667248,0.026918003778523596,0.03694325202630033,11,331.2190460668877,SUCCESS,,False
002137,OVERNIGHT,1522,-0.04926634239182364,-0.2847693945346549,-0.046638150827126405,0.005352002968989564,0.005347499116058245,4.503852931318775e-06,0.06980987815221269,0.24828971458382243,11,331.2190460668877,SUCCESS,,False
002137,INTRADAY,1522,0.14877035044657969,0.13430087810514788,-0.0034843993339089374,-9.275693260395916e-05,-0.0025361582880655763,0.002443401355461617,-0.04142660651105456,0.019761322949877425,11,331.2190460668877,SUCCESS,,False
002146,CLOSE_TO_CLOSE,753,-0.09953360853848059,0.16495622184349518,-0.20651360737899613,0.000783074819306789,0.0037916574390091003,-0.0030085826197023113,-0.066370265957987,0.03385410231964414,11,548.4915450536233,SUCCESS,,False
002146,OVERNIGHT,753,-0.15751892038189053,0.0168630088939644,-0.31751492533651077,0.005723353196934228,0.005856780490162796,-0.0001334272932285675,-0.016595112205628215,0.12387777413747358,11,548.4915450536233,SUCCESS,,True
002146,INTRADAY,753,0.060421003646740155,0.1512153551903592,0.10332663953511322,-0.005064013285962849,-0.002016674702763805,-0.003047338583199044,-0.04803427124801921,0.02290532875906859,11,548.4915450536233,SUCCESS,,False
002160,CLOSE_TO_CLOSE,1072,0.002391191162968015,-0.13611983351155105,-0.10261965614629832,0.00038498631545332007,0.0035667733814173097,-0.0031817870659639896,-0.039357363502372254,0.05035296538025458,11,377.21687563084106,SUCCESS,,False
002160,OVERNIGHT,1072,0.0469659988186545,-0.14493641299471224,-0.07645415899665163,0.005059230550368499,0.003445742910418159,0.0016134876399503395,0.006227330767797157,0.1497039674819045,11,377.21687563084106,SUCCESS,,False
002160,INTRADAY,1072,-0.0434492639167203,0.014327792613674504,-0.031020525325499447,-0.005018470750490652,0.0002591196392373273,-0.0052775903897279795,-0.04437208300160934,0.0955324468575871,11,377.21687563084106,SUCCESS,,False
002161,CLOSE_TO_CLOSE,1034,-0.05837561017209662,0.13711831431372162,-0.11686029041665977,0.0006560043872229446,0.0015513446609656777,-0.000895340273742733,-0.02826260323533236,0.019714792350753463,11,393.8155453706444,SUCCESS,,False
002161,OVERNIGHT,1034,-0.09325719983553897,0.18609639090065772,-0.15838914700129858,0.002794104664331814,0.0018878886030090913,0.0009062160613227226,-0.00963022401592203,0.0759735797838973,11,393.8155453706444,SUCCESS,,False
002161,INTRADAY,1034,0.036535972755935925,-0.034221557794107474,0.03311364502855151,-0.002129154682338723,-0.0002959031617304278,-0.0018332515206082953,-0.018000404209666997,0.01932029602586982,11,393.8155453706444,SUCCESS,,False
002162,CLOSE_TO_CLOSE,1584,0.10413020713243483,0.040738091695671406,-0.07451593437475817,0.003446837201943099,0.0008490516236833515,0.0025977855782597474,0.04641148544354868,0.03231061711833516,11,368.93453385029125,SUCCESS,,False
002162,OVERNIGHT,1584,-0.07283040490760406,-0.13694029431906574,-0.03390462938269141,0.0033949406581919583,0.0022014438813600726,0.0011934967768318858,0.06095233553275082,0.07649992445819931,11,368.93453385029125,SUCCESS,,False
002162,INTRADAY,1584,0.18225205797159452,0.17754636655750453,-0.0397528598701883,-2.0988085305574666e-05,-0.0014046107452063278,0.0013836226599007531,-0.01252051027362816,0.015378750255431672,11,368.93453385029125,SUCCESS,,False
002163,CLOSE_TO_CLOSE,1584,0.12726599758181137,-0.07286029394006466,-0.04307174500830013,0.0010496665210739872,-0.0005743437287684117,0.0016240102498423989,0.03850963619180471,0.021593102359783733,11,382.4136418374553,SUCCESS,,False
002163,OVERNIGHT,1584,-0.03752399267363732,-0.3612197743817767,0.037808591540611426,0.004692914082503927,0.003232416392028259,0.0014604976904756678,-0.0006972590678066372,0.07702788961952522,11,382.4136418374553,SUCCESS,,False
002163,INTRADAY,1584,0.16798035552019633,0.2838775427330705,-0.08157071322164217,-0.003571000438657731,-0.0036442678321035177,7.326739344578649e-05,0.03719744033471052,0.0137228898920152,11,382.4136418374553,SUCCESS,,False
002164,CLOSE_TO_CLOSE,1584,0.16264443766915745,-0.22767161977147077,-0.1259756377003322,0.00421861102676771,0.004114679768812662,0.00010393125795504776,0.0047680140658351005,0.034403252897394876,11,400.2478105271945,SUCCESS,,False
002164,OVERNIGHT,1584,-0.059450081522601346,-0.1451660007010134,-0.1169810969812067,0.005190388501530703,0.0036052452373815103,0.0015851432641491928,0.044179430339961946,0.15713768486953328,11,400.2478105271945,SUCCESS,,False
002164,INTRADAY,1584,0.22380484417427868,-0.08036858312134872,-0.010179866640783552,-0.0010190946627202727,0.0005542675145701892,-0.0015733621772904618,-0.03968771769400287,0.02242938646576953,11,400.2478105271945,SUCCESS,,False
002167,CLOSE_TO_CLOSE,1584,0.1701498209725673,-0.39728803605773333,0.038526809782957805,0.007310708255713718,0.003950748533573981,0.003359959722139738,0.06271064378161031,0.04642066069172912,11,361.11576420969635,SUCCESS,,False
002167,OVERNIGHT,1584,-0.007775320141906899,-0.13578288965404997,-0.06782365904877323,0.005502569503778809,0.002743650248475754,0.002758919255303055,-0.004637744246236497,0.06948118214033627,11,361.11576420969635,SUCCESS,,False
002167,INTRADAY,1584,0.1828270585800042,-0.2594879776044788,0.10544703370890819,0.001786112342569677,0.001216389518250538,0.0005697228243191389,0.06927467141497169,0.02935692681020674,11,361.11576420969635,SUCCESS,,False
002172,CLOSE_TO_CLOSE,1355,0.09317799090564097,0.05885110000937239,-0.12039015488054886,0.003508404637637165,0.000987294677994105,0.00252110995964306,-0.0038147357605084046,0.03229200805742294,11,447.49121074026124,SUCCESS,,False
002172,OVERNIGHT,1355,-0.13423415556817334,0.08947667865670099,-0.1676885887482544,0.0034088518821628055,0.0021417736772283147,0.0012670782049344909,0.01294812427448148,0.09436781906674896,11,447.49121074026124,SUCCESS,,False
002172,INTRADAY,1355,0.23045211944959082,-0.027356450870301165,0.0473863211235854,5.389087052069981e-05,-0.0012004540079193658,0.0012543448784400656,-0.01818077197614068,0.020888015370603474,11,447.49121074026124,SUCCESS,,False
002173,CLOSE_TO_CLOSE,1584,0.17702891406902016,-0.13144687453063522,-0.1287485271518968,0.0037264836187363426,0.003310208520173479,0.0004162750985628634,0.14036839713941188,0.03907233831059853,11,361.1622477721485,SUCCESS,,False
002173,OVERNIGHT,1584,-0.12039132960672999,-0.2333237076114684,-0.07136720720714419,0.004012180895054045,0.0029230175460705984,0.001089163348983447,0.11844420998103285,0.13204442312961628,11,361.1622477721485,SUCCESS,,False
002173,INTRADAY,1584,0.30365514930724086,0.10739725520793761,-0.05672350435064878,-0.0004639292165179096,0.00031377629678158714,-0.0007777055132994967,0.022936442478878404,0.00944619430915139,11,361.1622477721485,SUCCESS,,False
002174,CLOSE_TO_CLOSE,953,-0.07527071885441843,0.06750692593456291,-0.07886470464166616,-0.0015763883289148031,0.0006940858718019263,-0.0022704742007167295,0.08839213394080367,0.01225329332633962,11,365.83412676447966,SUCCESS,,False
002174,OVERNIGHT,953,-0.07844940577394725,0.031391048576328975,-0.0922872050750077,0.004238524703628788,0.0017174572873142474,0.0025210674163145402,0.05063544011734518,0.039604878501532714,11,365.83412676447966,SUCCESS,,False
002174,INTRADAY,953,0.002219868172446414,0.0381284450862156,0.014519204628054592,-0.006046032634065031,-0.0010768121204730533,-0.004969220513591978,0.03658672053308619,0.015379710115414391,11,365.83412676447966,SUCCESS,,False
002178,CLOSE_TO_CLOSE,1584,0.11140277896515338,-0.40954457355483187,0.060881373328124384,0.0035596802145224232,0.0025611071758795123,0.000998573038642911,0.012327959674067763,0.02361946525290337,11,429.2663987770493,SUCCESS,,False
002178,OVERNIGHT,1584,-0.11744750276974082,-0.34007875861525144,-0.030384980254915282,0.004926182424892497,0.0033464648490871274,0.00157971757580537,0.03234586714542034,0.1684235851384771,11,429.2663987770493,SUCCESS,,False
002178,INTRADAY,1584,0.2327198988442869,-0.06414669801971178,0.0887773386814891,-0.0016134858397543195,-0.0007787720195603295,-0.0008347138201939899,-0.019128686931251745,0.011860157289260376,11,429.2663987770493,SUCCESS,,False
002180,CLOSE_TO_CLOSE,765,-0.10828930579044829,0.2930907187984377,-0.17688137322396796,-0.016706838948574027,-0.0013788682376652955,-0.015327970710908731,0.0988172881724529,0.02502515444870068,11,416.6840631228343,SUCCESS,,True
002180,OVERNIGHT,765,-0.08908337051458831,0.01615353403799712,0.13459237791900688,-0.00526970624170775,-0.002208595289429875,-0.003061110952277875,0.07211940633465719,0.040158461357255426,11,416.6840631228343,SUCCESS,,True
002180,INTRADAY,765,-0.01586460829931805,0.27717375699271385,-0.3081169048104735,-0.01142906739941989,0.0007572362994243409,-0.012186303698844232,0.029045869657603657,0.020372388885340098,11,416.6840631228343,SUCCESS,,True
002186,CLOSE_TO_CLOSE,852,-0.012935997805563945,0.27849089411028016,-0.2008285769303136,-0.002408486320533688,-0.0001482859553517408,-0.0022602003651819476,0.02128280794493106,0.02447646545500981,11,336.1019167441977,SUCCESS,,False
002186,OVERNIGHT,852,-0.10732965094246232,-0.21724345176383253,-0.018192318643629756,0.003697302740504481,0.006069371098217103,-0.0023720683577126223,0.025367748532352703,0.1920315030191887,11,336.1019167441977,SUCCESS,,True
002186,INTRADAY,852,0.09464033714279235,0.47752549770702,-0.17286819088192937,-0.005977672063046308,-0.005958329673647866,-1.934238939844176e-05,-0.004078808580997808,0.049767718185024235,11,336.1019167441977,SUCCESS,,True
002189,CLOSE_TO_CLOSE,995,0.12139609599475161,-0.0299559090898194,-0.08879807829011298,0.005814040520255789,0.001497681967753406,0.004316358552502383,0.044350563707565724,0.039436789673522155,11,364.87387534025675,SUCCESS,,False
002189,OVERNIGHT,995,-0.13334153986729716,0.1919984562309514,-0.258849888219854,0.0036219300840180744,0.0018219461661935603,0.001799983917824514,0.06687128338549882,0.10709288792833416,11,364.87387534025675,SUCCESS,,False
002189,INTRADAY,995,0.2573502251840275,-0.23136682866828845,0.1733793324911758,0.0022636555743080697,-0.0002550376208055871,0.002518693195113657,-0.02185886546160962,0.036866455368371964,11,364.87387534025675,SUCCESS,,False
002196,CLOSE_TO_CLOSE,913,0.0802138840104106,-0.009105473702318996,-0.08587781642759655,0.0028486869649258575,0.0028259654072676083,2.2721557658249292e-05,0.06457788735589666,0.039611964519663756,11,359.43847940242586,SUCCESS,,False
002196,OVERNIGHT,913,-0.09249532896601992,0.020417258419307926,-0.15655709554440114,0.0037428746869543512,0.0037255934048794973,1.7281282074853993e-05,0.03683921719155494,0.09092882325212148,11,359.43847940242586,SUCCESS,,False
002196,INTRADAY,913,0.17339590286439335,-0.03427556445671129,0.07291708513860135,-0.0008529183641700269,-0.0008251946332693272,-2.772373090069967e-05,0.02867023423635378,0.015182518817054014,11,359.43847940242586,SUCCESS,,False
002205,CLOSE_TO_CLOSE,996,0.11494743461882843,-0.2490426354911406,0.0010204750184733186,0.002879144631951658,-0.00029585411116941907,0.003174998743121077,-0.10020455474901492,0.03375954780807666,11,394.1218004977634,SUCCESS,,False
002205,OVERNIGHT,996,-0.01183468788996738,-0.039716804519590226,-0.11829663354234733,0.001903377349631391,0.0007808026799825743,0.0011225746696488167,0.0008204032682116854,0.03991182667111948,11,394.1218004977634,SUCCESS,,False
002205,INTRADAY,996,0.12671084148330633,-0.20491663659320888,0.1149180933906406,0.001071957687452163,-0.001020924428711184,0.002092882116163347,-0.10215785590880952,0.020198460237206062,11,394.1218004977634,SUCCESS,,False
002213,CLOSE_TO_CLOSE,943,0.14710640437443992,-0.1589538794305883,-0.09844919475722824,0.0037909248864564232,0.0018759372992774304,0.0019149875871789929,-0.021251114033752967,0.03530992994984716,11,400.7487755352157,SUCCESS,,False
002213,OVERNIGHT,943,-0.052874778851231014,-0.018980522063601526,-0.13086412715610446,0.002452366587563818,0.002394914441771756,5.7452145792061954e-05,0.029922953462971844,0.06346589319034923,11,400.7487755352157,SUCCESS,,False
002213,INTRADAY,943,0.20473241659125155,-0.14507002504809252,0.03417757778494374,0.0013190898700305223,-0.000492258309577831,0.0018113481796083533,-0.0512433732095694,0.028503161784031672,11,400.7487755352157,SUCCESS,,False
002221,CLOSE_TO_CLOSE,996,-0.0010835514830920003,0.37947618029771724,-0.3671827820676557,0.004907855324501276,0.002188402922607885,0.0027194524018933908,-0.13518036312784906,0.02663734487436542,11,386.4947951312992,SUCCESS,,False
002221,OVERNIGHT,996,0.02483458479262094,0.11557230507811701,-0.07346172973747606,0.0008064423655509446,0.0010145226816891256,-0.00020808031613818098,-0.10356554623094023,0.02700345524978387,11,386.4947951312992,SUCCESS,,False
002221,INTRADAY,996,-0.023773883809082602,0.2651533384540198,-0.29383204478106895,0.004111863411425018,0.0012262732455363828,0.002885590165888635,-0.03278701886727187,0.024915306178616925,11,386.4947951312992,SUCCESS,,False
002229,CLOSE_TO_CLOSE,1584,0.07995143725238987,-0.31118389218600556,0.04185399006575807,0.003309768922011458,0.0035021960964738974,-0.0001924271744624395,0.005053609524426066,0.017836024361251646,11,369.0187727436803,SUCCESS,,False
002229,OVERNIGHT,1584,-0.05409463552101823,-0.3574598592992229,0.01228182706232186,0.004257604687121733,0.004544776497983044,-0.0002871718108613114,0.022676578532131408,0.10660261105826851,11,369.0187727436803,SUCCESS,,False
002229,INTRADAY,1584,0.1371603723665582,0.059606842577833205,0.02499746674412949,-0.0009876560607106292,-0.0010640971388456502,7.644107813502103e-05,-0.017632766268223445,0.00518525810736814,11,369.0187727436803,SUCCESS,,False
002234,CLOSE_TO_CLOSE,1269,-0.002115588665236528,-0.153315683079514,0.032200579248104634,0.0002864802872436095,-0.0002205192467937961,0.0005069995340374056,0.06983183242338001,0.008488476575315151,11,331.3362709168547,SUCCESS,,False
002234,OVERNIGHT,1269,-0.00901158708629527,-0.1156369368317943,0.027836648086104667,0.00121764876570336,0.0025239561635046204,-0.0013063073978012603,0.07413955644695716,0.04610448491347341,11,331.3362709168547,SUCCESS,,False
002234,INTRADAY,1269,0.006865979834763361,-0.05051829396195879,0.012534992235783296,-0.0009228260805310556,-0.0026376417133210095,0.0017148156327899539,-0.004018070906307702,0.01315452454643673,11,331.3362709168547,SUCCESS,,False
002235,CLOSE_TO_CLOSE,1408,0.10358582112159792,-0.23174134314249373,0.0031199764298630596,0.0020160358147914594,0.0016287705724467721,0.0003872652423446872,0.08912894193596184,0.02422163926111065,11,396.15730668117345,SUCCESS,,False
002235,OVERNIGHT,1408,-0.16636652090504955,-0.3396632240202716,-0.08685425205477734,0.004873741477823148,0.004087036536683658,0.0007867049411394902,0.06410099323260254,0.13048851476410195,11,396.15730668117345,SUCCESS,,False
002235,INTRADAY,1408,0.2738655684880071,0.1116340125150431,0.0905784371572355,-0.002950249407859845,-0.002486564516153228,-0.0004636848917066172,0.02581187465561216,0.012338378004356998,11,396.15730668117345,SUCCESS,,False
002248,CLOSE_TO_CLOSE,1584,0.10648218300925631,-0.1733867177041822,-0.01956128421646401,0.0010460410531125883,0.001586870435104415,-0.0005408293819918267,0.024457753453481574,0.02596309007254405,11,429.6046054603312,SUCCESS,,False
002248,OVERNIGHT,1584,-0.13863498671405725,-0.19329145689999055,-0.08423890491418398,0.0043439878282298915,0.0021993182357485652,0.0021446695924813262,0.06644156199870914,0.1287634834967002,11,429.6046054603312,SUCCESS,,False
002248,INTRADAY,1584,0.24901450061934827,0.024620421853089002,0.06796312170939577,-0.0035041065374407923,-0.0007081160809211708,-0.0027959904565196215,-0.04431753523526244,0.029501830555188624,11,429.6046054603312,SUCCESS,,False
002261,CLOSE_TO_CLOSE,1584,0.1452792351222015,-0.27003234887164085,0.0534363731033427,0.0003141595169125211,0.002092015951019141,-0.00177785643410662,0.027190692610581515,0.02953463811870094,11,368.09179263658336,SUCCESS,,False
002261,OVERNIGHT,1584,-0.18108789645605688,-0.10466995732731277,-0.03292778848347366,-0.00012177612404300035,0.0026862447152322805,-0.002808020839275281,0.05770964469654821,0.10614716600561314,11,368.09179263658336,SUCCESS,,False
002261,INTRADAY,1584,0.32798076706524343,-0.16964065239592802,0.08777517606900373,0.0004931137655330708,-0.0005274199538083946,0.0010205337193414654,-0.030908785397149908,0.015779050120902305,11,368.09179263658336,SUCCESS,,False
002264,CLOSE_TO_CLOSE,1366,0.1070225890198659,-0.045600744059056016,-0.06850133880446829,0.004507001027372101,0.0018603349354953391,0.002646666091876762,-0.09979478732037322,0.02315164051607299,11,388.9267360862275,SUCCESS,,False
002264,OVERNIGHT,1366,-0.05160515878549332,-0.16545913469342452,0.0035402352067896957,0.00449290211395444,0.0017257512671644132,0.0027671508467900265,-0.04123250829935571,0.08019009669689525,11,388.9267360862275,SUCCESS,,False
002264,INTRADAY,1366,0.16077000811621336,0.11472744385862844,-0.06816068323624246,-3.111786380772044e-05,0.00013945700470809064,-0.00017057486851581108,-0.05780375344277549,0.015216558151648907,11,388.9267360862275,SUCCESS,,False
002265,CLOSE_TO_CLOSE,897,0.007910533395818278,-0.3645667194251034,0.15421382277606854,0.0013425406940523951,0.0030469557043275447,-0.0017044150102751496,0.04201080553903063,0.05395648155298394,11,397.9140874727613,SUCCESS,,False
002265,OVERNIGHT,897,-0.1342935980657713,-0.3418060698402619,0.004008441113429351,0.0038241332866116307,0.0035013264310904124,0.00032280685552121824,0.060451131303704685,0.23105408361709912,11,397.9140874727613,SUCCESS,,False
002265,INTRADAY,897,0.14623606517108786,-0.018204167732698725,0.1496235318294457,-0.002450496756689388,-0.00042737787674571037,-0.002023118879943678,-0.021196336886166775,0.03932141373858855,11,397.9140874727613,SUCCESS,,False
002269,CLOSE_TO_CLOSE,1584,0.054692379255523324,-0.3004748304354686,0.03259951258895973,0.004334707109988178,0.0024308384952490686,0.0019038686147391098,0.03048907910009642,0.017995165197649876,11,456.5247205438074,SUCCESS,,False
002269,OVERNIGHT,1584,-0.26677703775189215,-0.33509072084273167,-0.03681442390478627,0.004589324057662381,0.0033379535228281743,0.0012513705348342063,0.05682444163386939,0.15971659380881575,11,456.5247205438074,SUCCESS,,False
002269,INTRADAY,1584,0.3243594680832251,0.04110078758686697,0.06626693164971248,-0.0003389501890166489,-0.0009090091108540574,0.0005700589218374085,-0.025818281661768073,0.008539212645264915,11,456.5247205438074,SUCCESS,,False
002279,CLOSE_TO_CLOSE,1584,0.05081296287414866,-0.12867699144361328,-0.0747950865062024,0.002286977235271678,0.0029928845221939213,-0.0007059072869222433,-0.03440725316050392,0.01315763469713016,11,378.22161068265075,SUCCESS,,False
002279,OVERNIGHT,1584,-0.12710498905910753,0.10995846205294192,-0.23798723217934506,0.002877877467183095,0.002607290090654496,0.0002705873765285992,-0.004888840973697537,0.08200294449003465,11,378.22161068265075,SUCCESS,,False
002279,INTRADAY,1584,0.17995332555987392,-0.23617822167982355,0.16183285809454748,-0.0005342084334139239,0.00042218058913085117,-0.0009563890225447751,-0.03254240587910719,0.015667912067662493,11,378.22161068265075,SUCCESS,,False
002285,CLOSE_TO_CLOSE,1255,-0.02243623351930265,0.05764942064653417,-0.22732829901771187,0.003710652921912555,0.0035805860860532446,0.00013006683585931045,-0.018778688272238334,0.019430552360743092,11,413.2950910513744,SUCCESS,,False
002285,OVERNIGHT,1255,-0.0936163059708517,-0.020675340109134254,-0.17683524277892837,0.002468862430327328,0.002659143778555202,-0.0001902813482278741,0.05232440915807259,0.06901132904799945,11,413.2950910513744,SUCCESS,,False
002285,INTRADAY,1255,0.07368425705864488,0.07713208775242046,-0.05315298339279305,0.0012512489626059428,0.0009943751352635422,0.00025687382734240066,-0.07013207275630891,0.009991255785547604,11,413.2950910513744,SUCCESS,,False
002291,CLOSE_TO_CLOSE,1584,0.03402455065066897,-0.17126132194013466,0.1549411930942027,0.0030491585052640907,-0.0009407316735444912,0.003989890178808582,0.07532703782270704,0.018681086698120186,11,404.36472611803083,SUCCESS,,False
002291,OVERNIGHT,1584,-0.04111238595461516,-0.3128718804359568,0.0007611870535963446,0.006271520475138619,0.0033644023853070457,0.002907118089831573,0.102895524360416,0.11456654027657209,11,404.36472611803083,SUCCESS,,False
002291,INTRADAY,1584,0.08068576983322051,0.12920601869066006,0.16379524865957157,-0.003356427102730092,-0.004258129293615451,0.0009017021908853586,-0.02327696706353231,0.01822152766055163,11,404.36472611803083,SUCCESS,,False
002292,CLOSE_TO_CLOSE,1584,0.09737939182074634,-0.2549423835012873,0.06048721699048605,0.00276229252725807,0.0016177788941977023,0.0011445136330603678,0.019053973356134516,0.019296408124818365,11,336.0848359979686,SUCCESS,,False
002292,OVERNIGHT,1584,-0.12202233644898063,-0.20597572627895158,-0.022239218131814464,0.003071373524358264,0.002997694790429023,7.367873392924093e-05,0.0002779194606754887,0.04949442737718346,11,336.0848359979686,SUCCESS,,False
002292,INTRADAY,1584,0.21843891307955504,-0.04071622926577168,0.07536894386078269,-0.0002356338788623638,-0.001321437271147946,0.0010858033922855823,0.01863471742716483,0.010494893494566004,11,336.0848359979686,SUCCESS,,False
002295,CLOSE_TO_CLOSE,983,0.02367422646644141,0.2325743173097226,-0.2767975791131128,0.004257752045737577,0.002404022395110908,0.001853729650626669,0.030164052172311277,0.045989164655968584,11,378.2492261318406,SUCCESS,,False
002295,OVERNIGHT,983,-0.003348124471067099,0.1082364191356797,-0.22089801107388654,0.0036660459995668457,0.00208247944202657,0.001583566557540276,0.06225547566458381,0.16802343547210385,11,378.2492261318406,SUCCESS,,False
002295,INTRADAY,983,0.030437996008925515,0.12448247570386492,-0.057060166959053596,0.0005483780187155798,0.0003999803812306836,0.00014839763748489623,-0.031401037334714416,0.010999032257729247,11,378.2492261318406,SUCCESS,,False
002296,CLOSE_TO_CLOSE,960,0.04891935096600028,0.0828273734295026,-0.06507983435228072,0.0015049866356829176,0.0015011194811811665,3.867154501751083e-06,0.06292161806832994,0.04303998003268528,11,422.7662413805549,SUCCESS,,False
002296,OVERNIGHT,960,0.034906068201547395,-0.1575816797869624,0.0014876950138592384,0.0009072195066742034,0.0012733437214399249,-0.0003661242147657215,0.13257814940024226,0.22008809017940345,11,422.7662413805549,SUCCESS,,False
002296,INTRADAY,960,0.016830438135112553,0.237731031366276,-0.07204223962894629,0.0006236198870339105,0.00022917228923147875,0.0003944475978024317,-0.060483790765145075,0.034540104239107805,11,422.7662413805549,SUCCESS,,False
002297,CLOSE_TO_CLOSE,1584,0.11773077306865201,-0.08540485071409412,0.0033524556800945144,-0.0009095898911077507,0.000452345742045529,-0.0013619356331532797,0.03152066998309379,0.01604067193926595,11,415.02765357482826,SUCCESS,,False
002297,OVERNIGHT,1584,-0.03201778699106527,-0.18257779640751776,-0.04500553400232838,0.002553172480513965,0.002733663336347794,-0.00018049085583382932,0.03473944176123662,0.055254622914316265,11,415.02765357482826,SUCCESS,,False
002297,INTRADAY,1584,0.15350276918848116,0.10441698055193277,0.04568612501574661,-0.0035582985809258297,-0.002282389202449754,-0.0012759093784760756,-0.0020769934290143888,0.015675639124811624,11,415.02765357482826,SUCCESS,,False
002298,CLOSE_TO_CLOSE,1232,0.14990390769844947,-0.017690064842782235,-0.1933996706719284,0.0029887453711252704,0.0003642753684190564,0.002624470002706214,0.04805753974665885,0.04394848722797817,11,355.71973296294743,SUCCESS,,False
002298,OVERNIGHT,1232,0.056275080576510504,-0.3903388556214892,-0.013222748107425126,0.005274464058467793,0.00341821623326663,0.0018562478252011627,0.03526884145343046,0.1555903134622968,11,355.71973296294743,SUCCESS,,False
002298,INTRADAY,1232,0.09464227997415588,0.3713366332117059,-0.17916528162931752,-0.0024023165236236113,-0.0031028387122304657,0.0007005221886068544,0.015004138735848934,0.02524830388287247,11,355.71973296294743,SUCCESS,,False
002307,CLOSE_TO_CLOSE,1019,-0.05005678791266807,0.052074040287106584,-0.10055352335631984,0.002475327198606936,0.002420665109898773,5.4662088708162804e-05,0.08330405207466841,0.03465057983609654,11,259.24307607941455,SUCCESS,,False
002307,OVERNIGHT,1019,-0.02191124090174382,-0.19328506618765448,0.017876875848736293,0.00460824638508292,0.001796013106854219,0.0028122332782287013,0.14629576566314467,0.2849576557292395,11,259.24307607941455,SUCCESS,,False
002307,INTRADAY,1019,-0.027766599358732248,0.24386776763891177,-0.11332653523284064,-0.0025786155380285204,0.00044316700200922043,-0.003021782540037741,-0.057673231839360045,0.021445254733465147,11,259.24307607941455,SUCCESS,,False
002329,CLOSE_TO_CLOSE,1455,0.0022822707014696487,0.17917560312246958,-0.12158730534433765,0.00026913210872933635,2.7678021226190674e-05,0.00024145408750314568,-0.008370976181513601,0.013164403752672471,11,379.2795136525362,SUCCESS,,False
002329,OVERNIGHT,1455,-0.13521729865506044,-0.10584555568550241,-0.019792041425453825,0.002653595152298356,0.002942026690872915,-0.00028843153857455867,0.004192205728584809,0.07286494177200531,11,379.2795136525362,SUCCESS,,False
002329,INTRADAY,1455,0.13788343110564028,0.28662513330248235,-0.1015552900564493,-0.002454943621874199,-0.002864033041769576,0.0004090894198953768,-0.011469014894438401,0.016350826426123954,11,379.2795136525362,SUCCESS,,False
002331,CLOSE_TO_CLOSE,1176,-0.002861280876486741,-0.2564426920028588,0.16167490633739362,-0.0008258928385583841,0.0005840388935783036,-0.0014099317321366878,0.028271026460317202,0.03200006439431635,11,448.12053094692703,SUCCESS,,False
002331,OVERNIGHT,1176,-0.09514586222718488,-0.3060227263889422,0.043517691181257756,0.0028028651585948034,0.002872751529883273,-6.98863712884695e-05,0.09494981746277499,0.22627302763799462,11,448.12053094692703,SUCCESS,,False
002331,INTRADAY,1176,0.09404182904089196,0.04693444554188018,0.12161971201909685,-0.0037181635762208246,-0.002219347572608693,-0.0014988160036121315,-0.06720525169746817,0.03169287634911111,11,448.12053094692703,SUCCESS,,False
002334,CLOSE_TO_CLOSE,800,0.26395570766108006,-0.6294150762281024,0.26246285098884437,0.001559434513633537,0.0008351255905309496,0.0007243089231025873,0.1994532832574342,0.06386383608943247,11,390.6796143587468,SUCCESS,,False
002334,OVERNIGHT,800,-0.009302094642980202,-0.42639857395649033,0.14534072312536972,0.002508889248862986,0.0022082450675223603,0.00030064418134062576,0.08920176229197029,0.186149646450944,11,390.6796143587468,SUCCESS,,False
002334,INTRADAY,800,0.27613811273282945,-0.20948514056798984,0.1231110643453387,-0.001063289171737286,-0.0014662087103761712,0.0004029195386388851,0.10928950781950957,0.016921411900021055,11,390.6796143587468,SUCCESS,,False
002337,CLOSE_TO_CLOSE,980,0.11036536903668083,-0.27341498640589224,0.03568261619734163,0.0029185759922230325,-2.8705072499579654e-05,0.002947281064722612,-0.03340244630612676,0.038574141935322825,11,337.6704665215055,SUCCESS,,False
002337,OVERNIGHT,980,-0.011716591143056879,-0.00768148532918318,-0.12919551071585336,0.002047182921533164,0.0015421664175079702,0.0005050165040251936,0.08681621400415843,0.22394184121537253,11,337.6704665215055,SUCCESS,,False
002337,INTRADAY,980,0.12316963602407047,-0.25688388414731106,0.1628926360709713,0.0006713474731686181,-0.0015329679658320217,0.0022043154390006398,-0.11789914465545774,0.06473635361222341,11,337.6704665215055,SUCCESS,,False
002343,CLOSE_TO_CLOSE,1584,5.3647219212592004e-05,-0.0013730139873772028,-0.02448843419435499,-0.00026232052075863405,0.00027346632399347093,-0.000535786844752105,0.002450320615990739,0.002320914505826166,11,346.17893250228155,SUCCESS,,False
002343,OVERNIGHT,1584,-0.06772544348434555,-0.12228111586469353,-0.07297176636168062,0.003499783310859008,0.0014072569690646297,0.0020925263417943783,0.05093899683631305,0.06427408473782736,11,346.17893250228155,SUCCESS,,False
002343,INTRADAY,1584,0.06940116176121595,0.11377346526467501,0.05371191848447063,-0.003920782784931295,-0.0011742655538483082,-0.0027465172310829865,-0.046594325894241846,0.014584975301087044,11,346.17893250228155,SUCCESS,,False
002347,CLOSE_TO_CLOSE,966,0.047977588477957855,0.16291721760468042,-0.0750899757543665,0.0009581143999543226,0.0016085586977499094,-0.0006504442977955868,0.0724873290507098,0.09948058843050711,11,387.400567298131,SUCCESS,,False
002347,OVERNIGHT,966,-0.08150767549777704,-0.14517554601586477,0.06256971171860612,0.0002750189419510468,0.0018448789252692027,-0.001569859983318156,0.07548771296863085,0.3116640614298358,11,387.400567298131,SUCCESS,,False
002347,INTRADAY,966,0.13793641700340653,0.2852906315506024,-0.1298467380703024,0.0006807655812036155,-7.380471294523086e-05,0.0007545702941488463,2.9847003886942154e-05,0.02421628974540746,11,387.400567298131,SUCCESS,,False
002355,CLOSE_TO_CLOSE,1246,0.04801340606121095,-0.0014779199093173552,-0.1517793761034478,0.0048318919899147245,0.0036658477288210034,0.001166044261093721,0.01701768364263865,0.03729785538712105,11,318.3351596856021,SUCCESS,,False
002355,OVERNIGHT,1246,-0.05600296023039905,-0.20645098228398742,-0.11831797948870651,0.006302190914080713,0.0049238802542445614,0.0013783106598361516,-0.004112915286343506,0.14343859862748964,11,318.3351596856021,SUCCESS,,False
002355,INTRADAY,1246,0.11055481759920024,0.20058404294341345,-0.030747803174396866,-0.0014699911921683727,-0.0012229692762702696,-0.00024702191589810307,0.018138664901099943,0.011524642163254883,11,318.3351596856021,SUCCESS,,False
002362,CLOSE_TO_CLOSE,1584,0.08131959835602742,-0.31378299493005285,-0.10258849671946617,0.0061955715643832315,0.004710012387282497,0.0014855591771007343,0.0338164938453118,0.03564702288088806,11,397.4756835185101,SUCCESS,,False
002362,OVERNIGHT,1584,-0.051061128610129236,-0.22593073293906607,-0.12353238222167381,0.005308875988664141,0.004891397840114706,0.00041747814854943555,0.04134251137210755,0.15519893720429767,11,397.4756835185101,SUCCESS,,False
002362,INTRADAY,1584,0.13575825581900136,-0.08987366487510147,0.021477293338488003,0.0009175585153224407,-0.0001534608462928598,0.0010710193616153005,-0.006662015729823096,0.003092340083308054,11,397.4756835185101,SUCCESS,,False
002369,CLOSE_TO_CLOSE,1285,0.11393672982036113,-0.2040046917952454,0.0876305064781077,-7.807891590079063e-05,-0.0005795573904192435,0.0005014784745184528,0.05186996994923451,0.03054683831053029,11,416.9115977452712,SUCCESS,,False
002369,OVERNIGHT,1285,-0.07666375307486739,-0.29716005762320924,0.028639037262001607,0.0036926948631732168,0.0018074346113180484,0.0018852602518551684,0.04303005652669172,0.12570173960417264,11,416.9115977452712,SUCCESS,,False
002369,INTRADAY,1285,0.19537675875520213,0.10050183368979933,0.056382893928951225,-0.0038352643013166154,-0.0023439143340837215,-0.001491349967232894,0.01028099147337623,0.014168066824218561,11,416.9115977452712,SUCCESS,,False
002370,CLOSE_TO_CLOSE,1369,0.07035819716164868,-0.3115650124093999,-0.026524581079971802,0.004438803109477628,0.003777218270122548,0.00066158483935508,0.04816883596432586,0.03991712815034909,11,405.6747399281166,SUCCESS,,False
002370,OVERNIGHT,1369,-0.06882780348197061,0.014040489446930798,-0.15951125154993007,0.0050222665138877735,0.0023584858220609267,0.002663780691826847,0.05635198774836962,0.22745257181690826,11,405.6747399281166,SUCCESS,,False
002370,INTRADAY,1369,0.14057712545961487,-0.3458435507660664,0.1430359863463402,-0.0007159055377114077,0.0014555328833683948,-0.0021714384210798025,-0.006060332721980643,0.02295059228370966,11,405.6747399281166,SUCCESS,,False
002374,CLOSE_TO_CLOSE,1584,0.0299666624767356,0.07294584121740362,-0.12648540012584056,0.00029401555600455523,0.0016502287667151177,-0.0013562132107105625,0.07637229070989282,0.03100524315727704,11,433.92609092726155,SUCCESS,,False
002374,OVERNIGHT,1584,-0.0664144913948087,-0.10694748649917916,-0.0922973040071155,0.002651457742674338,0.002813027096511163,-0.00016156935383682472,0.06149580302210205,0.12788646888401245,11,433.92609092726155,SUCCESS,,False
002374,INTRADAY,1584,0.09989488457587158,0.17983121741008454,-0.03443133405896943,-0.0023925911995166804,-0.0011891057704476876,-0.0012034854290689928,0.016589117230986265,0.007759649693594994,11,433.92609092726155,SUCCESS,,False
002377,CLOSE_TO_CLOSE,924,0.05219314825585214,-0.1888657638308657,0.11600678846432975,0.0013822400409062227,-0.0003991884418613617,0.0017814284827675844,0.0590458152102884,0.0454049092580503,11,385.8222600632156,SUCCESS,,False
002377,OVERNIGHT,924,-0.0005886253115086322,-0.25993841554559816,0.036258898393021266,0.0019151397102254442,0.001964722841931346,-4.9583131705902006e-05,0.09441493917828307,0.1830641777067351,11,385.8222600632156,SUCCESS,,False
002377,INTRADAY,924,0.05831056611157825,0.07289715386922012,0.07976133173151052,-0.0005174548171189078,-0.002365777286516574,0.001848322469397666,-0.038257955159970755,0.025103124558028322,11,385.8222600632156,SUCCESS,,False
002379,CLOSE_TO_CLOSE,1181,0.11035759652955733,-0.07321479334880085,0.026148413955367666,0.006145973261146236,0.0020473579350460125,0.004098615326100223,-0.11646666426271954,0.05396498100564906,11,433.2851266085844,SUCCESS,,False
002379,OVERNIGHT,1181,0.01114389710845796,0.16775663881241493,-0.15017438276316422,0.003873811841494268,0.002335781145436657,0.001538030696057611,-0.00014474706127777848,0.15701998638722825,11,433.2851266085844,SUCCESS,,False
002379,INTRADAY,1181,0.09927261025512063,-0.23386089129929177,0.17374977214141432,0.0023720127761568052,-0.0002407293558249063,0.0026127421319817115,-0.11898979404832342,0.03472155772950625,11,433.2851266085844,SUCCESS,,False
002382,CLOSE_TO_CLOSE,781,0.016691950357106675,-0.05098816830458238,0.17680329782888535,0.0003136204409570579,-0.002541162036491691,0.002854782477448749,-0.13481757278247328,0.019273969097596044,11,471.0721683972436,SUCCESS,,False
002382,OVERNIGHT,781,0.028298868548690178,-0.24288596079984293,0.17699476174998405,0.0014604765089995392,0.00030628046473739345,0.0011541960442621457,-0.0407087615525252,0.049637677831577576,11,471.0721683972436,SUCCESS,,False
002382,INTRADAY,781,-0.01253449318388842,0.18649390422442966,0.0041205197605015745,-0.0011957317606677287,-0.0028257177563966868,0.001629985995728958,-0.09494213559010653,0.034462133428552755,11,471.0721683972436,SUCCESS,,False
002383,CLOSE_TO_CLOSE,1584,0.02448959192886804,0.021780923849128025,-0.1935531437690099,0.001555653853360435,0.0026486521221420617,-0.0010929982687816267,0.015538771191367179,0.017837292435841645,11,361.70795644216315,SUCCESS,,False
002383,OVERNIGHT,1584,-0.15857255588635016,0.03892373067007853,-0.2520034078937426,0.004164916582901978,0.0036595610521048816,0.0005053555307970962,-0.004443245038713331,0.11851239693501758,11,361.70795644216315,SUCCESS,,False
002383,INTRADAY,1584,0.18576313701209682,-0.013972628957670798,0.05591782880762356,-0.002623799802871047,-0.0009398811674077266,-0.0016839186354633204,0.019911140381716506,0.006885614897272685,11,361.70795644216315,SUCCESS,,False
002397,CLOSE_TO_CLOSE,1256,0.08164388868023428,-0.07809805474041466,0.19255349183241482,0.00045292470551037967,-0.0024232237951973407,0.0028761485007077203,0.03581119625654973,0.03910709547214375,11,311.1042604348662,SUCCESS,,False
002397,OVERNIGHT,1256,0.015802411324363618,-0.23333579031004875,0.10524885914940318,0.002583233456925349,0.001242827043897568,0.001340406413027781,0.019709575421133177,0.11812019455046263,11,311.1042604348662,SUCCESS,,False
002397,INTRADAY,1256,0.06557705591335045,0.1538138812171412,0.09031061918394102,-0.002164227073844515,-0.0035853225483247937,0.0014210954744802787,0.01713957777972913,0.024269805426156754,11,311.1042604348662,SUCCESS,,False
002403,CLOSE_TO_CLOSE,935,0.16977277470072297,-0.5957814802081992,0.2324718806818637,0.0009274267121475444,0.0013207750534179052,-0.0003933483412703609,0.044650823765592436,0.06910964313464885,11,421.13349877461803,SUCCESS,,False
002403,OVERNIGHT,935,-0.09849996005186915,-0.23561992223302236,0.008299468867169365,0.0029915493465557386,0.0017574301143368776,0.001234119232218861,0.0431454698367608,0.2096531216342321,11,421.13349877461803,SUCCESS,,False
002403,INTRADAY,935,0.27423167140734556,-0.35792131397269605,0.22612354893896455,-0.002136537112229789,-0.0004249271083256595,-0.0017116100039041293,-0.00015689014020627652,0.03499705825421717,11,421.13349877461803,SUCCESS,,False
002405,CLOSE_TO_CLOSE,1014,-0.059295376940348365,-0.06261735008465862,0.08630183391693041,-0.0037630489459826097,-0.00044924076443436656,-0.003313808181548243,0.2293766863059634,0.023801764995750374,11,378.7527743681796,SUCCESS,,False
002405,OVERNIGHT,1014,0.014736084578949125,0.11273766349529192,-0.11411784804495026,-0.0012717125540233284,0.0013757737687676505,-0.002647486322790979,0.11620585281190689,0.05390583570509144,11,378.7527743681796,SUCCESS,,False
002405,INTRADAY,1014,-0.07397145254932706,-0.17265195944755315,0.19837375910538624,-0.00251472120786316,-0.0018033528208219844,-0.0007113683870411756,0.11255651555317463,0.01146064690504478,11,378.7527743681796,SUCCESS,,False
002413,CLOSE_TO_CLOSE,1584,0.06655866655342677,-0.06419525147160822,-0.12599418571270907,-0.0004550907950405785,0.0018337204501643473,-0.0022888112452049258,0.08989525693926731,0.03723720729659974,11,415.19123988955647,SUCCESS,,False
002413,OVERNIGHT,1584,-0.08980543743560386,-0.02526159602086069,-0.09803522188655994,0.0019289344197252235,0.0024172064146359418,-0.00048827199491071824,0.05561297499739009,0.15647089064437059,11,415.19123988955647,SUCCESS,,False
002413,INTRADAY,1584,0.15975390591986713,-0.04034878781583819,-0.030138408018759652,-0.0023031072782971444,-0.0005143699586144385,-0.001788737319682706,0.03326279235071513,0.01842250979019855,11,415.19123988955647,SUCCESS,,False
002428,CLOSE_TO_CLOSE,1057,0.026204283298778542,-0.23427895581345484,0.016672156713716014,-0.002984482201603151,0.0018581340492467707,-0.004842616250849922,0.06686410227002808,0.03661210611733112,11,326.6987711872649,SUCCESS,,False
002428,OVERNIGHT,1057,-0.08331023030584225,-0.12013644262958179,-0.03179249360089432,0.002968790758168447,0.0023534630675518947,0.0006153276906165524,0.07308541595256701,0.06084271756744186,11,326.6987711872649,SUCCESS,,False
002428,INTRADAY,1057,0.10981575863241069,-0.11172794821861994,0.04723563541267949,-0.005998994784710816,-0.00047281609641000415,-0.005526178688300812,-0.009108294356393362,0.03428665805406528,11,326.6987711872649,SUCCESS,,False
002437,CLOSE_TO_CLOSE,1584,0.047498296736434915,-0.14383475983324231,0.05629529539969817,-0.001251668125678191,0.0011505781071726867,-0.0024022462328508777,0.042257927595810305,0.011431660678671185,11,482.6775577091924,SUCCESS,,False
002437,OVERNIGHT,1584,-0.07648268792217426,-0.1166336531246841,-0.08346577920786774,0.001063220349531737,0.00270248196438945,-0.0016392616148577129,0.05971139736191387,0.12062516884058849,11,482.6775577091924,SUCCESS,,False
002437,INTRADAY,1584,0.12663152714589776,-0.03718599925773109,0.1405127360365879,-0.0022847744653338303,-0.0014307300731595252,-0.0008540443921743052,-0.013626557191726006,0.023303589535581204,11,482.6775577091924,SUCCESS,,False
002444,CLOSE_TO_CLOSE,802,0.07178455824599578,0.043162200073817054,-0.11666041624439993,0.0006903395304594037,0.0009898794611820846,-0.0002995399307226809,-0.02962790029111721,0.0026185302077078587,11,341.05008400958997,SUCCESS,,False
002444,OVERNIGHT,802,0.037559007979140725,-0.0339622099656096,-0.0694116147363102,0.0012875794698043175,0.00203351078207821,-0.0007459313122738925,-0.10216438271428895,0.01253895024946472,11,341.05008400958997,SUCCESS,,False
002444,INTRADAY,802,0.03743463133947111,0.0750050865082817,-0.0458819157192338,-0.0006036456468458302,-0.001084131980370013,0.0004804863335241827,0.06808500791795784,0.0031195122426234123,11,341.05008400958997,SUCCESS,,False
002446,CLOSE_TO_CLOSE,1584,0.062213708241615845,-0.24641206213597525,0.12209260583938848,0.0012648230848629647,0.0015626918707880976,-0.0002978687859251329,0.009417640345130276,0.008937270728035185,11,258.7881292667449,SUCCESS,,False
002446,OVERNIGHT,1584,-0.05076495867442985,0.04321545822749415,-0.09333619275788856,0.0016466818408514064,0.0019852754826903754,-0.000338593641838969,-0.014955699598244361,0.05458737773415179,11,258.7881292667449,SUCCESS,,False
002446,INTRADAY,1584,0.11358094324137676,-0.2870828577358435,0.2098467319029138,-0.00039059878873453843,-0.00025159389606219107,-0.00013900489267234736,0.02793897728018933,0.013703350050015994,11,258.7881292667449,SUCCESS,,False
002451,CLOSE_TO_CLOSE,1030,0.06012018504848979,-0.29944693533524147,-0.031183808595633716,0.005844977035358599,0.003857679078068124,0.001987297957290475,0.03321491772108321,0.054842976817985334,11,332.2302696813794,SUCCESS,,False
002451,OVERNIGHT,1030,-0.035975995765693936,-0.2770746668962944,-0.0735062122990287,0.005279326240874585,0.004986101976510754,0.0002932242643638311,0.08610122387727989,0.2845961258275912,11,332.2302696813794,SUCCESS,,False
002451,INTRADAY,1030,0.09925103976554743,-0.024066738589705726,0.044182539244692065,0.0005806196230158656,-0.001097573743675223,0.0016781933666910887,-0.05530250594850665,0.019346442841621347,11,332.2302696813794,SUCCESS,,False
002453,CLOSE_TO_CLOSE,1431,0.02655375165551809,-0.14644778396008404,0.09391492679826578,0.0012271827566640095,0.0013381636825119114,-0.00011098092584790192,0.05456230348992211,0.025500667491128004,11,357.8404114730255,SUCCESS,,False
002453,OVERNIGHT,1431,0.021148065527599194,-0.15452568675947242,-0.11896122193130208,0.0040682503075287445,0.004038744793930665,2.9505513598079847e-05,0.06503389553674856,0.13694542724786574,11,357.8404114730255,SUCCESS,,False
002453,INTRADAY,1431,0.007813079378535126,0.005126899120518662,0.21505594141233708,-0.0028353019781650404,-0.0026835252452844377,-0.00015177673288060273,-0.009065186785028656,0.012444772068850862,11,357.8404114730255,SUCCESS,,False
002456,CLOSE_TO_CLOSE,1063,0.00950161347934295,-0.21181332740580766,-0.01308969499997538,0.0006801141689570822,0.0029061957245850654,-0.0022260815556279833,0.015160257405561133,0.02388496107145588,11,377.3371969877742,SUCCESS,,False
002456,OVERNIGHT,1063,-0.10359813882274861,-0.04136619138942794,-0.13749341362818876,0.002803458639991308,0.003800261627177663,-0.000996802987186355,0.07206682851746357,0.18291018633399858,11,377.3371969877742,SUCCESS,,False
002456,INTRADAY,1063,0.11479107039896268,-0.17349206081977703,0.12796743184820464,-0.002281268524241249,-0.0008997235621906324,-0.0013815449620506164,-0.05889380016071114,0.03622822542423598,11,377.3371969877742,SUCCESS,,False
002458,CLOSE_TO_CLOSE,884,-0.015301050815141127,0.10123858679398487,0.04735105200770927,-0.003544008808752691,-0.0027459919003899463,-0.0007980169083627447,0.06326900171758103,0.011846916689565057,11,410.1609893735849,SUCCESS,,False
002458,OVERNIGHT,884,-0.039107112221759215,0.11004110050506095,-0.14225747615464593,0.0017196618418386135,0.000777920349995069,0.0009417414918435445,0.022666337871202574,0.03357230405357925,11,410.1609893735849,SUCCESS,,False
002458,INTRADAY,884,0.022980217019145745,-0.014285249568932871,0.19718007911006,-0.005407293871399318,-0.003576169768828477,-0.0018311241025708407,0.03789884171239013,0.01848981832476304,11,410.1609893735849,SUCCESS,,False
002466,CLOSE_TO_CLOSE,821,0.14793065420640758,-0.31139682966753535,0.26656027386507025,-3.0108365542229343e-05,0.0022467850460012873,-0.0022768934115435166,-0.04603500861225541,0.01720133563074655,11,460.45577860296333,SUCCESS,,False
002466,OVERNIGHT,821,-0.15901125252313242,0.12941130689201782,-0.22885229904733886,-0.0004463603832722488,0.0019149366026514764,-0.002361296985923725,-0.027093538723311484,0.011730775275519245,11,460.45577860296333,SUCCESS,,False
002466,INTRADAY,821,0.31099198064835815,-0.45239111306458285,0.5010062125863748,0.0005248042292450589,0.0003691220012746327,0.00015568222797042626,-0.019120482347904023,0.014598195589003549,11,460.45577860296333,SUCCESS,,False
002468,CLOSE_TO_CLOSE,965,-0.015396017471232887,-0.207677355420589,-0.14168038497743318,0.004636078028699503,0.004864340802975681,-0.0002282627742761778,-0.06504036424869698,0.015560804990995103,11,391.9956513637455,SUCCESS,,False
002468,OVERNIGHT,965,0.02721575343932205,0.007884813743658018,-0.10222412297905616,0.002617540449569986,0.0012066979200208213,0.0014108425295491648,0.007234337842088335,0.017408703932705327,11,391.9956513637455,SUCCESS,,False
002468,INTRADAY,965,-0.0428366524227265,-0.21819312281343262,-0.03660829451275885,0.0019840047941641348,0.0036360463764667783,-0.0016520415823026435,-0.06928653635592856,0.012680735717235048,11,391.9956513637455,SUCCESS,,True
002471,CLOSE_TO_CLOSE,1102,0.08556471239542034,-0.1355936655575658,0.01988978864346046,0.0018725605896402781,-0.00018497554032951072,0.002057536129969789,-0.07405853777065542,0.019726992194012083,11,500.79552095547115,SUCCESS,,False
002471,OVERNIGHT,1102,-0.007144280528768514,-0.21426939379521884,0.08079207842522215,0.0015123293390177858,0.000402650373621527,0.0011096789653962588,0.05868171744101526,0.09309922449470409,11,500.79552095547115,SUCCESS,,False
002471,INTRADAY,1102,0.09677917689706024,0.08082683295479291,-0.06254729656352151,0.0003230756074711766,-0.0005505055936544101,0.0008735812011255867,-0.13588050734732385,0.053695835496581856,11,500.79552095547115,SUCCESS,,False
002474,CLOSE_TO_CLOSE,1025,0.1618720925116319,-0.21487013356449713,0.003338792923406097,0.002290398620629828,-4.414583288839258e-05,0.0023345444535182204,0.026921399575725303,0.01766396277656579,11,415.5957467519404,SUCCESS,,False
002474,OVERNIGHT,1025,-0.0766000053411208,-0.28886220206310775,-0.012410924820202793,0.002941712472832326,0.0028656054630627117,7.610700976961454e-05,0.05327800700562985,0.09102966463665618,11,415.5957467519404,SUCCESS,,False
002474,INTRADAY,1025,0.2440516850288392,0.05934374034778046,0.019770837743044008,-0.0006550197152971268,-0.002844743266322447,0.00218972355102532,-0.02134038517411017,0.022918041529063515,11,415.5957467519404,SUCCESS,,False
002476,CLOSE_TO_CLOSE,1051,0.053971856424000805,-0.3715061952115732,0.11815907577936724,0.0038220021771538243,0.0007474976130707744,0.00307450456408305,-0.08900031864852244,0.013330915549967348,11,350.32712968905366,SUCCESS,,False
002476,OVERNIGHT,1051,0.05889436737556527,-0.2069286530689567,0.048773461981609166,0.0027066065501923746,0.001827961644199308,0.0008786449059930666,0.099693529590741,0.0744063304802215,11,350.32712968905366,SUCCESS,,False
002476,INTRADAY,1051,-0.002961399528008794,-0.16051367157506652,0.06749616775057769,0.0011492172910923942,-0.0010345776708002297,0.002183794961892624,-0.1899984068631525,0.02029744730679084,11,350.32712968905366,SUCCESS,,False
002480,CLOSE_TO_CLOSE,1280,0.15058322419246478,-0.28776823848573196,-0.029063480419445967,0.003289277207956222,0.001980250924677164,0.0013090262832790578,0.1021507954600071,0.03835552247834584,11,395.93660040795504,SUCCESS,,False
002480,OVERNIGHT,1280,0.06433854390454875,-0.2988094432082495,-0.04239011184654745,0.00337511375175608,0.0028746354540266084,0.0005004782977294717,0.12826114677483455,0.17653194649761916,11,395.93660040795504,SUCCESS,,False
002480,INTRADAY,1280,0.0894034545085896,0.010797527284125608,0.01177836226830023,-9.125773799143963e-05,-0.0008685718801034609,0.0007773141421120212,-0.025139329103433247,0.007046246855314964,11,395.93660040795504,SUCCESS,,False
002486,CLOSE_TO_CLOSE,804,0.07163986710605813,-0.455980928416021,0.21125789154751914,0.002521907819131629,0.00044823639049256653,0.0020736714286390626,0.05651369228197311,0.02222348697990384,11,407.80324420414314,SUCCESS,,False
002486,OVERNIGHT,804,-0.06742332219559724,-0.5420709419631821,0.11146000961264269,0.008427407349049523,0.004298862953991928,0.004128544395057596,0.00731897782077085,0.15446505217478068,11,407.80324420414314,SUCCESS,,True
002486,INTRADAY,804,0.14154301485387746,0.08315342023524713,0.10124332891007605,-0.005948359818463464,-0.003736617739801995,-0.002211742078661469,0.04758597825086126,0.03850969435767271,11,407.80324420414314,SUCCESS,,False
002488,CLOSE_TO_CLOSE,1073,0.049923784696002844,0.12479718811059388,-0.1601577508113235,0.003646475960563545,0.0005299803539278655,0.0031164956066356796,0.06614644630944988,0.033226568992048455,11,357.5220747258031,SUCCESS,,False
002488,OVERNIGHT,1073,0.04599126756348187,-0.017884769974148913,-0.06244939150482677,0.00229142163856777,0.0010393821507570372,0.0012520394878107327,0.24347492852853547,0.14878544468007815,11,357.5220747258031,SUCCESS,,False
002488,INTRADAY,1073,0.006712309454074462,0.14642971239027835,-0.10073453992920527,0.0013106055826432178,-0.0004785317538131828,0.0017891373364564006,-0.1892965946772744,0.022965654992666562,11,357.5220747258031,SUCCESS,,False
002491,CLOSE_TO_CLOSE,1584,0.1604001915169875,-0.5024490409958091,0.16216342400247424,0.003031119140967327,0.0027203306263079152,0.00031078851465941165,-0.009977046184181593,0.012427576754462488,11,332.859300413807,SUCCESS,,False
002491,OVERNIGHT,1584,0.03329337428406338,-0.3470207112830584,0.06884097191464413,0.003120678745737935,0.003210534123692224,-8.985537795428919e-05,-0.002446475363162492,0.06291793503551968,11,332.859300413807,SUCCESS,,False
002491,INTRADAY,1584,0.13099176545400817,-0.16084690413386266,0.09660013415085157,-8.94688889847492e-05,-0.00040448109997916204,0.00031501221099441284,-0.007737011590737182,0.006554739257623954,11,332.859300413807,SUCCESS,,False
002494,CLOSE_TO_CLOSE,1186,0.09954853619418791,-0.37249917631518303,0.0790908278981728,0.004496392347436928,0.0012534834667319583,0.00324290888070497,-0.014022708083181203,0.04832139759493481,11,328.4016317027062,SUCCESS,,False
002494,OVERNIGHT,1186,-0.028262592487035772,-0.34335396145791575,0.0805585099532597,0.003169719353680586,0.003965719599244549,-0.0007960002455639631,-0.010707940657481742,0.17466732881805536,11,328.4016317027062,SUCCESS,,False
002494,INTRADAY,1186,0.13119297918531003,-0.032802661462183365,-0.0007150418370423781,0.0013864862908708753,-0.002535122981686691,0.003921609272557566,-0.002821499312064989,0.04989600562996588,11,328.4016317027062,SUCCESS,,False
002495,CLOSE_TO_CLOSE,968,0.05438145922971988,0.1702166029539828,0.005046769874080507,4.620900772689396e-05,-0.0014496117485176263,0.0014958207562445203,-0.061124779421297175,0.017548472125323955,11,353.3378690330487,SUCCESS,,False
002495,OVERNIGHT,968,-0.04869760923997673,-0.22986571300125674,0.1325223045727806,0.0020667298665034,0.0006261670055225099,0.0014405628609808901,0.05430961189935355,0.1451998422616625,11,353.3378690330487,SUCCESS,,False
002495,INTRADAY,968,0.10400208968522619,0.40291289328756713,-0.13058909099791974,-0.001953589321402511,-0.00196015065667509,6.561335272579211e-06,-0.11861623741598634,0.034983974679120955,11,353.3378690330487,SUCCESS,,False
002506,CLOSE_TO_CLOSE,1584,-0.015390073924899128,-0.4281528733038583,0.1816422271919127,0.0009159125131251201,0.0028757661805089915,-0.0019598536673838714,0.022817794778744308,0.018133570432661617,11,369.54303513067686,SUCCESS,,False
002506,OVERNIGHT,1584,-0.03686011822986534,-0.40276336103139837,0.10619359028272696,0.002963736803043227,0.0035026958730643154,-0.0005389590700210882,0.028342214322241734,0.11763872831143563,11,369.54303513067686,SUCCESS,,False
002506,INTRADAY,1584,0.02140217913103111,-0.021423791672759623,0.07473231547359337,-0.0022259366891638566,-0.0006464729765006966,-0.00157946371266316,-0.004039524821375694,0.007541753155574371,11,369.54303513067686,SUCCESS,,False
002517,CLOSE_TO_CLOSE,885,0.20393272519642316,0.14274363706659016,-0.28930653466537704,-2.4877206096111937e-05,0.0027603639859727497,-0.0027852411920688616,-0.04430198777126341,0.026633301224880612,11,348.8971448625544,SUCCESS,,False
002517,OVERNIGHT,885,0.04475470418135268,0.028289022603804233,-0.077516142186922,0.0005379795851304641,0.0003088819925769169,0.00022909759255354718,-0.03915140263689391,0.019539865855566663,11,348.8971448625544,SUCCESS,,False
002517,INTRADAY,885,0.16214876869068243,0.10778019684256523,-0.2077550468368313,-0.0005319512414067445,0.0024974588873834247,-0.0030294101287901692,-0.0057568256123894344,0.022052044826657458,11,348.8971448625544,SUCCESS,,False
002519,CLOSE_TO_CLOSE,781,0.10019687664534971,-0.2265969416692991,0.2780073442607229,-0.005312788004928265,-0.004387891126213628,-0.0009248968787146372,-0.017654645731722953,0.09247466437572438,11,357.0898299324631,SUCCESS,,True
002519,OVERNIGHT,781,-0.039694598619910926,-0.21284744147918,0.1439098930650075,-0.0018669597736557,0.00041564010886292746,-0.0022825998825186274,0.02244114802315838,0.1824340918816989,11,357.0898299324631,SUCCESS,,False
002519,INTRADAY,781,0.14501425963847153,-0.025555945908130297,0.13204825971787776,-0.0033271491984894486,-0.004581736181763801,0.0012545869832743528,-0.026787356995339098,0.06520519094207922,11,357.0898299324631,SUCCESS,,False
002520,CLOSE_TO_CLOSE,1261,0.11404246694511869,-0.38963934934940797,-0.000548888384171915,0.005158858506446998,0.004079339528773068,0.0010795189776739295,0.032113220844904256,0.03328360409553177,11,436.71982859779,SUCCESS,,False
002520,OVERNIGHT,1261,-0.19475562299533225,-0.3249688803550741,-0.013745320298035947,0.003907837094114117,0.003896189654939569,1.164743917454747e-05,0.08784386642158709,0.14680240834459357,11,436.71982859779,SUCCESS,,False
002520,INTRADAY,1261,0.3115143127214506,-0.05687785879119832,0.009116894665699826,0.001162565152302255,0.00019508987467489747,0.0009674752776273575,-0.05636052371595674,0.00843802762874335,11,436.71982859779,SUCCESS,,False
002524,CLOSE_TO_CLOSE,1584,0.009368296894592973,0.2395098162188942,-0.3133635077876829,0.004806658494446493,0.0023154231777214804,0.002491235316725013,0.037148090635699745,0.02659052220681768,11,393.64536832433515,SUCCESS,,False
002524,OVERNIGHT,1584,-0.036429911417531796,0.03040137594468965,-0.14963706676819422,0.0035266421169746,0.002042241524397935,0.0014844005925766651,0.012455115284834431,0.0838841630350241,11,393.64536832433515,SUCCESS,,False
002524,INTRADAY,1584,0.046175768334935446,0.20636532924416137,-0.16439919282238788,0.00135919367750649,0.00033562509305682525,0.0010235685844496648,0.02353785579481161,0.013347054814130233,11,393.64536832433515,SUCCESS,,False
002526,CLOSE_TO_CLOSE,993,0.03442583571913871,0.1024816680576953,-0.10907000013254826,7.644843305661814e-05,0.0011928335136016655,-0.0011163850805450473,-0.07534556080248152,0.032030744770406905,11,310.6655019937371,SUCCESS,,False
002526,OVERNIGHT,993,-0.11025378229513855,0.07496476041815951,-0.15217414548494912,0.00403363429968572,0.004112700889230839,-7.906658954511848e-05,-0.04176726778644902,0.15407825960087795,11,310.6655019937371,SUCCESS,,False
002526,INTRADAY,993,0.146330697551176,0.029712873238467937,0.039452675093365266,-0.003963483317378173,-0.0028474842704215436,-0.001115999046956629,-0.03774056769837856,0.030752092958754362,11,310.6655019937371,SUCCESS,,False
002530,CLOSE_TO_CLOSE,1242,0.03953096097410352,-0.04405772925715219,-0.09673794567160607,-0.0011323140942720929,0.0019278272344933145,-0.0030601413287654074,0.05683448250720218,0.0329134391469903,11,410.61215795191,SUCCESS,,False
002530,OVERNIGHT,1242,-0.11053778529735976,-0.20780122637137746,-0.0029135935897844165,0.002154814833459265,0.002751144586461904,-0.000596329753002639,0.019111314615291468,0.07287331594625324,11,410.61215795191,SUCCESS,,False
002530,INTRADAY,1242,0.15137529207991546,0.16604301356223541,-0.0938878202430589,-0.003384825616468197,-0.0008103727872118133,-0.0025744528292563837,0.036813132203666714,0.027990813465166853,11,410.61215795191,SUCCESS,,False
002537,CLOSE_TO_CLOSE,1584,0.08209769677881076,-0.37015973146805714,-0.032488952928798165,0.005270113506362355,0.0044352616455749505,0.0008348518607874042,-0.004762349034654373,0.019874380306787676,11,368.9401320258671,SUCCESS,,False
002537,OVERNIGHT,1584,-0.042370329018636514,-0.21453364316534243,-0.048678033335338246,0.0038504787861076,0.0028519947325286593,0.0009984840535789408,0.02439840777071923,0.06140301608015453,11,368.9401320258671,SUCCESS,,False
002537,INTRADAY,1584,0.124708208342019,-0.16425756028859378,0.020159298648383398,0.0014386433479243767,0.0016555741396832996,-0.0002169307917589229,-0.02942948896550687,0.004675676552947428,11,368.9401320258671,SUCCESS,,False
002548,CLOSE_TO_CLOSE,1249,0.03299045359512607,-0.10030490434955788,-0.03968473466945746,8.488257204085359e-06,0.0005978985672277781,-0.0005894103100236928,0.038170275145476745,0.015664991336620582,11,332.8148250264259,SUCCESS,,False
002548,OVERNIGHT,1249,-0.08269256386954231,0.005734597827931042,-0.07016908605168581,0.0005352453841271261,0.0013466877948567872,-0.0008114424107296611,0.01586646407121141,0.024063651430977773,11,332.8148250264259,SUCCESS,,False
002548,INTRADAY,1249,0.11648754858630946,-0.10276912497458575,0.028914007032773983,-0.0004976406739884073,-0.0007091929366935951,0.00021155226270518773,0.018199964412566053,0.009985484490591667,11,332.8148250264259,SUCCESS,,False
002549,CLOSE_TO_CLOSE,966,0.07806569691917342,-0.25611223069670785,-0.024966867680739337,0.004657517321775231,0.0036759910733186463,0.000981526248456585,0.010760158614963846,0.0346971706115653,11,425.2288909640391,SUCCESS,,False
002549,OVERNIGHT,966,-0.0999792947551569,-0.26088234888957595,-0.03875085805110942,0.005867676873216217,0.0036967965068024633,0.0021708803664137535,-0.003483743115349008,0.0950292240690137,11,425.2288909640391,SUCCESS,,False
002549,INTRADAY,966,0.18371042005851482,0.005351361987381186,0.013865364838941184,-0.0012901140970087502,-1.6199217031984126e-05,-0.001273914879976766,0.01403189197796363,0.010822468158624865,11,425.2288909640391,SUCCESS,,False
002551,CLOSE_TO_CLOSE,1318,-0.044877783457188014,0.09130201133661883,-0.06184399639959534,-0.00040978265255944835,0.00013313877829923548,-0.0005429214308586838,0.04098457249665936,0.04333637401038626,11,371.0150638016909,SUCCESS,,False
002551,OVERNIGHT,1318,-0.05424721768183817,-0.014684617732323813,-0.10488681961586536,0.0023756423359748355,0.003038505578161349,-0.0006628632421865135,0.0497410553462611,0.20152313551350898,11,371.0150638016909,SUCCESS,,False
002551,INTRADAY,1318,0.008228991142113869,0.11154033087734541,0.04028260125571106,-0.0028620479031663225,-0.0029097100070989562,4.766210393263373e-05,-0.006903337734158131,0.013769224731322582,11,371.0150638016909,SUCCESS,,False
002560,CLOSE_TO_CLOSE,1005,-0.017611158434623186,-0.2284196805135487,0.1838280822522681,0.0011324454580018961,0.0005025526732528596,0.0006298927847490365,-0.17629096706597516,0.022996903680486347,11,391.11119043825744,SUCCESS,,False
002560,OVERNIGHT,1005,-0.004988534930928196,0.0853798231057086,-0.044618160428613204,0.0005159728115630008,0.00026381955996891693,0.00025215325159408386,-0.0647538660327054,0.03545079322469924,11,391.11119043825744,SUCCESS,,False
002560,INTRADAY,1005,-0.010655594768108477,-0.32709249443121974,0.23585569751815869,0.0006303868463680348,0.00025058565337897354,0.0003798011929890613,-0.11152724590061443,0.024596377538092074,11,391.11119043825744,SUCCESS,,False
002562,CLOSE_TO_CLOSE,786,0.03883077700008875,0.004368021361391139,-0.10982084499805198,0.0014820697830556784,0.0014046072818614252,7.746250119425313e-05,0.1405366688971546,0.04205021170891221,11,336.41446545556414,SUCCESS,,False
002562,OVERNIGHT,786,-0.015305431776468594,-0.04427411709276523,-0.11684556996289301,0.004412009985926599,0.003406545331751859,0.0010054646541747397,0.0763442607442267,0.11911681574402488,11,336.41446545556414,SUCCESS,,False
002562,INTRADAY,786,0.054739449382507896,0.0437087182210215,0.010717107060961108,-0.002951546176864224,-0.002039283600564934,-0.00091226257629929,0.06510806011930005,0.019079210144276826,11,336.41446545556414,SUCCESS,,False
002565,CLOSE_TO_CLOSE,1068,0.03770151404460221,0.08188295227027097,-0.0869723228246982,0.0010793595823789734,-0.000721532122444718,0.0018008917048236914,-0.004292599972963004,0.031583492518990286,11,441.3017444343911,SUCCESS,,False
002565,OVERNIGHT,1068,-0.0642628578651962,-0.10393004311496105,-0.04471863155663737,0.0028098029058176103,0.0013095780763416262,0.001500224829475984,0.017689428839380936,0.05165452165265594,11,441.3017444343911,SUCCESS,,False
002565,INTRADAY,1068,0.10599627299997187,0.19082439811739102,-0.04482761551159108,-0.001737143932196844,-0.0020165141948522425,0.00027937026265539844,-0.023413005165135135,0.021173062090266148,11,441.3017444343911,SUCCESS,,False
002567,CLOSE_TO_CLOSE,755,-0.04988305947501452,-0.011552756018062903,-0.16305284530063366,-0.0006703026076715392,0.00395933479006759,-0.004629637397739129,-0.10336713641553393,0.024192626352376845,11,380.81389000692064,SUCCESS,,False
002567,OVERNIGHT,755,-0.12621339028770723,0.17943071266472882,-0.24355311003571908,0.00015130223720571196,0.005466597577982511,-0.0053152953407767985,0.0219467904787516,0.14557421198722664,11,380.81389000692064,SUCCESS,,True
002567,INTRADAY,755,0.07490499945839636,-0.19950631477531391,0.086776920272812,-0.0009732181816565384,-0.0013128469623453834,0.00033962878068884497,-0.11524890509584652,0.0325221231759425,11,380.81389000692064,SUCCESS,,False
002570,CLOSE_TO_CLOSE,1584,0.08411054684102878,-0.3264075886348794,0.05706336861857462,0.0030311498269647713,0.001337871030385851,0.0016932787965789203,0.014624198143892375,0.029493528953802306,11,350.4540650162555,SUCCESS,,False
002570,OVERNIGHT,1584,-0.10271458735152672,-0.39044573145710965,0.07126781358631484,0.00408462316189806,0.002473959521079011,0.001610663640819049,-0.004045576945410958,0.10903722418387696,11,350.4540650162555,SUCCESS,,False
002570,INTRADAY,1584,0.1880650570957871,0.06525272763735471,-0.009745174972325276,-0.001144065880041496,-0.0011822746651101099,3.820878506861393e-05,0.020926701457247177,0.011996006652751356,11,350.4540650162555,SUCCESS,,False
002571,CLOSE_TO_CLOSE,1371,0.2006153195930949,-0.15010264507473065,0.0007914660578757493,0.004051030161468232,0.000758702189581073,0.0032923279718871587,-0.0004369531731313259,0.028520672332218888,11,407.1628420385966,SUCCESS,,False
002571,OVERNIGHT,1371,-0.04436349962693376,-0.0750188171575179,-0.06773015845051994,0.0037327837943177,0.0027325256442344978,0.0010002581500832023,0.02807701670864697,0.14082035343170918,11,407.1628420385966,SUCCESS,,False
002571,INTRADAY,1371,0.24801631266907057,-0.08104281217900752,0.0684121040121554,0.00034077834413796804,-0.0017898214900174264,0.0021305998341553944,-0.024193986139446386,0.022985120917770607,11,407.1628420385966,SUCCESS,,False
002574,CLOSE_TO_CLOSE,987,0.049559185973916016,-0.11650003632564178,0.07909288004832171,-5.810002726558405e-05,-0.0014780881312140837,0.0014199881039484996,0.012360999854461605,0.010011903667988875,11,387.68569474278746,SUCCESS,,False
002574,OVERNIGHT,987,0.08295613371981331,-0.566196532492739,0.27939099430062664,0.0008783388170981871,0.00039117104978031447,0.0004871677673178726,0.05013747621548282,0.10467349113095803,11,387.68569474278746,SUCCESS,,False
002574,INTRADAY,987,-0.033258952430454056,0.43555688915919305,-0.1907209569840737,-0.0009765376403154287,-0.0017633935586807842,0.0007868559183653555,-0.036026777045323706,0.024886405662023936,11,387.68569474278746,SUCCESS,,False
002577,CLOSE_TO_CLOSE,1584,0.09130486722767017,-0.09949561269048642,0.05585340416757746,0.000900184845104568,-0.00023850140008175452,0.0011386862451863225,0.044557921195744345,0.005076061452508163,11,329.46823040304065,SUCCESS,,False
002577,OVERNIGHT,1584,-0.030690733304758494,-0.10031442668234326,-0.09201771882214888,0.004113634350166833,0.0024331526907405074,0.0016804816594263253,0.03382704119195036,0.06773985245663638,11,329.46823040304065,SUCCESS,,False
002577,INTRADAY,1584,0.12231177346619834,0.0032847321367343502,0.1478522997055382,-0.003270981191122839,-0.00259714572563563,-0.0006738354654872089,0.011604828865448863,0.01713586179192761,11,329.46823040304065,SUCCESS,,False
002579,CLOSE_TO_CLOSE,767,0.1136558732840735,-0.3001726772823757,0.08038362971127387,-0.00028996723174835133,0.0018785713631222882,-0.0021685385948706395,-0.005496269880778056,0.028587546156652044,11,412.4884807384546,SUCCESS,,False
002579,OVERNIGHT,767,-0.1177542136250111,-0.13527012638882266,-0.10305664784540196,0.005283743063167931,0.004406299949810307,0.0008774431133576248,-0.004686356254401536,0.11846997728247133,11,412.4884807384546,SUCCESS,,False
002579,INTRADAY,767,0.22961225130253246,-0.17288545220590318,0.19128230183590159,-0.005661290520081559,-0.0025134253993922447,-0.003147865120689314,-0.0005639186354608166,0.03711581548685028,11,412.4884807384546,SUCCESS,,False
002583,CLOSE_TO_CLOSE,1272,0.015921215115702606,-0.17790242039690599,-0.0902579000760971,2.6169143573101256e-05,0.0038063801433446762,-0.003780210999771575,0.12446356020853402,0.11393768634685231,11,431.08909514610906,SUCCESS,,False
002583,OVERNIGHT,1272,-0.07018964900294919,-0.33065757050250744,0.0034985194373649865,-0.0017168720530739458,0.0028458273436527542,-0.0045626993967267,0.12013160006326319,0.370397412938252,11,431.08909514610906,SUCCESS,,True
002583,INTRADAY,1272,0.08759061799044725,0.1444703561690109,-0.09084680972238118,0.001757179123400912,0.001026763075227144,0.0007304160481737682,0.006602994544500232,0.023869640210955723,11,431.08909514610906,SUCCESS,,False
002584,CLOSE_TO_CLOSE,1070,0.1468569991566347,-0.3914548523396678,0.0174994395128507,0.009048870477599572,0.004276038792911413,0.0047728316846881585,-0.03613313544198779,0.04351529933237985,11,404.8653232631358,SUCCESS,,True
002584,OVERNIGHT,1070,-0.20232710984794083,-0.12731962251371845,-0.16988677178889275,0.006978403943085003,0.004241884874035776,0.002736519069049227,0.01251033523178894,0.156902663303929,11,404.8653232631358,SUCCESS,,False
002584,INTRADAY,1070,0.3505071307028114,-0.25819254640822953,0.18682097274692108,0.0020441316928841574,6.0083875871197456e-05,0.00198404781701296,-0.047358901507574214,0.020059145546627022,11,404.8653232631358,SUCCESS,,False
002591,CLOSE_TO_CLOSE,1584,0.08394807277313188,-0.16796024211118832,-0.0886734781096842,0.005922018259974404,0.00337677396297599,0.002545244296998414,0.004991132218151022,0.03827832212114235,11,382.00335012728095,SUCCESS,,False
002591,OVERNIGHT,1584,-0.019794492244903733,-0.10142839102858738,-0.07650983460020169,0.003235528132826744,0.0028475094641087773,0.0003880186687179668,0.06568050366425503,0.18153905226510125,11,382.00335012728095,SUCCESS,,False
002591,INTRADAY,1584,0.1083725083679697,-0.0820979971811299,-0.0009054334204909559,0.002606545267990418,0.0005660678041418676,0.0020404774638485505,-0.05876859613174093,0.02740617433169268,11,382.00335012728095,SUCCESS,,False
002596,CLOSE_TO_CLOSE,1260,-0.007696974433145444,0.02992042671321325,-0.11897920037238835,-0.0004395593501651286,0.0017956613906398577,-0.0022352207408049864,0.04749438237722443,0.020363648554778346,11,447.9179926127332,SUCCESS,,False
002596,OVERNIGHT,1260,-0.060162945569252106,-0.23550785021419324,-0.03760817349780015,0.004056500547986071,0.0028413319283453684,0.0012151686196407024,0.06727551687986295,0.1543534433104703,11,447.9179926127332,SUCCESS,,False
002596,INTRADAY,1260,0.05317733377223204,0.280298593917839,-0.09067965857467981,-0.004703391906938158,-0.0009901769521749038,-0.003713214954763254,-0.020320068474870938,0.029035848985258572,11,447.9179926127332,SUCCESS,,False
002599,CLOSE_TO_CLOSE,1043,0.019405643486270174,-0.10991752772886318,-0.10829112166791595,0.006013169034307309,0.005577934141263438,0.0004352348930438711,-0.021055735546461857,0.04516874585312192,11,379.90115829812396,SUCCESS,,False
002599,OVERNIGHT,1043,0.03525403387584437,-0.062397091204013176,-0.09346350734299992,0.002867322127439684,0.0036769679175503965,-0.0008096457901107124,0.010730152447791087,0.13448228272257068,11,379.90115829812396,SUCCESS,,False
002599,INTRADAY,1043,-0.00931506513343837,-0.05088932259337193,-0.015799115902034325,0.0031688597593844507,0.0019301632793228274,0.0012386964800616233,-0.029555836293140646,0.030511725104824028,11,379.90115829812396,SUCCESS,,False
002607,CLOSE_TO_CLOSE,1517,-0.0562215491438144,0.21161691690433818,-0.4171651322823788,0.006348820613869152,0.002501519934309429,0.0038473006795597233,0.005960723686061725,0.023054212845348032,11,430.19911101668004,SUCCESS,,False
002607,OVERNIGHT,1517,-0.17624188872190394,-0.006243011009435945,-0.16990759318434245,0.0031378647719174715,0.0016567185987673427,0.0014811461731501288,0.02135464436925318,0.05360886484792726,11,430.19911101668004,SUCCESS,,False
002607,INTRADAY,1517,0.12264962639974325,0.21663850691520306,-0.24947260757263834,0.0032234837578540496,0.0008626836966694404,0.002360800061184609,-0.016753631053014445,0.007768000091715743,11,430.19911101668004,SUCCESS,,False
002611,CLOSE_TO_CLOSE,1287,0.13244822572438955,-0.29562817771991845,-0.018542128334964724,0.0012728806831603639,0.0027413597943335005,-0.0014684791111731366,0.07895022612020561,0.04860748906388612,11,376.0277358835825,SUCCESS,,False
002611,OVERNIGHT,1287,0.047530834590514846,-0.31702642441459383,0.007811698333308352,0.0017526815862375575,0.002289630311700236,-0.0005369487254626784,0.11317885706244922,0.2629681095651605,11,376.0277358835825,SUCCESS,,False
002611,INTRADAY,1287,0.08558928716771837,0.03273066535118548,-0.03634715993965967,-0.000668471802123427,0.0005588828968288162,-0.0012273546989522433,-0.032163983761619594,0.024992936422145062,11,376.0277358835825,SUCCESS,,False
002617,CLOSE_TO_CLOSE,1584,0.06295011935372335,0.1916351545435386,-0.12713490821201462,-0.002271994980748305,-0.0008372290993767934,-0.0014347658813715115,-0.0069458205056498615,0.01804327622738866,11,417.53972706118685,SUCCESS,,False
002617,OVERNIGHT,1584,-0.09333694628287327,-0.05270526921403553,-0.07016244109098786,0.0020377280941071586,0.002646232378867054,-0.0006085042847598955,0.006335174125946032,0.039580272352017776,11,417.53972706118685,SUCCESS,,False
002617,INTRADAY,1584,0.15760812645878808,0.24749159692247388,-0.05825211927015702,-0.004391954207577854,-0.003469410573225329,-0.000922543634352525,-0.010957581113094455,0.025681094679575467,11,417.53972706118685,SUCCESS,,False
002622,CLOSE_TO_CLOSE,1584,0.08067148559957804,-0.19966123706265934,0.06546860705536875,0.0016035470141759767,5.2022838051057896e-05,0.0015515241761249188,0.018795703243240532,0.021313764209760167,11,373.4360817984391,SUCCESS,,False
002622,OVERNIGHT,1584,0.028489371551166674,-0.3253344258366664,0.04355003543058604,0.0023660621512156393,0.0011520333276337225,0.0012140288235819169,0.06466794428708315,0.13644059571396183,11,373.4360817984391,SUCCESS,,False
002622,INTRADAY,1584,0.05551775670096288,0.13029449486002143,0.020598522035586445,-0.0008736526728615477,-0.0011193881292513013,0.00024573545638975364,-0.04457289417489443,0.012062591413169343,11,373.4360817984391,SUCCESS,,False
002628,CLOSE_TO_CLOSE,763,-0.10042838005234961,0.45936005995252543,-0.16050743488418825,-0.012196933674352161,0.00019592529306745182,-0.012392858967419613,-0.05344574044764778,0.064275736968471,11,499.0251183167282,SUCCESS,,True
002628,OVERNIGHT,763,-0.0766446820896369,0.11168637951364306,-0.10044347428190463,0.004686839953627701,0.0013926856824966888,0.0032941542711310123,0.057888067406294624,0.07105249583172146,11,499.0251183167282,SUCCESS,,False
002628,INTRADAY,763,-0.021018981510453224,0.3434668431756926,-0.0643489284229787,-0.01685184671116469,-0.0010881696992509071,-0.015763677011913783,-0.1042906201312894,0.06867511963921402,11,499.0251183167282,SUCCESS,,True
002633,CLOSE_TO_CLOSE,776,0.22039644784597726,-0.4224940722649111,0.12783441509474894,0.0062870632641961605,0.0012405258210205217,0.005046537443175639,0.04810202956007966,0.0570113723622766,11,353.5552240328829,SUCCESS,,True
002633,OVERNIGHT,776,0.1631232794910995,-0.2968158595894854,0.012060431043964153,0.005438884112544534,0.002517994437798876,0.002920889674745658,0.057045622311175305,0.24398671873392752,11,353.5552240328829,SUCCESS,,False
002633,INTRADAY,776,0.06283389225128805,-0.11208307878925998,0.10390540766548903,0.000977841139170852,-0.0009917848639530921,0.001969626003123944,-0.014051049509084864,0.012377253305112856,11,353.5552240328829,SUCCESS,,False
002639,CLOSE_TO_CLOSE,1584,0.12031723304614017,-0.43953471045617837,0.07386712457679254,0.004936589226837672,0.0034207067792748486,0.0015158824475628233,-0.015211679851176536,0.020936099479732406,11,357.08287602723414,SUCCESS,,False
002639,OVERNIGHT,1584,-0.11594007222647489,-0.12747793617406214,-0.11294082331709202,0.005104598426046637,0.00315897301745309,0.0019456254085935473,0.006562219636172241,0.071954385537354,11,357.08287602723414,SUCCESS,,False
002639,INTRADAY,1584,0.23827696243509416,-0.31278494876225843,0.18572329831203505,-0.00027674520777125344,0.00031988841707979165,-0.0005966336248510451,-0.019255058449297965,0.012835914945179105,11,357.08287602723414,SUCCESS,,False
002652,CLOSE_TO_CLOSE,1584,0.09014897205369321,0.4036784448246262,-0.24057196972310954,0.0023193047078870314,-0.0007221715376966933,0.003041476245583725,0.02475850944768311,0.024151459043849743,11,351.95277710478723,SUCCESS,,False
002652,OVERNIGHT,1584,-8.068910509451682e-05,0.12366778790521728,-0.16973618569795254,0.0037262436196806893,0.0018375127572909343,0.001888730862389755,0.01738747951023303,0.10056974419636788,11,351.95277710478723,SUCCESS,,False
002652,INTRADAY,1584,0.0933846642220878,0.2825655505586468,-0.07251952598349667,-0.0014293208265527893,-0.0025478484306039814,0.0011185276040511921,0.008914429322927497,0.01710051583005867,11,351.95277710478723,SUCCESS,,False
002654,CLOSE_TO_CLOSE,1553,0.14221530924471804,-0.07788428295851596,0.06570502719303231,-0.0029445863546487053,-0.0007990627703055864,-0.002145523584343119,0.0505443104728633,0.014827452247623052,11,387.704738994002,SUCCESS,,False
002654,OVERNIGHT,1553,-0.07957626255242888,-0.294890936021933,0.05558379744409932,0.0023681215672118573,0.00168060773676618,0.0006875138304456773,0.06125212898719641,0.06973304273971148,11,387.704738994002,SUCCESS,,False
002654,INTRADAY,1553,0.22604254627212264,0.2223751705249736,0.009118067265377167,-0.005369401425130111,-0.0025174446644928156,-0.0028519567606372954,-0.011972148657444448,0.0177565218271174,11,387.704738994002,SUCCESS,,False
002657,CLOSE_TO_CLOSE,1238,0.03372287826624672,0.09881921797109808,-0.11688430493175377,0.003685664535005302,0.0026296357818214183,0.0010560287531838838,-0.0033532447553854166,0.026494779919113864,11,407.1834914312275,SUCCESS,,False
002657,OVERNIGHT,1238,-0.1834160226859715,-0.08277544647772615,-0.084075624632751,0.002811258698533342,0.0031586292649562614,-0.0003473705664229195,0.031173447700666344,0.09241911775633271,11,407.1834914312275,SUCCESS,,False
002657,INTRADAY,1238,0.22049578230609235,0.18023292307723163,-0.030485143354754933,0.0008004849949067167,-0.0005614200751657833,0.0013619050700725,-0.0328066275494988,0.009800174762985225,11,407.1834914312275,SUCCESS,,False
002659,CLOSE_TO_CLOSE,1584,0.05942875167300781,0.0065267973875726155,-0.03348411028978232,0.004170321106250818,0.0009156104107845564,0.003254710695466262,0.07970529290142582,0.019485650569232682,11,422.5870795452668,SUCCESS,,False
002659,OVERNIGHT,1584,-0.05198921272516227,-0.07926945835088003,-0.03642470741009006,0.0027320123774892255,0.0010623488448419979,0.0016696635326472276,0.04747792360449412,0.035786582769510966,11,422.5870795452668,SUCCESS,,False
002659,INTRADAY,1584,0.11462999804695313,0.08280130600015759,0.0017102059358857552,0.00152236273118192,-9.222295995867102e-05,0.001614585691140591,0.03397565598966392,0.01252305762752981,11,422.5870795452668,SUCCESS,,False
002660,CLOSE_TO_CLOSE,802,0.08998925322373375,-0.5793690340803741,0.19877762026391513,0.004082576962248903,0.003320159405620606,0.0007624175566282969,0.006609075549855883,0.04191873988438244,11,365.9392308044529,SUCCESS,,False
002660,OVERNIGHT,802,-0.08174340248012381,-0.14534158138910575,-0.09477578279564877,0.004716294855592246,0.004192223541276456,0.0005240713143157896,0.11153195157349984,0.2669865550396002,11,365.9392308044529,SUCCESS,,False
002660,INTRADAY,802,0.17322536626751842,-0.42835187358395027,0.2878927419862653,-0.0006344327585935533,-0.0007286810189488929,9.424826035533962e-05,-0.09846510429644627,0.03994708902829924,11,365.9392308044529,SUCCESS,,False
002662,CLOSE_TO_CLOSE,781,0.09624048344176273,-0.26141541290249126,0.0054840944849032635,0.001656207064041279,0.0025902163369414255,-0.0009340092729001465,0.042245602563870326,0.02821752655511467,11,486.84918659684246,SUCCESS,,False
002662,OVERNIGHT,781,0.015155923733371313,-0.4362053544368367,-0.06432282294745138,0.004390121448771461,0.00415909393544632,0.00023102751332514104,0.09953028187998778,0.1913062242344451,11,486.84918659684246,SUCCESS,,False
002662,INTRADAY,781,0.08345850307698484,0.16789415216678785,0.07532261459466999,-0.0026908916928942922,-0.0015543907620588042,-0.001136500930835488,-0.058933563503527006,0.03442682367628458,11,486.84918659684246,SUCCESS,,False
002663,CLOSE_TO_CLOSE,1584,0.04689593416903753,-0.01672237445996612,-0.028588694739864497,-7.464540220541993e-05,-0.001031957266267286,0.0009573118640618661,0.09586125502744262,0.027282446981081176,11,396.8156322329151,SUCCESS,,False
002663,OVERNIGHT,1584,-0.009202337397643033,-0.0639071115408937,-0.043742257337446626,0.0020544420508012314,0.0010139763966099322,0.0010404656541912992,0.09296628771885039,0.10648481092015782,11,396.8156322329151,SUCCESS,,False
002663,INTRADAY,1584,0.057107719945103136,0.04653959832086842,0.016272824433757927,-0.002334903881424287,-0.002038234256757976,-0.00029666962466631114,0.006455960289403694,0.023628690696963273,11,396.8156322329151,SUCCESS,,False
002670,CLOSE_TO_CLOSE,973,-0.04075788345149207,0.4002962422158644,-0.2700610919436746,0.0040198504222969805,0.0036753400181475902,0.0003445104041493903,-0.0105896321780768,0.05260224485886744,11,470.40170101334087,SUCCESS,,False
002670,OVERNIGHT,973,-0.223202401426671,0.004667622690957082,-0.10624442815313788,0.0023187308386506678,0.002967648406800777,-0.0006489175681501091,0.01839588419122744,0.09931100786799596,11,470.40170101334087,SUCCESS,,False
002670,INTRADAY,973,0.18678998732098426,0.4040281972624615,-0.16670917293230017,0.0016182718975019106,0.0006099562763901001,0.0010083156211118105,-0.026558454200368713,0.02188519957244761,11,470.40170101334087,SUCCESS,,False
002671,CLOSE_TO_CLOSE,1584,0.07640971846287177,0.00484894918846508,0.05490357531171583,0.0003799467372606613,-0.002449118004149292,0.0028290647414099535,0.022803061059983587,0.03726635826213931,11,423.6141638179174,SUCCESS,,False
002671,OVERNIGHT,1584,0.09499524783420875,0.03397300238215507,-0.05141242657160763,0.0013017811746701968,0.0009122127405807312,0.0003895684340894656,0.061769342606903324,0.09086968190877132,11,423.6141638179174,SUCCESS,,False
002671,INTRADAY,1584,-0.014969888622860781,-0.037011928541469744,0.10800455992350157,-0.0009392270122179983,-0.0032952743915537624,0.002356047379335764,-0.0352728576325005,0.03993420449626728,11,423.6141638179174,SUCCESS,,False
002672,CLOSE_TO_CLOSE,989,-0.018645909582433038,-0.018144390282164278,-0.03981690001454142,0.00310736383009165,0.0006391993325736145,0.0024681644975180356,-0.24185989007777728,0.03063993578800428,11,438.363879806394,SUCCESS,,False
002672,OVERNIGHT,989,0.04761043380336144,0.08516744142448487,-0.11237997549472584,0.0012571286749151322,0.0011537367224355886,0.00010339195247954357,0.044709765924169746,0.056651436505194996,11,438.363879806394,SUCCESS,,False
002672,INTRADAY,989,-0.0660546221746598,-0.09866595282170557,0.07027007691256552,0.001855988188795274,-0.0004885179754184343,0.0023445061642137083,-0.287596288955608,0.029059821482790404,11,438.363879806394,SUCCESS,,False
002676,CLOSE_TO_CLOSE,1133,0.1811088636338188,-0.3417409699372136,0.1209806119228274,0.004655700742622594,-7.004075149315281e-05,0.004725741494115747,-0.024133377599724615,0.033954780950189445,11,425.1713852675436,SUCCESS,,False
002676,OVERNIGHT,1133,0.06591778780358588,-0.09168217757134835,-0.059131094696691054,0.007039852782807915,0.0014179615636127352,0.00562189121919518,-0.058748009563067076,0.12588522853407536,11,425.1713852675436,SUCCESS,,True
002676,INTRADAY,1133,0.11854886211303527,-0.2480163034905489,0.177226684776046,-0.0026104235114659396,-0.0013992303210994955,-0.0012111931903664441,0.03370676266572065,0.04409878311468629,11,425.1713852675436,SUCCESS,,False
002682,CLOSE_TO_CLOSE,847,0.12077219622334076,-0.1563764847588931,-0.10431380519006933,0.0053619549289052534,0.0037740259732813057,0.0015879289556239478,0.10609370083352729,0.11578825861424347,11,518.7432154653704,SUCCESS,,False
002682,OVERNIGHT,847,-0.021167247575312825,0.03643729274296301,-0.1704651535004043,0.00539113704278802,0.0039637719580221005,0.0014273650847659199,0.06404002139490446,0.3272843179760957,11,518.7432154653704,SUCCESS,,False
002682,INTRADAY,847,0.14504819174916833,-0.18717921296566853,0.06282954097234701,7.621088882910423e-05,-0.0001236612694197163,0.00019987215824882054,0.039791318395198345,0.02672117945388308,11,518.7432154653704,SUCCESS,,False
002685,CLOSE_TO_CLOSE,1440,0.06646911868616168,-0.23902400308128882,0.015281700444099199,0.003134008905092911,0.0029301134166424547,0.00020389548845045624,-0.007711796036103838,0.03519733942155934,11,387.88809347204267,SUCCESS,,False
002685,OVERNIGHT,1440,-0.033675988883148635,-0.19201156029245373,-0.08235019248770303,0.005226990521776581,0.002992013126018239,0.002234977395758342,0.07456823672161668,0.2278540531693256,11,387.88809347204267,SUCCESS,,False
002685,INTRADAY,1440,0.10410265912000394,-0.05191105020332844,0.09866611891160033,-0.002235854009756795,-6.205666690242695e-05,-0.002173797342854368,-0.07843470728134266,0.03165725135681008,11,387.88809347204267,SUCCESS,,False
002696,CLOSE_TO_CLOSE,1532,0.06251700642774907,-0.3377599731222091,0.15746038187998407,0.0023330994913738495,0.0005043859428773279,0.0018287135484965217,-0.05612132536764477,0.02971562488067514,11,323.8329837572485,SUCCESS,,False
002696,OVERNIGHT,1532,-0.011277114058288806,-0.10686670767073744,0.018279824861568195,0.0017910417166885594,0.0007815988969487944,0.001009442819739765,0.05248245471316644,0.06623894432398147,11,323.8329837572485,SUCCESS,,False
002696,INTRADAY,1532,0.07602194534744822,-0.24202621834118043,0.1414707339594099,0.0005318144475114778,-0.00017345751592831582,0.0007052719634397936,-0.1047510297695968,0.028291512411220632,11,323.8329837572485,SUCCESS,,False
002707,CLOSE_TO_CLOSE,1226,-0.014259101713492548,0.07976167720989871,0.017154195079830122,-9.004461155433284e-05,0.002596678513461301,-0.002686723125015634,-0.02763327312493391,0.022641879569452628,11,299.77761353912405,SUCCESS,,False
002707,OVERNIGHT,1226,-0.19543075975054153,-0.24190918457936958,0.09885418752073902,0.00222726321272047,0.003564505250612509,-0.001337242037892039,-0.04773009586230833,0.050606666538292266,11,299.77761353912405,SUCCESS,,False
002707,INTRADAY,1226,0.1826706155721252,0.31618773467623174,-0.07936793755549904,-0.002326251354069715,-0.0008431238344250337,-0.0014831275196446813,0.018543607751338308,0.012622920703771245,11,299.77761353912405,SUCCESS,,False
002708,CLOSE_TO_CLOSE,1275,0.16777163482194696,-0.24647637880603757,-0.08225993334937678,0.005297581256875468,0.002873562990173509,0.002424018266701959,0.014694066408757455,0.03971775713996206,11,393.47654654747276,SUCCESS,,False
002708,OVERNIGHT,1275,-0.03697090429860926,-0.0921633084624839,-0.09940123906454897,0.0043290994750790485,0.002624008270311326,0.0017050912047677225,0.010076073491958808,0.07940971547151698,11,393.47654654747276,SUCCESS,,False
002708,INTRADAY,1275,0.206975641014516,-0.1526400988176404,0.014790714899181089,0.0009885365342783429,0.00033406553906958555,0.0006544709952087573,0.004462580225555688,0.01471068702842826,11,393.47654654747276,SUCCESS,,False
002712,CLOSE_TO_CLOSE,1584,0.10563530563138364,-0.38044943773866324,0.19474547997328637,-0.0012358343520928322,-0.0018923441756135972,0.000656509823520765,0.03453491038967529,0.032263344540644945,11,310.61180119510703,SUCCESS,,False
002712,OVERNIGHT,1584,-0.023951528446440756,-0.31070753640458165,0.0879511519087726,0.003253479900792035,0.00014129205240402676,0.003112187848388008,0.04004605322394534,0.11484462045088528,11,310.61180119510703,SUCCESS,,False
002712,INTRADAY,1584,0.12922525107611785,-0.07356036446822045,0.10800717966687101,-0.004762126924371696,-0.0019649264170385206,-0.002797200507333175,-0.003777356130384922,0.021221041175894295,11,310.61180119510703,SUCCESS,,False
002739,CLOSE_TO_CLOSE,928,-0.04966275970364761,0.5166983058361502,-0.47818759204450273,-0.0037849656588923516,0.0016813345600356217,-0.005466300218927973,-0.14041569542745103,0.017349082496451063,11,328.4292333742842,SUCCESS,,False
002739,OVERNIGHT,928,-0.115315657376171,0.14925730648484123,-0.14082182735215737,-0.002307064898874252,-0.0008393097057337595,-0.0014677551931404926,-0.034409167563202586,0.02065285699846331,11,328.4292333742842,SUCCESS,,False
002739,INTRADAY,928,0.06631919306783368,0.36869082388560503,-0.3407675595451766,-0.0014555486873216832,0.0025420096079400156,-0.003997558295261699,-0.10331593695404612,0.016221287486267832,11,328.4292333742842,SUCCESS,,False
002741,CLOSE_TO_CLOSE,946,0.13648338950283043,-0.3607954400585112,-0.0431186963258034,0.0026296090858289184,0.002409190091799754,0.00022041899402916454,0.07388766976308166,0.054437489418707186,11,394.9278958937616,SUCCESS,,False
002741,OVERNIGHT,946,0.05932151233426413,-0.016508294826251012,-0.21307084422641395,0.0014434666868099189,0.0021962610648121536,-0.0007527943780022348,0.1674576174437888,0.26010541838272494,11,394.9278958937616,SUCCESS,,False
002741,INTRADAY,946,0.08058741848251595,-0.3384422136248952,0.16076891493612944,0.0010931954723252535,0.00031068913547971366,0.0007825063368455398,-0.08709523129716702,0.028288570749856468,11,394.9278958937616,SUCCESS,,False
002769,CLOSE_TO_CLOSE,846,0.16838981745878098,0.0778411806634126,-0.12032316428313956,0.0013126511406850241,0.001027430607159173,0.0002852205335258512,0.0935423295036767,0.03704846895812142,11,374.4297635304743,SUCCESS,,False
002769,OVERNIGHT,846,-0.013041469295567274,0.06584740609894209,-0.1609166860159678,0.0012616466521533781,0.0025981931156857374,-0.0013365464635323593,0.053650802990371164,0.1558306010980517,11,374.4297635304743,SUCCESS,,False
002769,INTRADAY,846,0.18563552770884587,0.014554076262300097,0.036218396410671067,0.00010282719679934743,-0.0014642797140685948,0.0015671069108679422,0.038351928946273546,0.015328348890093713,11,374.4297635304743,SUCCESS,,False
002775,CLOSE_TO_CLOSE,1106,0.043678272444690004,0.26475142949804487,-0.17147474043097852,0.0018564259357643012,0.0009157243531239811,0.0009407015826403201,0.0017751313557248514,0.01759668109620005,11,408.08283282556255,SUCCESS,,False
002775,OVERNIGHT,1106,0.08747840211868708,-0.047567062808666606,-0.07266247901800059,0.002850516248438675,0.001605541240020339,0.001244975008418336,0.03453726056368387,0.06985797721014109,11,408.08283282556255,SUCCESS,,False
002775,INTRADAY,1106,-0.042227048115488656,0.32081740939927433,-0.10160536629597995,-0.0011176990323763444,-0.0006683871974115241,-0.00044931183496482036,-0.03610835634523425,0.014807843201819826,11,408.08283282556255,SUCCESS,,False
002778,CLOSE_TO_CLOSE,763,0.17648127879558603,0.03543402263000795,0.04135634347802076,-0.00013291286645346345,-0.002703856290374257,0.0025709434239207934,-0.02084734927996574,0.04116341199153273,11,392.0413767143448,SUCCESS,,False
002778,OVERNIGHT,763,0.12589588055281406,-0.0077088952682264145,0.03695113750599616,0.0011717713300539098,-0.0004746333313787974,0.0016464046614327072,0.058457096206420256,0.1322580874033692,11,392.0413767143448,SUCCESS,,False
002778,INTRADAY,763,0.05276951318711414,0.04140285764867983,0.005767649780592408,-0.0013585885918992596,-0.0022000962128925494,0.0008415076209932898,-0.08142001941642477,0.03529478440508016,11,392.0413767143448,SUCCESS,,False
002780,CLOSE_TO_CLOSE,1528,0.11638775954512867,-0.20811185399727114,-0.10664567708668102,0.004582918351418289,0.0018560206205052443,0.0027268977309130443,0.1426238613967443,0.0436187090441672,11,408.27142176994863,SUCCESS,,False
002780,OVERNIGHT,1528,0.06181240393773356,0.038379376397507034,-0.18440738814375632,0.0028129481958663466,0.001952468096919624,0.0008604800989467226,0.02616524075871293,0.05888419140424428,11,408.27142176994863,SUCCESS,,False
002780,INTRADAY,1528,0.054862636359625606,-0.24174901689054468,0.07599606361095801,0.001766397758869798,-0.00011529283229438914,0.0018816905911641871,0.11570442561309316,0.026376432109240566,11,408.27142176994863,SUCCESS,,False
002785,CLOSE_TO_CLOSE,1231,0.06649665288740737,-0.057609413451130936,-0.046379738979790974,0.003404201340186909,0.0019017325526121398,0.0015024687875747691,0.2067356026235906,0.016692207968643458,11,466.6453966185127,SUCCESS,,False
002785,OVERNIGHT,1231,0.08813371894845479,-0.04005631069312004,-0.055827482963869246,0.003613465981552426,0.0016099972490961345,0.0020034687324562914,0.1826673487098804,0.057840620693605405,11,466.6453966185127,SUCCESS,,False
002785,INTRADAY,1231,-0.019249032538156245,-0.017027817242915605,0.012400088652271695,-0.0002840309876834257,0.00023463904692444526,-0.000518670034607871,0.025168307781226203,0.007948768086798563,11,466.6453966185127,SUCCESS,,False
002786,CLOSE_TO_CLOSE,1160,0.13933258530533166,0.08568499265706962,-0.16618647830240182,0.005578613434678456,0.001369816403371929,0.004208797031306527,0.015826968710199618,0.041331398517267304,11,399.28151864767835,SUCCESS,,False
002786,OVERNIGHT,1160,-0.1162720307083137,-0.16747773122114043,-0.05816497530582568,0.007438978200922666,0.0026250858444341607,0.0048138923564885056,0.032713363486559746,0.17188995628982717,11,399.28151864767835,SUCCESS,,True
002786,INTRADAY,1160,0.25751813901048765,0.2645859596187931,-0.11406799704455665,-0.002003014658616788,-0.0012334828533604424,-0.0007695318052563455,-0.0163492968160372,0.012126583828288351,11,399.28151864767835,SUCCESS,,False
002787,CLOSE_TO_CLOSE,951,0.08531276215427623,-0.06666540389407673,-0.040017991848801004,0.0005375694190341701,0.00020715849916236317,0.00033041091987180693,0.016295737751802222,0.027506331713958443,11,335.3880222485902,SUCCESS,,False
002787,OVERNIGHT,951,0.06491641715073053,-0.16546076204852322,0.01993045413260405,0.0021185188493034607,0.002738027318557698,-0.0006195084692542374,0.010335491945873123,0.12792919231294975,11,335.3880222485902,SUCCESS,,False
002787,INTRADAY,951,0.020811455633298788,0.0975613597015447,-0.0612492894629996,-0.0015816999646844354,-0.002390320680542693,0.0008086207158582576,0.006811210293664187,0.03411092904503821,11,335.3880222485902,SUCCESS,,False
002793,CLOSE_TO_CLOSE,1037,-0.04649182252236298,0.35595241025899915,-0.10865627286733742,-0.0011100479556768739,-0.00044786344987818305,-0.0006621845057986908,-0.025310725978956294,0.021982557922247126,11,408.79423486505516,SUCCESS,,False
002793,OVERNIGHT,1037,-0.05022748941865976,0.10983504259884815,-0.11198924173043792,0.001862730069931727,0.0015549218836892337,0.00030780818624249334,0.036480270250635216,0.1024516899963912,11,408.79423486505516,SUCCESS,,False
002793,INTRADAY,1037,0.0034507491240842155,0.24602544188782613,0.0021661813098175784,-0.00299161234035962,-0.0019516731420029382,-0.001039939198356682,-0.063199605166605,0.01521516300149306,11,408.79423486505516,SUCCESS,,False
002796,CLOSE_TO_CLOSE,1511,0.11422930875001873,-0.21994808555922937,0.05093650634035241,0.003151960463494752,0.001812015067518019,0.0013399453959767327,0.034112829617786306,0.03205626429069075,11,372.3367915685104,SUCCESS,,False
002796,OVERNIGHT,1511,0.002346949537505249,-0.12569436586318125,-0.10981743045303846,0.00453377577749732,0.002776968839789812,0.0017568069377075085,0.0390496066508357,0.12266272659520538,11,372.3367915685104,SUCCESS,,False
002796,INTRADAY,1511,0.11453108502573799,-0.10502357972309617,0.16613081546065292,-0.0014064404711109897,-0.000917283688183955,-0.0004891567829270348,-0.004311727693038511,0.020075745179836568,11,372.3367915685104,SUCCESS,,False
002805,CLOSE_TO_CLOSE,784,0.08725485229414685,0.06644614437182915,-0.21523890102747117,0.003504485372182946,0.0019120348508102902,0.0015924505213726556,-0.007666061964159404,0.03839478281501174,11,400.47610670435785,SUCCESS,,False
002805,OVERNIGHT,784,0.043606063425932484,0.08315750505388378,-0.297336557594074,0.005440119437146371,0.0030748490712956544,0.002365270365850717,-0.007428868240111213,0.14123259485371042,11,400.47610670435785,SUCCESS,,False
002805,INTRADAY,784,0.048914220279593475,-0.011162745487456884,0.08066223570441777,-0.0019349669697711902,-0.00107037977280236,-0.0008645871969688301,-0.0019453630869176142,0.04493815805929258,11,400.47610670435785,SUCCESS,,False
002806,CLOSE_TO_CLOSE,1329,0.11384915385689434,-0.05340494617089162,-0.005433015379308464,0.0020172456332083685,0.0001943755463315053,0.0018228700868768632,0.01690423423330047,0.018558658524318705,11,371.8099648808755,SUCCESS,,False
002806,OVERNIGHT,1329,-0.06453202068616892,-0.04121573438466134,-0.07934750775898386,0.0037425519792827974,0.0021353377843081264,0.001607214194974671,0.004461408803554647,0.08967670407085526,11,371.8099648808755,SUCCESS,,False
002806,INTRADAY,1329,0.1853753660363181,-0.008858891683120013,0.074527294842937,-0.0017748835251168403,-0.0019403311680458307,0.00016544764292899042,0.01134227337271627,0.01375334628408209,11,371.8099648808755,SUCCESS,,False
002813,CLOSE_TO_CLOSE,838,-0.0053817069337866695,-0.2823420232719509,0.11546883546125257,0.003564705075531617,0.0029219701813809895,0.0006427348941506275,-0.08580243235024795,0.02841357780571141,11,429.19426094759854,SUCCESS,,False
002813,OVERNIGHT,838,-0.04572730798410058,-0.393488344001485,0.1269561787300076,0.0034347839344506317,0.0038722967739043546,-0.0004375128394537228,0.048723197844322774,0.15592619173915867,11,429.19426094759854,SUCCESS,,False
002813,INTRADAY,838,0.040543741961523536,0.11099295653451319,-0.01277067698616132,0.00015164826211950914,-0.0009064445854346168,0.001058092847554126,-0.1326569445880307,0.008335496313024437,11,429.19426094759854,SUCCESS,,False
002829,CLOSE_TO_CLOSE,759,-0.02138452227616868,-0.08089849402915605,-0.19976514305835133,0.0017090346859559584,0.0025838914073164454,-0.000874856721360487,0.0643115629340634,0.0341549614234784,11,298.6212142134044,SUCCESS,,False
002829,OVERNIGHT,759,-0.11675576223003435,-0.552007530052426,-0.05321076580385609,0.006747297272244074,0.0063985408376200925,0.0003487564346239813,0.06583509559814903,0.16710849278604634,11,298.6212142134044,SUCCESS,,True
002829,INTRADAY,759,0.09521046876809974,0.47137051857478307,-0.14388022089548988,-0.005080700231563814,-0.003678379633402888,-0.0014023205981609256,-0.003513106957571567,0.04247174622845873,11,298.6212142134044,SUCCESS,,False
002840,CLOSE_TO_CLOSE,762,-0.0680269382212474,0.23657620391339068,-0.3146937419871918,-0.0060159440681081845,0.0007972737109589456,-0.00681321777906713,-0.09137308923108661,0.02447605343157211,11,351.3495150803095,SUCCESS,,True
002840,OVERNIGHT,762,-0.13881775417034972,-0.15624218570709122,0.04326010583501494,0.0005063663194626866,0.003682807631558621,-0.0031764413120959345,0.009152451752104147,0.08612891011015344,11,351.3495150803095,SUCCESS,,False
002840,INTRADAY,762,0.07178380009837651,0.3834467029449654,-0.3506887729669313,-0.006494107774663844,-0.002695701724627445,-0.0037984060500363993,-0.09669320639250506,0.032627353332632336,11,351.3495150803095,SUCCESS,,False
002842,CLOSE_TO_CLOSE,971,0.1933586330625859,0.04374533159879487,-0.015314756401936348,-0.001038703823548509,-0.0006615062048087039,-0.0003771976187398052,-0.010401573400732294,0.013554516544537654,11,333.92263177931227,SUCCESS,,False
002842,OVERNIGHT,971,-0.01528997222579318,-0.09390092956508225,-0.025906422240504434,0.002048268540390162,0.002321942576196903,-0.00027367403580674105,0.016092419577265274,0.10254111818543055,11,333.92263177931227,SUCCESS,,False
002842,INTRADAY,971,0.21341737055274812,0.13862460442476976,0.008656116820571581,-0.0031197719167987623,-0.002969365125714288,-0.00015040679108447447,-0.02858210118228518,0.01647263927716036,11,333.92263177931227,SUCCESS,,False
002846,CLOSE_TO_CLOSE,777,0.05974198623561642,0.25593331475110687,-0.3460010897668229,0.006681969156760947,0.003918150553618882,0.0027638186031420653,-0.08071955725087261,0.09356797139719586,11,395.2444937088105,SUCCESS,,False
002846,OVERNIGHT,777,0.04533000770147861,-0.21315145371666266,0.040485710348899834,0.003910416111225806,0.0023696047926833885,0.0015408113185424177,-0.006885702241662607,0.18230981397854407,11,395.2444937088105,SUCCESS,,False
002846,INTRADAY,777,0.02085760279782413,0.461677741279097,-0.3858058663745109,0.0028132924874630094,0.0015988606652855286,0.0012144318221774808,-0.07439491053165809,0.04722808373101628,11,395.2444937088105,SUCCESS,,False
002855,CLOSE_TO_CLOSE,1269,0.029488119132391463,0.11088571822753897,-0.09153734635859018,0.0014315661600073238,0.0012887087586014659,0.0001428574014058579,0.07241774761582206,0.07062397208939697,11,461.53397963343554,SUCCESS,,False
002855,OVERNIGHT,1269,-0.05477120093509032,-0.0933984332410609,-0.032309265488210906,0.0025623074933622883,0.0011020565463910892,0.0014602509469711991,0.0630733427945896,0.22288052842324735,11,461.53397963343554,SUCCESS,,False
002855,INTRADAY,1269,0.08813645120005678,0.20833532733525265,-0.06040362828241814,-0.0011199313243376655,0.00017598538684500398,-0.0012959167111826694,0.008120461835800851,0.007629643271991893,11,461.53397963343554,SUCCESS,,False
002857,CLOSE_TO_CLOSE,814,0.0864518297061795,-0.09468572663130014,-0.10878313209121498,0.007059595312836389,0.0035880805124319515,0.0034715148004044374,0.03667784721847621,0.043597448714096765,11,340.58312175579243,SUCCESS,,False
002857,OVERNIGHT,814,0.12379683613067728,-0.06266107030593479,-0.13937225929112926,0.0065482049340012255,0.003643447317708462,0.0029047576162927633,0.05683993859813248,0.18376835359821087,11,340.58312175579243,SUCCESS,,False
002857,INTRADAY,814,-0.033177582149780824,-0.04234744876720252,0.041099127635501956,0.000330303395584125,-9.239632550219617e-05,0.0004226997210863212,-0.021744180315456284,0.014056473765424848,11,340.58312175579243,SUCCESS,,False
002858,CLOSE_TO_CLOSE,1584,0.1018503206911936,-0.22215902041056643,0.08798611991965272,0.0025504338085615766,0.0002690815474236663,0.0022813522611379103,0.04787838109490071,0.011710535471792127,11,377.7549880614171,SUCCESS,,False
002858,OVERNIGHT,1584,0.05254564378560831,-0.18560232292853943,-0.012731679085040875,0.003603610078215899,0.0018803238613810669,0.0017232862168348323,0.054762442326504845,0.06601993986271903,11,377.7549880614171,SUCCESS,,False
002858,INTRADAY,1584,0.053763146424609165,-0.04295998276132895,0.10568441707112936,-0.001075928565786012,-0.001571872538458724,0.0004959439726727119,-0.00759456730577206,0.004443858137785139,11,377.7549880614171,SUCCESS,,False
002862,CLOSE_TO_CLOSE,1200,0.1709632498083619,-0.6906320420513284,0.3564297933432797,-0.00140791984779004,-0.0009015607033896478,-0.0005063591444003923,0.0539084931757037,0.06445272212810249,11,374.1824407899854,SUCCESS,,False
002862,OVERNIGHT,1200,-0.06112988247656428,-0.5627025143582286,0.20090630313329505,0.0012192802781836806,0.0008046417509003645,0.00041463852728331613,0.07203996416986526,0.19677388370110993,11,374.1824407899854,SUCCESS,,False
002862,INTRADAY,1200,0.24110146209488192,-0.12797525875049115,0.1613227465549152,-0.0028081686446890936,-0.0017282921055374045,-0.001079876539151689,-0.019483264909960503,0.011925199843172307,11,374.1824407899854,SUCCESS,,False
002875,CLOSE_TO_CLOSE,1190,0.14916509236273165,-0.4794911881131143,0.05062020691657331,0.005001159913381278,0.0045150776233800205,0.0004860822900012579,0.0351477761732314,0.0675450475141609,11,374.4417381880932,SUCCESS,,False
002875,OVERNIGHT,1190,-0.028941229976045355,-0.4189849825869674,-0.018661643216137072,0.0054898030529660635,0.0049449024915446255,0.0005449005614214381,0.056091339478564435,0.20812238633195002,11,374.4417381880932,SUCCESS,,False
002875,INTRADAY,1190,0.1841798661288494,-0.05746048904981719,0.06495017844580012,-0.00039357233009388454,-0.0003395242022449091,-5.404812784897545e-05,-0.0219141410832347,0.014479560279551662,11,374.4417381880932,SUCCESS,,False
002902,CLOSE_TO_CLOSE,771,0.19013485222232487,-0.5543882323532876,-0.003471103327706779,0.00614407033384938,0.003167717752470614,0.002976352581378766,0.03101739693333231,0.030236516734466812,11,296.3506938874826,SUCCESS,,False
002902,OVERNIGHT,771,-0.21730688679745244,-0.5025508569621986,0.07784468512640344,0.0031506033487770854,0.004783821578475594,-0.001633218229698509,0.0348700056124393,0.06891863442110435,11,296.3506938874826,SUCCESS,,False
002902,INTRADAY,771,0.4113906222968468,-0.06713190057172586,-0.07118853846317864,0.0031390686996655053,-0.0014970473630485856,0.004636116062714091,-0.004718808956836012,0.025455351198785836,11,296.3506938874826,SUCCESS,,True
002905,CLOSE_TO_CLOSE,1516,0.15872124498925552,-0.11258604776205865,-0.17028824838489146,0.004300346148516874,0.0005288098145390351,0.003771536333977839,0.07076659729847526,0.033032319784289554,11,364.60210808373796,SUCCESS,,False
002905,OVERNIGHT,1516,-0.15608217562742024,-0.05725695386941016,-0.17790423932834507,0.004688512141386755,0.002346614991999743,0.002341897149387012,0.034721649765586414,0.11969254993794509,11,364.60210808373796,SUCCESS,,False
002905,INTRADAY,1516,0.3177454259818241,-0.04747693352028835,0.0022775186918597102,-0.00036026732303170994,-0.0018327301144184585,0.0014724627913867486,0.03566406719161983,0.012154071986440806,11,364.60210808373796,SUCCESS,,False
002915,CLOSE_TO_CLOSE,769,0.05398316762220688,-0.16273194573296185,-0.07593460358692278,0.005510173547697436,0.003940009274982559,0.0015701642727148774,-0.08251164388121231,0.039299608252027496,11,463.0183118265316,SUCCESS,,False
002915,OVERNIGHT,769,-0.24899130601692263,-0.020106010493857313,-0.10771249253175479,0.0037500835063067964,0.002861918288406401,0.0008881652179003954,-0.004577479410741438,0.11112485168370545,11,463.0183118265316,SUCCESS,,False
002915,INTRADAY,769,0.3108747318240061,-0.147443777601259,0.035647071977417254,0.0016607241770822886,0.0010278709929998076,0.0006328531840824811,-0.07746412569331683,0.012675587517970044,11,463.0183118265316,SUCCESS,,False
002928,CLOSE_TO_CLOSE,1235,-0.04270799467936583,-0.034986111402106765,-0.08091750307799186,0.0027753395771050113,0.004827371634708449,-0.002052032057603438,-0.08226342684930414,0.018757923431291013,11,373.86541293825917,SUCCESS,,False
002928,OVERNIGHT,1235,-0.10569527640095984,-0.21357859565304324,0.05781790723473024,0.0014332491043247617,0.0036255598739779737,-0.002192310769653212,0.18288339787167285,0.04071992487968912,11,373.86541293825917,SUCCESS,,False
002928,INTRADAY,1235,0.06558742349183322,0.17944822625236104,-0.1413073637093936,0.0013664523457364158,0.0012193441429554919,0.00014710820278092396,-0.2552222595482664,0.011368851811887626,11,373.86541293825917,SUCCESS,,False
002963,CLOSE_TO_CLOSE,947,0.08908762239715795,-0.359939065509027,0.07156369529066994,0.0034805467775166354,0.001167614363490388,0.0023129324140262475,0.05280383871924365,0.040239723620772216,11,372.5130545074354,SUCCESS,,False
002963,OVERNIGHT,947,0.11448159185345132,-0.010545688140522202,-0.09429003381552595,0.0034904857958963018,0.002184192212770719,0.0013062935831255826,0.03710694436072718,0.1945266099226609,11,372.5130545074354,SUCCESS,,False
002963,INTRADAY,947,-0.022992121875384755,-0.35480571255205523,0.1634264286476938,6.511171564040075e-05,-0.0008701607986593765,0.0009352725142997773,0.015705042584380085,0.023675745607215748,11,372.5130545074354,SUCCESS,,False
002992,CLOSE_TO_CLOSE,1268,0.06926594691226598,0.1883114356246967,-0.234211759024531,-0.0005520259089258385,0.002303226940570953,-0.0028552528494967915,0.05127390936012162,0.02890143859528016,11,408.929186769966,SUCCESS,,False
002992,OVERNIGHT,1268,0.009182943811306016,0.010878883779761537,-0.14084878108458074,0.002916214154710607,0.0033599235342270167,-0.00044370937951640965,0.012631706732302064,0.10032431797599273,11,408.929186769966,SUCCESS,,False
002992,INTRADAY,1268,0.062122017515550756,0.17866647307537495,-0.09420999425052926,-0.0035626549595167353,-0.001029254472753184,-0.0025334004867635512,0.03699609384447323,0.010004962072596157,11,408.929186769966,SUCCESS,,False
003029,CLOSE_TO_CLOSE,1021,0.03594006374273725,-0.3298659800864233,0.09869864513250974,0.0022352714641637184,0.0023119311140908094,-7.665964992709107e-05,0.0845006087098092,0.017200667764930677,11,378.7279924692568,SUCCESS,,False
003029,OVERNIGHT,1021,-0.1594301106823248,-0.3251866694333303,0.06664628583617173,0.003630275065803437,0.0021372329805234985,0.0014930420852799385,0.05876012044014522,0.04265233091978615,11,378.7279924692568,SUCCESS,,False
003029,INTRADAY,1021,0.19998140062362568,-0.0003520931848827227,0.028585386607018298,-0.0014072990194019565,0.0001834779851480478,-0.0015907770045500043,0.026366344526098286,0.009183293132794201,11,378.7279924692568,SUCCESS,,False
003042,CLOSE_TO_CLOSE,766,0.030829817922917037,-0.7557834161424685,0.30238211922382396,0.005726469963734611,0.0035535128196919896,0.0021729571440426212,-0.03095261599268212,0.050242564474384466,11,420.1931282976739,SUCCESS,,False
003042,OVERNIGHT,766,-0.06701450055951752,0.09232501424058903,-0.25367558458416295,0.0034125702949370854,0.0031737251329508817,0.00023884516198620365,0.07944341011463751,0.19719284227469525,11,420.1931282976739,SUCCESS,,False
003042,INTRADAY,766,0.10138899257473347,-0.8839435168117407,0.5729017252095836,0.0020840579907422524,0.0005575328671995339,0.0015265251235427185,-0.09870963826379708,0.09003359777038022,11,420.1931282976739,SUCCESS,,False
600022,CLOSE_TO_CLOSE,771,0.005935699335719585,0.12407647447198814,-0.1289733573530553,-0.0010081012409295237,0.0018099086003050269,-0.0028180098412345506,-0.14979061916537256,0.03567799954327622,11,266.27647354794993,SUCCESS,,False
600022,OVERNIGHT,771,-0.028624885680788192,-0.19123748341378918,0.03600653187259907,0.00023611088915567388,0.004230083355503785,-0.003993972466348111,0.12765376199614567,0.08907343038358584,11,266.27647354794993,SUCCESS,,False
600022,INTRADAY,771,0.034913938072663415,0.2990270710923886,-0.1578766829935645,-0.0011923514176338523,-0.0021728634222297483,0.000980512004595896,-0.2717853279001248,0.0593765059578405,11,266.27647354794993,SUCCESS,,False
600029,CLOSE_TO_CLOSE,1584,0.004508172073273157,-0.02316518943413387,-0.0016479298744662891,0.0010101575487044129,0.0012066047831272436,-0.00019644723442283074,-0.28694079192557764,0.006654331920066481,11,240.7121085773875,SUCCESS,,False
600029,OVERNIGHT,1584,-0.07751242748456144,-0.14711715471893042,0.24822439572829597,-0.0018214456655747738,-0.0015995494553048759,-0.00022189621026989792,-0.033862952869019206,0.04300764824291403,11,240.7121085773875,SUCCESS,,True
600029,INTRADAY,1584,0.08261479471883366,0.10254694650632228,-0.2186032338994801,0.002555315491133324,0.0025718061351852825,-1.6490644051958547e-05,-0.23979885567840284,0.01083746441390454,11,240.7121085773875,SUCCESS,,False
600058,CLOSE_TO_CLOSE,1429,0.05387162463632505,-0.15705988817139405,0.07363736069247316,0.0006335902448807995,0.0012797013380179412,-0.0006461110931371417,0.0962510714765109,0.016936849729849324,11,463.28986974566345,SUCCESS,,False
600058,OVERNIGHT,1429,-0.03745417094187619,0.0263529086133632,-0.06896733621672355,0.00162293017543845,0.0017066431973211255,-8.371302188267538e-05,0.1401497456257522,0.07659877407164728,11,463.28986974566345,SUCCESS,,False
600058,INTRADAY,1429,0.09181417047917373,-0.1750008262048509,0.13872047772097026,-0.001019568048658815,-0.00041544159955853033,-0.0006041264491002847,-0.04162782122981917,0.0088799909013908,11,463.28986974566345,SUCCESS,,False
600067,CLOSE_TO_CLOSE,975,0.08553496419896896,-0.12945924970448655,-0.1295302167920984,0.004193360338037466,0.0022914840653480983,0.0019018762726893679,0.09003136222720486,0.051593974183811064,11,377.88073104700175,SUCCESS,,False
600067,OVERNIGHT,975,0.059341912520046156,-0.07923120655055609,-0.16266652467471943,0.004755974493584059,0.0032793287517003007,0.001476645741883758,0.12683101897406793,0.18278264904272434,11,377.88073104700175,SUCCESS,,False
600067,INTRADAY,975,0.025757099580840704,-0.055732175336167644,0.03369243010217774,-0.0005407614782167308,-0.0009341199188274418,0.000393358440610711,-0.037298738263325575,0.015769674272606005,11,377.88073104700175,SUCCESS,,False
600071,CLOSE_TO_CLOSE,1161,0.014474632539470669,-0.33749339268735207,0.15328804410703292,0.00264370914664107,-6.147617665868549e-05,0.0027051853232997556,0.109773790756918,0.017816396173793714,11,379.2870433775422,SUCCESS,,False
600071,OVERNIGHT,1161,-0.1607672439170933,-0.41837503190547654,0.1415307639229245,0.007657062837791363,0.0021661338158661184,0.005490929021925245,0.10692275911782902,0.13351086196767215,11,379.2870433775422,SUCCESS,,True
600071,INTRADAY,1161,0.17347755812985718,0.07778575299684959,0.017392098777334088,-0.005197645616850063,-0.002195861011291475,-0.003001784605558588,0.00298716643590148,0.01270743104451888,11,379.2870433775422,SUCCESS,,False
600076,CLOSE_TO_CLOSE,1584,0.06589608717254568,-0.15375790701888606,-0.015231950177222946,0.00405788075837131,0.0014539180316645584,0.0026039627267067517,-0.054932558757362776,0.023494401176744173,11,322.5561389257683,SUCCESS,,False
600076,OVERNIGHT,1584,0.04658350465003189,-0.1305692790111964,-0.02456357042106993,0.0031906962014073698,0.003338976261160226,-0.00014828005975285607,0.03306854550383339,0.14923259099426323,11,322.5561389257683,SUCCESS,,False
600076,INTRADAY,1584,0.018838224216352107,-0.019852005778855934,0.0045446401613092645,0.0008819136700819255,-0.001755559426194861,0.0026374730962767864,-0.08747649884621343,0.025680764626080044,11,322.5561389257683,SUCCESS,,False
600088,CLOSE_TO_CLOSE,967,0.08706815233522745,-0.2749588322900997,-0.039700195120142424,0.00514965392663585,0.0030318265520805354,0.002117827374555315,0.08495927974343441,0.0883924378280263,11,431.4314237045352,SUCCESS,,False
600088,OVERNIGHT,967,-0.0839668649933835,-0.36873259031040145,-0.031769969100141,0.00253381220829604,0.003433892173052608,-0.0009000799647565678,0.12125635743978667,0.3663062568058295,11,431.4314237045352,SUCCESS,,False
600088,INTRADAY,967,0.1733360507599463,0.09828450136610643,-0.014039074364700302,0.002593378144570467,-0.0002876596596512321,0.002881037804221699,-0.03515881202225456,0.038791598105324954,11,431.4314237045352,SUCCESS,,False
600094,CLOSE_TO_CLOSE,767,0.027635964358060816,-0.05999169287454911,-0.05868180378433641,0.0029293280751575,0.0018441074659279466,0.0010852206092295535,-0.15181536924121028,0.041064153024319205,11,307.0356515040066,SUCCESS,,False
600094,OVERNIGHT,767,-0.0412724604429037,-0.20034873755360172,0.025475134363668557,0.003363184858584903,0.0014295309310215498,0.001933653927563353,-0.08610856616421537,0.04319832467565632,11,307.0356515040066,SUCCESS,,False
600094,INTRADAY,767,0.07136554408427255,0.14540944243726792,-0.08533963426879886,-0.00048008038036816483,0.0003335923580853259,-0.0008136727384534907,-0.06420184444640853,0.022937461342229293,11,307.0356515040066,SUCCESS,,False
600096,CLOSE_TO_CLOSE,793,0.20398578118612246,-0.11328548550406656,-0.05041533133770334,-0.0027773861374136965,0.002567830973352482,-0.0053452171107661785,-0.015867743901608274,0.013349690252909552,11,327.634131876345,SUCCESS,,False
600096,OVERNIGHT,793,-0.18240272617637696,-0.01858459510527103,-0.17247363702604335,0.0004572405906287866,0.0027355548391100465,-0.00227831424848126,-0.005728831352939083,0.0737877837028521,11,327.634131876345,SUCCESS,,False
600096,INTRADAY,793,0.38782524979869665,-0.09807528936443398,0.12340459454402355,-0.0031705382800756663,-0.000124814733041715,-0.0030457235470339513,-0.009263356277990933,0.007759910959814764,11,327.634131876345,SUCCESS,,False
600100,CLOSE_TO_CLOSE,1224,0.014038467859080554,0.1365295169996708,-0.2233697055754893,0.0009312779179439495,0.00245597271161601,-0.0015246947936720604,-0.10825838986490169,0.040777837965249364,11,369.9352776369276,SUCCESS,,False
600100,OVERNIGHT,1224,-0.03327853858900233,0.002977645794487656,-0.0660072331922514,0.0018627118171536724,0.0022339530751624807,-0.00037124125800880835,-0.035150641790692924,0.04322847873288871,11,369.9352776369276,SUCCESS,,False
600100,INTRADAY,1224,0.04828483866549004,0.1268679837356686,-0.15429057979050037,-0.0009857114095759678,0.00021258375083266267,-0.0011982951604086304,-0.07248789973524564,0.03269855612781036,11,369.9352776369276,SUCCESS,,False
600103,CLOSE_TO_CLOSE,831,0.09848861016751183,0.07001112381319456,-0.2375376778917418,0.003361096773000047,0.0029180696225794,0.0004430271504206468,-0.1668061005076643,0.04974985145733246,11,454.2292520389333,SUCCESS,,False
600103,OVERNIGHT,831,-0.10942298229890622,0.14629752932419865,-0.2649869360917694,0.0030574798026028298,0.0031459012654492906,-8.84214628464608e-05,0.0970958673349199,0.14474356756176388,11,454.2292520389333,SUCCESS,,False
600103,INTRADAY,831,0.2089663648049409,-0.08156164059274605,0.027965276249053327,0.0002077739118394803,-0.00021350951599761678,0.0004212834278370971,-0.26326433123740317,0.06031819277277084,11,454.2292520389333,SUCCESS,,False
600105,CLOSE_TO_CLOSE,973,0.06338442715798007,-0.06833765739979772,-0.09746366234429087,0.004669223721934894,0.0018596292500031586,0.0028095944719317353,-0.017080106970350645,0.04185322533008673,11,345.49204923025036,SUCCESS,,False
600105,OVERNIGHT,973,-0.005421057778204578,-0.21269134629000164,-0.08849863163987458,0.003767505326049053,0.0028917214991605877,0.0008757838268884655,0.09141940864479015,0.11645017109790357,11,345.49204923025036,SUCCESS,,False
600105,INTRADAY,973,0.07138032516725065,0.14102173023496586,-0.009071995980203949,0.0009093934825522565,-0.0009747824749761543,0.0018841759575284108,-0.10713150648538036,0.030053866667465567,11,345.49204923025036,SUCCESS,,False
600110,CLOSE_TO_CLOSE,750,0.05393523958601074,-0.6570523900178905,0.14725217235141055,0.007373310988252554,0.007567273595006654,-0.00019396260675410074,-0.06909328918369265,0.08582164809426784,11,501.67301529482495,SUCCESS,,True
600110,OVERNIGHT,750,-0.06258765681822549,-0.2681722059044565,-0.03622823289765984,0.005130165234592532,0.004107971379702924,0.0010221938548896081,-0.03326208953914167,0.18727414479530713,11,501.67301529482495,SUCCESS,,False
600110,INTRADAY,750,0.11796155017151584,-0.3886721658723131,0.18466523040725627,0.0020502402830642474,0.0034181417868967834,-0.001367901503832536,-0.03396721166073749,0.054221361081041475,11,501.67301529482495,SUCCESS,,False
600115,CLOSE_TO_CLOSE,1463,0.0018625750971754788,-0.17652569919639932,0.11292710129450881,0.002501753552326704,0.0023573506100583452,0.0001444029422683589,-0.08759500638189531,0.007685898242954625,11,165.40324909219467,SUCCESS,,False
600115,OVERNIGHT,1463,-0.07733279206977514,-0.16441428058738122,0.23060446890180836,-0.00370150251149556,-0.0007798147282533589,-0.002921687783242201,-0.04848931568862697,0.05175276452015842,11,165.40324909219467,SUCCESS,,True
600115,INTRADAY,1463,0.0802669474258511,-0.030742069876998613,-0.0954496056209062,0.005815606915075169,0.0030056497542618466,0.002809957160813323,-0.03472170547214278,0.009007786904888015,11,165.40324909219467,SUCCESS,,True
600121,CLOSE_TO_CLOSE,1584,0.03859828311747111,0.195445665666545,-0.36258375501937634,0.00320164845458161,0.00516965578433843,-0.00196800732975682,0.03521297625921369,0.05316397706879494,11,460.08873726345,SUCCESS,,False
600121,OVERNIGHT,1584,-0.2890129537143706,-0.19908712558527777,-0.12109879730075347,0.005526726737474633,0.003996903863050544,0.0015298228744240888,0.02900695951311475,0.12324969208349701,11,460.08873726345,SUCCESS,,False
600121,INTRADAY,1584,0.3317182665952814,0.3916710953836718,-0.23477799503763977,-0.002452202994852791,0.0010986455796221928,-0.0035508485744749838,0.004933532368289462,0.024703207385899595,11,460.08873726345,SUCCESS,,False
600127,CLOSE_TO_CLOSE,1584,0.005412743399231318,0.20396183317647285,-0.26357677073163255,0.0006627583742833771,0.004456061558085568,-0.003793303183802191,0.047390162383091725,0.055426146414061295,11,468.6838427017691,SUCCESS,,False
600127,OVERNIGHT,1584,-0.17048548722231147,-0.08808207506829589,-0.0910570418594183,0.007222827535591212,0.0027190593772920685,0.004503768158299144,0.03893197076716374,0.08252702651788657,11,468.6838427017691,SUCCESS,,False
600127,INTRADAY,1584,0.17904313221175458,0.31542105888200117,-0.18541838730662139,-0.0067543872531671285,0.0017952600233458876,-0.008549647276513016,0.004370614576941332,0.026068468860330096,11,468.6838427017691,SUCCESS,,True
600129,CLOSE_TO_CLOSE,1048,0.16841622914466514,-0.06695519125294308,-0.03982864585365246,0.0014406168876389047,0.0013424464156248615,9.817047201404316e-05,-0.0620984461392837,0.00945659713875946,11,347.62133731931414,SUCCESS,,False
600129,OVERNIGHT,1048,-0.06690244509770817,0.012165872576835336,-0.1228635968029551,0.002187045657973938,0.0021213466863569397,6.569897161699811e-05,0.0926293417319154,0.06941634196857704,11,347.62133731931414,SUCCESS,,False
600129,INTRADAY,1048,0.2384504830676316,-0.08153467618198602,0.08335847719393416,-0.000730602434842971,-0.000760745876290464,3.014344144749298e-05,-0.15338144161864883,0.008730025554583798,11,347.62133731931414,SUCCESS,,False
600135,CLOSE_TO_CLOSE,751,0.04139160788074586,0.16444551104869332,-0.1429477177712158,0.003296887705985199,0.002451452853388429,0.00084543485259677,-0.0821446962817886,0.020180255373337785,11,349.18137001460286,SUCCESS,,False
600135,OVERNIGHT,751,0.009442683549165625,-0.04269081783766276,0.02283094148989282,0.0030940855903737793,0.0003432663033946723,0.002750819286979107,0.022021801259227834,0.046668188842280856,11,349.18137001460286,SUCCESS,,False
600135,INTRADAY,751,0.034523597509352924,0.20417186931963788,-0.16618727079668882,8.687573024849897e-05,0.0021553611496616734,-0.0020684854194131744,-0.09819981796275512,0.02052784711074218,11,349.18137001460286,SUCCESS,,False
600138,CLOSE_TO_CLOSE,955,0.025280943670277785,0.4533378813817988,-0.5628888856403601,0.004155425095244622,0.004095005997265061,6.041909797956102e-05,0.05069974266693429,0.014961946467042853,11,311.60368573043974,SUCCESS,,False
600138,OVERNIGHT,955,-0.1921256924190537,-0.1158507913633079,0.04955428285799907,0.0032836906743659196,0.0012370193178259242,0.0020466713565399954,0.1582086033216366,0.02328582026305659,11,311.60368573043974,SUCCESS,,False
600138,INTRADAY,955,0.21928263906436726,0.5679174100689427,-0.6076672717051068,0.0007587962295075926,0.0027974129468701994,-0.002038616717362607,-0.10193169104497354,0.01325949673076865,11,311.60368573043974,SUCCESS,,False
600151,CLOSE_TO_CLOSE,1584,0.09582050957151418,0.2267405679063165,-0.11711185022760426,-0.001189991582296969,-0.001072961086236418,-0.00011703049606055088,0.05704277910033702,0.006646515880799009,11,418.16122010970525,SUCCESS,,False
600151,OVERNIGHT,1584,-0.051459880977486806,-0.028762291296440298,-0.11734103920303164,0.003524001664383795,0.0016941869613055945,0.0018298147030782006,0.055497866235768856,0.11635100032821366,11,418.16122010970525,SUCCESS,,False
600151,INTRADAY,1584,0.1502600035889908,0.2546032223231919,0.009192915314428528,-0.004979727756950464,-0.0029015680993302213,-0.0020781596576202425,0.0028324730256223825,0.015520324518944362,11,418.16122010970525,SUCCESS,,False
600152,CLOSE_TO_CLOSE,1584,0.11716973006377877,-0.22366389246742116,-0.01765633709076557,0.005152672873594978,0.0028113690922447303,0.002341303781350248,-0.03223673699237791,0.022076010695068593,11,363.05445681107824,SUCCESS,,False
600152,OVERNIGHT,1584,-0.08164087693900687,-0.1358756106795635,-0.0739364065815369,0.0048335112559547075,0.003362515094409116,0.0014709961615455916,-0.025958527331344624,0.1021885465474136,11,363.05445681107824,SUCCESS,,False
600152,INTRADAY,1584,0.20262326164277833,-0.08413674138181763,0.05216752926094995,0.00036177405877513627,-0.0004981125734949202,0.0008598866322700564,-0.007306301799119151,0.01112475151161707,11,363.05445681107824,SUCCESS,,False
600155,CLOSE_TO_CLOSE,1584,-0.043075198262607146,0.13695689205524966,-0.02383105791680141,0.004185190910352323,0.0005538044948345949,0.003631386415517728,-0.0888822603723699,0.01655649354212263,11,416.64689199376835,SUCCESS,,False
600155,OVERNIGHT,1584,-0.10355414036920833,-0.11545831536969964,0.06784098066780085,0.001968419772386489,0.0008354064899736523,0.0011330132824128366,-0.030121299733311714,0.02786332424323379,11,416.64689199376835,SUCCESS,,False
600155,INTRADAY,1584,0.06316633940727076,0.24612702999852717,-0.08956168892870457,0.0022132330481577957,-0.00027671135232130994,0.0024899444004791056,-0.05979284817010835,0.012523899644157677,11,416.64689199376835,SUCCESS,,False
600156,CLOSE_TO_CLOSE,1287,0.16625934808522663,-0.4003490558687236,0.1092161284231348,0.003567941231682692,-0.0003973156353516971,0.003965256867034389,0.013206185350577286,0.03973378543045958,11,308.0097423265479,SUCCESS,,False
600156,OVERNIGHT,1287,0.06062294119267629,-0.3025833497945963,0.005375233022067893,0.004568601873544173,0.0024562791048721444,0.0021123227686720286,0.03871514822690345,0.172592423803282,11,308.0097423265479,SUCCESS,,False
600156,INTRADAY,1287,0.10952515088318428,-0.09477427771706218,0.09918199562533205,-0.0009144673321470342,-0.0027633992138956717,0.0018489318817486375,-0.02482200515053427,0.02791868580490775,11,308.0097423265479,SUCCESS,,False
600159,CLOSE_TO_CLOSE,1013,0.03601045987872925,0.11570303842195001,0.04308257043920538,-0.004218324847717711,-0.0028659402424196997,-0.0013523846052980112,0.1262098766486014,0.023053345510395173,11,387.7562824248117,SUCCESS,,True
600159,OVERNIGHT,1013,-0.024515400676453858,0.13627608137371802,-0.15957163639805155,0.0017246828790491095,0.0029138270811503025,-0.001189144202101193,0.08529628415531042,0.09285148916209418,11,387.7562824248117,SUCCESS,,False
600159,INTRADAY,1013,0.06199341382792179,-0.002937038588522043,0.1932463634969465,-0.005972709205532778,-0.005628766677509306,-0.00034394252802347203,0.04473852978801577,0.029274022218600093,11,387.7562824248117,SUCCESS,,True
600163,CLOSE_TO_CLOSE,821,0.12133959979457377,-1.0523662732325074,0.6185689437378313,-0.0024471399674160232,0.0016575438844514956,-0.004104683851867519,-0.007070069139692428,0.06454405694729382,11,482.4129762186741,SUCCESS,,False
600163,OVERNIGHT,821,-0.01663311888535236,-0.38213349471267044,0.1763251362411366,0.001481046675103858,0.0023821736141771133,-0.0009011269390732553,0.026082541495012292,0.12627956368411342,11,482.4129762186741,SUCCESS,,False
600163,INTRADAY,821,0.14310315563244683,-0.6726126079484895,0.4413500485793507,-0.003883606218542106,-0.0007422095241874649,-0.003141396694354641,-0.033287725072066884,0.0382524726108201,11,482.4129762186741,SUCCESS,,False
600166,CLOSE_TO_CLOSE,1584,0.01988423556551763,0.3052859869625271,-0.36130319174294223,0.0016984112536586604,0.003870593819892576,-0.0021721825662339156,-0.0020026853283721608,0.026811775778862068,11,401.9367482732475,SUCCESS,,False
600166,OVERNIGHT,1584,-0.11390059728279968,0.13482421226804478,-0.21215335301499386,0.0014297990114093603,0.0026362107697679854,-0.0012064117583586251,0.056165961674189475,0.07165242445291642,11,401.9367482732475,SUCCESS,,False
600166,INTRADAY,1584,0.1346211276158748,0.16444166085054063,-0.14062486289890616,0.0001897609959503714,0.0012060496293206796,-0.0010162886333703082,-0.05772613313645329,0.013070363740793955,11,401.9367482732475,SUCCESS,,False
600172,CLOSE_TO_CLOSE,872,0.07061611260577237,-0.10310667722089399,-0.2059252950911695,0.004688482065965373,0.005692002316048522,-0.0010035202500831494,-0.05311201697515801,0.03192881576533324,11,440.41290483000205,SUCCESS,,False
600172,OVERNIGHT,872,-0.06126371937499405,-0.47913417617293363,0.19177927933275293,0.00532692360829163,0.003379736715738879,0.0019471868925527505,-0.0257870509153134,0.1064428865189504,11,440.41290483000205,SUCCESS,,False
600172,INTRADAY,872,0.13487527981236164,0.3805000738513447,-0.39822374133973515,-0.0007225734600979691,0.002332558918426021,-0.0030551323785239903,-0.027758509683889085,0.021495724887076184,11,440.41290483000205,SUCCESS,,False
600185,CLOSE_TO_CLOSE,873,-0.09007162894817027,0.26859950001620264,-0.2310860851506254,-0.0033406677796246967,-0.0011574479553096706,-0.002183219824315026,0.09395296648684061,0.026445085656760736,11,412.88195214318176,SUCCESS,,False
600185,OVERNIGHT,873,-0.05221923303539993,0.16969360772011882,-0.23538273862894357,0.002219472834665565,0.0024726406494219276,-0.0002531678147563625,0.06885339129251801,0.06340356397009606,11,412.88195214318176,SUCCESS,,False
600185,INTRADAY,873,-0.03495324894937455,0.10144049707161891,-0.00267869591117466,-0.005669969634670063,-0.0035193299451736215,-0.002150639689496442,0.026205761168992203,0.04438253146902582,11,412.88195214318176,SUCCESS,,False
600189,CLOSE_TO_CLOSE,1584,0.09059603166022621,0.14178712899373286,-0.032331891506438,0.0019412195723736009,9.021896255798079e-05,0.00185100060981562,0.017542745003192754,0.015660247331699573,11,425.37541086055427,SUCCESS,,False
600189,OVERNIGHT,1584,-0.11778507155243734,-0.04099605774376786,-0.10279073683696144,0.002941648830259746,0.0027922582797421753,0.00014939055051757088,0.037997182626661734,0.10800801481951772,11,425.37541086055427,SUCCESS,,False
600189,INTRADAY,1584,0.21062054990523152,0.17566150280128573,0.07901750707649301,-0.001052703675996948,-0.002744859930549834,0.001692156254552886,-0.019182169748598873,0.016274190080413198,11,425.37541086055427,SUCCESS,,False
600192,CLOSE_TO_CLOSE,1492,0.06185962612190396,0.06354720490346596,-0.18852879493893554,0.0031119368274854647,0.0028407408892912184,0.00027119593819424637,0.020465556205970657,0.026405591066964718,11,430.10813875309975,SUCCESS,,False
600192,OVERNIGHT,1492,-0.07849858601333863,-0.1088777228484724,-0.12084616183150768,0.00494816592055005,0.003297373365733755,0.0016507925548162952,-0.003012876934287153,0.13708048124636596,11,430.10813875309975,SUCCESS,,False
600192,INTRADAY,1492,0.14311343591416453,0.1715088355368504,-0.06822395666788424,-0.0018426177154014477,-0.0003907242648642749,-0.0014518934505371728,0.02381647822557486,0.007550322380294516,11,430.10813875309975,SUCCESS,,False
600199,CLOSE_TO_CLOSE,1584,0.06199337962793757,-0.21809863425957193,-0.07268833690353779,0.0028869302948876883,0.005048237476716497,-0.0021613071818288084,0.01172144051355631,0.0317238621399466,11,436.73246019337233,SUCCESS,,False
600199,OVERNIGHT,1584,-0.26107268011625856,-0.47202622803861555,0.10094291217410738,0.008536721000514521,0.004584207901385343,0.003952513099129178,0.019537361082568285,0.15651448173842952,11,436.73246019337233,SUCCESS,,True
600199,INTRADAY,1584,0.32649186927756546,0.2639664903864079,-0.17812535561881535,-0.005791948966889737,0.00046187947592160605,-0.006253828442811343,-0.0094537554787198,0.016521586496364926,11,436.73246019337233,SUCCESS,,False
600202,CLOSE_TO_CLOSE,1008,0.10091444779717562,0.21815109913297204,-0.20668149751291542,0.0036188934169384124,0.0009197259470115904,0.002699167469926822,0.03177700534747862,0.07948580277577488,11,398.1661301698511,SUCCESS,,False
600202,OVERNIGHT,1008,-0.054218317083445614,0.09319370720803284,-0.14479615472102902,0.004664355877408474,0.0016997239876743037,0.0029646318897341706,0.020843923975207287,0.22432108160962128,11,398.1661301698511,SUCCESS,,False
600202,INTRADAY,1008,0.1566897557027691,0.12402581271872487,-0.061937090014597435,-0.0009862528136535959,-0.0007841086135090686,-0.00020214420014452728,0.007994005045355268,0.030178279909260586,11,398.1661301698511,SUCCESS,,False
600203,CLOSE_TO_CLOSE,1327,0.12147072862246973,-0.039253651674758167,-0.15872291082768736,0.0022118099599735958,0.002209611295235586,2.198664738009559e-06,-0.016180638086679876,0.0326291255132829,11,345.80177595070603,SUCCESS,,False
600203,OVERNIGHT,1327,0.029207477238072283,-0.22527396086890888,-0.07977338833930571,0.004227464164667481,0.0032560891580283025,0.0009713750066391788,0.006268296702551602,0.12519389596314057,11,345.80177595070603,SUCCESS,,False
600203,INTRADAY,1327,0.09740091364133695,0.18157802971654466,-0.07667511347394294,-0.0021084108856351987,-0.0009474463024561203,-0.0011609645831790784,-0.024160198682837114,0.009767643406614401,11,345.80177595070603,SUCCESS,,False
600207,CLOSE_TO_CLOSE,1584,0.10967275239002648,-0.17004370665123264,-0.14631485157661078,0.006965822296478651,0.003318836984302645,0.0036469853121760057,-0.02156634778943168,0.04642053205788277,11,344.76047124645936,SUCCESS,,False
600207,OVERNIGHT,1584,-0.04229532199315742,-0.1310262629252016,-0.0798419540244709,0.004170735843982976,0.0022480211228204094,0.0019227147211625661,0.058528882188206455,0.09073814657326096,11,344.76047124645936,SUCCESS,,False
600207,INTRADAY,1584,0.15429712560660452,-0.03630275768238515,-0.07149837997931144,0.0028568841334223535,0.0011632634232740316,0.001693620710148322,-0.07792684397210972,0.024087796501254255,11,344.76047124645936,SUCCESS,,False
600227,CLOSE_TO_CLOSE,1584,0.03688496461078874,0.08151331779322468,-0.0929929315513941,0.002012120404048367,0.0017059008108084722,0.00030621959323989464,-0.039124901280834914,0.014265308322327863,11,416.89643590905706,SUCCESS,,False
600227,OVERNIGHT,1584,-0.10548648504296024,0.07257778995218957,-0.16361420488400175,0.004287355997909262,0.002918442814231592,0.0013689131836776697,-0.032434846708233205,0.08485863256923809,11,416.89643590905706,SUCCESS,,False
600227,INTRADAY,1584,0.1460809925230579,0.012228352191125363,0.06816669822209157,-0.0022226081372252226,-0.0011563634616348238,-0.0010662446755903988,-0.010214830609206405,0.011581811957443677,11,416.89643590905706,SUCCESS,,False
600231,CLOSE_TO_CLOSE,1046,0.025280714226032446,-0.21745459969988887,0.0939896145972702,0.0009199472938905169,-0.0006713657962947733,0.0015913130901852902,-0.0038085823969647007,0.01271152212014337,11,516.7300753588963,SUCCESS,,False
600231,OVERNIGHT,1046,-0.06150115479237589,0.13561492315322923,-0.10463155784129513,0.001194784624588126,0.0017608930860676733,-0.0005661084614795473,0.049054718282421035,0.06438649997695012,11,516.7300753588963,SUCCESS,,False
600231,INTRADAY,1046,0.08642096632222979,-0.3521032521000344,0.19736275073492,-0.00032387208942241154,-0.002365887731466263,0.0020420156420438516,-0.04925519638974166,0.038066586746363984,11,516.7300753588963,SUCCESS,,False
600237,CLOSE_TO_CLOSE,1527,0.14485943115042305,-0.0531712427163999,-0.09254508544410094,0.0021875016373826273,0.0021394031826409976,4.809845474162966e-05,0.0750821024930318,0.01810851819365855,11,408.37754105608997,SUCCESS,,False
600237,OVERNIGHT,1527,-0.09437665148255185,0.2553184415388419,-0.26234148490537035,0.003071722980186563,0.0020551373936616157,0.001016585586524947,0.09720335523046479,0.13629951299291343,11,408.37754105608997,SUCCESS,,False
600237,INTRADAY,1527,0.24059725371037144,-0.33165669299958256,0.1866917179744375,-0.0009913776064971536,0.0001308573311619987,-0.0011222349376591523,-0.02263945171675964,0.01920819850650679,11,408.37754105608997,SUCCESS,,False
600246,CLOSE_TO_CLOSE,1290,0.07779416849406472,-0.3584551944383946,-0.11225022639604178,0.004104372564995448,0.007107249724171594,-0.0030028771591761455,0.012395683913029322,0.03082530628481228,11,392.0048178874089,SUCCESS,,True
600246,OVERNIGHT,1290,-0.033484520627679794,-0.19402989506811175,-0.06341860813729965,0.002605147122668936,0.004486670403466141,-0.0018815232807972045,0.0643837913645547,0.12771500140747083,11,392.0048178874089,SUCCESS,,False
600246,INTRADAY,1290,0.11423841880297475,-0.1699647316657711,-0.04115350020064565,0.0014590048499418876,0.0026469270392993904,-0.0011879221893575029,-0.05332271235744029,0.0166566277471637,11,392.0048178874089,SUCCESS,,False
600249,CLOSE_TO_CLOSE,1091,0.07757993624332166,-0.20069786372365347,0.0417013770397934,0.004166370677306831,0.0001993914621923193,0.003966979215114512,-0.007885987179507442,0.017866427534311558,11,376.6556477221357,SUCCESS,,False
600249,OVERNIGHT,1091,-0.07964814166473129,-0.019964556145390142,-0.05636164364676809,0.0042509652855012,0.0022255208674807313,0.0020254444180204684,-0.00212356643526013,0.1585970585763702,11,376.6556477221357,SUCCESS,,False
600249,INTRADAY,1091,0.15741469100875372,-0.17522218948930132,0.09377051329923386,-4.045691436208379e-05,-0.001957459166785337,0.0019170022524232534,-0.006999525073016222,0.01573233673339225,11,376.6556477221357,SUCCESS,,False
600250,CLOSE_TO_CLOSE,1039,0.1740597873682464,-0.507726066620959,0.1257193409292251,0.0030921211282278066,0.0008706996959959856,0.002221421432231821,0.06112849246990256,0.050472848503119616,11,437.77201642180273,SUCCESS,,False
600250,OVERNIGHT,1039,-0.04865474712872439,-0.5332496272722854,0.09789278631478729,0.004552616860229175,0.003093909715209342,0.001458707145019833,0.07701914161807312,0.2486658756284722,11,437.77201642180273,SUCCESS,,False
600250,INTRADAY,1039,0.2261765806023817,0.016395720067814774,0.035293919549816595,-0.0015282183652929118,-0.002191041687139246,0.0006628233218463342,-0.01658494562297446,0.011525756185956415,11,437.77201642180273,SUCCESS,,False
600257,CLOSE_TO_CLOSE,1584,0.17003916087638715,-0.4260681833478371,0.1290550238617793,0.002935552507565855,0.0010367922045408234,0.0018987603030250315,0.03218255199155442,0.01603385424785342,11,384.5780946760766,SUCCESS,,False
600257,OVERNIGHT,1584,-0.12345480116623836,-0.1782952514352539,-0.07109093140334216,0.004797147739918087,0.0023600255237680723,0.0024371222161500145,0.03957239730292424,0.09395622929074265,11,384.5780946760766,SUCCESS,,False
600257,INTRADAY,1584,0.29575488780928005,-0.24605773515463866,0.20100864613700553,-0.001858286009584962,-0.001266744862403274,-0.000591541147181688,-0.007988313644964586,0.011224123563034816,11,384.5780946760766,SUCCESS,,False
600259,CLOSE_TO_CLOSE,1503,0.13217628812450616,-0.02135607698746987,-0.15482067539279018,0.002022334430989106,0.0031596176749476845,-0.0011372832439585784,0.0433015981582201,0.0164988985316481,11,398.8214369570991,SUCCESS,,False
600259,OVERNIGHT,1503,-0.09825393702165487,-0.23695443037065894,0.054582146147506796,0.0026471602149977253,0.0026458381398484065,1.322075149318841e-06,0.005844061590133961,0.05020477436354176,11,398.8214369570991,SUCCESS,,False
600259,INTRADAY,1503,0.23189711325408657,0.20565272470122847,-0.20648129225397546,-0.0005700134317356068,0.0006165154247546323,-0.001186528856490239,0.03565530353102901,0.009742753557030137,11,398.8214369570991,SUCCESS,,False
600281,CLOSE_TO_CLOSE,1584,0.0949197907516023,0.010225808302376009,-0.14650254588481124,0.004590036214522201,0.002300550314581276,0.0022894858999409247,0.005783722338035912,0.019545230774448696,11,351.44405812289745,SUCCESS,,False
600281,OVERNIGHT,1584,0.01156274206439842,-0.297872931970845,-0.0941342796468666,0.006510961763905004,0.003476691340738969,0.0030342704231660356,0.014447484845400455,0.18950189973653675,11,351.44405812289745,SUCCESS,,False
600281,INTRADAY,1584,0.08671590744949685,0.3194083609176309,-0.05450889465894327,-0.0020284023727205128,-0.0012188849508634747,-0.0008095174218570381,-0.009229402601256048,0.01444703778454226,11,351.44405812289745,SUCCESS,,False
600293,CLOSE_TO_CLOSE,1584,0.06254677454225835,0.15258333821261147,-0.14999431588506595,0.003603616412129706,0.0008956699166198234,0.0027079464955098824,-0.048329646380697214,0.017679974147349786,11,409.82640917257226,SUCCESS,,False
600293,OVERNIGHT,1584,-0.024495014838401778,-0.09824344579739946,-0.0319812605081008,0.004432650003111313,0.0015883086812934488,0.0028443413218178643,0.011752105590476992,0.08896933799569229,11,409.82640917257226,SUCCESS,,False
600293,INTRADAY,1584,0.08725987665434243,0.2604573803186844,-0.12189356103823684,-0.0009335707751105156,-0.0006535762620219626,-0.00027999451308855297,-0.060943839375478356,0.010023794296496469,11,409.82640917257226,SUCCESS,,False
600307,CLOSE_TO_CLOSE,1584,-0.003062860102364477,0.1627253170018521,-0.1686313197348338,-0.0005304419600632299,0.001400409781463996,-0.0019308517415272258,0.025876112222341287,0.026727362936462495,11,429.0049442928461,SUCCESS,,False
600307,OVERNIGHT,1584,-0.10410418456968978,-0.0059586100416726545,-0.05919408982408036,0.002166588899306175,0.002870661475760903,-0.0007040725764547277,0.014277222655474757,0.099151275847151,11,429.0049442928461,SUCCESS,,False
600307,INTRADAY,1584,0.10222769513376555,0.16140528470780724,-0.10730421235138607,-0.002615034538661437,-0.0013868012086524495,-0.0012282333300089876,0.010397513168577954,0.038299749170498276,11,429.0049442928461,SUCCESS,,False
600313,CLOSE_TO_CLOSE,1308,0.049212236601883855,-0.10624158984946915,-0.026649695595164384,0.0033266574711027196,0.0020175563365415067,0.0013091011345612129,0.023291750813805055,0.02332020750122432,11,388.8227706335682,SUCCESS,,False
600313,OVERNIGHT,1308,-0.14136901581279593,-0.2600913274004839,0.07578978339864505,0.0068188681578606495,0.0016150739043169701,0.005203794253543679,0.038704318790996096,0.1258113494738422,11,388.8227706335682,SUCCESS,,True
600313,INTRADAY,1308,0.19417087333094687,0.15192161739716414,-0.10487075909025181,-0.0035619798711890374,0.0005080216932432102,-0.004070001564432248,-0.01449947940091664,0.013671308730089926,11,388.8227706335682,SUCCESS,,False
600318,CLOSE_TO_CLOSE,875,0.14761357329704253,-0.4020276851975848,0.09315828136814723,0.004190638234312985,0.0007044386046805851,0.0034861996296323998,0.0371222016896701,0.02785614278340165,11,441.2971726076556,SUCCESS,,False
600318,OVERNIGHT,875,-0.1668384916884237,-0.6748087392947799,0.18942414622425002,0.00589566969611021,0.003083304516549465,0.0028123651795607454,0.05467409697024578,0.14363198239529795,11,441.2971726076556,SUCCESS,,False
600318,INTRADAY,875,0.31996313622579975,0.2737061149402172,-0.09477215188294262,-0.0017483043571149548,-0.002413753077584971,0.000665448720470016,-0.01680818527962816,0.02303058517644052,11,441.2971726076556,SUCCESS,,False
600322,CLOSE_TO_CLOSE,1178,0.047739550206377934,-0.17016977145974665,0.11124071617840633,-0.002640825365783611,-0.0007655008832380128,-0.0018753244825455984,-0.015365973436291891,0.030592813635956895,11,491.0482004278393,SUCCESS,,False
600322,OVERNIGHT,1178,-0.1455625276683487,0.2279539642957376,-0.1352047167388476,0.0018119905931691174,7.132939025095847e-05,0.001740661202918159,-0.01515262353794214,0.047983428084281354,11,491.0482004278393,SUCCESS,,False
600322,INTRADAY,1178,0.19677091127042243,-0.4080692628131903,0.2512589098313599,-0.0045414177185966395,-0.000733916874883167,-0.0038075008437134725,0.0011819130567698867,0.04376889642469617,11,491.0482004278393,SUCCESS,,False
600331,CLOSE_TO_CLOSE,1168,0.12759006238413226,0.013767223015636914,-0.25284285220657937,0.0004195745715902671,0.003688882277089689,-0.003269307705499422,-0.03787064318881731,0.051356697681149255,11,465.27910326310973,SUCCESS,,False
600331,OVERNIGHT,1168,-0.10849361715759435,0.11073400422686246,-0.26429335352567446,0.0035226829662753922,0.004039761546970569,-0.0005170785806951766,0.011831410101687255,0.18772282417253972,11,465.27910326310973,SUCCESS,,False
600331,INTRADAY,1168,0.23868004788592706,-0.08809825907583099,0.0008533581578833798,-0.0031830279846674636,-0.0002287995361895112,-0.0029542284484779524,-0.047884214914437874,0.028959149195916578,11,465.27910326310973,SUCCESS,,False
600333,CLOSE_TO_CLOSE,1208,0.0603872999998717,-0.05170543933557302,-0.029601201624255762,0.0008456128243964772,-0.00023278529643491752,0.0010783981208313947,-0.006669935042618391,0.04074585630483385,11,394.5184913309219,SUCCESS,,False
600333,OVERNIGHT,1208,-0.060595653735539795,0.05692351396655938,-0.0884002200673609,0.0019352984642868123,0.0009498081020240523,0.00098549036226276,0.013597901037330683,0.07878788645268786,11,394.5184913309219,SUCCESS,,False
600333,INTRADAY,1208,0.12105376069083697,-0.10418747690332834,0.055735329788634345,-0.0011389231166652088,-0.0011342505501597856,-4.672566505423137e-06,-0.020269175153871125,0.03366972136991386,11,394.5184913309219,SUCCESS,,False
600338,CLOSE_TO_CLOSE,1060,0.06682887358278125,-0.19731429585628624,-0.07561772077452317,0.0002807569863841064,0.003171083762298743,-0.0028903267759146367,-0.012380436126863827,0.03611181540662567,11,341.23939943535765,SUCCESS,,False
600338,OVERNIGHT,1060,-0.12539030513055446,-0.3944085703182918,0.15208118573011042,0.0038358502805563716,0.003319881536281405,0.0005159687442749666,-0.009659084865721552,0.08751955835736869,11,341.23939943535765,SUCCESS,,False
600338,INTRADAY,1060,0.19498236903138522,0.18988949541670722,-0.22351221985388392,-0.0036518345204511107,-0.00011871827023353376,-0.003533116250217577,-0.0017820793799541044,0.018604176157786756,11,341.23939943535765,SUCCESS,,False
600343,CLOSE_TO_CLOSE,1584,0.14487349768611327,-0.2891452194360182,0.010110606064765677,0.005078008016909778,0.0033515327155026337,0.001726475301407144,0.003866304853876484,0.021895460812680234,11,362.02496764942225,SUCCESS,,False
600343,OVERNIGHT,1584,-0.18509326300272277,-0.19305885280914786,0.0014002849262323477,0.004191632777938884,0.0032728547349803044,0.0009187780429585797,0.01898530046968948,0.11255597238901749,11,362.02496764942225,SUCCESS,,False
600343,INTRADAY,1584,0.33171471429257254,-0.09599808671077767,0.00869485359611941,0.0008797592706665569,0.00014926860327457172,0.0007304906673919852,-0.01363077614969518,0.00792684903207641,11,362.02496764942225,SUCCESS,,False
600359,CLOSE_TO_CLOSE,1584,0.05318074349689339,-0.15377354399856602,0.02718668696264815,0.00042782356894982554,0.000597797013019874,-0.00016997344407004844,0.07336385237721078,0.027707260024827374,11,357.9964733754821,SUCCESS,,False
600359,OVERNIGHT,1584,-0.10866204866162298,-0.23426258540499584,0.07966605593618636,0.003975011911958717,6.008694803441572e-05,0.003914924963924302,-0.0026413798661125806,0.06359759033568402,11,357.9964733754821,SUCCESS,,False
600359,INTRADAY,1584,0.1617851094054218,0.08705527378278516,-0.056600521062064084,-0.003633847644226442,0.0005685375793105345,-0.004202385223536977,0.07697329518449138,0.02660768270087588,11,357.9964733754821,SUCCESS,,False
600376,CLOSE_TO_CLOSE,768,-0.0744905544413137,0.11320280696072885,-0.0898211569716295,-0.0005247001519461877,0.002310506023694564,-0.0028352061756407518,0.02511541385386486,0.04198880737133759,11,476.62523465858544,SUCCESS,,False
600376,OVERNIGHT,768,-0.1646593473277834,-0.24987185996907468,0.04385514248697678,0.0035230793703873754,0.0030419521201446864,0.000481127250242689,0.02477404994557185,0.09451420837481284,11,476.62523465858544,SUCCESS,,False
600376,INTRADAY,768,0.09073549407502549,0.33416492056038194,-0.11055969955415335,-0.004127329397790194,-0.0007863501550230637,-0.00334097924276713,0.001008084786437512,0.016706856329421482,11,476.62523465858544,SUCCESS,,False
600391,CLOSE_TO_CLOSE,1584,0.11321547057477901,-0.42229971461126675,0.08690636022448694,0.002222169279615785,0.0036161826230452776,-0.0013940133434294927,-0.05953559913100169,0.014875297626942063,11,393.3354216334714,SUCCESS,,False
600391,OVERNIGHT,1584,-0.1154874646148473,-0.016520089897234618,-0.10821918168162749,0.0021019858590424264,0.0028854485700477977,-0.0007834627110053713,0.02858546461957345,0.05582844787958252,11,393.3354216334714,SUCCESS,,False
600391,INTRADAY,1584,0.23200299858973378,-0.4071324003646316,0.19622381638764388,0.00012369654595857302,0.000741518983120637,-0.000617822437162064,-0.0880305592936481,0.012299000196794974,11,393.3354216334714,SUCCESS,,False
600397,CLOSE_TO_CLOSE,1584,0.19674450275561378,0.000454689440474815,-0.08370383086295578,0.0008019863380655497,0.0008717885402510193,-6.980220218546964e-05,0.03555158422046026,0.01684509961527414,11,417.284338458208,SUCCESS,,False
600397,OVERNIGHT,1584,-0.11716222811048749,-0.11989832038924457,-0.10972695055235411,0.005121456486039004,0.0032838558065403922,0.0018376006794986119,0.01874816791680177,0.10594829346339929,11,417.284338458208,SUCCESS,,False
600397,INTRADAY,1584,0.3132584896722103,0.13428963147042652,0.020763478716645363,-0.004533119685104007,-0.0024387338452784013,-0.0020943858398256056,0.01623057388568661,0.014457525711647934,11,417.284338458208,SUCCESS,,False
600405,CLOSE_TO_CLOSE,1550,0.09233567654818398,-0.12247506992216607,-0.20419645800427197,0.009365536692766005,0.005479597829211397,0.0038859388635546083,-0.03727950387065379,0.0413923811573208,11,325.4559457199741,SUCCESS,,True
600405,OVERNIGHT,1550,-0.029394707574392803,-0.17695729592339465,-0.08507047897561269,0.0041430288826175,0.003914104539299648,0.00022892434331785172,0.04897212866685292,0.11797178406960873,11,325.4559457199741,SUCCESS,,False
600405,INTRADAY,1550,0.12678619756019413,0.05441307312763057,-0.12134125185519393,0.005244264815046345,0.0015991992817483702,0.0036450655332979746,-0.08377944867379751,0.02296356839371505,11,325.4559457199741,SUCCESS,,False
600410,CLOSE_TO_CLOSE,973,0.044101045456334184,-0.4942291065745101,0.18851153796411682,0.00027502289379724215,0.0027079557446185905,-0.0024329328508213483,0.06632450105274,0.05693244706708145,11,466.65879896010676,SUCCESS,,False
600410,OVERNIGHT,973,-0.10723593400458663,-0.012123025255576347,-0.1314402549586326,-0.0013821557486924205,0.004146814910532854,-0.0055289706592252744,0.11415090491676728,0.27209812389110766,11,466.65879896010676,SUCCESS,,True
600410,INTRADAY,973,0.1478124985465258,-0.4571518426837679,0.30651004105407537,0.0012769985152743131,-0.001448532723153592,0.002725531238427905,-0.04205106480699312,0.03810375097266028,11,466.65879896010676,SUCCESS,,False
600448,CLOSE_TO_CLOSE,1501,0.008425789256584592,-0.11375958139222407,0.11426219640791958,0.0007285103956834495,-0.0004743717321429447,0.0012028821278263942,0.07253647874271159,0.0195710080292274,11,435.8597909400105,SUCCESS,,False
600448,OVERNIGHT,1501,-0.026431454856051206,0.018481327832729474,-0.0626428473909361,0.002707229225894805,0.0008526325189972227,0.0018545967068975822,0.049616183729259376,0.06404196394739847,11,435.8597909400105,SUCCESS,,False
600448,INTRADAY,1501,0.035391120912854894,-0.14429613935518246,0.1838959777392754,-0.0020325674915672946,-0.0012335548443994128,-0.0007990126471678818,0.024925650719186915,0.014673007941176541,11,435.8597909400105,SUCCESS,,False
600455,CLOSE_TO_CLOSE,779,0.08066950964739292,-0.327275352838974,0.10182294826795303,0.002691851570798917,0.0009695580156622585,0.0017222935551366586,-0.021552406335454768,0.015126779421234193,11,256.202084666195,SUCCESS,,False
600455,OVERNIGHT,779,0.03973665793354442,-0.20993864731538317,-0.07351063195576613,0.006964989962638099,0.005618228735558339,0.0013467612270797596,-0.028759725224993912,0.15393753198298077,11,256.202084666195,SUCCESS,,False
600455,INTRADAY,779,0.041410711283008106,-0.12431846164315011,0.17910344962022703,-0.004302486806551639,-0.0046907593082830615,0.0003882725017314223,0.007019717479366674,0.02961731634356768,11,256.202084666195,SUCCESS,,False
600463,CLOSE_TO_CLOSE,1107,0.08861172868941602,-0.06482769614775578,-0.22730723957468849,0.006240241709931944,0.0052014954239456915,0.0010387462859862522,0.1293126398328249,0.06731780358953965,11,370.53914525963086,SUCCESS,,False
600463,OVERNIGHT,1107,-0.08554863312216661,-0.0012902580968800425,-0.15397447148084037,0.004546498788653163,0.0018357937699020332,0.00271070501875113,0.015841445712083513,0.0769589540903286,11,370.53914525963086,SUCCESS,,False
600463,INTRADAY,1107,0.1741935795336073,-0.06636666133115565,-0.07109890928948481,0.001645139398664154,0.0034773198115145287,-0.0018321804128503746,0.11759778144026857,0.046363034812747284,11,370.53914525963086,SUCCESS,,True
600478,CLOSE_TO_CLOSE,1097,0.0022306584517483782,-0.11052459615998139,-0.12064562738426551,-0.0007051869508953494,0.0027618459126488634,-0.003467032863544213,0.0302031343369474,0.016710842228327305,11,384.2212660296816,SUCCESS,,False
600478,OVERNIGHT,1097,-0.008312623066816393,0.0028413573218293493,-0.14139861234455,0.005573324604225096,0.0027934670652084506,0.0027798575390166457,0.03300830262132668,0.11483890679791298,11,384.2212660296816,SUCCESS,,False
600478,INTRADAY,1097,0.010851950123225559,-0.10479240415317607,0.015631722184042234,-0.006678894221152179,-3.691655523253845e-05,-0.006641977665919641,-0.00503664735098975,0.024028655466265536,11,384.2212660296816,SUCCESS,,False
600490,CLOSE_TO_CLOSE,1179,0.03944863000891535,-0.01821620307550745,-0.021022277001414222,-0.002190582148533158,0.0006133083423320758,-0.0028038904908652337,0.0958821882940753,0.028442705059163464,11,389.89082990199756,SUCCESS,,False
600490,OVERNIGHT,1179,-0.007247386504614537,-0.2009705410636529,-0.0169644212864375,0.0030192593998578723,0.002734728692508931,0.0002845307073489414,0.08013882570982324,0.07896267170922644,11,389.89082990199756,SUCCESS,,False
600490,INTRADAY,1179,0.04757798894608866,0.1797490048357027,0.0016500643633367961,-0.005255847621517387,-0.0021054956904545466,-0.0031503519310628406,0.015121681677208587,0.012668040276885506,11,389.89082990199756,SUCCESS,,False
600501,CLOSE_TO_CLOSE,814,0.1435839000499166,-0.2889683015754341,0.03307461301996538,0.002498242576362629,0.002963633965840512,-0.000465391389477883,-0.1009902958840227,0.01634779700070743,11,429.72392670114607,SUCCESS,,False
600501,OVERNIGHT,814,-0.09778455476620786,-0.08100083122373201,-0.10984573137930162,0.0027206285312203326,0.004041045077449394,-0.0013204165462290616,0.12102882610281239,0.14650576601150944,11,429.72392670114607,SUCCESS,,False
600501,INTRADAY,814,0.24058178892696744,-0.19941615354523218,0.13467704961923843,-0.0003424727105426212,-0.0009415938910470878,0.0005991211805044666,-0.2220696131108048,0.030693647646251487,11,429.72392670114607,SUCCESS,,False
600520,CLOSE_TO_CLOSE,1128,0.1488068113038119,-0.18994308158642842,-0.10368348414789415,0.002636447344661147,0.00314610339771082,-0.000509656053049673,0.0461766602135905,0.030624005014250666,11,403.8627275529022,SUCCESS,,False
600520,OVERNIGHT,1128,-0.17980266892916433,-0.29729236050309266,-0.08534312040778579,0.004910306407434872,0.0039063706210832085,0.0010039357863516635,0.03381052494720815,0.08696772655621177,11,403.8627275529022,SUCCESS,,False
600520,INTRADAY,1128,0.33824084723441594,0.10982194168871394,-0.02169629676788127,-0.002296118261733933,-0.0007245960903651816,-0.0015715221713687513,0.01470003564106642,0.01684753230821956,11,403.8627275529022,SUCCESS,,False
600533,CLOSE_TO_CLOSE,762,0.019715283718074024,0.38430286942605,-0.23792390636866972,-0.0005590838999869271,-0.001434342629212139,0.0008752587292252118,0.08801879462140903,0.016644214075404506,11,363.27459107037345,SUCCESS,,False
600533,OVERNIGHT,762,-0.004452074201471734,-0.022132592975325986,-0.06837919778320913,0.0026512593536474824,0.0017112904063075335,0.0009399689473399489,0.0016524293683662923,0.03524102648625327,11,363.27459107037345,SUCCESS,,False
600533,INTRADAY,762,0.024645317251905496,0.4030056408450174,-0.16931758199171676,-0.003170798422851867,-0.0030729247916235353,-9.787363122833181e-05,0.08615777709578198,0.021025651770025244,11,363.27459107037345,SUCCESS,,False
600536,CLOSE_TO_CLOSE,779,-0.014877798384459026,0.23260115586353874,-0.29115822702826283,0.0026249055561421153,0.0035420506335434587,-0.0009171450774013434,0.06627206485731887,0.051936355992344696,11,412.24812108805185,SUCCESS,,False
600536,OVERNIGHT,779,-0.15305885043864706,0.08722424426786965,-0.18169107038047608,0.00411005702004244,0.0022361556306255415,0.0018739013894168988,0.03581684321095934,0.0575359527221051,11,412.24812108805185,SUCCESS,,False
600536,INTRADAY,779,0.13826277104744542,0.14642144809607757,-0.10611425945739214,-0.001579665173527936,0.001265007851981595,-0.002844673025509531,0.03170477943039098,0.04213849717157059,11,412.24812108805185,SUCCESS,,False
600538,CLOSE_TO_CLOSE,1417,0.059924140684233435,-0.3198415839360268,-0.0986449554609956,0.005829960419192454,0.005149551816905601,0.0006804086022868527,-0.09322811930457948,0.04053865352744623,11,300.3947486936467,SUCCESS,,False
600538,OVERNIGHT,1417,0.03846881848651068,-0.22175725433514484,-0.15473166435071922,0.006300927326373489,0.005710061658525362,0.0005908656678481269,0.05214810022513312,0.18913171087181102,11,300.3947486936467,SUCCESS,,False
600538,INTRADAY,1417,0.023872466115110534,-0.0948143044983528,0.05760997763896001,-0.0005075027704722623,-0.0004870391926457135,-2.046357782654884e-05,-0.15224069187830286,0.022747122032946043,11,300.3947486936467,SUCCESS,,False
600540,CLOSE_TO_CLOSE,827,0.22754180228300677,-0.3893395768897349,-0.13811630583902482,0.0077132777853044995,0.004475952647442147,0.0032373251378623527,0.06118463937258023,0.08160131456059583,11,423.52329568698366,SUCCESS,,False
600540,OVERNIGHT,827,-0.10101444521737737,-0.13984760857830553,-0.21314230718518778,0.004452337575759559,0.002564366934275076,0.0018879706414844828,0.10681282918046496,0.21618418889657498,11,423.52329568698366,SUCCESS,,False
600540,INTRADAY,827,0.3301919702121357,-0.24018851021379142,0.0687725586924975,0.0033326862262197006,0.0019668472337732792,0.0013658389924464213,-0.0459700152719724,0.01757661379734865,11,423.52329568698366,SUCCESS,,False
600545,CLOSE_TO_CLOSE,1584,0.009843411638033128,0.2703487135905196,-0.08592579435418532,-0.0016242050468678092,-0.001093876924942467,-0.0005303281219253423,0.06773223230336031,0.0196825464531295,11,387.03950726647133,SUCCESS,,False
600545,OVERNIGHT,1584,-0.045163162180427145,-0.1520513620803959,0.006670412642943232,0.003479528936149702,0.0016952437481256438,0.0017842851880240582,0.00380911666133115,0.06570864351802308,11,387.03950726647133,SUCCESS,,False
600545,INTRADAY,1584,0.055508138086877774,0.43171145214317413,-0.0947582469508907,-0.005193220887559684,-0.0027707437513889294,-0.0024224771361707545,0.0648864044924384,0.020202285094486738,11,387.03950726647133,SUCCESS,,False
600550,CLOSE_TO_CLOSE,1584,0.09947036964394064,-0.25753102802494116,-0.011000705027366529,0.003910471022028949,0.004381424609245187,-0.00047095358721623796,0.02144007532130973,0.04681053971215343,11,482.1032446142567,SUCCESS,,False
600550,OVERNIGHT,1584,-0.11124650258022577,-0.11655521594970236,-0.09260028248997071,0.004503651230365758,0.004339087809052521,0.00016456342131323642,0.021882176199761978,0.1686802342932694,11,482.1032446142567,SUCCESS,,False
600550,INTRADAY,1584,0.21114624022468584,-0.12601441557732126,0.07435116456648093,-0.0007672316997945974,7.859200219155222e-05,-0.0008458237019861497,8.38478495729388e-05,0.012679367268864983,11,482.1032446142567,SUCCESS,,False
600557,CLOSE_TO_CLOSE,771,0.098858935685026,0.22285678358487365,-0.15821569366756708,0.0007131541834444477,-0.0003823357438918762,0.0010954899273363239,0.016839777318147293,0.010659362524345406,11,341.6155437005222,SUCCESS,,False
600557,OVERNIGHT,771,-0.054564234906658356,-0.02966737322113266,-0.008253747024184663,0.0007213288193089959,-0.0002667424641141919,0.0009880712834231878,0.06433663153523216,0.06169255418844277,11,341.6155437005222,SUCCESS,,False
600557,INTRADAY,771,0.15596271486133226,0.24787065370771885,-0.14843477613785017,2.9168822845392073e-05,-8.053555506236376e-05,0.00010970437790775583,-0.04816553837110335,0.012094715673640066,11,341.6155437005222,SUCCESS,,False
600561,CLOSE_TO_CLOSE,1004,0.08468275180532625,-0.27392696683467815,0.06911237402853837,-0.0008546871874338564,-0.0011435939321092284,0.00028890674467537195,0.08466413927633619,0.03246161153862093,11,356.11045749895624,SUCCESS,,False
600561,OVERNIGHT,1004,0.044386217982840585,0.12009868909044291,-0.1486296529105486,0.0030858740829015283,-3.1239192567405344e-05,0.0031171132754689336,0.01964043377686286,0.09178919173193745,11,356.11045749895624,SUCCESS,,False
600561,INTRADAY,1004,0.04499036573763807,-0.384767685196633,0.20874318096717984,-0.003929287971365263,-0.0010537459766575968,-0.0028755419947076657,0.06648609275830585,0.03340442115874509,11,356.11045749895624,SUCCESS,,False
600569,CLOSE_TO_CLOSE,968,-0.008372476594281596,0.07352069692205532,0.06610963972467795,-0.00465236233596323,-0.003403352375639132,-0.0012490099603240977,0.03916394846988747,0.02405849613957367,11,399.2587516824564,SUCCESS,,True
600569,OVERNIGHT,968,-0.04655704868057091,0.043620036995786954,-0.05925451196500416,0.0024170496958230425,0.002549052492608367,-0.00013200279678532434,-0.0014760618906496008,0.14728425976154347,11,399.2587516824564,SUCCESS,,False
600569,INTRADAY,968,0.037398938268748634,0.037971371737404475,0.12543649472455448,-0.007265007737268708,-0.005918993748539825,-0.0013460139887288836,0.040501106404356134,0.08804674113961186,11,399.2587516824564,SUCCESS,,True
600576,CLOSE_TO_CLOSE,928,0.03932292383520443,0.1367784251144141,-0.02866537633955977,0.0015873709985700021,0.00022058590831845054,0.0013667850902515516,-0.19090470039249555,0.010100022442590562,11,362.66458796614626,SUCCESS,,False
600576,OVERNIGHT,928,-0.19006638323736444,-0.00042291595814787067,-0.053766928252959686,0.0014668416435350135,0.002838998297340925,-0.0013721566538059116,-0.08910023183203426,0.08041169325790876,11,362.66458796614626,SUCCESS,,False
600576,INTRADAY,928,0.2313268332731757,0.11970041509987955,0.03815765729540563,4.981025188037155e-05,-0.0025354689030823788,0.0025852791549627503,-0.10225638695669659,0.02100913218008893,11,362.66458796614626,SUCCESS,,False
600579,CLOSE_TO_CLOSE,1315,0.09534963005381449,-0.03907760299144098,0.0003894708757014372,0.0019018904593745903,0.0009523615260883522,0.000949528933286238,0.05990483880878064,0.06620144756888247,11,424.99913284762584,SUCCESS,,False
600579,OVERNIGHT,1315,0.06708420248009744,-0.21489771228647442,-0.03948777984399508,0.003893164511511768,0.0017461144225219827,0.0021470500889897853,0.05618786569761116,0.17878654317262654,11,424.99913284762584,SUCCESS,,False
600579,INTRADAY,1315,0.03348706236665175,0.18140224017675025,0.03566619009768638,-0.0019890698715803387,-0.0006874588997523856,-0.001301610971827953,0.0051763299372132796,0.02558760406107974,11,424.99913284762584,SUCCESS,,False
600588,CLOSE_TO_CLOSE,794,-0.08134958680750734,0.03027935815705713,0.1858022301618229,-0.002341951240630448,-0.0021428297821169395,-0.00019912145851350843,-0.05980746929661221,0.02658569517044418,11,472.6579729256139,SUCCESS,,False
600588,OVERNIGHT,794,-0.06220781051035694,0.13016916814280943,-0.12845019187572082,0.003429036572293705,0.0023883666034369153,0.0010406699688567896,-0.01515399952613411,0.06581337863001357,11,472.6579729256139,SUCCESS,,False
600588,INTRADAY,794,-0.017856149766663935,-0.09890639302691669,0.3178106951898791,-0.005725393721700063,-0.004583491978069537,-0.001141901743630526,-0.047788303692868815,0.0314888007393096,11,472.6579729256139,SUCCESS,,False
600590,CLOSE_TO_CLOSE,1137,0.11308827070437136,-0.10774923355904621,-0.19373137658048467,0.007347471115199455,0.004536587017077667,0.002810884098121788,0.010382273788786395,0.032084763590438325,11,376.2240937462696,SUCCESS,,False
600590,OVERNIGHT,1137,0.025798574309594167,0.1895975725457479,-0.31373453865737005,0.0034899437446289754,0.004665470005349871,-0.001175526260720896,0.004654166488475283,0.16522647502889987,11,376.2240937462696,SUCCESS,,False
600590,INTRADAY,1137,0.08935151034631789,-0.30247974418313944,0.11782769742905176,0.003993386814526536,5.670823466828734e-06,0.003987715991059708,0.0031892876613097703,0.020144332327576064,11,376.2240937462696,SUCCESS,,False
600606,CLOSE_TO_CLOSE,981,-0.03377253868257144,0.04550532672782588,-0.07782677709627572,0.0014088968373529662,-0.00010866201699892553,0.0015175588543518918,0.006843841530342765,0.03229728706808632,11,447.06355022404904,SUCCESS,,False
600606,OVERNIGHT,981,-0.06687683071475195,0.10918936230376193,-0.4408869786248994,0.006085166306070349,0.006443376258058409,-0.0003582099519880595,0.05552432768719341,0.19554139818694127,11,447.06355022404904,SUCCESS,,True
600606,INTRADAY,981,0.03289640944283414,-0.056724769062094636,0.35583367999749443,-0.004663376054738414,-0.006446325977269969,0.0017829499225315553,-0.04693454254778481,0.032861410203976926,11,447.06355022404904,SUCCESS,,True
600609,CLOSE_TO_CLOSE,1524,0.03556490127728774,-0.09980509989996715,-0.06612775472071755,0.0014200788901804554,0.00303587297328739,-0.0016157940831069348,-0.0069759919816715695,0.017616812536273896,11,364.58446405628916,SUCCESS,,False
600609,OVERNIGHT,1524,-0.08719644740967598,-0.04796859199699122,-0.08815462022551887,0.002659625122784559,0.0024705394316504314,0.00018908569113412765,-0.00674474176979819,0.05552122248414615,11,364.58446405628916,SUCCESS,,False
600609,INTRADAY,1524,0.12494330686786384,-0.046961908393877656,0.018721664504722606,-0.0012879797187369986,0.000599553887162492,-0.0018875336058994906,0.002314975618639352,0.011800162635788869,11,364.58446405628916,SUCCESS,,False
600622,CLOSE_TO_CLOSE,993,-0.003832495926009463,-0.08186562954942449,0.003775888174900773,-0.0010431558359810938,0.0006610034715263391,-0.001704159307507433,0.0647231527131775,0.03894855176858658,11,526.9642776256404,SUCCESS,,False
600622,OVERNIGHT,993,-0.18063886188405415,-0.11430973842802428,-0.03010253562835329,0.001993191417308254,0.0021463398301894074,-0.0001531484128811534,0.06434482045957889,0.10731151031546071,11,526.9642776256404,SUCCESS,,False
600622,INTRADAY,993,0.17815839123214292,0.032802038309096865,0.03676215207672952,-0.0032634656170838494,-0.0014985714987709176,-0.0017648941183129319,0.002192504669239275,0.02500317892190096,11,526.9642776256404,SUCCESS,,False
600626,CLOSE_TO_CLOSE,968,0.05239641996795698,-0.22927909708957894,0.10069487276821053,-6.717186827071703e-05,0.00014344417504519313,-0.00021061604331591016,0.09813425243839843,0.038047509175401895,11,328.5678535847015,SUCCESS,,False
600626,OVERNIGHT,968,0.04181700501263754,-0.38527861584944306,0.17696795768278942,0.0024952826113230214,0.0016269721077254162,0.0008683105035976052,0.025143473225750956,0.13407636014818014,11,328.5678535847015,SUCCESS,,False
600626,INTRADAY,968,0.012157150541667671,0.16109289755499337,-0.08299114208132033,-0.002603856066594565,-0.0014225551269355444,-0.0011813009396590204,0.07286738593539491,0.039783109910503156,11,328.5678535847015,SUCCESS,,False
600630,CLOSE_TO_CLOSE,1067,0.025901605137872527,-0.10047040575616396,-0.0331778078669198,-0.0011585090159377254,0.0019384247347636052,-0.0030969337507013306,0.060395153638111,0.03788553369957193,11,399.74037254238533,SUCCESS,,False
600630,OVERNIGHT,1067,-0.16209055463185998,-0.42104137667580394,0.10619062172533979,0.003007960455087444,0.0036009169763338844,-0.0005929565212464405,0.046796286422874124,0.164823918886423,11,399.74037254238533,SUCCESS,,False
600630,INTRADAY,1067,0.1928181862635274,0.324433491255659,-0.14301344487080966,-0.004089702578257429,-0.0015578143696330093,-0.0025318882086244193,0.012105949498298917,0.02936412918939768,11,399.74037254238533,SUCCESS,,False
600644,CLOSE_TO_CLOSE,1544,0.11534120813910115,-0.2388134311857306,-0.11258309987726535,0.004143644888633443,0.004790990294985864,-0.000647345406352421,0.001741543958063349,0.028451498927498875,11,458.95172927838615,SUCCESS,,False
600644,OVERNIGHT,1544,-0.17572925071707285,-0.10754076389854132,-0.047926435689998916,0.0020592623890669966,0.0009840737387803167,0.00107518865028668,0.000615248592912746,0.05688617246385541,11,458.95172927838615,SUCCESS,,False
600644,INTRADAY,1544,0.29110895250008545,-0.12947127101180625,-0.06415708097474206,0.00209286731284743,0.003860214935892536,-0.0017673476230451062,0.0004540288145954885,0.022209341550266326,11,458.95172927838615,SUCCESS,,True
600645,CLOSE_TO_CLOSE,1584,0.09465334829665512,0.0940336587628361,-0.20156403909508938,0.002659790314424433,0.0007946011181578366,0.0018651891962665965,0.00500236270264771,0.030165568606894233,11,429.2027721858888,SUCCESS,,False
600645,OVERNIGHT,1584,0.019123023179778726,0.046308294499970086,-0.10184572505969226,0.0018583973190726992,0.0016199449601364685,0.00023845235893623067,0.0006126203514454823,0.021815455952339913,11,429.2027721858888,SUCCESS,,False
600645,INTRADAY,1584,0.0753298255916832,0.04705507873463951,-0.09851586834065029,0.0007616337152868032,-0.000844374431768935,0.0016060081470557382,0.004614127732578577,0.02780158506646757,11,429.2027721858888,SUCCESS,,False
600653,CLOSE_TO_CLOSE,1584,0.04045233667175602,-0.21207364698053088,-0.0301718212547343,0.0031048180669679265,0.003180806483893161,-7.598841692523471e-05,0.035643365005477344,0.041105364948961776,11,489.26459122548493,SUCCESS,,False
600653,OVERNIGHT,1584,-0.04686187218256728,0.016854167295375897,-0.1454113748705121,0.0039603894975499725,0.0032648841288128467,0.0006955053687371258,0.06880733707505687,0.2707035718356665,11,489.26459122548493,SUCCESS,,False
600653,INTRADAY,1584,0.08843457485407824,-0.22855636048647707,0.11440866903017874,-0.0010126291766444032,-8.7899780166871e-05,-0.0009247293964775322,-0.028928639315968337,0.027850336865338443,11,489.26459122548493,SUCCESS,,False
600657,CLOSE_TO_CLOSE,766,-0.04552338453897392,-0.04133146124021336,0.07130265625913436,-0.0024163688433477062,-0.0004751670322076518,-0.0019412018111400545,0.13871499439147394,0.017606158053295684,11,467.27923794928637,SUCCESS,,False
600657,OVERNIGHT,766,-0.10688918512072583,-0.1837342504673732,0.05778315140100293,0.002901478521343816,0.0022277995049665364,0.0006736790163772797,0.11348069399918341,0.10862989907123688,11,467.27923794928637,SUCCESS,,False
600657,INTRADAY,766,0.06298340916149742,0.1381503982086784,0.018163688866507915,-0.005428063469540216,-0.0026312714698097095,-0.0027967919997305066,0.025170621360720534,0.02486494274777462,11,467.27923794928637,SUCCESS,,False
600658,CLOSE_TO_CLOSE,762,-0.03594961111350936,0.4444233511582667,-0.1978800217718346,0.0006694641434452746,3.368356130039468e-05,0.0006357805821448799,0.015584642256941603,0.024351069590019647,11,392.03239876084876,SUCCESS,,False
600658,OVERNIGHT,762,-0.03647571164131898,0.050117431226862394,-0.13806308577188403,0.003951142845398256,0.0024679235585651216,0.0014832192868331345,-0.044774745534432586,0.09224224320588714,11,392.03239876084876,SUCCESS,,False
600658,INTRADAY,762,0.003490092347082062,0.4075043561162303,-0.05851841277109933,-0.0034807353947530553,-0.002569632147121567,-0.0009111032476314881,0.061019918028495074,0.02673359465245584,11,392.03239876084876,SUCCESS,,False
600661,CLOSE_TO_CLOSE,1584,0.026019763136883128,-0.22634543391387094,-0.03674963911493611,0.0023634611233522033,0.0025617294275426215,-0.00019826830419041822,0.03694151963886362,0.022751293965247443,11,394.06816288532264,SUCCESS,,False
600661,OVERNIGHT,1584,-0.08572276344702184,-0.06789894418707275,-0.09703432846276469,0.003161326244328787,0.002014644757719619,0.001146681486609168,0.030755697040428576,0.05941741281502222,11,394.06816288532264,SUCCESS,,False
600661,INTRADAY,1584,0.11465692512387939,-0.14730315101718908,0.05284656016405856,-0.0008135643712645982,0.000551087805598649,-0.0013646521768632472,0.009085071514999016,0.012760626711714407,11,394.06816288532264,SUCCESS,,False
600664,CLOSE_TO_CLOSE,1584,0.04291763491571072,-0.19278785962624062,-0.15154925555850754,0.0015794151472135788,0.00483627710336749,-0.003256861956153911,0.11361405940217294,0.0657558461416099,11,540.7022386243525,SUCCESS,,False
600664,OVERNIGHT,1584,-0.0871237158022196,0.13570608655524918,-0.22609720662482888,0.0026535967536234894,0.004269556295349385,-0.0016159595417258952,0.014364864438721724,0.17526513588496884,11,540.7022386243525,SUCCESS,,False
600664,INTRADAY,1584,0.13025237331404188,-0.3315061353801866,0.0791012227454198,-0.0011099231682178187,0.0005466201197655077,-0.0016565432879833263,0.10013256958854011,0.030791837381268117,11,540.7022386243525,SUCCESS,,False
600676,CLOSE_TO_CLOSE,1475,0.026798854014764274,-0.2521530311333598,-0.038403171231011016,0.0019479269110603617,0.0032520584999585385,-0.0013041315888981768,0.09478523867724058,0.055815295355874595,11,422.2097519250874,SUCCESS,,False
600676,OVERNIGHT,1475,0.03260368177765894,-0.03050612744012057,-0.14013851642878844,0.0037721643570993134,0.003861083133486959,-8.891877638764548e-05,0.04957065419730948,0.15340497472223125,11,422.2097519250874,SUCCESS,,False
600676,INTRADAY,1475,-0.004703176935604367,-0.2180284769308223,0.09985595845388631,-0.0018750313468442938,-0.0005694589234464826,-0.0013055724233978112,0.04473234759231981,0.026780126585558506,11,422.2097519250874,SUCCESS,,False
600683,CLOSE_TO_CLOSE,1029,0.10564426703139507,-0.0464706241598431,-0.05471398606990964,0.0005499784759098875,0.0017576914229184282,-0.0012077129470085407,-0.0039019935665601446,0.03262807219190844,11,407.0904840876066,SUCCESS,,False
600683,OVERNIGHT,1029,0.053962467728491344,-0.16974475741836742,-0.12043747496981577,0.004474904595740493,0.0029515346728403724,0.001523369922900121,0.04781409162534007,0.11800760795798204,11,407.0904840876066,SUCCESS,,False
600683,INTRADAY,1029,0.05794016208968693,0.12308992332502398,0.0677452729912382,-0.004066227294967181,-0.0012680355202813465,-0.002798191774685835,-0.04764096113023914,0.03470702472581877,11,407.0904840876066,SUCCESS,,False
600684,CLOSE_TO_CLOSE,1493,0.13453477918777657,-0.12728516284268224,0.08677513639999117,0.0023607906022403424,-0.001502588122159615,0.0038633787243999573,0.01811399151270425,0.03802578938268708,11,471.73200626607513,SUCCESS,,False
600684,OVERNIGHT,1493,0.09600394233678222,-0.2771157391019466,0.07631555541702555,0.0018856110520546043,0.0004860256945344518,0.0013995853575201524,0.06116103137331414,0.060148393178104054,11,471.73200626607513,SUCCESS,,False
600684,INTRADAY,1493,0.04254057030511932,0.14655048397564585,0.012559648482550641,0.0004325946759063254,-0.0020194180006362084,0.0024520126765425337,-0.03867945479328573,0.023474976012482607,11,471.73200626607513,SUCCESS,,False
600689,CLOSE_TO_CLOSE,1225,0.1484599163645706,0.01630860673239003,-0.02202828099320014,0.002868695761390514,-0.0008196170238118101,0.003688312785202324,0.03598669221138348,0.034292725424508785,11,381.3454129270665,SUCCESS,,False
600689,OVERNIGHT,1225,-0.012085516038508508,-0.06936245148212011,-0.07039824839541736,0.004812470685409596,0.002715971259564083,0.0020964994258455133,0.05028274361228961,0.16006950219626215,11,381.3454129270665,SUCCESS,,False
600689,INTRADAY,1225,0.1637992979144542,0.07924041436515171,0.05354797273426627,-0.0019043771341400936,-0.0034612552408654143,0.0015568781067253207,-0.016634368918562736,0.036670187244005725,11,381.3454129270665,SUCCESS,,False
600691,CLOSE_TO_CLOSE,1584,0.08784458749922465,0.17079952684888516,-0.15567342007981055,0.002922405091194147,0.00021337624785019993,0.0027090288433439472,0.009509414875507504,0.016519422512731863,11,432.1323159121045,SUCCESS,,False
600691,OVERNIGHT,1584,-0.03336353737505899,0.1262775970272074,-0.2245629668811826,0.0021254233613370033,0.0024202832137387997,-0.00029485985240179646,0.024011933043570043,0.11026700623514807,11,432.1323159121045,SUCCESS,,False
600691,INTRADAY,1584,0.12334404228277752,0.05024781549306101,0.06136537494052866,0.0007486604995908929,-0.0021319571311969668,0.0028806176307878597,-0.012603967953429551,0.010922385494805065,11,432.1323159121045,SUCCESS,,False
600692,CLOSE_TO_CLOSE,1113,0.15622626783950053,-0.2773354453107774,-0.06992038508538563,0.006079059270308759,0.0016350886680088078,0.0044439706022999514,0.06635239828365319,0.09117943586971733,11,304.7336287771039,SUCCESS,,False
600692,OVERNIGHT,1113,-0.026011107517253853,-0.11468565878689212,-0.14061300942824528,0.005324839696123164,0.0025089869913036446,0.0028158527048195194,0.037180994234007704,0.2134384319383038,11,304.7336287771039,SUCCESS,,False
600692,INTRADAY,1113,0.18473336402250962,-0.1667769420319179,0.07371518788655075,0.0008346324003681883,-0.0009246787474983531,0.0017593111478665414,0.028021400158145127,0.014402359028993561,11,304.7336287771039,SUCCESS,,False
600693,CLOSE_TO_CLOSE,828,0.05799875591146239,-0.0641467374776914,-0.21439204922548138,0.007568387023605128,0.004993583175658289,0.0025748038479468383,-0.012138771365309584,0.12791427550787615,11,411.4283511108062,SUCCESS,,False
600693,OVERNIGHT,828,0.0153892193932019,-0.07270302723761798,-0.15695408658068394,0.007276986387290657,0.00443520769294109,0.002841778694349567,-0.03401256518435907,0.27350348681699443,11,411.4283511108062,SUCCESS,,True
600693,INTRADAY,828,0.044731215583405676,0.015060268064680976,-0.06306265347485322,0.00035060959886240237,0.0006086257555472296,-0.00025801615668482724,0.022947240467645222,0.03183601573944439,11,411.4283511108062,SUCCESS,,False
600706,CLOSE_TO_CLOSE,1501,0.06863854646318114,0.051272946514361754,-0.011636063860645252,0.0008256234280883783,-0.00030645140433570306,0.0011320748324240813,0.01182662268452227,0.008252700635165477,11,367.9218175740119,SUCCESS,,False
600706,OVERNIGHT,1501,-0.20407459532004338,-0.34032847044526987,0.1379218162614935,0.003035307861318175,0.0011736261800461088,0.0018616816812720661,0.025072638705764864,0.06936813636561068,11,367.9218175740119,SUCCESS,,False
600706,INTRADAY,1501,0.2737395839755773,0.3912885116038455,-0.14587214585255362,-0.002313246425704789,-0.0014343465098149294,-0.0008788999158898594,-0.012970649640368025,0.010952609306176142,11,367.9218175740119,SUCCESS,,False
600707,CLOSE_TO_CLOSE,1248,0.06893652658537164,-0.0021376330257343056,-0.1877902150818429,0.004557018938791121,0.0032670269525868073,0.0012899919862043134,-0.014501773654106872,0.01806631369668643,11,344.8677720882523,SUCCESS,,False
600707,OVERNIGHT,1248,-0.07727628633125888,0.10990385615354002,-0.19783421359431325,0.002483259877068947,0.0036317145365346026,-0.0011484546594656558,-0.10105134230181902,0.1144450911930438,11,344.8677720882523,SUCCESS,,False
600707,INTRADAY,1248,0.14631341993430416,-0.10734839176666056,0.0030282031609908675,0.0021599802790745505,-0.0002850392207356528,0.0024450194998102033,0.08505541816791523,0.015128244999776719,11,344.8677720882523,SUCCESS,,False
600712,CLOSE_TO_CLOSE,1503,0.0925251326485987,-0.09006258042971145,-0.022040879098037685,0.003858323714948722,0.0008575797736063359,0.003000743941342386,0.0028671601449121406,0.015167086525244011,11,347.17787634769854,SUCCESS,,False
600712,OVERNIGHT,1503,-0.08566772182429835,-0.21008615010744638,-0.02762315109971185,0.005513529194262332,0.0036982113509267805,0.001815317843335551,0.03300950333110294,0.15353577075390923,11,347.17787634769854,SUCCESS,,False
600712,INTRADAY,1503,0.1799069339288496,0.12653434628630528,-0.0001522690781689429,-0.0016614448492343267,-0.0026844210331503915,0.0010229761839160648,-0.03273868326575618,0.023469250023025245,11,347.17787634769854,SUCCESS,,False
600716,CLOSE_TO_CLOSE,1214,0.05517690186441699,0.2606250819923073,-0.06144104565905808,-0.0007557881830776748,-0.0029690178339515233,0.0022132296508738485,0.019279636118845228,0.03212314682811246,11,366.4431524277514,SUCCESS,,True
600716,OVERNIGHT,1214,-0.006084508251804954,0.053547972740066035,-0.028305809157722805,0.0011396738067994319,0.000496934621288336,0.0006427391855110959,-0.024804141974778055,0.01774637432973991,11,366.4431524277514,SUCCESS,,False
600716,INTRADAY,1214,0.06141327027651966,0.20372980992884426,-0.031275825376021485,-0.001887124285262342,-0.003468873762369512,0.00158174947710717,0.04022512432905289,0.03523895567578583,11,366.4431524277514,SUCCESS,,False
600722,CLOSE_TO_CLOSE,1584,0.1050822441161584,-0.1537958465836813,-0.09689075096829602,0.003383647045906907,0.0038903160736549758,-0.000506669027748069,-0.006314186743080094,0.046427033070067014,11,407.26254580830687,SUCCESS,,False
600722,OVERNIGHT,1584,-0.0904925259024381,-0.22168010601120733,-0.02662551267612707,0.005014832204357139,0.003201953797373591,0.001812878406983548,-0.012714085135612943,0.08971231023527115,11,407.26254580830687,SUCCESS,,False
600722,INTRADAY,1584,0.19751879170293377,0.08433113451643662,-0.0791578372066385,-0.0018408335501185775,0.0007652872827801777,-0.002606120832898755,0.0070178167599759715,0.03245985593511147,11,407.26254580830687,SUCCESS,,False
600733,CLOSE_TO_CLOSE,1584,0.045053259178007066,-0.2028677184911506,-0.03778062799253906,-0.0011932137712840837,0.002786536711688825,-0.003979750482972909,-0.014890489084964226,0.014669182976319695,11,362.3655285318311,SUCCESS,,False
600733,OVERNIGHT,1584,-0.11003183793707216,-0.11625146263469399,-0.05551164640317066,0.0038063842457235625,0.002542902978247649,0.0012634812674759133,0.01738828438100414,0.050434608597526465,11,362.3655285318311,SUCCESS,,False
600733,INTRADAY,1584,0.1577382038119099,-0.0900911619864234,0.016633095915697775,-0.00509742523546753,0.00031352116514647005,-0.005410946400614,-0.032882864758888374,0.015251949738813941,11,362.3655285318311,SUCCESS,,False
600743,CLOSE_TO_CLOSE,1260,0.04668809162950587,-0.17682230784964123,0.04277743925455303,0.0024048864622064556,0.0022264820635630733,0.00017840439864338226,-0.025254066068674412,0.024061182881068177,11,420.1157294434756,SUCCESS,,False
600743,OVERNIGHT,1260,-0.09663951117738455,-0.08307922484282686,-0.02125050483519832,0.002207747613034529,0.0026075889117219697,-0.00039984129868744084,-0.01818272231320339,0.07329447233015451,11,420.1157294434756,SUCCESS,,False
600743,INTRADAY,1260,0.1452718774512027,-0.08582039538054073,0.05936107091901295,0.00011202702776172733,-0.0002954804723349953,0.00040750750009672265,0.00014618304096356943,0.016326697300977577,11,420.1157294434756,SUCCESS,,False
600744,CLOSE_TO_CLOSE,1584,0.07400783151612945,-0.27689350928218404,-0.0006410877734709855,0.0010093054705510428,0.0038887976744238564,-0.0028794922038728136,0.02975810007028923,0.03897772820622447,11,469.1422536546274,SUCCESS,,False
600744,OVERNIGHT,1584,-0.1887750692865536,-0.2640737164898016,-0.07836853540263235,0.004673046862518106,0.003911041829420953,0.0007620050330971531,0.016026414720972458,0.13926248041103395,11,469.1422536546274,SUCCESS,,False
600744,INTRADAY,1584,0.26549143799199126,-0.010903411037810918,0.08311745582771289,-0.0038627040160594366,-8.046739027485483e-05,-0.0037822366257845817,0.015358950972787276,0.023056595889886622,11,469.1422536546274,SUCCESS,,False
600749,CLOSE_TO_CLOSE,1292,0.05456716035418406,-0.1957552424752507,-0.07004414360708482,0.0009643428376560244,0.003228667893891972,-0.0022643250562359475,0.10708189887016369,0.040174588973981185,11,396.9489373815741,SUCCESS,,False
600749,OVERNIGHT,1292,-0.1733588665472396,0.03935962065412186,-0.19377648491067545,0.00250580739326052,0.0032155870341715673,-0.0007097796409110471,0.10916873125729924,0.17686503300052347,11,396.9489373815741,SUCCESS,,False
600749,INTRADAY,1292,0.22731287443595022,-0.2315670688672917,0.12356193733251104,-0.0017218093593480439,4.005863207297289e-05,-0.0017618679914210168,-0.00198777333440966,0.010671127042073403,11,396.9489373815741,SUCCESS,,False
600751,CLOSE_TO_CLOSE,1540,0.040021060244525786,-0.18652370215836928,-0.024116857840420867,0.002873914389289448,0.0031303043676943476,-0.00025638997840489973,0.015204497774707306,0.013559152706847377,11,418.55719971224613,SUCCESS,,False
600751,OVERNIGHT,1540,-0.05431080924914416,-0.18173845508266667,-0.04931922986335189,0.0025927904381679266,0.0026756005955549667,-8.281015738704003e-05,0.022514058806383398,0.08147664461051551,11,418.55719971224613,SUCCESS,,False
600751,INTRADAY,1540,0.09589560038673187,-0.0020878098373569073,0.022387436196065463,0.0002969134200743462,0.00051211239255608,-0.0002151989724817338,-0.007271468320272475,0.01256359792561168,11,418.55719971224613,SUCCESS,,False
600763,CLOSE_TO_CLOSE,1067,0.010092991771230396,-0.3625773098328997,0.10868016379454176,0.0033935022578402974,0.0031190759685299496,0.00027442628931034774,-0.043787576013855405,0.008393822998915668,11,341.21378507876625,SUCCESS,,False
600763,OVERNIGHT,1067,-0.2087351985953698,0.03751495373572207,-0.08214177089921129,0.00045677497470012624,-0.0009109730316427464,0.0013677480063428726,0.019851210453553987,0.02316630760215721,11,341.21378507876625,SUCCESS,,True
600763,INTRADAY,1067,0.21822095059054877,-0.4042352972015342,0.19773423393654813,0.002833236581131965,0.004022727996908143,-0.0011894914157761782,-0.06301197806259413,0.0074102274352417785,11,341.21378507876625,SUCCESS,,True
600768,CLOSE_TO_CLOSE,1193,0.04044557539210509,-0.12074821456776126,-0.06555242084597979,0.0034433601573284622,0.0028789799049677572,0.000564380252360705,0.07356536083214545,0.03796061743286361,11,460.41848290544084,SUCCESS,,False
600768,OVERNIGHT,1193,0.05975963427235523,-0.06799887558997478,-0.10324333640372549,0.0034450959954632036,0.0034113248094351754,3.37711860280282e-05,0.05535872879392384,0.14311978585607865,11,460.41848290544084,SUCCESS,,False
600768,INTRADAY,1193,-0.014784702974846445,-0.04106111885112545,0.03282741374896777,0.0001289425092809715,-0.0004550002391603275,0.000583942748441299,0.012265891305320532,0.01245423731544304,11,460.41848290544084,SUCCESS,,False
600769,CLOSE_TO_CLOSE,1584,0.16825758759561746,-0.1163890903917585,-0.09569433773495115,0.006701856836131677,0.0034354729653780364,0.0032663838707536405,0.036464454110642475,0.022668427547583136,11,397.3742045683018,SUCCESS,,False
600769,OVERNIGHT,1584,-0.1646011647814952,-0.1700005280605014,-0.07106280551229213,0.005278651836056596,0.002702654863446667,0.002575996972609929,0.02112667730653248,0.10079110700844651,11,397.3742045683018,SUCCESS,,False
600769,INTRADAY,1584,0.3337234649356048,0.06375535683727203,-0.03162740218542662,0.0013860297478412442,0.0007296844938153718,0.0006563452540258724,0.016461125518771505,0.011130400993347944,11,397.3742045683018,SUCCESS,,False
600770,CLOSE_TO_CLOSE,1584,0.044359712742364624,0.04250925596011911,-0.14187998593789133,0.0034422103300248037,0.0022629674262728706,0.0011792429037519331,0.08207129828391396,0.03429673722691573,11,317.52443433002384,SUCCESS,,False
600770,OVERNIGHT,1584,0.0293075262174814,-0.0753495781396208,-0.12335116372295381,0.002856240725357894,0.0021368630821585587,0.0007193776431993351,0.1272092051832536,0.16649495006380965,11,317.52443433002384,SUCCESS,,False
600770,INTRADAY,1584,0.018692111207914256,0.1169367921083912,-0.01860935126377937,0.0005749741196100873,0.00011795747565974696,0.0004570166439503403,-0.04178633625705974,0.005146726380719224,11,317.52443433002384,SUCCESS,,False
600771,CLOSE_TO_CLOSE,1390,0.03972921864442455,-0.09563572511358805,-0.07893725621126853,0.0004787419367468758,0.0018952814041370697,-0.001416539467390194,0.040588787413085844,0.024603430969382445,11,349.3361354290082,SUCCESS,,False
600771,OVERNIGHT,1390,-0.07797255379167535,-0.22112457493621324,0.029200706414642938,0.0018484646380745266,0.003172620666039974,-0.0013241560279654476,0.036063610436231575,0.08787662114259942,11,349.3361354290082,SUCCESS,,False
600771,INTRADAY,1390,0.11769514673572909,0.12060137073439484,-0.10491191837176359,-0.0013184688674255061,-0.0012113084177709302,-0.00010716044965457597,0.003861522244603882,0.008114984648259438,11,349.3361354290082,SUCCESS,,False
600778,CLOSE_TO_CLOSE,1584,0.04044435707002679,0.14790064901434563,-0.21329053904106254,0.004935626684600925,0.00405832308410917,0.0008773036004917547,-0.008114382487861458,0.03000197085603762,11,389.52695229416,SUCCESS,,False
600778,OVERNIGHT,1584,-0.037316890328989515,-0.13974778978752372,-0.09540096619950446,0.004137609366838543,0.0031976073376056464,0.0009400020292328962,0.06610005087876102,0.13190303892915045,11,389.52695229416,SUCCESS,,False
600778,INTRADAY,1584,0.08348298315271976,0.2810572263203322,-0.1167782931735211,0.0008014708611364038,0.0009388161814212759,-0.00013734532028487206,-0.07152845751586075,0.021231771277441802,11,389.52695229416,SUCCESS,,False
600792,CLOSE_TO_CLOSE,1062,0.11062805755260163,-0.42858542083692003,-0.04870471918597271,0.00904370710136565,0.007392597896747705,0.0016511092046179454,-0.07720655072563246,0.05780565904481905,11,332.17660156307875,SUCCESS,,True
600792,OVERNIGHT,1062,-0.19222471270756256,-0.2571076358459868,-0.03657226593421758,0.006253143805460215,0.0036700865606806715,0.0025830572447795436,-0.025962508922146625,0.12426976854399885,11,332.17660156307875,SUCCESS,,False
600792,INTRADAY,1062,0.3078115501802087,-0.1748226349521549,-0.009799727291250573,0.002726924280831329,0.0036931149162963417,-0.0009661906354650127,-0.05064769001108927,0.023671551204481278,11,332.17660156307875,SUCCESS,,True
600793,CLOSE_TO_CLOSE,1499,-0.010634223797985684,-0.12747896044395016,-0.043075373344353095,-0.0009165758156344387,0.0025795275200012346,-0.0034961033356356733,0.0720753642006759,0.05060330839275806,11,489.8478421933144,SUCCESS,,False
600793,OVERNIGHT,1499,-0.01574585381107269,-0.2732980521510911,0.025777553384086594,0.000799177801878076,0.0022519777266895857,-0.0014527999248115098,0.04700206028003674,0.16077986637074648,11,489.8478421933144,SUCCESS,,False
600793,INTRADAY,1499,0.007771605145106096,0.15207655833797915,-0.06931064428613369,-0.0018364012153771203,0.0002544675133878127,-0.002090868728764933,0.02639087423136583,0.013612285406195745,11,489.8478421933144,SUCCESS,,False
600800,CLOSE_TO_CLOSE,1413,0.06181312096293796,-0.04441480585730252,-0.15011404247589968,0.0009089168480990589,0.0015170871164940092,-0.0006081702683949503,0.09795042110089897,0.044890019118690505,11,413.4142852537104,SUCCESS,,False
600800,OVERNIGHT,1413,0.04184475056652973,-0.12149734372030985,-0.10171631111229792,0.0012232822687486909,0.0011900972890711101,3.318497967758072e-05,0.12124216036662153,0.21285955925877842,11,413.4142852537104,SUCCESS,,False
600800,INTRADAY,1413,0.021840736825433364,0.0809744756302313,-0.05164175974757183,-0.00035652574352638966,0.00034939508266060293,-0.0007059208261869926,-0.023847483022720366,0.007459931919817864,11,413.4142852537104,SUCCESS,,False
600802,CLOSE_TO_CLOSE,993,0.024182905631850535,-0.06728262163772718,-0.10718486953926597,0.0024606070726671675,0.002454360295068292,6.246777598875597e-06,-0.04239199309012943,0.027575838578240086,11,364.4602531877386,SUCCESS,,False
600802,OVERNIGHT,993,0.06231922414456362,-0.03999537063828986,-0.08794165821764857,0.0035087625468579256,0.0031860493017209085,0.0003227132451370171,0.010296359280884217,0.07362847659626026,11,364.4602531877386,SUCCESS,,False
600802,INTRADAY,993,-0.03575245771140992,-0.027463218154866846,-0.022518126075231508,-0.0010373962057986658,-0.0006376950013265992,-0.0003997012044720666,-0.05212222078830957,0.020106384060052496,11,364.4602531877386,SUCCESS,,False
600805,CLOSE_TO_CLOSE,1288,0.11881225435631675,-0.23023924115780647,0.0711661787107616,0.0059421116206886115,0.00011880428430705026,0.005823307336381561,-0.11300354395345225,0.04218438909495992,11,390.4854777627215,SUCCESS,,True
600805,OVERNIGHT,1288,0.01732475205919701,-0.17763706581178568,0.042282089304475676,0.0029385867475459,0.0008250568348064646,0.0021135299127394355,-0.008497536862145962,0.04566119758577647,11,390.4854777627215,SUCCESS,,False
600805,INTRADAY,1288,0.10321387123221246,-0.05601799737661151,0.03409388512570364,0.0029779788018996917,-0.0007998442539299544,0.003777823055829646,-0.10433068079126616,0.02508368625762636,11,390.4854777627215,SUCCESS,,False
600808,CLOSE_TO_CLOSE,751,-0.02087463918954425,0.27558113286828995,-0.10780133983350063,-0.00559145981290227,-7.415228392081141e-05,-0.005517307528981458,-0.10743608809852549,0.033077287122112775,11,471.96148346421455,SUCCESS,,False
600808,OVERNIGHT,751,-0.02345140800941021,-0.2118484769539385,0.19096415212190848,-0.0009885730168296952,0.00018863999527223008,-0.0011772130121019252,-0.014752640946293995,0.07146986219694018,11,471.96148346421455,SUCCESS,,False
600808,INTRADAY,751,0.002951191733787389,0.4695373838829157,-0.28098052476486624,-0.004612595932077933,-0.0003170031014357866,-0.004295592830642146,-0.09247862967541623,0.03961140501328331,11,471.96148346421455,SUCCESS,,False
600822,CLOSE_TO_CLOSE,1584,0.03223363206442321,-0.20764212260664947,0.05277403835872994,0.0019690199104468176,0.0015579836834636734,0.0004110362269831441,0.06770217719497837,0.032456517107356087,11,529.9625216922494,SUCCESS,,False
600822,OVERNIGHT,1584,-0.02438629882371787,-0.1846793387117068,-0.02239364571362482,0.003873605647167615,0.0019094766569576517,0.0019641289902099634,0.05674561522776542,0.10177607989885218,11,529.9625216922494,SUCCESS,,False
600822,INTRADAY,1584,0.06104801377583027,-0.02967148635597567,0.07895734856506147,-0.001966383789050948,-0.0003925890892360548,-0.0015737946998148934,0.012177691904752038,0.012970392339679226,11,529.9625216922494,SUCCESS,,False
600829,CLOSE_TO_CLOSE,766,0.05324445123122197,-0.4788567598961788,0.11751253841078385,0.004789841730130317,0.0024019010234899796,0.0023879407066403372,-0.0006321891564692452,0.0339860633175213,11,463.69460167544844,SUCCESS,,False
600829,OVERNIGHT,766,-0.018464547095533735,0.12441604735311987,-0.1684876155663808,0.004029527863970553,0.002718184617815292,0.0013113432461552606,-0.01138540971443661,0.14882837049123887,11,463.69460167544844,SUCCESS,,False
600829,INTRADAY,766,0.07163784785174958,-0.6039223741528262,0.2870982707463867,0.0007993430919428788,-0.00030096191378918384,0.0011003050057320626,0.009181201609836848,0.04873044488377254,11,463.69460167544844,SUCCESS,,False
600841,CLOSE_TO_CLOSE,971,-0.008555166520672076,0.025069246412046373,-0.21822956676050828,-0.0007657938880658577,0.002931697096933375,-0.0036974909849992327,0.06202384281929527,0.04407038453906442,11,406.17295327789867,SUCCESS,,False
600841,OVERNIGHT,971,0.023255269570801238,-0.3980207123237293,-0.0038287870776045957,0.0064972484450457405,0.002941386079018282,0.0035558623660274583,0.038710856246155896,0.17348004694591357,11,406.17295327789867,SUCCESS,,False
600841,INTRADAY,971,-0.031449935335067174,0.4307193383031276,-0.21828762254444126,-0.007665676790190101,4.069266717660752e-05,-0.007706369457366708,0.023529047539813802,0.06757723986270847,11,406.17295327789867,SUCCESS,,True
600844,CLOSE_TO_CLOSE,793,0.15655794782367738,0.06981186433036547,-0.2203946979966924,0.0044978953640575185,0.0020470284523847887,0.00245086691167273,-0.028574496854269337,0.03791843928969396,11,457.49531343615257,SUCCESS,,False
600844,OVERNIGHT,793,0.01844338244120539,0.08940791472217051,-0.15159654480481236,0.0034754884090220633,0.0006089071296130205,0.0028665812794090428,-0.012627562002804564,0.10547195345757188,11,457.49531343615257,SUCCESS,,False
600844,INTRADAY,793,0.14425382347854562,-0.012342648441368594,-0.07385945020508909,0.0010236654401116242,0.0014552933873167861,-0.0004316279472051619,-0.017137764579143712,0.03119973565253209,11,457.49531343615257,SUCCESS,,False
600857,CLOSE_TO_CLOSE,813,0.059193111476898964,-0.08251581313997114,-0.012727424242447449,0.01080426220509777,0.001579758294510722,0.009224503910587049,-0.21271929534605521,0.044452811756894084,11,434.62998342721573,SUCCESS,,True
600857,OVERNIGHT,813,-0.10275624838385024,0.023836528491803656,-0.06099592300719341,0.0041900772468774355,0.0010369739156386778,0.0031531033312387578,-0.06705171060982852,0.04065625360566116,11,434.62998342721573,SUCCESS,,False
600857,INTRADAY,813,0.16762656885191637,-0.1058975355236557,0.04841835608093642,0.0066644240926424375,0.0005467248631889771,0.0061176992294534605,-0.14594590552334005,0.02411209205712983,11,434.62998342721573,SUCCESS,,True
600858,CLOSE_TO_CLOSE,1021,-0.059007822940051434,0.07933330862790089,-0.09260019878367032,0.0013673274485001899,0.002624428256342959,-0.001257100807842769,-0.0022203764327526445,0.02194594572817643,11,389.786815596455,SUCCESS,,False
600858,OVERNIGHT,1021,0.006991437277096788,0.15031942834062126,-0.0619851043885526,0.005169996805904497,-0.00012978348113659374,0.005299780287041091,-0.06749005792641465,0.1480214102490075,11,389.786815596455,SUCCESS,,True
600858,INTRADAY,1021,-0.0660185787387915,-0.06269451598024416,-0.031233010231837312,-0.004123205475259684,0.0027418082351207546,-0.006865013710380438,0.0680825072655607,0.044565821540178074,11,389.786815596455,SUCCESS,,False
600868,CLOSE_TO_CLOSE,757,-0.015968253595249882,0.17629758452212432,-0.15826311245472008,0.0009332773344933945,0.0023009437018487316,-0.0013676663673553371,-0.07621971808420075,0.02633839790674941,11,525.9094906903279,SUCCESS,,False
600868,OVERNIGHT,757,-0.08340781830758938,-0.3230131862491902,0.10843408361564653,0.002719159588593062,0.002396506232404061,0.00032265335618900104,0.017238487325799877,0.11141944820460203,11,525.9094906903279,SUCCESS,,False
600868,INTRADAY,757,0.070901939221702,0.4864255940958128,-0.25850357283407804,-0.00186118504640969,-0.0001533880332758586,-0.0017077970131338313,-0.0881816528278054,0.027707931506997574,11,525.9094906903279,SUCCESS,,False
600869,CLOSE_TO_CLOSE,988,0.04739064312709571,-0.14111180720049415,0.03376089497931415,0.0014660616025367074,0.0003589463369521387,0.0011071152655845688,0.033738060705244495,0.024153165308132607,11,469.9203682833447,SUCCESS,,False
600869,OVERNIGHT,988,0.030561606117482244,-0.20901306349000937,-0.01806796314363119,0.005145061261818455,0.0022799879007090323,0.002865073361109423,-0.009557752849286286,0.08942086132352889,11,469.9203682833447,SUCCESS,,False
600869,INTRADAY,988,0.01997054572943837,0.06427721808022396,0.05588383999300341,-0.003730839511647578,-0.0019382513554012937,-0.0017925881562462845,0.04542257478026957,0.015100622994825508,11,469.9203682833447,SUCCESS,,False
600871,CLOSE_TO_CLOSE,1584,0.06186857771050634,-0.22515414315829357,-0.03868269569375364,0.004531175234644011,0.0022175949392426453,0.0023135802954013657,-0.008198512430403624,0.017846224280872014,11,368.15303879193993,SUCCESS,,False
600871,OVERNIGHT,1584,-0.011908403229192906,-0.10390877691753098,-0.06325434263109872,0.0013766968161600945,0.002574415619854803,-0.0011977188036947084,0.02257406861200629,0.04753993411655977,11,368.15303879193993,SUCCESS,,False
600871,INTRADAY,1584,0.0745885382233604,-0.11207530646333452,0.021199184108079337,0.003149999331481629,-0.00032962044086108644,0.0034796197723427156,-0.03478899120634378,0.014867616428630104,11,368.15303879193993,SUCCESS,,False
600876,CLOSE_TO_CLOSE,1584,0.01681683988525039,0.06536570093861294,-0.15071473808850458,0.008493218317779395,0.0022540858971394507,0.006239132420639944,-0.06178378384683136,0.014661005099290914,11,387.49035737148193,SUCCESS,,True
600876,OVERNIGHT,1584,-0.019809955646428998,-0.07806715862446316,-0.07697052900048475,0.002119220643750027,0.0025164932029536555,-0.00039727255920362844,0.02328783753743337,0.051593968575473714,11,387.49035737148193,SUCCESS,,False
600876,INTRADAY,1584,0.03845836601667558,0.13952093621298522,-0.07053443084858328,0.006428388414939449,-0.00024831729897724364,0.006676705713916693,-0.08498169019784037,0.012855259965256605,11,387.49035737148193,SUCCESS,,True
600881,CLOSE_TO_CLOSE,1212,0.04363738513076883,-0.23358628251071636,-0.024717800255310982,0.003559154605720427,0.0024506228889704107,0.0011085317167500164,0.0005875783203762305,0.02564652289986613,11,487.00096287946866,SUCCESS,,False
600881,OVERNIGHT,1212,-0.030964138728312017,-0.047821183440269886,-0.1832542794018807,0.00438013996410027,0.004341973155676207,3.8166808424063003e-05,0.020841794467429835,0.21341275740007892,11,487.00096287946866,SUCCESS,,False
600881,INTRADAY,1212,0.07693914833820731,-0.17421810293946355,0.15084834227955363,-0.0008261156601564092,-0.0018311167552563824,0.0010050010950999732,-0.019236357468937527,0.017460297364580324,11,487.00096287946866,SUCCESS,,False
600882,CLOSE_TO_CLOSE,888,-0.09903399115268521,0.49889774359826883,-0.47192356691632453,-0.0011801684985645391,0.004075753038496693,-0.0052559215370612325,-0.07683057324442841,0.02600151760040348,11,420.6161314010056,SUCCESS,,False
600882,OVERNIGHT,888,-0.1301755435913181,-0.1992605808388201,0.1540631819572681,0.0009862748621515234,0.002330001243203105,-0.0013437263810515817,-0.02760246117344971,0.08579513683984819,11,420.6161314010056,SUCCESS,,False
600882,INTRADAY,888,0.03342855375949329,0.689184916187045,-0.6247750458376805,-0.002112414686934752,0.0018980288429141234,-0.0040104435298488755,-0.04689539402255456,0.028627484821716065,11,420.6161314010056,SUCCESS,,False
600936,CLOSE_TO_CLOSE,1470,0.08863740074580487,-0.04985880163042351,-0.10690075713277616,0.005074583867995794,0.0025443260702882053,0.0025302577977075885,-0.08186779007571485,0.04324901735311004,11,464.99330095844863,SUCCESS,,False
600936,OVERNIGHT,1470,-0.08535566593217574,-0.012288720247475713,-0.044270570220504894,0.0031387951228983788,0.00117333615158971,0.0019654589713086687,0.0038045362738893876,0.11586607561456841,11,464.99330095844863,SUCCESS,,False
600936,INTRADAY,1470,0.17593615400519685,-0.04261163312353291,-0.06143242250078994,0.0018816188932804095,0.0013861828001651144,0.0004954360931152951,-0.08367269107075082,0.0411512683383477,11,464.99330095844863,SUCCESS,,False
600960,CLOSE_TO_CLOSE,931,0.11084389398028854,-0.026931869834606735,-0.06696531486879048,0.002858989047023336,0.00038116252825567964,0.0024778265187676562,-0.021428565075788813,0.028248269500563583,11,404.3861706477429,SUCCESS,,False
600960,OVERNIGHT,931,-0.02261999126107334,-0.2756137762179487,0.06756688647583572,0.002062671422393525,0.0012488597830176418,0.0008138116393758832,0.08050936086186204,0.11820819813504824,11,404.3861706477429,SUCCESS,,False
600960,INTRADAY,931,0.13414659190155864,0.2459770401080289,-0.13623103198496928,0.0008755348648071121,-0.0007351717216292353,0.0016107065864363473,-0.10820287343963952,0.03489434945288128,11,404.3861706477429,SUCCESS,,False
600961,CLOSE_TO_CLOSE,859,0.25897373921558775,-0.3907297849775634,0.19574270498492516,-0.00012179326938124846,-0.0014911825514928173,0.0013693892821115689,0.11335096213327611,0.049655935965848275,11,342.38695200499944,SUCCESS,,False
600961,OVERNIGHT,859,0.008962788751638535,-0.3059725166094611,0.03326814857573048,0.0018843379373709793,0.0022539331500788795,-0.00036959521270790024,0.043370720064466246,0.09709770299119136,11,342.38695200499944,SUCCESS,,False
600961,INTRADAY,859,0.25148294220607603,-0.08746119758162385,0.16514577341667946,-0.001978649964270225,-0.003731382431979527,0.0017527324677093017,0.06828469938312422,0.028431498011351586,11,342.38695200499944,SUCCESS,,False
600962,CLOSE_TO_CLOSE,1299,0.17091483110088515,0.028869769026964733,-0.250054101978096,0.006147881171616843,0.0031282417963690266,0.0030196393752478165,0.010725878082065656,0.025383257542484938,11,362.33966276680746,SUCCESS,,False
600962,OVERNIGHT,1299,-0.10381045630085808,0.029546261953458303,-0.2440990610115311,0.004298315674860876,0.0034936476382880083,0.0008046680365728677,0.08690782025574316,0.11728941373109258,11,362.33966276680746,SUCCESS,,False
600962,INTRADAY,1299,0.2768367746573362,0.006330442923061213,-0.0067795252563714915,0.001816122714401281,-0.00040739514147072886,0.00222351785587201,-0.0847300630124369,0.005882724208137513,11,362.33966276680746,SUCCESS,,False
600973,CLOSE_TO_CLOSE,1262,0.05399252637156166,0.1146830395024468,-0.22313670467163307,0.000489324835830536,0.003063934381001693,-0.0025746095451711568,0.03174013908160498,0.027737566896738453,11,412.390434526361,SUCCESS,,False
600973,OVERNIGHT,1262,-0.10394910229472494,0.10319647112498564,-0.16310536160806924,0.0037022700418940374,0.0030863330798817645,0.0006159369620122729,0.028573561560461244,0.10235059749603681,11,412.390434526361,SUCCESS,,False
600973,INTRADAY,1262,0.15911673734366932,0.014563025441042163,-0.06043690847683872,-0.003314666201494596,4.0816582647512645e-06,-0.0033187478597593474,0.005326580624651155,0.028559507711356513,11,412.390434526361,SUCCESS,,False
600975,CLOSE_TO_CLOSE,872,-0.0591205746304819,0.1548979676309468,-0.25294184766954353,-0.0023407338418482563,0.003820238597405743,-0.006160972439253999,0.026177989745013557,0.02640348082812105,11,436.24194793858015,SUCCESS,,False
600975,OVERNIGHT,872,-0.23046466885176933,0.034580648022312484,-0.13947393799851174,0.0016225388036105598,0.0036842721133589496,-0.0020617333097483898,-0.08373465006244506,0.17433161934239272,11,436.24194793858015,SUCCESS,,False
600975,INTRADAY,872,0.17115879139926798,0.13044833170970366,-0.12314089214835745,-0.003813396268565028,0.0002643379430949666,-0.004077734211659995,0.10801959363293426,0.013818624829708526,11,436.24194793858015,SUCCESS,,False
600984,CLOSE_TO_CLOSE,1001,0.03310562304905989,0.31504080481888164,-0.26879549782667256,0.0027803097750578633,0.0010735153430588978,0.0017067944319989654,-0.014867101681407893,0.02520419575195154,11,411.40421371764114,SUCCESS,,False
600984,OVERNIGHT,1001,0.005398518170265726,-0.33142540865116105,0.02441880643950307,0.004028971673899984,0.0039017734884587013,0.00012719818544128236,0.06977425922502775,0.17046253469172246,11,411.40421371764114,SUCCESS,,False
600984,INTRADAY,1001,0.026238301052211848,0.6473732036867695,-0.29429953908646983,-0.0014940162623902579,-0.0028080695788756105,0.0013140533164853526,-0.08095637798308584,0.0324836624215421,11,411.40421371764114,SUCCESS,,False
600986,CLOSE_TO_CLOSE,1178,0.08478195965567153,-0.42039532457661627,0.17098178681702647,-0.0011208947360764679,0.0025707627472213307,-0.0036916574832977986,-0.016915157269200405,0.02205659705024332,11,339.34971153920986,SUCCESS,,False
600986,OVERNIGHT,1178,0.054101780998082286,-0.16471412037132793,-0.09900734454990083,-0.0006308275253550377,0.004081873257978402,-0.00471270078333344,0.039393708857388146,0.10125166757392146,11,339.34971153920986,SUCCESS,,True
600986,INTRADAY,1178,0.032668523916562775,-0.266656336436829,0.27349536919540723,-0.0007129925218623771,-0.0013742315425033895,0.0006612390206410124,-0.05153786835689333,0.016522970208931564,11,339.34971153920986,SUCCESS,,False
600988,CLOSE_TO_CLOSE,1041,0.16094472068353147,-0.017049764493147733,-0.18998831752909054,0.004428368464573722,0.0018228552725800887,0.002605513191993633,0.09044861029852165,0.014284342342435474,11,380.0676485138177,SUCCESS,,False
600988,OVERNIGHT,1041,-0.16022061444128946,0.12872611340845086,-0.25854767134308204,0.006026049674141925,0.001956050391705197,0.004069999282436728,0.09479577749413927,0.039231315862057636,11,380.0676485138177,SUCCESS,,False
600988,INTRADAY,1041,0.32340572835310794,-0.13087937580013428,0.05633836230504159,-0.0016249549370704799,-0.0001041917276645224,-0.0015207632094059575,-0.0037318702206297284,0.007534867752062024,11,380.0676485138177,SUCCESS,,False
600990,CLOSE_TO_CLOSE,755,0.0957029160216,-0.43100719060842435,0.1662465795278292,0.0035613186993370266,0.0016300608217703072,0.0019312578775667194,-0.03558408026374122,0.023352328172791204,11,380.40065963054667,SUCCESS,,False
600990,OVERNIGHT,755,-0.09604513126329545,-0.5101496566119011,0.10524341873227691,0.006967555470435177,0.0038905359508883963,0.003077019519546781,-0.008387843815872488,0.13272574802040027,11,380.40065963054667,SUCCESS,,False
600990,INTRADAY,755,0.19005824044008046,0.06996724786427036,0.06911278890522557,-0.003472459686331437,-0.0021906650943901707,-0.0012817945919412661,-0.024992642131130106,0.02065971449514259,11,380.40065963054667,SUCCESS,,False
600996,CLOSE_TO_CLOSE,1477,0.0505167155689774,-0.5251935038955016,-0.024897280149615925,0.0034087478154572054,0.005401603313787501,-0.0019928554983302954,-0.015882848605419584,0.040296124174746706,11,405.76269537472047,SUCCESS,,False
600996,OVERNIGHT,1477,-0.14109103992840802,-0.3327114788615211,0.03435830754282031,0.0033288890941710544,0.0031392280272645734,0.00018966106690648105,0.03487626373203678,0.08951262025060547,11,405.76269537472047,SUCCESS,,False
600996,INTRADAY,1477,0.19265647951334813,-0.19355463625250124,-0.06525194300345127,9.887128395704575e-05,0.00236433058362312,-0.002265459299666074,-0.04968848681788455,0.033294192780093046,11,405.76269537472047,SUCCESS,,False
601003,CLOSE_TO_CLOSE,932,-0.031508729501319124,-0.06413977747377608,-0.09507136506563937,-0.0033416206231391375,0.0024585918988942607,-0.005800212522033398,0.09793886072911258,0.06852008160496725,11,550.54829704852,SUCCESS,,False
601003,OVERNIGHT,932,0.017755120889072298,0.011966033788414234,-0.049127452301545,0.0012898346318677952,0.001375501892641298,-8.566726077350283e-05,0.06081731872539696,0.0962273339046914,11,550.54829704852,SUCCESS,,False
601003,INTRADAY,932,-0.048893061199477714,-0.061894944889058556,-0.052605434433605304,-0.004762049092481964,0.0010963315947922353,-0.005858380687274199,0.03680893451952971,0.06902065831059123,11,550.54829704852,SUCCESS,,False
601005,CLOSE_TO_CLOSE,1584,-0.03169434003352671,0.2711716753641781,-0.16006844271319565,0.0015715874400319546,0.0017832595292593817,-0.00021167208922742708,-0.04172165020749326,0.016519595805483456,11,455.5031228700428,SUCCESS,,False
601005,OVERNIGHT,1584,-0.16092579533733645,0.21371433431771483,-0.1875534265448655,0.0027471804273373696,0.003212861340644132,-0.00046568091330676225,0.009382317296619555,0.1293009679570698,11,455.5031228700428,SUCCESS,,False
601005,INTRADAY,1584,0.13003617861741582,0.06573861452455147,0.02532681328869778,-0.0012969737071695554,-0.0014483174637731355,0.0001513437566035801,-0.04815833061847925,0.01666387659937696,11,455.5031228700428,SUCCESS,,False
601011,CLOSE_TO_CLOSE,1235,-0.002791558820659646,0.14095620847655305,-0.09350040022625702,-0.0023104257473001433,-3.8037572255178453e-05,-0.002272388175044965,-0.09488777278241414,0.030729037011265614,11,328.4077261717784,SUCCESS,,False
601011,OVERNIGHT,1235,-0.09984257550659456,-0.034557604118422264,-0.20265236098657255,0.005676360563076813,0.0045386414725683555,0.0011377190905084572,-0.03953294058096176,0.10910182751914888,11,328.4077261717784,SUCCESS,,False
601011,INTRADAY,1235,0.09650706957140101,0.180425547243714,0.10649689957942254,-0.008150288175661498,-0.004564538763384071,-0.0035857494122774267,-0.05394033965196896,0.04950222998047138,11,328.4077261717784,SUCCESS,,True
601015,CLOSE_TO_CLOSE,769,0.006282389036887054,-0.01698631010873897,-0.07736974487246726,-0.004532797458646475,0.0005543141389301245,-0.005087111597576599,0.09808169621997762,0.028817025451306377,11,526.975552734984,SUCCESS,,False
601015,OVERNIGHT,769,-0.1815705956057502,-0.09549062730513441,-0.06016593128475138,0.0016211373929255549,0.0022509710242438127,-0.0006298336313182579,0.03663660088755772,0.02716857837425224,11,526.975552734984,SUCCESS,,False
601015,INTRADAY,769,0.1896705433255691,0.07957508833771523,-0.016999937515760503,-0.006272378160889848,-0.0016920150444749357,-0.004580363116414912,0.06391980191152555,0.04135735683509112,11,526.975552734984,SUCCESS,,False
601021,CLOSE_TO_CLOSE,991,0.02783549138196548,0.9363480752951137,-0.727038799729575,-0.003994795976129201,-0.00364625485441486,-0.0003485411217143408,0.1366134480905481,0.020703702376997368,11,242.2883012134895,SUCCESS,,True
601021,OVERNIGHT,991,-0.03995729144359419,-0.0004984434908754313,0.003145105421260107,0.0003231754562576031,0.0018375008810381857,-0.0015143254247805826,-0.05032110453372139,0.016134921454333595,11,242.2883012134895,SUCCESS,,False
601021,INTRADAY,991,0.0697635532186837,0.931905146719827,-0.7272011944715732,-0.004306981130534612,-0.0054172635159755456,0.0011102823854409333,0.18642157167750642,0.028281958770577487,11,242.2883012134895,SUCCESS,,True
601068,CLOSE_TO_CLOSE,1477,0.029944796875132445,-0.013615167723906618,-0.07510824723273461,0.0012171010464466572,0.0020849749115168653,-0.0008678738650702081,0.049136233252567704,0.029898565607290983,11,451.09040459946186,SUCCESS,,False
601068,OVERNIGHT,1477,-0.0638973011853663,0.007395156731202046,-0.0947407662254703,0.003439802635140604,0.002097991661012946,0.0013418109741276576,0.010431233746529616,0.08884474789098884,11,451.09040459946186,SUCCESS,,False
601068,INTRADAY,1477,0.09692563821498149,-0.010956069721141473,0.01845227815464167,-0.0023343335856768205,-6.192106603350456e-05,-0.002272412519643316,0.03739022583843144,0.01752544338331974,11,451.09040459946186,SUCCESS,,False
601099,CLOSE_TO_CLOSE,1584,-0.05322582760760068,0.11960634324140783,0.01974020370751425,-0.0028760226372650695,-0.00018518721908514224,-0.0026908354181799272,0.06184427711064457,0.03804157722535606,11,534.4011493051075,SUCCESS,,False
601099,OVERNIGHT,1584,-0.18327393340282583,-0.06041549606904284,-0.028612539447651686,0.0005799193336069978,0.00208473453236108,-0.0015048151987540823,0.044701150657888954,0.07532919816940775,11,534.4011493051075,SUCCESS,,False
601099,INTRADAY,1584,0.13243502990472397,0.17934561513516845,0.049315701860325425,-0.003497328861290276,-0.0022893896857153345,-0.0012079391755749416,0.015432858066751933,0.026527020560829007,11,534.4011493051075,SUCCESS,,False
601106,CLOSE_TO_CLOSE,1584,0.0835102425804585,-0.018249441839145075,-0.14997515345145013,0.004869100291495359,0.0012812283193285312,0.0035878719721668274,0.0473576494626237,0.04555781301836337,11,417.83065331001865,SUCCESS,,False
601106,OVERNIGHT,1584,-0.004676859677252731,-0.09325363611963804,-0.13803688170306097,0.004543433427041648,0.0035204640602615606,0.0010229693667800875,0.07517178017907379,0.21876120962595202,11,417.83065331001865,SUCCESS,,False
601106,INTRADAY,1584,0.08820250261716593,0.07165937171322809,-0.007052858718861698,0.0002591279616466838,-0.0022534275021026395,0.0025125554637493233,-0.02962601278849889,0.04292166047910939,11,417.83065331001865,SUCCESS,,False
601111,CLOSE_TO_CLOSE,1478,-0.005031937541028994,0.04335971532163187,-0.019312741076397636,-0.001936072152914567,0.0010006444590704155,-0.0029367166119849825,-0.33848156249768907,0.010484652706150288,11,177.633163615164,SUCCESS,,False
601111,OVERNIGHT,1478,-0.12172930013478163,-0.29998967858499503,0.3116850913018719,0.0010873067626811853,0.0006992941009451026,0.0003880126617360827,-0.07370387005338717,0.04923816070140907,11,177.633163615164,SUCCESS,,False
601111,INTRADAY,1478,0.11772061656533374,0.3206092589929673,-0.3005512295077537,-0.0032424993646642253,0.00018831823722857688,-0.003430817601892802,-0.25777357233639475,0.016944472366640206,11,177.633163615164,SUCCESS,,False
601127,CLOSE_TO_CLOSE,1065,0.2530686944992692,-0.27486237245525924,0.07683676045980126,0.0011130703515795648,0.002772173249032589,-0.0016591028974530242,0.002288929759149472,0.02443531663072096,11,364.30159717837523,SUCCESS,,False
601127,OVERNIGHT,1065,-0.02282760920144479,-0.4577050510635327,0.03361110985647385,0.0059846950546603925,0.0054031930240062975,0.000581502030654095,0.014713633473240999,0.14269331489364856,11,364.30159717837523,SUCCESS,,False
601127,INTRADAY,1065,0.281463042230022,0.18570391359625635,0.045589162111811625,-0.005018991642242548,-0.0026876154935847746,-0.002331376148657773,-0.012502305021679263,0.012508502312138514,11,364.30159717837523,SUCCESS,,False
601155,CLOSE_TO_CLOSE,1237,-0.06118532699612275,0.17721141886904637,-0.3273532673088196,-0.0011669116470605645,0.001176904180405558,-0.0023438158274661225,0.13363650199264074,0.02028525073240206,11,415.29673008032796,SUCCESS,,False
601155,OVERNIGHT,1237,-0.05930941432356716,-0.025285858859575967,-0.1638420213287775,0.00170387363239001,0.0027807543080198144,-0.0010768806756298044,0.11874253941558562,0.05027000804003612,11,415.29673008032796,SUCCESS,,False
601155,INTRADAY,1237,-0.0019185527293812082,0.2100014875140017,-0.17298840286007963,-0.002883749475646003,-0.0015507366990022697,-0.0013330127766437334,0.016981972571955804,0.013821368845202131,11,415.29673008032796,SUCCESS,,False
601162,CLOSE_TO_CLOSE,1019,0.06755093495901011,-0.6485667431146096,0.18590264327094538,0.003404690698051927,0.004473387439192962,-0.0010686967411410349,0.056489272020001195,0.07448624746940358,11,412.0271537792067,SUCCESS,,False
601162,OVERNIGHT,1019,-0.09693224323678483,-0.47963753087641314,0.11148424547264855,0.0019519760904350572,0.003383828063137707,-0.0014318519727026498,0.12777235268739529,0.2742185162171017,11,412.0271537792067,SUCCESS,,False
601162,INTRADAY,1019,0.16697605687274542,-0.1755699590005752,0.07685410090820018,0.0013568109530217552,0.001134111512286401,0.00022269944073535428,-0.06557074653945479,0.04689907184905151,11,412.0271537792067,SUCCESS,,False
601333,CLOSE_TO_CLOSE,970,-0.011503534923072042,0.28057848390218154,-0.10675139307869515,-0.008642783720892208,0.003737662394670188,-0.012380446115562396,-0.1423307391524584,0.07164321564415588,11,419.6021194538691,SUCCESS,,True
601333,OVERNIGHT,970,-0.01664375664519892,0.20589325098918518,-0.16062195682507793,-0.00196883279822729,0.0021787016480825025,-0.0041475344463097925,-0.046074821731467486,0.07356782004936036,11,419.6021194538691,SUCCESS,,False
601333,INTRADAY,970,0.005162363451070881,0.07268275934807258,0.05602975742519182,-0.006650605293444148,0.0015003175254031664,-0.008150922818847314,-0.0945752773789793,0.04339086328045638,11,419.6021194538691,SUCCESS,,True
601519,CLOSE_TO_CLOSE,1234,0.07102875571051233,-0.17932746226685697,-0.0020200683995394357,0.0029204085569960007,0.0025791956962315787,0.000341212860764422,0.030318714819730516,0.031088281004513996,11,489.7752232317678,SUCCESS,,False
601519,OVERNIGHT,1234,-0.13613812375278136,-0.20476723406598166,-0.009098575162374695,0.0023607139821355955,0.002811689904169287,-0.00045097592203369175,0.03140943872098504,0.07178309656197812,11,489.7752232317678,SUCCESS,,False
601519,INTRADAY,1234,0.21028966039204575,0.021380031964381294,0.008346056068163703,0.0005402115123314954,-0.00021827094901452626,0.0007584824613460217,-0.0018016015523985946,0.011862910396210569,11,489.7752232317678,SUCCESS,,False
601595,CLOSE_TO_CLOSE,973,0.030543406714593352,-0.0387096111223626,0.045679568759735174,0.001982752654428356,0.0018534818880278636,0.00012927076640049245,0.040715894842091406,0.0164205197506464,11,347.6109041534593,SUCCESS,,False
601595,OVERNIGHT,973,-0.1412624905994471,-0.22385726110321652,0.029834253644384898,0.001782513730222271,0.0013037389669472987,0.00047877476327497226,-0.008531325597681688,0.03743494786118262,11,347.6109041534593,SUCCESS,,False
601595,INTRADAY,973,0.17409096489504344,0.19486049139149106,0.013190855175667078,4.132688852874489e-05,0.0005446449941269582,-0.0005033181055982133,0.04778087367119842,0.025292784279808966,11,347.6109041534593,SUCCESS,,False
601599,CLOSE_TO_CLOSE,1460,0.058854646798664506,-0.25402731454553545,0.04522399175818514,0.002730384045971951,0.0015670849904240725,0.0011632990555478784,0.004889864623175501,0.014500937485502963,11,349.66807869996114,SUCCESS,,False
601599,OVERNIGHT,1460,-0.023812106994548533,-0.01950251729069641,-0.12091774133023614,0.004000155309770215,0.0030691410781457235,0.0009310142316244913,0.010389806534100371,0.15399140738834838,11,349.66807869996114,SUCCESS,,False
601599,INTRADAY,1460,0.08369929166503486,-0.2252372762235667,0.16230413078981507,-0.0013255658665154695,-0.0014830298475890288,0.00015746398107355924,-0.00817982873164535,0.028226862681761444,11,349.66807869996114,SUCCESS,,False
601727,CLOSE_TO_CLOSE,1203,0.03479120435934719,-0.0571849458102987,-0.12776001250016777,-0.002772504771027442,0.002797674906113365,-0.005570179677140807,0.10070723021231759,0.05937145659566101,11,506.43962353857756,SUCCESS,,False
601727,OVERNIGHT,1203,0.014003894595239775,-0.18823258055857836,-0.00093863613701161,0.001964008156911029,0.0016954306702415267,0.0002685774866695023,0.07350119137994292,0.17369911666824678,11,506.43962353857756,SUCCESS,,False
601727,INTRADAY,1203,0.020727246082484774,0.1348052607132589,-0.1282237986139778,-0.005037056809107859,0.001077313206932981,-0.00611437001604084,0.027192088207783613,0.05868750779194476,11,506.43962353857756,SUCCESS,,False
601929,CLOSE_TO_CLOSE,1234,0.13717079219347741,0.010661357525929883,-0.12562831958903853,0.004228691434097903,0.0012175646442341148,0.0030111267898637883,0.023043527821145587,0.04103657901903457,11,356.98362336852307,SUCCESS,,False
601929,OVERNIGHT,1234,-0.14562356943501123,-0.11553373307811336,-0.08332016788797127,0.003638033501726423,0.0023087357533108643,0.0013292977484155588,0.029187146760947323,0.14489245169889908,11,356.98362336852307,SUCCESS,,False
601929,INTRADAY,1234,0.2837105023371417,0.1377264037053703,-0.04984351265835581,0.0006687970497117716,-0.0010577076608144914,0.001726504710526263,-0.007182850559135752,0.012124945960863887,11,356.98362336852307,SUCCESS,,False
601933,CLOSE_TO_CLOSE,1013,0.036418428858692474,-0.08145922946375773,-0.036405455170139656,0.0023579612458675472,0.0010171657091769815,0.0013407955366905658,0.02137418940439327,0.04020554634287066,11,409.2203271577935,SUCCESS,,False
601933,OVERNIGHT,1013,-0.17908446098730274,-0.4741726535414022,0.05944012799464282,0.003945818996338578,0.0035072952362338594,0.00043852376010471844,0.03489671568726921,0.15363496393033393,11,409.2203271577935,SUCCESS,,False
601933,INTRADAY,1013,0.21779763067033567,0.4024080006791663,-0.09784588434891278,-0.0015750031375184013,-0.0025361905998166553,0.000961187462298254,-0.01409604238975243,0.022669612010789097,11,409.2203271577935,SUCCESS,,False
601975,CLOSE_TO_CLOSE,1523,0.08378238484481414,-0.024908926323476157,-0.1091400712789937,0.002891799337102652,0.0031338066279522764,-0.00024200729084962458,0.06537090931096254,0.015859403068398836,11,360.6864177067883,SUCCESS,,False
601975,OVERNIGHT,1523,-0.029194106744410666,0.01963345607970852,-0.04365869452026286,0.001592751936062715,0.0015680360743904713,2.471586167224378e-05,0.034243385500821295,0.027369891462596496,11,360.6864177067883,SUCCESS,,False
601975,INTRADAY,1523,0.11320664101134692,-0.04325226463947835,-0.06498306095595899,0.0012558130216950535,0.0015733325842119533,-0.00031751956251689986,0.029531776532993603,0.011889355827692683,11,360.6864177067883,SUCCESS,,False
603011,CLOSE_TO_CLOSE,944,0.12830894976696636,0.1268096806672292,-0.25501991267555435,0.0014286924890221896,0.003735574264387115,-0.0023068817753649253,0.05056841287242101,0.048685744894987115,11,357.8428553831306,SUCCESS,,False
603011,OVERNIGHT,944,-0.024091452270956715,-0.2896267656646136,-0.0244829680953076,0.00464375591193816,0.002964368443747395,0.0016793874681907649,0.03437860166927839,0.10734945037590082,11,357.8428553831306,SUCCESS,,False
603011,INTRADAY,944,0.15534405226044892,0.417906575524872,-0.22500236716459196,-0.0034843639740526483,0.0006973354776921015,-0.00418169945174475,0.016660881547250227,0.026778724276456223,11,357.8428553831306,SUCCESS,,False
603022,CLOSE_TO_CLOSE,810,-0.06039910910604861,0.26398607560679366,-0.2468527444410407,0.004555820755497243,0.0026139745727106756,0.0019418461827865677,0.055148365381023585,0.027136727063433064,11,370.1714918461957,SUCCESS,,False
603022,OVERNIGHT,810,0.009689014018312144,0.0480597981266753,-0.0997153462497427,0.0029755787722202318,0.0025584132746538507,0.00041716549756638105,-0.04264483344245596,0.0556562717679705,11,370.1714918461957,SUCCESS,,False
603022,INTRADAY,810,-0.06441998514386188,0.2182302989687316,-0.14722662842697612,0.0015738872215329616,3.724359926864096e-05,0.0015366436222643207,0.0983001989870515,0.019326774556086446,11,370.1714918461957,SUCCESS,,False
603031,CLOSE_TO_CLOSE,993,0.04191689356452838,0.2162450583459972,-0.06786700972611888,-0.00012137922689897142,-0.0009881706483310104,0.000866791421432039,-0.07177850142388732,0.020524401920492208,11,535.9698449872532,SUCCESS,,False
603031,OVERNIGHT,993,-0.0433922568235982,0.1175519210658703,-0.12314810166349423,0.00492744545798795,0.001189280648886612,0.0037381648091013384,-0.045149066679331065,0.04307972933177795,11,535.9698449872532,SUCCESS,,False
603031,INTRADAY,993,0.09333814624592644,0.09574555135577706,0.054402111451059346,-0.0049832591464064255,-0.0021378827553869204,-0.002845376391019505,-0.025236304648144806,0.010043710724497057,11,535.9698449872532,SUCCESS,,False
603083,CLOSE_TO_CLOSE,946,0.07860859723964754,-0.08709154976238687,-0.056501442476132,0.004214445008103855,0.0025222784113798635,0.0016921665967239916,0.00027189571705173794,0.026635618163383112,11,324.2384779817661,SUCCESS,,False
603083,OVERNIGHT,946,-0.10202393711672568,-0.09350679821324122,-0.11185005691938305,0.004549838138379114,0.0027768251950366224,0.0017730129433424918,-0.017854101692019828,0.08470113767993792,11,324.2384779817661,SUCCESS,,False
603083,INTRADAY,946,0.18396292342339673,0.005196624126497339,0.05601246789137903,-0.0002948996780499265,-0.00020823387711514652,-8.666580093477996e-05,0.017017142346412995,0.015369703985321115,11,324.2384779817661,SUCCESS,,False
603085,CLOSE_TO_CLOSE,1584,0.1335462325823214,-0.5394443025619703,0.23636137812115038,0.0037466745212197117,0.0004534401277847544,0.0032932343934349573,-0.027450729427155665,0.03321167750438281,11,348.5091054722854,SUCCESS,,False
603085,OVERNIGHT,1584,-0.002605160768015639,-0.3205642945400701,0.07832152589851829,0.005021603989352398,0.0025347332934784264,0.0024868706958739717,0.07408042223930178,0.0851433724645495,11,348.5091054722854,SUCCESS,,False
603085,INTRADAY,1584,0.13797229611558515,-0.2150439835936303,0.15749363531541127,-0.0013390765674241648,-0.002054465626732338,0.0007153890593081733,-0.10129122380078709,0.027011526710801093,11,348.5091054722854,SUCCESS,,False
603099,CLOSE_TO_CLOSE,907,0.16221470356653694,-0.4382520223915094,0.042782113111814124,0.004437589988236571,0.0047893686911116215,-0.00035177870287505034,0.0737039190259223,0.04536381247274268,11,459.32381782274445,SUCCESS,,False
603099,OVERNIGHT,907,-0.14762861389000492,-0.318344036292836,-0.029200227359570056,0.004733424034413496,0.004856488666854959,-0.0001230646324414629,0.06096087453339745,0.1902678500678805,11,459.32381782274445,SUCCESS,,False
603099,INTRADAY,907,0.31143341531827057,-0.12446113579458316,0.07321845277478661,-0.00027041392105023494,-1.1504934688925939e-05,-0.000258908986361309,0.011818146605773454,0.008497536163663333,11,459.32381782274445,SUCCESS,,False
603101,CLOSE_TO_CLOSE,989,0.08661102474277001,-0.0003753277849211199,-0.13205307808026936,0.005564382137645291,0.0022988234559647575,0.003265558681680533,-0.07477841779071348,0.06630141259367683,11,361.1139655265522,SUCCESS,,False
603101,OVERNIGHT,989,0.01895582712316339,-0.1956458549619897,-0.07087814365799991,0.004971776148910992,0.0036092040466711717,0.0013625721022398202,-0.01627591664000241,0.13039204308415164,11,361.1139655265522,SUCCESS,,False
603101,INTRADAY,989,0.07034320370838891,0.19584978671869327,-0.06397757273363706,0.0006147980059767119,-0.001270543134205928,0.0018853411401826398,-0.0594684355144413,0.03714091011426057,11,361.1139655265522,SUCCESS,,False
603103,CLOSE_TO_CLOSE,1060,0.02630795377064477,0.522169000683894,-0.48878753115886453,0.0015153997902620994,-0.00017367251703689912,0.0016890723072989985,0.09298458993206261,0.017452163142607446,11,369.82894878691616,SUCCESS,,False
603103,OVERNIGHT,1060,-0.12152077302426406,-0.05666447394451429,-0.02531464433801289,0.003491817150428461,0.0014480989739377274,0.0020437181764907334,0.04468848539931747,0.0544729874381078,11,369.82894878691616,SUCCESS,,False
603103,INTRADAY,1060,0.14843077289899045,0.5694563612276488,-0.45717038772225205,-0.002061387362030844,-0.0015529926723012108,-0.0005083946897296333,0.04892174422650163,0.014907571490120008,11,369.82894878691616,SUCCESS,,False
603106,CLOSE_TO_CLOSE,961,0.13042301179493632,-0.47738276008709035,0.07415182004563814,0.002540061310473768,0.002637874725673617,-9.781341519984887e-05,0.031370255971103544,0.04200923602767859,11,446.47542234338107,SUCCESS,,False
603106,OVERNIGHT,961,-0.07781505322019958,-0.29724302506129996,-0.09894985295165973,0.005407090506550576,0.004328456853984419,0.0010786336525661563,0.08219177545637167,0.2901296116180324,11,446.47542234338107,SUCCESS,,False
603106,INTRADAY,961,0.21795087314557904,-0.17143121904885314,0.16480877405706207,-0.0027859664966064044,-0.0015476407614870083,-0.001238325735119396,-0.050387194565122126,0.0350073609542515,11,446.47542234338107,SUCCESS,,False
603111,CLOSE_TO_CLOSE,1075,0.035818880862340335,0.30770998180460396,-0.2135475201969671,0.0015980057701232842,0.0007645322095330698,0.0008334735605902144,0.029521665080602274,0.029197109337846583,11,384.4284916116815,SUCCESS,,False
603111,OVERNIGHT,1075,0.002627344831341742,-0.25424967349926164,0.04673690002511863,0.003821635166260365,0.0016779868008276778,0.0021436483654326873,0.1856689106502923,0.17916115004533362,11,384.4284916116815,SUCCESS,,False
603111,INTRADAY,1075,0.03543664475367206,0.5364549326679228,-0.2503645628441651,-0.0025953293011729966,-0.0009423039254940202,-0.0016530253756789764,-0.1425262982334608,0.04828811517678888,11,384.4284916116815,SUCCESS,,False
603123,CLOSE_TO_CLOSE,993,-0.013725910074380702,-0.1636141095573406,0.04479289250361091,0.0010242961999490235,0.0021926068215707695,-0.001168310621621746,0.019862465009870885,0.01847069866269735,11,477.6436429816647,SUCCESS,,False
603123,OVERNIGHT,993,-0.2589758325404085,-0.14540233410503017,-0.0204264366240192,0.003259330140577843,0.0031014747840027897,0.00015785535657505349,0.03158985844350946,0.07882070740245917,11,477.6436429816647,SUCCESS,,False
603123,INTRADAY,993,0.25094135001305784,-0.021212916935453976,0.06759863908375942,-0.0022993410365579805,-0.0009272957989997031,-0.0013720452375582774,-0.009784598602067393,0.007625447898945259,11,477.6436429816647,SUCCESS,,False
603138,CLOSE_TO_CLOSE,1002,0.08045409636280254,-0.15915280445060567,-0.017436664564426663,0.0014353650738998386,0.001901271976223473,-0.0004659069023236345,-0.11509449378949704,0.012879750084336727,11,385.6647687737831,SUCCESS,,False
603138,OVERNIGHT,1002,-0.05162296414148065,-0.06032351109784103,-0.11324983361271491,0.0037512292229896146,0.0018195573125671105,0.0019316719104225041,-0.0367854720727403,0.04782716788359054,11,385.6647687737831,SUCCESS,,False
603138,INTRADAY,1002,0.1352742847553701,-0.10157145403318403,0.09995636777479124,-0.002564753514548823,3.025777843268518e-05,-0.0025950112929815083,-0.07778172459390598,0.012222490906918404,11,385.6647687737831,SUCCESS,,False
603169,CLOSE_TO_CLOSE,1584,0.11100341298066979,-0.12777523663480586,-0.042331584502003486,0.0010738590851229234,0.0006665469402816074,0.000407312144841316,0.07509087639645468,0.020623869059552935,11,371.5333558543068,SUCCESS,,False
603169,OVERNIGHT,1584,0.010673551004752048,-0.17063462676328237,-0.16167654673343532,0.004670600406145933,0.0038259291842592247,0.0008446712218867086,0.04681496533283838,0.14424890486824649,11,371.5333558543068,SUCCESS,,False
603169,INTRADAY,1584,0.10433538757710917,0.04165158230307558,0.12157102249418197,-0.0036848414648768674,-0.003201201314899635,-0.0004836401499772325,0.02960920318812584,0.01824448094250164,11,371.5333558543068,SUCCESS,,False
603177,CLOSE_TO_CLOSE,1312,0.12156035991246382,-0.27053904275595736,-0.02120999769863477,0.003351277415126752,0.002009842026387487,0.001341435388739265,0.11204662427292646,0.03720284042342803,11,387.20357429655195,SUCCESS,,False
603177,OVERNIGHT,1312,0.07894148172639755,-0.2140207113206689,-0.0787147110183544,0.0028439980736961884,0.0038380443385947066,-0.0009940462648985182,0.15016769436233965,0.22415178979806483,11,387.20357429655195,SUCCESS,,False
603177,INTRADAY,1312,0.047692594669952446,-0.050067499391987166,0.055411446485051336,0.0005287935577288983,-0.0018051894699698985,0.002333983027698797,-0.040237714873766484,0.013607434455894296,11,387.20357429655195,SUCCESS,,False
603222,CLOSE_TO_CLOSE,776,0.02554011379953466,-0.05736680915895725,0.05677129462901694,0.0005953910202639578,-0.0002981197643106004,0.0008935107845745582,-0.00689374550843871,0.021944179256174312,11,382.48290829929584,SUCCESS,,False
603222,OVERNIGHT,776,0.03695009366014384,-0.32883898626308605,0.0533594176867181,0.003926899070198914,0.0018028667368329143,0.0021240323333659994,-0.020338183266546,0.1345640993664733,11,382.48290829929584,SUCCESS,,False
603222,INTRADAY,776,-0.007221204315716234,0.28213646585539065,-0.0007880157830666382,-0.0033911907080815054,-0.0021265329893850465,-0.0012646577186964589,0.014957262486085119,0.01464655087095712,11,382.48290829929584,SUCCESS,,False
603313,CLOSE_TO_CLOSE,845,-0.1710947409539392,-0.011973540725609185,-0.08904623752047515,-0.004024255911360464,0.004426407087453857,-0.00845066299881432,0.1731718640457641,0.02743476679291912,11,346.48498216093566,SUCCESS,,True
603313,OVERNIGHT,845,-0.035060169366234024,-0.36931612355615906,0.22671022505860075,0.0006397362648063523,0.0028720057658730425,-0.00223226950106669,-0.046958666758769,0.045678052558506876,11,346.48498216093566,SUCCESS,,False
603313,INTRADAY,845,-0.136249203039154,0.34394876267895397,-0.3049764324729789,-0.004572141388811041,0.0017379295361189262,-0.006310070924929967,0.21550644487437196,0.018676007666327377,11,346.48498216093566,SUCCESS,,False
603316,CLOSE_TO_CLOSE,1023,0.12293902651755008,-0.18319751540293597,0.04700677422058147,0.0027067001195717963,0.002110497118916352,0.0005962030006554445,0.006542746838992768,0.03385519705135964,11,343.47533012702746,SUCCESS,,False
603316,OVERNIGHT,1023,0.16560445777306487,-0.28689087097152344,0.07434523301371708,0.0011894268883448147,0.00086360027858505,0.0003258266097597648,0.03293307933750897,0.10192647558905943,11,343.47533012702746,SUCCESS,,False
603316,INTRADAY,1023,-0.03590799481569883,0.10495832082713051,-0.024902234267981313,0.0015095928958655368,0.001212430860613841,0.0002971620352516958,-0.029527126269935193,0.011608935061435788,11,343.47533012702746,SUCCESS,,False
603333,CLOSE_TO_CLOSE,854,-0.010732712353642279,0.050098688183750836,-0.15823361440704614,0.005152188472967306,0.003434254506112927,0.0017179339668543792,-0.045795068913470405,0.059718595539077435,11,466.3551989961547,SUCCESS,,False
603333,OVERNIGHT,854,-0.04852171256996631,-0.12731473470186347,-0.06622788100734572,0.004577957998142479,0.0019084187587609241,0.002669539239381555,0.01884186836016061,0.230804702548842,11,466.3551989961547,SUCCESS,,False
603333,INTRADAY,854,0.04281256156056058,0.18153901618353138,-0.09313722922310544,0.0005692155504176781,0.0015378870119411442,-0.0009686714615234661,-0.06529893898157033,0.021420399540753476,11,466.3551989961547,SUCCESS,,False
603335,CLOSE_TO_CLOSE,1022,0.13518227216666162,-0.41944362544163105,0.1814631108163537,0.001880066070424652,7.277022049069493e-05,0.001807295849933957,0.029484313445594386,0.03296268728311824,11,281.921709601694,SUCCESS,,False
603335,OVERNIGHT,1022,0.018289279854778302,-0.4806908490093098,0.10044782947866386,0.004060471076049357,0.004102944383470253,-4.24733074208955e-05,0.048777237315184824,0.16878322052634442,11,281.921709601694,SUCCESS,,False
603335,INTRADAY,1022,0.1230656255872701,0.06425808943234437,0.08179151615163094,-0.002200307243411092,-0.004014291969098284,0.001813984725687192,-0.021849467199598294,0.03320917151968905,11,281.921709601694,SUCCESS,,False
603399,CLOSE_TO_CLOSE,793,0.1739905372177652,-0.1891472758716308,-0.10132792723284594,0.003744795951581786,0.0022694354969261116,0.0014753604546556744,0.05280444919204804,0.04448524694067346,11,347.96374051771994,SUCCESS,,False
603399,OVERNIGHT,793,-0.07286443672692357,-0.12165830459091438,-0.13838505206835156,0.005016893983986512,0.003450164635092734,0.0015667293488937778,0.03131423509218133,0.13544648599881948,11,347.96374051771994,SUCCESS,,False
603399,INTRADAY,793,0.25124195879762595,-0.06205849356273573,0.03200144313994583,-0.0012862538112714678,-0.0010325677737641203,-0.0002536860375073474,0.020857063411955968,0.016604448789498183,11,347.96374051771994,SUCCESS,,False
603598,CLOSE_TO_CLOSE,1584,0.17590262316861696,-0.38610410974113374,0.17811424607292267,0.001847805019826251,0.0003588135143793511,0.0014889915054468999,0.07057325040407791,0.05995006460447472,11,363.5012195798766,SUCCESS,,False
603598,OVERNIGHT,1584,-0.10826362506417316,-0.4727076978375843,0.10601636398322241,0.00458099880459914,0.0033727397648797702,0.0012082590397193699,0.05393198957187462,0.1988501401293673,11,363.5012195798766,SUCCESS,,False
603598,INTRADAY,1584,0.2875324576915676,0.08774520086926661,0.07201097404198172,-0.0027910999187877802,-0.002945213610861988,0.00015411369207420783,0.016745121124306105,0.013731836840947587,11,363.5012195798766,SUCCESS,,False
603616,CLOSE_TO_CLOSE,829,0.012914131621003085,0.6935810816641592,-0.3619034890740257,0.0010317023419794819,4.716928225492745e-05,0.0009845330597245544,-0.035193957115195636,0.05402201983835153,11,364.16775971847505,SUCCESS,,False
603616,OVERNIGHT,829,0.15989957722545384,0.014449577750290711,-0.18609431250527045,0.0061529752162496065,0.0023034115728928772,0.0038495636433567293,-0.004174370705790427,0.20376522666437857,11,364.16775971847505,SUCCESS,,False
603616,INTRADAY,829,-0.14515508660195664,0.6913812962440334,-0.1854459754754703,-0.0053606100496112665,-0.0021438942419001288,-0.0032167158077111378,-0.03339361554733047,0.04161515403705307,11,364.16775971847505,SUCCESS,,False
603626,CLOSE_TO_CLOSE,1052,-0.04460483209215057,0.27376723630805566,-0.11385916572749206,-0.0013433325412465502,-0.0011009726485633614,-0.0002423598926831888,0.012312376856838989,0.01719209087832707,11,323.3976057094257,SUCCESS,,False
603626,OVERNIGHT,1052,-0.00016105311071848744,0.10257200404292038,-0.1021707652243788,0.0018184936118883785,0.0007327562349326699,0.0010857373769557086,0.009009385266038158,0.03841173372235751,11,323.3976057094257,SUCCESS,,False
603626,INTRADAY,1052,-0.041892869464769354,0.1687773312543745,-0.010741500621294484,-0.003110576518646671,-0.0018467524761048432,-0.001263824042541828,0.0020029401234408512,0.01565317115681164,11,323.3976057094257,SUCCESS,,False
603660,CLOSE_TO_CLOSE,1005,0.1482674636062916,-0.042817697073765724,-0.08057200954572002,0.0026227143412405514,0.0006373502701483708,0.0019853640710921806,0.10602358011825676,0.03420440388993984,11,314.72281304597897,SUCCESS,,False
603660,OVERNIGHT,1005,0.16558270124019187,-0.11399039745546574,-0.0919463229391146,0.004343497428299934,0.0028095398499784346,0.001533957578321499,0.0618898930162303,0.12039945185901058,11,314.72281304597897,SUCCESS,,False
603660,INTRADAY,1005,-0.01309913247961137,0.06882044990916401,0.012380521183651592,-0.0017428962659550053,-0.0021455044319054553,0.00040260816595045004,0.04325128198011883,0.009301232259551706,11,314.72281304597897,SUCCESS,,False
603665,CLOSE_TO_CLOSE,1441,0.07406462070300954,0.2174915906411323,-0.18747728717513887,0.0005956750184010016,0.0009169145731927428,-0.00032123955479174127,0.10240218984209684,0.0409257784721615,11,319.339142889121,SUCCESS,,False
603665,OVERNIGHT,1441,-0.033473323633843054,-0.13083549773350805,-0.14313488632133264,0.0040234787267403455,0.0030738294195811755,0.00094964930715917,0.08695953364892478,0.15621647830058782,11,319.339142889121,SUCCESS,,False
603665,INTRADAY,1441,0.1156706444841373,0.35276693679905113,-0.044251961561359784,-0.0035157595486706994,-0.002118189674120141,-0.0013975698745505583,0.016864970531525844,0.018694023868827125,11,319.339142889121,SUCCESS,,False
603666,CLOSE_TO_CLOSE,996,-0.010647137681599082,-0.37105487744976995,-0.031092999336457303,0.0029232519997870257,0.004512382037065027,-0.0015891300372780012,-0.007254207899172049,0.03070174056262376,11,398.2076573254068,SUCCESS,,False
603666,OVERNIGHT,996,0.000648827144364357,-0.2293243617750808,-0.0356819009564926,0.002981323315210758,0.0026576897834425933,0.0003236335317681645,0.06994026893480736,0.0793340403227768,11,398.2076573254068,SUCCESS,,False
603666,INTRADAY,996,-0.0042287630726103925,-0.15953438220659125,0.011696318321073172,-4.790701385891383e-05,0.0018629329798288408,-0.0019108399936877546,-0.07415530712257302,0.022849865033465866,11,398.2076573254068,SUCCESS,,False
603669,CLOSE_TO_CLOSE,1001,0.07246460133861468,0.30205807220618464,-0.35213812668738315,0.0055446359691479485,0.0008108230769522662,0.004733812892195682,0.014167146946445037,0.06095548852541133,11,361.31509782659145,SUCCESS,,False
603669,OVERNIGHT,1001,0.006888324643893552,-0.22227931163938605,-0.011031868392447556,0.006395772417314899,0.002691715964473082,0.003704056452841817,0.0888615576690018,0.23057979136159035,11,361.31509782659145,SUCCESS,,False
603669,INTRADAY,1001,0.06957953031441766,0.5367537239679914,-0.3467351777370219,-0.0008226456527694812,-0.0018601718619576102,0.001037526209188129,-0.07762553995149672,0.021737844638333725,11,361.31509782659145,SUCCESS,,False
603716,CLOSE_TO_CLOSE,1496,0.06859087535519,-0.5680095242689135,0.1252372448222695,0.0029979928630544522,0.004042818822192262,-0.00104482595913781,0.006474173978968432,0.032192076061430375,11,414.1428690637837,SUCCESS,,False
603716,OVERNIGHT,1496,-0.16676739485891492,-0.3872771594405408,0.015793421395521402,0.004132596532398766,0.003676001159072906,0.0004565953733258604,0.007283780116592637,0.1199392055980596,11,414.1428690637837,SUCCESS,,False
603716,INTRADAY,1496,0.24155721529938085,-0.19294122963901006,0.11532295468645964,-0.0011678801657047525,0.0004223396709166459,-0.0015902198366213984,-0.0010841824289485335,0.005684215227596989,11,414.1428690637837,SUCCESS,,False
603717,CLOSE_TO_CLOSE,1584,0.06827730752599297,-0.21740393289498447,0.07393507593015687,0.0017534072797121408,0.0002991585534801583,0.0014542487262319825,0.05774067383697993,0.02408886003173505,11,358.2009584797586,SUCCESS,,False
603717,OVERNIGHT,1584,-0.016021773343195034,-0.3936651274601893,0.14763103351650028,0.001726190615953329,0.0008859200732562189,0.0008402705426971101,0.1136264349220218,0.20288598184114914,11,358.2009584797586,SUCCESS,,False
603717,INTRADAY,1584,0.08616614615181695,0.16744041035484863,-0.0658325733169778,-1.0147253112831323e-05,-0.0005099061658802792,0.0004997589127674479,-0.05701287017207449,0.013062010666420099,11,358.2009584797586,SUCCESS,,False
603797,CLOSE_TO_CLOSE,772,-0.02322717646989334,0.07450271848324552,-0.059086036313953295,-0.0025524520084613256,0.00030151130160219197,-0.0028539633100635176,-0.03545288024567765,0.026961204759812785,11,456.2876729047304,SUCCESS,,False
603797,OVERNIGHT,772,-0.034075518518374794,0.20700034031661332,-0.16052292612568897,0.0013670758180548692,0.003912797527136878,-0.002545721709082009,-0.02417166961380598,0.25324643777092837,11,456.2876729047304,SUCCESS,,False
603797,INTRADAY,772,0.009943543329043581,-0.12284492388142884,0.09398685296516472,-0.003921700143586199,-0.0034358948406658374,-0.0004858053029203613,-0.012153524317483531,0.044111768520700756,11,456.2876729047304,SUCCESS,,False
603803,CLOSE_TO_CLOSE,779,0.15728573711362048,-0.1511865099886902,0.006774978115597734,0.0011049757339696153,-0.0001246721148494001,0.0012296478488190155,0.06561279149671509,0.045222400728000434,11,423.36802320855213,SUCCESS,,False
603803,OVERNIGHT,779,-0.06979996773113549,-0.44426938675417404,0.19361547046583913,0.0001906790938651648,0.0002553639131281371,-6.468481926297232e-05,0.05864008890290517,0.12800670677176973,11,423.36802320855213,SUCCESS,,False
603803,INTRADAY,779,0.2358759707448741,0.27029160985046835,-0.16893290684403012,0.000818745213040567,-0.0003483355282261069,0.001167080741266674,0.006965891406937187,0.021935489414228515,11,423.36802320855213,SUCCESS,,False
603818,CLOSE_TO_CLOSE,1168,-0.05783204348847701,0.15652724434315074,-0.010344224182821899,-0.002484815863769814,-0.0007946761232858479,-0.001690139740483966,-0.021349782486783778,0.009724490051099988,11,259.3557183629418,SUCCESS,,False
603818,OVERNIGHT,1168,0.029648498132262686,-0.06041438528568127,-0.06998569856478315,0.0028401193794282825,0.002398805056010346,0.00044131432341793647,0.036883398471866044,0.05808708358659931,11,259.3557183629418,SUCCESS,,False
603818,INTRADAY,1168,-0.08221348482722349,0.20401918581493358,0.0690364805572295,-0.005473222440810714,-0.0032255306542618746,-0.0022476917865488395,-0.054304849985538535,0.018483787883821767,11,259.3557183629418,SUCCESS,,False
603826,CLOSE_TO_CLOSE,1061,0.07556688377377169,0.185796035921851,-0.2458183099283805,-0.001398016395422641,0.001517603187100175,-0.002915619582522816,-0.09266605969662886,0.011213959699544196,11,467.35009067652027,SUCCESS,,False
603826,OVERNIGHT,1061,0.02480476087183388,0.11513006211376817,-0.07279820923112258,-0.0001773469897306864,0.0009091760264653276,-0.001086523016196014,-0.09505380414396764,0.053682289766375235,11,467.35009067652027,SUCCESS,,False
603826,INTRADAY,1061,0.053321400569505316,0.07048208894695104,-0.1718811639433399,-0.0012471893377015326,0.0006319183577412901,-0.0018791076954428228,0.0003862926413115068,0.008664395685700654,11,467.35009067652027,SUCCESS,,False
603887,CLOSE_TO_CLOSE,793,0.03196985810959189,-0.1169678561370022,0.05185563302209731,-0.00043062663873558865,-0.0006435553777366515,0.00021292873900106285,0.05282175773537025,0.019172931526779013,11,429.8351277049603,SUCCESS,,False
603887,OVERNIGHT,793,-0.04246064685068744,0.007798972175370655,-0.13074505577728246,0.001991784990056783,0.002819517459380416,-0.0008277324693236332,0.03495000284570389,0.1446088855322658,11,429.8351277049603,SUCCESS,,False
603887,INTRADAY,793,0.07732406538336345,-0.12442066587093888,0.18256779903378142,-0.00245861118704864,-0.0034506102509181402,0.0009919990638695003,0.016796577379267583,0.02230981226723705,11,429.8351277049603,SUCCESS,,False
603895,CLOSE_TO_CLOSE,992,0.07222325961065026,-0.21337239242333503,0.006791463635934907,0.003261345596963443,0.001733355053672534,0.0015279905432909087,0.11736348023976288,0.03545177616355788,11,366.0903444346298,SUCCESS,,False
603895,OVERNIGHT,992,0.035670647499040496,-0.4290728038432866,0.09443640173807569,0.00522166276910763,0.0024614812078479625,0.0027601815612596677,0.07859673863805487,0.10540152439301465,11,366.0903444346298,SUCCESS,,False
603895,INTRADAY,992,0.04053408798621945,0.2335576187111797,-0.10032976242498484,-0.0020320845424087845,-0.0005440370927766586,-0.001488047449632126,0.04418422428530261,0.010404761153014475,11,366.0903444346298,SUCCESS,,False
603906,CLOSE_TO_CLOSE,939,0.08532774269352031,-0.184378955550645,-0.023522760836037403,0.001896388449697764,0.0012603697804771663,0.0006360186692205977,0.030312922891747997,0.0271798873466903,11,361.7167660836878,SUCCESS,,False
603906,OVERNIGHT,939,0.06528447647187183,-0.32379252084623666,-0.0472798506469977,0.004421028820107725,0.002740009203963001,0.0016810196161447244,0.042071157212899044,0.13153381472693948,11,361.7167660836878,SUCCESS,,False
603906,INTRADAY,939,0.023243991289565984,0.13129346166644518,0.030228784604133745,-0.0025437976070285563,-0.0015388924912484998,-0.0010049051157800565,-0.010643587981609484,0.012318465225986674,11,361.7167660836878,SUCCESS,,False
603958,CLOSE_TO_CLOSE,832,0.08934168566058646,0.10713851030978573,-0.060382667983047936,0.0006739234110311465,-0.00043130528479588814,0.0011052286958270346,0.08558926456445973,0.05124181238187275,11,358.06463505240566,SUCCESS,,False
603958,OVERNIGHT,832,0.12249236685462425,0.05774897891572555,-0.15455635566229414,0.004358366394800067,0.002494026097683559,0.0018643402971165075,0.02348921663671878,0.2249791000920902,11,358.06463505240566,SUCCESS,,False
603958,INTRADAY,832,-0.030742363018828742,0.05626854714574203,0.09260380117237704,-0.003728937356140813,-0.0029941160227370534,-0.0007348213334037595,0.06207573426914428,0.02586669601480973,11,358.06463505240566,SUCCESS,,False
603978,CLOSE_TO_CLOSE,1510,0.13252966638001912,-0.21101853700844755,0.015472851295412742,0.0035275556272899994,-0.00023285010826462615,0.0037604057355546255,-0.009676862473152898,0.019626311086340276,11,347.07456880520454,SUCCESS,,False
603978,OVERNIGHT,1510,0.06635904364611658,-0.23650700061378746,0.02931312767202669,0.0038829827842632864,0.0007354046957921689,0.0031475780884711174,-0.015297960632848783,0.09679779480964901,11,347.07456880520454,SUCCESS,,False
603978,INTRADAY,1510,0.07091430846763704,0.020166910393311817,-0.011051718042403277,-0.00043489371042378794,-0.0009396898763760694,0.0005047961659522815,0.0043923469878231515,0.007043792200179144,11,347.07456880520454,SUCCESS,,False
603982,CLOSE_TO_CLOSE,989,-0.08792942374012437,-0.06861194867552545,-0.14053335814906193,0.0002874311389101103,0.0019379260508241847,-0.0016504949119140744,-0.014144257810478518,0.025665705560751872,11,294.90133068462336,SUCCESS,,False
603982,OVERNIGHT,989,-0.015934216912278094,0.14149653957034114,-0.17859641380835842,0.0017220321047895816,0.0026619394329576787,-0.0009399073281680971,0.010319426023975016,0.07794698958448243,11,294.90133068462336,SUCCESS,,False
603982,INTRADAY,989,-0.0722288996964605,-0.21223148342009246,0.03726591209423297,-0.0014480395013386493,-0.0006939458919963393,-0.0007540936093423101,-0.02407087587000546,0.02140418977756986,11,294.90133068462336,SUCCESS,,False
603990,CLOSE_TO_CLOSE,756,0.11127337284532587,-0.07080475976697297,-0.10122471032278228,0.001527059712981449,0.0006325710960386546,0.0008944886169427943,-0.018132809361816646,0.01357684335073095,11,370.8288229716258,SUCCESS,,False
603990,OVERNIGHT,756,0.022218957799816447,-0.2626524458706699,0.09772988179630693,0.002227691580578433,0.0017386985338940994,0.0004889930466843335,0.0756326519262274,0.08919150935059195,11,370.8288229716258,SUCCESS,,False
603990,INTRADAY,756,0.09451186934361014,0.21050599758285013,-0.22502959612085263,-0.0008405083267393277,-0.0010016641143658304,0.0001611557876265027,-0.09246816726990684,0.026792415037736106,11,370.8288229716258,SUCCESS,,False
603991,CLOSE_TO_CLOSE,1130,0.14123741515112298,0.20196916324142253,-0.059454028193102006,-9.124529737137427e-05,-3.420924110593415e-05,-5.7036056265440116e-05,0.010143316705601495,0.026328583943346695,11,448.98509618871725,SUCCESS,,False
603991,OVERNIGHT,1130,0.12324114757433176,-0.10881526649624695,-0.020850163517407986,0.0012499694438762449,0.0012946323248716474,-4.46628809954025e-05,0.02663832461095288,0.03957795441984335,11,448.98509618871725,SUCCESS,,False
603991,INTRADAY,1130,0.02987551061176355,0.3090481670908701,-0.04191908377870962,-0.0012302498606677264,-0.0012570342207849465,2.678436011722008e-05,-0.015057909187479214,0.023703315772332312,11,448.98509618871725,SUCCESS,,False
603997,CLOSE_TO_CLOSE,1131,0.02990971744996183,0.11576513930335973,0.0016969067666677698,-0.000187181314982722,0.0010041938225815727,-0.0011913751375642948,0.06287852179868643,0.011497696034799332,11,395.1161518770989,SUCCESS,,False
603997,OVERNIGHT,1131,-0.03583928149250057,0.29950967958958225,-0.36891629716585006,0.0034313590906785633,0.0028194224904830928,0.0006119366001954706,-0.03513613411288025,0.04273610614428058,11,395.1161518770989,SUCCESS,,False
603997,INTRADAY,1131,0.06764402334858856,-0.1733319187326504,0.36332057710578936,-0.003877080135266456,-0.0017436806497100749,-0.002133399485556381,0.1016504997967713,0.012405888977544799,11,395.1161518770989,SUCCESS,,False
605055,CLOSE_TO_CLOSE,781,-0.010139617296158681,-0.2784383300047375,-0.020933410458135196,0.002909176846003142,0.004001918662574544,-0.001092741816571402,0.06433212608146739,0.09379150103944267,11,319.67005965095336,SUCCESS,,False
605055,OVERNIGHT,781,-0.014392935237575545,0.15054424060689114,-0.15806362085828624,0.002736691945846951,0.0017570017306104426,0.0009796902152365084,0.05571210876821527,0.2556061780948039,11,319.67005965095336,SUCCESS,,False
605055,INTRADAY,781,0.006904114098359653,-0.43209337531557407,0.13818512411569955,0.0001997548299862706,0.0022484654119579173,-0.0020487105819716467,0.006910342891784234,0.03493746952601606,11,319.67005965095336,SUCCESS,,False
605069,CLOSE_TO_CLOSE,970,0.03725331103898028,-0.04624984879237205,-0.14081191142233634,0.0034019648120299437,0.003598185924865216,-0.00019622111283527227,0.0284604935886399,0.047808583997876575,11,416.5926126267235,SUCCESS,,False
605069,OVERNIGHT,970,0.030496846592219174,-0.29614922325247833,-0.02741336344815349,0.0049592226730721944,0.0025869696511912066,0.002372253021880988,-0.001415853495321316,0.12018645349937895,11,416.5926126267235,SUCCESS,,False
605069,INTRADAY,970,0.010050889556222322,0.2572567458889643,-0.11671789435292497,-0.0016084132308278112,0.0010726981402479768,-0.002681111371075788,0.028652779936690142,0.02391900767378119,11,416.5926126267235,SUCCESS,,False
605178,CLOSE_TO_CLOSE,987,0.08096236418775815,-0.11563786221888235,-0.07468285867550462,0.005054177139492327,0.0033171082571286925,0.0017370688823636349,0.03125019975257154,0.05792749773586836,11,338.51786195661134,SUCCESS,,False
605178,OVERNIGHT,987,-0.09282746636994112,-0.20024993039957997,-0.0853955829118686,0.006474509555669028,0.003160738373138683,0.003313771182530345,-0.00777165193203836,0.2182689031908187,11,338.51786195661134,SUCCESS,,False
605178,INTRADAY,987,0.17799041867254337,0.08736971117066153,0.010511388778348028,-0.0014169718809538268,0.000235966119824918,-0.0016529380007787448,0.039327156944995556,0.02308144010028257,11,338.51786195661134,SUCCESS,,False
605303,CLOSE_TO_CLOSE,1024,0.17058880316140623,0.20222705631808524,-0.1457698692863682,0.0027863578387740395,0.00020255123538386044,0.002583806603390179,0.07668518089189133,0.07652400138781734,11,405.04871703880116,SUCCESS,,False
605303,OVERNIGHT,1024,0.09413982307724687,-0.16854576324576437,-0.021287629012377948,0.004111020495495513,0.002223785407211451,0.0018872350882840616,0.04447487077249833,0.1771159092523551,11,405.04871703880116,SUCCESS,,False
605303,INTRADAY,1024,0.08137726549895839,0.37472180556410056,-0.12808203483620662,-0.0012574253305843858,-0.001968088388346223,0.0007106630577618372,0.030618952933917455,0.02367458705280956,11,405.04871703880116,SUCCESS,,False
