variant,RETURN_STATE,horizon,row_type,valid_periods,mean_contrast,median_contrast,positive_share,direction_consistency,loo_sign_consistency,bootstrap_lower_90,bootstrap_upper_90,missing_periods,block_length,bootstrap_repetitions,bootstrap_seed,period_index,period_contrast,contrast_valid,sample_role,research_type,descriptive_only,alpha_claim_allowed,oos_claim_allowed,causal_claim_allowed,strategy_claim_allowed,execution_claim_allowed,D04_replication_claim_allowed,human_interpretation_required
normal_formation_return,LOW_RETURN,5,summary,5.0,-0.011138523939437373,-0.026965137080479786,0.4,0.6,1.0,-0.02787941406754374,0.005602366188668993,3|4|5|6|7|8|9|10|11|12|13|14|16|17|18|19|21|22|23|24|25|26|27|28|29|30|31|32|33|34|35|37|38|39|40|41|42|43|44|45|46|47|49|50|51|52|54|55|56,3.0,10000.0,20260721.0,,,,historical_seen,mechanism_diagnostic,True,False,False,False,False,False,False,True
normal_formation_return,LOW_RETURN,5,period,,,,,,,,,,,,,3.0,,False,historical_seen,mechanism_diagnostic,True,False,False,False,False,False,False,True
normal_formation_return,LOW_RETURN,5,period,,,,,,,,,,,,,4.0,,False,historical_seen,mechanism_diagnostic,True,False,False,False,False,False,False,True
normal_formation_return,LOW_RETURN,5,period,,,,,,,,,,,,,5.0,,False,historical_seen,mechanism_diagnostic,True,False,False,False,False,False,False,True
normal_formation_return,LOW_RETURN,5,period,,,,,,,,,,,,,6.0,,False,historical_seen,mechanism_diagnostic,True,False,False,False,False,False,False,True
normal_formation_return,LOW_RETURN,5,period,,,,,,,,,,,,,7.0,,False,historical_seen,mechanism_diagnostic,True,False,False,False,False,False,False,True
normal_formation_return,LOW_RETURN,5,period,,,,,,,,,,,,,8.0,,False,historical_seen,mechanism_diagnostic,True,False,False,False,False,False,False,True
normal_formation_return,LOW_RETURN,5,period,,,,,,,,,,,,,9.0,,False,historical_seen,mechanism_diagnostic,True,False,False,False,False,False,False,True
normal_formation_return,LOW_RETURN,5,period,,,,,,,,,,,,,10.0,,False,historical_seen,mechanism_diagnostic,True,False,False,False,False,False,False,True
normal_formation_return,LOW_RETURN,5,period,,,,,,,,,,,,,11.0,,False,historical_seen,mechanism_diagnostic,True,False,False,False,False,False,False,True
normal_formation_return,LOW_RETURN,5,period,,,,,,,,,,,,,12.0,,False,historical_seen,mechanism_diagnostic,True,False,False,False,False,False,False,True
normal_formation_return,LOW_RETURN,5,period,,,,,,,,,,,,,13.0,,False,historical_seen,mechanism_diagnostic,True,False,False,False,False,False,False,True
normal_formation_return,LOW_RETURN,5,period,,,,,,,,,,,,,14.0,,False,historical_seen,mechanism_diagnostic,True,False,False,False,False,False,False,True
normal_formation_return,LOW_RETURN,5,period,,,,,,,,,,,,,15.0,-0.03152562014428255,True,historical_seen,mechanism_diagnostic,True,False,False,False,False,False,False,True
normal_formation_return,LOW_RETURN,5,period,,,,,,,,,,,,,16.0,,False,historical_seen,mechanism_diagnostic,True,False,False,False,False,False,False,True
normal_formation_return,LOW_RETURN,5,period,,,,,,,,,,,,,17.0,,False,historical_seen,mechanism_diagnostic,True,False,False,False,False,False,False,True
normal_formation_return,LOW_RETURN,5,period,,,,,,,,,,,,,18.0,,False,historical_seen,mechanism_diagnostic,True,False,False,False,False,False,False,True
normal_formation_return,LOW_RETURN,5,period,,,,,,,,,,,,,19.0,,False,historical_seen,mechanism_diagnostic,True,False,False,False,False,False,False,True
normal_formation_return,LOW_RETURN,5,period,,,,,,,,,,,,,20.0,-0.026965137080479786,True,historical_seen,mechanism_diagnostic,True,False,False,False,False,False,False,True
normal_formation_return,LOW_RETURN,5,period,,,,,,,,,,,,,21.0,,False,historical_seen,mechanism_diagnostic,True,False,False,False,False,False,False,True
normal_formation_return,LOW_RETURN,5,period,,,,,,,,,,,,,22.0,,False,historical_seen,mechanism_diagnostic,True,False,False,False,False,False,False,True
normal_formation_return,LOW_RETURN,5,period,,,,,,,,,,,,,23.0,,False,historical_seen,mechanism_diagnostic,True,False,False,False,False,False,False,True
normal_formation_return,LOW_RETURN,5,period,,,,,,,,,,,,,24.0,,False,historical_seen,mechanism_diagnostic,True,False,False,False,False,False,False,True
normal_formation_return,LOW_RETURN,5,period,,,,,,,,,,,,,25.0,,False,historical_seen,mechanism_diagnostic,True,False,False,False,False,False,False,True
normal_formation_return,LOW_RETURN,5,period,,,,,,,,,,,,,26.0,,False,historical_seen,mechanism_diagnostic,True,False,False,False,False,False,False,True
normal_formation_return,LOW_RETURN,5,period,,,,,,,,,,,,,27.0,,False,historical_seen,mechanism_diagnostic,True,False,False,False,False,False,False,True
normal_formation_return,LOW_RETURN,5,period,,,,,,,,,,,,,28.0,,False,historical_seen,mechanism_diagnostic,True,False,False,False,False,False,False,True
normal_formation_return,LOW_RETURN,5,period,,,,,,,,,,,,,29.0,,False,historical_seen,mechanism_diagnostic,True,False,False,False,False,False,False,True
normal_formation_return,LOW_RETURN,5,period,,,,,,,,,,,,,30.0,,False,historical_seen,mechanism_diagnostic,True,False,False,False,False,False,False,True
normal_formation_return,LOW_RETURN,5,period,,,,,,,,,,,,,31.0,,False,historical_seen,mechanism_diagnostic,True,False,False,False,False,False,False,True
normal_formation_return,LOW_RETURN,5,period,,,,,,,,,,,,,32.0,,False,historical_seen,mechanism_diagnostic,True,False,False,False,False,False,False,True
normal_formation_return,LOW_RETURN,5,period,,,,,,,,,,,,,33.0,,False,historical_seen,mechanism_diagnostic,True,False,False,False,False,False,False,True
normal_formation_return,LOW_RETURN,5,period,,,,,,,,,,,,,34.0,,False,historical_seen,mechanism_diagnostic,True,False,False,False,False,False,False,True
normal_formation_return,LOW_RETURN,5,period,,,,,,,,,,,,,35.0,,False,historical_seen,mechanism_diagnostic,True,False,False,False,False,False,False,True
normal_formation_return,LOW_RETURN,5,period,,,,,,,,,,,,,36.0,-0.02697058801623828,True,historical_seen,mechanism_diagnostic,True,False,False,False,False,False,False,True
normal_formation_return,LOW_RETURN,5,period,,,,,,,,,,,,,37.0,,False,historical_seen,mechanism_diagnostic,True,False,False,False,False,False,False,True
normal_formation_return,LOW_RETURN,5,period,,,,,,,,,,,,,38.0,,False,historical_seen,mechanism_diagnostic,True,False,False,False,False,False,False,True
normal_formation_return,LOW_RETURN,5,period,,,,,,,,,,,,,39.0,,False,historical_seen,mechanism_diagnostic,True,False,False,False,False,False,False,True
normal_formation_return,LOW_RETURN,5,period,,,,,,,,,,,,,40.0,,False,historical_seen,mechanism_diagnostic,True,False,False,False,False,False,False,True
normal_formation_return,LOW_RETURN,5,period,,,,,,,,,,,,,41.0,,False,historical_seen,mechanism_diagnostic,True,False,False,False,False,False,False,True
normal_formation_return,LOW_RETURN,5,period,,,,,,,,,,,,,42.0,,False,historical_seen,mechanism_diagnostic,True,False,False,False,False,False,False,True
normal_formation_return,LOW_RETURN,5,period,,,,,,,,,,,,,43.0,,False,historical_seen,mechanism_diagnostic,True,False,False,False,False,False,False,True
normal_formation_return,LOW_RETURN,5,period,,,,,,,,,,,,,44.0,,False,historical_seen,mechanism_diagnostic,True,False,False,False,False,False,False,True
normal_formation_return,LOW_RETURN,5,period,,,,,,,,,,,,,45.0,,False,historical_seen,mechanism_diagnostic,True,False,False,False,False,False,False,True
normal_formation_return,LOW_RETURN,5,period,,,,,,,,,,,,,46.0,,False,historical_seen,mechanism_diagnostic,True,False,False,False,False,False,False,True
normal_formation_return,LOW_RETURN,5,period,,,,,,,,,,,,,47.0,,False,historical_seen,mechanism_diagnostic,True,False,False,False,False,False,False,True
normal_formation_return,LOW_RETURN,5,period,,,,,,,,,,,,,48.0,0.022130331121024097,True,historical_seen,mechanism_diagnostic,True,False,False,False,False,False,False,True
normal_formation_return,LOW_RETURN,5,period,,,,,,,,,,,,,49.0,,False,historical_seen,mechanism_diagnostic,True,False,False,False,False,False,False,True
normal_formation_return,LOW_RETURN,5,period,,,,,,,,,,,,,50.0,,False,historical_seen,mechanism_diagnostic,True,False,False,False,False,False,False,True
normal_formation_return,LOW_RETURN,5,period,,,,,,,,,,,,,51.0,,False,historical_seen,mechanism_diagnostic,True,False,False,False,False,False,False,True
normal_formation_return,LOW_RETURN,5,period,,,,,,,,,,,,,52.0,,False,historical_seen,mechanism_diagnostic,True,False,False,False,False,False,False,True
normal_formation_return,LOW_RETURN,5,period,,,,,,,,,,,,,53.0,0.007638394422789661,True,historical_seen,mechanism_diagnostic,True,False,False,False,False,False,False,True
normal_formation_return,LOW_RETURN,5,period,,,,,,,,,,,,,54.0,,False,historical_seen,mechanism_diagnostic,True,False,False,False,False,False,False,True
normal_formation_return,LOW_RETURN,5,period,,,,,,,,,,,,,55.0,,False,historical_seen,mechanism_diagnostic,True,False,False,False,False,False,False,True
normal_formation_return,LOW_RETURN,5,period,,,,,,,,,,,,,56.0,,False,historical_seen,mechanism_diagnostic,True,False,False,False,False,False,False,True
normal_formation_return,MID_RETURN,5,summary,15.0,0.00926251803823563,0.004994204764136027,0.5333333333333333,0.5333333333333333,1.0,-0.0030994874917003247,0.022033816528132875,3|7|10|11|12|13|14|16|18|19|21|22|24|25|26|27|29|30|31|32|33|34|35|37|38|40|41|42|43|44|45|46|47|49|50|52|54|55|56,3.0,10000.0,20260721.0,,,,historical_seen,mechanism_diagnostic,True,False,False,False,False,False,False,True
normal_formation_return,MID_RETURN,5,period,,,,,,,,,,,,,3.0,,False,historical_seen,mechanism_diagnostic,True,False,False,False,False,False,False,True
normal_formation_return,MID_RETURN,5,period,,,,,,,,,,,,,4.0,0.03726098878347315,True,historical_seen,mechanism_diagnostic,True,False,False,False,False,False,False,True
normal_formation_return,MID_RETURN,5,period,,,,,,,,,,,,,5.0,0.03450387263989056,True,historical_seen,mechanism_diagnostic,True,False,False,False,False,False,False,True
normal_formation_return,MID_RETURN,5,period,,,,,,,,,,,,,6.0,0.05062627099150953,True,historical_seen,mechanism_diagnostic,True,False,False,False,False,False,False,True
normal_formation_return,MID_RETURN,5,period,,,,,,,,,,,,,7.0,,False,historical_seen,mechanism_diagnostic,True,False,False,False,False,False,False,True
normal_formation_return,MID_RETURN,5,period,,,,,,,,,,,,,8.0,-0.006769514672718606,True,historical_seen,mechanism_diagnostic,True,False,False,False,False,False,False,True
normal_formation_return,MID_RETURN,5,period,,,,,,,,,,,,,9.0,0.033222891708827584,True,historical_seen,mechanism_diagnostic,True,False,False,False,False,False,False,True
normal_formation_return,MID_RETURN,5,period,,,,,,,,,,,,,10.0,,False,historical_seen,mechanism_diagnostic,True,False,False,False,False,False,False,True
normal_formation_return,MID_RETURN,5,period,,,,,,,,,,,,,11.0,,False,historical_seen,mechanism_diagnostic,True,False,False,False,False,False,False,True
normal_formation_return,MID_RETURN,5,period,,,,,,,,,,,,,12.0,,False,historical_seen,mechanism_diagnostic,True,False,False,False,False,False,False,True
normal_formation_return,MID_RETURN,5,period,,,,,,,,,,,,,13.0,,False,historical_seen,mechanism_diagnostic,True,False,False,False,False,False,False,True
normal_formation_return,MID_RETURN,5,period,,,,,,,,,,,,,14.0,,False,historical_seen,mechanism_diagnostic,True,False,False,False,False,False,False,True
normal_formation_return,MID_RETURN,5,period,,,,,,,,,,,,,15.0,-0.021721752233304446,True,historical_seen,mechanism_diagnostic,True,False,False,False,False,False,False,True
normal_formation_return,MID_RETURN,5,period,,,,,,,,,,,,,16.0,,False,historical_seen,mechanism_diagnostic,True,False,False,False,False,False,False,True
normal_formation_return,MID_RETURN,5,period,,,,,,,,,,,,,17.0,-0.01283748338186528,True,historical_seen,mechanism_diagnostic,True,False,False,False,False,False,False,True
normal_formation_return,MID_RETURN,5,period,,,,,,,,,,,,,18.0,,False,historical_seen,mechanism_diagnostic,True,False,False,False,False,False,False,True
normal_formation_return,MID_RETURN,5,period,,,,,,,,,,,,,19.0,,False,historical_seen,mechanism_diagnostic,True,False,False,False,False,False,False,True
normal_formation_return,MID_RETURN,5,period,,,,,,,,,,,,,20.0,-0.016638582417743415,True,historical_seen,mechanism_diagnostic,True,False,False,False,False,False,False,True
normal_formation_return,MID_RETURN,5,period,,,,,,,,,,,,,21.0,,False,historical_seen,mechanism_diagnostic,True,False,False,False,False,False,False,True
normal_formation_return,MID_RETURN,5,period,,,,,,,,,,,,,22.0,,False,historical_seen,mechanism_diagnostic,True,False,False,False,False,False,False,True
normal_formation_return,MID_RETURN,5,period,,,,,,,,,,,,,23.0,-0.0039141596699100644,True,historical_seen,mechanism_diagnostic,True,False,False,False,False,False,False,True
normal_formation_return,MID_RETURN,5,period,,,,,,,,,,,,,24.0,,False,historical_seen,mechanism_diagnostic,True,False,False,False,False,False,False,True
normal_formation_return,MID_RETURN,5,period,,,,,,,,,,,,,25.0,,False,historical_seen,mechanism_diagnostic,True,False,False,False,False,False,False,True
normal_formation_return,MID_RETURN,5,period,,,,,,,,,,,,,26.0,,False,historical_seen,mechanism_diagnostic,True,False,False,False,False,False,False,True
normal_formation_return,MID_RETURN,5,period,,,,,,,,,,,,,27.0,,False,historical_seen,mechanism_diagnostic,True,False,False,False,False,False,False,True
normal_formation_return,MID_RETURN,5,period,,,,,,,,,,,,,28.0,0.021800217162856135,True,historical_seen,mechanism_diagnostic,True,False,False,False,False,False,False,True
normal_formation_return,MID_RETURN,5,period,,,,,,,,,,,,,29.0,,False,historical_seen,mechanism_diagnostic,True,False,False,False,False,False,False,True
normal_formation_return,MID_RETURN,5,period,,,,,,,,,,,,,30.0,,False,historical_seen,mechanism_diagnostic,True,False,False,False,False,False,False,True
normal_formation_return,MID_RETURN,5,period,,,,,,,,,,,,,31.0,,False,historical_seen,mechanism_diagnostic,True,False,False,False,False,False,False,True
normal_formation_return,MID_RETURN,5,period,,,,,,,,,,,,,32.0,,False,historical_seen,mechanism_diagnostic,True,False,False,False,False,False,False,True
normal_formation_return,MID_RETURN,5,period,,,,,,,,,,,,,33.0,,False,historical_seen,mechanism_diagnostic,True,False,False,False,False,False,False,True
normal_formation_return,MID_RETURN,5,period,,,,,,,,,,,,,34.0,,False,historical_seen,mechanism_diagnostic,True,False,False,False,False,False,False,True
normal_formation_return,MID_RETURN,5,period,,,,,,,,,,,,,35.0,,False,historical_seen,mechanism_diagnostic,True,False,False,False,False,False,False,True
normal_formation_return,MID_RETURN,5,period,,,,,,,,,,,,,36.0,-0.02347912642996993,True,historical_seen,mechanism_diagnostic,True,False,False,False,False,False,False,True
normal_formation_return,MID_RETURN,5,period,,,,,,,,,,,,,37.0,,False,historical_seen,mechanism_diagnostic,True,False,False,False,False,False,False,True
normal_formation_return,MID_RETURN,5,period,,,,,,,,,,,,,38.0,,False,historical_seen,mechanism_diagnostic,True,False,False,False,False,False,False,True
normal_formation_return,MID_RETURN,5,period,,,,,,,,,,,,,39.0,-0.005545744890355333,True,historical_seen,mechanism_diagnostic,True,False,False,False,False,False,False,True
normal_formation_return,MID_RETURN,5,period,,,,,,,,,,,,,40.0,,False,historical_seen,mechanism_diagnostic,True,False,False,False,False,False,False,True
normal_formation_return,MID_RETURN,5,period,,,,,,,,,,,,,41.0,,False,historical_seen,mechanism_diagnostic,True,False,False,False,False,False,False,True
normal_formation_return,MID_RETURN,5,period,,,,,,,,,,,,,42.0,,False,historical_seen,mechanism_diagnostic,True,False,False,False,False,False,False,True
normal_formation_return,MID_RETURN,5,period,,,,,,,,,,,,,43.0,,False,historical_seen,mechanism_diagnostic,True,False,False,False,False,False,False,True
normal_formation_return,MID_RETURN,5,period,,,,,,,,,,,,,44.0,,False,historical_seen,mechanism_diagnostic,True,False,False,False,False,False,False,True
normal_formation_return,MID_RETURN,5,period,,,,,,,,,,,,,45.0,,False,historical_seen,mechanism_diagnostic,True,False,False,False,False,False,False,True
normal_formation_return,MID_RETURN,5,period,,,,,,,,,,,,,46.0,,False,historical_seen,mechanism_diagnostic,True,False,False,False,False,False,False,True
normal_formation_return,MID_RETURN,5,period,,,,,,,,,,,,,47.0,,False,historical_seen,mechanism_diagnostic,True,False,False,False,False,False,False,True
normal_formation_return,MID_RETURN,5,period,,,,,,,,,,,,,48.0,0.013810639443620591,True,historical_seen,mechanism_diagnostic,True,False,False,False,False,False,False,True
normal_formation_return,MID_RETURN,5,period,,,,,,,,,,,,,49.0,,False,historical_seen,mechanism_diagnostic,True,False,False,False,False,False,False,True
normal_formation_return,MID_RETURN,5,period,,,,,,,,,,,,,50.0,,False,historical_seen,mechanism_diagnostic,True,False,False,False,False,False,False,True
normal_formation_return,MID_RETURN,5,period,,,,,,,,,,,,,51.0,0.004994204764136027,True,historical_seen,mechanism_diagnostic,True,False,False,False,False,False,False,True
normal_formation_return,MID_RETURN,5,period,,,,,,,,,,,,,52.0,,False,historical_seen,mechanism_diagnostic,True,False,False,False,False,False,False,True
normal_formation_return,MID_RETURN,5,period,,,,,,,,,,,,,53.0,0.03362504877508792,True,historical_seen,mechanism_diagnostic,True,False,False,False,False,False,False,True
normal_formation_return,MID_RETURN,5,period,,,,,,,,,,,,,54.0,,False,historical_seen,mechanism_diagnostic,True,False,False,False,False,False,False,True
normal_formation_return,MID_RETURN,5,period,,,,,,,,,,,,,55.0,,False,historical_seen,mechanism_diagnostic,True,False,False,False,False,False,False,True
normal_formation_return,MID_RETURN,5,period,,,,,,,,,,,,,56.0,,False,historical_seen,mechanism_diagnostic,True,False,False,False,False,False,False,True
normal_formation_return,HIGH_RETURN,5,summary,33.0,-0.010257310205991537,-0.008099274216215273,0.30303030303030304,0.696969696969697,1.0,-0.016714629525444075,-0.003977365757610614,4|7|9|11|13|18|21|22|29|30|31|33|35|43|44|45|46|47|52|54|55,3.0,10000.0,20260721.0,,,,historical_seen,mechanism_diagnostic,True,False,False,False,False,False,False,True
normal_formation_return,HIGH_RETURN,5,period,,,,,,,,,,,,,3.0,0.02316723560453926,True,historical_seen,mechanism_diagnostic,True,False,False,False,False,False,False,True
normal_formation_return,HIGH_RETURN,5,period,,,,,,,,,,,,,4.0,,False,historical_seen,mechanism_diagnostic,True,False,False,False,False,False,False,True
normal_formation_return,HIGH_RETURN,5,period,,,,,,,,,,,,,5.0,0.006192965245153878,True,historical_seen,mechanism_diagnostic,True,False,False,False,False,False,False,True
normal_formation_return,HIGH_RETURN,5,period,,,,,,,,,,,,,6.0,0.03093188577422128,True,historical_seen,mechanism_diagnostic,True,False,False,False,False,False,False,True
normal_formation_return,HIGH_RETURN,5,period,,,,,,,,,,,,,7.0,,False,historical_seen,mechanism_diagnostic,True,False,False,False,False,False,False,True
normal_formation_return,HIGH_RETURN,5,period,,,,,,,,,,,,,8.0,-0.03042076413019526,True,historical_seen,mechanism_diagnostic,True,False,False,False,False,False,False,True
normal_formation_return,HIGH_RETURN,5,period,,,,,,,,,,,,,9.0,,False,historical_seen,mechanism_diagnostic,True,False,False,False,False,False,False,True
normal_formation_return,HIGH_RETURN,5,period,,,,,,,,,,,,,10.0,-0.03232648728320132,True,historical_seen,mechanism_diagnostic,True,False,False,False,False,False,False,True
normal_formation_return,HIGH_RETURN,5,period,,,,,,,,,,,,,11.0,,False,historical_seen,mechanism_diagnostic,True,False,False,False,False,False,False,True
normal_formation_return,HIGH_RETURN,5,period,,,,,,,,,,,,,12.0,-0.007953579480729334,True,historical_seen,mechanism_diagnostic,True,False,False,False,False,False,False,True
normal_formation_return,HIGH_RETURN,5,period,,,,,,,,,,,,,13.0,,False,historical_seen,mechanism_diagnostic,True,False,False,False,False,False,False,True
normal_formation_return,HIGH_RETURN,5,period,,,,,,,,,,,,,14.0,-0.001601110574394278,True,historical_seen,mechanism_diagnostic,True,False,False,False,False,False,False,True
normal_formation_return,HIGH_RETURN,5,period,,,,,,,,,,,,,15.0,-0.050368321180821844,True,historical_seen,mechanism_diagnostic,True,False,False,False,False,False,False,True
normal_formation_return,HIGH_RETURN,5,period,,,,,,,,,,,,,16.0,0.02290586969983954,True,historical_seen,mechanism_diagnostic,True,False,False,False,False,False,False,True
normal_formation_return,HIGH_RETURN,5,period,,,,,,,,,,,,,17.0,-0.009444004303978154,True,historical_seen,mechanism_diagnostic,True,False,False,False,False,False,False,True
normal_formation_return,HIGH_RETURN,5,period,,,,,,,,,,,,,18.0,,False,historical_seen,mechanism_diagnostic,True,False,False,False,False,False,False,True
normal_formation_return,HIGH_RETURN,5,period,,,,,,,,,,,,,19.0,0.002471689568302701,True,historical_seen,mechanism_diagnostic,True,False,False,False,False,False,False,True
normal_formation_return,HIGH_RETURN,5,period,,,,,,,,,,,,,20.0,-0.014799155358118361,True,historical_seen,mechanism_diagnostic,True,False,False,False,False,False,False,True
normal_formation_return,HIGH_RETURN,5,period,,,,,,,,,,,,,21.0,,False,historical_seen,mechanism_diagnostic,True,False,False,False,False,False,False,True
normal_formation_return,HIGH_RETURN,5,period,,,,,,,,,,,,,22.0,,False,historical_seen,mechanism_diagnostic,True,False,False,False,False,False,False,True
normal_formation_return,HIGH_RETURN,5,period,,,,,,,,,,,,,23.0,-0.005227995407639008,True,historical_seen,mechanism_diagnostic,True,False,False,False,False,False,False,True
normal_formation_return,HIGH_RETURN,5,period,,,,,,,,,,,,,24.0,-0.019738385670739208,True,historical_seen,mechanism_diagnostic,True,False,False,False,False,False,False,True
normal_formation_return,HIGH_RETURN,5,period,,,,,,,,,,,,,25.0,-0.008099274216215273,True,historical_seen,mechanism_diagnostic,True,False,False,False,False,False,False,True
normal_formation_return,HIGH_RETURN,5,period,,,,,,,,,,,,,26.0,-0.01942409520268758,True,historical_seen,mechanism_diagnostic,True,False,False,False,False,False,False,True
normal_formation_return,HIGH_RETURN,5,period,,,,,,,,,,,,,27.0,-0.035733310342692365,True,historical_seen,mechanism_diagnostic,True,False,False,False,False,False,False,True
normal_formation_return,HIGH_RETURN,5,period,,,,,,,,,,,,,28.0,-0.003600649570010996,True,historical_seen,mechanism_diagnostic,True,False,False,False,False,False,False,True
normal_formation_return,HIGH_RETURN,5,period,,,,,,,,,,,,,29.0,,False,historical_seen,mechanism_diagnostic,True,False,False,False,False,False,False,True
normal_formation_return,HIGH_RETURN,5,period,,,,,,,,,,,,,30.0,,False,historical_seen,mechanism_diagnostic,True,False,False,False,False,False,False,True
normal_formation_return,HIGH_RETURN,5,period,,,,,,,,,,,,,31.0,,False,historical_seen,mechanism_diagnostic,True,False,False,False,False,False,False,True
normal_formation_return,HIGH_RETURN,5,period,,,,,,,,,,,,,32.0,-0.023642805898701092,True,historical_seen,mechanism_diagnostic,True,False,False,False,False,False,False,True
normal_formation_return,HIGH_RETURN,5,period,,,,,,,,,,,,,33.0,,False,historical_seen,mechanism_diagnostic,True,False,False,False,False,False,False,True
normal_formation_return,HIGH_RETURN,5,period,,,,,,,,,,,,,34.0,-0.027007823195135033,True,historical_seen,mechanism_diagnostic,True,False,False,False,False,False,False,True
normal_formation_return,HIGH_RETURN,5,period,,,,,,,,,,,,,35.0,,False,historical_seen,mechanism_diagnostic,True,False,False,False,False,False,False,True
normal_formation_return,HIGH_RETURN,5,period,,,,,,,,,,,,,36.0,-0.024590772159110007,True,historical_seen,mechanism_diagnostic,True,False,False,False,False,False,False,True
normal_formation_return,HIGH_RETURN,5,period,,,,,,,,,,,,,37.0,-0.07104910717633445,True,historical_seen,mechanism_diagnostic,True,False,False,False,False,False,False,True
normal_formation_return,HIGH_RETURN,5,period,,,,,,,,,,,,,38.0,-0.0021992695266251708,True,historical_seen,mechanism_diagnostic,True,False,False,False,False,False,False,True
normal_formation_return,HIGH_RETURN,5,period,,,,,,,,,,,,,39.0,-0.013971617345073722,True,historical_seen,mechanism_diagnostic,True,False,False,False,False,False,False,True
normal_formation_return,HIGH_RETURN,5,period,,,,,,,,,,,,,40.0,0.015166603232648401,True,historical_seen,mechanism_diagnostic,True,False,False,False,False,False,False,True
normal_formation_return,HIGH_RETURN,5,period,,,,,,,,,,,,,41.0,-0.0101027339678511,True,historical_seen,mechanism_diagnostic,True,False,False,False,False,False,False,True
normal_formation_return,HIGH_RETURN,5,period,,,,,,,,,,,,,42.0,-0.0029772510887527757,True,historical_seen,mechanism_diagnostic,True,False,False,False,False,False,False,True
normal_formation_return,HIGH_RETURN,5,period,,,,,,,,,,,,,43.0,,False,historical_seen,mechanism_diagnostic,True,False,False,False,False,False,False,True
normal_formation_return,HIGH_RETURN,5,period,,,,,,,,,,,,,44.0,,False,historical_seen,mechanism_diagnostic,True,False,False,False,False,False,False,True
normal_formation_return,HIGH_RETURN,5,period,,,,,,,,,,,,,45.0,,False,historical_seen,mechanism_diagnostic,True,False,False,False,False,False,False,True
normal_formation_return,HIGH_RETURN,5,period,,,,,,,,,,,,,46.0,,False,historical_seen,mechanism_diagnostic,True,False,False,False,False,False,False,True
normal_formation_return,HIGH_RETURN,5,period,,,,,,,,,,,,,47.0,,False,historical_seen,mechanism_diagnostic,True,False,False,False,False,False,False,True
normal_formation_return,HIGH_RETURN,5,period,,,,,,,,,,,,,48.0,0.004207585735901083,True,historical_seen,mechanism_diagnostic,True,False,False,False,False,False,False,True
normal_formation_return,HIGH_RETURN,5,period,,,,,,,,,,,,,49.0,0.00627242319876925,True,historical_seen,mechanism_diagnostic,True,False,False,False,False,False,False,True
normal_formation_return,HIGH_RETURN,5,period,,,,,,,,,,,,,50.0,0.012457883149025944,True,historical_seen,mechanism_diagnostic,True,False,False,False,False,False,False,True
normal_formation_return,HIGH_RETURN,5,period,,,,,,,,,,,,,51.0,-0.028092969812402918,True,historical_seen,mechanism_diagnostic,True,False,False,False,False,False,False,True
normal_formation_return,HIGH_RETURN,5,period,,,,,,,,,,,,,52.0,,False,historical_seen,mechanism_diagnostic,True,False,False,False,False,False,False,True
normal_formation_return,HIGH_RETURN,5,period,,,,,,,,,,,,,53.0,0.008315161344035968,True,historical_seen,mechanism_diagnostic,True,False,False,False,False,False,False,True
normal_formation_return,HIGH_RETURN,5,period,,,,,,,,,,,,,54.0,,False,historical_seen,mechanism_diagnostic,True,False,False,False,False,False,False,True
normal_formation_return,HIGH_RETURN,5,period,,,,,,,,,,,,,55.0,,False,historical_seen,mechanism_diagnostic,True,False,False,False,False,False,False,True
normal_formation_return,HIGH_RETURN,5,period,,,,,,,,,,,,,56.0,-0.02820905645874876,True,historical_seen,mechanism_diagnostic,True,False,False,False,False,False,False,True
normal_formation_return,LOSER_MINUS_WINNER,5,summary,5.0,0.004308576384185261,-0.0006767669212463072,0.4,0.4,1.0,-0.0020497788244880195,0.010666931592858541,3|4|5|6|7|8|9|10|11|12|13|14|16|17|18|19|21|22|23|24|25|26|27|28|29|30|31|32|33|34|35|37|38|39|40|41|42|43|44|45|46|47|49|50|51|52|54|55|56,3.0,10000.0,20260721.0,,,,historical_seen,mechanism_diagnostic,True,False,False,False,False,False,False,True
normal_formation_return,LOSER_MINUS_WINNER,5,period,,,,,,,,,,,,,3.0,,False,historical_seen,mechanism_diagnostic,True,False,False,False,False,False,False,True
normal_formation_return,LOSER_MINUS_WINNER,5,period,,,,,,,,,,,,,4.0,,False,historical_seen,mechanism_diagnostic,True,False,False,False,False,False,False,True
normal_formation_return,LOSER_MINUS_WINNER,5,period,,,,,,,,,,,,,5.0,,False,historical_seen,mechanism_diagnostic,True,False,False,False,False,False,False,True
normal_formation_return,LOSER_MINUS_WINNER,5,period,,,,,,,,,,,,,6.0,,False,historical_seen,mechanism_diagnostic,True,False,False,False,False,False,False,True
normal_formation_return,LOSER_MINUS_WINNER,5,period,,,,,,,,,,,,,7.0,,False,historical_seen,mechanism_diagnostic,True,False,False,False,False,False,False,True
normal_formation_return,LOSER_MINUS_WINNER,5,period,,,,,,,,,,,,,8.0,,False,historical_seen,mechanism_diagnostic,True,False,False,False,False,False,False,True
normal_formation_return,LOSER_MINUS_WINNER,5,period,,,,,,,,,,,,,9.0,,False,historical_seen,mechanism_diagnostic,True,False,False,False,False,False,False,True
normal_formation_return,LOSER_MINUS_WINNER,5,period,,,,,,,,,,,,,10.0,,False,historical_seen,mechanism_diagnostic,True,False,False,False,False,False,False,True
normal_formation_return,LOSER_MINUS_WINNER,5,period,,,,,,,,,,,,,11.0,,False,historical_seen,mechanism_diagnostic,True,False,False,False,False,False,False,True
normal_formation_return,LOSER_MINUS_WINNER,5,period,,,,,,,,,,,,,12.0,,False,historical_seen,mechanism_diagnostic,True,False,False,False,False,False,False,True
normal_formation_return,LOSER_MINUS_WINNER,5,period,,,,,,,,,,,,,13.0,,False,historical_seen,mechanism_diagnostic,True,False,False,False,False,False,False,True
normal_formation_return,LOSER_MINUS_WINNER,5,period,,,,,,,,,,,,,14.0,,False,historical_seen,mechanism_diagnostic,True,False,False,False,False,False,False,True
normal_formation_return,LOSER_MINUS_WINNER,5,period,,,,,,,,,,,,,15.0,0.018842701036539296,True,historical_seen,mechanism_diagnostic,True,False,False,False,False,False,False,True
normal_formation_return,LOSER_MINUS_WINNER,5,period,,,,,,,,,,,,,16.0,,False,historical_seen,mechanism_diagnostic,True,False,False,False,False,False,False,True
normal_formation_return,LOSER_MINUS_WINNER,5,period,,,,,,,,,,,,,17.0,,False,historical_seen,mechanism_diagnostic,True,False,False,False,False,False,False,True
normal_formation_return,LOSER_MINUS_WINNER,5,period,,,,,,,,,,,,,18.0,,False,historical_seen,mechanism_diagnostic,True,False,False,False,False,False,False,True
normal_formation_return,LOSER_MINUS_WINNER,5,period,,,,,,,,,,,,,19.0,,False,historical_seen,mechanism_diagnostic,True,False,False,False,False,False,False,True
normal_formation_return,LOSER_MINUS_WINNER,5,period,,,,,,,,,,,,,20.0,-0.012165981722361425,True,historical_seen,mechanism_diagnostic,True,False,False,False,False,False,False,True
normal_formation_return,LOSER_MINUS_WINNER,5,period,,,,,,,,,,,,,21.0,,False,historical_seen,mechanism_diagnostic,True,False,False,False,False,False,False,True
normal_formation_return,LOSER_MINUS_WINNER,5,period,,,,,,,,,,,,,22.0,,False,historical_seen,mechanism_diagnostic,True,False,False,False,False,False,False,True
normal_formation_return,LOSER_MINUS_WINNER,5,period,,,,,,,,,,,,,23.0,,False,historical_seen,mechanism_diagnostic,True,False,False,False,False,False,False,True
normal_formation_return,LOSER_MINUS_WINNER,5,period,,,,,,,,,,,,,24.0,,False,historical_seen,mechanism_diagnostic,True,False,False,False,False,False,False,True
normal_formation_return,LOSER_MINUS_WINNER,5,period,,,,,,,,,,,,,25.0,,False,historical_seen,mechanism_diagnostic,True,False,False,False,False,False,False,True
normal_formation_return,LOSER_MINUS_WINNER,5,period,,,,,,,,,,,,,26.0,,False,historical_seen,mechanism_diagnostic,True,False,False,False,False,False,False,True
normal_formation_return,LOSER_MINUS_WINNER,5,period,,,,,,,,,,,,,27.0,,False,historical_seen,mechanism_diagnostic,True,False,False,False,False,False,False,True
normal_formation_return,LOSER_MINUS_WINNER,5,period,,,,,,,,,,,,,28.0,,False,historical_seen,mechanism_diagnostic,True,False,False,False,False,False,False,True
normal_formation_return,LOSER_MINUS_WINNER,5,period,,,,,,,,,,,,,29.0,,False,historical_seen,mechanism_diagnostic,True,False,False,False,False,False,False,True
normal_formation_return,LOSER_MINUS_WINNER,5,period,,,,,,,,,,,,,30.0,,False,historical_seen,mechanism_diagnostic,True,False,False,False,False,False,False,True
normal_formation_return,LOSER_MINUS_WINNER,5,period,,,,,,,,,,,,,31.0,,False,historical_seen,mechanism_diagnostic,True,False,False,False,False,False,False,True
normal_formation_return,LOSER_MINUS_WINNER,5,period,,,,,,,,,,,,,32.0,,False,historical_seen,mechanism_diagnostic,True,False,False,False,False,False,False,True
normal_formation_return,LOSER_MINUS_WINNER,5,period,,,,,,,,,,,,,33.0,,False,historical_seen,mechanism_diagnostic,True,False,False,False,False,False,False,True
normal_formation_return,LOSER_MINUS_WINNER,5,period,,,,,,,,,,,,,34.0,,False,historical_seen,mechanism_diagnostic,True,False,False,False,False,False,False,True
normal_formation_return,LOSER_MINUS_WINNER,5,period,,,,,,,,,,,,,35.0,,False,historical_seen,mechanism_diagnostic,True,False,False,False,False,False,False,True
normal_formation_return,LOSER_MINUS_WINNER,5,period,,,,,,,,,,,,,36.0,-0.0023798158571282715,True,historical_seen,mechanism_diagnostic,True,False,False,False,False,False,False,True
normal_formation_return,LOSER_MINUS_WINNER,5,period,,,,,,,,,,,,,37.0,,False,historical_seen,mechanism_diagnostic,True,False,False,False,False,False,False,True
normal_formation_return,LOSER_MINUS_WINNER,5,period,,,,,,,,,,,,,38.0,,False,historical_seen,mechanism_diagnostic,True,False,False,False,False,False,False,True
normal_formation_return,LOSER_MINUS_WINNER,5,period,,,,,,,,,,,,,39.0,,False,historical_seen,mechanism_diagnostic,True,False,False,False,False,False,False,True
normal_formation_return,LOSER_MINUS_WINNER,5,period,,,,,,,,,,,,,40.0,,False,historical_seen,mechanism_diagnostic,True,False,False,False,False,False,False,True
normal_formation_return,LOSER_MINUS_WINNER,5,period,,,,,,,,,,,,,41.0,,False,historical_seen,mechanism_diagnostic,True,False,False,False,False,False,False,True
normal_formation_return,LOSER_MINUS_WINNER,5,period,,,,,,,,,,,,,42.0,,False,historical_seen,mechanism_diagnostic,True,False,False,False,False,False,False,True
normal_formation_return,LOSER_MINUS_WINNER,5,period,,,,,,,,,,,,,43.0,,False,historical_seen,mechanism_diagnostic,True,False,False,False,False,False,False,True
normal_formation_return,LOSER_MINUS_WINNER,5,period,,,,,,,,,,,,,44.0,,False,historical_seen,mechanism_diagnostic,True,False,False,False,False,False,False,True
normal_formation_return,LOSER_MINUS_WINNER,5,period,,,,,,,,,,,,,45.0,,False,historical_seen,mechanism_diagnostic,True,False,False,False,False,False,False,True
normal_formation_return,LOSER_MINUS_WINNER,5,period,,,,,,,,,,,,,46.0,,False,historical_seen,mechanism_diagnostic,True,False,False,False,False,False,False,True
normal_formation_return,LOSER_MINUS_WINNER,5,period,,,,,,,,,,,,,47.0,,False,historical_seen,mechanism_diagnostic,True,False,False,False,False,False,False,True
normal_formation_return,LOSER_MINUS_WINNER,5,period,,,,,,,,,,,,,48.0,0.017922745385123014,True,historical_seen,mechanism_diagnostic,True,False,False,False,False,False,False,True
normal_formation_return,LOSER_MINUS_WINNER,5,period,,,,,,,,,,,,,49.0,,False,historical_seen,mechanism_diagnostic,True,False,False,False,False,False,False,True
normal_formation_return,LOSER_MINUS_WINNER,5,period,,,,,,,,,,,,,50.0,,False,historical_seen,mechanism_diagnostic,True,False,False,False,False,False,False,True
normal_formation_return,LOSER_MINUS_WINNER,5,period,,,,,,,,,,,,,51.0,,False,historical_seen,mechanism_diagnostic,True,False,False,False,False,False,False,True
normal_formation_return,LOSER_MINUS_WINNER,5,period,,,,,,,,,,,,,52.0,,False,historical_seen,mechanism_diagnostic,True,False,False,False,False,False,False,True
normal_formation_return,LOSER_MINUS_WINNER,5,period,,,,,,,,,,,,,53.0,-0.0006767669212463072,True,historical_seen,mechanism_diagnostic,True,False,False,False,False,False,False,True
normal_formation_return,LOSER_MINUS_WINNER,5,period,,,,,,,,,,,,,54.0,,False,historical_seen,mechanism_diagnostic,True,False,False,False,False,False,False,True
normal_formation_return,LOSER_MINUS_WINNER,5,period,,,,,,,,,,,,,55.0,,False,historical_seen,mechanism_diagnostic,True,False,False,False,False,False,False,True
normal_formation_return,LOSER_MINUS_WINNER,5,period,,,,,,,,,,,,,56.0,,False,historical_seen,mechanism_diagnostic,True,False,False,False,False,False,False,True
normal_formation_return,LOW_RETURN,10,summary,5.0,-0.026661120957803375,-0.0220828556179876,0.4,0.6,1.0,-0.04610458659498823,-0.0072176553206185125,3|4|5|6|7|8|9|10|11|12|13|14|16|17|18|19|21|22|23|24|25|26|27|28|29|30|31|32|33|34|35|37|38|39|40|41|42|43|44|45|46|47|49|50|51|52|54|55|56,3.0,10000.0,20260721.0,,,,historical_seen,mechanism_diagnostic,True,False,False,False,False,False,False,True
normal_formation_return,LOW_RETURN,10,period,,,,,,,,,,,,,3.0,,False,historical_seen,mechanism_diagnostic,True,False,False,False,False,False,False,True
normal_formation_return,LOW_RETURN,10,period,,,,,,,,,,,,,4.0,,False,historical_seen,mechanism_diagnostic,True,False,False,False,False,False,False,True
normal_formation_return,LOW_RETURN,10,period,,,,,,,,,,,,,5.0,,False,historical_seen,mechanism_diagnostic,True,False,False,False,False,False,False,True
normal_formation_return,LOW_RETURN,10,period,,,,,,,,,,,,,6.0,,False,historical_seen,mechanism_diagnostic,True,False,False,False,False,False,False,True
normal_formation_return,LOW_RETURN,10,period,,,,,,,,,,,,,7.0,,False,historical_seen,mechanism_diagnostic,True,False,False,False,False,False,False,True
normal_formation_return,LOW_RETURN,10,period,,,,,,,,,,,,,8.0,,False,historical_seen,mechanism_diagnostic,True,False,False,False,False,False,False,True
normal_formation_return,LOW_RETURN,10,period,,,,,,,,,,,,,9.0,,False,historical_seen,mechanism_diagnostic,True,False,False,False,False,False,False,True
normal_formation_return,LOW_RETURN,10,period,,,,,,,,,,,,,10.0,,False,historical_seen,mechanism_diagnostic,True,False,False,False,False,False,False,True
normal_formation_return,LOW_RETURN,10,period,,,,,,,,,,,,,11.0,,False,historical_seen,mechanism_diagnostic,True,False,False,False,False,False,False,True
normal_formation_return,LOW_RETURN,10,period,,,,,,,,,,,,,12.0,,False,historical_seen,mechanism_diagnostic,True,False,False,False,False,False,False,True
normal_formation_return,LOW_RETURN,10,period,,,,,,,,,,,,,13.0,,False,historical_seen,mechanism_diagnostic,True,False,False,False,False,False,False,True
normal_formation_return,LOW_RETURN,10,period,,,,,,,,,,,,,14.0,,False,historical_seen,mechanism_diagnostic,True,False,False,False,False,False,False,True
normal_formation_return,LOW_RETURN,10,period,,,,,,,,,,,,,15.0,-0.05411310546541889,True,historical_seen,mechanism_diagnostic,True,False,False,False,False,False,False,True
normal_formation_return,LOW_RETURN,10,period,,,,,,,,,,,,,16.0,,False,historical_seen,mechanism_diagnostic,True,False,False,False,False,False,False,True
normal_formation_return,LOW_RETURN,10,period,,,,,,,,,,,,,17.0,,False,historical_seen,mechanism_diagnostic,True,False,False,False,False,False,False,True
normal_formation_return,LOW_RETURN,10,period,,,,,,,,,,,,,18.0,,False,historical_seen,mechanism_diagnostic,True,False,False,False,False,False,False,True
normal_formation_return,LOW_RETURN,10,period,,,,,,,,,,,,,19.0,,False,historical_seen,mechanism_diagnostic,True,False,False,False,False,False,False,True
normal_formation_return,LOW_RETURN,10,period,,,,,,,,,,,,,20.0,-0.0220828556179876,True,historical_seen,mechanism_diagnostic,True,False,False,False,False,False,False,True
normal_formation_return,LOW_RETURN,10,period,,,,,,,,,,,,,21.0,,False,historical_seen,mechanism_diagnostic,True,False,False,False,False,False,False,True
normal_formation_return,LOW_RETURN,10,period,,,,,,,,,,,,,22.0,,False,historical_seen,mechanism_diagnostic,True,False,False,False,False,False,False,True
normal_formation_return,LOW_RETURN,10,period,,,,,,,,,,,,,23.0,,False,historical_seen,mechanism_diagnostic,True,False,False,False,False,False,False,True
normal_formation_return,LOW_RETURN,10,period,,,,,,,,,,,,,24.0,,False,historical_seen,mechanism_diagnostic,True,False,False,False,False,False,False,True
normal_formation_return,LOW_RETURN,10,period,,,,,,,,,,,,,25.0,,False,historical_seen,mechanism_diagnostic,True,False,False,False,False,False,False,True
normal_formation_return,LOW_RETURN,10,period,,,,,,,,,,,,,26.0,,False,historical_seen,mechanism_diagnostic,True,False,False,False,False,False,False,True
normal_formation_return,LOW_RETURN,10,period,,,,,,,,,,,,,27.0,,False,historical_seen,mechanism_diagnostic,True,False,False,False,False,False,False,True
normal_formation_return,LOW_RETURN,10,period,,,,,,,,,,,,,28.0,,False,historical_seen,mechanism_diagnostic,True,False,False,False,False,False,False,True
normal_formation_return,LOW_RETURN,10,period,,,,,,,,,,,,,29.0,,False,historical_seen,mechanism_diagnostic,True,False,False,False,False,False,False,True
normal_formation_return,LOW_RETURN,10,period,,,,,,,,,,,,,30.0,,False,historical_seen,mechanism_diagnostic,True,False,False,False,False,False,False,True
normal_formation_return,LOW_RETURN,10,period,,,,,,,,,,,,,31.0,,False,historical_seen,mechanism_diagnostic,True,False,False,False,False,False,False,True
normal_formation_return,LOW_RETURN,10,period,,,,,,,,,,,,,32.0,,False,historical_seen,mechanism_diagnostic,True,False,False,False,False,False,False,True
normal_formation_return,LOW_RETURN,10,period,,,,,,,,,,,,,33.0,,False,historical_seen,mechanism_diagnostic,True,False,False,False,False,False,False,True
normal_formation_return,LOW_RETURN,10,period,,,,,,,,,,,,,34.0,,False,historical_seen,mechanism_diagnostic,True,False,False,False,False,False,False,True
normal_formation_return,LOW_RETURN,10,period,,,,,,,,,,,,,35.0,,False,historical_seen,mechanism_diagnostic,True,False,False,False,False,False,False,True
normal_formation_return,LOW_RETURN,10,period,,,,,,,,,,,,,36.0,-0.07813101080812815,True,historical_seen,mechanism_diagnostic,True,False,False,False,False,False,False,True
normal_formation_return,LOW_RETURN,10,period,,,,,,,,,,,,,37.0,,False,historical_seen,mechanism_diagnostic,True,False,False,False,False,False,False,True
normal_formation_return,LOW_RETURN,10,period,,,,,,,,,,,,,38.0,,False,historical_seen,mechanism_diagnostic,True,False,False,False,False,False,False,True
normal_formation_return,LOW_RETURN,10,period,,,,,,,,,,,,,39.0,,False,historical_seen,mechanism_diagnostic,True,False,False,False,False,False,False,True
normal_formation_return,LOW_RETURN,10,period,,,,,,,,,,,,,40.0,,False,historical_seen,mechanism_diagnostic,True,False,False,False,False,False,False,True
normal_formation_return,LOW_RETURN,10,period,,,,,,,,,,,,,41.0,,False,historical_seen,mechanism_diagnostic,True,False,False,False,False,False,False,True
normal_formation_return,LOW_RETURN,10,period,,,,,,,,,,,,,42.0,,False,historical_seen,mechanism_diagnostic,True,False,False,False,False,False,False,True
normal_formation_return,LOW_RETURN,10,period,,,,,,,,,,,,,43.0,,False,historical_seen,mechanism_diagnostic,True,False,False,False,False,False,False,True
normal_formation_return,LOW_RETURN,10,period,,,,,,,,,,,,,44.0,,False,historical_seen,mechanism_diagnostic,True,False,False,False,False,False,False,True
normal_formation_return,LOW_RETURN,10,period,,,,,,,,,,,,,45.0,,False,historical_seen,mechanism_diagnostic,True,False,False,False,False,False,False,True
normal_formation_return,LOW_RETURN,10,period,,,,,,,,,,,,,46.0,,False,historical_seen,mechanism_diagnostic,True,False,False,False,False,False,False,True
normal_formation_return,LOW_RETURN,10,period,,,,,,,,,,,,,47.0,,False,historical_seen,mechanism_diagnostic,True,False,False,False,False,False,False,True
normal_formation_return,LOW_RETURN,10,period,,,,,,,,,,,,,48.0,0.01031768757194726,True,historical_seen,mechanism_diagnostic,True,False,False,False,False,False,False,True
normal_formation_return,LOW_RETURN,10,period,,,,,,,,,,,,,49.0,,False,historical_seen,mechanism_diagnostic,True,False,False,False,False,False,False,True
normal_formation_return,LOW_RETURN,10,period,,,,,,,,,,,,,50.0,,False,historical_seen,mechanism_diagnostic,True,False,False,False,False,False,False,True
normal_formation_return,LOW_RETURN,10,period,,,,,,,,,,,,,51.0,,False,historical_seen,mechanism_diagnostic,True,False,False,False,False,False,False,True
normal_formation_return,LOW_RETURN,10,period,,,,,,,,,,,,,52.0,,False,historical_seen,mechanism_diagnostic,True,False,False,False,False,False,False,True
normal_formation_return,LOW_RETURN,10,period,,,,,,,,,,,,,53.0,0.010703679530570533,True,historical_seen,mechanism_diagnostic,True,False,False,False,False,False,False,True
normal_formation_return,LOW_RETURN,10,period,,,,,,,,,,,,,54.0,,False,historical_seen,mechanism_diagnostic,True,False,False,False,False,False,False,True
normal_formation_return,LOW_RETURN,10,period,,,,,,,,,,,,,55.0,,False,historical_seen,mechanism_diagnostic,True,False,False,False,False,False,False,True
normal_formation_return,LOW_RETURN,10,period,,,,,,,,,,,,,56.0,,False,historical_seen,mechanism_diagnostic,True,False,False,False,False,False,False,True
normal_formation_return,MID_RETURN,10,summary,15.0,0.0012732263602559443,-0.006728347728901865,0.4,0.4,0.6666666666666666,-0.008922865866222858,0.013380600402305787,3|7|10|11|12|13|14|16|18|19|21|22|24|25|26|27|29|30|31|32|33|34|35|37|38|40|41|42|43|44|45|46|47|49|50|52|54|55|56,3.0,10000.0,20260721.0,,,,historical_seen,mechanism_diagnostic,True,False,False,False,False,False,False,True
normal_formation_return,MID_RETURN,10,period,,,,,,,,,,,,,3.0,,False,historical_seen,mechanism_diagnostic,True,False,False,False,False,False,False,True
normal_formation_return,MID_RETURN,10,period,,,,,,,,,,,,,4.0,0.047656721018363546,True,historical_seen,mechanism_diagnostic,True,False,False,False,False,False,False,True
normal_formation_return,MID_RETURN,10,period,,,,,,,,,,,,,5.0,0.03536535658143057,True,historical_seen,mechanism_diagnostic,True,False,False,False,False,False,False,True
normal_formation_return,MID_RETURN,10,period,,,,,,,,,,,,,6.0,-0.022226751070979982,True,historical_seen,mechanism_diagnostic,True,False,False,False,False,False,False,True
normal_formation_return,MID_RETURN,10,period,,,,,,,,,,,,,7.0,,False,historical_seen,mechanism_diagnostic,True,False,False,False,False,False,False,True
normal_formation_return,MID_RETURN,10,period,,,,,,,,,,,,,8.0,-0.023569188920838216,True,historical_seen,mechanism_diagnostic,True,False,False,False,False,False,False,True
normal_formation_return,MID_RETURN,10,period,,,,,,,,,,,,,9.0,0.04690175520459304,True,historical_seen,mechanism_diagnostic,True,False,False,False,False,False,False,True
normal_formation_return,MID_RETURN,10,period,,,,,,,,,,,,,10.0,,False,historical_seen,mechanism_diagnostic,True,False,False,False,False,False,False,True
normal_formation_return,MID_RETURN,10,period,,,,,,,,,,,,,11.0,,False,historical_seen,mechanism_diagnostic,True,False,False,False,False,False,False,True
normal_formation_return,MID_RETURN,10,period,,,,,,,,,,,,,12.0,,False,historical_seen,mechanism_diagnostic,True,False,False,False,False,False,False,True
normal_formation_return,MID_RETURN,10,period,,,,,,,,,,,,,13.0,,False,historical_seen,mechanism_diagnostic,True,False,False,False,False,False,False,True
normal_formation_return,MID_RETURN,10,period,,,,,,,,,,,,,14.0,,False,historical_seen,mechanism_diagnostic,True,False,False,False,False,False,False,True
normal_formation_return,MID_RETURN,10,period,,,,,,,,,,,,,15.0,-0.03547232628690846,True,historical_seen,mechanism_diagnostic,True,False,False,False,False,False,False,True
normal_formation_return,MID_RETURN,10,period,,,,,,,,,,,,,16.0,,False,historical_seen,mechanism_diagnostic,True,False,False,False,False,False,False,True
normal_formation_return,MID_RETURN,10,period,,,,,,,,,,,,,17.0,-0.007836487978764614,True,historical_seen,mechanism_diagnostic,True,False,False,False,False,False,False,True
normal_formation_return,MID_RETURN,10,period,,,,,,,,,,,,,18.0,,False,historical_seen,mechanism_diagnostic,True,False,False,False,False,False,False,True
normal_formation_return,MID_RETURN,10,period,,,,,,,,,,,,,19.0,,False,historical_seen,mechanism_diagnostic,True,False,False,False,False,False,False,True
normal_formation_return,MID_RETURN,10,period,,,,,,,,,,,,,20.0,-0.0064022682277076505,True,historical_seen,mechanism_diagnostic,True,False,False,False,False,False,False,True
normal_formation_return,MID_RETURN,10,period,,,,,,,,,,,,,21.0,,False,historical_seen,mechanism_diagnostic,True,False,False,False,False,False,False,True
normal_formation_return,MID_RETURN,10,period,,,,,,,,,,,,,22.0,,False,historical_seen,mechanism_diagnostic,True,False,False,False,False,False,False,True
normal_formation_return,MID_RETURN,10,period,,,,,,,,,,,,,23.0,-0.022146539682454374,True,historical_seen,mechanism_diagnostic,True,False,False,False,False,False,False,True
normal_formation_return,MID_RETURN,10,period,,,,,,,,,,,,,24.0,,False,historical_seen,mechanism_diagnostic,True,False,False,False,False,False,False,True
normal_formation_return,MID_RETURN,10,period,,,,,,,,,,,,,25.0,,False,historical_seen,mechanism_diagnostic,True,False,False,False,False,False,False,True
normal_formation_return,MID_RETURN,10,period,,,,,,,,,,,,,26.0,,False,historical_seen,mechanism_diagnostic,True,False,False,False,False,False,False,True
normal_formation_return,MID_RETURN,10,period,,,,,,,,,,,,,27.0,,False,historical_seen,mechanism_diagnostic,True,False,False,False,False,False,False,True
normal_formation_return,MID_RETURN,10,period,,,,,,,,,,,,,28.0,0.021645923290222677,True,historical_seen,mechanism_diagnostic,True,False,False,False,False,False,False,True
normal_formation_return,MID_RETURN,10,period,,,,,,,,,,,,,29.0,,False,historical_seen,mechanism_diagnostic,True,False,False,False,False,False,False,True
normal_formation_return,MID_RETURN,10,period,,,,,,,,,,,,,30.0,,False,historical_seen,mechanism_diagnostic,True,False,False,False,False,False,False,True
normal_formation_return,MID_RETURN,10,period,,,,,,,,,,,,,31.0,,False,historical_seen,mechanism_diagnostic,True,False,False,False,False,False,False,True
normal_formation_return,MID_RETURN,10,period,,,,,,,,,,,,,32.0,,False,historical_seen,mechanism_diagnostic,True,False,False,False,False,False,False,True
normal_formation_return,MID_RETURN,10,period,,,,,,,,,,,,,33.0,,False,historical_seen,mechanism_diagnostic,True,False,False,False,False,False,False,True
normal_formation_return,MID_RETURN,10,period,,,,,,,,,,,,,34.0,,False,historical_seen,mechanism_diagnostic,True,False,False,False,False,False,False,True
normal_formation_return,MID_RETURN,10,period,,,,,,,,,,,,,35.0,,False,historical_seen,mechanism_diagnostic,True,False,False,False,False,False,False,True
normal_formation_return,MID_RETURN,10,period,,,,,,,,,,,,,36.0,-0.031306340749937586,True,historical_seen,mechanism_diagnostic,True,False,False,False,False,False,False,True
normal_formation_return,MID_RETURN,10,period,,,,,,,,,,,,,37.0,,False,historical_seen,mechanism_diagnostic,True,False,False,False,False,False,False,True
normal_formation_return,MID_RETURN,10,period,,,,,,,,,,,,,38.0,,False,historical_seen,mechanism_diagnostic,True,False,False,False,False,False,False,True
normal_formation_return,MID_RETURN,10,period,,,,,,,,,,,,,39.0,-0.021217816373224722,True,historical_seen,mechanism_diagnostic,True,False,False,False,False,False,False,True
normal_formation_return,MID_RETURN,10,period,,,,,,,,,,,,,40.0,,False,historical_seen,mechanism_diagnostic,True,False,False,False,False,False,False,True
normal_formation_return,MID_RETURN,10,period,,,,,,,,,,,,,41.0,,False,historical_seen,mechanism_diagnostic,True,False,False,False,False,False,False,True
normal_formation_return,MID_RETURN,10,period,,,,,,,,,,,,,42.0,,False,historical_seen,mechanism_diagnostic,True,False,False,False,False,False,False,True
normal_formation_return,MID_RETURN,10,period,,,,,,,,,,,,,43.0,,False,historical_seen,mechanism_diagnostic,True,False,False,False,False,False,False,True
normal_formation_return,MID_RETURN,10,period,,,,,,,,,,,,,44.0,,False,historical_seen,mechanism_diagnostic,True,False,False,False,False,False,False,True
normal_formation_return,MID_RETURN,10,period,,,,,,,,,,,,,45.0,,False,historical_seen,mechanism_diagnostic,True,False,False,False,False,False,False,True
normal_formation_return,MID_RETURN,10,period,,,,,,,,,,,,,46.0,,False,historical_seen,mechanism_diagnostic,True,False,False,False,False,False,False,True
normal_formation_return,MID_RETURN,10,period,,,,,,,,,,,,,47.0,,False,historical_seen,mechanism_diagnostic,True,False,False,False,False,False,False,True
normal_formation_return,MID_RETURN,10,period,,,,,,,,,,,,,48.0,0.011139486897199648,True,historical_seen,mechanism_diagnostic,True,False,False,False,False,False,False,True
normal_formation_return,MID_RETURN,10,period,,,,,,,,,,,,,49.0,,False,historical_seen,mechanism_diagnostic,True,False,False,False,False,False,False,True
normal_formation_return,MID_RETURN,10,period,,,,,,,,,,,,,50.0,,False,historical_seen,mechanism_diagnostic,True,False,False,False,False,False,False,True
normal_formation_return,MID_RETURN,10,period,,,,,,,,,,,,,51.0,-0.006728347728901865,True,historical_seen,mechanism_diagnostic,True,False,False,False,False,False,False,True
normal_formation_return,MID_RETURN,10,period,,,,,,,,,,,,,52.0,,False,historical_seen,mechanism_diagnostic,True,False,False,False,False,False,False,True
normal_formation_return,MID_RETURN,10,period,,,,,,,,,,,,,53.0,0.03329521943174715,True,historical_seen,mechanism_diagnostic,True,False,False,False,False,False,False,True
normal_formation_return,MID_RETURN,10,period,,,,,,,,,,,,,54.0,,False,historical_seen,mechanism_diagnostic,True,False,False,False,False,False,False,True
normal_formation_return,MID_RETURN,10,period,,,,,,,,,,,,,55.0,,False,historical_seen,mechanism_diagnostic,True,False,False,False,False,False,False,True
normal_formation_return,MID_RETURN,10,period,,,,,,,,,,,,,56.0,,False,historical_seen,mechanism_diagnostic,True,False,False,False,False,False,False,True
normal_formation_return,HIGH_RETURN,10,summary,33.0,-0.01762023291152884,-0.021434882364587935,0.36363636363636365,0.6363636363636364,1.0,-0.026041641151443674,-0.008905178142732218,4|7|9|11|13|18|21|22|29|30|31|33|35|43|44|45|46|47|52|54|55,3.0,10000.0,20260721.0,,,,historical_seen,mechanism_diagnostic,True,False,False,False,False,False,False,True
normal_formation_return,HIGH_RETURN,10,period,,,,,,,,,,,,,3.0,0.025405568402482544,True,historical_seen,mechanism_diagnostic,True,False,False,False,False,False,False,True
normal_formation_return,HIGH_RETURN,10,period,,,,,,,,,,,,,4.0,,False,historical_seen,mechanism_diagnostic,True,False,False,False,False,False,False,True
normal_formation_return,HIGH_RETURN,10,period,,,,,,,,,,,,,5.0,0.0221390530881157,True,historical_seen,mechanism_diagnostic,True,False,False,False,False,False,False,True
normal_formation_return,HIGH_RETURN,10,period,,,,,,,,,,,,,6.0,-0.09429203500474412,True,historical_seen,mechanism_diagnostic,True,False,False,False,False,False,False,True
normal_formation_return,HIGH_RETURN,10,period,,,,,,,,,,,,,7.0,,False,historical_seen,mechanism_diagnostic,True,False,False,False,False,False,False,True
normal_formation_return,HIGH_RETURN,10,period,,,,,,,,,,,,,8.0,-0.048543649444724016,True,historical_seen,mechanism_diagnostic,True,False,False,False,False,False,False,True
normal_formation_return,HIGH_RETURN,10,period,,,,,,,,,,,,,9.0,,False,historical_seen,mechanism_diagnostic,True,False,False,False,False,False,False,True
normal_formation_return,HIGH_RETURN,10,period,,,,,,,,,,,,,10.0,0.07545467369235562,True,historical_seen,mechanism_diagnostic,True,False,False,False,False,False,False,True
normal_formation_return,HIGH_RETURN,10,period,,,,,,,,,,,,,11.0,,False,historical_seen,mechanism_diagnostic,True,False,False,False,False,False,False,True
normal_formation_return,HIGH_RETURN,10,period,,,,,,,,,,,,,12.0,0.006215689748327483,True,historical_seen,mechanism_diagnostic,True,False,False,False,False,False,False,True
normal_formation_return,HIGH_RETURN,10,period,,,,,,,,,,,,,13.0,,False,historical_seen,mechanism_diagnostic,True,False,False,False,False,False,False,True
normal_formation_return,HIGH_RETURN,10,period,,,,,,,,,,,,,14.0,0.028252115917151252,True,historical_seen,mechanism_diagnostic,True,False,False,False,False,False,False,True
normal_formation_return,HIGH_RETURN,10,period,,,,,,,,,,,,,15.0,-0.07270793945631465,True,historical_seen,mechanism_diagnostic,True,False,False,False,False,False,False,True
normal_formation_return,HIGH_RETURN,10,period,,,,,,,,,,,,,16.0,-0.014506899634840732,True,historical_seen,mechanism_diagnostic,True,False,False,False,False,False,False,True
normal_formation_return,HIGH_RETURN,10,period,,,,,,,,,,,,,17.0,0.0007264080374313892,True,historical_seen,mechanism_diagnostic,True,False,False,False,False,False,False,True
normal_formation_return,HIGH_RETURN,10,period,,,,,,,,,,,,,18.0,,False,historical_seen,mechanism_diagnostic,True,False,False,False,False,False,False,True
normal_formation_return,HIGH_RETURN,10,period,,,,,,,,,,,,,19.0,-0.03301022948083418,True,historical_seen,mechanism_diagnostic,True,False,False,False,False,False,False,True
normal_formation_return,HIGH_RETURN,10,period,,,,,,,,,,,,,20.0,-0.02561943445755048,True,historical_seen,mechanism_diagnostic,True,False,False,False,False,False,False,True
normal_formation_return,HIGH_RETURN,10,period,,,,,,,,,,,,,21.0,,False,historical_seen,mechanism_diagnostic,True,False,False,False,False,False,False,True
normal_formation_return,HIGH_RETURN,10,period,,,,,,,,,,,,,22.0,,False,historical_seen,mechanism_diagnostic,True,False,False,False,False,False,False,True
normal_formation_return,HIGH_RETURN,10,period,,,,,,,,,,,,,23.0,-0.015428675218401907,True,historical_seen,mechanism_diagnostic,True,False,False,False,False,False,False,True
normal_formation_return,HIGH_RETURN,10,period,,,,,,,,,,,,,24.0,0.031984201718441296,True,historical_seen,mechanism_diagnostic,True,False,False,False,False,False,False,True
normal_formation_return,HIGH_RETURN,10,period,,,,,,,,,,,,,25.0,-0.021434882364587935,True,historical_seen,mechanism_diagnostic,True,False,False,False,False,False,False,True
normal_formation_return,HIGH_RETURN,10,period,,,,,,,,,,,,,26.0,-0.04041875101327374,True,historical_seen,mechanism_diagnostic,True,False,False,False,False,False,False,True
normal_formation_return,HIGH_RETURN,10,period,,,,,,,,,,,,,27.0,-0.030392702501662622,True,historical_seen,mechanism_diagnostic,True,False,False,False,False,False,False,True
normal_formation_return,HIGH_RETURN,10,period,,,,,,,,,,,,,28.0,0.010455590798513813,True,historical_seen,mechanism_diagnostic,True,False,False,False,False,False,False,True
normal_formation_return,HIGH_RETURN,10,period,,,,,,,,,,,,,29.0,,False,historical_seen,mechanism_diagnostic,True,False,False,False,False,False,False,True
normal_formation_return,HIGH_RETURN,10,period,,,,,,,,,,,,,30.0,,False,historical_seen,mechanism_diagnostic,True,False,False,False,False,False,False,True
normal_formation_return,HIGH_RETURN,10,period,,,,,,,,,,,,,31.0,,False,historical_seen,mechanism_diagnostic,True,False,False,False,False,False,False,True
normal_formation_return,HIGH_RETURN,10,period,,,,,,,,,,,,,32.0,-0.009898130061195281,True,historical_seen,mechanism_diagnostic,True,False,False,False,False,False,False,True
normal_formation_return,HIGH_RETURN,10,period,,,,,,,,,,,,,33.0,,False,historical_seen,mechanism_diagnostic,True,False,False,False,False,False,False,True
normal_formation_return,HIGH_RETURN,10,period,,,,,,,,,,,,,34.0,-0.026821253972559383,True,historical_seen,mechanism_diagnostic,True,False,False,False,False,False,False,True
normal_formation_return,HIGH_RETURN,10,period,,,,,,,,,,,,,35.0,,False,historical_seen,mechanism_diagnostic,True,False,False,False,False,False,False,True
normal_formation_return,HIGH_RETURN,10,period,,,,,,,,,,,,,36.0,-0.02972331349231613,True,historical_seen,mechanism_diagnostic,True,False,False,False,False,False,False,True
normal_formation_return,HIGH_RETURN,10,period,,,,,,,,,,,,,37.0,-0.08099001809727346,True,historical_seen,mechanism_diagnostic,True,False,False,False,False,False,False,True
normal_formation_return,HIGH_RETURN,10,period,,,,,,,,,,,,,38.0,-0.04506946211825656,True,historical_seen,mechanism_diagnostic,True,False,False,False,False,False,False,True
normal_formation_return,HIGH_RETURN,10,period,,,,,,,,,,,,,39.0,-0.04719048448128059,True,historical_seen,mechanism_diagnostic,True,False,False,False,False,False,False,True
normal_formation_return,HIGH_RETURN,10,period,,,,,,,,,,,,,40.0,0.012526251310885708,True,historical_seen,mechanism_diagnostic,True,False,False,False,False,False,False,True
normal_formation_return,HIGH_RETURN,10,period,,,,,,,,,,,,,41.0,-0.0012898300278516295,True,historical_seen,mechanism_diagnostic,True,False,False,False,False,False,False,True
normal_formation_return,HIGH_RETURN,10,period,,,,,,,,,,,,,42.0,-0.031588880713930345,True,historical_seen,mechanism_diagnostic,True,False,False,False,False,False,False,True
normal_formation_return,HIGH_RETURN,10,period,,,,,,,,,,,,,43.0,,False,historical_seen,mechanism_diagnostic,True,False,False,False,False,False,False,True
normal_formation_return,HIGH_RETURN,10,period,,,,,,,,,,,,,44.0,,False,historical_seen,mechanism_diagnostic,True,False,False,False,False,False,False,True
normal_formation_return,HIGH_RETURN,10,period,,,,,,,,,,,,,45.0,,False,historical_seen,mechanism_diagnostic,True,False,False,False,False,False,False,True
normal_formation_return,HIGH_RETURN,10,period,,,,,,,,,,,,,46.0,,False,historical_seen,mechanism_diagnostic,True,False,False,False,False,False,False,True
normal_formation_return,HIGH_RETURN,10,period,,,,,,,,,,,,,47.0,,False,historical_seen,mechanism_diagnostic,True,False,False,False,False,False,False,True
normal_formation_return,HIGH_RETURN,10,period,,,,,,,,,,,,,48.0,0.0029367036698667998,True,historical_seen,mechanism_diagnostic,True,False,False,False,False,False,False,True
normal_formation_return,HIGH_RETURN,10,period,,,,,,,,,,,,,49.0,-0.07252295145293036,True,historical_seen,mechanism_diagnostic,True,False,False,False,False,False,False,True
normal_formation_return,HIGH_RETURN,10,period,,,,,,,,,,,,,50.0,0.016579998475538954,True,historical_seen,mechanism_diagnostic,True,False,False,False,False,False,False,True
normal_formation_return,HIGH_RETURN,10,period,,,,,,,,,,,,,51.0,-0.022722856621828016,True,historical_seen,mechanism_diagnostic,True,False,False,False,False,False,False,True
normal_formation_return,HIGH_RETURN,10,period,,,,,,,,,,,,,52.0,,False,historical_seen,mechanism_diagnostic,True,False,False,False,False,False,False,True
normal_formation_return,HIGH_RETURN,10,period,,,,,,,,,,,,,53.0,0.011004288514958032,True,historical_seen,mechanism_diagnostic,True,False,False,False,False,False,False,True
normal_formation_return,HIGH_RETURN,10,period,,,,,,,,,,,,,54.0,,False,historical_seen,mechanism_diagnostic,True,False,False,False,False,False,False,True
normal_formation_return,HIGH_RETURN,10,period,,,,,,,,,,,,,55.0,,False,historical_seen,mechanism_diagnostic,True,False,False,False,False,False,False,True
normal_formation_return,HIGH_RETURN,10,period,,,,,,,,,,,,,56.0,-0.06097584983816402,True,historical_seen,mechanism_diagnostic,True,False,False,False,False,False,False,True
normal_formation_return,LOSER_MINUS_WINNER,10,summary,5.0,-0.003839181913532083,0.0035365788395628796,0.6,0.4,0.8,-0.016472250610083564,0.008793886783019397,3|4|5|6|7|8|9|10|11|12|13|14|16|17|18|19|21|22|23|24|25|26|27|28|29|30|31|32|33|34|35|37|38|39|40|41|42|43|44|45|46|47|49|50|51|52|54|55|56,3.0,10000.0,20260721.0,,,,historical_seen,mechanism_diagnostic,True,False,False,False,False,False,False,True
normal_formation_return,LOSER_MINUS_WINNER,10,period,,,,,,,,,,,,,3.0,,False,historical_seen,mechanism_diagnostic,True,False,False,False,False,False,False,True
normal_formation_return,LOSER_MINUS_WINNER,10,period,,,,,,,,,,,,,4.0,,False,historical_seen,mechanism_diagnostic,True,False,False,False,False,False,False,True
normal_formation_return,LOSER_MINUS_WINNER,10,period,,,,,,,,,,,,,5.0,,False,historical_seen,mechanism_diagnostic,True,False,False,False,False,False,False,True
normal_formation_return,LOSER_MINUS_WINNER,10,period,,,,,,,,,,,,,6.0,,False,historical_seen,mechanism_diagnostic,True,False,False,False,False,False,False,True
normal_formation_return,LOSER_MINUS_WINNER,10,period,,,,,,,,,,,,,7.0,,False,historical_seen,mechanism_diagnostic,True,False,False,False,False,False,False,True
normal_formation_return,LOSER_MINUS_WINNER,10,period,,,,,,,,,,,,,8.0,,False,historical_seen,mechanism_diagnostic,True,False,False,False,False,False,False,True
normal_formation_return,LOSER_MINUS_WINNER,10,period,,,,,,,,,,,,,9.0,,False,historical_seen,mechanism_diagnostic,True,False,False,False,False,False,False,True
normal_formation_return,LOSER_MINUS_WINNER,10,period,,,,,,,,,,,,,10.0,,False,historical_seen,mechanism_diagnostic,True,False,False,False,False,False,False,True
normal_formation_return,LOSER_MINUS_WINNER,10,period,,,,,,,,,,,,,11.0,,False,historical_seen,mechanism_diagnostic,True,False,False,False,False,False,False,True
normal_formation_return,LOSER_MINUS_WINNER,10,period,,,,,,,,,,,,,12.0,,False,historical_seen,mechanism_diagnostic,True,False,False,False,False,False,False,True
normal_formation_return,LOSER_MINUS_WINNER,10,period,,,,,,,,,,,,,13.0,,False,historical_seen,mechanism_diagnostic,True,False,False,False,False,False,False,True
normal_formation_return,LOSER_MINUS_WINNER,10,period,,,,,,,,,,,,,14.0,,False,historical_seen,mechanism_diagnostic,True,False,False,False,False,False,False,True
normal_formation_return,LOSER_MINUS_WINNER,10,period,,,,,,,,,,,,,15.0,0.01859483399089576,True,historical_seen,mechanism_diagnostic,True,False,False,False,False,False,False,True
normal_formation_return,LOSER_MINUS_WINNER,10,period,,,,,,,,,,,,,16.0,,False,historical_seen,mechanism_diagnostic,True,False,False,False,False,False,False,True
normal_formation_return,LOSER_MINUS_WINNER,10,period,,,,,,,,,,,,,17.0,,False,historical_seen,mechanism_diagnostic,True,False,False,False,False,False,False,True
normal_formation_return,LOSER_MINUS_WINNER,10,period,,,,,,,,,,,,,18.0,,False,historical_seen,mechanism_diagnostic,True,False,False,False,False,False,False,True
normal_formation_return,LOSER_MINUS_WINNER,10,period,,,,,,,,,,,,,19.0,,False,historical_seen,mechanism_diagnostic,True,False,False,False,False,False,False,True
normal_formation_return,LOSER_MINUS_WINNER,10,period,,,,,,,,,,,,,20.0,0.0035365788395628796,True,historical_seen,mechanism_diagnostic,True,False,False,False,False,False,False,True
normal_formation_return,LOSER_MINUS_WINNER,10,period,,,,,,,,,,,,,21.0,,False,historical_seen,mechanism_diagnostic,True,False,False,False,False,False,False,True
normal_formation_return,LOSER_MINUS_WINNER,10,period,,,,,,,,,,,,,22.0,,False,historical_seen,mechanism_diagnostic,True,False,False,False,False,False,False,True
normal_formation_return,LOSER_MINUS_WINNER,10,period,,,,,,,,,,,,,23.0,,False,historical_seen,mechanism_diagnostic,True,False,False,False,False,False,False,True
normal_formation_return,LOSER_MINUS_WINNER,10,period,,,,,,,,,,,,,24.0,,False,historical_seen,mechanism_diagnostic,True,False,False,False,False,False,False,True
normal_formation_return,LOSER_MINUS_WINNER,10,period,,,,,,,,,,,,,25.0,,False,historical_seen,mechanism_diagnostic,True,False,False,False,False,False,False,True
normal_formation_return,LOSER_MINUS_WINNER,10,period,,,,,,,,,,,,,26.0,,False,historical_seen,mechanism_diagnostic,True,False,False,False,False,False,False,True
normal_formation_return,LOSER_MINUS_WINNER,10,period,,,,,,,,,,,,,27.0,,False,historical_seen,mechanism_diagnostic,True,False,False,False,False,False,False,True
normal_formation_return,LOSER_MINUS_WINNER,10,period,,,,,,,,,,,,,28.0,,False,historical_seen,mechanism_diagnostic,True,False,False,False,False,False,False,True
normal_formation_return,LOSER_MINUS_WINNER,10,period,,,,,,,,,,,,,29.0,,False,historical_seen,mechanism_diagnostic,True,False,False,False,False,False,False,True
normal_formation_return,LOSER_MINUS_WINNER,10,period,,,,,,,,,,,,,30.0,,False,historical_seen,mechanism_diagnostic,True,False,False,False,False,False,False,True
normal_formation_return,LOSER_MINUS_WINNER,10,period,,,,,,,,,,,,,31.0,,False,historical_seen,mechanism_diagnostic,True,False,False,False,False,False,False,True
normal_formation_return,LOSER_MINUS_WINNER,10,period,,,,,,,,,,,,,32.0,,False,historical_seen,mechanism_diagnostic,True,False,False,False,False,False,False,True
normal_formation_return,LOSER_MINUS_WINNER,10,period,,,,,,,,,,,,,33.0,,False,historical_seen,mechanism_diagnostic,True,False,False,False,False,False,False,True
normal_formation_return,LOSER_MINUS_WINNER,10,period,,,,,,,,,,,,,34.0,,False,historical_seen,mechanism_diagnostic,True,False,False,False,False,False,False,True
normal_formation_return,LOSER_MINUS_WINNER,10,period,,,,,,,,,,,,,35.0,,False,historical_seen,mechanism_diagnostic,True,False,False,False,False,False,False,True
normal_formation_return,LOSER_MINUS_WINNER,10,period,,,,,,,,,,,,,36.0,-0.048407697315812015,True,historical_seen,mechanism_diagnostic,True,False,False,False,False,False,False,True
normal_formation_return,LOSER_MINUS_WINNER,10,period,,,,,,,,,,,,,37.0,,False,historical_seen,mechanism_diagnostic,True,False,False,False,False,False,False,True
normal_formation_return,LOSER_MINUS_WINNER,10,period,,,,,,,,,,,,,38.0,,False,historical_seen,mechanism_diagnostic,True,False,False,False,False,False,False,True
normal_formation_return,LOSER_MINUS_WINNER,10,period,,,,,,,,,,,,,39.0,,False,historical_seen,mechanism_diagnostic,True,False,False,False,False,False,False,True
normal_formation_return,LOSER_MINUS_WINNER,10,period,,,,,,,,,,,,,40.0,,False,historical_seen,mechanism_diagnostic,True,False,False,False,False,False,False,True
normal_formation_return,LOSER_MINUS_WINNER,10,period,,,,,,,,,,,,,41.0,,False,historical_seen,mechanism_diagnostic,True,False,False,False,False,False,False,True
normal_formation_return,LOSER_MINUS_WINNER,10,period,,,,,,,,,,,,,42.0,,False,historical_seen,mechanism_diagnostic,True,False,False,False,False,False,False,True
normal_formation_return,LOSER_MINUS_WINNER,10,period,,,,,,,,,,,,,43.0,,False,historical_seen,mechanism_diagnostic,True,False,False,False,False,False,False,True
normal_formation_return,LOSER_MINUS_WINNER,10,period,,,,,,,,,,,,,44.0,,False,historical_seen,mechanism_diagnostic,True,False,False,False,False,False,False,True
normal_formation_return,LOSER_MINUS_WINNER,10,period,,,,,,,,,,,,,45.0,,False,historical_seen,mechanism_diagnostic,True,False,False,False,False,False,False,True
normal_formation_return,LOSER_MINUS_WINNER,10,period,,,,,,,,,,,,,46.0,,False,historical_seen,mechanism_diagnostic,True,False,False,False,False,False,False,True
normal_formation_return,LOSER_MINUS_WINNER,10,period,,,,,,,,,,,,,47.0,,False,historical_seen,mechanism_diagnostic,True,False,False,False,False,False,False,True
normal_formation_return,LOSER_MINUS_WINNER,10,period,,,,,,,,,,,,,48.0,0.00738098390208046,True,historical_seen,mechanism_diagnostic,True,False,False,False,False,False,False,True
normal_formation_return,LOSER_MINUS_WINNER,10,period,,,,,,,,,,,,,49.0,,False,historical_seen,mechanism_diagnostic,True,False,False,False,False,False,False,True
normal_formation_return,LOSER_MINUS_WINNER,10,period,,,,,,,,,,,,,50.0,,False,historical_seen,mechanism_diagnostic,True,False,False,False,False,False,False,True
normal_formation_return,LOSER_MINUS_WINNER,10,period,,,,,,,,,,,,,51.0,,False,historical_seen,mechanism_diagnostic,True,False,False,False,False,False,False,True
normal_formation_return,LOSER_MINUS_WINNER,10,period,,,,,,,,,,,,,52.0,,False,historical_seen,mechanism_diagnostic,True,False,False,False,False,False,False,True
normal_formation_return,LOSER_MINUS_WINNER,10,period,,,,,,,,,,,,,53.0,-0.0003006089843874994,True,historical_seen,mechanism_diagnostic,True,False,False,False,False,False,False,True
normal_formation_return,LOSER_MINUS_WINNER,10,period,,,,,,,,,,,,,54.0,,False,historical_seen,mechanism_diagnostic,True,False,False,False,False,False,False,True
normal_formation_return,LOSER_MINUS_WINNER,10,period,,,,,,,,,,,,,55.0,,False,historical_seen,mechanism_diagnostic,True,False,False,False,False,False,False,True
normal_formation_return,LOSER_MINUS_WINNER,10,period,,,,,,,,,,,,,56.0,,False,historical_seen,mechanism_diagnostic,True,False,False,False,False,False,False,True
normal_formation_return,LOW_RETURN,20,summary,5.0,-0.02168387267040376,-0.03294118499848936,0.4,0.6,1.0,-0.048095247496766455,0.0047275021559589365,3|4|5|6|7|8|9|10|11|12|13|14|16|17|18|19|21|22|23|24|25|26|27|28|29|30|31|32|33|34|35|37|38|39|40|41|42|43|44|45|46|47|49|50|51|52|54|55|56,3.0,10000.0,20260721.0,,,,historical_seen,mechanism_diagnostic,True,False,False,False,False,False,False,True
normal_formation_return,LOW_RETURN,20,period,,,,,,,,,,,,,3.0,,False,historical_seen,mechanism_diagnostic,True,False,False,False,False,False,False,True
normal_formation_return,LOW_RETURN,20,period,,,,,,,,,,,,,4.0,,False,historical_seen,mechanism_diagnostic,True,False,False,False,False,False,False,True
normal_formation_return,LOW_RETURN,20,period,,,,,,,,,,,,,5.0,,False,historical_seen,mechanism_diagnostic,True,False,False,False,False,False,False,True
normal_formation_return,LOW_RETURN,20,period,,,,,,,,,,,,,6.0,,False,historical_seen,mechanism_diagnostic,True,False,False,False,False,False,False,True
normal_formation_return,LOW_RETURN,20,period,,,,,,,,,,,,,7.0,,False,historical_seen,mechanism_diagnostic,True,False,False,False,False,False,False,True
normal_formation_return,LOW_RETURN,20,period,,,,,,,,,,,,,8.0,,False,historical_seen,mechanism_diagnostic,True,False,False,False,False,False,False,True
normal_formation_return,LOW_RETURN,20,period,,,,,,,,,,,,,9.0,,False,historical_seen,mechanism_diagnostic,True,False,False,False,False,False,False,True
normal_formation_return,LOW_RETURN,20,period,,,,,,,,,,,,,10.0,,False,historical_seen,mechanism_diagnostic,True,False,False,False,False,False,False,True
normal_formation_return,LOW_RETURN,20,period,,,,,,,,,,,,,11.0,,False,historical_seen,mechanism_diagnostic,True,False,False,False,False,False,False,True
normal_formation_return,LOW_RETURN,20,period,,,,,,,,,,,,,12.0,,False,historical_seen,mechanism_diagnostic,True,False,False,False,False,False,False,True
normal_formation_return,LOW_RETURN,20,period,,,,,,,,,,,,,13.0,,False,historical_seen,mechanism_diagnostic,True,False,False,False,False,False,False,True
normal_formation_return,LOW_RETURN,20,period,,,,,,,,,,,,,14.0,,False,historical_seen,mechanism_diagnostic,True,False,False,False,False,False,False,True
normal_formation_return,LOW_RETURN,20,period,,,,,,,,,,,,,15.0,-0.040493861684107124,True,historical_seen,mechanism_diagnostic,True,False,False,False,False,False,False,True
normal_formation_return,LOW_RETURN,20,period,,,,,,,,,,,,,16.0,,False,historical_seen,mechanism_diagnostic,True,False,False,False,False,False,False,True
normal_formation_return,LOW_RETURN,20,period,,,,,,,,,,,,,17.0,,False,historical_seen,mechanism_diagnostic,True,False,False,False,False,False,False,True
normal_formation_return,LOW_RETURN,20,period,,,,,,,,,,,,,18.0,,False,historical_seen,mechanism_diagnostic,True,False,False,False,False,False,False,True
normal_formation_return,LOW_RETURN,20,period,,,,,,,,,,,,,19.0,,False,historical_seen,mechanism_diagnostic,True,False,False,False,False,False,False,True
normal_formation_return,LOW_RETURN,20,period,,,,,,,,,,,,,20.0,-0.03294118499848936,True,historical_seen,mechanism_diagnostic,True,False,False,False,False,False,False,True
normal_formation_return,LOW_RETURN,20,period,,,,,,,,,,,,,21.0,,False,historical_seen,mechanism_diagnostic,True,False,False,False,False,False,False,True
normal_formation_return,LOW_RETURN,20,period,,,,,,,,,,,,,22.0,,False,historical_seen,mechanism_diagnostic,True,False,False,False,False,False,False,True
normal_formation_return,LOW_RETURN,20,period,,,,,,,,,,,,,23.0,,False,historical_seen,mechanism_diagnostic,True,False,False,False,False,False,False,True
normal_formation_return,LOW_RETURN,20,period,,,,,,,,,,,,,24.0,,False,historical_seen,mechanism_diagnostic,True,False,False,False,False,False,False,True
normal_formation_return,LOW_RETURN,20,period,,,,,,,,,,,,,25.0,,False,historical_seen,mechanism_diagnostic,True,False,False,False,False,False,False,True
normal_formation_return,LOW_RETURN,20,period,,,,,,,,,,,,,26.0,,False,historical_seen,mechanism_diagnostic,True,False,False,False,False,False,False,True
normal_formation_return,LOW_RETURN,20,period,,,,,,,,,,,,,27.0,,False,historical_seen,mechanism_diagnostic,True,False,False,False,False,False,False,True
normal_formation_return,LOW_RETURN,20,period,,,,,,,,,,,,,28.0,,False,historical_seen,mechanism_diagnostic,True,False,False,False,False,False,False,True
normal_formation_return,LOW_RETURN,20,period,,,,,,,,,,,,,29.0,,False,historical_seen,mechanism_diagnostic,True,False,False,False,False,False,False,True
normal_formation_return,LOW_RETURN,20,period,,,,,,,,,,,,,30.0,,False,historical_seen,mechanism_diagnostic,True,False,False,False,False,False,False,True
normal_formation_return,LOW_RETURN,20,period,,,,,,,,,,,,,31.0,,False,historical_seen,mechanism_diagnostic,True,False,False,False,False,False,False,True
normal_formation_return,LOW_RETURN,20,period,,,,,,,,,,,,,32.0,,False,historical_seen,mechanism_diagnostic,True,False,False,False,False,False,False,True
normal_formation_return,LOW_RETURN,20,period,,,,,,,,,,,,,33.0,,False,historical_seen,mechanism_diagnostic,True,False,False,False,False,False,False,True
normal_formation_return,LOW_RETURN,20,period,,,,,,,,,,,,,34.0,,False,historical_seen,mechanism_diagnostic,True,False,False,False,False,False,False,True
normal_formation_return,LOW_RETURN,20,period,,,,,,,,,,,,,35.0,,False,historical_seen,mechanism_diagnostic,True,False,False,False,False,False,False,True
normal_formation_return,LOW_RETURN,20,period,,,,,,,,,,,,,36.0,-0.09139837590710967,True,historical_seen,mechanism_diagnostic,True,False,False,False,False,False,False,True
normal_formation_return,LOW_RETURN,20,period,,,,,,,,,,,,,37.0,,False,historical_seen,mechanism_diagnostic,True,False,False,False,False,False,False,True
normal_formation_return,LOW_RETURN,20,period,,,,,,,,,,,,,38.0,,False,historical_seen,mechanism_diagnostic,True,False,False,False,False,False,False,True
normal_formation_return,LOW_RETURN,20,period,,,,,,,,,,,,,39.0,,False,historical_seen,mechanism_diagnostic,True,False,False,False,False,False,False,True
normal_formation_return,LOW_RETURN,20,period,,,,,,,,,,,,,40.0,,False,historical_seen,mechanism_diagnostic,True,False,False,False,False,False,False,True
normal_formation_return,LOW_RETURN,20,period,,,,,,,,,,,,,41.0,,False,historical_seen,mechanism_diagnostic,True,False,False,False,False,False,False,True
normal_formation_return,LOW_RETURN,20,period,,,,,,,,,,,,,42.0,,False,historical_seen,mechanism_diagnostic,True,False,False,False,False,False,False,True
normal_formation_return,LOW_RETURN,20,period,,,,,,,,,,,,,43.0,,False,historical_seen,mechanism_diagnostic,True,False,False,False,False,False,False,True
normal_formation_return,LOW_RETURN,20,period,,,,,,,,,,,,,44.0,,False,historical_seen,mechanism_diagnostic,True,False,False,False,False,False,False,True
normal_formation_return,LOW_RETURN,20,period,,,,,,,,,,,,,45.0,,False,historical_seen,mechanism_diagnostic,True,False,False,False,False,False,False,True
normal_formation_return,LOW_RETURN,20,period,,,,,,,,,,,,,46.0,,False,historical_seen,mechanism_diagnostic,True,False,False,False,False,False,False,True
normal_formation_return,LOW_RETURN,20,period,,,,,,,,,,,,,47.0,,False,historical_seen,mechanism_diagnostic,True,False,False,False,False,False,False,True
normal_formation_return,LOW_RETURN,20,period,,,,,,,,,,,,,48.0,0.01575556101298354,True,historical_seen,mechanism_diagnostic,True,False,False,False,False,False,False,True
normal_formation_return,LOW_RETURN,20,period,,,,,,,,,,,,,49.0,,False,historical_seen,mechanism_diagnostic,True,False,False,False,False,False,False,True
normal_formation_return,LOW_RETURN,20,period,,,,,,,,,,,,,50.0,,False,historical_seen,mechanism_diagnostic,True,False,False,False,False,False,False,True
normal_formation_return,LOW_RETURN,20,period,,,,,,,,,,,,,51.0,,False,historical_seen,mechanism_diagnostic,True,False,False,False,False,False,False,True
normal_formation_return,LOW_RETURN,20,period,,,,,,,,,,,,,52.0,,False,historical_seen,mechanism_diagnostic,True,False,False,False,False,False,False,True
normal_formation_return,LOW_RETURN,20,period,,,,,,,,,,,,,53.0,0.04065849822470381,True,historical_seen,mechanism_diagnostic,True,False,False,False,False,False,False,True
normal_formation_return,LOW_RETURN,20,period,,,,,,,,,,,,,54.0,,False,historical_seen,mechanism_diagnostic,True,False,False,False,False,False,False,True
normal_formation_return,LOW_RETURN,20,period,,,,,,,,,,,,,55.0,,False,historical_seen,mechanism_diagnostic,True,False,False,False,False,False,False,True
normal_formation_return,LOW_RETURN,20,period,,,,,,,,,,,,,56.0,,False,historical_seen,mechanism_diagnostic,True,False,False,False,False,False,False,True
normal_formation_return,MID_RETURN,20,summary,15.0,0.0059357401276914435,-0.00713962620948333,0.3333333333333333,0.3333333333333333,1.0,-0.005063242967131986,0.016900371412247147,3|7|10|11|12|13|14|16|18|19|21|22|24|25|26|27|29|30|31|32|33|34|35|37|38|40|41|42|43|44|45|46|47|49|50|52|54|55|56,3.0,10000.0,20260721.0,,,,historical_seen,mechanism_diagnostic,True,False,False,False,False,False,False,True
normal_formation_return,MID_RETURN,20,period,,,,,,,,,,,,,3.0,,False,historical_seen,mechanism_diagnostic,True,False,False,False,False,False,False,True
normal_formation_return,MID_RETURN,20,period,,,,,,,,,,,,,4.0,0.034492158237158996,True,historical_seen,mechanism_diagnostic,True,False,False,False,False,False,False,True
normal_formation_return,MID_RETURN,20,period,,,,,,,,,,,,,5.0,0.06660591386555674,True,historical_seen,mechanism_diagnostic,True,False,False,False,False,False,False,True
normal_formation_return,MID_RETURN,20,period,,,,,,,,,,,,,6.0,-0.010850024487314765,True,historical_seen,mechanism_diagnostic,True,False,False,False,False,False,False,True
normal_formation_return,MID_RETURN,20,period,,,,,,,,,,,,,7.0,,False,historical_seen,mechanism_diagnostic,True,False,False,False,False,False,False,True
normal_formation_return,MID_RETURN,20,period,,,,,,,,,,,,,8.0,-0.020565370959264657,True,historical_seen,mechanism_diagnostic,True,False,False,False,False,False,False,True
normal_formation_return,MID_RETURN,20,period,,,,,,,,,,,,,9.0,0.056811711832449645,True,historical_seen,mechanism_diagnostic,True,False,False,False,False,False,False,True
normal_formation_return,MID_RETURN,20,period,,,,,,,,,,,,,10.0,,False,historical_seen,mechanism_diagnostic,True,False,False,False,False,False,False,True
normal_formation_return,MID_RETURN,20,period,,,,,,,,,,,,,11.0,,False,historical_seen,mechanism_diagnostic,True,False,False,False,False,False,False,True
normal_formation_return,MID_RETURN,20,period,,,,,,,,,,,,,12.0,,False,historical_seen,mechanism_diagnostic,True,False,False,False,False,False,False,True
normal_formation_return,MID_RETURN,20,period,,,,,,,,,,,,,13.0,,False,historical_seen,mechanism_diagnostic,True,False,False,False,False,False,False,True
normal_formation_return,MID_RETURN,20,period,,,,,,,,,,,,,14.0,,False,historical_seen,mechanism_diagnostic,True,False,False,False,False,False,False,True
normal_formation_return,MID_RETURN,20,period,,,,,,,,,,,,,15.0,0.02293625299695805,True,historical_seen,mechanism_diagnostic,True,False,False,False,False,False,False,True
normal_formation_return,MID_RETURN,20,period,,,,,,,,,,,,,16.0,,False,historical_seen,mechanism_diagnostic,True,False,False,False,False,False,False,True
normal_formation_return,MID_RETURN,20,period,,,,,,,,,,,,,17.0,-0.014034092484730296,True,historical_seen,mechanism_diagnostic,True,False,False,False,False,False,False,True
normal_formation_return,MID_RETURN,20,period,,,,,,,,,,,,,18.0,,False,historical_seen,mechanism_diagnostic,True,False,False,False,False,False,False,True
normal_formation_return,MID_RETURN,20,period,,,,,,,,,,,,,19.0,,False,historical_seen,mechanism_diagnostic,True,False,False,False,False,False,False,True
normal_formation_return,MID_RETURN,20,period,,,,,,,,,,,,,20.0,-0.010232499023704274,True,historical_seen,mechanism_diagnostic,True,False,False,False,False,False,False,True
normal_formation_return,MID_RETURN,20,period,,,,,,,,,,,,,21.0,,False,historical_seen,mechanism_diagnostic,True,False,False,False,False,False,False,True
normal_formation_return,MID_RETURN,20,period,,,,,,,,,,,,,22.0,,False,historical_seen,mechanism_diagnostic,True,False,False,False,False,False,False,True
normal_formation_return,MID_RETURN,20,period,,,,,,,,,,,,,23.0,-0.00018025991897412108,True,historical_seen,mechanism_diagnostic,True,False,False,False,False,False,False,True
normal_formation_return,MID_RETURN,20,period,,,,,,,,,,,,,24.0,,False,historical_seen,mechanism_diagnostic,True,False,False,False,False,False,False,True
normal_formation_return,MID_RETURN,20,period,,,,,,,,,,,,,25.0,,False,historical_seen,mechanism_diagnostic,True,False,False,False,False,False,False,True
normal_formation_return,MID_RETURN,20,period,,,,,,,,,,,,,26.0,,False,historical_seen,mechanism_diagnostic,True,False,False,False,False,False,False,True
normal_formation_return,MID_RETURN,20,period,,,,,,,,,,,,,27.0,,False,historical_seen,mechanism_diagnostic,True,False,False,False,False,False,False,True
normal_formation_return,MID_RETURN,20,period,,,,,,,,,,,,,28.0,0.043813313261778904,True,historical_seen,mechanism_diagnostic,True,False,False,False,False,False,False,True
normal_formation_return,MID_RETURN,20,period,,,,,,,,,,,,,29.0,,False,historical_seen,mechanism_diagnostic,True,False,False,False,False,False,False,True
normal_formation_return,MID_RETURN,20,period,,,,,,,,,,,,,30.0,,False,historical_seen,mechanism_diagnostic,True,False,False,False,False,False,False,True
normal_formation_return,MID_RETURN,20,period,,,,,,,,,,,,,31.0,,False,historical_seen,mechanism_diagnostic,True,False,False,False,False,False,False,True
normal_formation_return,MID_RETURN,20,period,,,,,,,,,,,,,32.0,,False,historical_seen,mechanism_diagnostic,True,False,False,False,False,False,False,True
normal_formation_return,MID_RETURN,20,period,,,,,,,,,,,,,33.0,,False,historical_seen,mechanism_diagnostic,True,False,False,False,False,False,False,True
normal_formation_return,MID_RETURN,20,period,,,,,,,,,,,,,34.0,,False,historical_seen,mechanism_diagnostic,True,False,False,False,False,False,False,True
normal_formation_return,MID_RETURN,20,period,,,,,,,,,,,,,35.0,,False,historical_seen,mechanism_diagnostic,True,False,False,False,False,False,False,True
normal_formation_return,MID_RETURN,20,period,,,,,,,,,,,,,36.0,-0.04046339938251903,True,historical_seen,mechanism_diagnostic,True,False,False,False,False,False,False,True
normal_formation_return,MID_RETURN,20,period,,,,,,,,,,,,,37.0,,False,historical_seen,mechanism_diagnostic,True,False,False,False,False,False,False,True
normal_formation_return,MID_RETURN,20,period,,,,,,,,,,,,,38.0,,False,historical_seen,mechanism_diagnostic,True,False,False,False,False,False,False,True
normal_formation_return,MID_RETURN,20,period,,,,,,,,,,,,,39.0,-0.020881698063577467,True,historical_seen,mechanism_diagnostic,True,False,False,False,False,False,False,True
normal_formation_return,MID_RETURN,20,period,,,,,,,,,,,,,40.0,,False,historical_seen,mechanism_diagnostic,True,False,False,False,False,False,False,True
normal_formation_return,MID_RETURN,20,period,,,,,,,,,,,,,41.0,,False,historical_seen,mechanism_diagnostic,True,False,False,False,False,False,False,True
normal_formation_return,MID_RETURN,20,period,,,,,,,,,,,,,42.0,,False,historical_seen,mechanism_diagnostic,True,False,False,False,False,False,False,True
normal_formation_return,MID_RETURN,20,period,,,,,,,,,,,,,43.0,,False,historical_seen,mechanism_diagnostic,True,False,False,False,False,False,False,True
normal_formation_return,MID_RETURN,20,period,,,,,,,,,,,,,44.0,,False,historical_seen,mechanism_diagnostic,True,False,False,False,False,False,False,True
normal_formation_return,MID_RETURN,20,period,,,,,,,,,,,,,45.0,,False,historical_seen,mechanism_diagnostic,True,False,False,False,False,False,False,True
normal_formation_return,MID_RETURN,20,period,,,,,,,,,,,,,46.0,,False,historical_seen,mechanism_diagnostic,True,False,False,False,False,False,False,True
normal_formation_return,MID_RETURN,20,period,,,,,,,,,,,,,47.0,,False,historical_seen,mechanism_diagnostic,True,False,False,False,False,False,False,True
normal_formation_return,MID_RETURN,20,period,,,,,,,,,,,,,48.0,-0.00713962620948333,True,historical_seen,mechanism_diagnostic,True,False,False,False,False,False,False,True
normal_formation_return,MID_RETURN,20,period,,,,,,,,,,,,,49.0,,False,historical_seen,mechanism_diagnostic,True,False,False,False,False,False,False,True
normal_formation_return,MID_RETURN,20,period,,,,,,,,,,,,,50.0,,False,historical_seen,mechanism_diagnostic,True,False,False,False,False,False,False,True
normal_formation_return,MID_RETURN,20,period,,,,,,,,,,,,,51.0,-0.0033090313799159082,True,historical_seen,mechanism_diagnostic,True,False,False,False,False,False,False,True
normal_formation_return,MID_RETURN,20,period,,,,,,,,,,,,,52.0,,False,historical_seen,mechanism_diagnostic,True,False,False,False,False,False,False,True
normal_formation_return,MID_RETURN,20,period,,,,,,,,,,,,,53.0,-0.00796724636904686,True,historical_seen,mechanism_diagnostic,True,False,False,False,False,False,False,True
normal_formation_return,MID_RETURN,20,period,,,,,,,,,,,,,54.0,,False,historical_seen,mechanism_diagnostic,True,False,False,False,False,False,False,True
normal_formation_return,MID_RETURN,20,period,,,,,,,,,,,,,55.0,,False,historical_seen,mechanism_diagnostic,True,False,False,False,False,False,False,True
normal_formation_return,MID_RETURN,20,period,,,,,,,,,,,,,56.0,,False,historical_seen,mechanism_diagnostic,True,False,False,False,False,False,False,True
normal_formation_return,HIGH_RETURN,20,summary,33.0,-0.018969954490491155,-0.01630740780611662,0.30303030303030304,0.696969696969697,1.0,-0.03147792174201802,-0.006638334366330521,4|7|9|11|13|18|21|22|29|30|31|33|35|43|44|45|46|47|52|54|55,3.0,10000.0,20260721.0,,,,historical_seen,mechanism_diagnostic,True,False,False,False,False,False,False,True
normal_formation_return,HIGH_RETURN,20,period,,,,,,,,,,,,,3.0,0.024209608977720336,True,historical_seen,mechanism_diagnostic,True,False,False,False,False,False,False,True
normal_formation_return,HIGH_RETURN,20,period,,,,,,,,,,,,,4.0,,False,historical_seen,mechanism_diagnostic,True,False,False,False,False,False,False,True
normal_formation_return,HIGH_RETURN,20,period,,,,,,,,,,,,,5.0,0.02670883882067773,True,historical_seen,mechanism_diagnostic,True,False,False,False,False,False,False,True
normal_formation_return,HIGH_RETURN,20,period,,,,,,,,,,,,,6.0,-0.07720806457196383,True,historical_seen,mechanism_diagnostic,True,False,False,False,False,False,False,True
normal_formation_return,HIGH_RETURN,20,period,,,,,,,,,,,,,7.0,,False,historical_seen,mechanism_diagnostic,True,False,False,False,False,False,False,True
normal_formation_return,HIGH_RETURN,20,period,,,,,,,,,,,,,8.0,-0.01805338089273625,True,historical_seen,mechanism_diagnostic,True,False,False,False,False,False,False,True
normal_formation_return,HIGH_RETURN,20,period,,,,,,,,,,,,,9.0,,False,historical_seen,mechanism_diagnostic,True,False,False,False,False,False,False,True
normal_formation_return,HIGH_RETURN,20,period,,,,,,,,,,,,,10.0,0.010608762733225151,True,historical_seen,mechanism_diagnostic,True,False,False,False,False,False,False,True
normal_formation_return,HIGH_RETURN,20,period,,,,,,,,,,,,,11.0,,False,historical_seen,mechanism_diagnostic,True,False,False,False,False,False,False,True
normal_formation_return,HIGH_RETURN,20,period,,,,,,,,,,,,,12.0,-0.03848523510831256,True,historical_seen,mechanism_diagnostic,True,False,False,False,False,False,False,True
normal_formation_return,HIGH_RETURN,20,period,,,,,,,,,,,,,13.0,,False,historical_seen,mechanism_diagnostic,True,False,False,False,False,False,False,True
normal_formation_return,HIGH_RETURN,20,period,,,,,,,,,,,,,14.0,0.06254848015474883,True,historical_seen,mechanism_diagnostic,True,False,False,False,False,False,False,True
normal_formation_return,HIGH_RETURN,20,period,,,,,,,,,,,,,15.0,-0.012741311857677835,True,historical_seen,mechanism_diagnostic,True,False,False,False,False,False,False,True
normal_formation_return,HIGH_RETURN,20,period,,,,,,,,,,,,,16.0,0.02078721198121216,True,historical_seen,mechanism_diagnostic,True,False,False,False,False,False,False,True
normal_formation_return,HIGH_RETURN,20,period,,,,,,,,,,,,,17.0,-0.009253550025194623,True,historical_seen,mechanism_diagnostic,True,False,False,False,False,False,False,True
normal_formation_return,HIGH_RETURN,20,period,,,,,,,,,,,,,18.0,,False,historical_seen,mechanism_diagnostic,True,False,False,False,False,False,False,True
normal_formation_return,HIGH_RETURN,20,period,,,,,,,,,,,,,19.0,-0.01418560698899033,True,historical_seen,mechanism_diagnostic,True,False,False,False,False,False,False,True
normal_formation_return,HIGH_RETURN,20,period,,,,,,,,,,,,,20.0,-0.01944190377358703,True,historical_seen,mechanism_diagnostic,True,False,False,False,False,False,False,True
normal_formation_return,HIGH_RETURN,20,period,,,,,,,,,,,,,21.0,,False,historical_seen,mechanism_diagnostic,True,False,False,False,False,False,False,True
normal_formation_return,HIGH_RETURN,20,period,,,,,,,,,,,,,22.0,,False,historical_seen,mechanism_diagnostic,True,False,False,False,False,False,False,True
normal_formation_return,HIGH_RETURN,20,period,,,,,,,,,,,,,23.0,-0.030821059467285708,True,historical_seen,mechanism_diagnostic,True,False,False,False,False,False,False,True
normal_formation_return,HIGH_RETURN,20,period,,,,,,,,,,,,,24.0,0.014257034582336322,True,historical_seen,mechanism_diagnostic,True,False,False,False,False,False,False,True
normal_formation_return,HIGH_RETURN,20,period,,,,,,,,,,,,,25.0,-0.04565111322953323,True,historical_seen,mechanism_diagnostic,True,False,False,False,False,False,False,True
normal_formation_return,HIGH_RETURN,20,period,,,,,,,,,,,,,26.0,-0.01630740780611662,True,historical_seen,mechanism_diagnostic,True,False,False,False,False,False,False,True
normal_formation_return,HIGH_RETURN,20,period,,,,,,,,,,,,,27.0,-0.07240588607019309,True,historical_seen,mechanism_diagnostic,True,False,False,False,False,False,False,True
normal_formation_return,HIGH_RETURN,20,period,,,,,,,,,,,,,28.0,0.01915812182217889,True,historical_seen,mechanism_diagnostic,True,False,False,False,False,False,False,True
normal_formation_return,HIGH_RETURN,20,period,,,,,,,,,,,,,29.0,,False,historical_seen,mechanism_diagnostic,True,False,False,False,False,False,False,True
normal_formation_return,HIGH_RETURN,20,period,,,,,,,,,,,,,30.0,,False,historical_seen,mechanism_diagnostic,True,False,False,False,False,False,False,True
normal_formation_return,HIGH_RETURN,20,period,,,,,,,,,,,,,31.0,,False,historical_seen,mechanism_diagnostic,True,False,False,False,False,False,False,True
normal_formation_return,HIGH_RETURN,20,period,,,,,,,,,,,,,32.0,-0.012755053918427496,True,historical_seen,mechanism_diagnostic,True,False,False,False,False,False,False,True
normal_formation_return,HIGH_RETURN,20,period,,,,,,,,,,,,,33.0,,False,historical_seen,mechanism_diagnostic,True,False,False,False,False,False,False,True
normal_formation_return,HIGH_RETURN,20,period,,,,,,,,,,,,,34.0,-0.07733897882313526,True,historical_seen,mechanism_diagnostic,True,False,False,False,False,False,False,True
normal_formation_return,HIGH_RETURN,20,period,,,,,,,,,,,,,35.0,,False,historical_seen,mechanism_diagnostic,True,False,False,False,False,False,False,True
normal_formation_return,HIGH_RETURN,20,period,,,,,,,,,,,,,36.0,-0.031848505483072845,True,historical_seen,mechanism_diagnostic,True,False,False,False,False,False,False,True
normal_formation_return,HIGH_RETURN,20,period,,,,,,,,,,,,,37.0,-0.09278475366392824,True,historical_seen,mechanism_diagnostic,True,False,False,False,False,False,False,True
normal_formation_return,HIGH_RETURN,20,period,,,,,,,,,,,,,38.0,-0.06913701742691872,True,historical_seen,mechanism_diagnostic,True,False,False,False,False,False,False,True
normal_formation_return,HIGH_RETURN,20,period,,,,,,,,,,,,,39.0,-0.03241356099794913,True,historical_seen,mechanism_diagnostic,True,False,False,False,False,False,False,True
normal_formation_return,HIGH_RETURN,20,period,,,,,,,,,,,,,40.0,-0.00881966617583357,True,historical_seen,mechanism_diagnostic,True,False,False,False,False,False,False,True
normal_formation_return,HIGH_RETURN,20,period,,,,,,,,,,,,,41.0,0.029585598150780934,True,historical_seen,mechanism_diagnostic,True,False,False,False,False,False,False,True
normal_formation_return,HIGH_RETURN,20,period,,,,,,,,,,,,,42.0,0.06141223156082809,True,historical_seen,mechanism_diagnostic,True,False,False,False,False,False,False,True
normal_formation_return,HIGH_RETURN,20,period,,,,,,,,,,,,,43.0,,False,historical_seen,mechanism_diagnostic,True,False,False,False,False,False,False,True
normal_formation_return,HIGH_RETURN,20,period,,,,,,,,,,,,,44.0,,False,historical_seen,mechanism_diagnostic,True,False,False,False,False,False,False,True
normal_formation_return,HIGH_RETURN,20,period,,,,,,,,,,,,,45.0,,False,historical_seen,mechanism_diagnostic,True,False,False,False,False,False,False,True
normal_formation_return,HIGH_RETURN,20,period,,,,,,,,,,,,,46.0,,False,historical_seen,mechanism_diagnostic,True,False,False,False,False,False,False,True
normal_formation_return,HIGH_RETURN,20,period,,,,,,,,,,,,,47.0,,False,historical_seen,mechanism_diagnostic,True,False,False,False,False,False,False,True
normal_formation_return,HIGH_RETURN,20,period,,,,,,,,,,,,,48.0,-0.012352497431672285,True,historical_seen,mechanism_diagnostic,True,False,False,False,False,False,False,True
normal_formation_return,HIGH_RETURN,20,period,,,,,,,,,,,,,49.0,-0.01684559188746433,True,historical_seen,mechanism_diagnostic,True,False,False,False,False,False,False,True
normal_formation_return,HIGH_RETURN,20,period,,,,,,,,,,,,,50.0,0.009786146478877064,True,historical_seen,mechanism_diagnostic,True,False,False,False,False,False,False,True
normal_formation_return,HIGH_RETURN,20,period,,,,,,,,,,,,,51.0,-0.02526114169533414,True,historical_seen,mechanism_diagnostic,True,False,False,False,False,False,False,True
normal_formation_return,HIGH_RETURN,20,period,,,,,,,,,,,,,52.0,,False,historical_seen,mechanism_diagnostic,True,False,False,False,False,False,False,True
normal_formation_return,HIGH_RETURN,20,period,,,,,,,,,,,,,53.0,-0.08372302319316277,True,historical_seen,mechanism_diagnostic,True,False,False,False,False,False,False,True
normal_formation_return,HIGH_RETURN,20,period,,,,,,,,,,,,,54.0,,False,historical_seen,mechanism_diagnostic,True,False,False,False,False,False,False,True
normal_formation_return,HIGH_RETURN,20,period,,,,,,,,,,,,,55.0,,False,historical_seen,mechanism_diagnostic,True,False,False,False,False,False,False,True
normal_formation_return,HIGH_RETURN,20,period,,,,,,,,,,,,,56.0,-0.08723622296030371,True,historical_seen,mechanism_diagnostic,True,False,False,False,False,False,False,True
normal_formation_return,LOSER_MINUS_WINNER,20,summary,5.0,0.010337575677430797,-0.013499281224902328,0.4,0.4,0.8,-0.028410706505340007,0.0490858578602016,3|4|5|6|7|8|9|10|11|12|13|14|16|17|18|19|21|22|23|24|25|26|27|28|29|30|31|32|33|34|35|37|38|39|40|41|42|43|44|45|46|47|49|50|51|52|54|55|56,3.0,10000.0,20260721.0,,,,historical_seen,mechanism_diagnostic,True,False,False,False,False,False,False,True
normal_formation_return,LOSER_MINUS_WINNER,20,period,,,,,,,,,,,,,3.0,,False,historical_seen,mechanism_diagnostic,True,False,False,False,False,False,False,True
normal_formation_return,LOSER_MINUS_WINNER,20,period,,,,,,,,,,,,,4.0,,False,historical_seen,mechanism_diagnostic,True,False,False,False,False,False,False,True
normal_formation_return,LOSER_MINUS_WINNER,20,period,,,,,,,,,,,,,5.0,,False,historical_seen,mechanism_diagnostic,True,False,False,False,False,False,False,True
normal_formation_return,LOSER_MINUS_WINNER,20,period,,,,,,,,,,,,,6.0,,False,historical_seen,mechanism_diagnostic,True,False,False,False,False,False,False,True
normal_formation_return,LOSER_MINUS_WINNER,20,period,,,,,,,,,,,,,7.0,,False,historical_seen,mechanism_diagnostic,True,False,False,False,False,False,False,True
normal_formation_return,LOSER_MINUS_WINNER,20,period,,,,,,,,,,,,,8.0,,False,historical_seen,mechanism_diagnostic,True,False,False,False,False,False,False,True
normal_formation_return,LOSER_MINUS_WINNER,20,period,,,,,,,,,,,,,9.0,,False,historical_seen,mechanism_diagnostic,True,False,False,False,False,False,False,True
normal_formation_return,LOSER_MINUS_WINNER,20,period,,,,,,,,,,,,,10.0,,False,historical_seen,mechanism_diagnostic,True,False,False,False,False,False,False,True
normal_formation_return,LOSER_MINUS_WINNER,20,period,,,,,,,,,,,,,11.0,,False,historical_seen,mechanism_diagnostic,True,False,False,False,False,False,False,True
normal_formation_return,LOSER_MINUS_WINNER,20,period,,,,,,,,,,,,,12.0,,False,historical_seen,mechanism_diagnostic,True,False,False,False,False,False,False,True
normal_formation_return,LOSER_MINUS_WINNER,20,period,,,,,,,,,,,,,13.0,,False,historical_seen,mechanism_diagnostic,True,False,False,False,False,False,False,True
normal_formation_return,LOSER_MINUS_WINNER,20,period,,,,,,,,,,,,,14.0,,False,historical_seen,mechanism_diagnostic,True,False,False,False,False,False,False,True
normal_formation_return,LOSER_MINUS_WINNER,20,period,,,,,,,,,,,,,15.0,-0.027752549826429287,True,historical_seen,mechanism_diagnostic,True,False,False,False,False,False,False,True
normal_formation_return,LOSER_MINUS_WINNER,20,period,,,,,,,,,,,,,16.0,,False,historical_seen,mechanism_diagnostic,True,False,False,False,False,False,False,True
normal_formation_return,LOSER_MINUS_WINNER,20,period,,,,,,,,,,,,,17.0,,False,historical_seen,mechanism_diagnostic,True,False,False,False,False,False,False,True
normal_formation_return,LOSER_MINUS_WINNER,20,period,,,,,,,,,,,,,18.0,,False,historical_seen,mechanism_diagnostic,True,False,False,False,False,False,False,True
normal_formation_return,LOSER_MINUS_WINNER,20,period,,,,,,,,,,,,,19.0,,False,historical_seen,mechanism_diagnostic,True,False,False,False,False,False,False,True
normal_formation_return,LOSER_MINUS_WINNER,20,period,,,,,,,,,,,,,20.0,-0.013499281224902328,True,historical_seen,mechanism_diagnostic,True,False,False,False,False,False,False,True
normal_formation_return,LOSER_MINUS_WINNER,20,period,,,,,,,,,,,,,21.0,,False,historical_seen,mechanism_diagnostic,True,False,False,False,False,False,False,True
normal_formation_return,LOSER_MINUS_WINNER,20,period,,,,,,,,,,,,,22.0,,False,historical_seen,mechanism_diagnostic,True,False,False,False,False,False,False,True
normal_formation_return,LOSER_MINUS_WINNER,20,period,,,,,,,,,,,,,23.0,,False,historical_seen,mechanism_diagnostic,True,False,False,False,False,False,False,True
normal_formation_return,LOSER_MINUS_WINNER,20,period,,,,,,,,,,,,,24.0,,False,historical_seen,mechanism_diagnostic,True,False,False,False,False,False,False,True
normal_formation_return,LOSER_MINUS_WINNER,20,period,,,,,,,,,,,,,25.0,,False,historical_seen,mechanism_diagnostic,True,False,False,False,False,False,False,True
normal_formation_return,LOSER_MINUS_WINNER,20,period,,,,,,,,,,,,,26.0,,False,historical_seen,mechanism_diagnostic,True,False,False,False,False,False,False,True
normal_formation_return,LOSER_MINUS_WINNER,20,period,,,,,,,,,,,,,27.0,,False,historical_seen,mechanism_diagnostic,True,False,False,False,False,False,False,True
normal_formation_return,LOSER_MINUS_WINNER,20,period,,,,,,,,,,,,,28.0,,False,historical_seen,mechanism_diagnostic,True,False,False,False,False,False,False,True
normal_formation_return,LOSER_MINUS_WINNER,20,period,,,,,,,,,,,,,29.0,,False,historical_seen,mechanism_diagnostic,True,False,False,False,False,False,False,True
normal_formation_return,LOSER_MINUS_WINNER,20,period,,,,,,,,,,,,,30.0,,False,historical_seen,mechanism_diagnostic,True,False,False,False,False,False,False,True
normal_formation_return,LOSER_MINUS_WINNER,20,period,,,,,,,,,,,,,31.0,,False,historical_seen,mechanism_diagnostic,True,False,False,False,False,False,False,True
normal_formation_return,LOSER_MINUS_WINNER,20,period,,,,,,,,,,,,,32.0,,False,historical_seen,mechanism_diagnostic,True,False,False,False,False,False,False,True
normal_formation_return,LOSER_MINUS_WINNER,20,period,,,,,,,,,,,,,33.0,,False,historical_seen,mechanism_diagnostic,True,False,False,False,False,False,False,True
normal_formation_return,LOSER_MINUS_WINNER,20,period,,,,,,,,,,,,,34.0,,False,historical_seen,mechanism_diagnostic,True,False,False,False,False,False,False,True
normal_formation_return,LOSER_MINUS_WINNER,20,period,,,,,,,,,,,,,35.0,,False,historical_seen,mechanism_diagnostic,True,False,False,False,False,False,False,True
normal_formation_return,LOSER_MINUS_WINNER,20,period,,,,,,,,,,,,,36.0,-0.059549870424036824,True,historical_seen,mechanism_diagnostic,True,False,False,False,False,False,False,True
normal_formation_return,LOSER_MINUS_WINNER,20,period,,,,,,,,,,,,,37.0,,False,historical_seen,mechanism_diagnostic,True,False,False,False,False,False,False,True
normal_formation_return,LOSER_MINUS_WINNER,20,period,,,,,,,,,,,,,38.0,,False,historical_seen,mechanism_diagnostic,True,False,False,False,False,False,False,True
normal_formation_return,LOSER_MINUS_WINNER,20,period,,,,,,,,,,,,,39.0,,False,historical_seen,mechanism_diagnostic,True,False,False,False,False,False,False,True
normal_formation_return,LOSER_MINUS_WINNER,20,period,,,,,,,,,,,,,40.0,,False,historical_seen,mechanism_diagnostic,True,False,False,False,False,False,False,True
normal_formation_return,LOSER_MINUS_WINNER,20,period,,,,,,,,,,,,,41.0,,False,historical_seen,mechanism_diagnostic,True,False,False,False,False,False,False,True
normal_formation_return,LOSER_MINUS_WINNER,20,period,,,,,,,,,,,,,42.0,,False,historical_seen,mechanism_diagnostic,True,False,False,False,False,False,False,True
normal_formation_return,LOSER_MINUS_WINNER,20,period,,,,,,,,,,,,,43.0,,False,historical_seen,mechanism_diagnostic,True,False,False,False,False,False,False,True
normal_formation_return,LOSER_MINUS_WINNER,20,period,,,,,,,,,,,,,44.0,,False,historical_seen,mechanism_diagnostic,True,False,False,False,False,False,False,True
normal_formation_return,LOSER_MINUS_WINNER,20,period,,,,,,,,,,,,,45.0,,False,historical_seen,mechanism_diagnostic,True,False,False,False,False,False,False,True
normal_formation_return,LOSER_MINUS_WINNER,20,period,,,,,,,,,,,,,46.0,,False,historical_seen,mechanism_diagnostic,True,False,False,False,False,False,False,True
normal_formation_return,LOSER_MINUS_WINNER,20,period,,,,,,,,,,,,,47.0,,False,historical_seen,mechanism_diagnostic,True,False,False,False,False,False,False,True
normal_formation_return,LOSER_MINUS_WINNER,20,period,,,,,,,,,,,,,48.0,0.028108058444655824,True,historical_seen,mechanism_diagnostic,True,False,False,False,False,False,False,True
normal_formation_return,LOSER_MINUS_WINNER,20,period,,,,,,,,,,,,,49.0,,False,historical_seen,mechanism_diagnostic,True,False,False,False,False,False,False,True
normal_formation_return,LOSER_MINUS_WINNER,20,period,,,,,,,,,,,,,50.0,,False,historical_seen,mechanism_diagnostic,True,False,False,False,False,False,False,True
normal_formation_return,LOSER_MINUS_WINNER,20,period,,,,,,,,,,,,,51.0,,False,historical_seen,mechanism_diagnostic,True,False,False,False,False,False,False,True
normal_formation_return,LOSER_MINUS_WINNER,20,period,,,,,,,,,,,,,52.0,,False,historical_seen,mechanism_diagnostic,True,False,False,False,False,False,False,True
normal_formation_return,LOSER_MINUS_WINNER,20,period,,,,,,,,,,,,,53.0,0.12438152141786658,True,historical_seen,mechanism_diagnostic,True,False,False,False,False,False,False,True
normal_formation_return,LOSER_MINUS_WINNER,20,period,,,,,,,,,,,,,54.0,,False,historical_seen,mechanism_diagnostic,True,False,False,False,False,False,False,True
normal_formation_return,LOSER_MINUS_WINNER,20,period,,,,,,,,,,,,,55.0,,False,historical_seen,mechanism_diagnostic,True,False,False,False,False,False,False,True
normal_formation_return,LOSER_MINUS_WINNER,20,period,,,,,,,,,,,,,56.0,,False,historical_seen,mechanism_diagnostic,True,False,False,False,False,False,False,True
market_normalized,LOW_RETURN,5,summary,54.0,-0.0041663765223313625,-0.0028918427401050315,0.4074074074074074,0.5925925925925926,1.0,-0.007009954715708106,-0.0012029740561222827,,3.0,10000.0,20260721.0,,,,historical_seen,mechanism_diagnostic,True,False,False,False,False,False,False,True
market_normalized,LOW_RETURN,5,period,,,,,,,,,,,,,3.0,-0.004602069425254551,True,historical_seen,mechanism_diagnostic,True,False,False,False,False,False,False,True
market_normalized,LOW_RETURN,5,period,,,,,,,,,,,,,4.0,-0.007395422597481063,True,historical_seen,mechanism_diagnostic,True,False,False,False,False,False,False,True
market_normalized,LOW_RETURN,5,period,,,,,,,,,,,,,5.0,0.004410311132304488,True,historical_seen,mechanism_diagnostic,True,False,False,False,False,False,False,True
market_normalized,LOW_RETURN,5,period,,,,,,,,,,,,,6.0,0.003689985932115292,True,historical_seen,mechanism_diagnostic,True,False,False,False,False,False,False,True
market_normalized,LOW_RETURN,5,period,,,,,,,,,,,,,7.0,0.0005878282274908095,True,historical_seen,mechanism_diagnostic,True,False,False,False,False,False,False,True
market_normalized,LOW_RETURN,5,period,,,,,,,,,,,,,8.0,-0.014841602318872897,True,historical_seen,mechanism_diagnostic,True,False,False,False,False,False,False,True
market_normalized,LOW_RETURN,5,period,,,,,,,,,,,,,9.0,0.002942427348413452,True,historical_seen,mechanism_diagnostic,True,False,False,False,False,False,False,True
market_normalized,LOW_RETURN,5,period,,,,,,,,,,,,,10.0,-0.01705214350418527,True,historical_seen,mechanism_diagnostic,True,False,False,False,False,False,False,True
market_normalized,LOW_RETURN,5,period,,,,,,,,,,,,,11.0,-0.004564666742767252,True,historical_seen,mechanism_diagnostic,True,False,False,False,False,False,False,True
market_normalized,LOW_RETURN,5,period,,,,,,,,,,,,,12.0,0.0042722318735706425,True,historical_seen,mechanism_diagnostic,True,False,False,False,False,False,False,True
market_normalized,LOW_RETURN,5,period,,,,,,,,,,,,,13.0,-0.0005283518267985496,True,historical_seen,mechanism_diagnostic,True,False,False,False,False,False,False,True
market_normalized,LOW_RETURN,5,period,,,,,,,,,,,,,14.0,-0.015415723030600521,True,historical_seen,mechanism_diagnostic,True,False,False,False,False,False,False,True
market_normalized,LOW_RETURN,5,period,,,,,,,,,,,,,15.0,-0.005094863701387878,True,historical_seen,mechanism_diagnostic,True,False,False,False,False,False,False,True
market_normalized,LOW_RETURN,5,period,,,,,,,,,,,,,16.0,0.002289717914993307,True,historical_seen,mechanism_diagnostic,True,False,False,False,False,False,False,True
market_normalized,LOW_RETURN,5,period,,,,,,,,,,,,,17.0,0.0040915188164987295,True,historical_seen,mechanism_diagnostic,True,False,False,False,False,False,False,True
market_normalized,LOW_RETURN,5,period,,,,,,,,,,,,,18.0,-0.0025778002215823964,True,historical_seen,mechanism_diagnostic,True,False,False,False,False,False,False,True
market_normalized,LOW_RETURN,5,period,,,,,,,,,,,,,19.0,0.005430377316934328,True,historical_seen,mechanism_diagnostic,True,False,False,False,False,False,False,True
market_normalized,LOW_RETURN,5,period,,,,,,,,,,,,,20.0,-0.023069776091167747,True,historical_seen,mechanism_diagnostic,True,False,False,False,False,False,False,True
market_normalized,LOW_RETURN,5,period,,,,,,,,,,,,,21.0,-0.00798048782299519,True,historical_seen,mechanism_diagnostic,True,False,False,False,False,False,False,True
market_normalized,LOW_RETURN,5,period,,,,,,,,,,,,,22.0,0.008674162071632865,True,historical_seen,mechanism_diagnostic,True,False,False,False,False,False,False,True
market_normalized,LOW_RETURN,5,period,,,,,,,,,,,,,23.0,0.006536659863201519,True,historical_seen,mechanism_diagnostic,True,False,False,False,False,False,False,True
market_normalized,LOW_RETURN,5,period,,,,,,,,,,,,,24.0,-0.005652945000309186,True,historical_seen,mechanism_diagnostic,True,False,False,False,False,False,False,True
market_normalized,LOW_RETURN,5,period,,,,,,,,,,,,,25.0,-0.028760962266016956,True,historical_seen,mechanism_diagnostic,True,False,False,False,False,False,False,True
market_normalized,LOW_RETURN,5,period,,,,,,,,,,,,,26.0,-0.014183419638061141,True,historical_seen,mechanism_diagnostic,True,False,False,False,False,False,False,True
market_normalized,LOW_RETURN,5,period,,,,,,,,,,,,,27.0,0.004548661406780879,True,historical_seen,mechanism_diagnostic,True,False,False,False,False,False,False,True
market_normalized,LOW_RETURN,5,period,,,,,,,,,,,,,28.0,0.004024260693648455,True,historical_seen,mechanism_diagnostic,True,False,False,False,False,False,False,True
market_normalized,LOW_RETURN,5,period,,,,,,,,,,,,,29.0,-0.018997016675689447,True,historical_seen,mechanism_diagnostic,True,False,False,False,False,False,False,True
market_normalized,LOW_RETURN,5,period,,,,,,,,,,,,,30.0,0.003286087310638483,True,historical_seen,mechanism_diagnostic,True,False,False,False,False,False,False,True
market_normalized,LOW_RETURN,5,period,,,,,,,,,,,,,31.0,-0.0024130233361642495,True,historical_seen,mechanism_diagnostic,True,False,False,False,False,False,False,True
market_normalized,LOW_RETURN,5,period,,,,,,,,,,,,,32.0,-0.01408735493871894,True,historical_seen,mechanism_diagnostic,True,False,False,False,False,False,False,True
market_normalized,LOW_RETURN,5,period,,,,,,,,,,,,,33.0,0.02035832984077399,True,historical_seen,mechanism_diagnostic,True,False,False,False,False,False,False,True
market_normalized,LOW_RETURN,5,period,,,,,,,,,,,,,34.0,-0.001258792966356101,True,historical_seen,mechanism_diagnostic,True,False,False,False,False,False,False,True
market_normalized,LOW_RETURN,5,period,,,,,,,,,,,,,35.0,0.033646971529958984,True,historical_seen,mechanism_diagnostic,True,False,False,False,False,False,False,True
market_normalized,LOW_RETURN,5,period,,,,,,,,,,,,,36.0,-0.013542945712965812,True,historical_seen,mechanism_diagnostic,True,False,False,False,False,False,False,True
market_normalized,LOW_RETURN,5,period,,,,,,,,,,,,,37.0,-0.030402413661277328,True,historical_seen,mechanism_diagnostic,True,False,False,False,False,False,False,True
market_normalized,LOW_RETURN,5,period,,,,,,,,,,,,,38.0,-0.0032058852586276665,True,historical_seen,mechanism_diagnostic,True,False,False,False,False,False,False,True
market_normalized,LOW_RETURN,5,period,,,,,,,,,,,,,39.0,-0.011433754635866641,True,historical_seen,mechanism_diagnostic,True,False,False,False,False,False,False,True
market_normalized,LOW_RETURN,5,period,,,,,,,,,,,,,40.0,-0.025724890524151743,True,historical_seen,mechanism_diagnostic,True,False,False,False,False,False,False,True
market_normalized,LOW_RETURN,5,period,,,,,,,,,,,,,41.0,-0.0021729320931628895,True,historical_seen,mechanism_diagnostic,True,False,False,False,False,False,False,True
market_normalized,LOW_RETURN,5,period,,,,,,,,,,,,,42.0,-0.02036516984434854,True,historical_seen,mechanism_diagnostic,True,False,False,False,False,False,False,True
market_normalized,LOW_RETURN,5,period,,,,,,,,,,,,,43.0,-0.03937643828518625,True,historical_seen,mechanism_diagnostic,True,False,False,False,False,False,False,True
market_normalized,LOW_RETURN,5,period,,,,,,,,,,,,,44.0,0.03000568086207233,True,historical_seen,mechanism_diagnostic,True,False,False,False,False,False,False,True
market_normalized,LOW_RETURN,5,period,,,,,,,,,,,,,45.0,-0.015748382213196837,True,historical_seen,mechanism_diagnostic,True,False,False,False,False,False,False,True
market_normalized,LOW_RETURN,5,period,,,,,,,,,,,,,46.0,0.001386968583645929,True,historical_seen,mechanism_diagnostic,True,False,False,False,False,False,False,True
market_normalized,LOW_RETURN,5,period,,,,,,,,,,,,,47.0,-0.0047460849135659774,True,historical_seen,mechanism_diagnostic,True,False,False,False,False,False,False,True
market_normalized,LOW_RETURN,5,period,,,,,,,,,,,,,48.0,0.019702851671875854,True,historical_seen,mechanism_diagnostic,True,False,False,False,False,False,False,True
market_normalized,LOW_RETURN,5,period,,,,,,,,,,,,,49.0,-0.015288975258613077,True,historical_seen,mechanism_diagnostic,True,False,False,False,False,False,False,True
market_normalized,LOW_RETURN,5,period,,,,,,,,,,,,,50.0,0.005503833242527619,True,historical_seen,mechanism_diagnostic,True,False,False,False,False,False,False,True
market_normalized,LOW_RETURN,5,period,,,,,,,,,,,,,51.0,0.005032610633887234,True,historical_seen,mechanism_diagnostic,True,False,False,False,False,False,False,True
market_normalized,LOW_RETURN,5,period,,,,,,,,,,,,,52.0,0.015489632882981543,True,historical_seen,mechanism_diagnostic,True,False,False,False,False,False,False,True
market_normalized,LOW_RETURN,5,period,,,,,,,,,,,,,53.0,0.007523965767413248,True,historical_seen,mechanism_diagnostic,True,False,False,False,False,False,False,True
market_normalized,LOW_RETURN,5,period,,,,,,,,,,,,,54.0,-0.016375557744124164,True,historical_seen,mechanism_diagnostic,True,False,False,False,False,False,False,True
market_normalized,LOW_RETURN,5,period,,,,,,,,,,,,,55.0,-0.015562099935507057,True,historical_seen,mechanism_diagnostic,True,False,False,False,False,False,False,True
market_normalized,LOW_RETURN,5,period,,,,,,,,,,,,,56.0,-0.01599745494425024,True,historical_seen,mechanism_diagnostic,True,False,False,False,False,False,False,True
market_normalized,MID_RETURN,5,summary,54.0,-0.0041599826592041015,-0.003533883962599186,0.4074074074074074,0.5925925925925926,1.0,-0.008141686341863331,-0.00016338389980805683,,3.0,10000.0,20260721.0,,,,historical_seen,mechanism_diagnostic,True,False,False,False,False,False,False,True
market_normalized,MID_RETURN,5,period,,,,,,,,,,,,,3.0,0.0022535953562905194,True,historical_seen,mechanism_diagnostic,True,False,False,False,False,False,False,True
market_normalized,MID_RETURN,5,period,,,,,,,,,,,,,4.0,0.021745999759030146,True,historical_seen,mechanism_diagnostic,True,False,False,False,False,False,False,True
market_normalized,MID_RETURN,5,period,,,,,,,,,,,,,5.0,0.025386268521120133,True,historical_seen,mechanism_diagnostic,True,False,False,False,False,False,False,True
market_normalized,MID_RETURN,5,period,,,,,,,,,,,,,6.0,0.017798809093422324,True,historical_seen,mechanism_diagnostic,True,False,False,False,False,False,False,True
market_normalized,MID_RETURN,5,period,,,,,,,,,,,,,7.0,0.018598495889479358,True,historical_seen,mechanism_diagnostic,True,False,False,False,False,False,False,True
market_normalized,MID_RETURN,5,period,,,,,,,,,,,,,8.0,-0.009207695490351947,True,historical_seen,mechanism_diagnostic,True,False,False,False,False,False,False,True
market_normalized,MID_RETURN,5,period,,,,,,,,,,,,,9.0,0.00839141395446277,True,historical_seen,mechanism_diagnostic,True,False,False,False,False,False,False,True
market_normalized,MID_RETURN,5,period,,,,,,,,,,,,,10.0,-0.00892101846946686,True,historical_seen,mechanism_diagnostic,True,False,False,False,False,False,False,True
market_normalized,MID_RETURN,5,period,,,,,,,,,,,,,11.0,-0.012504454977686867,True,historical_seen,mechanism_diagnostic,True,False,False,False,False,False,False,True
market_normalized,MID_RETURN,5,period,,,,,,,,,,,,,12.0,-0.00419245887846199,True,historical_seen,mechanism_diagnostic,True,False,False,False,False,False,False,True
market_normalized,MID_RETURN,5,period,,,,,,,,,,,,,13.0,-0.02385004671100513,True,historical_seen,mechanism_diagnostic,True,False,False,False,False,False,False,True
market_normalized,MID_RETURN,5,period,,,,,,,,,,,,,14.0,-0.020401845511364154,True,historical_seen,mechanism_diagnostic,True,False,False,False,False,False,False,True
market_normalized,MID_RETURN,5,period,,,,,,,,,,,,,15.0,-0.027790358864374795,True,historical_seen,mechanism_diagnostic,True,False,False,False,False,False,False,True
market_normalized,MID_RETURN,5,period,,,,,,,,,,,,,16.0,-0.00525310199443171,True,historical_seen,mechanism_diagnostic,True,False,False,False,False,False,False,True
market_normalized,MID_RETURN,5,period,,,,,,,,,,,,,17.0,-0.004769424565747152,True,historical_seen,mechanism_diagnostic,True,False,False,False,False,False,False,True
market_normalized,MID_RETURN,5,period,,,,,,,,,,,,,18.0,0.008880738584675599,True,historical_seen,mechanism_diagnostic,True,False,False,False,False,False,False,True
market_normalized,MID_RETURN,5,period,,,,,,,,,,,,,19.0,0.009609124762999343,True,historical_seen,mechanism_diagnostic,True,False,False,False,False,False,False,True
market_normalized,MID_RETURN,5,period,,,,,,,,,,,,,20.0,-0.003412901684611204,True,historical_seen,mechanism_diagnostic,True,False,False,False,False,False,False,True
market_normalized,MID_RETURN,5,period,,,,,,,,,,,,,21.0,-0.008029843368783186,True,historical_seen,mechanism_diagnostic,True,False,False,False,False,False,False,True
market_normalized,MID_RETURN,5,period,,,,,,,,,,,,,22.0,-0.002461796417797063,True,historical_seen,mechanism_diagnostic,True,False,False,False,False,False,False,True
market_normalized,MID_RETURN,5,period,,,,,,,,,,,,,23.0,0.008000774783182174,True,historical_seen,mechanism_diagnostic,True,False,False,False,False,False,False,True
market_normalized,MID_RETURN,5,period,,,,,,,,,,,,,24.0,-0.017588334725555932,True,historical_seen,mechanism_diagnostic,True,False,False,False,False,False,False,True
market_normalized,MID_RETURN,5,period,,,,,,,,,,,,,25.0,-0.02541706902217404,True,historical_seen,mechanism_diagnostic,True,False,False,False,False,False,False,True
market_normalized,MID_RETURN,5,period,,,,,,,,,,,,,26.0,-0.02160906521416354,True,historical_seen,mechanism_diagnostic,True,False,False,False,False,False,False,True
market_normalized,MID_RETURN,5,period,,,,,,,,,,,,,27.0,0.0007498127849765238,True,historical_seen,mechanism_diagnostic,True,False,False,False,False,False,False,True
market_normalized,MID_RETURN,5,period,,,,,,,,,,,,,28.0,0.015136284826911473,True,historical_seen,mechanism_diagnostic,True,False,False,False,False,False,False,True
market_normalized,MID_RETURN,5,period,,,,,,,,,,,,,29.0,-0.018071048098375564,True,historical_seen,mechanism_diagnostic,True,False,False,False,False,False,False,True
market_normalized,MID_RETURN,5,period,,,,,,,,,,,,,30.0,0.004810548602579494,True,historical_seen,mechanism_diagnostic,True,False,False,False,False,False,False,True
market_normalized,MID_RETURN,5,period,,,,,,,,,,,,,31.0,0.010074544206958969,True,historical_seen,mechanism_diagnostic,True,False,False,False,False,False,False,True
market_normalized,MID_RETURN,5,period,,,,,,,,,,,,,32.0,-0.005105916304195452,True,historical_seen,mechanism_diagnostic,True,False,False,False,False,False,False,True
market_normalized,MID_RETURN,5,period,,,,,,,,,,,,,33.0,-0.015727377669535508,True,historical_seen,mechanism_diagnostic,True,False,False,False,False,False,False,True
market_normalized,MID_RETURN,5,period,,,,,,,,,,,,,34.0,-0.0005121992750607568,True,historical_seen,mechanism_diagnostic,True,False,False,False,False,False,False,True
market_normalized,MID_RETURN,5,period,,,,,,,,,,,,,35.0,0.004730041971438677,True,historical_seen,mechanism_diagnostic,True,False,False,False,False,False,False,True
market_normalized,MID_RETURN,5,period,,,,,,,,,,,,,36.0,-0.014008664273001542,True,historical_seen,mechanism_diagnostic,True,False,False,False,False,False,False,True
market_normalized,MID_RETURN,5,period,,,,,,,,,,,,,37.0,-0.01998481194409256,True,historical_seen,mechanism_diagnostic,True,False,False,False,False,False,False,True
market_normalized,MID_RETURN,5,period,,,,,,,,,,,,,38.0,-0.002549552908020558,True,historical_seen,mechanism_diagnostic,True,False,False,False,False,False,False,True
market_normalized,MID_RETURN,5,period,,,,,,,,,,,,,39.0,-0.012725349037694473,True,historical_seen,mechanism_diagnostic,True,False,False,False,False,False,False,True
market_normalized,MID_RETURN,5,period,,,,,,,,,,,,,40.0,-0.008531776333599847,True,historical_seen,mechanism_diagnostic,True,False,False,False,False,False,False,True
market_normalized,MID_RETURN,5,period,,,,,,,,,,,,,41.0,-0.009624280084535232,True,historical_seen,mechanism_diagnostic,True,False,False,False,False,False,False,True
market_normalized,MID_RETURN,5,period,,,,,,,,,,,,,42.0,0.0006717965944306745,True,historical_seen,mechanism_diagnostic,True,False,False,False,False,False,False,True
market_normalized,MID_RETURN,5,period,,,,,,,,,,,,,43.0,-0.05340630463040807,True,historical_seen,mechanism_diagnostic,True,False,False,False,False,False,False,True
market_normalized,MID_RETURN,5,period,,,,,,,,,,,,,44.0,-0.0037230296262214455,True,historical_seen,mechanism_diagnostic,True,False,False,False,False,False,False,True
market_normalized,MID_RETURN,5,period,,,,,,,,,,,,,45.0,-0.031159260806720636,True,historical_seen,mechanism_diagnostic,True,False,False,False,False,False,False,True
market_normalized,MID_RETURN,5,period,,,,,,,,,,,,,46.0,0.0011492107830307838,True,historical_seen,mechanism_diagnostic,True,False,False,False,False,False,False,True
market_normalized,MID_RETURN,5,period,,,,,,,,,,,,,47.0,-0.003871483158974773,True,historical_seen,mechanism_diagnostic,True,False,False,False,False,False,False,True
market_normalized,MID_RETURN,5,period,,,,,,,,,,,,,48.0,0.009768943543676023,True,historical_seen,mechanism_diagnostic,True,False,False,False,False,False,False,True
market_normalized,MID_RETURN,5,period,,,,,,,,,,,,,49.0,-0.029650958734566753,True,historical_seen,mechanism_diagnostic,True,False,False,False,False,False,False,True
market_normalized,MID_RETURN,5,period,,,,,,,,,,,,,50.0,0.006852720752798155,True,historical_seen,mechanism_diagnostic,True,False,False,False,False,False,False,True
market_normalized,MID_RETURN,5,period,,,,,,,,,,,,,51.0,-0.0011715929362249508,True,historical_seen,mechanism_diagnostic,True,False,False,False,False,False,False,True
market_normalized,MID_RETURN,5,period,,,,,,,,,,,,,52.0,0.005458573735990759,True,historical_seen,mechanism_diagnostic,True,False,False,False,False,False,False,True
market_normalized,MID_RETURN,5,period,,,,,,,,,,,,,53.0,0.014828067537852492,True,historical_seen,mechanism_diagnostic,True,False,False,False,False,False,False,True
market_normalized,MID_RETURN,5,period,,,,,,,,,,,,,54.0,-0.003654866240587168,True,historical_seen,mechanism_diagnostic,True,False,False,False,False,False,False,True
market_normalized,MID_RETURN,5,period,,,,,,,,,,,,,55.0,0.006682484418512855,True,historical_seen,mechanism_diagnostic,True,False,False,False,False,False,False,True
market_normalized,MID_RETURN,5,period,,,,,,,,,,,,,56.0,0.0026705738969501278,True,historical_seen,mechanism_diagnostic,True,False,False,False,False,False,False,True
market_normalized,HIGH_RETURN,5,summary,54.0,-0.012160336122159844,-0.00954908068390984,0.3333333333333333,0.6666666666666666,1.0,-0.01701512624185708,-0.007271533606107382,,3.0,10000.0,20260721.0,,,,historical_seen,mechanism_diagnostic,True,False,False,False,False,False,False,True
market_normalized,HIGH_RETURN,5,period,,,,,,,,,,,,,3.0,0.01072028319102383,True,historical_seen,mechanism_diagnostic,True,False,False,False,False,False,False,True
market_normalized,HIGH_RETURN,5,period,,,,,,,,,,,,,4.0,0.01853308321321674,True,historical_seen,mechanism_diagnostic,True,False,False,False,False,False,False,True
market_normalized,HIGH_RETURN,5,period,,,,,,,,,,,,,5.0,0.031237841492571444,True,historical_seen,mechanism_diagnostic,True,False,False,False,False,False,False,True
market_normalized,HIGH_RETURN,5,period,,,,,,,,,,,,,6.0,0.008220734296518005,True,historical_seen,mechanism_diagnostic,True,False,False,False,False,False,False,True
market_normalized,HIGH_RETURN,5,period,,,,,,,,,,,,,7.0,-0.009379501063474382,True,historical_seen,mechanism_diagnostic,True,False,False,False,False,False,False,True
market_normalized,HIGH_RETURN,5,period,,,,,,,,,,,,,8.0,-0.018320222856485817,True,historical_seen,mechanism_diagnostic,True,False,False,False,False,False,False,True
market_normalized,HIGH_RETURN,5,period,,,,,,,,,,,,,9.0,-0.009349304320055945,True,historical_seen,mechanism_diagnostic,True,False,False,False,False,False,False,True
market_normalized,HIGH_RETURN,5,period,,,,,,,,,,,,,10.0,-0.024504661069676026,True,historical_seen,mechanism_diagnostic,True,False,False,False,False,False,False,True
market_normalized,HIGH_RETURN,5,period,,,,,,,,,,,,,11.0,0.006822340103201138,True,historical_seen,mechanism_diagnostic,True,False,False,False,False,False,False,True
market_normalized,HIGH_RETURN,5,period,,,,,,,,,,,,,12.0,-0.0013894721276393601,True,historical_seen,mechanism_diagnostic,True,False,False,False,False,False,False,True
market_normalized,HIGH_RETURN,5,period,,,,,,,,,,,,,13.0,-0.006917052142583813,True,historical_seen,mechanism_diagnostic,True,False,False,False,False,False,False,True
market_normalized,HIGH_RETURN,5,period,,,,,,,,,,,,,14.0,-0.009718660304345296,True,historical_seen,mechanism_diagnostic,True,False,False,False,False,False,False,True
market_normalized,HIGH_RETURN,5,period,,,,,,,,,,,,,15.0,-0.04560425742054896,True,historical_seen,mechanism_diagnostic,True,False,False,False,False,False,False,True
market_normalized,HIGH_RETURN,5,period,,,,,,,,,,,,,16.0,0.015531675245482962,True,historical_seen,mechanism_diagnostic,True,False,False,False,False,False,False,True
market_normalized,HIGH_RETURN,5,period,,,,,,,,,,,,,17.0,-0.00858207940876616,True,historical_seen,mechanism_diagnostic,True,False,False,False,False,False,False,True
market_normalized,HIGH_RETURN,5,period,,,,,,,,,,,,,18.0,0.0012018445162012142,True,historical_seen,mechanism_diagnostic,True,False,False,False,False,False,False,True
market_normalized,HIGH_RETURN,5,period,,,,,,,,,,,,,19.0,0.0030954320184839327,True,historical_seen,mechanism_diagnostic,True,False,False,False,False,False,False,True
market_normalized,HIGH_RETURN,5,period,,,,,,,,,,,,,20.0,-0.0021698249301745024,True,historical_seen,mechanism_diagnostic,True,False,False,False,False,False,False,True
market_normalized,HIGH_RETURN,5,period,,,,,,,,,,,,,21.0,-0.03485415905549265,True,historical_seen,mechanism_diagnostic,True,False,False,False,False,False,False,True
market_normalized,HIGH_RETURN,5,period,,,,,,,,,,,,,22.0,-0.017617758445793823,True,historical_seen,mechanism_diagnostic,True,False,False,False,False,False,False,True
market_normalized,HIGH_RETURN,5,period,,,,,,,,,,,,,23.0,0.0005173061075329551,True,historical_seen,mechanism_diagnostic,True,False,False,False,False,False,False,True
market_normalized,HIGH_RETURN,5,period,,,,,,,,,,,,,24.0,-0.01952155843152323,True,historical_seen,mechanism_diagnostic,True,False,False,False,False,False,False,True
market_normalized,HIGH_RETURN,5,period,,,,,,,,,,,,,25.0,-0.003270621275751737,True,historical_seen,mechanism_diagnostic,True,False,False,False,False,False,False,True
market_normalized,HIGH_RETURN,5,period,,,,,,,,,,,,,26.0,-0.04871734112775475,True,historical_seen,mechanism_diagnostic,True,False,False,False,False,False,False,True
market_normalized,HIGH_RETURN,5,period,,,,,,,,,,,,,27.0,-0.012884750783858107,True,historical_seen,mechanism_diagnostic,True,False,False,False,False,False,False,True
market_normalized,HIGH_RETURN,5,period,,,,,,,,,,,,,28.0,0.0035354392736218366,True,historical_seen,mechanism_diagnostic,True,False,False,False,False,False,False,True
market_normalized,HIGH_RETURN,5,period,,,,,,,,,,,,,29.0,0.003655813133082081,True,historical_seen,mechanism_diagnostic,True,False,False,False,False,False,False,True
market_normalized,HIGH_RETURN,5,period,,,,,,,,,,,,,30.0,-0.017912207604814885,True,historical_seen,mechanism_diagnostic,True,False,False,False,False,False,False,True
market_normalized,HIGH_RETURN,5,period,,,,,,,,,,,,,31.0,0.002920078731555087,True,historical_seen,mechanism_diagnostic,True,False,False,False,False,False,False,True
market_normalized,HIGH_RETURN,5,period,,,,,,,,,,,,,32.0,-0.022237942186588373,True,historical_seen,mechanism_diagnostic,True,False,False,False,False,False,False,True
market_normalized,HIGH_RETURN,5,period,,,,,,,,,,,,,33.0,-0.043874474448024156,True,historical_seen,mechanism_diagnostic,True,False,False,False,False,False,False,True
market_normalized,HIGH_RETURN,5,period,,,,,,,,,,,,,34.0,-0.018787414278307463,True,historical_seen,mechanism_diagnostic,True,False,False,False,False,False,False,True
market_normalized,HIGH_RETURN,5,period,,,,,,,,,,,,,35.0,-0.010659415405836419,True,historical_seen,mechanism_diagnostic,True,False,False,False,False,False,False,True
market_normalized,HIGH_RETURN,5,period,,,,,,,,,,,,,36.0,-0.0445596513545051,True,historical_seen,mechanism_diagnostic,True,False,False,False,False,False,False,True
market_normalized,HIGH_RETURN,5,period,,,,,,,,,,,,,37.0,-0.05618876847397127,True,historical_seen,mechanism_diagnostic,True,False,False,False,False,False,False,True
market_normalized,HIGH_RETURN,5,period,,,,,,,,,,,,,38.0,-0.015494316168028082,True,historical_seen,mechanism_diagnostic,True,False,False,False,False,False,False,True
market_normalized,HIGH_RETURN,5,period,,,,,,,,,,,,,39.0,-0.0308087365571229,True,historical_seen,mechanism_diagnostic,True,False,False,False,False,False,False,True
market_normalized,HIGH_RETURN,5,period,,,,,,,,,,,,,40.0,-0.012771866100680889,True,historical_seen,mechanism_diagnostic,True,False,False,False,False,False,False,True
market_normalized,HIGH_RETURN,5,period,,,,,,,,,,,,,41.0,-0.013860834943588946,True,historical_seen,mechanism_diagnostic,True,False,False,False,False,False,False,True
market_normalized,HIGH_RETURN,5,period,,,,,,,,,,,,,42.0,-0.0020481840446497633,True,historical_seen,mechanism_diagnostic,True,False,False,False,False,False,False,True
market_normalized,HIGH_RETURN,5,period,,,,,,,,,,,,,43.0,-0.07681620786981455,True,historical_seen,mechanism_diagnostic,True,False,False,False,False,False,False,True
market_normalized,HIGH_RETURN,5,period,,,,,,,,,,,,,44.0,0.0351903362977935,True,historical_seen,mechanism_diagnostic,True,False,False,False,False,False,False,True
market_normalized,HIGH_RETURN,5,period,,,,,,,,,,,,,45.0,-0.06538079748234019,True,historical_seen,mechanism_diagnostic,True,False,False,False,False,False,False,True
market_normalized,HIGH_RETURN,5,period,,,,,,,,,,,,,46.0,0.00721760830913104,True,historical_seen,mechanism_diagnostic,True,False,False,False,False,False,False,True
market_normalized,HIGH_RETURN,5,period,,,,,,,,,,,,,47.0,0.0011460894193250706,True,historical_seen,mechanism_diagnostic,True,False,False,False,False,False,False,True
market_normalized,HIGH_RETURN,5,period,,,,,,,,,,,,,48.0,0.007375206560533254,True,historical_seen,mechanism_diagnostic,True,False,False,False,False,False,False,True
market_normalized,HIGH_RETURN,5,period,,,,,,,,,,,,,49.0,-0.027365465035617455,True,historical_seen,mechanism_diagnostic,True,False,False,False,False,False,False,True
market_normalized,HIGH_RETURN,5,period,,,,,,,,,,,,,50.0,0.01397636120998091,True,historical_seen,mechanism_diagnostic,True,False,False,False,False,False,False,True
market_normalized,HIGH_RETURN,5,period,,,,,,,,,,,,,51.0,-0.019322206218461483,True,historical_seen,mechanism_diagnostic,True,False,False,False,False,False,False,True
market_normalized,HIGH_RETURN,5,period,,,,,,,,,,,,,52.0,0.0016061982567599966,True,historical_seen,mechanism_diagnostic,True,False,False,False,False,False,False,True
market_normalized,HIGH_RETURN,5,period,,,,,,,,,,,,,53.0,-0.005453770122095646,True,historical_seen,mechanism_diagnostic,True,False,False,False,False,False,False,True
market_normalized,HIGH_RETURN,5,period,,,,,,,,,,,,,54.0,-0.015743232582614543,True,historical_seen,mechanism_diagnostic,True,False,False,False,False,False,False,True
market_normalized,HIGH_RETURN,5,period,,,,,,,,,,,,,55.0,-0.02980098422156257,True,historical_seen,mechanism_diagnostic,True,False,False,False,False,False,False,True
market_normalized,HIGH_RETURN,5,period,,,,,,,,,,,,,56.0,-0.027274122110097346,True,historical_seen,mechanism_diagnostic,True,False,False,False,False,False,False,True
market_normalized,LOSER_MINUS_WINNER,5,summary,54.0,0.007993959599828482,0.009058958269417314,0.6481481481481481,0.6481481481481481,1.0,0.003367572460721829,0.01277340375515182,,3.0,10000.0,20260721.0,,,,historical_seen,mechanism_diagnostic,True,False,False,False,False,False,False,True
market_normalized,LOSER_MINUS_WINNER,5,period,,,,,,,,,,,,,3.0,-0.01532235261627838,True,historical_seen,mechanism_diagnostic,True,False,False,False,False,False,False,True
market_normalized,LOSER_MINUS_WINNER,5,period,,,,,,,,,,,,,4.0,-0.025928505810697805,True,historical_seen,mechanism_diagnostic,True,False,False,False,False,False,False,True
market_normalized,LOSER_MINUS_WINNER,5,period,,,,,,,,,,,,,5.0,-0.026827530360266957,True,historical_seen,mechanism_diagnostic,True,False,False,False,False,False,False,True
market_normalized,LOSER_MINUS_WINNER,5,period,,,,,,,,,,,,,6.0,-0.004530748364402713,True,historical_seen,mechanism_diagnostic,True,False,False,False,False,False,False,True
market_normalized,LOSER_MINUS_WINNER,5,period,,,,,,,,,,,,,7.0,0.009967329290965192,True,historical_seen,mechanism_diagnostic,True,False,False,False,False,False,False,True
market_normalized,LOSER_MINUS_WINNER,5,period,,,,,,,,,,,,,8.0,0.0034786205376129194,True,historical_seen,mechanism_diagnostic,True,False,False,False,False,False,False,True
market_normalized,LOSER_MINUS_WINNER,5,period,,,,,,,,,,,,,9.0,0.012291731668469396,True,historical_seen,mechanism_diagnostic,True,False,False,False,False,False,False,True
market_normalized,LOSER_MINUS_WINNER,5,period,,,,,,,,,,,,,10.0,0.007452517565490757,True,historical_seen,mechanism_diagnostic,True,False,False,False,False,False,False,True
market_normalized,LOSER_MINUS_WINNER,5,period,,,,,,,,,,,,,11.0,-0.01138700684596839,True,historical_seen,mechanism_diagnostic,True,False,False,False,False,False,False,True
market_normalized,LOSER_MINUS_WINNER,5,period,,,,,,,,,,,,,12.0,0.005661704001210003,True,historical_seen,mechanism_diagnostic,True,False,False,False,False,False,False,True
market_normalized,LOSER_MINUS_WINNER,5,period,,,,,,,,,,,,,13.0,0.006388700315785263,True,historical_seen,mechanism_diagnostic,True,False,False,False,False,False,False,True
market_normalized,LOSER_MINUS_WINNER,5,period,,,,,,,,,,,,,14.0,-0.005697062726255225,True,historical_seen,mechanism_diagnostic,True,False,False,False,False,False,False,True
market_normalized,LOSER_MINUS_WINNER,5,period,,,,,,,,,,,,,15.0,0.04050939371916108,True,historical_seen,mechanism_diagnostic,True,False,False,False,False,False,False,True
market_normalized,LOSER_MINUS_WINNER,5,period,,,,,,,,,,,,,16.0,-0.013241957330489655,True,historical_seen,mechanism_diagnostic,True,False,False,False,False,False,False,True
market_normalized,LOSER_MINUS_WINNER,5,period,,,,,,,,,,,,,17.0,0.012673598225264888,True,historical_seen,mechanism_diagnostic,True,False,False,False,False,False,False,True
market_normalized,LOSER_MINUS_WINNER,5,period,,,,,,,,,,,,,18.0,-0.0037796447377836107,True,historical_seen,mechanism_diagnostic,True,False,False,False,False,False,False,True
market_normalized,LOSER_MINUS_WINNER,5,period,,,,,,,,,,,,,19.0,0.002334945298450395,True,historical_seen,mechanism_diagnostic,True,False,False,False,False,False,False,True
market_normalized,LOSER_MINUS_WINNER,5,period,,,,,,,,,,,,,20.0,-0.020899951160993246,True,historical_seen,mechanism_diagnostic,True,False,False,False,False,False,False,True
market_normalized,LOSER_MINUS_WINNER,5,period,,,,,,,,,,,,,21.0,0.026873671232497457,True,historical_seen,mechanism_diagnostic,True,False,False,False,False,False,False,True
market_normalized,LOSER_MINUS_WINNER,5,period,,,,,,,,,,,,,22.0,0.026291920517426688,True,historical_seen,mechanism_diagnostic,True,False,False,False,False,False,False,True
market_normalized,LOSER_MINUS_WINNER,5,period,,,,,,,,,,,,,23.0,0.006019353755668564,True,historical_seen,mechanism_diagnostic,True,False,False,False,False,False,False,True
market_normalized,LOSER_MINUS_WINNER,5,period,,,,,,,,,,,,,24.0,0.013868613431214045,True,historical_seen,mechanism_diagnostic,True,False,False,False,False,False,False,True
market_normalized,LOSER_MINUS_WINNER,5,period,,,,,,,,,,,,,25.0,-0.025490340990265217,True,historical_seen,mechanism_diagnostic,True,False,False,False,False,False,False,True
market_normalized,LOSER_MINUS_WINNER,5,period,,,,,,,,,,,,,26.0,0.03453392148969361,True,historical_seen,mechanism_diagnostic,True,False,False,False,False,False,False,True
market_normalized,LOSER_MINUS_WINNER,5,period,,,,,,,,,,,,,27.0,0.017433412190638986,True,historical_seen,mechanism_diagnostic,True,False,False,False,False,False,False,True
market_normalized,LOSER_MINUS_WINNER,5,period,,,,,,,,,,,,,28.0,0.000488821420026618,True,historical_seen,mechanism_diagnostic,True,False,False,False,False,False,False,True
market_normalized,LOSER_MINUS_WINNER,5,period,,,,,,,,,,,,,29.0,-0.022652829808771528,True,historical_seen,mechanism_diagnostic,True,False,False,False,False,False,False,True
market_normalized,LOSER_MINUS_WINNER,5,period,,,,,,,,,,,,,30.0,0.02119829491545337,True,historical_seen,mechanism_diagnostic,True,False,False,False,False,False,False,True
market_normalized,LOSER_MINUS_WINNER,5,period,,,,,,,,,,,,,31.0,-0.005333102067719336,True,historical_seen,mechanism_diagnostic,True,False,False,False,False,False,False,True
market_normalized,LOSER_MINUS_WINNER,5,period,,,,,,,,,,,,,32.0,0.008150587247869434,True,historical_seen,mechanism_diagnostic,True,False,False,False,False,False,False,True
market_normalized,LOSER_MINUS_WINNER,5,period,,,,,,,,,,,,,33.0,0.06423280428879814,True,historical_seen,mechanism_diagnostic,True,False,False,False,False,False,False,True
market_normalized,LOSER_MINUS_WINNER,5,period,,,,,,,,,,,,,34.0,0.017528621311951362,True,historical_seen,mechanism_diagnostic,True,False,False,False,False,False,False,True
market_normalized,LOSER_MINUS_WINNER,5,period,,,,,,,,,,,,,35.0,0.0443063869357954,True,historical_seen,mechanism_diagnostic,True,False,False,False,False,False,False,True
market_normalized,LOSER_MINUS_WINNER,5,period,,,,,,,,,,,,,36.0,0.031016705641539286,True,historical_seen,mechanism_diagnostic,True,False,False,False,False,False,False,True
market_normalized,LOSER_MINUS_WINNER,5,period,,,,,,,,,,,,,37.0,0.025786354812693944,True,historical_seen,mechanism_diagnostic,True,False,False,False,False,False,False,True
market_normalized,LOSER_MINUS_WINNER,5,period,,,,,,,,,,,,,38.0,0.012288430909400416,True,historical_seen,mechanism_diagnostic,True,False,False,False,False,False,False,True
market_normalized,LOSER_MINUS_WINNER,5,period,,,,,,,,,,,,,39.0,0.019374981921256258,True,historical_seen,mechanism_diagnostic,True,False,False,False,False,False,False,True
market_normalized,LOSER_MINUS_WINNER,5,period,,,,,,,,,,,,,40.0,-0.012953024423470854,True,historical_seen,mechanism_diagnostic,True,False,False,False,False,False,False,True
market_normalized,LOSER_MINUS_WINNER,5,period,,,,,,,,,,,,,41.0,0.011687902850426056,True,historical_seen,mechanism_diagnostic,True,False,False,False,False,False,False,True
market_normalized,LOSER_MINUS_WINNER,5,period,,,,,,,,,,,,,42.0,-0.018316985799698777,True,historical_seen,mechanism_diagnostic,True,False,False,False,False,False,False,True
market_normalized,LOSER_MINUS_WINNER,5,period,,,,,,,,,,,,,43.0,0.0374397695846283,True,historical_seen,mechanism_diagnostic,True,False,False,False,False,False,False,True
market_normalized,LOSER_MINUS_WINNER,5,period,,,,,,,,,,,,,44.0,-0.005184655435721171,True,historical_seen,mechanism_diagnostic,True,False,False,False,False,False,False,True
market_normalized,LOSER_MINUS_WINNER,5,period,,,,,,,,,,,,,45.0,0.049632415269143346,True,historical_seen,mechanism_diagnostic,True,False,False,False,False,False,False,True
market_normalized,LOSER_MINUS_WINNER,5,period,,,,,,,,,,,,,46.0,-0.005830639725485111,True,historical_seen,mechanism_diagnostic,True,False,False,False,False,False,False,True
market_normalized,LOSER_MINUS_WINNER,5,period,,,,,,,,,,,,,47.0,-0.005892174332891048,True,historical_seen,mechanism_diagnostic,True,False,False,False,False,False,False,True
market_normalized,LOSER_MINUS_WINNER,5,period,,,,,,,,,,,,,48.0,0.0123276451113426,True,historical_seen,mechanism_diagnostic,True,False,False,False,False,False,False,True
market_normalized,LOSER_MINUS_WINNER,5,period,,,,,,,,,,,,,49.0,0.012076489777004379,True,historical_seen,mechanism_diagnostic,True,False,False,False,False,False,False,True
market_normalized,LOSER_MINUS_WINNER,5,period,,,,,,,,,,,,,50.0,-0.008472527967453292,True,historical_seen,mechanism_diagnostic,True,False,False,False,False,False,False,True
market_normalized,LOSER_MINUS_WINNER,5,period,,,,,,,,,,,,,51.0,0.024354816852348717,True,historical_seen,mechanism_diagnostic,True,False,False,False,False,False,False,True
market_normalized,LOSER_MINUS_WINNER,5,period,,,,,,,,,,,,,52.0,0.013883434626221547,True,historical_seen,mechanism_diagnostic,True,False,False,False,False,False,False,True
market_normalized,LOSER_MINUS_WINNER,5,period,,,,,,,,,,,,,53.0,0.012977735889508894,True,historical_seen,mechanism_diagnostic,True,False,False,False,False,False,False,True
market_normalized,LOSER_MINUS_WINNER,5,period,,,,,,,,,,,,,54.0,-0.0006323251615096212,True,historical_seen,mechanism_diagnostic,True,False,False,False,False,False,False,True
market_normalized,LOSER_MINUS_WINNER,5,period,,,,,,,,,,,,,55.0,0.014238884286055513,True,historical_seen,mechanism_diagnostic,True,False,False,False,False,False,False,True
market_normalized,LOSER_MINUS_WINNER,5,period,,,,,,,,,,,,,56.0,0.011276667165847104,True,historical_seen,mechanism_diagnostic,True,False,False,False,False,False,False,True
market_normalized,LOW_RETURN,10,summary,54.0,-0.00899513177931324,-0.006520437236145361,0.3148148148148148,0.6851851851851852,1.0,-0.013651790019851008,-0.0042344053735432815,,3.0,10000.0,20260721.0,,,,historical_seen,mechanism_diagnostic,True,False,False,False,False,False,False,True
market_normalized,LOW_RETURN,10,period,,,,,,,,,,,,,3.0,-0.0029760108482336776,True,historical_seen,mechanism_diagnostic,True,False,False,False,False,False,False,True
market_normalized,LOW_RETURN,10,period,,,,,,,,,,,,,4.0,0.013706345228904057,True,historical_seen,mechanism_diagnostic,True,False,False,False,False,False,False,True
market_normalized,LOW_RETURN,10,period,,,,,,,,,,,,,5.0,-0.013101516862915684,True,historical_seen,mechanism_diagnostic,True,False,False,False,False,False,False,True
market_normalized,LOW_RETURN,10,period,,,,,,,,,,,,,6.0,-0.026618194050397892,True,historical_seen,mechanism_diagnostic,True,False,False,False,False,False,False,True
market_normalized,LOW_RETURN,10,period,,,,,,,,,,,,,7.0,-0.024717377280235972,True,historical_seen,mechanism_diagnostic,True,False,False,False,False,False,False,True
market_normalized,LOW_RETURN,10,period,,,,,,,,,,,,,8.0,-0.04241780642927327,True,historical_seen,mechanism_diagnostic,True,False,False,False,False,False,False,True
market_normalized,LOW_RETURN,10,period,,,,,,,,,,,,,9.0,0.02858384753599097,True,historical_seen,mechanism_diagnostic,True,False,False,False,False,False,False,True
market_normalized,LOW_RETURN,10,period,,,,,,,,,,,,,10.0,0.004245790730441686,True,historical_seen,mechanism_diagnostic,True,False,False,False,False,False,False,True
market_normalized,LOW_RETURN,10,period,,,,,,,,,,,,,11.0,-0.0011599897909495144,True,historical_seen,mechanism_diagnostic,True,False,False,False,False,False,False,True
market_normalized,LOW_RETURN,10,period,,,,,,,,,,,,,12.0,-0.008812181087580126,True,historical_seen,mechanism_diagnostic,True,False,False,False,False,False,False,True
market_normalized,LOW_RETURN,10,period,,,,,,,,,,,,,13.0,0.0047182607987685116,True,historical_seen,mechanism_diagnostic,True,False,False,False,False,False,False,True
market_normalized,LOW_RETURN,10,period,,,,,,,,,,,,,14.0,-0.005828217510230105,True,historical_seen,mechanism_diagnostic,True,False,False,False,False,False,False,True
market_normalized,LOW_RETURN,10,period,,,,,,,,,,,,,15.0,-0.02701714108695323,True,historical_seen,mechanism_diagnostic,True,False,False,False,False,False,False,True
market_normalized,LOW_RETURN,10,period,,,,,,,,,,,,,16.0,0.005010832477780207,True,historical_seen,mechanism_diagnostic,True,False,False,False,False,False,False,True
market_normalized,LOW_RETURN,10,period,,,,,,,,,,,,,17.0,-0.0013199378817507108,True,historical_seen,mechanism_diagnostic,True,False,False,False,False,False,False,True
market_normalized,LOW_RETURN,10,period,,,,,,,,,,,,,18.0,-0.03260479487237483,True,historical_seen,mechanism_diagnostic,True,False,False,False,False,False,False,True
market_normalized,LOW_RETURN,10,period,,,,,,,,,,,,,19.0,-0.005913348040066699,True,historical_seen,mechanism_diagnostic,True,False,False,False,False,False,False,True
market_normalized,LOW_RETURN,10,period,,,,,,,,,,,,,20.0,-0.025527235300472517,True,historical_seen,mechanism_diagnostic,True,False,False,False,False,False,False,True
market_normalized,LOW_RETURN,10,period,,,,,,,,,,,,,21.0,-0.012493515844493836,True,historical_seen,mechanism_diagnostic,True,False,False,False,False,False,False,True
market_normalized,LOW_RETURN,10,period,,,,,,,,,,,,,22.0,0.020879640003202263,True,historical_seen,mechanism_diagnostic,True,False,False,False,False,False,False,True
market_normalized,LOW_RETURN,10,period,,,,,,,,,,,,,23.0,0.015099594890857767,True,historical_seen,mechanism_diagnostic,True,False,False,False,False,False,False,True
market_normalized,LOW_RETURN,10,period,,,,,,,,,,,,,24.0,0.0023615636958838216,True,historical_seen,mechanism_diagnostic,True,False,False,False,False,False,False,True
market_normalized,LOW_RETURN,10,period,,,,,,,,,,,,,25.0,-0.052549643947792185,True,historical_seen,mechanism_diagnostic,True,False,False,False,False,False,False,True
market_normalized,LOW_RETURN,10,period,,,,,,,,,,,,,26.0,-0.039320816703735606,True,historical_seen,mechanism_diagnostic,True,False,False,False,False,False,False,True
market_normalized,LOW_RETURN,10,period,,,,,,,,,,,,,27.0,0.0027697586758576656,True,historical_seen,mechanism_diagnostic,True,False,False,False,False,False,False,True
market_normalized,LOW_RETURN,10,period,,,,,,,,,,,,,28.0,0.005161283180771043,True,historical_seen,mechanism_diagnostic,True,False,False,False,False,False,False,True
market_normalized,LOW_RETURN,10,period,,,,,,,,,,,,,29.0,-0.016752507081283487,True,historical_seen,mechanism_diagnostic,True,False,False,False,False,False,False,True
market_normalized,LOW_RETURN,10,period,,,,,,,,,,,,,30.0,0.007036149051099757,True,historical_seen,mechanism_diagnostic,True,False,False,False,False,False,False,True
market_normalized,LOW_RETURN,10,period,,,,,,,,,,,,,31.0,-0.009348366686789511,True,historical_seen,mechanism_diagnostic,True,False,False,False,False,False,False,True
market_normalized,LOW_RETURN,10,period,,,,,,,,,,,,,32.0,-0.01362346948051582,True,historical_seen,mechanism_diagnostic,True,False,False,False,False,False,False,True
market_normalized,LOW_RETURN,10,period,,,,,,,,,,,,,33.0,0.01847003368665869,True,historical_seen,mechanism_diagnostic,True,False,False,False,False,False,False,True
market_normalized,LOW_RETURN,10,period,,,,,,,,,,,,,34.0,-0.001387711427580235,True,historical_seen,mechanism_diagnostic,True,False,False,False,False,False,False,True
market_normalized,LOW_RETURN,10,period,,,,,,,,,,,,,35.0,0.0669980535879891,True,historical_seen,mechanism_diagnostic,True,False,False,False,False,False,False,True
market_normalized,LOW_RETURN,10,period,,,,,,,,,,,,,36.0,-0.044536475795454,True,historical_seen,mechanism_diagnostic,True,False,False,False,False,False,False,True
market_normalized,LOW_RETURN,10,period,,,,,,,,,,,,,37.0,-0.043030344033128026,True,historical_seen,mechanism_diagnostic,True,False,False,False,False,False,False,True
market_normalized,LOW_RETURN,10,period,,,,,,,,,,,,,38.0,-0.018658215545033746,True,historical_seen,mechanism_diagnostic,True,False,False,False,False,False,False,True
market_normalized,LOW_RETURN,10,period,,,,,,,,,,,,,39.0,-0.03153667779729705,True,historical_seen,mechanism_diagnostic,True,False,False,False,False,False,False,True
market_normalized,LOW_RETURN,10,period,,,,,,,,,,,,,40.0,-0.035348261410291744,True,historical_seen,mechanism_diagnostic,True,False,False,False,False,False,False,True
market_normalized,LOW_RETURN,10,period,,,,,,,,,,,,,41.0,-0.0041287526423148604,True,historical_seen,mechanism_diagnostic,True,False,False,False,False,False,False,True
market_normalized,LOW_RETURN,10,period,,,,,,,,,,,,,42.0,-0.006976249435312165,True,historical_seen,mechanism_diagnostic,True,False,False,False,False,False,False,True
market_normalized,LOW_RETURN,10,period,,,,,,,,,,,,,43.0,-0.04865062596698554,True,historical_seen,mechanism_diagnostic,True,False,False,False,False,False,False,True
market_normalized,LOW_RETURN,10,period,,,,,,,,,,,,,44.0,0.03272398611767866,True,historical_seen,mechanism_diagnostic,True,False,False,False,False,False,False,True
market_normalized,LOW_RETURN,10,period,,,,,,,,,,,,,45.0,-0.02015148636627819,True,historical_seen,mechanism_diagnostic,True,False,False,False,False,False,False,True
market_normalized,LOW_RETURN,10,period,,,,,,,,,,,,,46.0,-0.01605382424307268,True,historical_seen,mechanism_diagnostic,True,False,False,False,False,False,False,True
market_normalized,LOW_RETURN,10,period,,,,,,,,,,,,,47.0,-0.017230112151990475,True,historical_seen,mechanism_diagnostic,True,False,False,False,False,False,False,True
market_normalized,LOW_RETURN,10,period,,,,,,,,,,,,,48.0,0.004879316444101105,True,historical_seen,mechanism_diagnostic,True,False,False,False,False,False,False,True
market_normalized,LOW_RETURN,10,period,,,,,,,,,,,,,49.0,-0.04485723407335431,True,historical_seen,mechanism_diagnostic,True,False,False,False,False,False,False,True
market_normalized,LOW_RETURN,10,period,,,,,,,,,,,,,50.0,-0.006064625036978556,True,historical_seen,mechanism_diagnostic,True,False,False,False,False,False,False,True
market_normalized,LOW_RETURN,10,period,,,,,,,,,,,,,51.0,-0.0015465984339257874,True,historical_seen,mechanism_diagnostic,True,False,False,False,False,False,False,True
market_normalized,LOW_RETURN,10,period,,,,,,,,,,,,,52.0,0.010139989987452244,True,historical_seen,mechanism_diagnostic,True,False,False,False,False,False,False,True
market_normalized,LOW_RETURN,10,period,,,,,,,,,,,,,53.0,0.01985472675116683,True,historical_seen,mechanism_diagnostic,True,False,False,False,False,False,False,True
market_normalized,LOW_RETURN,10,period,,,,,,,,,,,,,54.0,-0.018601651704782687,True,historical_seen,mechanism_diagnostic,True,False,False,False,False,False,False,True
market_normalized,LOW_RETURN,10,period,,,,,,,,,,,,,55.0,-0.0031448229418699607,True,historical_seen,mechanism_diagnostic,True,False,False,False,False,False,False,True
market_normalized,LOW_RETURN,10,period,,,,,,,,,,,,,56.0,-0.024370549135824763,True,historical_seen,mechanism_diagnostic,True,False,False,False,False,False,False,True
market_normalized,MID_RETURN,10,summary,54.0,-0.006200345102128806,-0.006449007569774942,0.3888888888888889,0.6111111111111112,1.0,-0.011973694657691774,-0.00038616855601871387,,3.0,10000.0,20260721.0,,,,historical_seen,mechanism_diagnostic,True,False,False,False,False,False,False,True
market_normalized,MID_RETURN,10,period,,,,,,,,,,,,,3.0,0.009322331982892907,True,historical_seen,mechanism_diagnostic,True,False,False,False,False,False,False,True
market_normalized,MID_RETURN,10,period,,,,,,,,,,,,,4.0,0.027588025082289386,True,historical_seen,mechanism_diagnostic,True,False,False,False,False,False,False,True
market_normalized,MID_RETURN,10,period,,,,,,,,,,,,,5.0,0.03144428677956238,True,historical_seen,mechanism_diagnostic,True,False,False,False,False,False,False,True
market_normalized,MID_RETURN,10,period,,,,,,,,,,,,,6.0,-0.022731135832519407,True,historical_seen,mechanism_diagnostic,True,False,False,False,False,False,False,True
market_normalized,MID_RETURN,10,period,,,,,,,,,,,,,7.0,0.013761474868748631,True,historical_seen,mechanism_diagnostic,True,False,False,False,False,False,False,True
market_normalized,MID_RETURN,10,period,,,,,,,,,,,,,8.0,-0.022218984880155737,True,historical_seen,mechanism_diagnostic,True,False,False,False,False,False,False,True
market_normalized,MID_RETURN,10,period,,,,,,,,,,,,,9.0,0.06584628498919516,True,historical_seen,mechanism_diagnostic,True,False,False,False,False,False,False,True
market_normalized,MID_RETURN,10,period,,,,,,,,,,,,,10.0,0.024540176329152123,True,historical_seen,mechanism_diagnostic,True,False,False,False,False,False,False,True
market_normalized,MID_RETURN,10,period,,,,,,,,,,,,,11.0,-0.027633812214358434,True,historical_seen,mechanism_diagnostic,True,False,False,False,False,False,False,True
market_normalized,MID_RETURN,10,period,,,,,,,,,,,,,12.0,-0.017474169499752848,True,historical_seen,mechanism_diagnostic,True,False,False,False,False,False,False,True
market_normalized,MID_RETURN,10,period,,,,,,,,,,,,,13.0,-0.020941252757565795,True,historical_seen,mechanism_diagnostic,True,False,False,False,False,False,False,True
market_normalized,MID_RETURN,10,period,,,,,,,,,,,,,14.0,-0.006016528041945683,True,historical_seen,mechanism_diagnostic,True,False,False,False,False,False,False,True
market_normalized,MID_RETURN,10,period,,,,,,,,,,,,,15.0,-0.047608295550986966,True,historical_seen,mechanism_diagnostic,True,False,False,False,False,False,False,True
market_normalized,MID_RETURN,10,period,,,,,,,,,,,,,16.0,-0.006881487097604201,True,historical_seen,mechanism_diagnostic,True,False,False,False,False,False,False,True
market_normalized,MID_RETURN,10,period,,,,,,,,,,,,,17.0,-0.0038449135046936776,True,historical_seen,mechanism_diagnostic,True,False,False,False,False,False,False,True
market_normalized,MID_RETURN,10,period,,,,,,,,,,,,,18.0,-0.02422530315492944,True,historical_seen,mechanism_diagnostic,True,False,False,False,False,False,False,True
market_normalized,MID_RETURN,10,period,,,,,,,,,,,,,19.0,0.0050954335430750605,True,historical_seen,mechanism_diagnostic,True,False,False,False,False,False,False,True
market_normalized,MID_RETURN,10,period,,,,,,,,,,,,,20.0,0.002166017384152053,True,historical_seen,mechanism_diagnostic,True,False,False,False,False,False,False,True
market_normalized,MID_RETURN,10,period,,,,,,,,,,,,,21.0,-0.014026643468490148,True,historical_seen,mechanism_diagnostic,True,False,False,False,False,False,False,True
market_normalized,MID_RETURN,10,period,,,,,,,,,,,,,22.0,0.016905857963601473,True,historical_seen,mechanism_diagnostic,True,False,False,False,False,False,False,True
market_normalized,MID_RETURN,10,period,,,,,,,,,,,,,23.0,0.006364739618295257,True,historical_seen,mechanism_diagnostic,True,False,False,False,False,False,False,True
market_normalized,MID_RETURN,10,period,,,,,,,,,,,,,24.0,-0.004164804964771328,True,historical_seen,mechanism_diagnostic,True,False,False,False,False,False,False,True
market_normalized,MID_RETURN,10,period,,,,,,,,,,,,,25.0,-0.05837733532373965,True,historical_seen,mechanism_diagnostic,True,False,False,False,False,False,False,True
market_normalized,MID_RETURN,10,period,,,,,,,,,,,,,26.0,-0.04246637693450998,True,historical_seen,mechanism_diagnostic,True,False,False,False,False,False,False,True
market_normalized,MID_RETURN,10,period,,,,,,,,,,,,,27.0,0.0009059244010514445,True,historical_seen,mechanism_diagnostic,True,False,False,False,False,False,False,True
market_normalized,MID_RETURN,10,period,,,,,,,,,,,,,28.0,0.024676188166040103,True,historical_seen,mechanism_diagnostic,True,False,False,False,False,False,False,True
market_normalized,MID_RETURN,10,period,,,,,,,,,,,,,29.0,-0.02122789672780165,True,historical_seen,mechanism_diagnostic,True,False,False,False,False,False,False,True
market_normalized,MID_RETURN,10,period,,,,,,,,,,,,,30.0,0.027244818839814253,True,historical_seen,mechanism_diagnostic,True,False,False,False,False,False,False,True
market_normalized,MID_RETURN,10,period,,,,,,,,,,,,,31.0,0.0028473060935172295,True,historical_seen,mechanism_diagnostic,True,False,False,False,False,False,False,True
market_normalized,MID_RETURN,10,period,,,,,,,,,,,,,32.0,0.005987903140935596,True,historical_seen,mechanism_diagnostic,True,False,False,False,False,False,False,True
market_normalized,MID_RETURN,10,period,,,,,,,,,,,,,33.0,-0.011265203341781539,True,historical_seen,mechanism_diagnostic,True,False,False,False,False,False,False,True
market_normalized,MID_RETURN,10,period,,,,,,,,,,,,,34.0,0.012055991220272053,True,historical_seen,mechanism_diagnostic,True,False,False,False,False,False,False,True
market_normalized,MID_RETURN,10,period,,,,,,,,,,,,,35.0,0.03175632582846409,True,historical_seen,mechanism_diagnostic,True,False,False,False,False,False,False,True
market_normalized,MID_RETURN,10,period,,,,,,,,,,,,,36.0,-0.018740702506353384,True,historical_seen,mechanism_diagnostic,True,False,False,False,False,False,False,True
market_normalized,MID_RETURN,10,period,,,,,,,,,,,,,37.0,-0.009077409182476806,True,historical_seen,mechanism_diagnostic,True,False,False,False,False,False,False,True
market_normalized,MID_RETURN,10,period,,,,,,,,,,,,,38.0,-0.008102647629597351,True,historical_seen,mechanism_diagnostic,True,False,False,False,False,False,False,True
market_normalized,MID_RETURN,10,period,,,,,,,,,,,,,39.0,-0.02901187423965157,True,historical_seen,mechanism_diagnostic,True,False,False,False,False,False,False,True
market_normalized,MID_RETURN,10,period,,,,,,,,,,,,,40.0,-0.008299284900391467,True,historical_seen,mechanism_diagnostic,True,False,False,False,False,False,False,True
market_normalized,MID_RETURN,10,period,,,,,,,,,,,,,41.0,-0.0018779545860678863,True,historical_seen,mechanism_diagnostic,True,False,False,False,False,False,False,True
market_normalized,MID_RETURN,10,period,,,,,,,,,,,,,42.0,0.006703945823284596,True,historical_seen,mechanism_diagnostic,True,False,False,False,False,False,False,True
market_normalized,MID_RETURN,10,period,,,,,,,,,,,,,43.0,-0.06203801778739782,True,historical_seen,mechanism_diagnostic,True,False,False,False,False,False,False,True
market_normalized,MID_RETURN,10,period,,,,,,,,,,,,,44.0,-0.011050632944091601,True,historical_seen,mechanism_diagnostic,True,False,False,False,False,False,False,True
market_normalized,MID_RETURN,10,period,,,,,,,,,,,,,45.0,-0.025459448945901082,True,historical_seen,mechanism_diagnostic,True,False,False,False,False,False,False,True
market_normalized,MID_RETURN,10,period,,,,,,,,,,,,,46.0,-0.03046888000070634,True,historical_seen,mechanism_diagnostic,True,False,False,False,False,False,False,True
market_normalized,MID_RETURN,10,period,,,,,,,,,,,,,47.0,-0.009599222471391122,True,historical_seen,mechanism_diagnostic,True,False,False,False,False,False,False,True
market_normalized,MID_RETURN,10,period,,,,,,,,,,,,,48.0,-0.0032223855685557315,True,historical_seen,mechanism_diagnostic,True,False,False,False,False,False,False,True
market_normalized,MID_RETURN,10,period,,,,,,,,,,,,,49.0,-0.07395498172214904,True,historical_seen,mechanism_diagnostic,True,False,False,False,False,False,False,True
market_normalized,MID_RETURN,10,period,,,,,,,,,,,,,50.0,-0.0008031012756910408,True,historical_seen,mechanism_diagnostic,True,False,False,False,False,False,False,True
market_normalized,MID_RETURN,10,period,,,,,,,,,,,,,51.0,-0.01700376863396515,True,historical_seen,mechanism_diagnostic,True,False,False,False,False,False,False,True
market_normalized,MID_RETURN,10,period,,,,,,,,,,,,,52.0,0.0027306894056546988,True,historical_seen,mechanism_diagnostic,True,False,False,False,False,False,False,True
market_normalized,MID_RETURN,10,period,,,,,,,,,,,,,53.0,0.021100166423551798,True,historical_seen,mechanism_diagnostic,True,False,False,False,False,False,False,True
market_normalized,MID_RETURN,10,period,,,,,,,,,,,,,54.0,-0.007812556471648666,True,historical_seen,mechanism_diagnostic,True,False,False,False,False,False,False,True
market_normalized,MID_RETURN,10,period,,,,,,,,,,,,,55.0,0.006215861102220213,True,historical_seen,mechanism_diagnostic,True,False,False,False,False,False,False,True
market_normalized,MID_RETURN,10,period,,,,,,,,,,,,,56.0,-0.012451372339083416,True,historical_seen,mechanism_diagnostic,True,False,False,False,False,False,False,True
market_normalized,HIGH_RETURN,10,summary,54.0,-0.01770724580750271,-0.015583006128532209,0.2777777777777778,0.7222222222222222,1.0,-0.024364467254058598,-0.010720515614740758,,3.0,10000.0,20260721.0,,,,historical_seen,mechanism_diagnostic,True,False,False,False,False,False,False,True
market_normalized,HIGH_RETURN,10,period,,,,,,,,,,,,,3.0,0.02224787082406263,True,historical_seen,mechanism_diagnostic,True,False,False,False,False,False,False,True
market_normalized,HIGH_RETURN,10,period,,,,,,,,,,,,,4.0,-0.002380569586334924,True,historical_seen,mechanism_diagnostic,True,False,False,False,False,False,False,True
market_normalized,HIGH_RETURN,10,period,,,,,,,,,,,,,5.0,0.04078758511357761,True,historical_seen,mechanism_diagnostic,True,False,False,False,False,False,False,True
market_normalized,HIGH_RETURN,10,period,,,,,,,,,,,,,6.0,-0.07590336861197655,True,historical_seen,mechanism_diagnostic,True,False,False,False,False,False,False,True
market_normalized,HIGH_RETURN,10,period,,,,,,,,,,,,,7.0,-0.025861091262667807,True,historical_seen,mechanism_diagnostic,True,False,False,False,False,False,False,True
market_normalized,HIGH_RETURN,10,period,,,,,,,,,,,,,8.0,-0.039467562443423976,True,historical_seen,mechanism_diagnostic,True,False,False,False,False,False,False,True
market_normalized,HIGH_RETURN,10,period,,,,,,,,,,,,,9.0,0.03716999811395251,True,historical_seen,mechanism_diagnostic,True,False,False,False,False,False,False,True
market_normalized,HIGH_RETURN,10,period,,,,,,,,,,,,,10.0,0.06707732174834172,True,historical_seen,mechanism_diagnostic,True,False,False,False,False,False,False,True
market_normalized,HIGH_RETURN,10,period,,,,,,,,,,,,,11.0,0.0008201692618189094,True,historical_seen,mechanism_diagnostic,True,False,False,False,False,False,False,True
market_normalized,HIGH_RETURN,10,period,,,,,,,,,,,,,12.0,-0.009787363676929062,True,historical_seen,mechanism_diagnostic,True,False,False,False,False,False,False,True
market_normalized,HIGH_RETURN,10,period,,,,,,,,,,,,,13.0,-0.015576620674462208,True,historical_seen,mechanism_diagnostic,True,False,False,False,False,False,False,True
market_normalized,HIGH_RETURN,10,period,,,,,,,,,,,,,14.0,0.018565800349892813,True,historical_seen,mechanism_diagnostic,True,False,False,False,False,False,False,True
market_normalized,HIGH_RETURN,10,period,,,,,,,,,,,,,15.0,-0.06043891759301082,True,historical_seen,mechanism_diagnostic,True,False,False,False,False,False,False,True
market_normalized,HIGH_RETURN,10,period,,,,,,,,,,,,,16.0,-0.01680517694171666,True,historical_seen,mechanism_diagnostic,True,False,False,False,False,False,False,True
market_normalized,HIGH_RETURN,10,period,,,,,,,,,,,,,17.0,-0.003410161069384493,True,historical_seen,mechanism_diagnostic,True,False,False,False,False,False,False,True
market_normalized,HIGH_RETURN,10,period,,,,,,,,,,,,,18.0,-0.04128915526037212,True,historical_seen,mechanism_diagnostic,True,False,False,False,False,False,False,True
market_normalized,HIGH_RETURN,10,period,,,,,,,,,,,,,19.0,-0.006683105937802424,True,historical_seen,mechanism_diagnostic,True,False,False,False,False,False,False,True
market_normalized,HIGH_RETURN,10,period,,,,,,,,,,,,,20.0,-0.004745227184568695,True,historical_seen,mechanism_diagnostic,True,False,False,False,False,False,False,True
market_normalized,HIGH_RETURN,10,period,,,,,,,,,,,,,21.0,-0.06893494702026223,True,historical_seen,mechanism_diagnostic,True,False,False,False,False,False,False,True
market_normalized,HIGH_RETURN,10,period,,,,,,,,,,,,,22.0,-0.01558939158260221,True,historical_seen,mechanism_diagnostic,True,False,False,False,False,False,False,True
market_normalized,HIGH_RETURN,10,period,,,,,,,,,,,,,23.0,0.005507155352296154,True,historical_seen,mechanism_diagnostic,True,False,False,False,False,False,False,True
market_normalized,HIGH_RETURN,10,period,,,,,,,,,,,,,24.0,0.03349487085774306,True,historical_seen,mechanism_diagnostic,True,False,False,False,False,False,False,True
market_normalized,HIGH_RETURN,10,period,,,,,,,,,,,,,25.0,-0.03693530849129074,True,historical_seen,mechanism_diagnostic,True,False,False,False,False,False,False,True
market_normalized,HIGH_RETURN,10,period,,,,,,,,,,,,,26.0,-0.07088200437825835,True,historical_seen,mechanism_diagnostic,True,False,False,False,False,False,False,True
market_normalized,HIGH_RETURN,10,period,,,,,,,,,,,,,27.0,-0.019416820914478092,True,historical_seen,mechanism_diagnostic,True,False,False,False,False,False,False,True
market_normalized,HIGH_RETURN,10,period,,,,,,,,,,,,,28.0,0.0016868254683645844,True,historical_seen,mechanism_diagnostic,True,False,False,False,False,False,False,True
market_normalized,HIGH_RETURN,10,period,,,,,,,,,,,,,29.0,-0.012437264477841263,True,historical_seen,mechanism_diagnostic,True,False,False,False,False,False,False,True
market_normalized,HIGH_RETURN,10,period,,,,,,,,,,,,,30.0,-0.007355661548498933,True,historical_seen,mechanism_diagnostic,True,False,False,False,False,False,False,True
market_normalized,HIGH_RETURN,10,period,,,,,,,,,,,,,31.0,0.011537760359424873,True,historical_seen,mechanism_diagnostic,True,False,False,False,False,False,False,True
market_normalized,HIGH_RETURN,10,period,,,,,,,,,,,,,32.0,-0.010328471863402662,True,historical_seen,mechanism_diagnostic,True,False,False,False,False,False,False,True
market_normalized,HIGH_RETURN,10,period,,,,,,,,,,,,,33.0,-0.038068630107015784,True,historical_seen,mechanism_diagnostic,True,False,False,False,False,False,False,True
market_normalized,HIGH_RETURN,10,period,,,,,,,,,,,,,34.0,-0.00852568001911752,True,historical_seen,mechanism_diagnostic,True,False,False,False,False,False,False,True
market_normalized,HIGH_RETURN,10,period,,,,,,,,,,,,,35.0,0.0049098227761894195,True,historical_seen,mechanism_diagnostic,True,False,False,False,False,False,False,True
market_normalized,HIGH_RETURN,10,period,,,,,,,,,,,,,36.0,-0.029102739105681872,True,historical_seen,mechanism_diagnostic,True,False,False,False,False,False,False,True
market_normalized,HIGH_RETURN,10,period,,,,,,,,,,,,,37.0,-0.048654346921828566,True,historical_seen,mechanism_diagnostic,True,False,False,False,False,False,False,True
market_normalized,HIGH_RETURN,10,period,,,,,,,,,,,,,38.0,-0.0384745685001142,True,historical_seen,mechanism_diagnostic,True,False,False,False,False,False,False,True
market_normalized,HIGH_RETURN,10,period,,,,,,,,,,,,,39.0,-0.06068229066949113,True,historical_seen,mechanism_diagnostic,True,False,False,False,False,False,False,True
market_normalized,HIGH_RETURN,10,period,,,,,,,,,,,,,40.0,-0.02568737285360186,True,historical_seen,mechanism_diagnostic,True,False,False,False,False,False,False,True
market_normalized,HIGH_RETURN,10,period,,,,,,,,,,,,,41.0,-0.01871562759507077,True,historical_seen,mechanism_diagnostic,True,False,False,False,False,False,False,True
market_normalized,HIGH_RETURN,10,period,,,,,,,,,,,,,42.0,-0.030634577382291056,True,historical_seen,mechanism_diagnostic,True,False,False,False,False,False,False,True
market_normalized,HIGH_RETURN,10,period,,,,,,,,,,,,,43.0,-0.060745648696752225,True,historical_seen,mechanism_diagnostic,True,False,False,False,False,False,False,True
market_normalized,HIGH_RETURN,10,period,,,,,,,,,,,,,44.0,0.028287889926555856,True,historical_seen,mechanism_diagnostic,True,False,False,False,False,False,False,True
market_normalized,HIGH_RETURN,10,period,,,,,,,,,,,,,45.0,-0.07173277949871261,True,historical_seen,mechanism_diagnostic,True,False,False,False,False,False,False,True
market_normalized,HIGH_RETURN,10,period,,,,,,,,,,,,,46.0,-0.016075645818366308,True,historical_seen,mechanism_diagnostic,True,False,False,False,False,False,False,True
market_normalized,HIGH_RETURN,10,period,,,,,,,,,,,,,47.0,-0.005810212236829298,True,historical_seen,mechanism_diagnostic,True,False,False,False,False,False,False,True
market_normalized,HIGH_RETURN,10,period,,,,,,,,,,,,,48.0,4.8367854147940426e-05,True,historical_seen,mechanism_diagnostic,True,False,False,False,False,False,False,True
market_normalized,HIGH_RETURN,10,period,,,,,,,,,,,,,49.0,-0.11283289474051285,True,historical_seen,mechanism_diagnostic,True,False,False,False,False,False,False,True
market_normalized,HIGH_RETURN,10,period,,,,,,,,,,,,,50.0,0.005940809785949021,True,historical_seen,mechanism_diagnostic,True,False,False,False,False,False,False,True
market_normalized,HIGH_RETURN,10,period,,,,,,,,,,,,,51.0,-0.02009501312927389,True,historical_seen,mechanism_diagnostic,True,False,False,False,False,False,False,True
market_normalized,HIGH_RETURN,10,period,,,,,,,,,,,,,52.0,0.006538912952484897,True,historical_seen,mechanism_diagnostic,True,False,False,False,False,False,False,True
market_normalized,HIGH_RETURN,10,period,,,,,,,,,,,,,53.0,-0.025961933909667417,True,historical_seen,mechanism_diagnostic,True,False,False,False,False,False,False,True
market_normalized,HIGH_RETURN,10,period,,,,,,,,,,,,,54.0,-0.014466716036057616,True,historical_seen,mechanism_diagnostic,True,False,False,False,False,False,False,True
market_normalized,HIGH_RETURN,10,period,,,,,,,,,,,,,55.0,-0.027903905906067464,True,historical_seen,mechanism_diagnostic,True,False,False,False,False,False,False,True
market_normalized,HIGH_RETURN,10,period,,,,,,,,,,,,,56.0,-0.04241366070421169,True,historical_seen,mechanism_diagnostic,True,False,False,False,False,False,False,True
market_normalized,LOSER_MINUS_WINNER,10,summary,54.0,0.008712114028189468,0.005227475739326852,0.6666666666666666,0.6666666666666666,1.0,0.003377232780067536,0.013863953783233633,,3.0,10000.0,20260721.0,,,,historical_seen,mechanism_diagnostic,True,False,False,False,False,False,False,True
market_normalized,LOSER_MINUS_WINNER,10,period,,,,,,,,,,,,,3.0,-0.02522388167229631,True,historical_seen,mechanism_diagnostic,True,False,False,False,False,False,False,True
market_normalized,LOSER_MINUS_WINNER,10,period,,,,,,,,,,,,,4.0,0.01608691481523898,True,historical_seen,mechanism_diagnostic,True,False,False,False,False,False,False,True
market_normalized,LOSER_MINUS_WINNER,10,period,,,,,,,,,,,,,5.0,-0.05388910197649329,True,historical_seen,mechanism_diagnostic,True,False,False,False,False,False,False,True
market_normalized,LOSER_MINUS_WINNER,10,period,,,,,,,,,,,,,6.0,0.04928517456157866,True,historical_seen,mechanism_diagnostic,True,False,False,False,False,False,False,True
market_normalized,LOSER_MINUS_WINNER,10,period,,,,,,,,,,,,,7.0,0.0011437139824318349,True,historical_seen,mechanism_diagnostic,True,False,False,False,False,False,False,True
market_normalized,LOSER_MINUS_WINNER,10,period,,,,,,,,,,,,,8.0,-0.0029502439858492963,True,historical_seen,mechanism_diagnostic,True,False,False,False,False,False,False,True
market_normalized,LOSER_MINUS_WINNER,10,period,,,,,,,,,,,,,9.0,-0.00858615057796154,True,historical_seen,mechanism_diagnostic,True,False,False,False,False,False,False,True
market_normalized,LOSER_MINUS_WINNER,10,period,,,,,,,,,,,,,10.0,-0.06283153101790004,True,historical_seen,mechanism_diagnostic,True,False,False,False,False,False,False,True
market_normalized,LOSER_MINUS_WINNER,10,period,,,,,,,,,,,,,11.0,-0.0019801590527684237,True,historical_seen,mechanism_diagnostic,True,False,False,False,False,False,False,True
market_normalized,LOSER_MINUS_WINNER,10,period,,,,,,,,,,,,,12.0,0.0009751825893489358,True,historical_seen,mechanism_diagnostic,True,False,False,False,False,False,False,True
market_normalized,LOSER_MINUS_WINNER,10,period,,,,,,,,,,,,,13.0,0.02029488147323072,True,historical_seen,mechanism_diagnostic,True,False,False,False,False,False,False,True
market_normalized,LOSER_MINUS_WINNER,10,period,,,,,,,,,,,,,14.0,-0.024394017860122918,True,historical_seen,mechanism_diagnostic,True,False,False,False,False,False,False,True
market_normalized,LOSER_MINUS_WINNER,10,period,,,,,,,,,,,,,15.0,0.03342177650605759,True,historical_seen,mechanism_diagnostic,True,False,False,False,False,False,False,True
market_normalized,LOSER_MINUS_WINNER,10,period,,,,,,,,,,,,,16.0,0.02181600941949687,True,historical_seen,mechanism_diagnostic,True,False,False,False,False,False,False,True
market_normalized,LOSER_MINUS_WINNER,10,period,,,,,,,,,,,,,17.0,0.002090223187633782,True,historical_seen,mechanism_diagnostic,True,False,False,False,False,False,False,True
market_normalized,LOSER_MINUS_WINNER,10,period,,,,,,,,,,,,,18.0,0.00868436038799729,True,historical_seen,mechanism_diagnostic,True,False,False,False,False,False,False,True
market_normalized,LOSER_MINUS_WINNER,10,period,,,,,,,,,,,,,19.0,0.0007697578977357254,True,historical_seen,mechanism_diagnostic,True,False,False,False,False,False,False,True
market_normalized,LOSER_MINUS_WINNER,10,period,,,,,,,,,,,,,20.0,-0.020782008115903822,True,historical_seen,mechanism_diagnostic,True,False,False,False,False,False,False,True
market_normalized,LOSER_MINUS_WINNER,10,period,,,,,,,,,,,,,21.0,0.0564414311757684,True,historical_seen,mechanism_diagnostic,True,False,False,False,False,False,False,True
market_normalized,LOSER_MINUS_WINNER,10,period,,,,,,,,,,,,,22.0,0.03646903158580447,True,historical_seen,mechanism_diagnostic,True,False,False,False,False,False,False,True
market_normalized,LOSER_MINUS_WINNER,10,period,,,,,,,,,,,,,23.0,0.009592439538561613,True,historical_seen,mechanism_diagnostic,True,False,False,False,False,False,False,True
market_normalized,LOSER_MINUS_WINNER,10,period,,,,,,,,,,,,,24.0,-0.03113330716185924,True,historical_seen,mechanism_diagnostic,True,False,False,False,False,False,False,True
market_normalized,LOSER_MINUS_WINNER,10,period,,,,,,,,,,,,,25.0,-0.015614335456501448,True,historical_seen,mechanism_diagnostic,True,False,False,False,False,False,False,True
market_normalized,LOSER_MINUS_WINNER,10,period,,,,,,,,,,,,,26.0,0.03156118767452275,True,historical_seen,mechanism_diagnostic,True,False,False,False,False,False,False,True
market_normalized,LOSER_MINUS_WINNER,10,period,,,,,,,,,,,,,27.0,0.022186579590335757,True,historical_seen,mechanism_diagnostic,True,False,False,False,False,False,False,True
market_normalized,LOSER_MINUS_WINNER,10,period,,,,,,,,,,,,,28.0,0.0034744577124064587,True,historical_seen,mechanism_diagnostic,True,False,False,False,False,False,False,True
market_normalized,LOSER_MINUS_WINNER,10,period,,,,,,,,,,,,,29.0,-0.004315242603442224,True,historical_seen,mechanism_diagnostic,True,False,False,False,False,False,False,True
market_normalized,LOSER_MINUS_WINNER,10,period,,,,,,,,,,,,,30.0,0.01439181059959869,True,historical_seen,mechanism_diagnostic,True,False,False,False,False,False,False,True
market_normalized,LOSER_MINUS_WINNER,10,period,,,,,,,,,,,,,31.0,-0.020886127046214384,True,historical_seen,mechanism_diagnostic,True,False,False,False,False,False,False,True
market_normalized,LOSER_MINUS_WINNER,10,period,,,,,,,,,,,,,32.0,-0.0032949976171131583,True,historical_seen,mechanism_diagnostic,True,False,False,False,False,False,False,True
market_normalized,LOSER_MINUS_WINNER,10,period,,,,,,,,,,,,,33.0,0.056538663793674476,True,historical_seen,mechanism_diagnostic,True,False,False,False,False,False,False,True
market_normalized,LOSER_MINUS_WINNER,10,period,,,,,,,,,,,,,34.0,0.007137968591537286,True,historical_seen,mechanism_diagnostic,True,False,False,False,False,False,False,True
market_normalized,LOSER_MINUS_WINNER,10,period,,,,,,,,,,,,,35.0,0.062088230811799684,True,historical_seen,mechanism_diagnostic,True,False,False,False,False,False,False,True
market_normalized,LOSER_MINUS_WINNER,10,period,,,,,,,,,,,,,36.0,-0.015433736689772128,True,historical_seen,mechanism_diagnostic,True,False,False,False,False,False,False,True
market_normalized,LOSER_MINUS_WINNER,10,period,,,,,,,,,,,,,37.0,0.00562400288870054,True,historical_seen,mechanism_diagnostic,True,False,False,False,False,False,False,True
market_normalized,LOSER_MINUS_WINNER,10,period,,,,,,,,,,,,,38.0,0.019816352955080455,True,historical_seen,mechanism_diagnostic,True,False,False,False,False,False,False,True
market_normalized,LOSER_MINUS_WINNER,10,period,,,,,,,,,,,,,39.0,0.029145612872194082,True,historical_seen,mechanism_diagnostic,True,False,False,False,False,False,False,True
market_normalized,LOSER_MINUS_WINNER,10,period,,,,,,,,,,,,,40.0,-0.009660888556689885,True,historical_seen,mechanism_diagnostic,True,False,False,False,False,False,False,True
market_normalized,LOSER_MINUS_WINNER,10,period,,,,,,,,,,,,,41.0,0.014586874952755909,True,historical_seen,mechanism_diagnostic,True,False,False,False,False,False,False,True
market_normalized,LOSER_MINUS_WINNER,10,period,,,,,,,,,,,,,42.0,0.02365832794697889,True,historical_seen,mechanism_diagnostic,True,False,False,False,False,False,False,True
market_normalized,LOSER_MINUS_WINNER,10,period,,,,,,,,,,,,,43.0,0.012095022729766682,True,historical_seen,mechanism_diagnostic,True,False,False,False,False,False,False,True
market_normalized,LOSER_MINUS_WINNER,10,period,,,,,,,,,,,,,44.0,0.0044360961911228056,True,historical_seen,mechanism_diagnostic,True,False,False,False,False,False,False,True
market_normalized,LOSER_MINUS_WINNER,10,period,,,,,,,,,,,,,45.0,0.05158129313243442,True,historical_seen,mechanism_diagnostic,True,False,False,False,False,False,False,True
market_normalized,LOSER_MINUS_WINNER,10,period,,,,,,,,,,,,,46.0,2.1821575293626966e-05,True,historical_seen,mechanism_diagnostic,True,False,False,False,False,False,False,True
market_normalized,LOSER_MINUS_WINNER,10,period,,,,,,,,,,,,,47.0,-0.011419899915161177,True,historical_seen,mechanism_diagnostic,True,False,False,False,False,False,False,True
market_normalized,LOSER_MINUS_WINNER,10,period,,,,,,,,,,,,,48.0,0.004830948589953164,True,historical_seen,mechanism_diagnostic,True,False,False,False,False,False,False,True
market_normalized,LOSER_MINUS_WINNER,10,period,,,,,,,,,,,,,49.0,0.06797566066715854,True,historical_seen,mechanism_diagnostic,True,False,False,False,False,False,False,True
market_normalized,LOSER_MINUS_WINNER,10,period,,,,,,,,,,,,,50.0,-0.012005434822927577,True,historical_seen,mechanism_diagnostic,True,False,False,False,False,False,False,True
market_normalized,LOSER_MINUS_WINNER,10,period,,,,,,,,,,,,,51.0,0.0185484146953481,True,historical_seen,mechanism_diagnostic,True,False,False,False,False,False,False,True
market_normalized,LOSER_MINUS_WINNER,10,period,,,,,,,,,,,,,52.0,0.003601077034967346,True,historical_seen,mechanism_diagnostic,True,False,False,False,False,False,False,True
market_normalized,LOSER_MINUS_WINNER,10,period,,,,,,,,,,,,,53.0,0.045816660660834244,True,historical_seen,mechanism_diagnostic,True,False,False,False,False,False,False,True
market_normalized,LOSER_MINUS_WINNER,10,period,,,,,,,,,,,,,54.0,-0.004134935668725071,True,historical_seen,mechanism_diagnostic,True,False,False,False,False,False,False,True
market_normalized,LOSER_MINUS_WINNER,10,period,,,,,,,,,,,,,55.0,0.0247590829641975,True,historical_seen,mechanism_diagnostic,True,False,False,False,False,False,False,True
market_normalized,LOSER_MINUS_WINNER,10,period,,,,,,,,,,,,,56.0,0.018043111568386925,True,historical_seen,mechanism_diagnostic,True,False,False,False,False,False,False,True
market_normalized,LOW_RETURN,20,summary,54.0,-0.010535636120829675,-0.015016385307862354,0.3888888888888889,0.6111111111111112,1.0,-0.018124271026724252,-0.0025004429940419645,,3.0,10000.0,20260721.0,,,,historical_seen,mechanism_diagnostic,True,False,False,False,False,False,False,True
market_normalized,LOW_RETURN,20,period,,,,,,,,,,,,,3.0,0.001872355699191551,True,historical_seen,mechanism_diagnostic,True,False,False,False,False,False,False,True
market_normalized,LOW_RETURN,20,period,,,,,,,,,,,,,4.0,0.008612989547651814,True,historical_seen,mechanism_diagnostic,True,False,False,False,False,False,False,True
market_normalized,LOW_RETURN,20,period,,,,,,,,,,,,,5.0,-0.020828517920819634,True,historical_seen,mechanism_diagnostic,True,False,False,False,False,False,False,True
market_normalized,LOW_RETURN,20,period,,,,,,,,,,,,,6.0,-0.026666651293532663,True,historical_seen,mechanism_diagnostic,True,False,False,False,False,False,False,True
market_normalized,LOW_RETURN,20,period,,,,,,,,,,,,,7.0,-0.024135228788907517,True,historical_seen,mechanism_diagnostic,True,False,False,False,False,False,False,True
market_normalized,LOW_RETURN,20,period,,,,,,,,,,,,,8.0,-0.025813167960599313,True,historical_seen,mechanism_diagnostic,True,False,False,False,False,False,False,True
market_normalized,LOW_RETURN,20,period,,,,,,,,,,,,,9.0,0.02398946931290759,True,historical_seen,mechanism_diagnostic,True,False,False,False,False,False,False,True
market_normalized,LOW_RETURN,20,period,,,,,,,,,,,,,10.0,-0.028667118806591438,True,historical_seen,mechanism_diagnostic,True,False,False,False,False,False,False,True
market_normalized,LOW_RETURN,20,period,,,,,,,,,,,,,11.0,-0.015272691341933764,True,historical_seen,mechanism_diagnostic,True,False,False,False,False,False,False,True
market_normalized,LOW_RETURN,20,period,,,,,,,,,,,,,12.0,0.002666810649414042,True,historical_seen,mechanism_diagnostic,True,False,False,False,False,False,False,True
market_normalized,LOW_RETURN,20,period,,,,,,,,,,,,,13.0,0.01514829557756639,True,historical_seen,mechanism_diagnostic,True,False,False,False,False,False,False,True
market_normalized,LOW_RETURN,20,period,,,,,,,,,,,,,14.0,0.045168877129801804,True,historical_seen,mechanism_diagnostic,True,False,False,False,False,False,False,True
market_normalized,LOW_RETURN,20,period,,,,,,,,,,,,,15.0,-0.026494134846739445,True,historical_seen,mechanism_diagnostic,True,False,False,False,False,False,False,True
market_normalized,LOW_RETURN,20,period,,,,,,,,,,,,,16.0,0.011306189916743047,True,historical_seen,mechanism_diagnostic,True,False,False,False,False,False,False,True
market_normalized,LOW_RETURN,20,period,,,,,,,,,,,,,17.0,0.0036906203925868575,True,historical_seen,mechanism_diagnostic,True,False,False,False,False,False,False,True
market_normalized,LOW_RETURN,20,period,,,,,,,,,,,,,18.0,-0.08686362857866078,True,historical_seen,mechanism_diagnostic,True,False,False,False,False,False,False,True
market_normalized,LOW_RETURN,20,period,,,,,,,,,,,,,19.0,-0.008494851830823734,True,historical_seen,mechanism_diagnostic,True,False,False,False,False,False,False,True
market_normalized,LOW_RETURN,20,period,,,,,,,,,,,,,20.0,-0.029434903731000144,True,historical_seen,mechanism_diagnostic,True,False,False,False,False,False,False,True
market_normalized,LOW_RETURN,20,period,,,,,,,,,,,,,21.0,-0.042482405948646315,True,historical_seen,mechanism_diagnostic,True,False,False,False,False,False,False,True
market_normalized,LOW_RETURN,20,period,,,,,,,,,,,,,22.0,0.016003349891959,True,historical_seen,mechanism_diagnostic,True,False,False,False,False,False,False,True
market_normalized,LOW_RETURN,20,period,,,,,,,,,,,,,23.0,0.022914084223469095,True,historical_seen,mechanism_diagnostic,True,False,False,False,False,False,False,True
market_normalized,LOW_RETURN,20,period,,,,,,,,,,,,,24.0,0.001985563829731578,True,historical_seen,mechanism_diagnostic,True,False,False,False,False,False,False,True
market_normalized,LOW_RETURN,20,period,,,,,,,,,,,,,25.0,-0.06252684764971946,True,historical_seen,mechanism_diagnostic,True,False,False,False,False,False,False,True
market_normalized,LOW_RETURN,20,period,,,,,,,,,,,,,26.0,-0.027073851484302733,True,historical_seen,mechanism_diagnostic,True,False,False,False,False,False,False,True
market_normalized,LOW_RETURN,20,period,,,,,,,,,,,,,27.0,-0.021112400254603137,True,historical_seen,mechanism_diagnostic,True,False,False,False,False,False,False,True
market_normalized,LOW_RETURN,20,period,,,,,,,,,,,,,28.0,0.009405607999270923,True,historical_seen,mechanism_diagnostic,True,False,False,False,False,False,False,True
market_normalized,LOW_RETURN,20,period,,,,,,,,,,,,,29.0,-0.0031489684334402622,True,historical_seen,mechanism_diagnostic,True,False,False,False,False,False,False,True
market_normalized,LOW_RETURN,20,period,,,,,,,,,,,,,30.0,0.030583598353774687,True,historical_seen,mechanism_diagnostic,True,False,False,False,False,False,False,True
market_normalized,LOW_RETURN,20,period,,,,,,,,,,,,,31.0,-0.014760079273790944,True,historical_seen,mechanism_diagnostic,True,False,False,False,False,False,False,True
market_normalized,LOW_RETURN,20,period,,,,,,,,,,,,,32.0,-0.004057898048116133,True,historical_seen,mechanism_diagnostic,True,False,False,False,False,False,False,True
market_normalized,LOW_RETURN,20,period,,,,,,,,,,,,,33.0,0.04760308792809924,True,historical_seen,mechanism_diagnostic,True,False,False,False,False,False,False,True
market_normalized,LOW_RETURN,20,period,,,,,,,,,,,,,34.0,0.019799938891027213,True,historical_seen,mechanism_diagnostic,True,False,False,False,False,False,False,True
market_normalized,LOW_RETURN,20,period,,,,,,,,,,,,,35.0,0.11198247116731205,True,historical_seen,mechanism_diagnostic,True,False,False,False,False,False,False,True
market_normalized,LOW_RETURN,20,period,,,,,,,,,,,,,36.0,-0.06255224672200899,True,historical_seen,mechanism_diagnostic,True,False,False,False,False,False,False,True
market_normalized,LOW_RETURN,20,period,,,,,,,,,,,,,37.0,-0.015625797025338964,True,historical_seen,mechanism_diagnostic,True,False,False,False,False,False,False,True
market_normalized,LOW_RETURN,20,period,,,,,,,,,,,,,38.0,-0.050399662511902754,True,historical_seen,mechanism_diagnostic,True,False,False,False,False,False,False,True
market_normalized,LOW_RETURN,20,period,,,,,,,,,,,,,39.0,-0.04310847471052239,True,historical_seen,mechanism_diagnostic,True,False,False,False,False,False,False,True
market_normalized,LOW_RETURN,20,period,,,,,,,,,,,,,40.0,-0.03517307790258755,True,historical_seen,mechanism_diagnostic,True,False,False,False,False,False,False,True
market_normalized,LOW_RETURN,20,period,,,,,,,,,,,,,41.0,-0.007268582369254151,True,historical_seen,mechanism_diagnostic,True,False,False,False,False,False,False,True
market_normalized,LOW_RETURN,20,period,,,,,,,,,,,,,42.0,-0.08442691001345731,True,historical_seen,mechanism_diagnostic,True,False,False,False,False,False,False,True
market_normalized,LOW_RETURN,20,period,,,,,,,,,,,,,43.0,-0.045786481953255145,True,historical_seen,mechanism_diagnostic,True,False,False,False,False,False,False,True
market_normalized,LOW_RETURN,20,period,,,,,,,,,,,,,44.0,0.053602119930741085,True,historical_seen,mechanism_diagnostic,True,False,False,False,False,False,False,True
market_normalized,LOW_RETURN,20,period,,,,,,,,,,,,,45.0,-0.020646706848212938,True,historical_seen,mechanism_diagnostic,True,False,False,False,False,False,False,True
market_normalized,LOW_RETURN,20,period,,,,,,,,,,,,,46.0,-0.05216288437301514,True,historical_seen,mechanism_diagnostic,True,False,False,False,False,False,False,True
market_normalized,LOW_RETURN,20,period,,,,,,,,,,,,,47.0,-0.02693385003733836,True,historical_seen,mechanism_diagnostic,True,False,False,False,False,False,False,True
market_normalized,LOW_RETURN,20,period,,,,,,,,,,,,,48.0,0.015115691157999017,True,historical_seen,mechanism_diagnostic,True,False,False,False,False,False,False,True
market_normalized,LOW_RETURN,20,period,,,,,,,,,,,,,49.0,-0.0028950332659467004,True,historical_seen,mechanism_diagnostic,True,False,False,False,False,False,False,True
market_normalized,LOW_RETURN,20,period,,,,,,,,,,,,,50.0,-0.028534659604733757,True,historical_seen,mechanism_diagnostic,True,False,False,False,False,False,False,True
market_normalized,LOW_RETURN,20,period,,,,,,,,,,,,,51.0,-0.017362506503072493,True,historical_seen,mechanism_diagnostic,True,False,False,False,False,False,False,True
market_normalized,LOW_RETURN,20,period,,,,,,,,,,,,,52.0,0.0076217362418206855,True,historical_seen,mechanism_diagnostic,True,False,False,False,False,False,False,True
market_normalized,LOW_RETURN,20,period,,,,,,,,,,,,,53.0,0.019031471697201728,True,historical_seen,mechanism_diagnostic,True,False,False,False,False,False,False,True
market_normalized,LOW_RETURN,20,period,,,,,,,,,,,,,54.0,-0.02025354942159252,True,historical_seen,mechanism_diagnostic,True,False,False,False,False,False,False,True
market_normalized,LOW_RETURN,20,period,,,,,,,,,,,,,55.0,0.0005143317497997707,True,historical_seen,mechanism_diagnostic,True,False,False,False,False,False,False,True
market_normalized,LOW_RETURN,20,period,,,,,,,,,,,,,56.0,-0.056579242358405016,True,historical_seen,mechanism_diagnostic,True,False,False,False,False,False,False,True
market_normalized,MID_RETURN,20,summary,54.0,-0.009738308163014419,-0.009347200241971984,0.3888888888888889,0.6111111111111112,1.0,-0.01739973832913627,-0.0019857547800543464,,3.0,10000.0,20260721.0,,,,historical_seen,mechanism_diagnostic,True,False,False,False,False,False,False,True
market_normalized,MID_RETURN,20,period,,,,,,,,,,,,,3.0,0.01631115653354325,True,historical_seen,mechanism_diagnostic,True,False,False,False,False,False,False,True
market_normalized,MID_RETURN,20,period,,,,,,,,,,,,,4.0,0.03142409726378101,True,historical_seen,mechanism_diagnostic,True,False,False,False,False,False,False,True
market_normalized,MID_RETURN,20,period,,,,,,,,,,,,,5.0,0.058788017585938476,True,historical_seen,mechanism_diagnostic,True,False,False,False,False,False,False,True
market_normalized,MID_RETURN,20,period,,,,,,,,,,,,,6.0,-0.03097262494022309,True,historical_seen,mechanism_diagnostic,True,False,False,False,False,False,False,True
market_normalized,MID_RETURN,20,period,,,,,,,,,,,,,7.0,-0.0011650605058113467,True,historical_seen,mechanism_diagnostic,True,False,False,False,False,False,False,True
market_normalized,MID_RETURN,20,period,,,,,,,,,,,,,8.0,-0.03136977598575146,True,historical_seen,mechanism_diagnostic,True,False,False,False,False,False,False,True
market_normalized,MID_RETURN,20,period,,,,,,,,,,,,,9.0,0.0673329997222362,True,historical_seen,mechanism_diagnostic,True,False,False,False,False,False,False,True
market_normalized,MID_RETURN,20,period,,,,,,,,,,,,,10.0,-0.007230782499795652,True,historical_seen,mechanism_diagnostic,True,False,False,False,False,False,False,True
market_normalized,MID_RETURN,20,period,,,,,,,,,,,,,11.0,-0.04498206299068235,True,historical_seen,mechanism_diagnostic,True,False,False,False,False,False,False,True
market_normalized,MID_RETURN,20,period,,,,,,,,,,,,,12.0,-0.04575138224149372,True,historical_seen,mechanism_diagnostic,True,False,False,False,False,False,False,True
market_normalized,MID_RETURN,20,period,,,,,,,,,,,,,13.0,-0.04863665681599662,True,historical_seen,mechanism_diagnostic,True,False,False,False,False,False,False,True
market_normalized,MID_RETURN,20,period,,,,,,,,,,,,,14.0,0.015045018324166479,True,historical_seen,mechanism_diagnostic,True,False,False,False,False,False,False,True
market_normalized,MID_RETURN,20,period,,,,,,,,,,,,,15.0,-0.009818206133358745,True,historical_seen,mechanism_diagnostic,True,False,False,False,False,False,False,True
market_normalized,MID_RETURN,20,period,,,,,,,,,,,,,16.0,0.0032310193627007947,True,historical_seen,mechanism_diagnostic,True,False,False,False,False,False,False,True
market_normalized,MID_RETURN,20,period,,,,,,,,,,,,,17.0,-0.00912060180609002,True,historical_seen,mechanism_diagnostic,True,False,False,False,False,False,False,True
market_normalized,MID_RETURN,20,period,,,,,,,,,,,,,18.0,-0.07217316348458531,True,historical_seen,mechanism_diagnostic,True,False,False,False,False,False,False,True
market_normalized,MID_RETURN,20,period,,,,,,,,,,,,,19.0,0.014656845182624001,True,historical_seen,mechanism_diagnostic,True,False,False,False,False,False,False,True
market_normalized,MID_RETURN,20,period,,,,,,,,,,,,,20.0,0.0034328903982459406,True,historical_seen,mechanism_diagnostic,True,False,False,False,False,False,False,True
market_normalized,MID_RETURN,20,period,,,,,,,,,,,,,21.0,-0.05605051294628667,True,historical_seen,mechanism_diagnostic,True,False,False,False,False,False,False,True
market_normalized,MID_RETURN,20,period,,,,,,,,,,,,,22.0,0.009846432064927517,True,historical_seen,mechanism_diagnostic,True,False,False,False,False,False,False,True
market_normalized,MID_RETURN,20,period,,,,,,,,,,,,,23.0,0.013796441549317565,True,historical_seen,mechanism_diagnostic,True,False,False,False,False,False,False,True
market_normalized,MID_RETURN,20,period,,,,,,,,,,,,,24.0,-0.01211600409565821,True,historical_seen,mechanism_diagnostic,True,False,False,False,False,False,False,True
market_normalized,MID_RETURN,20,period,,,,,,,,,,,,,25.0,-0.06964698823445632,True,historical_seen,mechanism_diagnostic,True,False,False,False,False,False,False,True
market_normalized,MID_RETURN,20,period,,,,,,,,,,,,,26.0,-0.05142157037050299,True,historical_seen,mechanism_diagnostic,True,False,False,False,False,False,False,True
market_normalized,MID_RETURN,20,period,,,,,,,,,,,,,27.0,-0.020129858937400432,True,historical_seen,mechanism_diagnostic,True,False,False,False,False,False,False,True
market_normalized,MID_RETURN,20,period,,,,,,,,,,,,,28.0,0.03590660898481787,True,historical_seen,mechanism_diagnostic,True,False,False,False,False,False,False,True
market_normalized,MID_RETURN,20,period,,,,,,,,,,,,,29.0,-0.02327080411235044,True,historical_seen,mechanism_diagnostic,True,False,False,False,False,False,False,True
market_normalized,MID_RETURN,20,period,,,,,,,,,,,,,30.0,0.046815009475511656,True,historical_seen,mechanism_diagnostic,True,False,False,False,False,False,False,True
market_normalized,MID_RETURN,20,period,,,,,,,,,,,,,31.0,0.013840043864075668,True,historical_seen,mechanism_diagnostic,True,False,False,False,False,False,False,True
market_normalized,MID_RETURN,20,period,,,,,,,,,,,,,32.0,0.01248003897939404,True,historical_seen,mechanism_diagnostic,True,False,False,False,False,False,False,True
market_normalized,MID_RETURN,20,period,,,,,,,,,,,,,33.0,0.025231666544871384,True,historical_seen,mechanism_diagnostic,True,False,False,False,False,False,False,True
market_normalized,MID_RETURN,20,period,,,,,,,,,,,,,34.0,0.024596260712874407,True,historical_seen,mechanism_diagnostic,True,False,False,False,False,False,False,True
market_normalized,MID_RETURN,20,period,,,,,,,,,,,,,35.0,0.03560488151260921,True,historical_seen,mechanism_diagnostic,True,False,False,False,False,False,False,True
market_normalized,MID_RETURN,20,period,,,,,,,,,,,,,36.0,-0.05621396344063874,True,historical_seen,mechanism_diagnostic,True,False,False,False,False,False,False,True
market_normalized,MID_RETURN,20,period,,,,,,,,,,,,,37.0,0.012576011694055644,True,historical_seen,mechanism_diagnostic,True,False,False,False,False,False,False,True
market_normalized,MID_RETURN,20,period,,,,,,,,,,,,,38.0,-0.03316499400100033,True,historical_seen,mechanism_diagnostic,True,False,False,False,False,False,False,True
market_normalized,MID_RETURN,20,period,,,,,,,,,,,,,39.0,-0.020810255849148605,True,historical_seen,mechanism_diagnostic,True,False,False,False,False,False,False,True
market_normalized,MID_RETURN,20,period,,,,,,,,,,,,,40.0,-0.029007678852640658,True,historical_seen,mechanism_diagnostic,True,False,False,False,False,False,False,True
market_normalized,MID_RETURN,20,period,,,,,,,,,,,,,41.0,0.004565872294410859,True,historical_seen,mechanism_diagnostic,True,False,False,False,False,False,False,True
market_normalized,MID_RETURN,20,period,,,,,,,,,,,,,42.0,-0.005802057657968429,True,historical_seen,mechanism_diagnostic,True,False,False,False,False,False,False,True
market_normalized,MID_RETURN,20,period,,,,,,,,,,,,,43.0,-0.06867746728981426,True,historical_seen,mechanism_diagnostic,True,False,False,False,False,False,False,True
market_normalized,MID_RETURN,20,period,,,,,,,,,,,,,44.0,-0.009223310884978367,True,historical_seen,mechanism_diagnostic,True,False,False,False,False,False,False,True
market_normalized,MID_RETURN,20,period,,,,,,,,,,,,,45.0,-0.026962601149744914,True,historical_seen,mechanism_diagnostic,True,False,False,False,False,False,False,True
market_normalized,MID_RETURN,20,period,,,,,,,,,,,,,46.0,-0.04962533778568532,True,historical_seen,mechanism_diagnostic,True,False,False,False,False,False,False,True
market_normalized,MID_RETURN,20,period,,,,,,,,,,,,,47.0,-0.03183960165398022,True,historical_seen,mechanism_diagnostic,True,False,False,False,False,False,False,True
market_normalized,MID_RETURN,20,period,,,,,,,,,,,,,48.0,-0.017061303666202718,True,historical_seen,mechanism_diagnostic,True,False,False,False,False,False,False,True
market_normalized,MID_RETURN,20,period,,,,,,,,,,,,,49.0,-0.044999975935341205,True,historical_seen,mechanism_diagnostic,True,False,False,False,False,False,False,True
market_normalized,MID_RETURN,20,period,,,,,,,,,,,,,50.0,-0.02261414464033777,True,historical_seen,mechanism_diagnostic,True,False,False,False,False,False,False,True
market_normalized,MID_RETURN,20,period,,,,,,,,,,,,,51.0,-0.01688435773891709,True,historical_seen,mechanism_diagnostic,True,False,False,False,False,False,False,True
market_normalized,MID_RETURN,20,period,,,,,,,,,,,,,52.0,-0.009471089598965601,True,historical_seen,mechanism_diagnostic,True,False,False,False,False,False,False,True
market_normalized,MID_RETURN,20,period,,,,,,,,,,,,,53.0,0.0019671615798297105,True,historical_seen,mechanism_diagnostic,True,False,False,False,False,False,False,True
market_normalized,MID_RETURN,20,period,,,,,,,,,,,,,54.0,-0.007560169176277033,True,historical_seen,mechanism_diagnostic,True,False,False,False,False,False,False,True
market_normalized,MID_RETURN,20,period,,,,,,,,,,,,,55.0,0.04063211941030183,True,historical_seen,mechanism_diagnostic,True,False,False,False,False,False,False,True
market_normalized,MID_RETURN,20,period,,,,,,,,,,,,,56.0,-0.030174868420927613,True,historical_seen,mechanism_diagnostic,True,False,False,False,False,False,False,True
market_normalized,HIGH_RETURN,20,summary,54.0,-0.023645828711570477,-0.020895406439120356,0.2962962962962963,0.7037037037037037,1.0,-0.03178458690875931,-0.015430509170173941,,3.0,10000.0,20260721.0,,,,historical_seen,mechanism_diagnostic,True,False,False,False,False,False,False,True
market_normalized,HIGH_RETURN,20,period,,,,,,,,,,,,,3.0,0.05706967301034773,True,historical_seen,mechanism_diagnostic,True,False,False,False,False,False,False,True
market_normalized,HIGH_RETURN,20,period,,,,,,,,,,,,,4.0,0.004925309758001178,True,historical_seen,mechanism_diagnostic,True,False,False,False,False,False,False,True
market_normalized,HIGH_RETURN,20,period,,,,,,,,,,,,,5.0,0.04956913772404266,True,historical_seen,mechanism_diagnostic,True,False,False,False,False,False,False,True
market_normalized,HIGH_RETURN,20,period,,,,,,,,,,,,,6.0,-0.076007285417973,True,historical_seen,mechanism_diagnostic,True,False,False,False,False,False,False,True
market_normalized,HIGH_RETURN,20,period,,,,,,,,,,,,,7.0,-0.03430122288681474,True,historical_seen,mechanism_diagnostic,True,False,False,False,False,False,False,True
market_normalized,HIGH_RETURN,20,period,,,,,,,,,,,,,8.0,0.006976393367151787,True,historical_seen,mechanism_diagnostic,True,False,False,False,False,False,False,True
market_normalized,HIGH_RETURN,20,period,,,,,,,,,,,,,9.0,0.02734430819384929,True,historical_seen,mechanism_diagnostic,True,False,False,False,False,False,False,True
market_normalized,HIGH_RETURN,20,period,,,,,,,,,,,,,10.0,0.0025825214517062114,True,historical_seen,mechanism_diagnostic,True,False,False,False,False,False,False,True
market_normalized,HIGH_RETURN,20,period,,,,,,,,,,,,,11.0,-0.04783600417060272,True,historical_seen,mechanism_diagnostic,True,False,False,False,False,False,False,True
market_normalized,HIGH_RETURN,20,period,,,,,,,,,,,,,12.0,-0.03623063252707023,True,historical_seen,mechanism_diagnostic,True,False,False,False,False,False,False,True
market_normalized,HIGH_RETURN,20,period,,,,,,,,,,,,,13.0,-0.049495125475535875,True,historical_seen,mechanism_diagnostic,True,False,False,False,False,False,False,True
market_normalized,HIGH_RETURN,20,period,,,,,,,,,,,,,14.0,-0.005248907024673184,True,historical_seen,mechanism_diagnostic,True,False,False,False,False,False,False,True
market_normalized,HIGH_RETURN,20,period,,,,,,,,,,,,,15.0,0.0026917640366750884,True,historical_seen,mechanism_diagnostic,True,False,False,False,False,False,False,True
market_normalized,HIGH_RETURN,20,period,,,,,,,,,,,,,16.0,-0.005261067565329722,True,historical_seen,mechanism_diagnostic,True,False,False,False,False,False,False,True
market_normalized,HIGH_RETURN,20,period,,,,,,,,,,,,,17.0,-0.007518428931420351,True,historical_seen,mechanism_diagnostic,True,False,False,False,False,False,False,True
market_normalized,HIGH_RETURN,20,period,,,,,,,,,,,,,18.0,-0.08963377631843589,True,historical_seen,mechanism_diagnostic,True,False,False,False,False,False,False,True
market_normalized,HIGH_RETURN,20,period,,,,,,,,,,,,,19.0,-0.007321816565017819,True,historical_seen,mechanism_diagnostic,True,False,False,False,False,False,False,True
market_normalized,HIGH_RETURN,20,period,,,,,,,,,,,,,20.0,0.002312654373107261,True,historical_seen,mechanism_diagnostic,True,False,False,False,False,False,False,True
market_normalized,HIGH_RETURN,20,period,,,,,,,,,,,,,21.0,-0.131910144445322,True,historical_seen,mechanism_diagnostic,True,False,False,False,False,False,False,True
market_normalized,HIGH_RETURN,20,period,,,,,,,,,,,,,22.0,-0.034202921576474046,True,historical_seen,mechanism_diagnostic,True,False,False,False,False,False,False,True
market_normalized,HIGH_RETURN,20,period,,,,,,,,,,,,,23.0,0.01611558450448463,True,historical_seen,mechanism_diagnostic,True,False,False,False,False,False,False,True
market_normalized,HIGH_RETURN,20,period,,,,,,,,,,,,,24.0,0.03417365904908434,True,historical_seen,mechanism_diagnostic,True,False,False,False,False,False,False,True
market_normalized,HIGH_RETURN,20,period,,,,,,,,,,,,,25.0,-0.0667039504013375,True,historical_seen,mechanism_diagnostic,True,False,False,False,False,False,False,True
market_normalized,HIGH_RETURN,20,period,,,,,,,,,,,,,26.0,-0.06566420163613955,True,historical_seen,mechanism_diagnostic,True,False,False,False,False,False,False,True
market_normalized,HIGH_RETURN,20,period,,,,,,,,,,,,,27.0,-0.07250228382965351,True,historical_seen,mechanism_diagnostic,True,False,False,False,False,False,False,True
market_normalized,HIGH_RETURN,20,period,,,,,,,,,,,,,28.0,0.006617364256641917,True,historical_seen,mechanism_diagnostic,True,False,False,False,False,False,False,True
market_normalized,HIGH_RETURN,20,period,,,,,,,,,,,,,29.0,-0.022584471830860157,True,historical_seen,mechanism_diagnostic,True,False,False,False,False,False,False,True
market_normalized,HIGH_RETURN,20,period,,,,,,,,,,,,,30.0,-0.005357805133754598,True,historical_seen,mechanism_diagnostic,True,False,False,False,False,False,False,True
market_normalized,HIGH_RETURN,20,period,,,,,,,,,,,,,31.0,0.02884446653632143,True,historical_seen,mechanism_diagnostic,True,False,False,False,False,False,False,True
market_normalized,HIGH_RETURN,20,period,,,,,,,,,,,,,32.0,-0.017821128258675517,True,historical_seen,mechanism_diagnostic,True,False,False,False,False,False,False,True
market_normalized,HIGH_RETURN,20,period,,,,,,,,,,,,,33.0,-0.02638411913494626,True,historical_seen,mechanism_diagnostic,True,False,False,False,False,False,False,True
market_normalized,HIGH_RETURN,20,period,,,,,,,,,,,,,34.0,-0.027032107271812322,True,historical_seen,mechanism_diagnostic,True,False,False,False,False,False,False,True
market_normalized,HIGH_RETURN,20,period,,,,,,,,,,,,,35.0,-0.02438146977241981,True,historical_seen,mechanism_diagnostic,True,False,False,False,False,False,False,True
market_normalized,HIGH_RETURN,20,period,,,,,,,,,,,,,36.0,-0.07479834335243785,True,historical_seen,mechanism_diagnostic,True,False,False,False,False,False,False,True
market_normalized,HIGH_RETURN,20,period,,,,,,,,,,,,,37.0,-0.04260820295823582,True,historical_seen,mechanism_diagnostic,True,False,False,False,False,False,False,True
market_normalized,HIGH_RETURN,20,period,,,,,,,,,,,,,38.0,-0.04499447032970591,True,historical_seen,mechanism_diagnostic,True,False,False,False,False,False,False,True
market_normalized,HIGH_RETURN,20,period,,,,,,,,,,,,,39.0,-0.05609419870057846,True,historical_seen,mechanism_diagnostic,True,False,False,False,False,False,False,True
market_normalized,HIGH_RETURN,20,period,,,,,,,,,,,,,40.0,-0.04283670538387385,True,historical_seen,mechanism_diagnostic,True,False,False,False,False,False,False,True
market_normalized,HIGH_RETURN,20,period,,,,,,,,,,,,,41.0,-0.015007865517519987,True,historical_seen,mechanism_diagnostic,True,False,False,False,False,False,False,True
market_normalized,HIGH_RETURN,20,period,,,,,,,,,,,,,42.0,-0.06227847482968432,True,historical_seen,mechanism_diagnostic,True,False,False,False,False,False,False,True
market_normalized,HIGH_RETURN,20,period,,,,,,,,,,,,,43.0,-0.09659445874972304,True,historical_seen,mechanism_diagnostic,True,False,False,False,False,False,False,True
market_normalized,HIGH_RETURN,20,period,,,,,,,,,,,,,44.0,0.03415262069258479,True,historical_seen,mechanism_diagnostic,True,False,False,False,False,False,False,True
market_normalized,HIGH_RETURN,20,period,,,,,,,,,,,,,45.0,-0.0534267869045144,True,historical_seen,mechanism_diagnostic,True,False,False,False,False,False,False,True
market_normalized,HIGH_RETURN,20,period,,,,,,,,,,,,,46.0,0.017957021687125534,True,historical_seen,mechanism_diagnostic,True,False,False,False,False,False,False,True
market_normalized,HIGH_RETURN,20,period,,,,,,,,,,,,,47.0,-0.02296639324046617,True,historical_seen,mechanism_diagnostic,True,False,False,False,False,False,False,True
market_normalized,HIGH_RETURN,20,period,,,,,,,,,,,,,48.0,-0.012955624884514988,True,historical_seen,mechanism_diagnostic,True,False,False,False,False,False,False,True
market_normalized,HIGH_RETURN,20,period,,,,,,,,,,,,,49.0,-0.0558467779733428,True,historical_seen,mechanism_diagnostic,True,False,False,False,False,False,False,True
market_normalized,HIGH_RETURN,20,period,,,,,,,,,,,,,50.0,-0.014155072621266432,True,historical_seen,mechanism_diagnostic,True,False,False,False,False,False,False,True
market_normalized,HIGH_RETURN,20,period,,,,,,,,,,,,,51.0,-0.01920634104738056,True,historical_seen,mechanism_diagnostic,True,False,False,False,False,False,False,True
market_normalized,HIGH_RETURN,20,period,,,,,,,,,,,,,52.0,0.018830799497015965,True,historical_seen,mechanism_diagnostic,True,False,False,False,False,False,False,True
market_normalized,HIGH_RETURN,20,period,,,,,,,,,,,,,53.0,-0.07368143201071863,True,historical_seen,mechanism_diagnostic,True,False,False,False,False,False,False,True
market_normalized,HIGH_RETURN,20,period,,,,,,,,,,,,,54.0,0.006065174247198813,True,historical_seen,mechanism_diagnostic,True,False,False,False,False,False,False,True
market_normalized,HIGH_RETURN,20,period,,,,,,,,,,,,,55.0,-0.003258442423251042,True,historical_seen,mechanism_diagnostic,True,False,False,False,False,False,False,True
market_normalized,HIGH_RETURN,20,period,,,,,,,,,,,,,56.0,-0.04899474170866144,True,historical_seen,mechanism_diagnostic,True,False,False,False,False,False,False,True
market_normalized,LOSER_MINUS_WINNER,20,summary,54.0,0.013110192590740801,0.00895263862308653,0.6666666666666666,0.6666666666666666,1.0,0.004129140699284066,0.022809574190925015,,3.0,10000.0,20260721.0,,,,historical_seen,mechanism_diagnostic,True,False,False,False,False,False,False,True
market_normalized,LOSER_MINUS_WINNER,20,period,,,,,,,,,,,,,3.0,-0.05519731731115618,True,historical_seen,mechanism_diagnostic,True,False,False,False,False,False,False,True
market_normalized,LOSER_MINUS_WINNER,20,period,,,,,,,,,,,,,4.0,0.003687679789650636,True,historical_seen,mechanism_diagnostic,True,False,False,False,False,False,False,True
market_normalized,LOSER_MINUS_WINNER,20,period,,,,,,,,,,,,,5.0,-0.07039765564486229,True,historical_seen,mechanism_diagnostic,True,False,False,False,False,False,False,True
market_normalized,LOSER_MINUS_WINNER,20,period,,,,,,,,,,,,,6.0,0.049340634124440334,True,historical_seen,mechanism_diagnostic,True,False,False,False,False,False,False,True
market_normalized,LOSER_MINUS_WINNER,20,period,,,,,,,,,,,,,7.0,0.010165994097907222,True,historical_seen,mechanism_diagnostic,True,False,False,False,False,False,False,True
market_normalized,LOSER_MINUS_WINNER,20,period,,,,,,,,,,,,,8.0,-0.0327895613277511,True,historical_seen,mechanism_diagnostic,True,False,False,False,False,False,False,True
market_normalized,LOSER_MINUS_WINNER,20,period,,,,,,,,,,,,,9.0,-0.003354838880941697,True,historical_seen,mechanism_diagnostic,True,False,False,False,False,False,False,True
market_normalized,LOSER_MINUS_WINNER,20,period,,,,,,,,,,,,,10.0,-0.03124964025829765,True,historical_seen,mechanism_diagnostic,True,False,False,False,False,False,False,True
market_normalized,LOSER_MINUS_WINNER,20,period,,,,,,,,,,,,,11.0,0.03256331282866896,True,historical_seen,mechanism_diagnostic,True,False,False,False,False,False,False,True
market_normalized,LOSER_MINUS_WINNER,20,period,,,,,,,,,,,,,12.0,0.038897443176484275,True,historical_seen,mechanism_diagnostic,True,False,False,False,False,False,False,True
market_normalized,LOSER_MINUS_WINNER,20,period,,,,,,,,,,,,,13.0,0.06464342105310227,True,historical_seen,mechanism_diagnostic,True,False,False,False,False,False,False,True
market_normalized,LOSER_MINUS_WINNER,20,period,,,,,,,,,,,,,14.0,0.05041778415447499,True,historical_seen,mechanism_diagnostic,True,False,False,False,False,False,False,True
market_normalized,LOSER_MINUS_WINNER,20,period,,,,,,,,,,,,,15.0,-0.029185898883414534,True,historical_seen,mechanism_diagnostic,True,False,False,False,False,False,False,True
market_normalized,LOSER_MINUS_WINNER,20,period,,,,,,,,,,,,,16.0,0.01656725748207277,True,historical_seen,mechanism_diagnostic,True,False,False,False,False,False,False,True
market_normalized,LOSER_MINUS_WINNER,20,period,,,,,,,,,,,,,17.0,0.011209049324007209,True,historical_seen,mechanism_diagnostic,True,False,False,False,False,False,False,True
market_normalized,LOSER_MINUS_WINNER,20,period,,,,,,,,,,,,,18.0,0.002770147739775103,True,historical_seen,mechanism_diagnostic,True,False,False,False,False,False,False,True
market_normalized,LOSER_MINUS_WINNER,20,period,,,,,,,,,,,,,19.0,-0.0011730352658059148,True,historical_seen,mechanism_diagnostic,True,False,False,False,False,False,False,True
market_normalized,LOSER_MINUS_WINNER,20,period,,,,,,,,,,,,,20.0,-0.031747558104107405,True,historical_seen,mechanism_diagnostic,True,False,False,False,False,False,False,True
market_normalized,LOSER_MINUS_WINNER,20,period,,,,,,,,,,,,,21.0,0.0894277384966757,True,historical_seen,mechanism_diagnostic,True,False,False,False,False,False,False,True
market_normalized,LOSER_MINUS_WINNER,20,period,,,,,,,,,,,,,22.0,0.050206271468433046,True,historical_seen,mechanism_diagnostic,True,False,False,False,False,False,False,True
market_normalized,LOSER_MINUS_WINNER,20,period,,,,,,,,,,,,,23.0,0.006798499718984465,True,historical_seen,mechanism_diagnostic,True,False,False,False,False,False,False,True
market_normalized,LOSER_MINUS_WINNER,20,period,,,,,,,,,,,,,24.0,-0.032188095219352765,True,historical_seen,mechanism_diagnostic,True,False,False,False,False,False,False,True
market_normalized,LOSER_MINUS_WINNER,20,period,,,,,,,,,,,,,25.0,0.0041771027516180476,True,historical_seen,mechanism_diagnostic,True,False,False,False,False,False,False,True
market_normalized,LOSER_MINUS_WINNER,20,period,,,,,,,,,,,,,26.0,0.038590350151836816,True,historical_seen,mechanism_diagnostic,True,False,False,False,False,False,False,True
market_normalized,LOSER_MINUS_WINNER,20,period,,,,,,,,,,,,,27.0,0.05138988357505038,True,historical_seen,mechanism_diagnostic,True,False,False,False,False,False,False,True
market_normalized,LOSER_MINUS_WINNER,20,period,,,,,,,,,,,,,28.0,0.002788243742629006,True,historical_seen,mechanism_diagnostic,True,False,False,False,False,False,False,True
market_normalized,LOSER_MINUS_WINNER,20,period,,,,,,,,,,,,,29.0,0.019435503397419895,True,historical_seen,mechanism_diagnostic,True,False,False,False,False,False,False,True
market_normalized,LOSER_MINUS_WINNER,20,period,,,,,,,,,,,,,30.0,0.035941403487529285,True,historical_seen,mechanism_diagnostic,True,False,False,False,False,False,False,True
market_normalized,LOSER_MINUS_WINNER,20,period,,,,,,,,,,,,,31.0,-0.043604545810112375,True,historical_seen,mechanism_diagnostic,True,False,False,False,False,False,False,True
market_normalized,LOSER_MINUS_WINNER,20,period,,,,,,,,,,,,,32.0,0.013763230210559384,True,historical_seen,mechanism_diagnostic,True,False,False,False,False,False,False,True
market_normalized,LOSER_MINUS_WINNER,20,period,,,,,,,,,,,,,33.0,0.0739872070630455,True,historical_seen,mechanism_diagnostic,True,False,False,False,False,False,False,True
market_normalized,LOSER_MINUS_WINNER,20,period,,,,,,,,,,,,,34.0,0.046832046162839536,True,historical_seen,mechanism_diagnostic,True,False,False,False,False,False,False,True
market_normalized,LOSER_MINUS_WINNER,20,period,,,,,,,,,,,,,35.0,0.13636394093973186,True,historical_seen,mechanism_diagnostic,True,False,False,False,False,False,False,True
market_normalized,LOSER_MINUS_WINNER,20,period,,,,,,,,,,,,,36.0,0.01224609663042886,True,historical_seen,mechanism_diagnostic,True,False,False,False,False,False,False,True
market_normalized,LOSER_MINUS_WINNER,20,period,,,,,,,,,,,,,37.0,0.026982405932896858,True,historical_seen,mechanism_diagnostic,True,False,False,False,False,False,False,True
market_normalized,LOSER_MINUS_WINNER,20,period,,,,,,,,,,,,,38.0,-0.005405192182196844,True,historical_seen,mechanism_diagnostic,True,False,False,False,False,False,False,True
market_normalized,LOSER_MINUS_WINNER,20,period,,,,,,,,,,,,,39.0,0.01298572399005607,True,historical_seen,mechanism_diagnostic,True,False,False,False,False,False,False,True
market_normalized,LOSER_MINUS_WINNER,20,period,,,,,,,,,,,,,40.0,0.007663627481286302,True,historical_seen,mechanism_diagnostic,True,False,False,False,False,False,False,True
market_normalized,LOSER_MINUS_WINNER,20,period,,,,,,,,,,,,,41.0,0.007739283148265837,True,historical_seen,mechanism_diagnostic,True,False,False,False,False,False,False,True
market_normalized,LOSER_MINUS_WINNER,20,period,,,,,,,,,,,,,42.0,-0.02214843518377299,True,historical_seen,mechanism_diagnostic,True,False,False,False,False,False,False,True
market_normalized,LOSER_MINUS_WINNER,20,period,,,,,,,,,,,,,43.0,0.050807976796467896,True,historical_seen,mechanism_diagnostic,True,False,False,False,False,False,False,True
market_normalized,LOSER_MINUS_WINNER,20,period,,,,,,,,,,,,,44.0,0.019449499238156295,True,historical_seen,mechanism_diagnostic,True,False,False,False,False,False,False,True
market_normalized,LOSER_MINUS_WINNER,20,period,,,,,,,,,,,,,45.0,0.03278008005630146,True,historical_seen,mechanism_diagnostic,True,False,False,False,False,False,False,True
market_normalized,LOSER_MINUS_WINNER,20,period,,,,,,,,,,,,,46.0,-0.07011990606014068,True,historical_seen,mechanism_diagnostic,True,False,False,False,False,False,False,True
market_normalized,LOSER_MINUS_WINNER,20,period,,,,,,,,,,,,,47.0,-0.003967456796872191,True,historical_seen,mechanism_diagnostic,True,False,False,False,False,False,False,True
market_normalized,LOSER_MINUS_WINNER,20,period,,,,,,,,,,,,,48.0,0.028071316042514005,True,historical_seen,mechanism_diagnostic,True,False,False,False,False,False,False,True
market_normalized,LOSER_MINUS_WINNER,20,period,,,,,,,,,,,,,49.0,0.0529517447073961,True,historical_seen,mechanism_diagnostic,True,False,False,False,False,False,False,True
market_normalized,LOSER_MINUS_WINNER,20,period,,,,,,,,,,,,,50.0,-0.014379586983467325,True,historical_seen,mechanism_diagnostic,True,False,False,False,False,False,False,True
market_normalized,LOSER_MINUS_WINNER,20,period,,,,,,,,,,,,,51.0,0.0018438345443080664,True,historical_seen,mechanism_diagnostic,True,False,False,False,False,False,False,True
market_normalized,LOSER_MINUS_WINNER,20,period,,,,,,,,,,,,,52.0,-0.01120906325519528,True,historical_seen,mechanism_diagnostic,True,False,False,False,False,False,False,True
market_normalized,LOSER_MINUS_WINNER,20,period,,,,,,,,,,,,,53.0,0.09271290370792035,True,historical_seen,mechanism_diagnostic,True,False,False,False,False,False,False,True
market_normalized,LOSER_MINUS_WINNER,20,period,,,,,,,,,,,,,54.0,-0.026318723668791334,True,historical_seen,mechanism_diagnostic,True,False,False,False,False,False,False,True
market_normalized,LOSER_MINUS_WINNER,20,period,,,,,,,,,,,,,55.0,0.003772774173050813,True,historical_seen,mechanism_diagnostic,True,False,False,False,False,False,False,True
market_normalized,LOSER_MINUS_WINNER,20,period,,,,,,,,,,,,,56.0,-0.007584500649743572,True,historical_seen,mechanism_diagnostic,True,False,False,False,False,False,False,True
