row_type,candidate,period_index,return_state,shock_state,signal_members,count,percentage
period_coverage,DAILY_AMOUNT_OWN_HISTORY_RANK,1,ALL,ALL,3878,68,0.017534811758638472
period_coverage,DAILY_AMOUNT_OWN_HISTORY_RANK,2,ALL,ALL,3893,67,0.01721037760082199
period_coverage,DAILY_AMOUNT_OWN_HISTORY_RANK,3,ALL,ALL,3972,3851,0.9695367573011078
period_coverage,DAILY_AMOUNT_OWN_HISTORY_RANK,4,ALL,ALL,4032,3968,0.9841269841269841
period_coverage,DAILY_AMOUNT_OWN_HISTORY_RANK,5,ALL,ALL,4095,4048,0.9885225885225886
period_coverage,DAILY_AMOUNT_OWN_HISTORY_RANK,6,ALL,ALL,4132,4100,0.9922555663117134
period_coverage,DAILY_AMOUNT_OWN_HISTORY_RANK,7,ALL,ALL,4166,4142,0.9942390782525204
period_coverage,DAILY_AMOUNT_OWN_HISTORY_RANK,8,ALL,ALL,4230,4190,0.9905437352245863
period_coverage,DAILY_AMOUNT_OWN_HISTORY_RANK,9,ALL,ALL,4249,4222,0.9936455636620382
period_coverage,DAILY_AMOUNT_OWN_HISTORY_RANK,10,ALL,ALL,4289,4256,0.9923058988109116
period_coverage,DAILY_AMOUNT_OWN_HISTORY_RANK,11,ALL,ALL,4328,4285,0.9900646950092421
period_coverage,DAILY_AMOUNT_OWN_HISTORY_RANK,12,ALL,ALL,4372,4344,0.9935956084172004
period_coverage,DAILY_AMOUNT_OWN_HISTORY_RANK,13,ALL,ALL,4377,4356,0.9952021932830706
period_coverage,DAILY_AMOUNT_OWN_HISTORY_RANK,14,ALL,ALL,4358,4326,0.9926571821936668
period_coverage,DAILY_AMOUNT_OWN_HISTORY_RANK,15,ALL,ALL,4441,4348,0.979058770547174
period_coverage,DAILY_AMOUNT_OWN_HISTORY_RANK,16,ALL,ALL,4473,4418,0.9877040017885088
period_coverage,DAILY_AMOUNT_OWN_HISTORY_RANK,17,ALL,ALL,4505,4466,0.9913429522752497
period_coverage,DAILY_AMOUNT_OWN_HISTORY_RANK,18,ALL,ALL,4526,4504,0.9951391957578436
period_coverage,DAILY_AMOUNT_OWN_HISTORY_RANK,19,ALL,ALL,4550,4525,0.9945054945054945
period_coverage,DAILY_AMOUNT_OWN_HISTORY_RANK,20,ALL,ALL,4572,4548,0.994750656167979
period_coverage,DAILY_AMOUNT_OWN_HISTORY_RANK,21,ALL,ALL,4626,4582,0.9904885430177259
period_coverage,DAILY_AMOUNT_OWN_HISTORY_RANK,22,ALL,ALL,4653,4618,0.9924779712013755
period_coverage,DAILY_AMOUNT_OWN_HISTORY_RANK,23,ALL,ALL,4696,4658,0.99190800681431
period_coverage,DAILY_AMOUNT_OWN_HISTORY_RANK,24,ALL,ALL,4716,4694,0.9953350296861747
period_coverage,DAILY_AMOUNT_OWN_HISTORY_RANK,25,ALL,ALL,4731,4715,0.9966180511519763
period_coverage,DAILY_AMOUNT_OWN_HISTORY_RANK,26,ALL,ALL,4706,4687,0.9959626009349766
period_coverage,DAILY_AMOUNT_OWN_HISTORY_RANK,27,ALL,ALL,4758,4690,0.985708280790248
period_coverage,DAILY_AMOUNT_OWN_HISTORY_RANK,28,ALL,ALL,4800,4765,0.9927083333333333
period_coverage,DAILY_AMOUNT_OWN_HISTORY_RANK,29,ALL,ALL,4830,4799,0.9935817805383023
period_coverage,DAILY_AMOUNT_OWN_HISTORY_RANK,30,ALL,ALL,4849,4835,0.9971128067642813
period_coverage,DAILY_AMOUNT_OWN_HISTORY_RANK,31,ALL,ALL,4890,4881,0.998159509202454
period_coverage,DAILY_AMOUNT_OWN_HISTORY_RANK,32,ALL,ALL,4910,4895,0.9969450101832994
period_coverage,DAILY_AMOUNT_OWN_HISTORY_RANK,33,ALL,ALL,4935,4912,0.9953394123606889
period_coverage,DAILY_AMOUNT_OWN_HISTORY_RANK,34,ALL,ALL,4933,4912,0.9957429556051085
period_coverage,DAILY_AMOUNT_OWN_HISTORY_RANK,35,ALL,ALL,4959,4931,0.994353700342811
period_coverage,DAILY_AMOUNT_OWN_HISTORY_RANK,36,ALL,ALL,4969,4957,0.9975850271684443
period_coverage,DAILY_AMOUNT_OWN_HISTORY_RANK,37,ALL,ALL,4978,4969,0.9981920449979912
period_coverage,DAILY_AMOUNT_OWN_HISTORY_RANK,38,ALL,ALL,4937,4926,0.9977719262710147
period_coverage,DAILY_AMOUNT_OWN_HISTORY_RANK,39,ALL,ALL,4980,4915,0.9869477911646586
period_coverage,DAILY_AMOUNT_OWN_HISTORY_RANK,40,ALL,ALL,4990,4953,0.9925851703406814
period_coverage,DAILY_AMOUNT_OWN_HISTORY_RANK,41,ALL,ALL,5002,4965,0.9926029588164734
period_coverage,DAILY_AMOUNT_OWN_HISTORY_RANK,42,ALL,ALL,5003,4983,0.9960023985608635
period_coverage,DAILY_AMOUNT_OWN_HISTORY_RANK,43,ALL,ALL,5000,4984,0.9968
period_coverage,DAILY_AMOUNT_OWN_HISTORY_RANK,44,ALL,ALL,4988,4960,0.9943865276663993
period_coverage,DAILY_AMOUNT_OWN_HISTORY_RANK,45,ALL,ALL,5003,4961,0.9916050369778133
period_coverage,DAILY_AMOUNT_OWN_HISTORY_RANK,46,ALL,ALL,5005,4961,0.9912087912087912
period_coverage,DAILY_AMOUNT_OWN_HISTORY_RANK,47,ALL,ALL,5015,4978,0.9926221335992024
period_coverage,DAILY_AMOUNT_OWN_HISTORY_RANK,48,ALL,ALL,5016,4976,0.9920255183413078
period_coverage,DAILY_AMOUNT_OWN_HISTORY_RANK,49,ALL,ALL,5019,4979,0.9920302849173142
period_coverage,DAILY_AMOUNT_OWN_HISTORY_RANK,50,ALL,ALL,4951,4895,0.9886891537063219
period_coverage,DAILY_AMOUNT_OWN_HISTORY_RANK,51,ALL,ALL,5022,4893,0.9743130227001194
period_coverage,DAILY_AMOUNT_OWN_HISTORY_RANK,52,ALL,ALL,5046,4982,0.987316686484344
period_coverage,DAILY_AMOUNT_OWN_HISTORY_RANK,53,ALL,ALL,5060,5000,0.9881422924901185
period_coverage,DAILY_AMOUNT_OWN_HISTORY_RANK,54,ALL,ALL,5073,5024,0.990341021092056
period_coverage,DAILY_AMOUNT_OWN_HISTORY_RANK,55,ALL,ALL,5070,5034,0.9928994082840237
period_coverage,DAILY_AMOUNT_OWN_HISTORY_RANK,56,ALL,ALL,5079,5039,0.9921244339436897
period_shock_state,DAILY_AMOUNT_OWN_HISTORY_RANK,1,ALL,LOW_SHOCK,68,9,0.1323529411764706
period_3x3_cell,DAILY_AMOUNT_OWN_HISTORY_RANK,1,LOW_RETURN,LOW_SHOCK,68,6,
period_3x3_cell,DAILY_AMOUNT_OWN_HISTORY_RANK,1,MID_RETURN,LOW_SHOCK,68,1,
period_3x3_cell,DAILY_AMOUNT_OWN_HISTORY_RANK,1,HIGH_RETURN,LOW_SHOCK,68,2,
period_shock_state,DAILY_AMOUNT_OWN_HISTORY_RANK,1,ALL,NORMAL,68,47,0.6911764705882353
period_3x3_cell,DAILY_AMOUNT_OWN_HISTORY_RANK,1,LOW_RETURN,NORMAL,68,18,
period_3x3_cell,DAILY_AMOUNT_OWN_HISTORY_RANK,1,MID_RETURN,NORMAL,68,16,
period_3x3_cell,DAILY_AMOUNT_OWN_HISTORY_RANK,1,HIGH_RETURN,NORMAL,68,13,
period_shock_state,DAILY_AMOUNT_OWN_HISTORY_RANK,1,ALL,HIGH_SHOCK,68,12,0.17647058823529413
period_3x3_cell,DAILY_AMOUNT_OWN_HISTORY_RANK,1,LOW_RETURN,HIGH_SHOCK,68,5,
period_3x3_cell,DAILY_AMOUNT_OWN_HISTORY_RANK,1,MID_RETURN,HIGH_SHOCK,68,2,
period_3x3_cell,DAILY_AMOUNT_OWN_HISTORY_RANK,1,HIGH_RETURN,HIGH_SHOCK,68,5,
period_shock_state,DAILY_AMOUNT_OWN_HISTORY_RANK,2,ALL,LOW_SHOCK,67,4,0.05970149253731343
period_3x3_cell,DAILY_AMOUNT_OWN_HISTORY_RANK,2,LOW_RETURN,LOW_SHOCK,67,3,
period_3x3_cell,DAILY_AMOUNT_OWN_HISTORY_RANK,2,MID_RETURN,LOW_SHOCK,67,1,
period_3x3_cell,DAILY_AMOUNT_OWN_HISTORY_RANK,2,HIGH_RETURN,LOW_SHOCK,67,0,
period_shock_state,DAILY_AMOUNT_OWN_HISTORY_RANK,2,ALL,NORMAL,67,51,0.7611940298507462
period_3x3_cell,DAILY_AMOUNT_OWN_HISTORY_RANK,2,LOW_RETURN,NORMAL,67,24,
period_3x3_cell,DAILY_AMOUNT_OWN_HISTORY_RANK,2,MID_RETURN,NORMAL,67,15,
period_3x3_cell,DAILY_AMOUNT_OWN_HISTORY_RANK,2,HIGH_RETURN,NORMAL,67,12,
period_shock_state,DAILY_AMOUNT_OWN_HISTORY_RANK,2,ALL,HIGH_SHOCK,67,12,0.1791044776119403
period_3x3_cell,DAILY_AMOUNT_OWN_HISTORY_RANK,2,LOW_RETURN,HIGH_SHOCK,67,1,
period_3x3_cell,DAILY_AMOUNT_OWN_HISTORY_RANK,2,MID_RETURN,HIGH_SHOCK,67,1,
period_3x3_cell,DAILY_AMOUNT_OWN_HISTORY_RANK,2,HIGH_RETURN,HIGH_SHOCK,67,10,
period_shock_state,DAILY_AMOUNT_OWN_HISTORY_RANK,3,ALL,LOW_SHOCK,3851,449,0.11659309270319397
period_3x3_cell,DAILY_AMOUNT_OWN_HISTORY_RANK,3,LOW_RETURN,LOW_SHOCK,3851,244,
period_3x3_cell,DAILY_AMOUNT_OWN_HISTORY_RANK,3,MID_RETURN,LOW_SHOCK,3851,142,
period_3x3_cell,DAILY_AMOUNT_OWN_HISTORY_RANK,3,HIGH_RETURN,LOW_SHOCK,3851,63,
period_shock_state,DAILY_AMOUNT_OWN_HISTORY_RANK,3,ALL,NORMAL,3851,2958,0.7681121786548948
period_3x3_cell,DAILY_AMOUNT_OWN_HISTORY_RANK,3,LOW_RETURN,NORMAL,3851,937,
period_3x3_cell,DAILY_AMOUNT_OWN_HISTORY_RANK,3,MID_RETURN,NORMAL,3851,1053,
period_3x3_cell,DAILY_AMOUNT_OWN_HISTORY_RANK,3,HIGH_RETURN,NORMAL,3851,968,
period_shock_state,DAILY_AMOUNT_OWN_HISTORY_RANK,3,ALL,HIGH_SHOCK,3851,444,0.11529472864191119
period_3x3_cell,DAILY_AMOUNT_OWN_HISTORY_RANK,3,LOW_RETURN,HIGH_SHOCK,3851,97,
period_3x3_cell,DAILY_AMOUNT_OWN_HISTORY_RANK,3,MID_RETURN,HIGH_SHOCK,3851,105,
period_3x3_cell,DAILY_AMOUNT_OWN_HISTORY_RANK,3,HIGH_RETURN,HIGH_SHOCK,3851,242,
period_shock_state,DAILY_AMOUNT_OWN_HISTORY_RANK,4,ALL,LOW_SHOCK,3968,298,0.0751008064516129
period_3x3_cell,DAILY_AMOUNT_OWN_HISTORY_RANK,4,LOW_RETURN,LOW_SHOCK,3968,167,
period_3x3_cell,DAILY_AMOUNT_OWN_HISTORY_RANK,4,MID_RETURN,LOW_SHOCK,3968,92,
period_3x3_cell,DAILY_AMOUNT_OWN_HISTORY_RANK,4,HIGH_RETURN,LOW_SHOCK,3968,39,
period_shock_state,DAILY_AMOUNT_OWN_HISTORY_RANK,4,ALL,NORMAL,3968,2851,0.7184979838709677
period_3x3_cell,DAILY_AMOUNT_OWN_HISTORY_RANK,4,LOW_RETURN,NORMAL,3968,1060,
period_3x3_cell,DAILY_AMOUNT_OWN_HISTORY_RANK,4,MID_RETURN,NORMAL,3968,981,
period_3x3_cell,DAILY_AMOUNT_OWN_HISTORY_RANK,4,HIGH_RETURN,NORMAL,3968,810,
period_shock_state,DAILY_AMOUNT_OWN_HISTORY_RANK,4,ALL,HIGH_SHOCK,3968,819,0.20640120967741934
period_3x3_cell,DAILY_AMOUNT_OWN_HISTORY_RANK,4,LOW_RETURN,HIGH_SHOCK,3968,100,
period_3x3_cell,DAILY_AMOUNT_OWN_HISTORY_RANK,4,MID_RETURN,HIGH_SHOCK,3968,255,
period_3x3_cell,DAILY_AMOUNT_OWN_HISTORY_RANK,4,HIGH_RETURN,HIGH_SHOCK,3968,464,
period_shock_state,DAILY_AMOUNT_OWN_HISTORY_RANK,5,ALL,LOW_SHOCK,4048,439,0.10844861660079051
period_3x3_cell,DAILY_AMOUNT_OWN_HISTORY_RANK,5,LOW_RETURN,LOW_SHOCK,4048,268,
period_3x3_cell,DAILY_AMOUNT_OWN_HISTORY_RANK,5,MID_RETURN,LOW_SHOCK,4048,129,
period_3x3_cell,DAILY_AMOUNT_OWN_HISTORY_RANK,5,HIGH_RETURN,LOW_SHOCK,4048,42,
period_shock_state,DAILY_AMOUNT_OWN_HISTORY_RANK,5,ALL,NORMAL,4048,2886,0.7129446640316206
period_3x3_cell,DAILY_AMOUNT_OWN_HISTORY_RANK,5,LOW_RETURN,NORMAL,4048,960,
period_3x3_cell,DAILY_AMOUNT_OWN_HISTORY_RANK,5,MID_RETURN,NORMAL,4048,950,
period_3x3_cell,DAILY_AMOUNT_OWN_HISTORY_RANK,5,HIGH_RETURN,NORMAL,4048,976,
period_shock_state,DAILY_AMOUNT_OWN_HISTORY_RANK,5,ALL,HIGH_SHOCK,4048,723,0.17860671936758893
period_3x3_cell,DAILY_AMOUNT_OWN_HISTORY_RANK,5,LOW_RETURN,HIGH_SHOCK,4048,123,
period_3x3_cell,DAILY_AMOUNT_OWN_HISTORY_RANK,5,MID_RETURN,HIGH_SHOCK,4048,277,
period_3x3_cell,DAILY_AMOUNT_OWN_HISTORY_RANK,5,HIGH_RETURN,HIGH_SHOCK,4048,323,
period_shock_state,DAILY_AMOUNT_OWN_HISTORY_RANK,6,ALL,LOW_SHOCK,4100,858,0.20926829268292682
period_3x3_cell,DAILY_AMOUNT_OWN_HISTORY_RANK,6,LOW_RETURN,LOW_SHOCK,4100,449,
period_3x3_cell,DAILY_AMOUNT_OWN_HISTORY_RANK,6,MID_RETURN,LOW_SHOCK,4100,274,
period_3x3_cell,DAILY_AMOUNT_OWN_HISTORY_RANK,6,HIGH_RETURN,LOW_SHOCK,4100,135,
period_shock_state,DAILY_AMOUNT_OWN_HISTORY_RANK,6,ALL,NORMAL,4100,2689,0.6558536585365854
period_3x3_cell,DAILY_AMOUNT_OWN_HISTORY_RANK,6,LOW_RETURN,NORMAL,4100,847,
period_3x3_cell,DAILY_AMOUNT_OWN_HISTORY_RANK,6,MID_RETURN,NORMAL,4100,915,
period_3x3_cell,DAILY_AMOUNT_OWN_HISTORY_RANK,6,HIGH_RETURN,NORMAL,4100,927,
period_shock_state,DAILY_AMOUNT_OWN_HISTORY_RANK,6,ALL,HIGH_SHOCK,4100,553,0.1348780487804878
period_3x3_cell,DAILY_AMOUNT_OWN_HISTORY_RANK,6,LOW_RETURN,HIGH_SHOCK,4100,72,
period_3x3_cell,DAILY_AMOUNT_OWN_HISTORY_RANK,6,MID_RETURN,HIGH_SHOCK,4100,184,
period_3x3_cell,DAILY_AMOUNT_OWN_HISTORY_RANK,6,HIGH_RETURN,HIGH_SHOCK,4100,297,
period_shock_state,DAILY_AMOUNT_OWN_HISTORY_RANK,7,ALL,LOW_SHOCK,4142,602,0.1453404152583293
period_3x3_cell,DAILY_AMOUNT_OWN_HISTORY_RANK,7,LOW_RETURN,LOW_SHOCK,4142,231,
period_3x3_cell,DAILY_AMOUNT_OWN_HISTORY_RANK,7,MID_RETURN,LOW_SHOCK,4142,276,
period_3x3_cell,DAILY_AMOUNT_OWN_HISTORY_RANK,7,HIGH_RETURN,LOW_SHOCK,4142,95,
period_shock_state,DAILY_AMOUNT_OWN_HISTORY_RANK,7,ALL,NORMAL,4142,3273,0.7901979719942057
period_3x3_cell,DAILY_AMOUNT_OWN_HISTORY_RANK,7,LOW_RETURN,NORMAL,4142,1102,
period_3x3_cell,DAILY_AMOUNT_OWN_HISTORY_RANK,7,MID_RETURN,NORMAL,4142,1049,
period_3x3_cell,DAILY_AMOUNT_OWN_HISTORY_RANK,7,HIGH_RETURN,NORMAL,4142,1122,
period_shock_state,DAILY_AMOUNT_OWN_HISTORY_RANK,7,ALL,HIGH_SHOCK,4142,267,0.064461612747465
period_3x3_cell,DAILY_AMOUNT_OWN_HISTORY_RANK,7,LOW_RETURN,HIGH_SHOCK,4142,52,
period_3x3_cell,DAILY_AMOUNT_OWN_HISTORY_RANK,7,MID_RETURN,HIGH_SHOCK,4142,59,
period_3x3_cell,DAILY_AMOUNT_OWN_HISTORY_RANK,7,HIGH_RETURN,HIGH_SHOCK,4142,156,
period_shock_state,DAILY_AMOUNT_OWN_HISTORY_RANK,8,ALL,LOW_SHOCK,4190,503,0.12004773269689738
period_3x3_cell,DAILY_AMOUNT_OWN_HISTORY_RANK,8,LOW_RETURN,LOW_SHOCK,4190,202,
period_3x3_cell,DAILY_AMOUNT_OWN_HISTORY_RANK,8,MID_RETURN,LOW_SHOCK,4190,190,
period_3x3_cell,DAILY_AMOUNT_OWN_HISTORY_RANK,8,HIGH_RETURN,LOW_SHOCK,4190,111,
period_shock_state,DAILY_AMOUNT_OWN_HISTORY_RANK,8,ALL,NORMAL,4190,3116,0.7436754176610979
period_3x3_cell,DAILY_AMOUNT_OWN_HISTORY_RANK,8,LOW_RETURN,NORMAL,4190,1056,
period_3x3_cell,DAILY_AMOUNT_OWN_HISTORY_RANK,8,MID_RETURN,NORMAL,4190,1040,
period_3x3_cell,DAILY_AMOUNT_OWN_HISTORY_RANK,8,HIGH_RETURN,NORMAL,4190,1020,
period_shock_state,DAILY_AMOUNT_OWN_HISTORY_RANK,8,ALL,HIGH_SHOCK,4190,571,0.13627684964200476
period_3x3_cell,DAILY_AMOUNT_OWN_HISTORY_RANK,8,LOW_RETURN,HIGH_SHOCK,4190,140,
period_3x3_cell,DAILY_AMOUNT_OWN_HISTORY_RANK,8,MID_RETURN,HIGH_SHOCK,4190,173,
period_3x3_cell,DAILY_AMOUNT_OWN_HISTORY_RANK,8,HIGH_RETURN,HIGH_SHOCK,4190,258,
period_shock_state,DAILY_AMOUNT_OWN_HISTORY_RANK,9,ALL,LOW_SHOCK,4222,553,0.13098057792515397
period_3x3_cell,DAILY_AMOUNT_OWN_HISTORY_RANK,9,LOW_RETURN,LOW_SHOCK,4222,272,
period_3x3_cell,DAILY_AMOUNT_OWN_HISTORY_RANK,9,MID_RETURN,LOW_SHOCK,4222,159,
period_3x3_cell,DAILY_AMOUNT_OWN_HISTORY_RANK,9,HIGH_RETURN,LOW_SHOCK,4222,122,
period_shock_state,DAILY_AMOUNT_OWN_HISTORY_RANK,9,ALL,NORMAL,4222,3091,0.7321174798673614
period_3x3_cell,DAILY_AMOUNT_OWN_HISTORY_RANK,9,LOW_RETURN,NORMAL,4222,998,
period_3x3_cell,DAILY_AMOUNT_OWN_HISTORY_RANK,9,MID_RETURN,NORMAL,4222,1026,
period_3x3_cell,DAILY_AMOUNT_OWN_HISTORY_RANK,9,HIGH_RETURN,NORMAL,4222,1067,
period_shock_state,DAILY_AMOUNT_OWN_HISTORY_RANK,9,ALL,HIGH_SHOCK,4222,578,0.1369019422074846
period_3x3_cell,DAILY_AMOUNT_OWN_HISTORY_RANK,9,LOW_RETURN,HIGH_SHOCK,4222,139,
period_3x3_cell,DAILY_AMOUNT_OWN_HISTORY_RANK,9,MID_RETURN,HIGH_SHOCK,4222,226,
period_3x3_cell,DAILY_AMOUNT_OWN_HISTORY_RANK,9,HIGH_RETURN,HIGH_SHOCK,4222,213,
period_shock_state,DAILY_AMOUNT_OWN_HISTORY_RANK,10,ALL,LOW_SHOCK,4256,1024,0.24060150375939848
period_3x3_cell,DAILY_AMOUNT_OWN_HISTORY_RANK,10,LOW_RETURN,LOW_SHOCK,4256,520,
period_3x3_cell,DAILY_AMOUNT_OWN_HISTORY_RANK,10,MID_RETURN,LOW_SHOCK,4256,341,
period_3x3_cell,DAILY_AMOUNT_OWN_HISTORY_RANK,10,HIGH_RETURN,LOW_SHOCK,4256,163,
period_shock_state,DAILY_AMOUNT_OWN_HISTORY_RANK,10,ALL,NORMAL,4256,2875,0.675516917293233
period_3x3_cell,DAILY_AMOUNT_OWN_HISTORY_RANK,10,LOW_RETURN,NORMAL,4256,851,
period_3x3_cell,DAILY_AMOUNT_OWN_HISTORY_RANK,10,MID_RETURN,NORMAL,4256,1003,
period_3x3_cell,DAILY_AMOUNT_OWN_HISTORY_RANK,10,HIGH_RETURN,NORMAL,4256,1021,
period_shock_state,DAILY_AMOUNT_OWN_HISTORY_RANK,10,ALL,HIGH_SHOCK,4256,357,0.08388157894736842
period_3x3_cell,DAILY_AMOUNT_OWN_HISTORY_RANK,10,LOW_RETURN,HIGH_SHOCK,4256,53,
period_3x3_cell,DAILY_AMOUNT_OWN_HISTORY_RANK,10,MID_RETURN,HIGH_SHOCK,4256,74,
period_3x3_cell,DAILY_AMOUNT_OWN_HISTORY_RANK,10,HIGH_RETURN,HIGH_SHOCK,4256,230,
period_shock_state,DAILY_AMOUNT_OWN_HISTORY_RANK,11,ALL,LOW_SHOCK,4285,397,0.0926487747957993
period_3x3_cell,DAILY_AMOUNT_OWN_HISTORY_RANK,11,LOW_RETURN,LOW_SHOCK,4285,151,
period_3x3_cell,DAILY_AMOUNT_OWN_HISTORY_RANK,11,MID_RETURN,LOW_SHOCK,4285,172,
period_3x3_cell,DAILY_AMOUNT_OWN_HISTORY_RANK,11,HIGH_RETURN,LOW_SHOCK,4285,74,
period_shock_state,DAILY_AMOUNT_OWN_HISTORY_RANK,11,ALL,NORMAL,4285,3523,0.8221703617269545
period_3x3_cell,DAILY_AMOUNT_OWN_HISTORY_RANK,11,LOW_RETURN,NORMAL,4285,1184,
period_3x3_cell,DAILY_AMOUNT_OWN_HISTORY_RANK,11,MID_RETURN,NORMAL,4285,1184,
period_3x3_cell,DAILY_AMOUNT_OWN_HISTORY_RANK,11,HIGH_RETURN,NORMAL,4285,1155,
period_shock_state,DAILY_AMOUNT_OWN_HISTORY_RANK,11,ALL,HIGH_SHOCK,4285,365,0.08518086347724621
period_3x3_cell,DAILY_AMOUNT_OWN_HISTORY_RANK,11,LOW_RETURN,HIGH_SHOCK,4285,94,
period_3x3_cell,DAILY_AMOUNT_OWN_HISTORY_RANK,11,MID_RETURN,HIGH_SHOCK,4285,75,
period_3x3_cell,DAILY_AMOUNT_OWN_HISTORY_RANK,11,HIGH_RETURN,HIGH_SHOCK,4285,196,
period_shock_state,DAILY_AMOUNT_OWN_HISTORY_RANK,12,ALL,LOW_SHOCK,4344,1210,0.2785451197053407
period_3x3_cell,DAILY_AMOUNT_OWN_HISTORY_RANK,12,LOW_RETURN,LOW_SHOCK,4344,528,
period_3x3_cell,DAILY_AMOUNT_OWN_HISTORY_RANK,12,MID_RETURN,LOW_SHOCK,4344,491,
period_3x3_cell,DAILY_AMOUNT_OWN_HISTORY_RANK,12,HIGH_RETURN,LOW_SHOCK,4344,191,
period_shock_state,DAILY_AMOUNT_OWN_HISTORY_RANK,12,ALL,NORMAL,4344,2754,0.6339779005524862
period_3x3_cell,DAILY_AMOUNT_OWN_HISTORY_RANK,12,LOW_RETURN,NORMAL,4344,864,
period_3x3_cell,DAILY_AMOUNT_OWN_HISTORY_RANK,12,MID_RETURN,NORMAL,4344,876,
period_3x3_cell,DAILY_AMOUNT_OWN_HISTORY_RANK,12,HIGH_RETURN,NORMAL,4344,1014,
period_shock_state,DAILY_AMOUNT_OWN_HISTORY_RANK,12,ALL,HIGH_SHOCK,4344,380,0.08747697974217311
period_3x3_cell,DAILY_AMOUNT_OWN_HISTORY_RANK,12,LOW_RETURN,HIGH_SHOCK,4344,59,
period_3x3_cell,DAILY_AMOUNT_OWN_HISTORY_RANK,12,MID_RETURN,HIGH_SHOCK,4344,83,
period_3x3_cell,DAILY_AMOUNT_OWN_HISTORY_RANK,12,HIGH_RETURN,HIGH_SHOCK,4344,238,
period_shock_state,DAILY_AMOUNT_OWN_HISTORY_RANK,13,ALL,LOW_SHOCK,4356,390,0.08953168044077135
period_3x3_cell,DAILY_AMOUNT_OWN_HISTORY_RANK,13,LOW_RETURN,LOW_SHOCK,4356,173,
period_3x3_cell,DAILY_AMOUNT_OWN_HISTORY_RANK,13,MID_RETURN,LOW_SHOCK,4356,128,
period_3x3_cell,DAILY_AMOUNT_OWN_HISTORY_RANK,13,HIGH_RETURN,LOW_SHOCK,4356,89,
period_shock_state,DAILY_AMOUNT_OWN_HISTORY_RANK,13,ALL,NORMAL,4356,3620,0.8310376492194674
period_3x3_cell,DAILY_AMOUNT_OWN_HISTORY_RANK,13,LOW_RETURN,NORMAL,4356,1206,
period_3x3_cell,DAILY_AMOUNT_OWN_HISTORY_RANK,13,MID_RETURN,NORMAL,4356,1232,
period_3x3_cell,DAILY_AMOUNT_OWN_HISTORY_RANK,13,HIGH_RETURN,NORMAL,4356,1182,
period_shock_state,DAILY_AMOUNT_OWN_HISTORY_RANK,13,ALL,HIGH_SHOCK,4356,346,0.07943067033976126
period_3x3_cell,DAILY_AMOUNT_OWN_HISTORY_RANK,13,LOW_RETURN,HIGH_SHOCK,4356,76,
period_3x3_cell,DAILY_AMOUNT_OWN_HISTORY_RANK,13,MID_RETURN,HIGH_SHOCK,4356,95,
period_3x3_cell,DAILY_AMOUNT_OWN_HISTORY_RANK,13,HIGH_RETURN,HIGH_SHOCK,4356,175,
period_shock_state,DAILY_AMOUNT_OWN_HISTORY_RANK,14,ALL,LOW_SHOCK,4326,793,0.18331021729079983
period_3x3_cell,DAILY_AMOUNT_OWN_HISTORY_RANK,14,LOW_RETURN,LOW_SHOCK,4326,328,
period_3x3_cell,DAILY_AMOUNT_OWN_HISTORY_RANK,14,MID_RETURN,LOW_SHOCK,4326,268,
period_3x3_cell,DAILY_AMOUNT_OWN_HISTORY_RANK,14,HIGH_RETURN,LOW_SHOCK,4326,197,
period_shock_state,DAILY_AMOUNT_OWN_HISTORY_RANK,14,ALL,NORMAL,4326,3161,0.7306981044845122
period_3x3_cell,DAILY_AMOUNT_OWN_HISTORY_RANK,14,LOW_RETURN,NORMAL,4326,1050,
period_3x3_cell,DAILY_AMOUNT_OWN_HISTORY_RANK,14,MID_RETURN,NORMAL,4326,1061,
period_3x3_cell,DAILY_AMOUNT_OWN_HISTORY_RANK,14,HIGH_RETURN,NORMAL,4326,1050,
period_shock_state,DAILY_AMOUNT_OWN_HISTORY_RANK,14,ALL,HIGH_SHOCK,4326,372,0.08599167822468794
period_3x3_cell,DAILY_AMOUNT_OWN_HISTORY_RANK,14,LOW_RETURN,HIGH_SHOCK,4326,66,
period_3x3_cell,DAILY_AMOUNT_OWN_HISTORY_RANK,14,MID_RETURN,HIGH_SHOCK,4326,119,
period_3x3_cell,DAILY_AMOUNT_OWN_HISTORY_RANK,14,HIGH_RETURN,HIGH_SHOCK,4326,187,
period_shock_state,DAILY_AMOUNT_OWN_HISTORY_RANK,15,ALL,LOW_SHOCK,4348,248,0.05703771849126035
period_3x3_cell,DAILY_AMOUNT_OWN_HISTORY_RANK,15,LOW_RETURN,LOW_SHOCK,4348,130,
period_3x3_cell,DAILY_AMOUNT_OWN_HISTORY_RANK,15,MID_RETURN,LOW_SHOCK,4348,72,
period_3x3_cell,DAILY_AMOUNT_OWN_HISTORY_RANK,15,HIGH_RETURN,LOW_SHOCK,4348,46,
period_shock_state,DAILY_AMOUNT_OWN_HISTORY_RANK,15,ALL,NORMAL,4348,3167,0.7283808647654094
period_3x3_cell,DAILY_AMOUNT_OWN_HISTORY_RANK,15,LOW_RETURN,NORMAL,4348,1143,
period_3x3_cell,DAILY_AMOUNT_OWN_HISTORY_RANK,15,MID_RETURN,NORMAL,4348,1092,
period_3x3_cell,DAILY_AMOUNT_OWN_HISTORY_RANK,15,HIGH_RETURN,NORMAL,4348,932,
period_shock_state,DAILY_AMOUNT_OWN_HISTORY_RANK,15,ALL,HIGH_SHOCK,4348,933,0.21458141674333026
period_3x3_cell,DAILY_AMOUNT_OWN_HISTORY_RANK,15,LOW_RETURN,HIGH_SHOCK,4348,173,
period_3x3_cell,DAILY_AMOUNT_OWN_HISTORY_RANK,15,MID_RETURN,HIGH_SHOCK,4348,290,
period_3x3_cell,DAILY_AMOUNT_OWN_HISTORY_RANK,15,HIGH_RETURN,HIGH_SHOCK,4348,470,
period_shock_state,DAILY_AMOUNT_OWN_HISTORY_RANK,16,ALL,LOW_SHOCK,4418,1150,0.2602987777274785
period_3x3_cell,DAILY_AMOUNT_OWN_HISTORY_RANK,16,LOW_RETURN,LOW_SHOCK,4418,693,
period_3x3_cell,DAILY_AMOUNT_OWN_HISTORY_RANK,16,MID_RETURN,LOW_SHOCK,4418,347,
period_3x3_cell,DAILY_AMOUNT_OWN_HISTORY_RANK,16,HIGH_RETURN,LOW_SHOCK,4418,110,
period_shock_state,DAILY_AMOUNT_OWN_HISTORY_RANK,16,ALL,NORMAL,4418,2901,0.6566319601629697
period_3x3_cell,DAILY_AMOUNT_OWN_HISTORY_RANK,16,LOW_RETURN,NORMAL,4418,732,
period_3x3_cell,DAILY_AMOUNT_OWN_HISTORY_RANK,16,MID_RETURN,NORMAL,4418,1026,
period_3x3_cell,DAILY_AMOUNT_OWN_HISTORY_RANK,16,HIGH_RETURN,NORMAL,4418,1143,
period_shock_state,DAILY_AMOUNT_OWN_HISTORY_RANK,16,ALL,HIGH_SHOCK,4418,367,0.08306926210955183
period_3x3_cell,DAILY_AMOUNT_OWN_HISTORY_RANK,16,LOW_RETURN,HIGH_SHOCK,4418,50,
period_3x3_cell,DAILY_AMOUNT_OWN_HISTORY_RANK,16,MID_RETURN,HIGH_SHOCK,4418,106,
period_3x3_cell,DAILY_AMOUNT_OWN_HISTORY_RANK,16,HIGH_RETURN,HIGH_SHOCK,4418,211,
period_shock_state,DAILY_AMOUNT_OWN_HISTORY_RANK,17,ALL,LOW_SHOCK,4466,618,0.13837886251679354
period_3x3_cell,DAILY_AMOUNT_OWN_HISTORY_RANK,17,LOW_RETURN,LOW_SHOCK,4466,381,
period_3x3_cell,DAILY_AMOUNT_OWN_HISTORY_RANK,17,MID_RETURN,LOW_SHOCK,4466,163,
period_3x3_cell,DAILY_AMOUNT_OWN_HISTORY_RANK,17,HIGH_RETURN,LOW_SHOCK,4466,74,
period_shock_state,DAILY_AMOUNT_OWN_HISTORY_RANK,17,ALL,NORMAL,4466,3360,0.7523510971786834
period_3x3_cell,DAILY_AMOUNT_OWN_HISTORY_RANK,17,LOW_RETURN,NORMAL,4466,1047,
period_3x3_cell,DAILY_AMOUNT_OWN_HISTORY_RANK,17,MID_RETURN,NORMAL,4466,1160,
period_3x3_cell,DAILY_AMOUNT_OWN_HISTORY_RANK,17,HIGH_RETURN,NORMAL,4466,1153,
period_shock_state,DAILY_AMOUNT_OWN_HISTORY_RANK,17,ALL,HIGH_SHOCK,4466,488,0.10927004030452306
period_3x3_cell,DAILY_AMOUNT_OWN_HISTORY_RANK,17,LOW_RETURN,HIGH_SHOCK,4466,60,
period_3x3_cell,DAILY_AMOUNT_OWN_HISTORY_RANK,17,MID_RETURN,HIGH_SHOCK,4466,169,
period_3x3_cell,DAILY_AMOUNT_OWN_HISTORY_RANK,17,HIGH_RETURN,HIGH_SHOCK,4466,259,
period_shock_state,DAILY_AMOUNT_OWN_HISTORY_RANK,18,ALL,LOW_SHOCK,4504,1829,0.4060834813499112
period_3x3_cell,DAILY_AMOUNT_OWN_HISTORY_RANK,18,LOW_RETURN,LOW_SHOCK,4504,844,
period_3x3_cell,DAILY_AMOUNT_OWN_HISTORY_RANK,18,MID_RETURN,LOW_SHOCK,4504,688,
period_3x3_cell,DAILY_AMOUNT_OWN_HISTORY_RANK,18,HIGH_RETURN,LOW_SHOCK,4504,297,
period_shock_state,DAILY_AMOUNT_OWN_HISTORY_RANK,18,ALL,NORMAL,4504,2510,0.5572824156305506
period_3x3_cell,DAILY_AMOUNT_OWN_HISTORY_RANK,18,LOW_RETURN,NORMAL,4504,644,
period_3x3_cell,DAILY_AMOUNT_OWN_HISTORY_RANK,18,MID_RETURN,NORMAL,4504,781,
period_3x3_cell,DAILY_AMOUNT_OWN_HISTORY_RANK,18,HIGH_RETURN,NORMAL,4504,1085,
period_shock_state,DAILY_AMOUNT_OWN_HISTORY_RANK,18,ALL,HIGH_SHOCK,4504,165,0.03663410301953819
period_3x3_cell,DAILY_AMOUNT_OWN_HISTORY_RANK,18,LOW_RETURN,HIGH_SHOCK,4504,18,
period_3x3_cell,DAILY_AMOUNT_OWN_HISTORY_RANK,18,MID_RETURN,HIGH_SHOCK,4504,33,
period_3x3_cell,DAILY_AMOUNT_OWN_HISTORY_RANK,18,HIGH_RETURN,HIGH_SHOCK,4504,114,
period_shock_state,DAILY_AMOUNT_OWN_HISTORY_RANK,19,ALL,LOW_SHOCK,4525,398,0.08795580110497238
period_3x3_cell,DAILY_AMOUNT_OWN_HISTORY_RANK,19,LOW_RETURN,LOW_SHOCK,4525,186,
period_3x3_cell,DAILY_AMOUNT_OWN_HISTORY_RANK,19,MID_RETURN,LOW_SHOCK,4525,144,
period_3x3_cell,DAILY_AMOUNT_OWN_HISTORY_RANK,19,HIGH_RETURN,LOW_SHOCK,4525,68,
period_shock_state,DAILY_AMOUNT_OWN_HISTORY_RANK,19,ALL,NORMAL,4525,3737,0.8258563535911603
period_3x3_cell,DAILY_AMOUNT_OWN_HISTORY_RANK,19,LOW_RETURN,NORMAL,4525,1256,
period_3x3_cell,DAILY_AMOUNT_OWN_HISTORY_RANK,19,MID_RETURN,NORMAL,4525,1283,
period_3x3_cell,DAILY_AMOUNT_OWN_HISTORY_RANK,19,HIGH_RETURN,NORMAL,4525,1198,
period_shock_state,DAILY_AMOUNT_OWN_HISTORY_RANK,19,ALL,HIGH_SHOCK,4525,390,0.0861878453038674
period_3x3_cell,DAILY_AMOUNT_OWN_HISTORY_RANK,19,LOW_RETURN,HIGH_SHOCK,4525,69,
period_3x3_cell,DAILY_AMOUNT_OWN_HISTORY_RANK,19,MID_RETURN,HIGH_SHOCK,4525,82,
period_3x3_cell,DAILY_AMOUNT_OWN_HISTORY_RANK,19,HIGH_RETURN,HIGH_SHOCK,4525,239,
period_shock_state,DAILY_AMOUNT_OWN_HISTORY_RANK,20,ALL,LOW_SHOCK,4548,416,0.09146877748460862
period_3x3_cell,DAILY_AMOUNT_OWN_HISTORY_RANK,20,LOW_RETURN,LOW_SHOCK,4548,232,
period_3x3_cell,DAILY_AMOUNT_OWN_HISTORY_RANK,20,MID_RETURN,LOW_SHOCK,4548,106,
period_3x3_cell,DAILY_AMOUNT_OWN_HISTORY_RANK,20,HIGH_RETURN,LOW_SHOCK,4548,78,
period_shock_state,DAILY_AMOUNT_OWN_HISTORY_RANK,20,ALL,NORMAL,4548,3466,0.7620932277924363
period_3x3_cell,DAILY_AMOUNT_OWN_HISTORY_RANK,20,LOW_RETURN,NORMAL,4548,1156,
period_3x3_cell,DAILY_AMOUNT_OWN_HISTORY_RANK,20,MID_RETURN,NORMAL,4548,1203,
period_3x3_cell,DAILY_AMOUNT_OWN_HISTORY_RANK,20,HIGH_RETURN,NORMAL,4548,1107,
period_shock_state,DAILY_AMOUNT_OWN_HISTORY_RANK,20,ALL,HIGH_SHOCK,4548,666,0.14643799472295516
period_3x3_cell,DAILY_AMOUNT_OWN_HISTORY_RANK,20,LOW_RETURN,HIGH_SHOCK,4548,130,
period_3x3_cell,DAILY_AMOUNT_OWN_HISTORY_RANK,20,MID_RETURN,HIGH_SHOCK,4548,212,
period_3x3_cell,DAILY_AMOUNT_OWN_HISTORY_RANK,20,HIGH_RETURN,HIGH_SHOCK,4548,324,
period_shock_state,DAILY_AMOUNT_OWN_HISTORY_RANK,21,ALL,LOW_SHOCK,4582,2001,0.43670886075949367
period_3x3_cell,DAILY_AMOUNT_OWN_HISTORY_RANK,21,LOW_RETURN,LOW_SHOCK,4582,961,
period_3x3_cell,DAILY_AMOUNT_OWN_HISTORY_RANK,21,MID_RETURN,LOW_SHOCK,4582,675,
period_3x3_cell,DAILY_AMOUNT_OWN_HISTORY_RANK,21,HIGH_RETURN,LOW_SHOCK,4582,365,
period_shock_state,DAILY_AMOUNT_OWN_HISTORY_RANK,21,ALL,NORMAL,4582,2424,0.5290266259275426
period_3x3_cell,DAILY_AMOUNT_OWN_HISTORY_RANK,21,LOW_RETURN,NORMAL,4582,551,
period_3x3_cell,DAILY_AMOUNT_OWN_HISTORY_RANK,21,MID_RETURN,NORMAL,4582,824,
period_3x3_cell,DAILY_AMOUNT_OWN_HISTORY_RANK,21,HIGH_RETURN,NORMAL,4582,1049,
period_shock_state,DAILY_AMOUNT_OWN_HISTORY_RANK,21,ALL,HIGH_SHOCK,4582,157,0.03426451331296377
period_3x3_cell,DAILY_AMOUNT_OWN_HISTORY_RANK,21,LOW_RETURN,HIGH_SHOCK,4582,17,
period_3x3_cell,DAILY_AMOUNT_OWN_HISTORY_RANK,21,MID_RETURN,HIGH_SHOCK,4582,35,
period_3x3_cell,DAILY_AMOUNT_OWN_HISTORY_RANK,21,HIGH_RETURN,HIGH_SHOCK,4582,105,
period_shock_state,DAILY_AMOUNT_OWN_HISTORY_RANK,22,ALL,LOW_SHOCK,4618,1152,0.2494586401039411
period_3x3_cell,DAILY_AMOUNT_OWN_HISTORY_RANK,22,LOW_RETURN,LOW_SHOCK,4618,435,
period_3x3_cell,DAILY_AMOUNT_OWN_HISTORY_RANK,22,MID_RETURN,LOW_SHOCK,4618,438,
period_3x3_cell,DAILY_AMOUNT_OWN_HISTORY_RANK,22,HIGH_RETURN,LOW_SHOCK,4618,279,
period_shock_state,DAILY_AMOUNT_OWN_HISTORY_RANK,22,ALL,NORMAL,4618,3181,0.6888263317453444
period_3x3_cell,DAILY_AMOUNT_OWN_HISTORY_RANK,22,LOW_RETURN,NORMAL,4618,1035,
period_3x3_cell,DAILY_AMOUNT_OWN_HISTORY_RANK,22,MID_RETURN,NORMAL,4618,1031,
period_3x3_cell,DAILY_AMOUNT_OWN_HISTORY_RANK,22,HIGH_RETURN,NORMAL,4618,1115,
period_shock_state,DAILY_AMOUNT_OWN_HISTORY_RANK,22,ALL,HIGH_SHOCK,4618,285,0.06171502815071459
period_3x3_cell,DAILY_AMOUNT_OWN_HISTORY_RANK,22,LOW_RETURN,HIGH_SHOCK,4618,67,
period_3x3_cell,DAILY_AMOUNT_OWN_HISTORY_RANK,22,MID_RETURN,HIGH_SHOCK,4618,75,
period_3x3_cell,DAILY_AMOUNT_OWN_HISTORY_RANK,22,HIGH_RETURN,HIGH_SHOCK,4618,143,
period_shock_state,DAILY_AMOUNT_OWN_HISTORY_RANK,23,ALL,LOW_SHOCK,4658,714,0.15328467153284672
period_3x3_cell,DAILY_AMOUNT_OWN_HISTORY_RANK,23,LOW_RETURN,LOW_SHOCK,4658,354,
period_3x3_cell,DAILY_AMOUNT_OWN_HISTORY_RANK,23,MID_RETURN,LOW_SHOCK,4658,208,
period_3x3_cell,DAILY_AMOUNT_OWN_HISTORY_RANK,23,HIGH_RETURN,LOW_SHOCK,4658,152,
period_shock_state,DAILY_AMOUNT_OWN_HISTORY_RANK,23,ALL,NORMAL,4658,3491,0.7494632889652211
period_3x3_cell,DAILY_AMOUNT_OWN_HISTORY_RANK,23,LOW_RETURN,NORMAL,4658,1126,
period_3x3_cell,DAILY_AMOUNT_OWN_HISTORY_RANK,23,MID_RETURN,NORMAL,4658,1200,
period_3x3_cell,DAILY_AMOUNT_OWN_HISTORY_RANK,23,HIGH_RETURN,NORMAL,4658,1165,
period_shock_state,DAILY_AMOUNT_OWN_HISTORY_RANK,23,ALL,HIGH_SHOCK,4658,453,0.09725203950193216
period_3x3_cell,DAILY_AMOUNT_OWN_HISTORY_RANK,23,LOW_RETURN,HIGH_SHOCK,4658,75,
period_3x3_cell,DAILY_AMOUNT_OWN_HISTORY_RANK,23,MID_RETURN,HIGH_SHOCK,4658,148,
period_3x3_cell,DAILY_AMOUNT_OWN_HISTORY_RANK,23,HIGH_RETURN,HIGH_SHOCK,4658,230,
period_shock_state,DAILY_AMOUNT_OWN_HISTORY_RANK,24,ALL,LOW_SHOCK,4694,653,0.13911376224968044
period_3x3_cell,DAILY_AMOUNT_OWN_HISTORY_RANK,24,LOW_RETURN,LOW_SHOCK,4694,403,
period_3x3_cell,DAILY_AMOUNT_OWN_HISTORY_RANK,24,MID_RETURN,LOW_SHOCK,4694,183,
period_3x3_cell,DAILY_AMOUNT_OWN_HISTORY_RANK,24,HIGH_RETURN,LOW_SHOCK,4694,67,
period_shock_state,DAILY_AMOUNT_OWN_HISTORY_RANK,24,ALL,NORMAL,4694,3468,0.7388155091606305
period_3x3_cell,DAILY_AMOUNT_OWN_HISTORY_RANK,24,LOW_RETURN,NORMAL,4694,1105,
period_3x3_cell,DAILY_AMOUNT_OWN_HISTORY_RANK,24,MID_RETURN,NORMAL,4694,1231,
period_3x3_cell,DAILY_AMOUNT_OWN_HISTORY_RANK,24,HIGH_RETURN,NORMAL,4694,1132,
period_shock_state,DAILY_AMOUNT_OWN_HISTORY_RANK,24,ALL,HIGH_SHOCK,4694,573,0.12207072858968897
period_3x3_cell,DAILY_AMOUNT_OWN_HISTORY_RANK,24,LOW_RETURN,HIGH_SHOCK,4694,57,
period_3x3_cell,DAILY_AMOUNT_OWN_HISTORY_RANK,24,MID_RETURN,HIGH_SHOCK,4694,150,
period_3x3_cell,DAILY_AMOUNT_OWN_HISTORY_RANK,24,HIGH_RETURN,HIGH_SHOCK,4694,366,
period_shock_state,DAILY_AMOUNT_OWN_HISTORY_RANK,25,ALL,LOW_SHOCK,4715,557,0.11813361611876988
period_3x3_cell,DAILY_AMOUNT_OWN_HISTORY_RANK,25,LOW_RETURN,LOW_SHOCK,4715,234,
period_3x3_cell,DAILY_AMOUNT_OWN_HISTORY_RANK,25,MID_RETURN,LOW_SHOCK,4715,232,
period_3x3_cell,DAILY_AMOUNT_OWN_HISTORY_RANK,25,HIGH_RETURN,LOW_SHOCK,4715,91,
period_shock_state,DAILY_AMOUNT_OWN_HISTORY_RANK,25,ALL,NORMAL,4715,3656,0.7753976670201485
period_3x3_cell,DAILY_AMOUNT_OWN_HISTORY_RANK,25,LOW_RETURN,NORMAL,4715,1249,
period_3x3_cell,DAILY_AMOUNT_OWN_HISTORY_RANK,25,MID_RETURN,NORMAL,4715,1233,
period_3x3_cell,DAILY_AMOUNT_OWN_HISTORY_RANK,25,HIGH_RETURN,NORMAL,4715,1174,
period_shock_state,DAILY_AMOUNT_OWN_HISTORY_RANK,25,ALL,HIGH_SHOCK,4715,502,0.10646871686108166
period_3x3_cell,DAILY_AMOUNT_OWN_HISTORY_RANK,25,LOW_RETURN,HIGH_SHOCK,4715,91,
period_3x3_cell,DAILY_AMOUNT_OWN_HISTORY_RANK,25,MID_RETURN,HIGH_SHOCK,4715,106,
period_3x3_cell,DAILY_AMOUNT_OWN_HISTORY_RANK,25,HIGH_RETURN,HIGH_SHOCK,4715,305,
period_shock_state,DAILY_AMOUNT_OWN_HISTORY_RANK,26,ALL,LOW_SHOCK,4687,1244,0.2654149775976104
period_3x3_cell,DAILY_AMOUNT_OWN_HISTORY_RANK,26,LOW_RETURN,LOW_SHOCK,4687,556,
period_3x3_cell,DAILY_AMOUNT_OWN_HISTORY_RANK,26,MID_RETURN,LOW_SHOCK,4687,464,
period_3x3_cell,DAILY_AMOUNT_OWN_HISTORY_RANK,26,HIGH_RETURN,LOW_SHOCK,4687,224,
period_shock_state,DAILY_AMOUNT_OWN_HISTORY_RANK,26,ALL,NORMAL,4687,3084,0.6579901856197995
period_3x3_cell,DAILY_AMOUNT_OWN_HISTORY_RANK,26,LOW_RETURN,NORMAL,4687,934,
period_3x3_cell,DAILY_AMOUNT_OWN_HISTORY_RANK,26,MID_RETURN,NORMAL,4687,973,
period_3x3_cell,DAILY_AMOUNT_OWN_HISTORY_RANK,26,HIGH_RETURN,NORMAL,4687,1177,
period_shock_state,DAILY_AMOUNT_OWN_HISTORY_RANK,26,ALL,HIGH_SHOCK,4687,359,0.07659483678259014
period_3x3_cell,DAILY_AMOUNT_OWN_HISTORY_RANK,26,LOW_RETURN,HIGH_SHOCK,4687,75,
period_3x3_cell,DAILY_AMOUNT_OWN_HISTORY_RANK,26,MID_RETURN,HIGH_SHOCK,4687,127,
period_3x3_cell,DAILY_AMOUNT_OWN_HISTORY_RANK,26,HIGH_RETURN,HIGH_SHOCK,4687,157,
period_shock_state,DAILY_AMOUNT_OWN_HISTORY_RANK,27,ALL,LOW_SHOCK,4690,523,0.1115138592750533
period_3x3_cell,DAILY_AMOUNT_OWN_HISTORY_RANK,27,LOW_RETURN,LOW_SHOCK,4690,220,
period_3x3_cell,DAILY_AMOUNT_OWN_HISTORY_RANK,27,MID_RETURN,LOW_SHOCK,4690,204,
period_3x3_cell,DAILY_AMOUNT_OWN_HISTORY_RANK,27,HIGH_RETURN,LOW_SHOCK,4690,99,
period_shock_state,DAILY_AMOUNT_OWN_HISTORY_RANK,27,ALL,NORMAL,4690,3664,0.7812366737739872
period_3x3_cell,DAILY_AMOUNT_OWN_HISTORY_RANK,27,LOW_RETURN,NORMAL,4690,1244,
period_3x3_cell,DAILY_AMOUNT_OWN_HISTORY_RANK,27,MID_RETURN,NORMAL,4690,1224,
period_3x3_cell,DAILY_AMOUNT_OWN_HISTORY_RANK,27,HIGH_RETURN,NORMAL,4690,1196,
period_shock_state,DAILY_AMOUNT_OWN_HISTORY_RANK,27,ALL,HIGH_SHOCK,4690,503,0.1072494669509595
period_3x3_cell,DAILY_AMOUNT_OWN_HISTORY_RANK,27,LOW_RETURN,HIGH_SHOCK,4690,92,
period_3x3_cell,DAILY_AMOUNT_OWN_HISTORY_RANK,27,MID_RETURN,HIGH_SHOCK,4690,140,
period_3x3_cell,DAILY_AMOUNT_OWN_HISTORY_RANK,27,HIGH_RETURN,HIGH_SHOCK,4690,271,
period_shock_state,DAILY_AMOUNT_OWN_HISTORY_RANK,28,ALL,LOW_SHOCK,4765,692,0.14522560335781742
period_3x3_cell,DAILY_AMOUNT_OWN_HISTORY_RANK,28,LOW_RETURN,LOW_SHOCK,4765,360,
period_3x3_cell,DAILY_AMOUNT_OWN_HISTORY_RANK,28,MID_RETURN,LOW_SHOCK,4765,193,
period_3x3_cell,DAILY_AMOUNT_OWN_HISTORY_RANK,28,HIGH_RETURN,LOW_SHOCK,4765,139,
period_shock_state,DAILY_AMOUNT_OWN_HISTORY_RANK,28,ALL,NORMAL,4765,3607,0.75697796432319
period_3x3_cell,DAILY_AMOUNT_OWN_HISTORY_RANK,28,LOW_RETURN,NORMAL,4765,1114,
period_3x3_cell,DAILY_AMOUNT_OWN_HISTORY_RANK,28,MID_RETURN,NORMAL,4765,1250,
period_3x3_cell,DAILY_AMOUNT_OWN_HISTORY_RANK,28,HIGH_RETURN,NORMAL,4765,1243,
period_shock_state,DAILY_AMOUNT_OWN_HISTORY_RANK,28,ALL,HIGH_SHOCK,4765,466,0.09779643231899265
period_3x3_cell,DAILY_AMOUNT_OWN_HISTORY_RANK,28,LOW_RETURN,HIGH_SHOCK,4765,115,
period_3x3_cell,DAILY_AMOUNT_OWN_HISTORY_RANK,28,MID_RETURN,HIGH_SHOCK,4765,152,
period_3x3_cell,DAILY_AMOUNT_OWN_HISTORY_RANK,28,HIGH_RETURN,HIGH_SHOCK,4765,199,
period_shock_state,DAILY_AMOUNT_OWN_HISTORY_RANK,29,ALL,LOW_SHOCK,4799,679,0.1414878099604084
period_3x3_cell,DAILY_AMOUNT_OWN_HISTORY_RANK,29,LOW_RETURN,LOW_SHOCK,4799,322,
period_3x3_cell,DAILY_AMOUNT_OWN_HISTORY_RANK,29,MID_RETURN,LOW_SHOCK,4799,235,
period_3x3_cell,DAILY_AMOUNT_OWN_HISTORY_RANK,29,HIGH_RETURN,LOW_SHOCK,4799,122,
period_shock_state,DAILY_AMOUNT_OWN_HISTORY_RANK,29,ALL,NORMAL,4799,3793,0.7903729943738279
period_3x3_cell,DAILY_AMOUNT_OWN_HISTORY_RANK,29,LOW_RETURN,NORMAL,4799,1220,
period_3x3_cell,DAILY_AMOUNT_OWN_HISTORY_RANK,29,MID_RETURN,NORMAL,4799,1281,
period_3x3_cell,DAILY_AMOUNT_OWN_HISTORY_RANK,29,HIGH_RETURN,NORMAL,4799,1292,
period_shock_state,DAILY_AMOUNT_OWN_HISTORY_RANK,29,ALL,HIGH_SHOCK,4799,327,0.06813919566576371
period_3x3_cell,DAILY_AMOUNT_OWN_HISTORY_RANK,29,LOW_RETURN,HIGH_SHOCK,4799,60,
period_3x3_cell,DAILY_AMOUNT_OWN_HISTORY_RANK,29,MID_RETURN,HIGH_SHOCK,4799,87,
period_3x3_cell,DAILY_AMOUNT_OWN_HISTORY_RANK,29,HIGH_RETURN,HIGH_SHOCK,4799,180,
period_shock_state,DAILY_AMOUNT_OWN_HISTORY_RANK,30,ALL,LOW_SHOCK,4835,1065,0.2202688728024819
period_3x3_cell,DAILY_AMOUNT_OWN_HISTORY_RANK,30,LOW_RETURN,LOW_SHOCK,4835,515,
period_3x3_cell,DAILY_AMOUNT_OWN_HISTORY_RANK,30,MID_RETURN,LOW_SHOCK,4835,377,
period_3x3_cell,DAILY_AMOUNT_OWN_HISTORY_RANK,30,HIGH_RETURN,LOW_SHOCK,4835,173,
period_shock_state,DAILY_AMOUNT_OWN_HISTORY_RANK,30,ALL,NORMAL,4835,3461,0.7158221302998966
period_3x3_cell,DAILY_AMOUNT_OWN_HISTORY_RANK,30,LOW_RETURN,NORMAL,4835,1044,
period_3x3_cell,DAILY_AMOUNT_OWN_HISTORY_RANK,30,MID_RETURN,NORMAL,4835,1167,
period_3x3_cell,DAILY_AMOUNT_OWN_HISTORY_RANK,30,HIGH_RETURN,NORMAL,4835,1250,
period_shock_state,DAILY_AMOUNT_OWN_HISTORY_RANK,30,ALL,HIGH_SHOCK,4835,309,0.06390899689762151
period_3x3_cell,DAILY_AMOUNT_OWN_HISTORY_RANK,30,LOW_RETURN,HIGH_SHOCK,4835,54,
period_3x3_cell,DAILY_AMOUNT_OWN_HISTORY_RANK,30,MID_RETURN,HIGH_SHOCK,4835,69,
period_3x3_cell,DAILY_AMOUNT_OWN_HISTORY_RANK,30,HIGH_RETURN,HIGH_SHOCK,4835,186,
period_shock_state,DAILY_AMOUNT_OWN_HISTORY_RANK,31,ALL,LOW_SHOCK,4881,952,0.1950419995902479
period_3x3_cell,DAILY_AMOUNT_OWN_HISTORY_RANK,31,LOW_RETURN,LOW_SHOCK,4881,397,
period_3x3_cell,DAILY_AMOUNT_OWN_HISTORY_RANK,31,MID_RETURN,LOW_SHOCK,4881,338,
period_3x3_cell,DAILY_AMOUNT_OWN_HISTORY_RANK,31,HIGH_RETURN,LOW_SHOCK,4881,217,
period_shock_state,DAILY_AMOUNT_OWN_HISTORY_RANK,31,ALL,NORMAL,4881,3610,0.7396025404630199
period_3x3_cell,DAILY_AMOUNT_OWN_HISTORY_RANK,31,LOW_RETURN,NORMAL,4881,1156,
period_3x3_cell,DAILY_AMOUNT_OWN_HISTORY_RANK,31,MID_RETURN,NORMAL,4881,1210,
period_3x3_cell,DAILY_AMOUNT_OWN_HISTORY_RANK,31,HIGH_RETURN,NORMAL,4881,1244,
period_shock_state,DAILY_AMOUNT_OWN_HISTORY_RANK,31,ALL,HIGH_SHOCK,4881,319,0.06535545994673223
period_3x3_cell,DAILY_AMOUNT_OWN_HISTORY_RANK,31,LOW_RETURN,HIGH_SHOCK,4881,74,
period_3x3_cell,DAILY_AMOUNT_OWN_HISTORY_RANK,31,MID_RETURN,HIGH_SHOCK,4881,78,
period_3x3_cell,DAILY_AMOUNT_OWN_HISTORY_RANK,31,HIGH_RETURN,HIGH_SHOCK,4881,167,
period_shock_state,DAILY_AMOUNT_OWN_HISTORY_RANK,32,ALL,LOW_SHOCK,4895,765,0.15628192032686414
period_3x3_cell,DAILY_AMOUNT_OWN_HISTORY_RANK,32,LOW_RETURN,LOW_SHOCK,4895,434,
period_3x3_cell,DAILY_AMOUNT_OWN_HISTORY_RANK,32,MID_RETURN,LOW_SHOCK,4895,218,
period_3x3_cell,DAILY_AMOUNT_OWN_HISTORY_RANK,32,HIGH_RETURN,LOW_SHOCK,4895,113,
period_shock_state,DAILY_AMOUNT_OWN_HISTORY_RANK,32,ALL,NORMAL,4895,3577,0.7307456588355464
period_3x3_cell,DAILY_AMOUNT_OWN_HISTORY_RANK,32,LOW_RETURN,NORMAL,4895,1108,
period_3x3_cell,DAILY_AMOUNT_OWN_HISTORY_RANK,32,MID_RETURN,NORMAL,4895,1253,
period_3x3_cell,DAILY_AMOUNT_OWN_HISTORY_RANK,32,HIGH_RETURN,NORMAL,4895,1216,
period_shock_state,DAILY_AMOUNT_OWN_HISTORY_RANK,32,ALL,HIGH_SHOCK,4895,553,0.11297242083758938
period_3x3_cell,DAILY_AMOUNT_OWN_HISTORY_RANK,32,LOW_RETURN,HIGH_SHOCK,4895,94,
period_3x3_cell,DAILY_AMOUNT_OWN_HISTORY_RANK,32,MID_RETURN,HIGH_SHOCK,4895,162,
period_3x3_cell,DAILY_AMOUNT_OWN_HISTORY_RANK,32,HIGH_RETURN,HIGH_SHOCK,4895,297,
period_shock_state,DAILY_AMOUNT_OWN_HISTORY_RANK,33,ALL,LOW_SHOCK,4912,1261,0.25671824104234525
period_3x3_cell,DAILY_AMOUNT_OWN_HISTORY_RANK,33,LOW_RETURN,LOW_SHOCK,4912,528,
period_3x3_cell,DAILY_AMOUNT_OWN_HISTORY_RANK,33,MID_RETURN,LOW_SHOCK,4912,434,
period_3x3_cell,DAILY_AMOUNT_OWN_HISTORY_RANK,33,HIGH_RETURN,LOW_SHOCK,4912,299,
period_shock_state,DAILY_AMOUNT_OWN_HISTORY_RANK,33,ALL,NORMAL,4912,3246,0.6608306188925082
period_3x3_cell,DAILY_AMOUNT_OWN_HISTORY_RANK,33,LOW_RETURN,NORMAL,4912,1036,
period_3x3_cell,DAILY_AMOUNT_OWN_HISTORY_RANK,33,MID_RETURN,NORMAL,4912,1083,
period_3x3_cell,DAILY_AMOUNT_OWN_HISTORY_RANK,33,HIGH_RETURN,NORMAL,4912,1127,
period_shock_state,DAILY_AMOUNT_OWN_HISTORY_RANK,33,ALL,HIGH_SHOCK,4912,405,0.08245114006514657
period_3x3_cell,DAILY_AMOUNT_OWN_HISTORY_RANK,33,LOW_RETURN,HIGH_SHOCK,4912,73,
period_3x3_cell,DAILY_AMOUNT_OWN_HISTORY_RANK,33,MID_RETURN,HIGH_SHOCK,4912,124,
period_3x3_cell,DAILY_AMOUNT_OWN_HISTORY_RANK,33,HIGH_RETURN,HIGH_SHOCK,4912,208,
period_shock_state,DAILY_AMOUNT_OWN_HISTORY_RANK,34,ALL,LOW_SHOCK,4912,1349,0.27463355048859933
period_3x3_cell,DAILY_AMOUNT_OWN_HISTORY_RANK,34,LOW_RETURN,LOW_SHOCK,4912,595,
period_3x3_cell,DAILY_AMOUNT_OWN_HISTORY_RANK,34,MID_RETURN,LOW_SHOCK,4912,493,
period_3x3_cell,DAILY_AMOUNT_OWN_HISTORY_RANK,34,HIGH_RETURN,LOW_SHOCK,4912,261,
period_shock_state,DAILY_AMOUNT_OWN_HISTORY_RANK,34,ALL,NORMAL,4912,3182,0.6478013029315961
period_3x3_cell,DAILY_AMOUNT_OWN_HISTORY_RANK,34,LOW_RETURN,NORMAL,4912,978,
period_3x3_cell,DAILY_AMOUNT_OWN_HISTORY_RANK,34,MID_RETURN,NORMAL,4912,1043,
period_3x3_cell,DAILY_AMOUNT_OWN_HISTORY_RANK,34,HIGH_RETURN,NORMAL,4912,1161,
period_shock_state,DAILY_AMOUNT_OWN_HISTORY_RANK,34,ALL,HIGH_SHOCK,4912,381,0.07756514657980457
period_3x3_cell,DAILY_AMOUNT_OWN_HISTORY_RANK,34,LOW_RETURN,HIGH_SHOCK,4912,67,
period_3x3_cell,DAILY_AMOUNT_OWN_HISTORY_RANK,34,MID_RETURN,HIGH_SHOCK,4912,103,
period_3x3_cell,DAILY_AMOUNT_OWN_HISTORY_RANK,34,HIGH_RETURN,HIGH_SHOCK,4912,211,
period_shock_state,DAILY_AMOUNT_OWN_HISTORY_RANK,35,ALL,LOW_SHOCK,4931,390,0.0790914621780572
period_3x3_cell,DAILY_AMOUNT_OWN_HISTORY_RANK,35,LOW_RETURN,LOW_SHOCK,4931,95,
period_3x3_cell,DAILY_AMOUNT_OWN_HISTORY_RANK,35,MID_RETURN,LOW_SHOCK,4931,177,
period_3x3_cell,DAILY_AMOUNT_OWN_HISTORY_RANK,35,HIGH_RETURN,LOW_SHOCK,4931,118,
period_shock_state,DAILY_AMOUNT_OWN_HISTORY_RANK,35,ALL,NORMAL,4931,4224,0.8566213749746502
period_3x3_cell,DAILY_AMOUNT_OWN_HISTORY_RANK,35,LOW_RETURN,NORMAL,4931,1429,
period_3x3_cell,DAILY_AMOUNT_OWN_HISTORY_RANK,35,MID_RETURN,NORMAL,4931,1399,
period_3x3_cell,DAILY_AMOUNT_OWN_HISTORY_RANK,35,HIGH_RETURN,NORMAL,4931,1396,
period_shock_state,DAILY_AMOUNT_OWN_HISTORY_RANK,35,ALL,HIGH_SHOCK,4931,317,0.06428716284729263
period_3x3_cell,DAILY_AMOUNT_OWN_HISTORY_RANK,35,LOW_RETURN,HIGH_SHOCK,4931,126,
period_3x3_cell,DAILY_AMOUNT_OWN_HISTORY_RANK,35,MID_RETURN,HIGH_SHOCK,4931,70,
period_3x3_cell,DAILY_AMOUNT_OWN_HISTORY_RANK,35,HIGH_RETURN,HIGH_SHOCK,4931,121,
period_shock_state,DAILY_AMOUNT_OWN_HISTORY_RANK,36,ALL,LOW_SHOCK,4957,343,0.06919507766794432
period_3x3_cell,DAILY_AMOUNT_OWN_HISTORY_RANK,36,LOW_RETURN,LOW_SHOCK,4957,119,
period_3x3_cell,DAILY_AMOUNT_OWN_HISTORY_RANK,36,MID_RETURN,LOW_SHOCK,4957,104,
period_3x3_cell,DAILY_AMOUNT_OWN_HISTORY_RANK,36,HIGH_RETURN,LOW_SHOCK,4957,120,
period_shock_state,DAILY_AMOUNT_OWN_HISTORY_RANK,36,ALL,NORMAL,4957,3869,0.7805124066975994
period_3x3_cell,DAILY_AMOUNT_OWN_HISTORY_RANK,36,LOW_RETURN,NORMAL,4957,1332,
period_3x3_cell,DAILY_AMOUNT_OWN_HISTORY_RANK,36,MID_RETURN,NORMAL,4957,1303,
period_3x3_cell,DAILY_AMOUNT_OWN_HISTORY_RANK,36,HIGH_RETURN,NORMAL,4957,1234,
period_shock_state,DAILY_AMOUNT_OWN_HISTORY_RANK,36,ALL,HIGH_SHOCK,4957,745,0.15029251563445634
period_3x3_cell,DAILY_AMOUNT_OWN_HISTORY_RANK,36,LOW_RETURN,HIGH_SHOCK,4957,205,
period_3x3_cell,DAILY_AMOUNT_OWN_HISTORY_RANK,36,MID_RETURN,HIGH_SHOCK,4957,248,
period_3x3_cell,DAILY_AMOUNT_OWN_HISTORY_RANK,36,HIGH_RETURN,HIGH_SHOCK,4957,292,
period_shock_state,DAILY_AMOUNT_OWN_HISTORY_RANK,37,ALL,LOW_SHOCK,4969,742,0.14932582008452405
period_3x3_cell,DAILY_AMOUNT_OWN_HISTORY_RANK,37,LOW_RETURN,LOW_SHOCK,4969,389,
period_3x3_cell,DAILY_AMOUNT_OWN_HISTORY_RANK,37,MID_RETURN,LOW_SHOCK,4969,280,
period_3x3_cell,DAILY_AMOUNT_OWN_HISTORY_RANK,37,HIGH_RETURN,LOW_SHOCK,4969,73,
period_shock_state,DAILY_AMOUNT_OWN_HISTORY_RANK,37,ALL,NORMAL,4969,3777,0.7601126987321393
period_3x3_cell,DAILY_AMOUNT_OWN_HISTORY_RANK,37,LOW_RETURN,NORMAL,4969,1230,
period_3x3_cell,DAILY_AMOUNT_OWN_HISTORY_RANK,37,MID_RETURN,NORMAL,4969,1288,
period_3x3_cell,DAILY_AMOUNT_OWN_HISTORY_RANK,37,HIGH_RETURN,NORMAL,4969,1259,
period_shock_state,DAILY_AMOUNT_OWN_HISTORY_RANK,37,ALL,HIGH_SHOCK,4969,450,0.09056148118333669
period_3x3_cell,DAILY_AMOUNT_OWN_HISTORY_RANK,37,LOW_RETURN,HIGH_SHOCK,4969,40,
period_3x3_cell,DAILY_AMOUNT_OWN_HISTORY_RANK,37,MID_RETURN,HIGH_SHOCK,4969,88,
period_3x3_cell,DAILY_AMOUNT_OWN_HISTORY_RANK,37,HIGH_RETURN,HIGH_SHOCK,4969,322,
period_shock_state,DAILY_AMOUNT_OWN_HISTORY_RANK,38,ALL,LOW_SHOCK,4926,1227,0.24908647990255786
period_3x3_cell,DAILY_AMOUNT_OWN_HISTORY_RANK,38,LOW_RETURN,LOW_SHOCK,4926,555,
period_3x3_cell,DAILY_AMOUNT_OWN_HISTORY_RANK,38,MID_RETURN,LOW_SHOCK,4926,436,
period_3x3_cell,DAILY_AMOUNT_OWN_HISTORY_RANK,38,HIGH_RETURN,LOW_SHOCK,4926,236,
period_shock_state,DAILY_AMOUNT_OWN_HISTORY_RANK,38,ALL,NORMAL,4926,3346,0.6792529435647584
period_3x3_cell,DAILY_AMOUNT_OWN_HISTORY_RANK,38,LOW_RETURN,NORMAL,4926,1029,
period_3x3_cell,DAILY_AMOUNT_OWN_HISTORY_RANK,38,MID_RETURN,NORMAL,4926,1117,
period_3x3_cell,DAILY_AMOUNT_OWN_HISTORY_RANK,38,HIGH_RETURN,NORMAL,4926,1200,
period_shock_state,DAILY_AMOUNT_OWN_HISTORY_RANK,38,ALL,HIGH_SHOCK,4926,353,0.07166057653268372
period_3x3_cell,DAILY_AMOUNT_OWN_HISTORY_RANK,38,LOW_RETURN,HIGH_SHOCK,4926,59,
period_3x3_cell,DAILY_AMOUNT_OWN_HISTORY_RANK,38,MID_RETURN,HIGH_SHOCK,4926,90,
period_3x3_cell,DAILY_AMOUNT_OWN_HISTORY_RANK,38,HIGH_RETURN,HIGH_SHOCK,4926,204,
period_shock_state,DAILY_AMOUNT_OWN_HISTORY_RANK,39,ALL,LOW_SHOCK,4915,1795,0.3652085452695829
period_3x3_cell,DAILY_AMOUNT_OWN_HISTORY_RANK,39,LOW_RETURN,LOW_SHOCK,4915,684,
period_3x3_cell,DAILY_AMOUNT_OWN_HISTORY_RANK,39,MID_RETURN,LOW_SHOCK,4915,677,
period_3x3_cell,DAILY_AMOUNT_OWN_HISTORY_RANK,39,HIGH_RETURN,LOW_SHOCK,4915,434,
period_shock_state,DAILY_AMOUNT_OWN_HISTORY_RANK,39,ALL,NORMAL,4915,2806,0.5709053916581892
period_3x3_cell,DAILY_AMOUNT_OWN_HISTORY_RANK,39,LOW_RETURN,NORMAL,4915,858,
period_3x3_cell,DAILY_AMOUNT_OWN_HISTORY_RANK,39,MID_RETURN,NORMAL,4915,884,
period_3x3_cell,DAILY_AMOUNT_OWN_HISTORY_RANK,39,HIGH_RETURN,NORMAL,4915,1064,
period_shock_state,DAILY_AMOUNT_OWN_HISTORY_RANK,39,ALL,HIGH_SHOCK,4915,314,0.06388606307222787
period_3x3_cell,DAILY_AMOUNT_OWN_HISTORY_RANK,39,LOW_RETURN,HIGH_SHOCK,4915,71,
period_3x3_cell,DAILY_AMOUNT_OWN_HISTORY_RANK,39,MID_RETURN,HIGH_SHOCK,4915,86,
period_3x3_cell,DAILY_AMOUNT_OWN_HISTORY_RANK,39,HIGH_RETURN,HIGH_SHOCK,4915,157,
period_shock_state,DAILY_AMOUNT_OWN_HISTORY_RANK,40,ALL,LOW_SHOCK,4953,1574,0.31778719967696345
period_3x3_cell,DAILY_AMOUNT_OWN_HISTORY_RANK,40,LOW_RETURN,LOW_SHOCK,4953,657,
period_3x3_cell,DAILY_AMOUNT_OWN_HISTORY_RANK,40,MID_RETURN,LOW_SHOCK,4953,614,
period_3x3_cell,DAILY_AMOUNT_OWN_HISTORY_RANK,40,HIGH_RETURN,LOW_SHOCK,4953,303,
period_shock_state,DAILY_AMOUNT_OWN_HISTORY_RANK,40,ALL,NORMAL,4953,3121,0.6301231576822128
period_3x3_cell,DAILY_AMOUNT_OWN_HISTORY_RANK,40,LOW_RETURN,NORMAL,4953,951,
period_3x3_cell,DAILY_AMOUNT_OWN_HISTORY_RANK,40,MID_RETURN,NORMAL,4953,968,
period_3x3_cell,DAILY_AMOUNT_OWN_HISTORY_RANK,40,HIGH_RETURN,NORMAL,4953,1202,
period_shock_state,DAILY_AMOUNT_OWN_HISTORY_RANK,40,ALL,HIGH_SHOCK,4953,258,0.05208964264082374
period_3x3_cell,DAILY_AMOUNT_OWN_HISTORY_RANK,40,LOW_RETURN,HIGH_SHOCK,4953,39,
period_3x3_cell,DAILY_AMOUNT_OWN_HISTORY_RANK,40,MID_RETURN,HIGH_SHOCK,4953,75,
period_3x3_cell,DAILY_AMOUNT_OWN_HISTORY_RANK,40,HIGH_RETURN,HIGH_SHOCK,4953,144,
period_shock_state,DAILY_AMOUNT_OWN_HISTORY_RANK,41,ALL,LOW_SHOCK,4965,2147,0.4324269889224572
period_3x3_cell,DAILY_AMOUNT_OWN_HISTORY_RANK,41,LOW_RETURN,LOW_SHOCK,4965,835,
period_3x3_cell,DAILY_AMOUNT_OWN_HISTORY_RANK,41,MID_RETURN,LOW_SHOCK,4965,778,
period_3x3_cell,DAILY_AMOUNT_OWN_HISTORY_RANK,41,HIGH_RETURN,LOW_SHOCK,4965,534,
period_shock_state,DAILY_AMOUNT_OWN_HISTORY_RANK,41,ALL,NORMAL,4965,2497,0.502920443101712
period_3x3_cell,DAILY_AMOUNT_OWN_HISTORY_RANK,41,LOW_RETURN,NORMAL,4965,760,
period_3x3_cell,DAILY_AMOUNT_OWN_HISTORY_RANK,41,MID_RETURN,NORMAL,4965,787,
period_3x3_cell,DAILY_AMOUNT_OWN_HISTORY_RANK,41,HIGH_RETURN,NORMAL,4965,950,
period_shock_state,DAILY_AMOUNT_OWN_HISTORY_RANK,41,ALL,HIGH_SHOCK,4965,321,0.06465256797583081
period_3x3_cell,DAILY_AMOUNT_OWN_HISTORY_RANK,41,LOW_RETURN,HIGH_SHOCK,4965,61,
period_3x3_cell,DAILY_AMOUNT_OWN_HISTORY_RANK,41,MID_RETURN,HIGH_SHOCK,4965,92,
period_3x3_cell,DAILY_AMOUNT_OWN_HISTORY_RANK,41,HIGH_RETURN,HIGH_SHOCK,4965,168,
period_shock_state,DAILY_AMOUNT_OWN_HISTORY_RANK,42,ALL,LOW_SHOCK,4983,1675,0.33614288581176
period_3x3_cell,DAILY_AMOUNT_OWN_HISTORY_RANK,42,LOW_RETURN,LOW_SHOCK,4983,755,
period_3x3_cell,DAILY_AMOUNT_OWN_HISTORY_RANK,42,MID_RETURN,LOW_SHOCK,4983,607,
period_3x3_cell,DAILY_AMOUNT_OWN_HISTORY_RANK,42,HIGH_RETURN,LOW_SHOCK,4983,313,
period_shock_state,DAILY_AMOUNT_OWN_HISTORY_RANK,42,ALL,NORMAL,4983,2998,0.6016455950230785
period_3x3_cell,DAILY_AMOUNT_OWN_HISTORY_RANK,42,LOW_RETURN,NORMAL,4983,832,
period_3x3_cell,DAILY_AMOUNT_OWN_HISTORY_RANK,42,MID_RETURN,NORMAL,4983,981,
period_3x3_cell,DAILY_AMOUNT_OWN_HISTORY_RANK,42,HIGH_RETURN,NORMAL,4983,1185,
period_shock_state,DAILY_AMOUNT_OWN_HISTORY_RANK,42,ALL,HIGH_SHOCK,4983,310,0.06221151916516155
period_3x3_cell,DAILY_AMOUNT_OWN_HISTORY_RANK,42,LOW_RETURN,HIGH_SHOCK,4983,74,
period_3x3_cell,DAILY_AMOUNT_OWN_HISTORY_RANK,42,MID_RETURN,HIGH_SHOCK,4983,78,
period_3x3_cell,DAILY_AMOUNT_OWN_HISTORY_RANK,42,HIGH_RETURN,HIGH_SHOCK,4983,158,
period_shock_state,DAILY_AMOUNT_OWN_HISTORY_RANK,43,ALL,LOW_SHOCK,4984,0,0.0
period_3x3_cell,DAILY_AMOUNT_OWN_HISTORY_RANK,43,LOW_RETURN,LOW_SHOCK,4984,0,
period_3x3_cell,DAILY_AMOUNT_OWN_HISTORY_RANK,43,MID_RETURN,LOW_SHOCK,4984,0,
period_3x3_cell,DAILY_AMOUNT_OWN_HISTORY_RANK,43,HIGH_RETURN,LOW_SHOCK,4984,0,
period_shock_state,DAILY_AMOUNT_OWN_HISTORY_RANK,43,ALL,NORMAL,4984,3374,0.6769662921348315
period_3x3_cell,DAILY_AMOUNT_OWN_HISTORY_RANK,43,LOW_RETURN,NORMAL,4984,1244,
period_3x3_cell,DAILY_AMOUNT_OWN_HISTORY_RANK,43,MID_RETURN,NORMAL,4984,1169,
period_3x3_cell,DAILY_AMOUNT_OWN_HISTORY_RANK,43,HIGH_RETURN,NORMAL,4984,961,
period_shock_state,DAILY_AMOUNT_OWN_HISTORY_RANK,43,ALL,HIGH_SHOCK,4984,1610,0.32303370786516855
period_3x3_cell,DAILY_AMOUNT_OWN_HISTORY_RANK,43,LOW_RETURN,HIGH_SHOCK,4984,419,
period_3x3_cell,DAILY_AMOUNT_OWN_HISTORY_RANK,43,MID_RETURN,HIGH_SHOCK,4984,494,
period_3x3_cell,DAILY_AMOUNT_OWN_HISTORY_RANK,43,HIGH_RETURN,HIGH_SHOCK,4984,697,
period_shock_state,DAILY_AMOUNT_OWN_HISTORY_RANK,44,ALL,LOW_SHOCK,4960,39,0.007862903225806451
period_3x3_cell,DAILY_AMOUNT_OWN_HISTORY_RANK,44,LOW_RETURN,LOW_SHOCK,4960,12,
period_3x3_cell,DAILY_AMOUNT_OWN_HISTORY_RANK,44,MID_RETURN,LOW_SHOCK,4960,9,
period_3x3_cell,DAILY_AMOUNT_OWN_HISTORY_RANK,44,HIGH_RETURN,LOW_SHOCK,4960,18,
period_shock_state,DAILY_AMOUNT_OWN_HISTORY_RANK,44,ALL,NORMAL,4960,4472,0.9016129032258065
period_3x3_cell,DAILY_AMOUNT_OWN_HISTORY_RANK,44,LOW_RETURN,NORMAL,4960,1584,
period_3x3_cell,DAILY_AMOUNT_OWN_HISTORY_RANK,44,MID_RETURN,NORMAL,4960,1514,
period_3x3_cell,DAILY_AMOUNT_OWN_HISTORY_RANK,44,HIGH_RETURN,NORMAL,4960,1374,
period_shock_state,DAILY_AMOUNT_OWN_HISTORY_RANK,44,ALL,HIGH_SHOCK,4960,449,0.0905241935483871
period_3x3_cell,DAILY_AMOUNT_OWN_HISTORY_RANK,44,LOW_RETURN,HIGH_SHOCK,4960,62,
period_3x3_cell,DAILY_AMOUNT_OWN_HISTORY_RANK,44,MID_RETURN,HIGH_SHOCK,4960,138,
period_3x3_cell,DAILY_AMOUNT_OWN_HISTORY_RANK,44,HIGH_RETURN,HIGH_SHOCK,4960,249,
period_shock_state,DAILY_AMOUNT_OWN_HISTORY_RANK,45,ALL,LOW_SHOCK,4961,213,0.042934892158838944
period_3x3_cell,DAILY_AMOUNT_OWN_HISTORY_RANK,45,LOW_RETURN,LOW_SHOCK,4961,77,
period_3x3_cell,DAILY_AMOUNT_OWN_HISTORY_RANK,45,MID_RETURN,LOW_SHOCK,4961,70,
period_3x3_cell,DAILY_AMOUNT_OWN_HISTORY_RANK,45,HIGH_RETURN,LOW_SHOCK,4961,66,
period_shock_state,DAILY_AMOUNT_OWN_HISTORY_RANK,45,ALL,NORMAL,4961,4029,0.8121346502721225
period_3x3_cell,DAILY_AMOUNT_OWN_HISTORY_RANK,45,LOW_RETURN,NORMAL,4961,1444,
period_3x3_cell,DAILY_AMOUNT_OWN_HISTORY_RANK,45,MID_RETURN,NORMAL,4961,1396,
period_3x3_cell,DAILY_AMOUNT_OWN_HISTORY_RANK,45,HIGH_RETURN,NORMAL,4961,1189,
period_shock_state,DAILY_AMOUNT_OWN_HISTORY_RANK,45,ALL,HIGH_SHOCK,4961,719,0.1449304575690385
period_3x3_cell,DAILY_AMOUNT_OWN_HISTORY_RANK,45,LOW_RETURN,HIGH_SHOCK,4961,142,
period_3x3_cell,DAILY_AMOUNT_OWN_HISTORY_RANK,45,MID_RETURN,HIGH_SHOCK,4961,194,
period_3x3_cell,DAILY_AMOUNT_OWN_HISTORY_RANK,45,HIGH_RETURN,HIGH_SHOCK,4961,383,
period_shock_state,DAILY_AMOUNT_OWN_HISTORY_RANK,46,ALL,LOW_SHOCK,4961,2853,0.575085668212054
period_3x3_cell,DAILY_AMOUNT_OWN_HISTORY_RANK,46,LOW_RETURN,LOW_SHOCK,4961,1213,
period_3x3_cell,DAILY_AMOUNT_OWN_HISTORY_RANK,46,MID_RETURN,LOW_SHOCK,4961,1045,
period_3x3_cell,DAILY_AMOUNT_OWN_HISTORY_RANK,46,HIGH_RETURN,LOW_SHOCK,4961,595,
period_shock_state,DAILY_AMOUNT_OWN_HISTORY_RANK,46,ALL,NORMAL,4961,1977,0.39850836524894173
period_3x3_cell,DAILY_AMOUNT_OWN_HISTORY_RANK,46,LOW_RETURN,NORMAL,4961,440,
period_3x3_cell,DAILY_AMOUNT_OWN_HISTORY_RANK,46,MID_RETURN,NORMAL,4961,594,
period_3x3_cell,DAILY_AMOUNT_OWN_HISTORY_RANK,46,HIGH_RETURN,NORMAL,4961,943,
period_shock_state,DAILY_AMOUNT_OWN_HISTORY_RANK,46,ALL,HIGH_SHOCK,4961,131,0.026405966539004233
period_3x3_cell,DAILY_AMOUNT_OWN_HISTORY_RANK,46,LOW_RETURN,HIGH_SHOCK,4961,6,
period_3x3_cell,DAILY_AMOUNT_OWN_HISTORY_RANK,46,MID_RETURN,HIGH_SHOCK,4961,20,
period_3x3_cell,DAILY_AMOUNT_OWN_HISTORY_RANK,46,HIGH_RETURN,HIGH_SHOCK,4961,105,
period_shock_state,DAILY_AMOUNT_OWN_HISTORY_RANK,47,ALL,LOW_SHOCK,4978,85,0.017075130574527923
period_3x3_cell,DAILY_AMOUNT_OWN_HISTORY_RANK,47,LOW_RETURN,LOW_SHOCK,4978,20,
period_3x3_cell,DAILY_AMOUNT_OWN_HISTORY_RANK,47,MID_RETURN,LOW_SHOCK,4978,31,
period_3x3_cell,DAILY_AMOUNT_OWN_HISTORY_RANK,47,HIGH_RETURN,LOW_SHOCK,4978,34,
period_shock_state,DAILY_AMOUNT_OWN_HISTORY_RANK,47,ALL,NORMAL,4978,4267,0.8571715548413017
period_3x3_cell,DAILY_AMOUNT_OWN_HISTORY_RANK,47,LOW_RETURN,NORMAL,4978,1499,
period_3x3_cell,DAILY_AMOUNT_OWN_HISTORY_RANK,47,MID_RETURN,NORMAL,4978,1438,
period_3x3_cell,DAILY_AMOUNT_OWN_HISTORY_RANK,47,HIGH_RETURN,NORMAL,4978,1330,
period_shock_state,DAILY_AMOUNT_OWN_HISTORY_RANK,47,ALL,HIGH_SHOCK,4978,626,0.12575331458417036
period_3x3_cell,DAILY_AMOUNT_OWN_HISTORY_RANK,47,LOW_RETURN,HIGH_SHOCK,4978,141,
period_3x3_cell,DAILY_AMOUNT_OWN_HISTORY_RANK,47,MID_RETURN,HIGH_SHOCK,4978,188,
period_3x3_cell,DAILY_AMOUNT_OWN_HISTORY_RANK,47,HIGH_RETURN,HIGH_SHOCK,4978,297,
period_shock_state,DAILY_AMOUNT_OWN_HISTORY_RANK,48,ALL,LOW_SHOCK,4976,500,0.10048231511254019
period_3x3_cell,DAILY_AMOUNT_OWN_HISTORY_RANK,48,LOW_RETURN,LOW_SHOCK,4976,282,
period_3x3_cell,DAILY_AMOUNT_OWN_HISTORY_RANK,48,MID_RETURN,LOW_SHOCK,4976,105,
period_3x3_cell,DAILY_AMOUNT_OWN_HISTORY_RANK,48,HIGH_RETURN,LOW_SHOCK,4976,113,
period_shock_state,DAILY_AMOUNT_OWN_HISTORY_RANK,48,ALL,NORMAL,4976,3717,0.7469855305466238
period_3x3_cell,DAILY_AMOUNT_OWN_HISTORY_RANK,48,LOW_RETURN,NORMAL,4976,1237,
period_3x3_cell,DAILY_AMOUNT_OWN_HISTORY_RANK,48,MID_RETURN,NORMAL,4976,1273,
period_3x3_cell,DAILY_AMOUNT_OWN_HISTORY_RANK,48,HIGH_RETURN,NORMAL,4976,1207,
period_shock_state,DAILY_AMOUNT_OWN_HISTORY_RANK,48,ALL,HIGH_SHOCK,4976,759,0.152532154340836
period_3x3_cell,DAILY_AMOUNT_OWN_HISTORY_RANK,48,LOW_RETURN,HIGH_SHOCK,4976,141,
period_3x3_cell,DAILY_AMOUNT_OWN_HISTORY_RANK,48,MID_RETURN,HIGH_SHOCK,4976,284,
period_3x3_cell,DAILY_AMOUNT_OWN_HISTORY_RANK,48,HIGH_RETURN,HIGH_SHOCK,4976,334,
period_shock_state,DAILY_AMOUNT_OWN_HISTORY_RANK,49,ALL,LOW_SHOCK,4979,1471,0.2954408515766218
period_3x3_cell,DAILY_AMOUNT_OWN_HISTORY_RANK,49,LOW_RETURN,LOW_SHOCK,4979,726,
period_3x3_cell,DAILY_AMOUNT_OWN_HISTORY_RANK,49,MID_RETURN,LOW_SHOCK,4979,463,
period_3x3_cell,DAILY_AMOUNT_OWN_HISTORY_RANK,49,HIGH_RETURN,LOW_SHOCK,4979,282,
period_shock_state,DAILY_AMOUNT_OWN_HISTORY_RANK,49,ALL,NORMAL,4979,3189,0.6404900582446275
period_3x3_cell,DAILY_AMOUNT_OWN_HISTORY_RANK,49,LOW_RETURN,NORMAL,4979,906,
period_3x3_cell,DAILY_AMOUNT_OWN_HISTORY_RANK,49,MID_RETURN,NORMAL,4979,1125,
period_3x3_cell,DAILY_AMOUNT_OWN_HISTORY_RANK,49,HIGH_RETURN,NORMAL,4979,1158,
period_shock_state,DAILY_AMOUNT_OWN_HISTORY_RANK,49,ALL,HIGH_SHOCK,4979,319,0.06406909017875076
period_3x3_cell,DAILY_AMOUNT_OWN_HISTORY_RANK,49,LOW_RETURN,HIGH_SHOCK,4979,27,
period_3x3_cell,DAILY_AMOUNT_OWN_HISTORY_RANK,49,MID_RETURN,HIGH_SHOCK,4979,78,
period_3x3_cell,DAILY_AMOUNT_OWN_HISTORY_RANK,49,HIGH_RETURN,HIGH_SHOCK,4979,214,
period_shock_state,DAILY_AMOUNT_OWN_HISTORY_RANK,50,ALL,LOW_SHOCK,4895,967,0.1975485188968335
period_3x3_cell,DAILY_AMOUNT_OWN_HISTORY_RANK,50,LOW_RETURN,LOW_SHOCK,4895,545,
period_3x3_cell,DAILY_AMOUNT_OWN_HISTORY_RANK,50,MID_RETURN,LOW_SHOCK,4895,293,
period_3x3_cell,DAILY_AMOUNT_OWN_HISTORY_RANK,50,HIGH_RETURN,LOW_SHOCK,4895,129,
period_shock_state,DAILY_AMOUNT_OWN_HISTORY_RANK,50,ALL,NORMAL,4895,3481,0.7111338100102145
period_3x3_cell,DAILY_AMOUNT_OWN_HISTORY_RANK,50,LOW_RETURN,NORMAL,4895,1025,
period_3x3_cell,DAILY_AMOUNT_OWN_HISTORY_RANK,50,MID_RETURN,NORMAL,4895,1225,
period_3x3_cell,DAILY_AMOUNT_OWN_HISTORY_RANK,50,HIGH_RETURN,NORMAL,4895,1231,
period_shock_state,DAILY_AMOUNT_OWN_HISTORY_RANK,50,ALL,HIGH_SHOCK,4895,447,0.091317671092952
period_3x3_cell,DAILY_AMOUNT_OWN_HISTORY_RANK,50,LOW_RETURN,HIGH_SHOCK,4895,62,
period_3x3_cell,DAILY_AMOUNT_OWN_HISTORY_RANK,50,MID_RETURN,HIGH_SHOCK,4895,115,
period_3x3_cell,DAILY_AMOUNT_OWN_HISTORY_RANK,50,HIGH_RETURN,HIGH_SHOCK,4895,270,
period_shock_state,DAILY_AMOUNT_OWN_HISTORY_RANK,51,ALL,LOW_SHOCK,4893,992,0.20273860617208256
period_3x3_cell,DAILY_AMOUNT_OWN_HISTORY_RANK,51,LOW_RETURN,LOW_SHOCK,4893,513,
period_3x3_cell,DAILY_AMOUNT_OWN_HISTORY_RANK,51,MID_RETURN,LOW_SHOCK,4893,317,
period_3x3_cell,DAILY_AMOUNT_OWN_HISTORY_RANK,51,HIGH_RETURN,LOW_SHOCK,4893,162,
period_shock_state,DAILY_AMOUNT_OWN_HISTORY_RANK,51,ALL,NORMAL,4893,3365,0.6877171469446147
period_3x3_cell,DAILY_AMOUNT_OWN_HISTORY_RANK,51,LOW_RETURN,NORMAL,4893,1024,
period_3x3_cell,DAILY_AMOUNT_OWN_HISTORY_RANK,51,MID_RETURN,NORMAL,4893,1176,
period_3x3_cell,DAILY_AMOUNT_OWN_HISTORY_RANK,51,HIGH_RETURN,NORMAL,4893,1165,
period_shock_state,DAILY_AMOUNT_OWN_HISTORY_RANK,51,ALL,HIGH_SHOCK,4893,536,0.10954424688330268
period_3x3_cell,DAILY_AMOUNT_OWN_HISTORY_RANK,51,LOW_RETURN,HIGH_SHOCK,4893,84,
period_3x3_cell,DAILY_AMOUNT_OWN_HISTORY_RANK,51,MID_RETURN,HIGH_SHOCK,4893,167,
period_3x3_cell,DAILY_AMOUNT_OWN_HISTORY_RANK,51,HIGH_RETURN,HIGH_SHOCK,4893,285,
period_shock_state,DAILY_AMOUNT_OWN_HISTORY_RANK,52,ALL,LOW_SHOCK,4982,97,0.01947009233239663
period_3x3_cell,DAILY_AMOUNT_OWN_HISTORY_RANK,52,LOW_RETURN,LOW_SHOCK,4982,32,
period_3x3_cell,DAILY_AMOUNT_OWN_HISTORY_RANK,52,MID_RETURN,LOW_SHOCK,4982,26,
period_3x3_cell,DAILY_AMOUNT_OWN_HISTORY_RANK,52,HIGH_RETURN,LOW_SHOCK,4982,39,
period_shock_state,DAILY_AMOUNT_OWN_HISTORY_RANK,52,ALL,NORMAL,4982,4051,0.8131272581292653
period_3x3_cell,DAILY_AMOUNT_OWN_HISTORY_RANK,52,LOW_RETURN,NORMAL,4982,1386,
period_3x3_cell,DAILY_AMOUNT_OWN_HISTORY_RANK,52,MID_RETURN,NORMAL,4982,1395,
period_3x3_cell,DAILY_AMOUNT_OWN_HISTORY_RANK,52,HIGH_RETURN,NORMAL,4982,1270,
period_shock_state,DAILY_AMOUNT_OWN_HISTORY_RANK,52,ALL,HIGH_SHOCK,4982,834,0.16740264953833803
period_3x3_cell,DAILY_AMOUNT_OWN_HISTORY_RANK,52,LOW_RETURN,HIGH_SHOCK,4982,250,
period_3x3_cell,DAILY_AMOUNT_OWN_HISTORY_RANK,52,MID_RETURN,HIGH_SHOCK,4982,249,
period_3x3_cell,DAILY_AMOUNT_OWN_HISTORY_RANK,52,HIGH_RETURN,HIGH_SHOCK,4982,335,
period_shock_state,DAILY_AMOUNT_OWN_HISTORY_RANK,53,ALL,LOW_SHOCK,5000,251,0.0502
period_3x3_cell,DAILY_AMOUNT_OWN_HISTORY_RANK,53,LOW_RETURN,LOW_SHOCK,5000,127,
period_3x3_cell,DAILY_AMOUNT_OWN_HISTORY_RANK,53,MID_RETURN,LOW_SHOCK,5000,81,
period_3x3_cell,DAILY_AMOUNT_OWN_HISTORY_RANK,53,HIGH_RETURN,LOW_SHOCK,5000,43,
period_shock_state,DAILY_AMOUNT_OWN_HISTORY_RANK,53,ALL,NORMAL,5000,3954,0.7908
period_3x3_cell,DAILY_AMOUNT_OWN_HISTORY_RANK,53,LOW_RETURN,NORMAL,5000,1373,
period_3x3_cell,DAILY_AMOUNT_OWN_HISTORY_RANK,53,MID_RETURN,NORMAL,5000,1353,
period_3x3_cell,DAILY_AMOUNT_OWN_HISTORY_RANK,53,HIGH_RETURN,NORMAL,5000,1228,
period_shock_state,DAILY_AMOUNT_OWN_HISTORY_RANK,53,ALL,HIGH_SHOCK,5000,795,0.159
period_3x3_cell,DAILY_AMOUNT_OWN_HISTORY_RANK,53,LOW_RETURN,HIGH_SHOCK,5000,176,
period_3x3_cell,DAILY_AMOUNT_OWN_HISTORY_RANK,53,MID_RETURN,HIGH_SHOCK,5000,240,
period_3x3_cell,DAILY_AMOUNT_OWN_HISTORY_RANK,53,HIGH_RETURN,HIGH_SHOCK,5000,379,
period_shock_state,DAILY_AMOUNT_OWN_HISTORY_RANK,54,ALL,LOW_SHOCK,5024,818,0.16281847133757962
period_3x3_cell,DAILY_AMOUNT_OWN_HISTORY_RANK,54,LOW_RETURN,LOW_SHOCK,5024,519,
period_3x3_cell,DAILY_AMOUNT_OWN_HISTORY_RANK,54,MID_RETURN,LOW_SHOCK,5024,218,
period_3x3_cell,DAILY_AMOUNT_OWN_HISTORY_RANK,54,HIGH_RETURN,LOW_SHOCK,5024,81,
period_shock_state,DAILY_AMOUNT_OWN_HISTORY_RANK,54,ALL,NORMAL,5024,3696,0.7356687898089171
period_3x3_cell,DAILY_AMOUNT_OWN_HISTORY_RANK,54,LOW_RETURN,NORMAL,5024,1103,
period_3x3_cell,DAILY_AMOUNT_OWN_HISTORY_RANK,54,MID_RETURN,NORMAL,5024,1299,
period_3x3_cell,DAILY_AMOUNT_OWN_HISTORY_RANK,54,HIGH_RETURN,NORMAL,5024,1294,
period_shock_state,DAILY_AMOUNT_OWN_HISTORY_RANK,54,ALL,HIGH_SHOCK,5024,510,0.10151273885350319
period_3x3_cell,DAILY_AMOUNT_OWN_HISTORY_RANK,54,LOW_RETURN,HIGH_SHOCK,5024,54,
period_3x3_cell,DAILY_AMOUNT_OWN_HISTORY_RANK,54,MID_RETURN,HIGH_SHOCK,5024,163,
period_3x3_cell,DAILY_AMOUNT_OWN_HISTORY_RANK,54,HIGH_RETURN,HIGH_SHOCK,5024,293,
period_shock_state,DAILY_AMOUNT_OWN_HISTORY_RANK,55,ALL,LOW_SHOCK,5034,1288,0.255860150973381
period_3x3_cell,DAILY_AMOUNT_OWN_HISTORY_RANK,55,LOW_RETURN,LOW_SHOCK,5034,683,
period_3x3_cell,DAILY_AMOUNT_OWN_HISTORY_RANK,55,MID_RETURN,LOW_SHOCK,5034,371,
period_3x3_cell,DAILY_AMOUNT_OWN_HISTORY_RANK,55,HIGH_RETURN,LOW_SHOCK,5034,234,
period_shock_state,DAILY_AMOUNT_OWN_HISTORY_RANK,55,ALL,NORMAL,5034,3376,0.6706396503774334
period_3x3_cell,DAILY_AMOUNT_OWN_HISTORY_RANK,55,LOW_RETURN,NORMAL,5034,962,
period_3x3_cell,DAILY_AMOUNT_OWN_HISTORY_RANK,55,MID_RETURN,NORMAL,5034,1183,
period_3x3_cell,DAILY_AMOUNT_OWN_HISTORY_RANK,55,HIGH_RETURN,NORMAL,5034,1231,
period_shock_state,DAILY_AMOUNT_OWN_HISTORY_RANK,55,ALL,HIGH_SHOCK,5034,370,0.07350019864918554
period_3x3_cell,DAILY_AMOUNT_OWN_HISTORY_RANK,55,LOW_RETURN,HIGH_SHOCK,5034,35,
period_3x3_cell,DAILY_AMOUNT_OWN_HISTORY_RANK,55,MID_RETURN,HIGH_SHOCK,5034,124,
period_3x3_cell,DAILY_AMOUNT_OWN_HISTORY_RANK,55,HIGH_RETURN,HIGH_SHOCK,5034,211,
period_shock_state,DAILY_AMOUNT_OWN_HISTORY_RANK,56,ALL,LOW_SHOCK,5039,990,0.19646755308592975
period_3x3_cell,DAILY_AMOUNT_OWN_HISTORY_RANK,56,LOW_RETURN,LOW_SHOCK,5039,460,
period_3x3_cell,DAILY_AMOUNT_OWN_HISTORY_RANK,56,MID_RETURN,LOW_SHOCK,5039,282,
period_3x3_cell,DAILY_AMOUNT_OWN_HISTORY_RANK,56,HIGH_RETURN,LOW_SHOCK,5039,248,
period_shock_state,DAILY_AMOUNT_OWN_HISTORY_RANK,56,ALL,NORMAL,5039,3552,0.704901766223457
period_3x3_cell,DAILY_AMOUNT_OWN_HISTORY_RANK,56,LOW_RETURN,NORMAL,5039,1149,
period_3x3_cell,DAILY_AMOUNT_OWN_HISTORY_RANK,56,MID_RETURN,NORMAL,5039,1257,
period_3x3_cell,DAILY_AMOUNT_OWN_HISTORY_RANK,56,HIGH_RETURN,NORMAL,5039,1146,
period_shock_state,DAILY_AMOUNT_OWN_HISTORY_RANK,56,ALL,HIGH_SHOCK,5039,497,0.09863068069061322
period_3x3_cell,DAILY_AMOUNT_OWN_HISTORY_RANK,56,LOW_RETURN,HIGH_SHOCK,5039,73,
period_3x3_cell,DAILY_AMOUNT_OWN_HISTORY_RANK,56,MID_RETURN,HIGH_SHOCK,5039,143,
period_3x3_cell,DAILY_AMOUNT_OWN_HISTORY_RANK,56,HIGH_RETURN,HIGH_SHOCK,5039,281,
period_coverage,DAILY_VT_OWN_HISTORY_RANK,1,ALL,ALL,3878,68,0.017534811758638472
period_coverage,DAILY_VT_OWN_HISTORY_RANK,2,ALL,ALL,3893,67,0.01721037760082199
period_coverage,DAILY_VT_OWN_HISTORY_RANK,3,ALL,ALL,3972,3851,0.9695367573011078
period_coverage,DAILY_VT_OWN_HISTORY_RANK,4,ALL,ALL,4032,3968,0.9841269841269841
period_coverage,DAILY_VT_OWN_HISTORY_RANK,5,ALL,ALL,4095,4048,0.9885225885225886
period_coverage,DAILY_VT_OWN_HISTORY_RANK,6,ALL,ALL,4132,4100,0.9922555663117134
period_coverage,DAILY_VT_OWN_HISTORY_RANK,7,ALL,ALL,4166,4141,0.9939990398463754
period_coverage,DAILY_VT_OWN_HISTORY_RANK,8,ALL,ALL,4230,4189,0.990307328605201
period_coverage,DAILY_VT_OWN_HISTORY_RANK,9,ALL,ALL,4249,4220,0.9931748646740409
period_coverage,DAILY_VT_OWN_HISTORY_RANK,10,ALL,ALL,4289,4254,0.9918395896479366
period_coverage,DAILY_VT_OWN_HISTORY_RANK,11,ALL,ALL,4328,4283,0.9896025878003697
period_coverage,DAILY_VT_OWN_HISTORY_RANK,12,ALL,ALL,4372,4342,0.9931381518755719
period_coverage,DAILY_VT_OWN_HISTORY_RANK,13,ALL,ALL,4377,4353,0.9945167923235092
period_coverage,DAILY_VT_OWN_HISTORY_RANK,14,ALL,ALL,4358,4324,0.992198256080771
period_coverage,DAILY_VT_OWN_HISTORY_RANK,15,ALL,ALL,4441,4346,0.9786084215266831
period_coverage,DAILY_VT_OWN_HISTORY_RANK,16,ALL,ALL,4473,4417,0.9874804381846636
period_coverage,DAILY_VT_OWN_HISTORY_RANK,17,ALL,ALL,4505,4465,0.9911209766925638
period_coverage,DAILY_VT_OWN_HISTORY_RANK,18,ALL,ALL,4526,4503,0.9949182501104729
period_coverage,DAILY_VT_OWN_HISTORY_RANK,19,ALL,ALL,4550,4523,0.994065934065934
period_coverage,DAILY_VT_OWN_HISTORY_RANK,20,ALL,ALL,4572,4546,0.9943132108486439
period_coverage,DAILY_VT_OWN_HISTORY_RANK,21,ALL,ALL,4626,4580,0.9900562040639862
period_coverage,DAILY_VT_OWN_HISTORY_RANK,22,ALL,ALL,4653,4616,0.9920481409843112
period_coverage,DAILY_VT_OWN_HISTORY_RANK,23,ALL,ALL,4696,4656,0.9914821124361158
period_coverage,DAILY_VT_OWN_HISTORY_RANK,24,ALL,ALL,4716,4692,0.9949109414758269
period_coverage,DAILY_VT_OWN_HISTORY_RANK,25,ALL,ALL,4731,4712,0.9959839357429718
period_coverage,DAILY_VT_OWN_HISTORY_RANK,26,ALL,ALL,4706,4685,0.995537611559711
period_coverage,DAILY_VT_OWN_HISTORY_RANK,27,ALL,ALL,4758,4688,0.9852879361076082
period_coverage,DAILY_VT_OWN_HISTORY_RANK,28,ALL,ALL,4800,4763,0.9922916666666667
period_coverage,DAILY_VT_OWN_HISTORY_RANK,29,ALL,ALL,4830,4797,0.993167701863354
period_coverage,DAILY_VT_OWN_HISTORY_RANK,30,ALL,ALL,4849,4833,0.9967003505877501
period_coverage,DAILY_VT_OWN_HISTORY_RANK,31,ALL,ALL,4890,4879,0.9977505112474437
period_coverage,DAILY_VT_OWN_HISTORY_RANK,32,ALL,ALL,4910,4894,0.9967413441955193
period_coverage,DAILY_VT_OWN_HISTORY_RANK,33,ALL,ALL,4935,4911,0.9951367781155015
period_coverage,DAILY_VT_OWN_HISTORY_RANK,34,ALL,ALL,4933,4912,0.9957429556051085
period_coverage,DAILY_VT_OWN_HISTORY_RANK,35,ALL,ALL,4959,4931,0.994353700342811
period_coverage,DAILY_VT_OWN_HISTORY_RANK,36,ALL,ALL,4969,4957,0.9975850271684443
period_coverage,DAILY_VT_OWN_HISTORY_RANK,37,ALL,ALL,4978,4968,0.9979911611088791
period_coverage,DAILY_VT_OWN_HISTORY_RANK,38,ALL,ALL,4937,4925,0.9975693741138343
period_coverage,DAILY_VT_OWN_HISTORY_RANK,39,ALL,ALL,4980,4914,0.9867469879518073
period_coverage,DAILY_VT_OWN_HISTORY_RANK,40,ALL,ALL,4990,4952,0.9923847695390782
period_coverage,DAILY_VT_OWN_HISTORY_RANK,41,ALL,ALL,5002,4964,0.9924030387844862
period_coverage,DAILY_VT_OWN_HISTORY_RANK,42,ALL,ALL,5003,4982,0.9958025184889067
period_coverage,DAILY_VT_OWN_HISTORY_RANK,43,ALL,ALL,5000,4983,0.9966
period_coverage,DAILY_VT_OWN_HISTORY_RANK,44,ALL,ALL,4988,4960,0.9943865276663993
period_coverage,DAILY_VT_OWN_HISTORY_RANK,45,ALL,ALL,5003,4961,0.9916050369778133
period_coverage,DAILY_VT_OWN_HISTORY_RANK,46,ALL,ALL,5005,4961,0.9912087912087912
period_coverage,DAILY_VT_OWN_HISTORY_RANK,47,ALL,ALL,5015,4978,0.9926221335992024
period_coverage,DAILY_VT_OWN_HISTORY_RANK,48,ALL,ALL,5016,4976,0.9920255183413078
period_coverage,DAILY_VT_OWN_HISTORY_RANK,49,ALL,ALL,5019,4979,0.9920302849173142
period_coverage,DAILY_VT_OWN_HISTORY_RANK,50,ALL,ALL,4951,4895,0.9886891537063219
period_coverage,DAILY_VT_OWN_HISTORY_RANK,51,ALL,ALL,5022,4893,0.9743130227001194
period_coverage,DAILY_VT_OWN_HISTORY_RANK,52,ALL,ALL,5046,4982,0.987316686484344
period_coverage,DAILY_VT_OWN_HISTORY_RANK,53,ALL,ALL,5060,5000,0.9881422924901185
period_coverage,DAILY_VT_OWN_HISTORY_RANK,54,ALL,ALL,5073,5024,0.990341021092056
period_coverage,DAILY_VT_OWN_HISTORY_RANK,55,ALL,ALL,5070,5034,0.9928994082840237
period_coverage,DAILY_VT_OWN_HISTORY_RANK,56,ALL,ALL,5079,5039,0.9921244339436897
period_shock_state,DAILY_VT_OWN_HISTORY_RANK,1,ALL,LOW_SHOCK,68,7,0.10294117647058823
period_3x3_cell,DAILY_VT_OWN_HISTORY_RANK,1,LOW_RETURN,LOW_SHOCK,68,3,
period_3x3_cell,DAILY_VT_OWN_HISTORY_RANK,1,MID_RETURN,LOW_SHOCK,68,2,
period_3x3_cell,DAILY_VT_OWN_HISTORY_RANK,1,HIGH_RETURN,LOW_SHOCK,68,2,
period_shock_state,DAILY_VT_OWN_HISTORY_RANK,1,ALL,NORMAL,68,48,0.7058823529411765
period_3x3_cell,DAILY_VT_OWN_HISTORY_RANK,1,LOW_RETURN,NORMAL,68,19,
period_3x3_cell,DAILY_VT_OWN_HISTORY_RANK,1,MID_RETURN,NORMAL,68,15,
period_3x3_cell,DAILY_VT_OWN_HISTORY_RANK,1,HIGH_RETURN,NORMAL,68,14,
period_shock_state,DAILY_VT_OWN_HISTORY_RANK,1,ALL,HIGH_SHOCK,68,13,0.19117647058823528
period_3x3_cell,DAILY_VT_OWN_HISTORY_RANK,1,LOW_RETURN,HIGH_SHOCK,68,7,
period_3x3_cell,DAILY_VT_OWN_HISTORY_RANK,1,MID_RETURN,HIGH_SHOCK,68,2,
period_3x3_cell,DAILY_VT_OWN_HISTORY_RANK,1,HIGH_RETURN,HIGH_SHOCK,68,4,
period_shock_state,DAILY_VT_OWN_HISTORY_RANK,2,ALL,LOW_SHOCK,67,4,0.05970149253731343
period_3x3_cell,DAILY_VT_OWN_HISTORY_RANK,2,LOW_RETURN,LOW_SHOCK,67,3,
period_3x3_cell,DAILY_VT_OWN_HISTORY_RANK,2,MID_RETURN,LOW_SHOCK,67,1,
period_3x3_cell,DAILY_VT_OWN_HISTORY_RANK,2,HIGH_RETURN,LOW_SHOCK,67,0,
period_shock_state,DAILY_VT_OWN_HISTORY_RANK,2,ALL,NORMAL,67,52,0.7761194029850746
period_3x3_cell,DAILY_VT_OWN_HISTORY_RANK,2,LOW_RETURN,NORMAL,67,23,
period_3x3_cell,DAILY_VT_OWN_HISTORY_RANK,2,MID_RETURN,NORMAL,67,15,
period_3x3_cell,DAILY_VT_OWN_HISTORY_RANK,2,HIGH_RETURN,NORMAL,67,14,
period_shock_state,DAILY_VT_OWN_HISTORY_RANK,2,ALL,HIGH_SHOCK,67,11,0.16417910447761194
period_3x3_cell,DAILY_VT_OWN_HISTORY_RANK,2,LOW_RETURN,HIGH_SHOCK,67,2,
period_3x3_cell,DAILY_VT_OWN_HISTORY_RANK,2,MID_RETURN,HIGH_SHOCK,67,1,
period_3x3_cell,DAILY_VT_OWN_HISTORY_RANK,2,HIGH_RETURN,HIGH_SHOCK,67,8,
period_shock_state,DAILY_VT_OWN_HISTORY_RANK,3,ALL,LOW_SHOCK,3851,450,0.11685276551545053
period_3x3_cell,DAILY_VT_OWN_HISTORY_RANK,3,LOW_RETURN,LOW_SHOCK,3851,215,
period_3x3_cell,DAILY_VT_OWN_HISTORY_RANK,3,MID_RETURN,LOW_SHOCK,3851,147,
period_3x3_cell,DAILY_VT_OWN_HISTORY_RANK,3,HIGH_RETURN,LOW_SHOCK,3851,88,
period_shock_state,DAILY_VT_OWN_HISTORY_RANK,3,ALL,NORMAL,3851,2991,0.7766813814593612
period_3x3_cell,DAILY_VT_OWN_HISTORY_RANK,3,LOW_RETURN,NORMAL,3851,955,
period_3x3_cell,DAILY_VT_OWN_HISTORY_RANK,3,MID_RETURN,NORMAL,3851,1044,
period_3x3_cell,DAILY_VT_OWN_HISTORY_RANK,3,HIGH_RETURN,NORMAL,3851,992,
period_shock_state,DAILY_VT_OWN_HISTORY_RANK,3,ALL,HIGH_SHOCK,3851,410,0.10646585302518827
period_3x3_cell,DAILY_VT_OWN_HISTORY_RANK,3,LOW_RETURN,HIGH_SHOCK,3851,108,
period_3x3_cell,DAILY_VT_OWN_HISTORY_RANK,3,MID_RETURN,HIGH_SHOCK,3851,109,
period_3x3_cell,DAILY_VT_OWN_HISTORY_RANK,3,HIGH_RETURN,HIGH_SHOCK,3851,193,
period_shock_state,DAILY_VT_OWN_HISTORY_RANK,4,ALL,LOW_SHOCK,3968,207,0.05216733870967742
period_3x3_cell,DAILY_VT_OWN_HISTORY_RANK,4,LOW_RETURN,LOW_SHOCK,3968,103,
period_3x3_cell,DAILY_VT_OWN_HISTORY_RANK,4,MID_RETURN,LOW_SHOCK,3968,71,
period_3x3_cell,DAILY_VT_OWN_HISTORY_RANK,4,HIGH_RETURN,LOW_SHOCK,3968,33,
period_shock_state,DAILY_VT_OWN_HISTORY_RANK,4,ALL,NORMAL,3968,2931,0.7386592741935484
period_3x3_cell,DAILY_VT_OWN_HISTORY_RANK,4,LOW_RETURN,NORMAL,3968,1074,
period_3x3_cell,DAILY_VT_OWN_HISTORY_RANK,4,MID_RETURN,NORMAL,3968,983,
period_3x3_cell,DAILY_VT_OWN_HISTORY_RANK,4,HIGH_RETURN,NORMAL,3968,874,
period_shock_state,DAILY_VT_OWN_HISTORY_RANK,4,ALL,HIGH_SHOCK,3968,830,0.2091733870967742
period_3x3_cell,DAILY_VT_OWN_HISTORY_RANK,4,LOW_RETURN,HIGH_SHOCK,3968,150,
period_3x3_cell,DAILY_VT_OWN_HISTORY_RANK,4,MID_RETURN,HIGH_SHOCK,3968,274,
period_3x3_cell,DAILY_VT_OWN_HISTORY_RANK,4,HIGH_RETURN,HIGH_SHOCK,3968,406,
period_shock_state,DAILY_VT_OWN_HISTORY_RANK,5,ALL,LOW_SHOCK,4048,408,0.1007905138339921
period_3x3_cell,DAILY_VT_OWN_HISTORY_RANK,5,LOW_RETURN,LOW_SHOCK,4048,216,
period_3x3_cell,DAILY_VT_OWN_HISTORY_RANK,5,MID_RETURN,LOW_SHOCK,4048,132,
period_3x3_cell,DAILY_VT_OWN_HISTORY_RANK,5,HIGH_RETURN,LOW_SHOCK,4048,60,
period_shock_state,DAILY_VT_OWN_HISTORY_RANK,5,ALL,NORMAL,4048,2971,0.7339426877470355
period_3x3_cell,DAILY_VT_OWN_HISTORY_RANK,5,LOW_RETURN,NORMAL,4048,1003,
period_3x3_cell,DAILY_VT_OWN_HISTORY_RANK,5,MID_RETURN,NORMAL,4048,952,
period_3x3_cell,DAILY_VT_OWN_HISTORY_RANK,5,HIGH_RETURN,NORMAL,4048,1016,
period_shock_state,DAILY_VT_OWN_HISTORY_RANK,5,ALL,HIGH_SHOCK,4048,669,0.16526679841897232
period_3x3_cell,DAILY_VT_OWN_HISTORY_RANK,5,LOW_RETURN,HIGH_SHOCK,4048,132,
period_3x3_cell,DAILY_VT_OWN_HISTORY_RANK,5,MID_RETURN,HIGH_SHOCK,4048,272,
period_3x3_cell,DAILY_VT_OWN_HISTORY_RANK,5,HIGH_RETURN,HIGH_SHOCK,4048,265,
period_shock_state,DAILY_VT_OWN_HISTORY_RANK,6,ALL,LOW_SHOCK,4100,880,0.2146341463414634
period_3x3_cell,DAILY_VT_OWN_HISTORY_RANK,6,LOW_RETURN,LOW_SHOCK,4100,422,
period_3x3_cell,DAILY_VT_OWN_HISTORY_RANK,6,MID_RETURN,LOW_SHOCK,4100,278,
period_3x3_cell,DAILY_VT_OWN_HISTORY_RANK,6,HIGH_RETURN,LOW_SHOCK,4100,180,
period_shock_state,DAILY_VT_OWN_HISTORY_RANK,6,ALL,NORMAL,4100,2716,0.6624390243902439
period_3x3_cell,DAILY_VT_OWN_HISTORY_RANK,6,LOW_RETURN,NORMAL,4100,867,
period_3x3_cell,DAILY_VT_OWN_HISTORY_RANK,6,MID_RETURN,NORMAL,4100,918,
period_3x3_cell,DAILY_VT_OWN_HISTORY_RANK,6,HIGH_RETURN,NORMAL,4100,931,
period_shock_state,DAILY_VT_OWN_HISTORY_RANK,6,ALL,HIGH_SHOCK,4100,504,0.12292682926829268
period_3x3_cell,DAILY_VT_OWN_HISTORY_RANK,6,LOW_RETURN,HIGH_SHOCK,4100,79,
period_3x3_cell,DAILY_VT_OWN_HISTORY_RANK,6,MID_RETURN,HIGH_SHOCK,4100,177,
period_3x3_cell,DAILY_VT_OWN_HISTORY_RANK,6,HIGH_RETURN,HIGH_SHOCK,4100,248,
period_shock_state,DAILY_VT_OWN_HISTORY_RANK,7,ALL,LOW_SHOCK,4141,457,0.11035981646945182
period_3x3_cell,DAILY_VT_OWN_HISTORY_RANK,7,LOW_RETURN,LOW_SHOCK,4141,150,
period_3x3_cell,DAILY_VT_OWN_HISTORY_RANK,7,MID_RETURN,LOW_SHOCK,4141,209,
period_3x3_cell,DAILY_VT_OWN_HISTORY_RANK,7,HIGH_RETURN,LOW_SHOCK,4141,98,
period_shock_state,DAILY_VT_OWN_HISTORY_RANK,7,ALL,NORMAL,4141,3387,0.817918377203574
period_3x3_cell,DAILY_VT_OWN_HISTORY_RANK,7,LOW_RETURN,NORMAL,4141,1152,
period_3x3_cell,DAILY_VT_OWN_HISTORY_RANK,7,MID_RETURN,NORMAL,4141,1103,
period_3x3_cell,DAILY_VT_OWN_HISTORY_RANK,7,HIGH_RETURN,NORMAL,4141,1132,
period_shock_state,DAILY_VT_OWN_HISTORY_RANK,7,ALL,HIGH_SHOCK,4141,297,0.07172180632697416
period_3x3_cell,DAILY_VT_OWN_HISTORY_RANK,7,LOW_RETURN,HIGH_SHOCK,4141,82,
period_3x3_cell,DAILY_VT_OWN_HISTORY_RANK,7,MID_RETURN,HIGH_SHOCK,4141,72,
period_3x3_cell,DAILY_VT_OWN_HISTORY_RANK,7,HIGH_RETURN,HIGH_SHOCK,4141,143,
period_shock_state,DAILY_VT_OWN_HISTORY_RANK,8,ALL,LOW_SHOCK,4189,572,0.13654810217235616
period_3x3_cell,DAILY_VT_OWN_HISTORY_RANK,8,LOW_RETURN,LOW_SHOCK,4189,206,
period_3x3_cell,DAILY_VT_OWN_HISTORY_RANK,8,MID_RETURN,LOW_SHOCK,4189,218,
period_3x3_cell,DAILY_VT_OWN_HISTORY_RANK,8,HIGH_RETURN,LOW_SHOCK,4189,148,
period_shock_state,DAILY_VT_OWN_HISTORY_RANK,8,ALL,NORMAL,4189,3070,0.7328718071138697
period_3x3_cell,DAILY_VT_OWN_HISTORY_RANK,8,LOW_RETURN,NORMAL,4189,1044,
period_3x3_cell,DAILY_VT_OWN_HISTORY_RANK,8,MID_RETURN,NORMAL,4189,1016,
period_3x3_cell,DAILY_VT_OWN_HISTORY_RANK,8,HIGH_RETURN,NORMAL,4189,1010,
period_shock_state,DAILY_VT_OWN_HISTORY_RANK,8,ALL,HIGH_SHOCK,4189,547,0.13058009071377416
period_3x3_cell,DAILY_VT_OWN_HISTORY_RANK,8,LOW_RETURN,HIGH_SHOCK,4189,147,
period_3x3_cell,DAILY_VT_OWN_HISTORY_RANK,8,MID_RETURN,HIGH_SHOCK,4189,169,
period_3x3_cell,DAILY_VT_OWN_HISTORY_RANK,8,HIGH_RETURN,HIGH_SHOCK,4189,231,
period_shock_state,DAILY_VT_OWN_HISTORY_RANK,9,ALL,LOW_SHOCK,4220,585,0.1386255924170616
period_3x3_cell,DAILY_VT_OWN_HISTORY_RANK,9,LOW_RETURN,LOW_SHOCK,4220,273,
period_3x3_cell,DAILY_VT_OWN_HISTORY_RANK,9,MID_RETURN,LOW_SHOCK,4220,161,
period_3x3_cell,DAILY_VT_OWN_HISTORY_RANK,9,HIGH_RETURN,LOW_SHOCK,4220,151,
period_shock_state,DAILY_VT_OWN_HISTORY_RANK,9,ALL,NORMAL,4220,3094,0.7331753554502369
period_3x3_cell,DAILY_VT_OWN_HISTORY_RANK,9,LOW_RETURN,NORMAL,4220,998,
period_3x3_cell,DAILY_VT_OWN_HISTORY_RANK,9,MID_RETURN,NORMAL,4220,1038,
period_3x3_cell,DAILY_VT_OWN_HISTORY_RANK,9,HIGH_RETURN,NORMAL,4220,1058,
period_shock_state,DAILY_VT_OWN_HISTORY_RANK,9,ALL,HIGH_SHOCK,4220,541,0.1281990521327014
period_3x3_cell,DAILY_VT_OWN_HISTORY_RANK,9,LOW_RETURN,HIGH_SHOCK,4220,137,
period_3x3_cell,DAILY_VT_OWN_HISTORY_RANK,9,MID_RETURN,HIGH_SHOCK,4220,212,
period_3x3_cell,DAILY_VT_OWN_HISTORY_RANK,9,HIGH_RETURN,HIGH_SHOCK,4220,192,
period_shock_state,DAILY_VT_OWN_HISTORY_RANK,10,ALL,LOW_SHOCK,4254,919,0.2160319699106723
period_3x3_cell,DAILY_VT_OWN_HISTORY_RANK,10,LOW_RETURN,LOW_SHOCK,4254,442,
period_3x3_cell,DAILY_VT_OWN_HISTORY_RANK,10,MID_RETURN,LOW_SHOCK,4254,309,
period_3x3_cell,DAILY_VT_OWN_HISTORY_RANK,10,HIGH_RETURN,LOW_SHOCK,4254,168,
period_shock_state,DAILY_VT_OWN_HISTORY_RANK,10,ALL,NORMAL,4254,2966,0.6972261401034321
period_3x3_cell,DAILY_VT_OWN_HISTORY_RANK,10,LOW_RETURN,NORMAL,4254,909,
period_3x3_cell,DAILY_VT_OWN_HISTORY_RANK,10,MID_RETURN,NORMAL,4254,1031,
period_3x3_cell,DAILY_VT_OWN_HISTORY_RANK,10,HIGH_RETURN,NORMAL,4254,1026,
period_shock_state,DAILY_VT_OWN_HISTORY_RANK,10,ALL,HIGH_SHOCK,4254,369,0.08674188998589563
period_3x3_cell,DAILY_VT_OWN_HISTORY_RANK,10,LOW_RETURN,HIGH_SHOCK,4254,73,
period_3x3_cell,DAILY_VT_OWN_HISTORY_RANK,10,MID_RETURN,HIGH_SHOCK,4254,77,
period_3x3_cell,DAILY_VT_OWN_HISTORY_RANK,10,HIGH_RETURN,HIGH_SHOCK,4254,219,
period_shock_state,DAILY_VT_OWN_HISTORY_RANK,11,ALL,LOW_SHOCK,4283,350,0.0817184216670558
period_3x3_cell,DAILY_VT_OWN_HISTORY_RANK,11,LOW_RETURN,LOW_SHOCK,4283,117,
period_3x3_cell,DAILY_VT_OWN_HISTORY_RANK,11,MID_RETURN,LOW_SHOCK,4283,145,
period_3x3_cell,DAILY_VT_OWN_HISTORY_RANK,11,HIGH_RETURN,LOW_SHOCK,4283,88,
period_shock_state,DAILY_VT_OWN_HISTORY_RANK,11,ALL,NORMAL,4283,3541,0.8267569460658417
period_3x3_cell,DAILY_VT_OWN_HISTORY_RANK,11,LOW_RETURN,NORMAL,4283,1182,
period_3x3_cell,DAILY_VT_OWN_HISTORY_RANK,11,MID_RETURN,NORMAL,4283,1204,
period_3x3_cell,DAILY_VT_OWN_HISTORY_RANK,11,HIGH_RETURN,NORMAL,4283,1155,
period_shock_state,DAILY_VT_OWN_HISTORY_RANK,11,ALL,HIGH_SHOCK,4283,392,0.0915246322671025
period_3x3_cell,DAILY_VT_OWN_HISTORY_RANK,11,LOW_RETURN,HIGH_SHOCK,4283,130,
period_3x3_cell,DAILY_VT_OWN_HISTORY_RANK,11,MID_RETURN,HIGH_SHOCK,4283,80,
period_3x3_cell,DAILY_VT_OWN_HISTORY_RANK,11,HIGH_RETURN,HIGH_SHOCK,4283,182,
period_shock_state,DAILY_VT_OWN_HISTORY_RANK,12,ALL,LOW_SHOCK,4342,999,0.23007830492860434
period_3x3_cell,DAILY_VT_OWN_HISTORY_RANK,12,LOW_RETURN,LOW_SHOCK,4342,381,
period_3x3_cell,DAILY_VT_OWN_HISTORY_RANK,12,MID_RETURN,LOW_SHOCK,4342,419,
period_3x3_cell,DAILY_VT_OWN_HISTORY_RANK,12,HIGH_RETURN,LOW_SHOCK,4342,199,
period_shock_state,DAILY_VT_OWN_HISTORY_RANK,12,ALL,NORMAL,4342,2927,0.6741133118378627
period_3x3_cell,DAILY_VT_OWN_HISTORY_RANK,12,LOW_RETURN,NORMAL,4342,984,
period_3x3_cell,DAILY_VT_OWN_HISTORY_RANK,12,MID_RETURN,NORMAL,4342,935,
period_3x3_cell,DAILY_VT_OWN_HISTORY_RANK,12,HIGH_RETURN,NORMAL,4342,1008,
period_shock_state,DAILY_VT_OWN_HISTORY_RANK,12,ALL,HIGH_SHOCK,4342,416,0.09580838323353294
period_3x3_cell,DAILY_VT_OWN_HISTORY_RANK,12,LOW_RETURN,HIGH_SHOCK,4342,86,
period_3x3_cell,DAILY_VT_OWN_HISTORY_RANK,12,MID_RETURN,HIGH_SHOCK,4342,95,
period_3x3_cell,DAILY_VT_OWN_HISTORY_RANK,12,HIGH_RETURN,HIGH_SHOCK,4342,235,
period_shock_state,DAILY_VT_OWN_HISTORY_RANK,13,ALL,LOW_SHOCK,4353,105,0.024121295658166782
period_3x3_cell,DAILY_VT_OWN_HISTORY_RANK,13,LOW_RETURN,LOW_SHOCK,4353,43,
period_3x3_cell,DAILY_VT_OWN_HISTORY_RANK,13,MID_RETURN,LOW_SHOCK,4353,24,
period_3x3_cell,DAILY_VT_OWN_HISTORY_RANK,13,HIGH_RETURN,LOW_SHOCK,4353,38,
period_shock_state,DAILY_VT_OWN_HISTORY_RANK,13,ALL,NORMAL,4353,3603,0.8277050310130944
period_3x3_cell,DAILY_VT_OWN_HISTORY_RANK,13,LOW_RETURN,NORMAL,4353,1167,
period_3x3_cell,DAILY_VT_OWN_HISTORY_RANK,13,MID_RETURN,NORMAL,4353,1243,
period_3x3_cell,DAILY_VT_OWN_HISTORY_RANK,13,HIGH_RETURN,NORMAL,4353,1193,
period_shock_state,DAILY_VT_OWN_HISTORY_RANK,13,ALL,HIGH_SHOCK,4353,645,0.1481736733287388
period_3x3_cell,DAILY_VT_OWN_HISTORY_RANK,13,LOW_RETURN,HIGH_SHOCK,4353,243,
period_3x3_cell,DAILY_VT_OWN_HISTORY_RANK,13,MID_RETURN,HIGH_SHOCK,4353,188,
period_3x3_cell,DAILY_VT_OWN_HISTORY_RANK,13,HIGH_RETURN,HIGH_SHOCK,4353,214,
period_shock_state,DAILY_VT_OWN_HISTORY_RANK,14,ALL,LOW_SHOCK,4324,738,0.17067530064754857
period_3x3_cell,DAILY_VT_OWN_HISTORY_RANK,14,LOW_RETURN,LOW_SHOCK,4324,262,
period_3x3_cell,DAILY_VT_OWN_HISTORY_RANK,14,MID_RETURN,LOW_SHOCK,4324,263,
period_3x3_cell,DAILY_VT_OWN_HISTORY_RANK,14,HIGH_RETURN,LOW_SHOCK,4324,213,
period_shock_state,DAILY_VT_OWN_HISTORY_RANK,14,ALL,NORMAL,4324,3206,0.7414431082331174
period_3x3_cell,DAILY_VT_OWN_HISTORY_RANK,14,LOW_RETURN,NORMAL,4324,1093,
period_3x3_cell,DAILY_VT_OWN_HISTORY_RANK,14,MID_RETURN,NORMAL,4324,1060,
period_3x3_cell,DAILY_VT_OWN_HISTORY_RANK,14,HIGH_RETURN,NORMAL,4324,1053,
period_shock_state,DAILY_VT_OWN_HISTORY_RANK,14,ALL,HIGH_SHOCK,4324,380,0.08788159111933395
period_3x3_cell,DAILY_VT_OWN_HISTORY_RANK,14,LOW_RETURN,HIGH_SHOCK,4324,87,
period_3x3_cell,DAILY_VT_OWN_HISTORY_RANK,14,MID_RETURN,HIGH_SHOCK,4324,125,
period_3x3_cell,DAILY_VT_OWN_HISTORY_RANK,14,HIGH_RETURN,HIGH_SHOCK,4324,168,
period_shock_state,DAILY_VT_OWN_HISTORY_RANK,15,ALL,LOW_SHOCK,4346,289,0.0664979291302347
period_3x3_cell,DAILY_VT_OWN_HISTORY_RANK,15,LOW_RETURN,LOW_SHOCK,4346,145,
period_3x3_cell,DAILY_VT_OWN_HISTORY_RANK,15,MID_RETURN,LOW_SHOCK,4346,87,
period_3x3_cell,DAILY_VT_OWN_HISTORY_RANK,15,HIGH_RETURN,LOW_SHOCK,4346,57,
period_shock_state,DAILY_VT_OWN_HISTORY_RANK,15,ALL,NORMAL,4346,3273,0.7531063046479521
period_3x3_cell,DAILY_VT_OWN_HISTORY_RANK,15,LOW_RETURN,NORMAL,4346,1145,
period_3x3_cell,DAILY_VT_OWN_HISTORY_RANK,15,MID_RETURN,NORMAL,4346,1116,
period_3x3_cell,DAILY_VT_OWN_HISTORY_RANK,15,HIGH_RETURN,NORMAL,4346,1012,
period_shock_state,DAILY_VT_OWN_HISTORY_RANK,15,ALL,HIGH_SHOCK,4346,784,0.18039576622181316
period_3x3_cell,DAILY_VT_OWN_HISTORY_RANK,15,LOW_RETURN,HIGH_SHOCK,4346,154,
period_3x3_cell,DAILY_VT_OWN_HISTORY_RANK,15,MID_RETURN,HIGH_SHOCK,4346,251,
period_3x3_cell,DAILY_VT_OWN_HISTORY_RANK,15,HIGH_RETURN,HIGH_SHOCK,4346,379,
period_shock_state,DAILY_VT_OWN_HISTORY_RANK,16,ALL,LOW_SHOCK,4417,1247,0.28231831559882276
period_3x3_cell,DAILY_VT_OWN_HISTORY_RANK,16,LOW_RETURN,LOW_SHOCK,4417,685,
period_3x3_cell,DAILY_VT_OWN_HISTORY_RANK,16,MID_RETURN,LOW_SHOCK,4417,393,
period_3x3_cell,DAILY_VT_OWN_HISTORY_RANK,16,HIGH_RETURN,LOW_SHOCK,4417,169,
period_shock_state,DAILY_VT_OWN_HISTORY_RANK,16,ALL,NORMAL,4417,2821,0.6386687797147385
period_3x3_cell,DAILY_VT_OWN_HISTORY_RANK,16,LOW_RETURN,NORMAL,4417,735,
period_3x3_cell,DAILY_VT_OWN_HISTORY_RANK,16,MID_RETURN,NORMAL,4417,983,
period_3x3_cell,DAILY_VT_OWN_HISTORY_RANK,16,HIGH_RETURN,NORMAL,4417,1103,
period_shock_state,DAILY_VT_OWN_HISTORY_RANK,16,ALL,HIGH_SHOCK,4417,349,0.07901290468643876
period_3x3_cell,DAILY_VT_OWN_HISTORY_RANK,16,LOW_RETURN,HIGH_SHOCK,4417,55,
period_3x3_cell,DAILY_VT_OWN_HISTORY_RANK,16,MID_RETURN,HIGH_SHOCK,4417,103,
period_3x3_cell,DAILY_VT_OWN_HISTORY_RANK,16,HIGH_RETURN,HIGH_SHOCK,4417,191,
period_shock_state,DAILY_VT_OWN_HISTORY_RANK,17,ALL,LOW_SHOCK,4465,705,0.15789473684210525
period_3x3_cell,DAILY_VT_OWN_HISTORY_RANK,17,LOW_RETURN,LOW_SHOCK,4465,371,
period_3x3_cell,DAILY_VT_OWN_HISTORY_RANK,17,MID_RETURN,LOW_SHOCK,4465,206,
period_3x3_cell,DAILY_VT_OWN_HISTORY_RANK,17,HIGH_RETURN,LOW_SHOCK,4465,128,
period_shock_state,DAILY_VT_OWN_HISTORY_RANK,17,ALL,NORMAL,4465,3317,0.742889137737962
period_3x3_cell,DAILY_VT_OWN_HISTORY_RANK,17,LOW_RETURN,NORMAL,4465,1051,
period_3x3_cell,DAILY_VT_OWN_HISTORY_RANK,17,MID_RETURN,NORMAL,4465,1129,
period_3x3_cell,DAILY_VT_OWN_HISTORY_RANK,17,HIGH_RETURN,NORMAL,4465,1137,
period_shock_state,DAILY_VT_OWN_HISTORY_RANK,17,ALL,HIGH_SHOCK,4465,443,0.09921612541993281
period_3x3_cell,DAILY_VT_OWN_HISTORY_RANK,17,LOW_RETURN,HIGH_SHOCK,4465,66,
period_3x3_cell,DAILY_VT_OWN_HISTORY_RANK,17,MID_RETURN,HIGH_SHOCK,4465,157,
period_3x3_cell,DAILY_VT_OWN_HISTORY_RANK,17,HIGH_RETURN,HIGH_SHOCK,4465,220,
period_shock_state,DAILY_VT_OWN_HISTORY_RANK,18,ALL,LOW_SHOCK,4503,1645,0.36531201421274706
period_3x3_cell,DAILY_VT_OWN_HISTORY_RANK,18,LOW_RETURN,LOW_SHOCK,4503,714,
period_3x3_cell,DAILY_VT_OWN_HISTORY_RANK,18,MID_RETURN,LOW_SHOCK,4503,621,
period_3x3_cell,DAILY_VT_OWN_HISTORY_RANK,18,HIGH_RETURN,LOW_SHOCK,4503,310,
period_shock_state,DAILY_VT_OWN_HISTORY_RANK,18,ALL,NORMAL,4503,2689,0.5971574505884966
period_3x3_cell,DAILY_VT_OWN_HISTORY_RANK,18,LOW_RETURN,NORMAL,4503,771,
period_3x3_cell,DAILY_VT_OWN_HISTORY_RANK,18,MID_RETURN,NORMAL,4503,841,
period_3x3_cell,DAILY_VT_OWN_HISTORY_RANK,18,HIGH_RETURN,NORMAL,4503,1077,
period_shock_state,DAILY_VT_OWN_HISTORY_RANK,18,ALL,HIGH_SHOCK,4503,169,0.03753053519875638
period_3x3_cell,DAILY_VT_OWN_HISTORY_RANK,18,LOW_RETURN,HIGH_SHOCK,4503,20,
period_3x3_cell,DAILY_VT_OWN_HISTORY_RANK,18,MID_RETURN,HIGH_SHOCK,4503,40,
period_3x3_cell,DAILY_VT_OWN_HISTORY_RANK,18,HIGH_RETURN,HIGH_SHOCK,4503,109,
period_shock_state,DAILY_VT_OWN_HISTORY_RANK,19,ALL,LOW_SHOCK,4523,320,0.07074950254256025
period_3x3_cell,DAILY_VT_OWN_HISTORY_RANK,19,LOW_RETURN,LOW_SHOCK,4523,130,
period_3x3_cell,DAILY_VT_OWN_HISTORY_RANK,19,MID_RETURN,LOW_SHOCK,4523,126,
period_3x3_cell,DAILY_VT_OWN_HISTORY_RANK,19,HIGH_RETURN,LOW_SHOCK,4523,64,
period_shock_state,DAILY_VT_OWN_HISTORY_RANK,19,ALL,NORMAL,4523,3760,0.8313066548750829
period_3x3_cell,DAILY_VT_OWN_HISTORY_RANK,19,LOW_RETURN,NORMAL,4523,1270,
period_3x3_cell,DAILY_VT_OWN_HISTORY_RANK,19,MID_RETURN,NORMAL,4523,1286,
period_3x3_cell,DAILY_VT_OWN_HISTORY_RANK,19,HIGH_RETURN,NORMAL,4523,1204,
period_shock_state,DAILY_VT_OWN_HISTORY_RANK,19,ALL,HIGH_SHOCK,4523,443,0.09794384258235685
period_3x3_cell,DAILY_VT_OWN_HISTORY_RANK,19,LOW_RETURN,HIGH_SHOCK,4523,110,
period_3x3_cell,DAILY_VT_OWN_HISTORY_RANK,19,MID_RETURN,HIGH_SHOCK,4523,97,
period_3x3_cell,DAILY_VT_OWN_HISTORY_RANK,19,HIGH_RETURN,HIGH_SHOCK,4523,236,
period_shock_state,DAILY_VT_OWN_HISTORY_RANK,20,ALL,LOW_SHOCK,4546,420,0.09238891333040035
period_3x3_cell,DAILY_VT_OWN_HISTORY_RANK,20,LOW_RETURN,LOW_SHOCK,4546,186,
period_3x3_cell,DAILY_VT_OWN_HISTORY_RANK,20,MID_RETURN,LOW_SHOCK,4546,123,
period_3x3_cell,DAILY_VT_OWN_HISTORY_RANK,20,HIGH_RETURN,LOW_SHOCK,4546,111,
period_shock_state,DAILY_VT_OWN_HISTORY_RANK,20,ALL,NORMAL,4546,3491,0.767927848658161
period_3x3_cell,DAILY_VT_OWN_HISTORY_RANK,20,LOW_RETURN,NORMAL,4546,1200,
period_3x3_cell,DAILY_VT_OWN_HISTORY_RANK,20,MID_RETURN,NORMAL,4546,1191,
period_3x3_cell,DAILY_VT_OWN_HISTORY_RANK,20,HIGH_RETURN,NORMAL,4546,1100,
period_shock_state,DAILY_VT_OWN_HISTORY_RANK,20,ALL,HIGH_SHOCK,4546,635,0.13968323801143862
period_3x3_cell,DAILY_VT_OWN_HISTORY_RANK,20,LOW_RETURN,HIGH_SHOCK,4546,132,
period_3x3_cell,DAILY_VT_OWN_HISTORY_RANK,20,MID_RETURN,HIGH_SHOCK,4546,207,
period_3x3_cell,DAILY_VT_OWN_HISTORY_RANK,20,HIGH_RETURN,HIGH_SHOCK,4546,296,
period_shock_state,DAILY_VT_OWN_HISTORY_RANK,21,ALL,LOW_SHOCK,4580,1956,0.42707423580786025
period_3x3_cell,DAILY_VT_OWN_HISTORY_RANK,21,LOW_RETURN,LOW_SHOCK,4580,904,
period_3x3_cell,DAILY_VT_OWN_HISTORY_RANK,21,MID_RETURN,LOW_SHOCK,4580,666,
period_3x3_cell,DAILY_VT_OWN_HISTORY_RANK,21,HIGH_RETURN,LOW_SHOCK,4580,386,
period_shock_state,DAILY_VT_OWN_HISTORY_RANK,21,ALL,NORMAL,4580,2478,0.5410480349344978
period_3x3_cell,DAILY_VT_OWN_HISTORY_RANK,21,LOW_RETURN,NORMAL,4580,608,
period_3x3_cell,DAILY_VT_OWN_HISTORY_RANK,21,MID_RETURN,NORMAL,4580,829,
period_3x3_cell,DAILY_VT_OWN_HISTORY_RANK,21,HIGH_RETURN,NORMAL,4580,1041,
period_shock_state,DAILY_VT_OWN_HISTORY_RANK,21,ALL,HIGH_SHOCK,4580,146,0.03187772925764192
period_3x3_cell,DAILY_VT_OWN_HISTORY_RANK,21,LOW_RETURN,HIGH_SHOCK,4580,17,
period_3x3_cell,DAILY_VT_OWN_HISTORY_RANK,21,MID_RETURN,HIGH_SHOCK,4580,38,
period_3x3_cell,DAILY_VT_OWN_HISTORY_RANK,21,HIGH_RETURN,HIGH_SHOCK,4580,91,
period_shock_state,DAILY_VT_OWN_HISTORY_RANK,22,ALL,LOW_SHOCK,4616,1257,0.27231369150779894
period_3x3_cell,DAILY_VT_OWN_HISTORY_RANK,22,LOW_RETURN,LOW_SHOCK,4616,460,
period_3x3_cell,DAILY_VT_OWN_HISTORY_RANK,22,MID_RETURN,LOW_SHOCK,4616,466,
period_3x3_cell,DAILY_VT_OWN_HISTORY_RANK,22,HIGH_RETURN,LOW_SHOCK,4616,331,
period_shock_state,DAILY_VT_OWN_HISTORY_RANK,22,ALL,NORMAL,4616,3082,0.6676776429809359
period_3x3_cell,DAILY_VT_OWN_HISTORY_RANK,22,LOW_RETURN,NORMAL,4616,1007,
period_3x3_cell,DAILY_VT_OWN_HISTORY_RANK,22,MID_RETURN,NORMAL,4616,998,
period_3x3_cell,DAILY_VT_OWN_HISTORY_RANK,22,HIGH_RETURN,NORMAL,4616,1077,
period_shock_state,DAILY_VT_OWN_HISTORY_RANK,22,ALL,HIGH_SHOCK,4616,277,0.060008665511265165
period_3x3_cell,DAILY_VT_OWN_HISTORY_RANK,22,LOW_RETURN,HIGH_SHOCK,4616,70,
period_3x3_cell,DAILY_VT_OWN_HISTORY_RANK,22,MID_RETURN,HIGH_SHOCK,4616,80,
period_3x3_cell,DAILY_VT_OWN_HISTORY_RANK,22,HIGH_RETURN,HIGH_SHOCK,4616,127,
period_shock_state,DAILY_VT_OWN_HISTORY_RANK,23,ALL,LOW_SHOCK,4656,829,0.17804982817869416
period_3x3_cell,DAILY_VT_OWN_HISTORY_RANK,23,LOW_RETURN,LOW_SHOCK,4656,391,
period_3x3_cell,DAILY_VT_OWN_HISTORY_RANK,23,MID_RETURN,LOW_SHOCK,4656,242,
period_3x3_cell,DAILY_VT_OWN_HISTORY_RANK,23,HIGH_RETURN,LOW_SHOCK,4656,196,
period_shock_state,DAILY_VT_OWN_HISTORY_RANK,23,ALL,NORMAL,4656,3401,0.7304553264604811
period_3x3_cell,DAILY_VT_OWN_HISTORY_RANK,23,LOW_RETURN,NORMAL,4656,1092,
period_3x3_cell,DAILY_VT_OWN_HISTORY_RANK,23,MID_RETURN,NORMAL,4656,1171,
period_3x3_cell,DAILY_VT_OWN_HISTORY_RANK,23,HIGH_RETURN,NORMAL,4656,1138,
period_shock_state,DAILY_VT_OWN_HISTORY_RANK,23,ALL,HIGH_SHOCK,4656,426,0.09149484536082474
period_3x3_cell,DAILY_VT_OWN_HISTORY_RANK,23,LOW_RETURN,HIGH_SHOCK,4656,72,
period_3x3_cell,DAILY_VT_OWN_HISTORY_RANK,23,MID_RETURN,HIGH_SHOCK,4656,143,
period_3x3_cell,DAILY_VT_OWN_HISTORY_RANK,23,HIGH_RETURN,HIGH_SHOCK,4656,211,
period_shock_state,DAILY_VT_OWN_HISTORY_RANK,24,ALL,LOW_SHOCK,4692,619,0.13192668371696506
period_3x3_cell,DAILY_VT_OWN_HISTORY_RANK,24,LOW_RETURN,LOW_SHOCK,4692,361,
period_3x3_cell,DAILY_VT_OWN_HISTORY_RANK,24,MID_RETURN,LOW_SHOCK,4692,181,
period_3x3_cell,DAILY_VT_OWN_HISTORY_RANK,24,HIGH_RETURN,LOW_SHOCK,4692,77,
period_shock_state,DAILY_VT_OWN_HISTORY_RANK,24,ALL,NORMAL,4692,3550,0.7566069906223359
period_3x3_cell,DAILY_VT_OWN_HISTORY_RANK,24,LOW_RETURN,NORMAL,4692,1133,
period_3x3_cell,DAILY_VT_OWN_HISTORY_RANK,24,MID_RETURN,NORMAL,4692,1236,
period_3x3_cell,DAILY_VT_OWN_HISTORY_RANK,24,HIGH_RETURN,NORMAL,4692,1181,
period_shock_state,DAILY_VT_OWN_HISTORY_RANK,24,ALL,HIGH_SHOCK,4692,523,0.11146632566069906
period_3x3_cell,DAILY_VT_OWN_HISTORY_RANK,24,LOW_RETURN,HIGH_SHOCK,4692,71,
period_3x3_cell,DAILY_VT_OWN_HISTORY_RANK,24,MID_RETURN,HIGH_SHOCK,4692,147,
period_3x3_cell,DAILY_VT_OWN_HISTORY_RANK,24,HIGH_RETURN,HIGH_SHOCK,4692,305,
period_shock_state,DAILY_VT_OWN_HISTORY_RANK,25,ALL,LOW_SHOCK,4712,447,0.0948641765704584
period_3x3_cell,DAILY_VT_OWN_HISTORY_RANK,25,LOW_RETURN,LOW_SHOCK,4712,149,
period_3x3_cell,DAILY_VT_OWN_HISTORY_RANK,25,MID_RETURN,LOW_SHOCK,4712,187,
period_3x3_cell,DAILY_VT_OWN_HISTORY_RANK,25,HIGH_RETURN,LOW_SHOCK,4712,111,
period_shock_state,DAILY_VT_OWN_HISTORY_RANK,25,ALL,NORMAL,4712,3765,0.7990237691001698
period_3x3_cell,DAILY_VT_OWN_HISTORY_RANK,25,LOW_RETURN,NORMAL,4712,1289,
period_3x3_cell,DAILY_VT_OWN_HISTORY_RANK,25,MID_RETURN,NORMAL,4712,1269,
period_3x3_cell,DAILY_VT_OWN_HISTORY_RANK,25,HIGH_RETURN,NORMAL,4712,1207,
period_shock_state,DAILY_VT_OWN_HISTORY_RANK,25,ALL,HIGH_SHOCK,4712,500,0.10611205432937182
period_3x3_cell,DAILY_VT_OWN_HISTORY_RANK,25,LOW_RETURN,HIGH_SHOCK,4712,136,
period_3x3_cell,DAILY_VT_OWN_HISTORY_RANK,25,MID_RETURN,HIGH_SHOCK,4712,115,
period_3x3_cell,DAILY_VT_OWN_HISTORY_RANK,25,HIGH_RETURN,HIGH_SHOCK,4712,249,
period_shock_state,DAILY_VT_OWN_HISTORY_RANK,26,ALL,LOW_SHOCK,4685,1201,0.25635005336179295
period_3x3_cell,DAILY_VT_OWN_HISTORY_RANK,26,LOW_RETURN,LOW_SHOCK,4685,485,
period_3x3_cell,DAILY_VT_OWN_HISTORY_RANK,26,MID_RETURN,LOW_SHOCK,4685,451,
period_3x3_cell,DAILY_VT_OWN_HISTORY_RANK,26,HIGH_RETURN,LOW_SHOCK,4685,265,
period_shock_state,DAILY_VT_OWN_HISTORY_RANK,26,ALL,NORMAL,4685,3124,0.6668089647812167
period_3x3_cell,DAILY_VT_OWN_HISTORY_RANK,26,LOW_RETURN,NORMAL,4685,990,
period_3x3_cell,DAILY_VT_OWN_HISTORY_RANK,26,MID_RETURN,NORMAL,4685,988,
period_3x3_cell,DAILY_VT_OWN_HISTORY_RANK,26,HIGH_RETURN,NORMAL,4685,1146,
period_shock_state,DAILY_VT_OWN_HISTORY_RANK,26,ALL,HIGH_SHOCK,4685,360,0.0768409818569904
period_3x3_cell,DAILY_VT_OWN_HISTORY_RANK,26,LOW_RETURN,HIGH_SHOCK,4685,90,
period_3x3_cell,DAILY_VT_OWN_HISTORY_RANK,26,MID_RETURN,HIGH_SHOCK,4685,124,
period_3x3_cell,DAILY_VT_OWN_HISTORY_RANK,26,HIGH_RETURN,HIGH_SHOCK,4685,146,
period_shock_state,DAILY_VT_OWN_HISTORY_RANK,27,ALL,LOW_SHOCK,4688,496,0.10580204778156997
period_3x3_cell,DAILY_VT_OWN_HISTORY_RANK,27,LOW_RETURN,LOW_SHOCK,4688,176,
period_3x3_cell,DAILY_VT_OWN_HISTORY_RANK,27,MID_RETURN,LOW_SHOCK,4688,196,
period_3x3_cell,DAILY_VT_OWN_HISTORY_RANK,27,HIGH_RETURN,LOW_SHOCK,4688,124,
period_shock_state,DAILY_VT_OWN_HISTORY_RANK,27,ALL,NORMAL,4688,3713,0.7920221843003413
period_3x3_cell,DAILY_VT_OWN_HISTORY_RANK,27,LOW_RETURN,NORMAL,4688,1268,
period_3x3_cell,DAILY_VT_OWN_HISTORY_RANK,27,MID_RETURN,NORMAL,4688,1231,
period_3x3_cell,DAILY_VT_OWN_HISTORY_RANK,27,HIGH_RETURN,NORMAL,4688,1214,
period_shock_state,DAILY_VT_OWN_HISTORY_RANK,27,ALL,HIGH_SHOCK,4688,479,0.10217576791808873
period_3x3_cell,DAILY_VT_OWN_HISTORY_RANK,27,LOW_RETURN,HIGH_SHOCK,4688,110,
period_3x3_cell,DAILY_VT_OWN_HISTORY_RANK,27,MID_RETURN,HIGH_SHOCK,4688,141,
period_3x3_cell,DAILY_VT_OWN_HISTORY_RANK,27,HIGH_RETURN,HIGH_SHOCK,4688,228,
period_shock_state,DAILY_VT_OWN_HISTORY_RANK,28,ALL,LOW_SHOCK,4763,652,0.13688851564140248
period_3x3_cell,DAILY_VT_OWN_HISTORY_RANK,28,LOW_RETURN,LOW_SHOCK,4763,309,
period_3x3_cell,DAILY_VT_OWN_HISTORY_RANK,28,MID_RETURN,LOW_SHOCK,4763,186,
period_3x3_cell,DAILY_VT_OWN_HISTORY_RANK,28,HIGH_RETURN,LOW_SHOCK,4763,157,
period_shock_state,DAILY_VT_OWN_HISTORY_RANK,28,ALL,NORMAL,4763,3647,0.7656938904052069
period_3x3_cell,DAILY_VT_OWN_HISTORY_RANK,28,LOW_RETURN,NORMAL,4763,1147,
period_3x3_cell,DAILY_VT_OWN_HISTORY_RANK,28,MID_RETURN,NORMAL,4763,1262,
period_3x3_cell,DAILY_VT_OWN_HISTORY_RANK,28,HIGH_RETURN,NORMAL,4763,1238,
period_shock_state,DAILY_VT_OWN_HISTORY_RANK,28,ALL,HIGH_SHOCK,4763,464,0.09741759395339072
period_3x3_cell,DAILY_VT_OWN_HISTORY_RANK,28,LOW_RETURN,HIGH_SHOCK,4763,131,
period_3x3_cell,DAILY_VT_OWN_HISTORY_RANK,28,MID_RETURN,HIGH_SHOCK,4763,147,
period_3x3_cell,DAILY_VT_OWN_HISTORY_RANK,28,HIGH_RETURN,HIGH_SHOCK,4763,186,
period_shock_state,DAILY_VT_OWN_HISTORY_RANK,29,ALL,LOW_SHOCK,4797,601,0.12528663748175944
period_3x3_cell,DAILY_VT_OWN_HISTORY_RANK,29,LOW_RETURN,LOW_SHOCK,4797,251,
period_3x3_cell,DAILY_VT_OWN_HISTORY_RANK,29,MID_RETURN,LOW_SHOCK,4797,218,
period_3x3_cell,DAILY_VT_OWN_HISTORY_RANK,29,HIGH_RETURN,LOW_SHOCK,4797,132,
period_shock_state,DAILY_VT_OWN_HISTORY_RANK,29,ALL,NORMAL,4797,3857,0.8040441942880967
period_3x3_cell,DAILY_VT_OWN_HISTORY_RANK,29,LOW_RETURN,NORMAL,4797,1272,
period_3x3_cell,DAILY_VT_OWN_HISTORY_RANK,29,MID_RETURN,NORMAL,4797,1292,
period_3x3_cell,DAILY_VT_OWN_HISTORY_RANK,29,HIGH_RETURN,NORMAL,4797,1293,
period_shock_state,DAILY_VT_OWN_HISTORY_RANK,29,ALL,HIGH_SHOCK,4797,339,0.07066916823014384
period_3x3_cell,DAILY_VT_OWN_HISTORY_RANK,29,LOW_RETURN,HIGH_SHOCK,4797,77,
period_3x3_cell,DAILY_VT_OWN_HISTORY_RANK,29,MID_RETURN,HIGH_SHOCK,4797,93,
period_3x3_cell,DAILY_VT_OWN_HISTORY_RANK,29,HIGH_RETURN,HIGH_SHOCK,4797,169,
period_shock_state,DAILY_VT_OWN_HISTORY_RANK,30,ALL,LOW_SHOCK,4833,936,0.19366852886405958
period_3x3_cell,DAILY_VT_OWN_HISTORY_RANK,30,LOW_RETURN,LOW_SHOCK,4833,416,
period_3x3_cell,DAILY_VT_OWN_HISTORY_RANK,30,MID_RETURN,LOW_SHOCK,4833,338,
period_3x3_cell,DAILY_VT_OWN_HISTORY_RANK,30,HIGH_RETURN,LOW_SHOCK,4833,182,
period_shock_state,DAILY_VT_OWN_HISTORY_RANK,30,ALL,NORMAL,4833,3581,0.7409476515621767
period_3x3_cell,DAILY_VT_OWN_HISTORY_RANK,30,LOW_RETURN,NORMAL,4833,1127,
period_3x3_cell,DAILY_VT_OWN_HISTORY_RANK,30,MID_RETURN,NORMAL,4833,1202,
period_3x3_cell,DAILY_VT_OWN_HISTORY_RANK,30,HIGH_RETURN,NORMAL,4833,1252,
period_shock_state,DAILY_VT_OWN_HISTORY_RANK,30,ALL,HIGH_SHOCK,4833,316,0.06538381957376371
period_3x3_cell,DAILY_VT_OWN_HISTORY_RANK,30,LOW_RETURN,HIGH_SHOCK,4833,68,
period_3x3_cell,DAILY_VT_OWN_HISTORY_RANK,30,MID_RETURN,HIGH_SHOCK,4833,73,
period_3x3_cell,DAILY_VT_OWN_HISTORY_RANK,30,HIGH_RETURN,HIGH_SHOCK,4833,175,
period_shock_state,DAILY_VT_OWN_HISTORY_RANK,31,ALL,LOW_SHOCK,4879,722,0.14798114367698298
period_3x3_cell,DAILY_VT_OWN_HISTORY_RANK,31,LOW_RETURN,LOW_SHOCK,4879,258,
period_3x3_cell,DAILY_VT_OWN_HISTORY_RANK,31,MID_RETURN,LOW_SHOCK,4879,264,
period_3x3_cell,DAILY_VT_OWN_HISTORY_RANK,31,HIGH_RETURN,LOW_SHOCK,4879,200,
period_shock_state,DAILY_VT_OWN_HISTORY_RANK,31,ALL,NORMAL,4879,3802,0.7792580446812871
period_3x3_cell,DAILY_VT_OWN_HISTORY_RANK,31,LOW_RETURN,NORMAL,4879,1274,
period_3x3_cell,DAILY_VT_OWN_HISTORY_RANK,31,MID_RETURN,NORMAL,4879,1270,
period_3x3_cell,DAILY_VT_OWN_HISTORY_RANK,31,HIGH_RETURN,NORMAL,4879,1258,
period_shock_state,DAILY_VT_OWN_HISTORY_RANK,31,ALL,HIGH_SHOCK,4879,355,0.07276081164172986
period_3x3_cell,DAILY_VT_OWN_HISTORY_RANK,31,LOW_RETURN,HIGH_SHOCK,4879,95,
period_3x3_cell,DAILY_VT_OWN_HISTORY_RANK,31,MID_RETURN,HIGH_SHOCK,4879,92,
period_3x3_cell,DAILY_VT_OWN_HISTORY_RANK,31,HIGH_RETURN,HIGH_SHOCK,4879,168,
period_shock_state,DAILY_VT_OWN_HISTORY_RANK,32,ALL,LOW_SHOCK,4894,803,0.16407846342460156
period_3x3_cell,DAILY_VT_OWN_HISTORY_RANK,32,LOW_RETURN,LOW_SHOCK,4894,408,
period_3x3_cell,DAILY_VT_OWN_HISTORY_RANK,32,MID_RETURN,LOW_SHOCK,4894,248,
period_3x3_cell,DAILY_VT_OWN_HISTORY_RANK,32,HIGH_RETURN,LOW_SHOCK,4894,147,
period_shock_state,DAILY_VT_OWN_HISTORY_RANK,32,ALL,NORMAL,4894,3585,0.7325296281160605
period_3x3_cell,DAILY_VT_OWN_HISTORY_RANK,32,LOW_RETURN,NORMAL,4894,1134,
period_3x3_cell,DAILY_VT_OWN_HISTORY_RANK,32,MID_RETURN,NORMAL,4894,1233,
period_3x3_cell,DAILY_VT_OWN_HISTORY_RANK,32,HIGH_RETURN,NORMAL,4894,1218,
period_shock_state,DAILY_VT_OWN_HISTORY_RANK,32,ALL,HIGH_SHOCK,4894,506,0.10339190845933796
period_3x3_cell,DAILY_VT_OWN_HISTORY_RANK,32,LOW_RETURN,HIGH_SHOCK,4894,94,
period_3x3_cell,DAILY_VT_OWN_HISTORY_RANK,32,MID_RETURN,HIGH_SHOCK,4894,152,
period_3x3_cell,DAILY_VT_OWN_HISTORY_RANK,32,HIGH_RETURN,HIGH_SHOCK,4894,260,
period_shock_state,DAILY_VT_OWN_HISTORY_RANK,33,ALL,LOW_SHOCK,4911,1248,0.25412339645693344
period_3x3_cell,DAILY_VT_OWN_HISTORY_RANK,33,LOW_RETURN,LOW_SHOCK,4911,465,
period_3x3_cell,DAILY_VT_OWN_HISTORY_RANK,33,MID_RETURN,LOW_SHOCK,4911,431,
period_3x3_cell,DAILY_VT_OWN_HISTORY_RANK,33,HIGH_RETURN,LOW_SHOCK,4911,352,
period_shock_state,DAILY_VT_OWN_HISTORY_RANK,33,ALL,NORMAL,4911,3269,0.6656485440847077
period_3x3_cell,DAILY_VT_OWN_HISTORY_RANK,33,LOW_RETURN,NORMAL,4911,1086,
period_3x3_cell,DAILY_VT_OWN_HISTORY_RANK,33,MID_RETURN,NORMAL,4911,1094,
period_3x3_cell,DAILY_VT_OWN_HISTORY_RANK,33,HIGH_RETURN,NORMAL,4911,1089,
period_shock_state,DAILY_VT_OWN_HISTORY_RANK,33,ALL,HIGH_SHOCK,4911,394,0.08022805945835879
period_3x3_cell,DAILY_VT_OWN_HISTORY_RANK,33,LOW_RETURN,HIGH_SHOCK,4911,86,
period_3x3_cell,DAILY_VT_OWN_HISTORY_RANK,33,MID_RETURN,HIGH_SHOCK,4911,116,
period_3x3_cell,DAILY_VT_OWN_HISTORY_RANK,33,HIGH_RETURN,HIGH_SHOCK,4911,192,
period_shock_state,DAILY_VT_OWN_HISTORY_RANK,34,ALL,LOW_SHOCK,4912,1218,0.2479641693811075
period_3x3_cell,DAILY_VT_OWN_HISTORY_RANK,34,LOW_RETURN,LOW_SHOCK,4912,497,
period_3x3_cell,DAILY_VT_OWN_HISTORY_RANK,34,MID_RETURN,LOW_SHOCK,4912,458,
period_3x3_cell,DAILY_VT_OWN_HISTORY_RANK,34,HIGH_RETURN,LOW_SHOCK,4912,263,
period_shock_state,DAILY_VT_OWN_HISTORY_RANK,34,ALL,NORMAL,4912,3286,0.6689739413680782
period_3x3_cell,DAILY_VT_OWN_HISTORY_RANK,34,LOW_RETURN,NORMAL,4912,1051,
period_3x3_cell,DAILY_VT_OWN_HISTORY_RANK,34,MID_RETURN,NORMAL,4912,1069,
period_3x3_cell,DAILY_VT_OWN_HISTORY_RANK,34,HIGH_RETURN,NORMAL,4912,1166,
period_shock_state,DAILY_VT_OWN_HISTORY_RANK,34,ALL,HIGH_SHOCK,4912,408,0.08306188925081433
period_3x3_cell,DAILY_VT_OWN_HISTORY_RANK,34,LOW_RETURN,HIGH_SHOCK,4912,92,
period_3x3_cell,DAILY_VT_OWN_HISTORY_RANK,34,MID_RETURN,HIGH_SHOCK,4912,112,
period_3x3_cell,DAILY_VT_OWN_HISTORY_RANK,34,HIGH_RETURN,HIGH_SHOCK,4912,204,
period_shock_state,DAILY_VT_OWN_HISTORY_RANK,35,ALL,LOW_SHOCK,4931,160,0.03244777935510038
period_3x3_cell,DAILY_VT_OWN_HISTORY_RANK,35,LOW_RETURN,LOW_SHOCK,4931,11,
period_3x3_cell,DAILY_VT_OWN_HISTORY_RANK,35,MID_RETURN,LOW_SHOCK,4931,66,
period_3x3_cell,DAILY_VT_OWN_HISTORY_RANK,35,HIGH_RETURN,LOW_SHOCK,4931,83,
period_shock_state,DAILY_VT_OWN_HISTORY_RANK,35,ALL,NORMAL,4931,4384,0.8890691543297505
period_3x3_cell,DAILY_VT_OWN_HISTORY_RANK,35,LOW_RETURN,NORMAL,4931,1447,
period_3x3_cell,DAILY_VT_OWN_HISTORY_RANK,35,MID_RETURN,NORMAL,4931,1488,
period_3x3_cell,DAILY_VT_OWN_HISTORY_RANK,35,HIGH_RETURN,NORMAL,4931,1449,
period_shock_state,DAILY_VT_OWN_HISTORY_RANK,35,ALL,HIGH_SHOCK,4931,387,0.07848306631514906
period_3x3_cell,DAILY_VT_OWN_HISTORY_RANK,35,LOW_RETURN,HIGH_SHOCK,4931,192,
period_3x3_cell,DAILY_VT_OWN_HISTORY_RANK,35,MID_RETURN,HIGH_SHOCK,4931,92,
period_3x3_cell,DAILY_VT_OWN_HISTORY_RANK,35,HIGH_RETURN,HIGH_SHOCK,4931,103,
period_shock_state,DAILY_VT_OWN_HISTORY_RANK,36,ALL,LOW_SHOCK,4957,332,0.06697599354448255
period_3x3_cell,DAILY_VT_OWN_HISTORY_RANK,36,LOW_RETURN,LOW_SHOCK,4957,84,
period_3x3_cell,DAILY_VT_OWN_HISTORY_RANK,36,MID_RETURN,LOW_SHOCK,4957,99,
period_3x3_cell,DAILY_VT_OWN_HISTORY_RANK,36,HIGH_RETURN,LOW_SHOCK,4957,149,
period_shock_state,DAILY_VT_OWN_HISTORY_RANK,36,ALL,NORMAL,4957,4014,0.8097639701432318
period_3x3_cell,DAILY_VT_OWN_HISTORY_RANK,36,LOW_RETURN,NORMAL,4957,1414,
period_3x3_cell,DAILY_VT_OWN_HISTORY_RANK,36,MID_RETURN,NORMAL,4957,1351,
period_3x3_cell,DAILY_VT_OWN_HISTORY_RANK,36,HIGH_RETURN,NORMAL,4957,1249,
period_shock_state,DAILY_VT_OWN_HISTORY_RANK,36,ALL,HIGH_SHOCK,4957,611,0.12326003631228566
period_3x3_cell,DAILY_VT_OWN_HISTORY_RANK,36,LOW_RETURN,HIGH_SHOCK,4957,158,
period_3x3_cell,DAILY_VT_OWN_HISTORY_RANK,36,MID_RETURN,HIGH_SHOCK,4957,205,
period_3x3_cell,DAILY_VT_OWN_HISTORY_RANK,36,HIGH_RETURN,HIGH_SHOCK,4957,248,
period_shock_state,DAILY_VT_OWN_HISTORY_RANK,37,ALL,LOW_SHOCK,4968,504,0.10144927536231885
period_3x3_cell,DAILY_VT_OWN_HISTORY_RANK,37,LOW_RETURN,LOW_SHOCK,4968,202,
period_3x3_cell,DAILY_VT_OWN_HISTORY_RANK,37,MID_RETURN,LOW_SHOCK,4968,213,
period_3x3_cell,DAILY_VT_OWN_HISTORY_RANK,37,HIGH_RETURN,LOW_SHOCK,4968,89,
period_shock_state,DAILY_VT_OWN_HISTORY_RANK,37,ALL,NORMAL,4968,4039,0.8130032206119162
period_3x3_cell,DAILY_VT_OWN_HISTORY_RANK,37,LOW_RETURN,NORMAL,4968,1413,
period_3x3_cell,DAILY_VT_OWN_HISTORY_RANK,37,MID_RETURN,NORMAL,4968,1349,
period_3x3_cell,DAILY_VT_OWN_HISTORY_RANK,37,HIGH_RETURN,NORMAL,4968,1277,
period_shock_state,DAILY_VT_OWN_HISTORY_RANK,37,ALL,HIGH_SHOCK,4968,425,0.0855475040257649
period_3x3_cell,DAILY_VT_OWN_HISTORY_RANK,37,LOW_RETURN,HIGH_SHOCK,4968,43,
period_3x3_cell,DAILY_VT_OWN_HISTORY_RANK,37,MID_RETURN,HIGH_SHOCK,4968,94,
period_3x3_cell,DAILY_VT_OWN_HISTORY_RANK,37,HIGH_RETURN,HIGH_SHOCK,4968,288,
period_shock_state,DAILY_VT_OWN_HISTORY_RANK,38,ALL,LOW_SHOCK,4925,1299,0.263756345177665
period_3x3_cell,DAILY_VT_OWN_HISTORY_RANK,38,LOW_RETURN,LOW_SHOCK,4925,521,
period_3x3_cell,DAILY_VT_OWN_HISTORY_RANK,38,MID_RETURN,LOW_SHOCK,4925,469,
period_3x3_cell,DAILY_VT_OWN_HISTORY_RANK,38,HIGH_RETURN,LOW_SHOCK,4925,309,
period_shock_state,DAILY_VT_OWN_HISTORY_RANK,38,ALL,NORMAL,4925,3292,0.6684263959390863
period_3x3_cell,DAILY_VT_OWN_HISTORY_RANK,38,LOW_RETURN,NORMAL,4925,1057,
period_3x3_cell,DAILY_VT_OWN_HISTORY_RANK,38,MID_RETURN,NORMAL,4925,1088,
period_3x3_cell,DAILY_VT_OWN_HISTORY_RANK,38,HIGH_RETURN,NORMAL,4925,1147,
period_shock_state,DAILY_VT_OWN_HISTORY_RANK,38,ALL,HIGH_SHOCK,4925,334,0.06781725888324873
period_3x3_cell,DAILY_VT_OWN_HISTORY_RANK,38,LOW_RETURN,HIGH_SHOCK,4925,64,
period_3x3_cell,DAILY_VT_OWN_HISTORY_RANK,38,MID_RETURN,HIGH_SHOCK,4925,86,
period_3x3_cell,DAILY_VT_OWN_HISTORY_RANK,38,HIGH_RETURN,HIGH_SHOCK,4925,184,
period_shock_state,DAILY_VT_OWN_HISTORY_RANK,39,ALL,LOW_SHOCK,4914,1604,0.32641432641432644
period_3x3_cell,DAILY_VT_OWN_HISTORY_RANK,39,LOW_RETURN,LOW_SHOCK,4914,538,
period_3x3_cell,DAILY_VT_OWN_HISTORY_RANK,39,MID_RETURN,LOW_SHOCK,4914,620,
period_3x3_cell,DAILY_VT_OWN_HISTORY_RANK,39,HIGH_RETURN,LOW_SHOCK,4914,446,
period_shock_state,DAILY_VT_OWN_HISTORY_RANK,39,ALL,NORMAL,4914,2990,0.6084656084656085
period_3x3_cell,DAILY_VT_OWN_HISTORY_RANK,39,LOW_RETURN,NORMAL,4914,986,
period_3x3_cell,DAILY_VT_OWN_HISTORY_RANK,39,MID_RETURN,NORMAL,4914,944,
period_3x3_cell,DAILY_VT_OWN_HISTORY_RANK,39,HIGH_RETURN,NORMAL,4914,1060,
period_shock_state,DAILY_VT_OWN_HISTORY_RANK,39,ALL,HIGH_SHOCK,4914,320,0.06512006512006512
period_3x3_cell,DAILY_VT_OWN_HISTORY_RANK,39,LOW_RETURN,HIGH_SHOCK,4914,88,
period_3x3_cell,DAILY_VT_OWN_HISTORY_RANK,39,MID_RETURN,HIGH_SHOCK,4914,83,
period_3x3_cell,DAILY_VT_OWN_HISTORY_RANK,39,HIGH_RETURN,HIGH_SHOCK,4914,149,
period_shock_state,DAILY_VT_OWN_HISTORY_RANK,40,ALL,LOW_SHOCK,4952,1277,0.25787560581583197
period_3x3_cell,DAILY_VT_OWN_HISTORY_RANK,40,LOW_RETURN,LOW_SHOCK,4952,479,
period_3x3_cell,DAILY_VT_OWN_HISTORY_RANK,40,MID_RETURN,LOW_SHOCK,4952,526,
period_3x3_cell,DAILY_VT_OWN_HISTORY_RANK,40,HIGH_RETURN,LOW_SHOCK,4952,272,
period_shock_state,DAILY_VT_OWN_HISTORY_RANK,40,ALL,NORMAL,4952,3367,0.6799273021001615
period_3x3_cell,DAILY_VT_OWN_HISTORY_RANK,40,LOW_RETURN,NORMAL,4952,1110,
period_3x3_cell,DAILY_VT_OWN_HISTORY_RANK,40,MID_RETURN,NORMAL,4952,1035,
period_3x3_cell,DAILY_VT_OWN_HISTORY_RANK,40,HIGH_RETURN,NORMAL,4952,1222,
period_shock_state,DAILY_VT_OWN_HISTORY_RANK,40,ALL,HIGH_SHOCK,4952,308,0.062197092084006464
period_3x3_cell,DAILY_VT_OWN_HISTORY_RANK,40,LOW_RETURN,HIGH_SHOCK,4952,58,
period_3x3_cell,DAILY_VT_OWN_HISTORY_RANK,40,MID_RETURN,HIGH_SHOCK,4952,96,
period_3x3_cell,DAILY_VT_OWN_HISTORY_RANK,40,HIGH_RETURN,HIGH_SHOCK,4952,154,
period_shock_state,DAILY_VT_OWN_HISTORY_RANK,41,ALL,LOW_SHOCK,4964,2059,0.41478646253021756
period_3x3_cell,DAILY_VT_OWN_HISTORY_RANK,41,LOW_RETURN,LOW_SHOCK,4964,747,
period_3x3_cell,DAILY_VT_OWN_HISTORY_RANK,41,MID_RETURN,LOW_SHOCK,4964,757,
period_3x3_cell,DAILY_VT_OWN_HISTORY_RANK,41,HIGH_RETURN,LOW_SHOCK,4964,555,
period_shock_state,DAILY_VT_OWN_HISTORY_RANK,41,ALL,NORMAL,4964,2588,0.5213537469782433
period_3x3_cell,DAILY_VT_OWN_HISTORY_RANK,41,LOW_RETURN,NORMAL,4964,842,
period_3x3_cell,DAILY_VT_OWN_HISTORY_RANK,41,MID_RETURN,NORMAL,4964,805,
period_3x3_cell,DAILY_VT_OWN_HISTORY_RANK,41,HIGH_RETURN,NORMAL,4964,941,
period_shock_state,DAILY_VT_OWN_HISTORY_RANK,41,ALL,HIGH_SHOCK,4964,317,0.06385979049153909
period_3x3_cell,DAILY_VT_OWN_HISTORY_RANK,41,LOW_RETURN,HIGH_SHOCK,4964,67,
period_3x3_cell,DAILY_VT_OWN_HISTORY_RANK,41,MID_RETURN,HIGH_SHOCK,4964,94,
period_3x3_cell,DAILY_VT_OWN_HISTORY_RANK,41,HIGH_RETURN,HIGH_SHOCK,4964,156,
period_shock_state,DAILY_VT_OWN_HISTORY_RANK,42,ALL,LOW_SHOCK,4982,1603,0.32175832998795667
period_3x3_cell,DAILY_VT_OWN_HISTORY_RANK,42,LOW_RETURN,LOW_SHOCK,4982,665,
period_3x3_cell,DAILY_VT_OWN_HISTORY_RANK,42,MID_RETURN,LOW_SHOCK,4982,602,
period_3x3_cell,DAILY_VT_OWN_HISTORY_RANK,42,HIGH_RETURN,LOW_SHOCK,4982,336,
period_shock_state,DAILY_VT_OWN_HISTORY_RANK,42,ALL,NORMAL,4982,3057,0.6136089923725412
period_3x3_cell,DAILY_VT_OWN_HISTORY_RANK,42,LOW_RETURN,NORMAL,4982,908,
period_3x3_cell,DAILY_VT_OWN_HISTORY_RANK,42,MID_RETURN,NORMAL,4982,984,
period_3x3_cell,DAILY_VT_OWN_HISTORY_RANK,42,HIGH_RETURN,NORMAL,4982,1165,
period_shock_state,DAILY_VT_OWN_HISTORY_RANK,42,ALL,HIGH_SHOCK,4982,322,0.06463267763950221
period_3x3_cell,DAILY_VT_OWN_HISTORY_RANK,42,LOW_RETURN,HIGH_SHOCK,4982,88,
period_3x3_cell,DAILY_VT_OWN_HISTORY_RANK,42,MID_RETURN,HIGH_SHOCK,4982,80,
period_3x3_cell,DAILY_VT_OWN_HISTORY_RANK,42,HIGH_RETURN,HIGH_SHOCK,4982,154,
period_shock_state,DAILY_VT_OWN_HISTORY_RANK,43,ALL,LOW_SHOCK,4983,0,0.0
period_3x3_cell,DAILY_VT_OWN_HISTORY_RANK,43,LOW_RETURN,LOW_SHOCK,4983,0,
period_3x3_cell,DAILY_VT_OWN_HISTORY_RANK,43,MID_RETURN,LOW_SHOCK,4983,0,
period_3x3_cell,DAILY_VT_OWN_HISTORY_RANK,43,HIGH_RETURN,LOW_SHOCK,4983,0,
period_shock_state,DAILY_VT_OWN_HISTORY_RANK,43,ALL,NORMAL,4983,3599,0.7222556692755369
period_3x3_cell,DAILY_VT_OWN_HISTORY_RANK,43,LOW_RETURN,NORMAL,4983,1261,
period_3x3_cell,DAILY_VT_OWN_HISTORY_RANK,43,MID_RETURN,NORMAL,4983,1243,
period_3x3_cell,DAILY_VT_OWN_HISTORY_RANK,43,HIGH_RETURN,NORMAL,4983,1095,
period_shock_state,DAILY_VT_OWN_HISTORY_RANK,43,ALL,HIGH_SHOCK,4983,1384,0.2777443307244632
period_3x3_cell,DAILY_VT_OWN_HISTORY_RANK,43,LOW_RETURN,HIGH_SHOCK,4983,402,
period_3x3_cell,DAILY_VT_OWN_HISTORY_RANK,43,MID_RETURN,HIGH_SHOCK,4983,420,
period_3x3_cell,DAILY_VT_OWN_HISTORY_RANK,43,HIGH_RETURN,HIGH_SHOCK,4983,562,
period_shock_state,DAILY_VT_OWN_HISTORY_RANK,44,ALL,LOW_SHOCK,4960,90,0.018145161290322582
period_3x3_cell,DAILY_VT_OWN_HISTORY_RANK,44,LOW_RETURN,LOW_SHOCK,4960,22,
period_3x3_cell,DAILY_VT_OWN_HISTORY_RANK,44,MID_RETURN,LOW_SHOCK,4960,22,
period_3x3_cell,DAILY_VT_OWN_HISTORY_RANK,44,HIGH_RETURN,LOW_SHOCK,4960,46,
period_shock_state,DAILY_VT_OWN_HISTORY_RANK,44,ALL,NORMAL,4960,4470,0.9012096774193549
period_3x3_cell,DAILY_VT_OWN_HISTORY_RANK,44,LOW_RETURN,NORMAL,4960,1578,
period_3x3_cell,DAILY_VT_OWN_HISTORY_RANK,44,MID_RETURN,NORMAL,4960,1512,
period_3x3_cell,DAILY_VT_OWN_HISTORY_RANK,44,HIGH_RETURN,NORMAL,4960,1380,
period_shock_state,DAILY_VT_OWN_HISTORY_RANK,44,ALL,HIGH_SHOCK,4960,400,0.08064516129032258
period_3x3_cell,DAILY_VT_OWN_HISTORY_RANK,44,LOW_RETURN,HIGH_SHOCK,4960,58,
period_3x3_cell,DAILY_VT_OWN_HISTORY_RANK,44,MID_RETURN,HIGH_SHOCK,4960,127,
period_3x3_cell,DAILY_VT_OWN_HISTORY_RANK,44,HIGH_RETURN,HIGH_SHOCK,4960,215,
period_shock_state,DAILY_VT_OWN_HISTORY_RANK,45,ALL,LOW_SHOCK,4961,300,0.060471679096956256
period_3x3_cell,DAILY_VT_OWN_HISTORY_RANK,45,LOW_RETURN,LOW_SHOCK,4961,91,
period_3x3_cell,DAILY_VT_OWN_HISTORY_RANK,45,MID_RETURN,LOW_SHOCK,4961,103,
period_3x3_cell,DAILY_VT_OWN_HISTORY_RANK,45,HIGH_RETURN,LOW_SHOCK,4961,106,
period_shock_state,DAILY_VT_OWN_HISTORY_RANK,45,ALL,NORMAL,4961,4045,0.8153598064906269
period_3x3_cell,DAILY_VT_OWN_HISTORY_RANK,45,LOW_RETURN,NORMAL,4961,1433,
period_3x3_cell,DAILY_VT_OWN_HISTORY_RANK,45,MID_RETURN,NORMAL,4961,1388,
period_3x3_cell,DAILY_VT_OWN_HISTORY_RANK,45,HIGH_RETURN,NORMAL,4961,1224,
period_shock_state,DAILY_VT_OWN_HISTORY_RANK,45,ALL,HIGH_SHOCK,4961,616,0.12416851441241686
period_3x3_cell,DAILY_VT_OWN_HISTORY_RANK,45,LOW_RETURN,HIGH_SHOCK,4961,139,
period_3x3_cell,DAILY_VT_OWN_HISTORY_RANK,45,MID_RETURN,HIGH_SHOCK,4961,169,
period_3x3_cell,DAILY_VT_OWN_HISTORY_RANK,45,HIGH_RETURN,HIGH_SHOCK,4961,308,
period_shock_state,DAILY_VT_OWN_HISTORY_RANK,46,ALL,LOW_SHOCK,4961,2564,0.5168312840153195
period_3x3_cell,DAILY_VT_OWN_HISTORY_RANK,46,LOW_RETURN,LOW_SHOCK,4961,1059,
period_3x3_cell,DAILY_VT_OWN_HISTORY_RANK,46,MID_RETURN,LOW_SHOCK,4961,927,
period_3x3_cell,DAILY_VT_OWN_HISTORY_RANK,46,HIGH_RETURN,LOW_SHOCK,4961,578,
period_shock_state,DAILY_VT_OWN_HISTORY_RANK,46,ALL,NORMAL,4961,2254,0.454343882281798
period_3x3_cell,DAILY_VT_OWN_HISTORY_RANK,46,LOW_RETURN,NORMAL,4961,590,
period_3x3_cell,DAILY_VT_OWN_HISTORY_RANK,46,MID_RETURN,NORMAL,4961,705,
period_3x3_cell,DAILY_VT_OWN_HISTORY_RANK,46,HIGH_RETURN,NORMAL,4961,959,
period_shock_state,DAILY_VT_OWN_HISTORY_RANK,46,ALL,HIGH_SHOCK,4961,143,0.028824833702882482
period_3x3_cell,DAILY_VT_OWN_HISTORY_RANK,46,LOW_RETURN,HIGH_SHOCK,4961,10,
period_3x3_cell,DAILY_VT_OWN_HISTORY_RANK,46,MID_RETURN,HIGH_SHOCK,4961,27,
period_3x3_cell,DAILY_VT_OWN_HISTORY_RANK,46,HIGH_RETURN,HIGH_SHOCK,4961,106,
period_shock_state,DAILY_VT_OWN_HISTORY_RANK,47,ALL,LOW_SHOCK,4978,85,0.017075130574527923
period_3x3_cell,DAILY_VT_OWN_HISTORY_RANK,47,LOW_RETURN,LOW_SHOCK,4978,13,
period_3x3_cell,DAILY_VT_OWN_HISTORY_RANK,47,MID_RETURN,LOW_SHOCK,4978,24,
period_3x3_cell,DAILY_VT_OWN_HISTORY_RANK,47,HIGH_RETURN,LOW_SHOCK,4978,48,
period_shock_state,DAILY_VT_OWN_HISTORY_RANK,47,ALL,NORMAL,4978,4233,0.8503415026114906
period_3x3_cell,DAILY_VT_OWN_HISTORY_RANK,47,LOW_RETURN,NORMAL,4978,1457,
period_3x3_cell,DAILY_VT_OWN_HISTORY_RANK,47,MID_RETURN,NORMAL,4978,1430,
period_3x3_cell,DAILY_VT_OWN_HISTORY_RANK,47,HIGH_RETURN,NORMAL,4978,1346,
period_shock_state,DAILY_VT_OWN_HISTORY_RANK,47,ALL,HIGH_SHOCK,4978,660,0.13258336681398153
period_3x3_cell,DAILY_VT_OWN_HISTORY_RANK,47,LOW_RETURN,HIGH_SHOCK,4978,190,
period_3x3_cell,DAILY_VT_OWN_HISTORY_RANK,47,MID_RETURN,HIGH_SHOCK,4978,203,
period_3x3_cell,DAILY_VT_OWN_HISTORY_RANK,47,HIGH_RETURN,HIGH_SHOCK,4978,267,
period_shock_state,DAILY_VT_OWN_HISTORY_RANK,48,ALL,LOW_SHOCK,4976,668,0.1342443729903537
period_3x3_cell,DAILY_VT_OWN_HISTORY_RANK,48,LOW_RETURN,LOW_SHOCK,4976,339,
period_3x3_cell,DAILY_VT_OWN_HISTORY_RANK,48,MID_RETURN,LOW_SHOCK,4976,153,
period_3x3_cell,DAILY_VT_OWN_HISTORY_RANK,48,HIGH_RETURN,LOW_SHOCK,4976,176,
period_shock_state,DAILY_VT_OWN_HISTORY_RANK,48,ALL,NORMAL,4976,3641,0.7317122186495176
period_3x3_cell,DAILY_VT_OWN_HISTORY_RANK,48,LOW_RETURN,NORMAL,4976,1188,
period_3x3_cell,DAILY_VT_OWN_HISTORY_RANK,48,MID_RETURN,NORMAL,4976,1253,
period_3x3_cell,DAILY_VT_OWN_HISTORY_RANK,48,HIGH_RETURN,NORMAL,4976,1200,
period_shock_state,DAILY_VT_OWN_HISTORY_RANK,48,ALL,HIGH_SHOCK,4976,667,0.13404340836012862
period_3x3_cell,DAILY_VT_OWN_HISTORY_RANK,48,LOW_RETURN,HIGH_SHOCK,4976,133,
period_3x3_cell,DAILY_VT_OWN_HISTORY_RANK,48,MID_RETURN,HIGH_SHOCK,4976,256,
period_3x3_cell,DAILY_VT_OWN_HISTORY_RANK,48,HIGH_RETURN,HIGH_SHOCK,4976,278,
period_shock_state,DAILY_VT_OWN_HISTORY_RANK,49,ALL,LOW_SHOCK,4979,1066,0.21409921671018275
period_3x3_cell,DAILY_VT_OWN_HISTORY_RANK,49,LOW_RETURN,LOW_SHOCK,4979,467,
period_3x3_cell,DAILY_VT_OWN_HISTORY_RANK,49,MID_RETURN,LOW_SHOCK,4979,352,
period_3x3_cell,DAILY_VT_OWN_HISTORY_RANK,49,HIGH_RETURN,LOW_SHOCK,4979,247,
period_shock_state,DAILY_VT_OWN_HISTORY_RANK,49,ALL,NORMAL,4979,3599,0.7228359108254669
period_3x3_cell,DAILY_VT_OWN_HISTORY_RANK,49,LOW_RETURN,NORMAL,4979,1153,
period_3x3_cell,DAILY_VT_OWN_HISTORY_RANK,49,MID_RETURN,NORMAL,4979,1234,
period_3x3_cell,DAILY_VT_OWN_HISTORY_RANK,49,HIGH_RETURN,NORMAL,4979,1212,
period_shock_state,DAILY_VT_OWN_HISTORY_RANK,49,ALL,HIGH_SHOCK,4979,314,0.06306487246435027
period_3x3_cell,DAILY_VT_OWN_HISTORY_RANK,49,LOW_RETURN,HIGH_SHOCK,4979,39,
period_3x3_cell,DAILY_VT_OWN_HISTORY_RANK,49,MID_RETURN,HIGH_SHOCK,4979,80,
period_3x3_cell,DAILY_VT_OWN_HISTORY_RANK,49,HIGH_RETURN,HIGH_SHOCK,4979,195,
period_shock_state,DAILY_VT_OWN_HISTORY_RANK,50,ALL,LOW_SHOCK,4895,1018,0.2079673135852911
period_3x3_cell,DAILY_VT_OWN_HISTORY_RANK,50,LOW_RETURN,LOW_SHOCK,4895,537,
period_3x3_cell,DAILY_VT_OWN_HISTORY_RANK,50,MID_RETURN,LOW_SHOCK,4895,323,
period_3x3_cell,DAILY_VT_OWN_HISTORY_RANK,50,HIGH_RETURN,LOW_SHOCK,4895,158,
period_shock_state,DAILY_VT_OWN_HISTORY_RANK,50,ALL,NORMAL,4895,3478,0.7105209397344229
period_3x3_cell,DAILY_VT_OWN_HISTORY_RANK,50,LOW_RETURN,NORMAL,4895,1036,
period_3x3_cell,DAILY_VT_OWN_HISTORY_RANK,50,MID_RETURN,NORMAL,4895,1197,
period_3x3_cell,DAILY_VT_OWN_HISTORY_RANK,50,HIGH_RETURN,NORMAL,4895,1245,
period_shock_state,DAILY_VT_OWN_HISTORY_RANK,50,ALL,HIGH_SHOCK,4895,399,0.081511746680286
period_3x3_cell,DAILY_VT_OWN_HISTORY_RANK,50,LOW_RETURN,HIGH_SHOCK,4895,59,
period_3x3_cell,DAILY_VT_OWN_HISTORY_RANK,50,MID_RETURN,HIGH_SHOCK,4895,113,
period_3x3_cell,DAILY_VT_OWN_HISTORY_RANK,50,HIGH_RETURN,HIGH_SHOCK,4895,227,
period_shock_state,DAILY_VT_OWN_HISTORY_RANK,51,ALL,LOW_SHOCK,4893,1047,0.21397915389331698
period_3x3_cell,DAILY_VT_OWN_HISTORY_RANK,51,LOW_RETURN,LOW_SHOCK,4893,508,
period_3x3_cell,DAILY_VT_OWN_HISTORY_RANK,51,MID_RETURN,LOW_SHOCK,4893,348,
period_3x3_cell,DAILY_VT_OWN_HISTORY_RANK,51,HIGH_RETURN,LOW_SHOCK,4893,191,
period_shock_state,DAILY_VT_OWN_HISTORY_RANK,51,ALL,NORMAL,4893,3370,0.6887390149192725
period_3x3_cell,DAILY_VT_OWN_HISTORY_RANK,51,LOW_RETURN,NORMAL,4893,1032,
period_3x3_cell,DAILY_VT_OWN_HISTORY_RANK,51,MID_RETURN,NORMAL,4893,1169,
period_3x3_cell,DAILY_VT_OWN_HISTORY_RANK,51,HIGH_RETURN,NORMAL,4893,1169,
period_shock_state,DAILY_VT_OWN_HISTORY_RANK,51,ALL,HIGH_SHOCK,4893,476,0.09728183118741059
period_3x3_cell,DAILY_VT_OWN_HISTORY_RANK,51,LOW_RETURN,HIGH_SHOCK,4893,81,
period_3x3_cell,DAILY_VT_OWN_HISTORY_RANK,51,MID_RETURN,HIGH_SHOCK,4893,143,
period_3x3_cell,DAILY_VT_OWN_HISTORY_RANK,51,HIGH_RETURN,HIGH_SHOCK,4893,252,
period_shock_state,DAILY_VT_OWN_HISTORY_RANK,52,ALL,LOW_SHOCK,4982,115,0.023083099156965076
period_3x3_cell,DAILY_VT_OWN_HISTORY_RANK,52,LOW_RETURN,LOW_SHOCK,4982,27,
period_3x3_cell,DAILY_VT_OWN_HISTORY_RANK,52,MID_RETURN,LOW_SHOCK,4982,37,
period_3x3_cell,DAILY_VT_OWN_HISTORY_RANK,52,HIGH_RETURN,LOW_SHOCK,4982,51,
period_shock_state,DAILY_VT_OWN_HISTORY_RANK,52,ALL,NORMAL,4982,4094,0.8217583299879566
period_3x3_cell,DAILY_VT_OWN_HISTORY_RANK,52,LOW_RETURN,NORMAL,4982,1386,
period_3x3_cell,DAILY_VT_OWN_HISTORY_RANK,52,MID_RETURN,NORMAL,4982,1393,
period_3x3_cell,DAILY_VT_OWN_HISTORY_RANK,52,HIGH_RETURN,NORMAL,4982,1315,
period_shock_state,DAILY_VT_OWN_HISTORY_RANK,52,ALL,HIGH_SHOCK,4982,773,0.15515857085507828
period_3x3_cell,DAILY_VT_OWN_HISTORY_RANK,52,LOW_RETURN,HIGH_SHOCK,4982,255,
period_3x3_cell,DAILY_VT_OWN_HISTORY_RANK,52,MID_RETURN,HIGH_SHOCK,4982,240,
period_3x3_cell,DAILY_VT_OWN_HISTORY_RANK,52,HIGH_RETURN,HIGH_SHOCK,4982,278,
period_shock_state,DAILY_VT_OWN_HISTORY_RANK,53,ALL,LOW_SHOCK,5000,336,0.0672
period_3x3_cell,DAILY_VT_OWN_HISTORY_RANK,53,LOW_RETURN,LOW_SHOCK,5000,141,
period_3x3_cell,DAILY_VT_OWN_HISTORY_RANK,53,MID_RETURN,LOW_SHOCK,5000,121,
period_3x3_cell,DAILY_VT_OWN_HISTORY_RANK,53,HIGH_RETURN,LOW_SHOCK,5000,74,
period_shock_state,DAILY_VT_OWN_HISTORY_RANK,53,ALL,NORMAL,5000,3968,0.7936
period_3x3_cell,DAILY_VT_OWN_HISTORY_RANK,53,LOW_RETURN,NORMAL,5000,1364,
period_3x3_cell,DAILY_VT_OWN_HISTORY_RANK,53,MID_RETURN,NORMAL,5000,1339,
period_3x3_cell,DAILY_VT_OWN_HISTORY_RANK,53,HIGH_RETURN,NORMAL,5000,1265,
period_shock_state,DAILY_VT_OWN_HISTORY_RANK,53,ALL,HIGH_SHOCK,5000,696,0.1392
period_3x3_cell,DAILY_VT_OWN_HISTORY_RANK,53,LOW_RETURN,HIGH_SHOCK,5000,171,
period_3x3_cell,DAILY_VT_OWN_HISTORY_RANK,53,MID_RETURN,HIGH_SHOCK,5000,214,
period_3x3_cell,DAILY_VT_OWN_HISTORY_RANK,53,HIGH_RETURN,HIGH_SHOCK,5000,311,
period_shock_state,DAILY_VT_OWN_HISTORY_RANK,54,ALL,LOW_SHOCK,5024,857,0.1705812101910828
period_3x3_cell,DAILY_VT_OWN_HISTORY_RANK,54,LOW_RETURN,LOW_SHOCK,5024,490,
period_3x3_cell,DAILY_VT_OWN_HISTORY_RANK,54,MID_RETURN,LOW_SHOCK,5024,246,
period_3x3_cell,DAILY_VT_OWN_HISTORY_RANK,54,HIGH_RETURN,LOW_SHOCK,5024,121,
period_shock_state,DAILY_VT_OWN_HISTORY_RANK,54,ALL,NORMAL,5024,3715,0.7394506369426752
period_3x3_cell,DAILY_VT_OWN_HISTORY_RANK,54,LOW_RETURN,NORMAL,5024,1127,
period_3x3_cell,DAILY_VT_OWN_HISTORY_RANK,54,MID_RETURN,NORMAL,5024,1283,
period_3x3_cell,DAILY_VT_OWN_HISTORY_RANK,54,HIGH_RETURN,NORMAL,5024,1305,
period_shock_state,DAILY_VT_OWN_HISTORY_RANK,54,ALL,HIGH_SHOCK,5024,452,0.08996815286624203
period_3x3_cell,DAILY_VT_OWN_HISTORY_RANK,54,LOW_RETURN,HIGH_SHOCK,5024,59,
period_3x3_cell,DAILY_VT_OWN_HISTORY_RANK,54,MID_RETURN,HIGH_SHOCK,5024,151,
period_3x3_cell,DAILY_VT_OWN_HISTORY_RANK,54,HIGH_RETURN,HIGH_SHOCK,5024,242,
period_shock_state,DAILY_VT_OWN_HISTORY_RANK,55,ALL,LOW_SHOCK,5034,1343,0.26678585617798967
period_3x3_cell,DAILY_VT_OWN_HISTORY_RANK,55,LOW_RETURN,LOW_SHOCK,5034,646,
period_3x3_cell,DAILY_VT_OWN_HISTORY_RANK,55,MID_RETURN,LOW_SHOCK,5034,385,
period_3x3_cell,DAILY_VT_OWN_HISTORY_RANK,55,HIGH_RETURN,LOW_SHOCK,5034,312,
period_shock_state,DAILY_VT_OWN_HISTORY_RANK,55,ALL,NORMAL,5034,3370,0.6694477552642034
period_3x3_cell,DAILY_VT_OWN_HISTORY_RANK,55,LOW_RETURN,NORMAL,5034,992,
period_3x3_cell,DAILY_VT_OWN_HISTORY_RANK,55,MID_RETURN,NORMAL,5034,1179,
period_3x3_cell,DAILY_VT_OWN_HISTORY_RANK,55,HIGH_RETURN,NORMAL,5034,1199,
period_shock_state,DAILY_VT_OWN_HISTORY_RANK,55,ALL,HIGH_SHOCK,5034,321,0.06376638855780692
period_3x3_cell,DAILY_VT_OWN_HISTORY_RANK,55,LOW_RETURN,HIGH_SHOCK,5034,42,
period_3x3_cell,DAILY_VT_OWN_HISTORY_RANK,55,MID_RETURN,HIGH_SHOCK,5034,114,
period_3x3_cell,DAILY_VT_OWN_HISTORY_RANK,55,HIGH_RETURN,HIGH_SHOCK,5034,165,
period_shock_state,DAILY_VT_OWN_HISTORY_RANK,56,ALL,LOW_SHOCK,5039,1009,0.200238142488589
period_3x3_cell,DAILY_VT_OWN_HISTORY_RANK,56,LOW_RETURN,LOW_SHOCK,5039,435,
period_3x3_cell,DAILY_VT_OWN_HISTORY_RANK,56,MID_RETURN,LOW_SHOCK,5039,293,
period_3x3_cell,DAILY_VT_OWN_HISTORY_RANK,56,HIGH_RETURN,LOW_SHOCK,5039,281,
period_shock_state,DAILY_VT_OWN_HISTORY_RANK,56,ALL,NORMAL,5039,3578,0.7100615201428855
period_3x3_cell,DAILY_VT_OWN_HISTORY_RANK,56,LOW_RETURN,NORMAL,5039,1166,
period_3x3_cell,DAILY_VT_OWN_HISTORY_RANK,56,MID_RETURN,NORMAL,5039,1251,
period_3x3_cell,DAILY_VT_OWN_HISTORY_RANK,56,HIGH_RETURN,NORMAL,5039,1161,
period_shock_state,DAILY_VT_OWN_HISTORY_RANK,56,ALL,HIGH_SHOCK,5039,452,0.0897003373685255
period_3x3_cell,DAILY_VT_OWN_HISTORY_RANK,56,LOW_RETURN,HIGH_SHOCK,5039,81,
period_3x3_cell,DAILY_VT_OWN_HISTORY_RANK,56,MID_RETURN,HIGH_SHOCK,5039,138,
period_3x3_cell,DAILY_VT_OWN_HISTORY_RANK,56,HIGH_RETURN,HIGH_SHOCK,5039,233,
