stock_code,request_start,request_end,attempts,http_status,top_level_keys,returned_columns,empty_response,row_count,representative_rows,schema_has_DECLAREDATE,schema_has_VARYDATE,status,error,row_type,request_variant,announcement_date,change_date,change_reason,total_shares_10k,circulating_shares_10k,restricted_shares_10k,total_shares,circulating_shares,restricted_shares,event_date_incomplete,information_available_date,data_cutoff
000001,1990-01-01,2026-08-20,1.0,200.0,"[""count"", ""records"", ""resultcode"", ""resultmsg"", ""total""]","[""DECLAREDATE"", ""F001V"", ""F002V"", ""F003N"", ""F004N"", ""F005N"", ""F006N"", ""F007N"", ""F008N"", ""F009N"", ""F010N"", ""F011N"", ""F012N"", ""F013N"", ""F014N"", ""F015N"", ""F016N"", ""F017N"", ""F018N"", ""F019N"", ""F020N"", ""F021N"", ""F022N"", ""F023N"", ""F024N"", ""F025N"", ""F026N"", ""F027C"", ""F028N"", ""F029N"", ""F030N"", ""F031N"", ""F032N"", ""F033N"", ""F034N"", ""F035N"", ""F036N"", ""F037N"", ""F038N"", ""F040N"", ""F049N"", ""F050N"", ""ORGNAME"", ""SECCODE"", ""SECNAME"", ""VARYDATE""]",False,101.0,"[{""SECNAME"": ""平安银行"", ""F027C"": ""0"", ""ORGNAME"": ""深圳发展银行股份有限公司"", ""F009N"": 0.0, ""F019N"": 0.0, ""F029N"": null, ""F007N"": 0.0, ""F017N"": 0.0, ""F049N"": null, ""F005N"": 2200.0171, ""F004N"": 2200.0171, ""F036N"": null, ""F014N"": null, ""F026N"": 0.0, ""F034N"": null, ""F012N"": 0.0, ""F024N"": 0.0, ""F032N"": null, ""F010N"": null, ""F022N"": 2650.0, ""F030N"": null, ""F020N"": 0.0, ""F050N"": null, ""F040N"": null, ""F002V"": ""A股上市"", ""DECLAREDATE"": null, ""F008N"": 0.0, ""SECCODE"": ""000001"", ""VARYDATE"": ""1991-04-03"", ""F018N"": 0.0, ""F006N"": 2200.0171, ""F038N"": null, ""F016N"": 0.0, ""F028N"": 0.0, ""F015N"": 0.0, ""F025N"": 0.0, ""F003N"": 4850.0171, ""F037N"": null, ""F013N"": 0.0, ""F023N"": 0.0, ""F035N"": null, ""F011N"": 0.0, ""F021N"": 2650.0, ""F033N"": null, ""F031N"": null, ""F001V"": ""015001""}, {""SECNAME"": ""平安银行"", ""F027C"": ""0"", ""ORGNAME"": ""深圳发展银行股份有限公司"", ""F009N"": 0.0, ""F019N"": 0.0, ""F029N"": null, ""F007N"": 0.0, ""F017N"": 0.0, ""F049N"": null, ""F005N"": 5026.092, ""F004N"": 5026.092, ""F036N"": null, ""F014N"": null, ""F026N"": 0.0, ""F034N"": null, ""F012N"": 0.0, ""F024N"": 0.0, ""F032N"": null, ""F010N"": null, ""F022N"": 3949.0723, ""F030N"": null, ""F020N"": 0.0, ""F050N"": null, ""F040N"": null, ""F002V"": ""送股,转增"", ""DECLAREDATE"": null, ""F008N"": 0.0, ""SECCODE"": ""000001"", ""VARYDATE"": ""1991-05-02"", ""F018N"": 0.0, ""F006N"": 5026.092, ""F038N"": null, ""F016N"": 0.0, ""F028N"": 0.0, ""F015N"": 0.0, ""F025N"": 0.0, ""F003N"": 8975.1643, ""F037N"": null, ""F013N"": 0.0, ""F023N"": 0.0, ""F035N"": null, ""F011N"": 0.0, ""F021N"": 3949.0723, ""F033N"": null, ""F031N"": null, ""F001V"": ""015010,015011""}, {""SECNAME"": ""平安银行"", ""F027C"": ""0"", ""ORGNAME"": ""深圳发展银行股份有限公司"", ""F009N"": 0.0, ""F019N"": 0.0, ""F029N"": null, ""F007N"": 0.0, ""F017N"": 0.0, ""F049N"": null, ""F005N"": 5026.092, ""F004N"": 5026.092, ""F036N"": null, ""F014N"": null, ""F026N"": 0.0, ""F034N"": null, ""F012N"": 0.0, ""F024N"": 0.0, ""F032N"": null, ""F010N"": null, ""F022N"": 3949.0723, ""F030N"": null, ""F020N"": 0.0, ""F050N"": null, ""F040N"": null, ""F002V"": ""定期报告"", ""DECLAREDATE"": null, ""F008N"": 0.0, ""SECCODE"": ""000001"", ""VARYDATE"": ""1991-12-31"", ""F018N"": 0.0, ""F006N"": 5026.092, ""F038N"": null, ""F016N"": 0.0, ""F028N"": 0.0, ""F015N"": 0.0, ""F025N"": 0.0, ""F003N"": 8975.1643, ""F037N"": null, ""F013N"": 0.0, ""F023N"": 0.0, ""F035N"": null, ""F011N"": 0.0, ""F021N"": 3949.0723, ""F033N"": null, ""F031N"": null, ""F001V"": ""015019""}]",True,True,SUCCESS,,schema,FULL_HISTORY_REVIEW,,,,,,,,,,,,2026-08-20
000001,,,,,,,,,,,,,,event,FULL_HISTORY_REVIEW,,1991-04-03,A股上市,4850.0171,2650.0,0.0,48500171.0,26500000.0,0.0,True,1991-04-03,2026-08-20
000001,,,,,,,,,,,,,,event,FULL_HISTORY_REVIEW,,1991-05-02,"送股,转增",8975.1643,3949.0723,0.0,89751643.0,39490723.0,0.0,True,1991-05-02,2026-08-20
000001,,,,,,,,,,,,,,event,FULL_HISTORY_REVIEW,,1991-12-31,定期报告,8975.1643,3949.0723,0.0,89751643.0,39490723.0,0.0,True,1991-12-31,2026-08-20
000001,,,,,,,,,,,,,,event,FULL_HISTORY_REVIEW,,1992-12-31,定期报告,8975.1643,3949.0723,0.0,89751643.0,39490723.0,0.0,True,1992-12-31,2026-08-20
000001,,,,,,,,,,,,,,event,FULL_HISTORY_REVIEW,,1993-05-24,"送股,转增",26941.7899,18812.9836,0.0,269417899.0,188129836.0,0.0,True,1993-05-24,2026-08-20
000001,,,,,,,,,,,,,,event,FULL_HISTORY_REVIEW,,1993-12-31,定期报告,26941.7899,18812.9836,0.0,269417899.0,188129836.0,0.0,True,1993-12-31,2026-08-20
000001,,,,,,,,,,,,,,event,FULL_HISTORY_REVIEW,,1994-06-30,定期报告,26941.7899,18812.9836,0.0,269417899.0,188129836.0,0.0,True,1994-06-30,2026-08-20
000001,,,,,,,,,,,,,,event,FULL_HISTORY_REVIEW,1994-07-11,1994-07-11,"送股,转增",43106.8638,29737.1634,0.0,431068638.0,297371634.0,0.0,False,1994-07-11,2026-08-20
000001,,,,,,,,,,,,,,event,FULL_HISTORY_REVIEW,1994-07-11,1994-08-22,配股上市,43106.8638,29737.1634,0.0,431068638.0,297371634.0,0.0,False,1994-08-22,2026-08-20
000001,,,,,,,,,,,,,,event,FULL_HISTORY_REVIEW,,1994-12-31,定期报告,43106.8638,29737.1634,0.0,431068638.0,297371634.0,0.0,True,1994-12-31,2026-08-20
000001,,,,,,,,,,,,,,event,FULL_HISTORY_REVIEW,,1995-06-30,定期报告,43106.8638,29737.1634,0.0,431068638.0,297371634.0,0.0,True,1995-06-30,2026-08-20
000001,,,,,,,,,,,,,,event,FULL_HISTORY_REVIEW,1995-09-25,1995-09-25,"送股,转增",51728.2364,35721.1478,0.0,517282364.0,357211478.0,0.0,False,1995-09-25,2026-08-20
000001,,,,,,,,,,,,,,event,FULL_HISTORY_REVIEW,,1995-12-31,定期报告,51728.2364,35721.1478,0.0,517282364.0,357211478.0,0.0,True,1995-12-31,2026-08-20
000001,,,,,,,,,,,,,,event,FULL_HISTORY_REVIEW,,1996-05-27,"送股,转增",103456.4728,71442.2956,0.0,1034564728.0,714422956.0,0.0,True,1996-05-27,2026-08-20
000001,,,,,,,,,,,,,,event,FULL_HISTORY_REVIEW,,1996-06-30,定期报告,103456.4728,71442.2956,0.0,1034564728.0,714422956.0,0.0,True,1996-06-30,2026-08-20
000001,,,,,,,,,,,,,,event,FULL_HISTORY_REVIEW,,1996-12-31,定期报告,103456.4728,71442.2956,0.0,1034564728.0,714422956.0,0.0,True,1996-12-31,2026-08-20
000001,,,,,,,,,,,,,,event,FULL_HISTORY_REVIEW,,1997-06-30,定期报告,103456.4728,71442.2956,0.0,1034564728.0,714422956.0,0.0,True,1997-06-30,2026-08-20
000001,,,,,,,,,,,,,,event,FULL_HISTORY_REVIEW,1997-08-25,1997-08-25,"送股,转增",155184.7092,107163.4434,0.0,1551847092.0000002,1071634434.0,0.0,False,1997-08-25,2026-08-20
000001,,,,,,,,,,,,,,event,FULL_HISTORY_REVIEW,,1997-12-31,定期报告,155184.7092,107163.4434,0.0,1551847092.0000002,1071634434.0,0.0,True,1997-12-31,2026-08-20
000001,,,,,,,,,,,,,,event,FULL_HISTORY_REVIEW,,1998-06-30,定期报告,155184.7092,107163.4434,0.0,1551847092.0000002,1071634434.0,0.0,True,1998-06-30,2026-08-20
000001,,,,,,,,,,,,,,event,FULL_HISTORY_REVIEW,,1998-12-31,定期报告,155184.7092,107163.4434,0.0,1551847092.0000002,1071634434.0,0.0,True,1998-12-31,2026-08-20
000001,,,,,,,,,,,,,,event,FULL_HISTORY_REVIEW,,1999-06-30,定期报告,155184.7092,107163.4434,0.0,1551847092.0000002,1071634434.0,0.0,True,1999-06-30,2026-08-20
000001,,,,,,,,,,,,,,event,FULL_HISTORY_REVIEW,,1999-12-31,定期报告,155184.7092,107163.4434,0.0,1551847092.0000002,1071634434.0,0.0,True,1999-12-31,2026-08-20
000001,,,,,,,,,,,,,,event,FULL_HISTORY_REVIEW,,2000-06-30,定期报告,155184.7092,107163.4434,0.0,1551847092.0000002,1071634434.0,0.0,True,2000-06-30,2026-08-20
000001,,,,,,,,,,,,,,event,FULL_HISTORY_REVIEW,2000-11-06,2000-12-08,配股上市,194582.2149,139312.4764,0.0,1945822149.0,1393124764.0000002,0.0,False,2000-12-08,2026-08-20
000001,,,,,,,,,,,,,,event,FULL_HISTORY_REVIEW,,2000-12-31,定期报告,194582.2149,139312.4764,0.0,1945822149.0,1393124764.0000002,0.0,True,2000-12-31,2026-08-20
000001,,,,,,,,,,,,,,event,FULL_HISTORY_REVIEW,,2001-06-30,定期报告,194582.2149,139312.4764,0.0,1945822149.0,1393124764.0000002,0.0,True,2001-06-30,2026-08-20
000001,,,,,,,,,,,,,,event,FULL_HISTORY_REVIEW,,2001-10-15,其他,194582.2149,140936.1965,0.0,1945822149.0,1409361965.0,0.0,True,2001-10-15,2026-08-20
000001,,,,,,,,,,,,,,event,FULL_HISTORY_REVIEW,,2001-12-31,定期报告,194582.2149,140936.1965,0.0,1945822149.0,1409361965.0,0.0,True,2001-12-31,2026-08-20
000001,,,,,,,,,,,,,,event,FULL_HISTORY_REVIEW,,2002-06-30,定期报告,194582.2149,140936.1965,0.0,1945822149.0,1409361965.0,0.0,True,2002-06-30,2026-08-20
000001,,,,,,,,,,,,,,event,FULL_HISTORY_REVIEW,2003-04-24,2002-12-31,定期报告,194582.2149,140936.1965,0.0,1945822149.0,1409361965.0,0.0,False,2003-04-24,2026-08-20
000001,,,,,,,,,,,,,,event,FULL_HISTORY_REVIEW,2003-08-20,2003-06-30,定期报告,194582.2149,140936.1965,0.0,1945822149.0,1409361965.0,0.0,False,2003-08-20,2026-08-20
000001,,,,,,,,,,,,,,event,FULL_HISTORY_REVIEW,2004-04-15,2003-12-31,定期报告,194582.2149,140936.1965,0.0,1945822149.0,1409361965.0,0.0,False,2004-04-15,2026-08-20
000001,,,,,,,,,,,,,,event,FULL_HISTORY_REVIEW,2004-08-31,2004-06-30,定期报告,194582.2149,140936.1965,0.0,1945822149.0,1409361965.0,0.0,False,2004-08-31,2026-08-20
000001,,,,,,,,,,,,,,event,FULL_HISTORY_REVIEW,2005-04-26,2004-12-31,定期报告,194582.2149,140936.1965,0.0,1945822149.0,1409361965.0,0.0,False,2005-04-26,2026-08-20
000001,,,,,,,,,,,,,,event,FULL_HISTORY_REVIEW,2005-08-19,2005-06-30,定期报告,194582.2149,140936.1965,0.0,1945822149.0,1409361965.0,0.0,False,2005-08-19,2026-08-20
000001,,,,,,,,,,,,,,event,FULL_HISTORY_REVIEW,2006-04-01,2005-12-31,定期报告,194582.2149,140936.1965,0.0,1945822149.0,1409361965.0,0.0,False,2006-04-01,2026-08-20
000001,,,,,,,,,,,,,,event,FULL_HISTORY_REVIEW,2006-08-18,2006-06-30,定期报告,194582.2149,140936.1965,,1945822149.0,1409361965.0,,False,2006-08-18,2026-08-20
000001,,,,,,,,,,,,,,event,FULL_HISTORY_REVIEW,2007-03-22,2006-12-31,定期报告,194582.2149,140936.1965,0.0,1945822149.0,1409361965.0,0.0,False,2007-03-22,2026-08-20
000001,,,,,,,,,,,,,,event,FULL_HISTORY_REVIEW,2007-06-14,2007-06-20,"送股,股权分置",208675.8345,155029.8161,53646.0184,2086758345.0,1550298161.0,536460184.0,False,2007-06-20,2026-08-20
000001,,,,,,,,,,,,,,event,FULL_HISTORY_REVIEW,2007-08-16,2007-06-30,定期报告,208675.8345,155018.7787,53657.0558,2086758345.0,1550187787.0,536570558.0,False,2007-08-16,2026-08-20
000001,,,,,,,,,,,,,,event,FULL_HISTORY_REVIEW,2008-01-08,2007-12-28,权证行权,229340.7145,170327.181,59013.5335,2293407145.0,1703271810.0,590135335.0,False,2008-01-08,2026-08-20
000001,,,,,,,,,,,,,,event,FULL_HISTORY_REVIEW,2008-01-18,2008-01-21,权证行权,229340.7145,175682.0549,53658.6596,2293407145.0,1756820549.0,536586596.0,False,2008-01-21,2026-08-20
000001,,,,,,,,,,,,,,event,FULL_HISTORY_REVIEW,2008-03-20,2007-12-31,定期报告,229340.7145,175682.0549,53658.6596,2293407145.0,1756820549.0,536586596.0,False,2008-03-20,2026-08-20
000001,,,,,,,,,,,,,,event,FULL_HISTORY_REVIEW,2008-06-25,2008-06-26,股权分置受限股份上市,229340.7145,204652.0536,24688.6609,2293407145.0,2046520536.0000002,246886609.0,False,2008-06-26,2026-08-20
000001,,,,,,,,,,,,,,event,FULL_HISTORY_REVIEW,2008-07-04,2008-06-27,权证行权,238879.5202,214200.4409,24679.0793,2388795202.0,2142004408.9999998,246790793.0,False,2008-07-04,2026-08-20
000001,,,,,,,,,,,,,,event,FULL_HISTORY_REVIEW,2008-08-21,2008-06-30,定期报告,238879.5202,214200.4409,24679.0793,2388795202.0,2142004408.9999998,246790793.0,False,2008-08-21,2026-08-20
000001,,,,,,,,,,,,,,event,FULL_HISTORY_REVIEW,2008-10-24,2008-10-31,送股,310543.3762,278460.5731,32082.8031,3105433762.0,2784605731.0,320828031.0,False,2008-10-31,2026-08-20
000001,,,,,,,,,,,,,,event,FULL_HISTORY_REVIEW,2009-03-20,2008-12-31,定期报告,310543.3762,278460.5731,32082.8031,3105433762.0,2784605731.0,320828031.0,False,2009-03-20,2026-08-20
000001,,,,,,,,,,,,,,event,FULL_HISTORY_REVIEW,2009-06-19,2009-06-22,股权分置受限股份上市,310543.3762,292367.4599,18175.9163,3105433762.0,2923674599.0,181759163.0,False,2009-06-22,2026-08-20
000001,,,,,,,,,,,,,,event,FULL_HISTORY_REVIEW,2009-08-21,2009-06-30,定期报告,310543.3762,292375.6824,18167.6938,3105433762.0,2923756824.0,181676938.0,False,2009-08-21,2026-08-20
000001,,,,,,,,,,,,,,event,FULL_HISTORY_REVIEW,2009-10-14,2009-10-15,股权分置受限股份上市,310543.3762,292411.4263,18131.9499,3105433762.0,2924114263.0,181319499.0,False,2009-10-15,2026-08-20
000001,,,,,,,,,,,,,,event,FULL_HISTORY_REVIEW,2010-03-12,2009-12-31,定期报告,310543.3762,292411.4263,18131.9499,3105433762.0,2924114263.0,181319499.0,False,2010-03-12,2026-08-20
000001,,,,,,,,,,,,,,event,FULL_HISTORY_REVIEW,2010-06-25,2010-06-28,股权分置受限股份上市,310543.3762,310536.9975,6.3787,3105433762.0,3105369975.0,63787.0,False,2010-06-28,2026-08-20
000001,,,,,,,,,,,,,,event,FULL_HISTORY_REVIEW,2010-08-25,2010-06-30,定期报告,348501.3762,310536.7602,37964.616,3485013762.0,3105367602.0,379646160.0,False,2010-08-25,2026-08-20
000001,,,,,,,,,,,,,,event,FULL_HISTORY_REVIEW,2010-09-16,2010-09-17,增发新股上市,348501.3762,310536.7602,37964.616,3485013762.0,3105367602.0,379646160.0,False,2010-09-17,2026-08-20
000001,,,,,,,,,,,,,,event,FULL_HISTORY_REVIEW,2011-02-25,2010-12-31,定期报告,348501.3762,310535.8511,37965.5251,3485013762.0,3105358511.0000005,379655251.0,False,2011-02-25,2026-08-20
000001,,,,,,,,,,,,,,event,FULL_HISTORY_REVIEW,2011-08-04,2011-08-05,增发新股上市,512335.0416,310535.8672,201799.1744,5123350416.0,3105358672.0,2017991744.0,False,2011-08-05,2026-08-20
000001,,,,,,,,,,,,,,event,FULL_HISTORY_REVIEW,2011-08-18,2011-06-30,定期报告,348501.3762,310535.8672,37965.509,3485013762.0,3105358672.0,379655090.0,False,2011-08-18,2026-08-20
000001,,,,,,,,,,,,,,event,FULL_HISTORY_REVIEW,2012-03-09,2011-12-31,定期报告,512335.0416,310535.8672,201799.1744,5123350416.0,3105358672.0,2017991744.0,False,2012-03-09,2026-08-20
000001,,,,,,,,,,,,,,event,FULL_HISTORY_REVIEW,2012-08-16,2012-06-30,定期报告,512335.0416,310535.8672,201799.1744,5123350416.0,3105358672.0,2017991744.0,False,2012-08-16,2026-08-20
000001,,,,,,,,,,,,,,event,FULL_HISTORY_REVIEW,2013-03-08,2012-12-31,定期报告,512335.0416,310535.8022,201799.2394,5123350416.0,3105358022.0,2017992394.0,False,2013-03-08,2026-08-20
000001,,,,,,,,,,,,,,event,FULL_HISTORY_REVIEW,2013-06-14,2013-06-20,送股,819736.0665,496857.3875,322878.679,8197360665.0,4968573875.0,3228786790.0,False,2013-06-20,2026-08-20
000001,,,,,,,,,,,,,,event,FULL_HISTORY_REVIEW,2013-08-23,2013-06-30,定期报告,819736.0665,496857.3875,322878.679,8197360665.0,4968573875.0,3228786790.0,False,2013-08-23,2026-08-20
000001,,,,,,,,,,,,,,event,FULL_HISTORY_REVIEW,2013-11-08,2013-11-12,限售股份上市,819736.0665,557590.1875,262145.879,8197360665.0,5575901875.0,2621458790.0,False,2013-11-12,2026-08-20
000001,,,,,,,,,,,,,,event,FULL_HISTORY_REVIEW,2014-01-08,2014-01-09,增发新股上市,952074.5656,557590.1875,394484.3781,9520745656.0,5575901875.0,3944843780.9999995,False,2014-01-09,2026-08-20
000001,,,,,,,,,,,,,,event,FULL_HISTORY_REVIEW,2014-03-07,2013-12-31,定期报告,952074.5656,557590.1875,394484.3781,9520745656.0,5575901875.0,3944843780.9999995,False,2014-03-07,2026-08-20
000001,,,,,,,,,,,,,,event,FULL_HISTORY_REVIEW,2014-06-06,2014-06-12,转增,1142489.4787,669105.862,473383.6167,11424894787.0,6691058620.0,4733836167.0,False,2014-06-12,2026-08-20
000001,,,,,,,,,,,,,,event,FULL_HISTORY_REVIEW,2014-08-14,2014-06-30,定期报告,1142489.4787,669105.862,473383.6167,11424894787.0,6691058620.0,4733836167.0,False,2014-08-14,2026-08-20
000001,,,,,,,,,,,,,,event,FULL_HISTORY_REVIEW,2014-08-29,2014-09-01,限售股份上市,1142489.4787,983671.215,158818.2637,11424894787.0,9836712150.0,1588182637.0,False,2014-09-01,2026-08-20
000001,,,,,,,,,,,,,,event,FULL_HISTORY_REVIEW,2015-03-13,2014-12-31,定期报告,1142489.4787,983671.215,158818.2637,11424894787.0,9836712150.0,1588182637.0,False,2015-03-13,2026-08-20
000001,,,,,,,,,,,,,,event,FULL_HISTORY_REVIEW,2015-04-07,2015-04-13,转增,1370987.3744,1180405.458,190581.9164,13709873744.0,11804054580.000002,1905819163.9999998,False,2015-04-13,2026-08-20
000001,,,,,,,,,,,,,,event,FULL_HISTORY_REVIEW,2015-05-20,2015-05-21,增发新股上市,1430867.6139,1180405.4579,250462.156,14308676139.0,11804054579.0,2504621560.0,False,2015-05-21,2026-08-20
000001,,,,,,,,,,,,,,event,FULL_HISTORY_REVIEW,2015-08-14,2015-06-30,定期报告,1430867.6139,1180405.4579,250462.156,14308676139.0,11804054579.0,2504621560.0,False,2015-08-14,2026-08-20
000001,,,,,,,,,,,,,,event,FULL_HISTORY_REVIEW,2016-03-10,2015-12-31,定期报告,1430867.6139,1180405.4579,250462.156,14308676139.0,11804054579.0,2504621560.0,False,2016-03-10,2026-08-20
000001,,,,,,,,,,,,,,event,FULL_HISTORY_REVIEW,2016-05-20,2016-05-23,限售股份上市,1430867.6139,1219265.0323,211602.5816,14308676139.0,12192650323.0,2116025816.0,False,2016-05-23,2026-08-20
000001,,,,,,,,,,,,,,event,FULL_HISTORY_REVIEW,2016-06-08,2016-06-16,转增,1717041.1366,1463118.0387,253923.0979,17170411366.0,14631180387.0,2539230979.0,False,2016-06-16,2026-08-20
000001,,,,,,,,,,,,,,event,FULL_HISTORY_REVIEW,2016-08-12,2016-06-30,定期报告,1717041.1366,1463118.0387,253923.0979,17170411366.0,14631180387.0,2539230979.0,False,2016-08-12,2026-08-20
000001,,,,,,,,,,,,,,event,FULL_HISTORY_REVIEW,2017-01-05,2017-01-09,限售股份上市,1717041.1366,1691798.9651,25242.1715,17170411366.0,16917989651.0,252421715.0,False,2017-01-09,2026-08-20
000001,,,,,,,,,,,,,,event,FULL_HISTORY_REVIEW,2017-03-17,2016-12-31,定期报告,1717041.1366,1463118.0387,253923.0979,17170411366.0,14631180387.0,2539230979.0,False,2017-03-17,2026-08-20
000001,,,,,,,,,,,,,,event,FULL_HISTORY_REVIEW,2017-08-11,2017-06-30,定期报告,1717041.1366,1691798.9651,25242.1715,17170411366.0,16917989651.0,252421715.0,False,2017-08-11,2026-08-20
000001,,,,,,,,,,,,,,event,FULL_HISTORY_REVIEW,2018-03-15,2017-12-31,定期报告,1717041.1366,1691798.3372,25242.7994,17170411366.0,16917983372.0,252427994.0,False,2018-03-15,2026-08-20
000001,,,,,,,,,,,,,,event,FULL_HISTORY_REVIEW,2018-05-18,2018-05-21,限售股份上市,1717041.1366,1717024.6773,16.4593,17170411366.0,17170246773.000002,164593.0,False,2018-05-21,2026-08-20
000001,,,,,,,,,,,,,,event,FULL_HISTORY_REVIEW,2018-08-16,2018-06-30,定期报告,1717041.1366,1717024.6773,16.4593,17170411366.0,17170246773.000002,164593.0,False,2018-08-16,2026-08-20
000001,,,,,,,,,,,,,,event,FULL_HISTORY_REVIEW,2019-03-07,2018-12-31,定期报告,1717041.1366,1717024.6773,16.4593,17170411366.0,17170246773.000002,164593.0,False,2019-03-07,2026-08-20
000001,,,,,,,,,,,,,,event,FULL_HISTORY_REVIEW,2019-08-08,2019-06-30,定期报告,1717041.1366,1717024.5848,16.5518,17170411366.0,17170245848.0,165518.0,False,2019-08-08,2026-08-20
000001,,,,,,,,,,,,,,event,FULL_HISTORY_REVIEW,2019-09-27,2019-09-18,可转债转股,1940591.8198,1940575.268,16.5518,19405918198.0,19405752680.0,165518.0,False,2019-09-27,2026-08-20
000001,,,,,,,,,,,,,,event,FULL_HISTORY_REVIEW,2020-02-14,2019-12-31,定期报告,1940591.8198,1940575.268,16.5518,19405918198.0,19405752680.0,165518.0,False,2020-02-14,2026-08-20
000001,,,,,,,,,,,,,,event,FULL_HISTORY_REVIEW,2020-08-28,2020-06-30,定期报告,1940591.8198,1940575.268,16.5518,19405918198.0,19405752680.0,165518.0,False,2020-08-28,2026-08-20
000001,,,,,,,,,,,,,,event,FULL_HISTORY_REVIEW,2021-02-02,2020-12-31,定期报告,1940591.8198,1940575.4475,16.3723,19405918198.0,19405754475.0,163723.0,False,2021-02-02,2026-08-20
000001,,,,,,,,,,,,,,event,FULL_HISTORY_REVIEW,2021-08-20,2021-06-30,定期报告,1940591.8198,1940575.4475,16.3723,19405918198.0,19405754475.0,163723.0,False,2021-08-20,2026-08-20
000001,,,,,,,,,,,,,,event,FULL_HISTORY_REVIEW,2022-03-10,2021-12-31,定期报告,1940591.8198,1940552.195,39.6248,19405918198.0,19405521950.0,396248.0,False,2022-03-10,2026-08-20
000001,,,,,,,,,,,,,,event,FULL_HISTORY_REVIEW,2022-08-18,2022-06-30,定期报告,1940591.8198,1940554.695,37.1248,19405918198.0,19405546950.0,371248.0,False,2022-08-18,2026-08-20
000001,,,,,,,,,,,,,,event,FULL_HISTORY_REVIEW,2023-03-09,2022-12-31,定期报告,1940591.8198,1940554.695,37.1248,19405918198.0,19405546950.0,371248.0,False,2023-03-09,2026-08-20
000001,,,,,,,,,,,,,,event,FULL_HISTORY_REVIEW,2023-08-24,2023-06-30,定期报告,1940591.8198,1940554.695,37.1248,19405918198.0,19405546950.0,371248.0,False,2023-08-24,2026-08-20
000001,,,,,,,,,,,,,,event,FULL_HISTORY_REVIEW,2024-03-15,2023-12-31,定期报告,1940591.8198,1940554.695,37.1248,19405918198.0,19405546950.0,371248.0,False,2024-03-15,2026-08-20
000001,,,,,,,,,,,,,,event,FULL_HISTORY_REVIEW,2024-08-16,2024-06-30,定期报告,1940591.8198,1940561.7528,30.067,19405918198.0,19405617528.0,300670.0,False,2024-08-16,2026-08-20
000001,,,,,,,,,,,,,,event,FULL_HISTORY_REVIEW,2025-03-15,2024-12-31,定期报告,1940591.8198,1940557.185,34.6348,19405918198.0,19405571850.0,346348.0,False,2025-03-15,2026-08-20
000001,,,,,,,,,,,,,,event,FULL_HISTORY_REVIEW,2025-08-23,2025-06-30,定期报告,1940591.8198,1940560.0653,31.7545,19405918198.0,19405600653.0,317545.0,False,2025-08-23,2026-08-20
000001,,,,,,,,,,,,,,event,FULL_HISTORY_REVIEW,2026-03-21,2025-12-31,定期报告,1940591.8198,1940560.0653,31.7545,19405918198.0,19405600653.0,317545.0,False,2026-03-21,2026-08-20
000001,,,,,,,,,,,,,,event,FULL_HISTORY_REVIEW,2026-08-15,2026-06-30,定期报告,1940591.8198,1940568.4991,23.3207,19405918198.0,19405684991.0,233207.0,False,2026-08-15,2026-08-20
000004,2020-01-01,2026-08-20,1.0,200.0,"[""count"", ""records"", ""resultcode"", ""resultmsg"", ""total""]",[],True,0.0,[],False,False,SUCCESS,,schema,ORIGINAL_2020_WINDOW,,,,,,,,,,,,2026-08-20
000004,1990-01-01,2026-08-20,1.0,200.0,"[""count"", ""records"", ""resultcode"", ""resultmsg"", ""total""]",[],True,0.0,[],False,False,SUCCESS,,schema,FULL_HISTORY_REVIEW,,,,,,,,,,,,2026-08-20
300344,2020-01-01,2026-08-20,1.0,200.0,"[""count"", ""records"", ""resultcode"", ""resultmsg"", ""total""]",[],True,0.0,[],False,False,SUCCESS,,schema,ORIGINAL_2020_WINDOW,,,,,,,,,,,,2026-08-20
300344,1990-01-01,2026-08-20,1.0,200.0,"[""count"", ""records"", ""resultcode"", ""resultmsg"", ""total""]",[],True,0.0,[],False,False,SUCCESS,,schema,FULL_HISTORY_REVIEW,,,,,,,,,,,,2026-08-20
688004,1990-01-01,2026-08-20,1.0,200.0,"[""count"", ""records"", ""resultcode"", ""resultmsg"", ""total""]","[""DECLAREDATE"", ""F001V"", ""F002V"", ""F003N"", ""F004N"", ""F005N"", ""F006N"", ""F007N"", ""F008N"", ""F009N"", ""F010N"", ""F011N"", ""F012N"", ""F013N"", ""F014N"", ""F015N"", ""F016N"", ""F017N"", ""F018N"", ""F019N"", ""F020N"", ""F021N"", ""F022N"", ""F023N"", ""F024N"", ""F025N"", ""F026N"", ""F027C"", ""F028N"", ""F029N"", ""F030N"", ""F031N"", ""F032N"", ""F033N"", ""F034N"", ""F035N"", ""F036N"", ""F037N"", ""F038N"", ""F040N"", ""F049N"", ""F050N"", ""ORGNAME"", ""SECCODE"", ""SECNAME"", ""VARYDATE""]",False,21.0,"[{""SECNAME"": ""博汇科技"", ""F027C"": ""0"", ""ORGNAME"": ""北京市博汇科技股份有限公司"", ""F009N"": null, ""F019N"": null, ""F029N"": null, ""F007N"": null, ""F017N"": 0.0, ""F049N"": null, ""F005N"": 0.0, ""F004N"": 0.0, ""F036N"": null, ""F014N"": 4393.585, ""F026N"": null, ""F034N"": 0.0, ""F012N"": null, ""F024N"": null, ""F032N"": 1446.585, ""F010N"": null, ""F022N"": 1286.415, ""F030N"": null, ""F020N"": null, ""F050N"": null, ""F040N"": null, ""F002V"": ""A股上市"", ""DECLAREDATE"": ""2020-06-11"", ""F008N"": null, ""SECCODE"": ""688004"", ""VARYDATE"": ""2020-06-12"", ""F018N"": null, ""F006N"": null, ""F038N"": null, ""F016N"": null, ""F028N"": 4393.585, ""F015N"": null, ""F025N"": null, ""F003N"": 5680.0, ""F037N"": null, ""F013N"": null, ""F023N"": null, ""F035N"": null, ""F011N"": null, ""F021N"": 1286.415, ""F033N"": 2947.0, ""F031N"": 4393.585, ""F001V"": ""015001""}, {""SECNAME"": ""博汇科技"", ""F027C"": ""0"", ""ORGNAME"": ""北京市博汇科技股份有限公司"", ""F009N"": null, ""F019N"": null, ""F029N"": null, ""F007N"": null, ""F017N"": null, ""F049N"": null, ""F005N"": null, ""F004N"": null, ""F036N"": 458.672, ""F014N"": 4393.585, ""F026N"": null, ""F034N"": 458.672, ""F012N"": null, ""F024N"": null, ""F032N"": 1375.585, ""F010N"": null, ""F022N"": 1286.415, ""F030N"": 71.0, ""F020N"": null, ""F050N"": null, ""F040N"": null, ""F002V"": ""定期报告"", ""DECLAREDATE"": ""2020-08-25"", ""F008N"": null, ""SECCODE"": ""688004"", ""VARYDATE"": ""2020-06-30"", ""F018N"": null, ""F006N"": null, ""F038N"": null, ""F016N"": null, ""F028N"": 4393.585, ""F015N"": null, ""F025N"": null, ""F003N"": 5680.0, ""F037N"": null, ""F013N"": null, ""F023N"": null, ""F035N"": null, ""F011N"": null, ""F021N"": 1286.415, ""F033N"": 2488.328, ""F031N"": 3863.913, ""F001V"": ""015019""}, {""SECNAME"": ""博汇科技"", ""F027C"": ""0"", ""ORGNAME"": ""北京市博汇科技股份有限公司"", ""F009N"": null, ""F019N"": null, ""F029N"": null, ""F007N"": null, ""F017N"": 0.0, ""F049N"": null, ""F005N"": 0.0, ""F004N"": 0.0, ""F036N"": 458.672, ""F014N"": 4331.0, ""F026N"": null, ""F034N"": 458.672, ""F012N"": null, ""F024N"": null, ""F032N"": 1313.0, ""F010N"": null, ""F022N"": 1349.0, ""F030N"": 71.0, ""F020N"": null, ""F050N"": null, ""F040N"": null, ""F002V"": ""限售股份上市"", ""DECLAREDATE"": ""2020-12-07"", ""F008N"": null, ""SECCODE"": ""688004"", ""VARYDATE"": ""2020-12-14"", ""F018N"": null, ""F006N"": null, ""F038N"": null, ""F016N"": null, ""F028N"": 4331.0, ""F015N"": null, ""F025N"": null, ""F003N"": 5680.0, ""F037N"": null, ""F013N"": null, ""F023N"": null, ""F035N"": null, ""F011N"": null, ""F021N"": 1349.0, ""F033N"": 2488.328, ""F031N"": 3801.328, ""F001V"": ""015027""}]",True,True,SUCCESS,,schema,FULL_HISTORY_REVIEW,,,,,,,,,,,,2026-08-20
688004,,,,,,,,,,,,,,event,FULL_HISTORY_REVIEW,2020-06-11,2020-06-12,A股上市,5680.0,1286.415,4393.585,56800000.0,12864150.0,43935850.0,False,2020-06-12,2026-08-20
688004,,,,,,,,,,,,,,event,FULL_HISTORY_REVIEW,2020-08-25,2020-06-30,定期报告,5680.0,1286.415,4393.585,56800000.0,12864150.0,43935850.0,False,2020-08-25,2026-08-20
688004,,,,,,,,,,,,,,event,FULL_HISTORY_REVIEW,2020-12-07,2020-12-14,限售股份上市,5680.0,1349.0,4331.0,56800000.0,13490000.0,43310000.0,False,2020-12-14,2026-08-20
688004,,,,,,,,,,,,,,event,FULL_HISTORY_REVIEW,2021-04-20,2020-12-31,定期报告,5680.0,1374.53,4305.47,56800000.0,13745300.0,43054700.0,False,2021-04-20,2026-08-20
688004,,,,,,,,,,,,,,event,FULL_HISTORY_REVIEW,2021-06-07,2021-06-15,限售股份上市,5680.0,3938.862,1741.138,56800000.0,39388620.0,17411380.0,False,2021-06-15,2026-08-20
688004,,,,,,,,,,,,,,event,FULL_HISTORY_REVIEW,2021-08-20,2021-06-30,定期报告,5680.0,3951.902,1728.098,56800000.0,39519020.0,17280980.0,False,2021-08-20,2026-08-20
688004,,,,,,,,,,,,,,event,FULL_HISTORY_REVIEW,2022-04-12,2021-12-31,定期报告,5680.0,3977.762,1702.238,56800000.0,39777620.0,17022380.0,False,2022-04-12,2026-08-20
688004,,,,,,,,,,,,,,event,FULL_HISTORY_REVIEW,2022-06-06,2022-06-13,限售股份上市,5680.0,4048.762,1631.238,56800000.0,40487620.0,16312380.0,False,2022-06-13,2026-08-20
688004,,,,,,,,,,,,,,event,FULL_HISTORY_REVIEW,2022-08-26,2022-06-30,定期报告,5680.0,3984.332,1695.668,56800000.0,39843320.0,16956680.0,False,2022-08-26,2026-08-20
688004,,,,,,,,,,,,,,event,FULL_HISTORY_REVIEW,2023-04-12,2022-12-31,定期报告,5680.0,3984.332,1695.668,56800000.0,39843320.0,16956680.0,False,2023-04-12,2026-08-20
688004,,,,,,,,,,,,,,event,FULL_HISTORY_REVIEW,2023-06-05,2023-06-12,限售股份上市,5680.0,4651.999,1028.001,56800000.0,46519990.0,10280010.0,False,2023-06-12,2026-08-20
688004,,,,,,,,,,,,,,event,FULL_HISTORY_REVIEW,2023-08-25,2023-06-30,定期报告,5680.0,5680.0,,56800000.0,56800000.0,,False,2023-08-25,2026-08-20
688004,,,,,,,,,,,,,,event,FULL_HISTORY_REVIEW,2024-04-18,2023-12-31,定期报告,5680.0,5680.0,,56800000.0,56800000.0,,False,2024-04-18,2026-08-20
688004,,,,,,,,,,,,,,event,FULL_HISTORY_REVIEW,2024-05-24,2024-05-30,转增,8008.8,8008.8,,80088000.0,80088000.0,,False,2024-05-30,2026-08-20
688004,,,,,,,,,,,,,,event,FULL_HISTORY_REVIEW,2024-08-22,2024-06-30,定期报告,8008.8,8008.8,,80088000.0,80088000.0,,False,2024-08-22,2026-08-20
688004,,,,,,,,,,,,,,event,FULL_HISTORY_REVIEW,2024-10-09,2024-09-30,其他,8008.8,8008.8,,80088000.0,80088000.0,,False,2024-10-09,2026-08-20
688004,,,,,,,,,,,,,,event,FULL_HISTORY_REVIEW,2025-04-18,2024-12-31,定期报告,8008.8,8008.8,,80088000.0,80088000.0,,False,2025-04-18,2026-08-20
688004,,,,,,,,,,,,,,event,FULL_HISTORY_REVIEW,2025-08-22,2025-06-30,定期报告,8008.8,8008.8,,80088000.0,80088000.0,,False,2025-08-22,2026-08-20
688004,,,,,,,,,,,,,,event,FULL_HISTORY_REVIEW,2025-10-10,2025-10-06,其他,8008.8,8008.8,,80088000.0,80088000.0,,False,2025-10-10,2026-08-20
688004,,,,,,,,,,,,,,event,FULL_HISTORY_REVIEW,2026-04-17,2025-12-31,定期报告,8008.8,8008.8,,80088000.0,80088000.0,,False,2026-04-17,2026-08-20
688816,1990-01-01,2026-08-20,1.0,200.0,"[""count"", ""records"", ""resultcode"", ""resultmsg"", ""total""]","[""DECLAREDATE"", ""F001V"", ""F002V"", ""F003N"", ""F004N"", ""F005N"", ""F006N"", ""F007N"", ""F008N"", ""F009N"", ""F010N"", ""F011N"", ""F012N"", ""F013N"", ""F014N"", ""F015N"", ""F016N"", ""F017N"", ""F018N"", ""F019N"", ""F020N"", ""F021N"", ""F022N"", ""F023N"", ""F024N"", ""F025N"", ""F026N"", ""F027C"", ""F028N"", ""F029N"", ""F030N"", ""F031N"", ""F032N"", ""F033N"", ""F034N"", ""F035N"", ""F036N"", ""F037N"", ""F038N"", ""F040N"", ""F049N"", ""F050N"", ""ORGNAME"", ""SECCODE"", ""SECNAME"", ""VARYDATE""]",False,3.0,"[{""SECNAME"": ""易思维"", ""F027C"": ""0"", ""ORGNAME"": ""易思维(杭州)科技股份有限公司"", ""F009N"": null, ""F019N"": null, ""F029N"": null, ""F007N"": null, ""F017N"": null, ""F049N"": null, ""F005N"": 7500.0, ""F004N"": 7500.0, ""F036N"": null, ""F014N"": null, ""F026N"": null, ""F034N"": 0.0, ""F012N"": null, ""F024N"": null, ""F032N"": null, ""F010N"": 1980.9721, ""F022N"": null, ""F030N"": null, ""F020N"": null, ""F050N"": null, ""F040N"": null, ""F002V"": ""定期报告"", ""DECLAREDATE"": ""2026-04-18"", ""F008N"": 5519.0279, ""SECCODE"": ""688816"", ""VARYDATE"": ""2025-12-31"", ""F018N"": null, ""F006N"": null, ""F038N"": null, ""F016N"": null, ""F028N"": null, ""F015N"": null, ""F025N"": null, ""F003N"": 7500.0, ""F037N"": null, ""F013N"": null, ""F023N"": null, ""F035N"": null, ""F011N"": null, ""F021N"": 0.0, ""F033N"": null, ""F031N"": 0.0, ""F001V"": ""015019""}, {""SECNAME"": ""易思维"", ""F027C"": ""0"", ""ORGNAME"": ""易思维(杭州)科技股份有限公司"", ""F009N"": null, ""F019N"": null, ""F029N"": null, ""F007N"": null, ""F017N"": null, ""F049N"": null, ""F005N"": 0.0, ""F004N"": 0.0, ""F036N"": null, ""F014N"": 8071.5758, ""F026N"": null, ""F034N"": 0.0, ""F012N"": null, ""F024N"": null, ""F032N"": 6090.6037, ""F010N"": null, ""F022N"": 1928.4242, ""F030N"": null, ""F020N"": null, ""F050N"": null, ""F040N"": null, ""F002V"": ""A股上市"", ""DECLAREDATE"": ""2026-02-10"", ""F008N"": null, ""SECCODE"": ""688816"", ""VARYDATE"": ""2026-02-11"", ""F018N"": null, ""F006N"": null, ""F038N"": null, ""F016N"": null, ""F028N"": 8071.5758, ""F015N"": null, ""F025N"": null, ""F003N"": 10000.0, ""F037N"": null, ""F013N"": null, ""F023N"": null, ""F035N"": null, ""F011N"": null, ""F021N"": 1928.4242, ""F033N"": 1980.9721, ""F031N"": 8071.5758, ""F001V"": ""015001""}, {""SECNAME"": ""易思维"", ""F027C"": ""1"", ""ORGNAME"": ""易思维(杭州)科技股份有限公司"", ""F009N"": null, ""F019N"": null, ""F029N"": null, ""F007N"": null, ""F017N"": null, ""F049N"": null, ""F005N"": null, ""F004N"": null, ""F036N"": null, ""F014N"": 7946.3982, ""F026N"": null, ""F034N"": null, ""F012N"": null, ""F024N"": null, ""F032N"": 5965.4261, ""F010N"": null, ""F022N"": 2053.6018, ""F030N"": null, ""F020N"": null, ""F050N"": null, ""F040N"": null, ""F002V"": ""限售股份上市"", ""DECLAREDATE"": ""2026-08-01"", ""F008N"": null, ""SECCODE"": ""688816"", ""VARYDATE"": ""2026-08-11"", ""F018N"": null, ""F006N"": null, ""F038N"": null, ""F016N"": null, ""F028N"": 7946.3982, ""F015N"": null, ""F025N"": null, ""F003N"": 10000.0, ""F037N"": null, ""F013N"": null, ""F023N"": null, ""F035N"": null, ""F011N"": null, ""F021N"": 2053.6018, ""F033N"": 1980.9721, ""F031N"": 7946.3982, ""F001V"": ""015027""}]",True,True,SUCCESS,,schema,FULL_HISTORY_REVIEW,,,,,,,,,,,,2026-08-20
688816,,,,,,,,,,,,,,event,FULL_HISTORY_REVIEW,2026-02-10,2026-02-11,A股上市,10000.0,1928.4242,8071.5758,100000000.0,19284242.0,80715758.0,False,2026-02-11,2026-08-20
688816,,,,,,,,,,,,,,event,FULL_HISTORY_REVIEW,2026-04-18,2025-12-31,定期报告,7500.0,0.0,,75000000.0,0.0,,False,2026-04-18,2026-08-20
688816,,,,,,,,,,,,,,event,FULL_HISTORY_REVIEW,2026-08-01,2026-08-11,限售股份上市,10000.0,2053.6018,7946.3982,100000000.0,20536018.0,79463982.0,False,2026-08-11,2026-08-20
301683,1990-01-01,2026-08-20,1.0,200.0,"[""count"", ""records"", ""resultcode"", ""resultmsg"", ""total""]","[""DECLAREDATE"", ""F001V"", ""F002V"", ""F003N"", ""F004N"", ""F005N"", ""F006N"", ""F007N"", ""F008N"", ""F009N"", ""F010N"", ""F011N"", ""F012N"", ""F013N"", ""F014N"", ""F015N"", ""F016N"", ""F017N"", ""F018N"", ""F019N"", ""F020N"", ""F021N"", ""F022N"", ""F023N"", ""F024N"", ""F025N"", ""F026N"", ""F027C"", ""F028N"", ""F029N"", ""F030N"", ""F031N"", ""F032N"", ""F033N"", ""F034N"", ""F035N"", ""F036N"", ""F037N"", ""F038N"", ""F040N"", ""F049N"", ""F050N"", ""ORGNAME"", ""SECCODE"", ""SECNAME"", ""VARYDATE""]",False,3.0,"[{""SECNAME"": ""慧谷新材"", ""F027C"": ""0"", ""ORGNAME"": ""广州慧谷新材料科技股份有限公司"", ""F009N"": null, ""F019N"": null, ""F029N"": null, ""F007N"": null, ""F017N"": null, ""F049N"": null, ""F005N"": 4733.73, ""F004N"": 4733.73, ""F036N"": null, ""F014N"": null, ""F026N"": null, ""F034N"": null, ""F012N"": null, ""F024N"": null, ""F032N"": null, ""F010N"": 558.75, ""F022N"": null, ""F030N"": null, ""F020N"": null, ""F050N"": null, ""F040N"": null, ""F002V"": ""定期报告"", ""DECLAREDATE"": ""2026-04-29"", ""F008N"": 4174.98, ""SECCODE"": ""301683"", ""VARYDATE"": ""2025-12-31"", ""F018N"": null, ""F006N"": null, ""F038N"": null, ""F016N"": null, ""F028N"": null, ""F015N"": null, ""F025N"": null, ""F003N"": 4733.73, ""F037N"": null, ""F013N"": null, ""F023N"": null, ""F035N"": null, ""F011N"": null, ""F021N"": null, ""F033N"": null, ""F031N"": null, ""F001V"": ""015019""}, {""SECNAME"": ""慧谷新材"", ""F027C"": ""0"", ""ORGNAME"": ""广州慧谷新材料科技股份有限公司"", ""F009N"": null, ""F019N"": null, ""F029N"": null, ""F007N"": null, ""F017N"": null, ""F049N"": null, ""F005N"": 0.0, ""F004N"": 0.0, ""F036N"": null, ""F014N"": 4885.075, ""F026N"": null, ""F034N"": 0.0, ""F012N"": null, ""F024N"": null, ""F032N"": 4326.325, ""F010N"": null, ""F022N"": 1426.565, ""F030N"": null, ""F020N"": null, ""F050N"": null, ""F040N"": null, ""F002V"": ""A股上市"", ""DECLAREDATE"": ""2026-03-31"", ""F008N"": null, ""SECCODE"": ""301683"", ""VARYDATE"": ""2026-04-01"", ""F018N"": null, ""F006N"": null, ""F038N"": null, ""F016N"": null, ""F028N"": 4885.075, ""F015N"": null, ""F025N"": null, ""F003N"": 6311.64, ""F037N"": null, ""F013N"": null, ""F023N"": null, ""F035N"": null, ""F011N"": null, ""F021N"": 1426.565, ""F033N"": 558.75, ""F031N"": 4885.075, ""F001V"": ""015001""}, {""SECNAME"": ""慧谷新材"", ""F027C"": ""1"", ""ORGNAME"": ""广州慧谷新材料科技股份有限公司"", ""F009N"": null, ""F019N"": null, ""F029N"": null, ""F007N"": null, ""F017N"": null, ""F049N"": null, ""F005N"": null, ""F004N"": null, ""F036N"": null, ""F014N"": 4885.075, ""F026N"": null, ""F034N"": 0.0914, ""F012N"": null, ""F024N"": null, ""F032N"": 4325.9933, ""F010N"": null, ""F022N"": 1426.565, ""F030N"": 0.1972, ""F020N"": null, ""F050N"": null, ""F040N"": null, ""F002V"": ""定期报告"", ""DECLAREDATE"": ""2026-08-24"", ""F008N"": null, ""SECCODE"": ""301683"", ""VARYDATE"": ""2026-06-30"", ""F018N"": null, ""F006N"": null, ""F038N"": null, ""F016N"": null, ""F028N"": 4885.075, ""F015N"": null, ""F025N"": null, ""F003N"": 6311.64, ""F037N"": null, ""F013N"": null, ""F023N"": null, ""F035N"": 0.0914, ""F011N"": null, ""F021N"": 1426.565, ""F033N"": 558.7931, ""F031N"": 4884.7864, ""F001V"": ""015019""}]",True,True,SUCCESS,,schema,FULL_HISTORY_REVIEW,,,,,,,,,,,,2026-08-20
301683,,,,,,,,,,,,,,event,FULL_HISTORY_REVIEW,2026-03-31,2026-04-01,A股上市,6311.64,1426.565,4885.075,63116400.0,14265650.0,48850750.0,False,2026-04-01,2026-08-20
301683,,,,,,,,,,,,,,event,FULL_HISTORY_REVIEW,2026-04-29,2025-12-31,定期报告,4733.73,,,47337299.99999999,,,False,2026-04-29,2026-08-20
001220,1990-01-01,2026-08-20,1.0,200.0,"[""count"", ""records"", ""resultcode"", ""resultmsg"", ""total""]","[""DECLAREDATE"", ""F001V"", ""F002V"", ""F003N"", ""F004N"", ""F005N"", ""F006N"", ""F007N"", ""F008N"", ""F009N"", ""F010N"", ""F011N"", ""F012N"", ""F013N"", ""F014N"", ""F015N"", ""F016N"", ""F017N"", ""F018N"", ""F019N"", ""F020N"", ""F021N"", ""F022N"", ""F023N"", ""F024N"", ""F025N"", ""F026N"", ""F027C"", ""F028N"", ""F029N"", ""F030N"", ""F031N"", ""F032N"", ""F033N"", ""F034N"", ""F035N"", ""F036N"", ""F037N"", ""F038N"", ""F040N"", ""F049N"", ""F050N"", ""ORGNAME"", ""SECCODE"", ""SECNAME"", ""VARYDATE""]",False,4.0,"[{""SECNAME"": ""世盟股份"", ""F027C"": ""0"", ""ORGNAME"": ""世盟供应链管理股份有限公司"", ""F009N"": null, ""F019N"": null, ""F029N"": null, ""F007N"": null, ""F017N"": null, ""F049N"": null, ""F005N"": 6921.75, ""F004N"": 6921.75, ""F036N"": null, ""F014N"": null, ""F026N"": null, ""F034N"": null, ""F012N"": null, ""F024N"": null, ""F032N"": null, ""F010N"": 3759.375, ""F022N"": null, ""F030N"": null, ""F020N"": null, ""F050N"": null, ""F040N"": null, ""F002V"": ""定期报告"", ""DECLAREDATE"": ""2026-04-29"", ""F008N"": 3162.375, ""SECCODE"": ""001220"", ""VARYDATE"": ""2025-12-31"", ""F018N"": null, ""F006N"": null, ""F038N"": null, ""F016N"": null, ""F028N"": null, ""F015N"": null, ""F025N"": null, ""F003N"": 6921.75, ""F037N"": null, ""F013N"": null, ""F023N"": null, ""F035N"": null, ""F011N"": null, ""F021N"": null, ""F033N"": null, ""F031N"": null, ""F001V"": ""015019""}, {""SECNAME"": ""世盟股份"", ""F027C"": ""0"", ""ORGNAME"": ""世盟供应链管理股份有限公司"", ""F009N"": null, ""F019N"": null, ""F029N"": null, ""F007N"": null, ""F017N"": null, ""F049N"": null, ""F005N"": 0.0, ""F004N"": 0.0, ""F036N"": null, ""F014N"": 6968.1352, ""F026N"": null, ""F034N"": 0.0, ""F012N"": null, ""F024N"": null, ""F032N"": 3208.7602, ""F010N"": null, ""F022N"": 2260.8648, ""F030N"": null, ""F020N"": null, ""F050N"": null, ""F040N"": null, ""F002V"": ""A股上市"", ""DECLAREDATE"": ""2026-02-02"", ""F008N"": null, ""SECCODE"": ""001220"", ""VARYDATE"": ""2026-02-03"", ""F018N"": null, ""F006N"": null, ""F038N"": null, ""F016N"": null, ""F028N"": 6968.1352, ""F015N"": null, ""F025N"": null, ""F003N"": 9229.0, ""F037N"": null, ""F013N"": null, ""F023N"": null, ""F035N"": null, ""F011N"": null, ""F021N"": 2260.8648, ""F033N"": 3759.375, ""F031N"": 6968.1352, ""F001V"": ""015001""}, {""SECNAME"": ""世盟股份"", ""F027C"": ""0"", ""ORGNAME"": ""世盟供应链管理股份有限公司"", ""F009N"": null, ""F019N"": null, ""F029N"": null, ""F007N"": null, ""F017N"": null, ""F049N"": null, ""F005N"": null, ""F004N"": null, ""F036N"": 0.0091, ""F014N"": 6968.1352, ""F026N"": null, ""F034N"": 0.071, ""F012N"": null, ""F024N"": null, ""F032N"": 3207.8642, ""F010N"": null, ""F022N"": 2260.8648, ""F030N"": 0.0858, ""F020N"": null, ""F050N"": null, ""F040N"": null, ""F002V"": ""定期报告"", ""DECLAREDATE"": ""2026-08-26"", ""F008N"": null, ""SECCODE"": ""001220"", ""VARYDATE"": ""2026-06-30"", ""F018N"": null, ""F006N"": null, ""F038N"": null, ""F016N"": null, ""F028N"": 6968.1352, ""F015N"": null, ""F025N"": null, ""F003N"": 9229.0, ""F037N"": null, ""F013N"": null, ""F023N"": null, ""F035N"": 0.0619, ""F011N"": null, ""F021N"": 2260.8648, ""F033N"": 3760.1142, ""F031N"": 6967.9784, ""F001V"": ""015019""}]",True,True,SUCCESS,,schema,FULL_HISTORY_REVIEW,,,,,,,,,,,,2026-08-20
001220,,,,,,,,,,,,,,event,FULL_HISTORY_REVIEW,2026-02-02,2026-02-03,A股上市,9229.0,2260.8648,6968.1352,92290000.0,22608648.0,69681352.0,False,2026-02-03,2026-08-20
001220,,,,,,,,,,,,,,event,FULL_HISTORY_REVIEW,2026-04-29,2025-12-31,定期报告,6921.75,,,69217500.0,,,False,2026-04-29,2026-08-20
001220,,,,,,,,,,,,,,event,FULL_HISTORY_REVIEW,2026-07-30,2026-08-03,限售股份上市,9229.0,2307.25,6921.75,92290000.0,23072500.0,69217500.0,False,2026-08-03,2026-08-20
603284,1990-01-01,2026-08-20,1.0,200.0,"[""count"", ""records"", ""resultcode"", ""resultmsg"", ""total""]","[""DECLAREDATE"", ""F001V"", ""F002V"", ""F003N"", ""F004N"", ""F005N"", ""F006N"", ""F007N"", ""F008N"", ""F009N"", ""F010N"", ""F011N"", ""F012N"", ""F013N"", ""F014N"", ""F015N"", ""F016N"", ""F017N"", ""F018N"", ""F019N"", ""F020N"", ""F021N"", ""F022N"", ""F023N"", ""F024N"", ""F025N"", ""F026N"", ""F027C"", ""F028N"", ""F029N"", ""F030N"", ""F031N"", ""F032N"", ""F033N"", ""F034N"", ""F035N"", ""F036N"", ""F037N"", ""F038N"", ""F040N"", ""F049N"", ""F050N"", ""ORGNAME"", ""SECCODE"", ""SECNAME"", ""VARYDATE""]",False,4.0,"[{""SECNAME"": ""林平发展"", ""F027C"": ""0"", ""ORGNAME"": ""安徽林平循环发展股份有限公司"", ""F009N"": null, ""F019N"": null, ""F029N"": null, ""F007N"": 656.11, ""F017N"": null, ""F049N"": null, ""F005N"": 5656.11, ""F004N"": 5656.11, ""F036N"": null, ""F014N"": null, ""F026N"": null, ""F034N"": 0.0, ""F012N"": null, ""F024N"": null, ""F032N"": null, ""F010N"": 4800.0, ""F022N"": null, ""F030N"": null, ""F020N"": null, ""F050N"": null, ""F040N"": null, ""F002V"": ""定期报告"", ""DECLAREDATE"": ""2026-04-21"", ""F008N"": 200.0, ""SECCODE"": ""603284"", ""VARYDATE"": ""2025-12-31"", ""F018N"": null, ""F006N"": null, ""F038N"": null, ""F016N"": null, ""F028N"": null, ""F015N"": null, ""F025N"": null, ""F003N"": 5656.11, ""F037N"": null, ""F013N"": null, ""F023N"": null, ""F035N"": null, ""F011N"": null, ""F021N"": 0.0, ""F033N"": null, ""F031N"": 0.0, ""F001V"": ""015019""}, {""SECNAME"": ""林平发展"", ""F027C"": ""0"", ""ORGNAME"": ""安徽林平循环发展股份有限公司"", ""F009N"": null, ""F019N"": null, ""F029N"": null, ""F007N"": null, ""F017N"": null, ""F049N"": null, ""F005N"": 0.0, ""F004N"": 0.0, ""F036N"": null, ""F014N"": 5694.1397, ""F026N"": null, ""F034N"": 0.0, ""F012N"": null, ""F024N"": null, ""F032N"": 238.0297, ""F010N"": null, ""F022N"": 1847.3403, ""F030N"": 656.11, ""F020N"": null, ""F050N"": null, ""F040N"": null, ""F002V"": ""A股上市"", ""DECLAREDATE"": ""2026-02-09"", ""F008N"": null, ""SECCODE"": ""603284"", ""VARYDATE"": ""2026-02-10"", ""F018N"": null, ""F006N"": null, ""F038N"": null, ""F016N"": null, ""F028N"": 5694.1397, ""F015N"": null, ""F025N"": null, ""F003N"": 7541.48, ""F037N"": null, ""F013N"": null, ""F023N"": null, ""F035N"": null, ""F011N"": null, ""F021N"": 1847.3403, ""F033N"": 4800.0, ""F031N"": 5038.0297, ""F001V"": ""015001""}, {""SECNAME"": ""林平发展"", ""F027C"": ""0"", ""ORGNAME"": ""安徽林平循环发展股份有限公司"", ""F009N"": null, ""F019N"": null, ""F029N"": null, ""F007N"": null, ""F017N"": null, ""F049N"": null, ""F005N"": null, ""F004N"": null, ""F036N"": null, ""F014N"": 5694.1397, ""F026N"": null, ""F034N"": 0.0487, ""F012N"": null, ""F024N"": null, ""F032N"": 237.0528, ""F010N"": null, ""F022N"": 1847.3403, ""F030N"": 656.2322, ""F020N"": null, ""F050N"": null, ""F040N"": null, ""F002V"": ""定期报告"", ""DECLAREDATE"": ""2026-08-18"", ""F008N"": null, ""SECCODE"": ""603284"", ""VARYDATE"": ""2026-06-30"", ""F018N"": null, ""F006N"": null, ""F038N"": null, ""F016N"": null, ""F028N"": 5694.1397, ""F015N"": null, ""F025N"": null, ""F003N"": 7541.48, ""F037N"": null, ""F013N"": null, ""F023N"": null, ""F035N"": 0.0487, ""F011N"": null, ""F021N"": 1847.3403, ""F033N"": 4800.806, ""F031N"": 5037.8588, ""F001V"": ""015019""}]",True,True,SUCCESS,,schema,FULL_HISTORY_REVIEW,,,,,,,,,,,,2026-08-20
603284,,,,,,,,,,,,,,event,FULL_HISTORY_REVIEW,2026-02-09,2026-02-10,A股上市,7541.48,1847.3403,5694.1397,75414800.0,18473403.0,56941397.0,False,2026-02-10,2026-08-20
603284,,,,,,,,,,,,,,event,FULL_HISTORY_REVIEW,2026-04-21,2025-12-31,定期报告,5656.11,0.0,,56561100.0,0.0,,False,2026-04-21,2026-08-20
603284,,,,,,,,,,,,,,event,FULL_HISTORY_REVIEW,2026-08-05,2026-08-10,限售股份上市,7541.48,1885.37,5656.11,75414800.0,18853700.0,56561100.0,False,2026-08-10,2026-08-20
603284,,,,,,,,,,,,,,event,FULL_HISTORY_REVIEW,2026-08-18,2026-06-30,定期报告,7541.48,1847.3403,5694.1397,75414800.0,18473403.0,56941397.0,False,2026-08-18,2026-08-20
000002,1990-01-01,2026-08-20,1.0,200.0,"[""count"", ""records"", ""resultcode"", ""resultmsg"", ""total""]","[""DECLAREDATE"", ""F001V"", ""F002V"", ""F003N"", ""F004N"", ""F005N"", ""F006N"", ""F007N"", ""F008N"", ""F009N"", ""F010N"", ""F011N"", ""F012N"", ""F013N"", ""F014N"", ""F015N"", ""F016N"", ""F017N"", ""F018N"", ""F019N"", ""F020N"", ""F021N"", ""F022N"", ""F023N"", ""F024N"", ""F025N"", ""F026N"", ""F027C"", ""F028N"", ""F029N"", ""F030N"", ""F031N"", ""F032N"", ""F033N"", ""F034N"", ""F035N"", ""F036N"", ""F037N"", ""F038N"", ""F040N"", ""F049N"", ""F050N"", ""ORGNAME"", ""SECCODE"", ""SECNAME"", ""VARYDATE""]",False,109.0,"[{""SECNAME"": ""万  科Ａ"", ""F027C"": ""0"", ""ORGNAME"": ""万科企业股份有限公司"", ""F009N"": 0.0, ""F019N"": 0.0, ""F029N"": null, ""F007N"": 0.0, ""F017N"": 0.0, ""F049N"": null, ""F005N"": 1324.668, ""F004N"": 1324.668, ""F036N"": null, ""F014N"": 0.0, ""F026N"": 0.0, ""F034N"": 0.0, ""F012N"": 0.0, ""F024N"": 0.0, ""F032N"": null, ""F010N"": null, ""F022N"": 2800.0, ""F030N"": null, ""F020N"": 0.0, ""F050N"": null, ""F040N"": null, ""F002V"": ""A股上市"", ""DECLAREDATE"": ""1998-10-10"", ""F008N"": 529.8672, ""SECCODE"": ""000002"", ""VARYDATE"": ""1991-01-29"", ""F018N"": 0.0, ""F006N"": 794.8008, ""F038N"": null, ""F016N"": 0.0, ""F028N"": 0.0, ""F015N"": 0.0, ""F025N"": 0.0, ""F003N"": 4124.668, ""F037N"": null, ""F013N"": 0.0, ""F023N"": 0.0, ""F035N"": null, ""F011N"": 0.0, ""F021N"": 2800.0, ""F033N"": null, ""F031N"": 0.0, ""F001V"": ""015001""}, {""SECNAME"": ""万  科Ａ"", ""F027C"": ""0"", ""ORGNAME"": ""万科企业股份有限公司"", ""F009N"": 0.0, ""F019N"": 0.0, ""F029N"": null, ""F007N"": 0.0, ""F017N"": 0.0, ""F049N"": null, ""F005N"": 3563.8052, ""F004N"": 3563.8052, ""F036N"": null, ""F014N"": null, ""F026N"": 0.0, ""F034N"": null, ""F012N"": 0.0, ""F024N"": 0.0, ""F032N"": null, ""F010N"": null, ""F022N"": 5672.6559, ""F030N"": null, ""F020N"": 0.0, ""F050N"": null, ""F040N"": null, ""F002V"": ""定期报告"", ""DECLAREDATE"": ""1992-04-30"", ""F008N"": 2004.3527, ""SECCODE"": ""000002"", ""VARYDATE"": ""1991-12-31"", ""F018N"": 0.0, ""F006N"": 1559.4525, ""F038N"": null, ""F016N"": 0.0, ""F028N"": 0.0, ""F015N"": 0.0, ""F025N"": 0.0, ""F003N"": 9236.4611, ""F037N"": null, ""F013N"": 0.0, ""F023N"": 0.0, ""F035N"": null, ""F011N"": 0.0, ""F021N"": 5672.6559, ""F033N"": null, ""F031N"": null, ""F001V"": ""015019""}, {""SECNAME"": ""万  科Ａ"", ""F027C"": ""0"", ""ORGNAME"": ""万科企业股份有限公司"", ""F009N"": 0.0, ""F019N"": 0.0, ""F029N"": null, ""F007N"": 0.0, ""F017N"": 0.0, ""F049N"": null, ""F005N"": 3563.8052, ""F004N"": 3563.8052, ""F036N"": null, ""F014N"": null, ""F026N"": 0.0, ""F034N"": null, ""F012N"": 0.0, ""F024N"": 0.0, ""F032N"": null, ""F010N"": 0.0, ""F022N"": 5672.6559, ""F030N"": null, ""F020N"": 0.0, ""F050N"": null, ""F040N"": null, ""F002V"": ""定期报告"", ""DECLAREDATE"": ""1993-03-21"", ""F008N"": 2004.3527, ""SECCODE"": ""000002"", ""VARYDATE"": ""1992-12-31"", ""F018N"": 0.0, ""F006N"": 1559.4525, ""F038N"": null, ""F016N"": 0.0, ""F028N"": 0.0, ""F015N"": 0.0, ""F025N"": 0.0, ""F003N"": 9236.4611, ""F037N"": null, ""F013N"": 0.0, ""F023N"": 0.0, ""F035N"": null, ""F011N"": 0.0, ""F021N"": 5672.6559, ""F033N"": null, ""F031N"": null, ""F001V"": ""015019""}]",True,True,SUCCESS,,schema,FULL_HISTORY_REVIEW,,,,,,,,,,,,2026-08-20
000002,,,,,,,,,,,,,,event,FULL_HISTORY_REVIEW,1992-04-30,1991-12-31,定期报告,9236.4611,5672.6559,0.0,92364611.0,56726559.0,0.0,False,1992-04-30,2026-08-20
000002,,,,,,,,,,,,,,event,FULL_HISTORY_REVIEW,,1993-01-11,"送股,转增",13855.0,8509.0,0.0,138550000.0,85090000.0,0.0,True,1993-01-11,2026-08-20
000002,,,,,,,,,,,,,,event,FULL_HISTORY_REVIEW,1993-03-21,1992-12-31,定期报告,9236.4611,5672.6559,0.0,92364611.0,56726559.0,0.0,False,1993-03-21,2026-08-20
000002,,,,,,,,,,,,,,event,FULL_HISTORY_REVIEW,,1993-04-05,"送股,转增",13855.0,8509.0,0.0,138550000.0,85090000.0,0.0,True,1993-04-05,2026-08-20
000002,,,,,,,,,,,,,,event,FULL_HISTORY_REVIEW,1993-05-24,1993-05-28,B股上市,18355.0,13009.0,0.0,183550000.0,130090000.0,0.0,False,1993-05-28,2026-08-20
000002,,,,,,,,,,,,,,event,FULL_HISTORY_REVIEW,1994-04-26,1993-12-31,定期报告,18355.0,13009.0,0.0,183550000.0,130090000.0,0.0,False,1994-04-26,2026-08-20
000002,,,,,,,,,,,,,,event,FULL_HISTORY_REVIEW,1994-06-02,1994-06-21,送股,24295.5336,19220.6405,0.0,242955336.0,192206405.0,0.0,False,1994-06-21,2026-08-20
000002,,,,,,,,,,,,,,event,FULL_HISTORY_REVIEW,1995-04-24,1994-12-31,定期报告,24295.5336,19220.6405,0.0,242955336.0,192206405.0,0.0,False,1995-04-24,2026-08-20
000002,,,,,,,,,,,,,,event,FULL_HISTORY_REVIEW,1995-06-22,1995-07-04,送股,28822.5136,22103.7372,0.0,288225136.0,221037372.0,0.0,False,1995-07-04,2026-08-20
000002,,,,,,,,,,,,,,event,FULL_HISTORY_REVIEW,1995-08-23,1995-06-30,定期报告,27939.8637,22103.7366,0.0,279398637.0,221037366.0,0.0,False,1995-08-23,2026-08-20
000002,,,,,,,,,,,,,,event,FULL_HISTORY_REVIEW,1996-04-25,1995-12-31,定期报告,28822.5136,22103.7372,0.0,288225136.0,221037372.0,0.0,False,1996-04-25,2026-08-20
000002,,,,,,,,,,,,,,event,FULL_HISTORY_REVIEW,1996-07-19,1996-08-06,送股,31704.7649,24203.7702,0.0,317047649.0,242037702.0,0.0,False,1996-08-06,2026-08-20
000002,,,,,,,,,,,,,,event,FULL_HISTORY_REVIEW,1996-08-28,1996-06-30,定期报告,28822.5136,22103.7372,0.0,288225136.0,221037372.0,0.0,False,1996-08-28,2026-08-20
000002,,,,,,,,,,,,,,event,FULL_HISTORY_REVIEW,1997-05-24,1996-12-31,定期报告,31704.7649,24203.7702,0.0,317047649.0,242037702.0,0.0,False,1997-05-24,2026-08-20
000002,,,,,,,,,,,,,,event,FULL_HISTORY_REVIEW,1997-06-19,1997-06-27,送股,36460.4796,28041.0865,0.0,364604796.0,280410865.0,0.0,False,1997-06-27,2026-08-20
000002,,,,,,,,,,,,,,event,FULL_HISTORY_REVIEW,1997-08-15,1997-06-30,定期报告,36460.4796,28041.0865,0.0,364604796.0,280410865.0,0.0,False,1997-08-15,2026-08-20
000002,,,,,,,,,,,,,,event,FULL_HISTORY_REVIEW,1997-07-14,1997-08-22,配股上市,45085.7423,34670.9537,0.0,450857423.0,346709537.0,0.0,False,1997-08-22,2026-08-20
000002,,,,,,,,,,,,,,event,FULL_HISTORY_REVIEW,,1997-12-31,定期报告,45085.7423,34670.9537,0.0,450857423.0,346709537.0,0.0,True,1997-12-31,2026-08-20
000002,,,,,,,,,,,,,,event,FULL_HISTORY_REVIEW,,1998-06-30,定期报告,45085.7423,34670.9537,0.0,450857423.0,346709537.0,0.0,True,1998-06-30,2026-08-20
000002,,,,,,,,,,,,,,event,FULL_HISTORY_REVIEW,1998-07-10,1998-07-10,"送股,转增",49594.3165,38138.0493,0.0,495943165.0,381380493.0,0.0,False,1998-07-10,2026-08-20
000002,,,,,,,,,,,,,,event,FULL_HISTORY_REVIEW,1998-10-10,1991-01-29,A股上市,4124.668,2800.0,0.0,41246680.0,28000000.0,0.0,False,1998-10-10,2026-08-20
000002,,,,,,,,,,,,,,event,FULL_HISTORY_REVIEW,1998-12-02,1998-12-02,职工股上市,49594.3165,39548.6791,0.0,495943165.0,395486791.0,0.0,False,1998-12-02,2026-08-20
000002,,,,,,,,,,,,,,event,FULL_HISTORY_REVIEW,,1998-12-31,定期报告,49594.3165,39548.6789,0.0,495943165.0,395486789.0,0.0,True,1998-12-31,2026-08-20
000002,,,,,,,,,,,,,,event,FULL_HISTORY_REVIEW,,1999-06-30,定期报告,49594.3165,39548.6789,0.0,495943165.0,395486789.0,0.0,True,1999-06-30,2026-08-20
000002,,,,,,,,,,,,,,event,FULL_HISTORY_REVIEW,1999-08-06,1999-08-06,"送股,转增",54553.7481,43503.5467,0.0,545537481.0,435035467.0,0.0,False,1999-08-06,2026-08-20
000002,,,,,,,,,,,,,,event,FULL_HISTORY_REVIEW,,1999-12-31,定期报告,54553.7481,43503.5467,0.0,545537481.0,435035467.0,0.0,True,1999-12-31,2026-08-20
000002,,,,,,,,,,,,,,event,FULL_HISTORY_REVIEW,2000-01-28,2000-02-16,配股上市,63097.1941,52046.7013,0.0,630971941.0,520467013.0,0.0,False,2000-02-16,2026-08-20
000002,,,,,,,,,,,,,,event,FULL_HISTORY_REVIEW,,2000-06-30,定期报告,63097.1941,52046.7013,0.0,630971941.0,520467013.0,0.0,True,2000-06-30,2026-08-20
000002,,,,,,,,,,,,,,event,FULL_HISTORY_REVIEW,,2000-12-31,定期报告,63097.1941,52046.7013,0.0,630971941.0,520467013.0,0.0,True,2000-12-31,2026-08-20
000002,,,,,,,,,,,,,,event,FULL_HISTORY_REVIEW,,2001-06-30,定期报告,63097.1941,52046.7013,0.0,630971941.0,520467013.0,0.0,True,2001-06-30,2026-08-20
000002,,,,,,,,,,,,,,event,FULL_HISTORY_REVIEW,,2001-12-31,定期报告,63097.1941,52046.7013,0.0,630971941.0,520467013.0,0.0,True,2001-12-31,2026-08-20
000002,,,,,,,,,,,,,,event,FULL_HISTORY_REVIEW,,2002-06-30,定期报告,63097.1941,52046.7013,0.0,630971941.0,520467013.0,0.0,True,2002-06-30,2026-08-20
000002,,,,,,,,,,,,,,event,FULL_HISTORY_REVIEW,2003-03-18,2002-12-31,"可转债转股,定期报告",63097.4713,52046.9785,0.0,630974713.0,520469785.0,0.0,False,2003-03-18,2026-08-20
000002,,,,,,,,,,,,,,event,FULL_HISTORY_REVIEW,2003-05-13,2003-05-23,"送股,转增",126194.9426,104093.957,0.0,1261949426.0,1040939570.0,0.0,False,2003-05-23,2026-08-20
000002,,,,,,,,,,,,,,event,FULL_HISTORY_REVIEW,2003-06-09,2003-05-30,可转债转股,136540.5657,114439.5801,0.0,1365405657.0,1144395801.0,0.0,False,2003-06-09,2026-08-20
000002,,,,,,,,,,,,,,event,FULL_HISTORY_REVIEW,2003-07-29,2003-06-30,"可转债转股,定期报告",138338.6596,116237.674,0.0,1383386596.0000002,1162376740.0,0.0,False,2003-07-29,2026-08-20
000002,,,,,,,,,,,,,,event,FULL_HISTORY_REVIEW,2003-09-09,2003-08-31,可转债转股,138568.0062,116467.0206,0.0,1385680062.0,1164670206.0,0.0,False,2003-09-09,2026-08-20
000002,,,,,,,,,,,,,,event,FULL_HISTORY_REVIEW,2003-10-11,2003-09-30,可转债转股,139479.5949,117378.6093,0.0,1394795949.0,1173786093.0,0.0,False,2003-10-11,2026-08-20
000002,,,,,,,,,,,,,,event,FULL_HISTORY_REVIEW,2004-03-09,2003-12-31,"可转债转股,定期报告",139584.9444,117483.9588,0.0,1395849444.0,1174839588.0,0.0,False,2004-03-09,2026-08-20
000002,,,,,,,,,,,,,,event,FULL_HISTORY_REVIEW,2004-03-09,2004-03-04,可转债转股,147772.4982,125671.5126,0.0,1477724982.0,1256715126.0,0.0,False,2004-03-09,2026-08-20
000002,,,,,,,,,,,,,,event,FULL_HISTORY_REVIEW,2004-04-02,2004-03-31,可转债转股,150128.3209,128027.3353,0.0,1501283209.0,1280273353.0,0.0,False,2004-04-02,2026-08-20
000002,,,,,,,,,,,,,,event,FULL_HISTORY_REVIEW,2004-04-20,2004-04-13,可转债转股,151496.6667,129395.6811,0.0,1514966667.0,1293956811.0,0.0,False,2004-04-20,2026-08-20
000002,,,,,,,,,,,,,,event,FULL_HISTORY_REVIEW,2004-05-14,2004-05-26,"送股,转增",227362.7871,194211.3087,0.0,2273627871.0,1942113087.0,0.0,False,2004-05-26,2026-08-20
000002,,,,,,,,,,,,,,event,FULL_HISTORY_REVIEW,2004-08-06,2004-06-30,定期报告,227362.7871,194211.3087,0.0,2273627871.0,1942113087.0,0.0,False,2004-08-06,2026-08-20
000002,,,,,,,,,,,,,,event,FULL_HISTORY_REVIEW,2005-03-22,2004-12-31,定期报告,227362.7871,194211.3087,0.0,2273627871.0,1942113087.0,0.0,False,2005-03-22,2026-08-20
000002,,,,,,,,,,,,,,event,FULL_HISTORY_REVIEW,2005-06-21,2005-06-29,转增,341094.6136,291367.396,0.0,3410946136.0,2913673960.0,0.0,False,2005-06-29,2026-08-20
000002,,,,,,,,,,,,,,event,FULL_HISTORY_REVIEW,2005-08-01,2005-06-30,定期报告,341097.178,291369.9604,0.0,3410971780.0,2913699604.0,0.0,False,2005-08-01,2026-08-20
000002,,,,,,,,,,,,,,event,FULL_HISTORY_REVIEW,2005-12-01,2005-12-02,股权分置,372052.7606,322084.0045,49968.7561,3720527606.0,3220840045.0,499687561.0,False,2005-12-02,2026-08-20
000002,,,,,,,,,,,,,,event,FULL_HISTORY_REVIEW,2006-03-21,2005-12-31,定期报告,372268.767,322300.0109,49968.7561,3722687670.0,3223000109.0,499687561.0,False,2006-03-21,2026-08-20
000002,,,,,,,,,,,,,,event,FULL_HISTORY_REVIEW,2006-08-01,2006-06-30,定期报告,396989.8751,347021.119,49968.7561,3969898751.0,3470211190.0,499687561.0,False,2006-08-01,2026-08-20
000002,,,,,,,,,,,,,,event,FULL_HISTORY_REVIEW,2006-12-05,2006-12-06,股权分置受限股份上市,396989.8751,380215.2729,16774.6022,3969898751.0,3802152729.0,167746022.0,False,2006-12-06,2026-08-20
000002,,,,,,,,,,,,,,event,FULL_HISTORY_REVIEW,2006-12-26,2006-12-27,增发新股上市,436989.8751,380215.2729,56774.6022,4369898751.0,3802152729.0,567746022.0,False,2006-12-27,2026-08-20
000002,,,,,,,,,,,,,,event,FULL_HISTORY_REVIEW,2007-03-20,2006-12-31,定期报告,436989.8751,380215.2729,56774.6022,4369898751.0,3802152729.0,567746022.0,False,2007-03-20,2026-08-20
000002,,,,,,,,,,,,,,event,FULL_HISTORY_REVIEW,2007-05-09,2007-05-16,转增,655484.8126,570325.3023,85159.5103,6554848125.999999,5703253023.0,851595103.0,False,2007-05-16,2026-08-20
000002,,,,,,,,,,,,,,event,FULL_HISTORY_REVIEW,2007-08-28,2007-06-30,定期报告,655484.8126,570520.4278,84964.3848,6554848125.999999,5705204277.999999,849643848.0,False,2007-08-28,2026-08-20
000002,,,,,,,,,,,,,,event,FULL_HISTORY_REVIEW,2007-09-04,2007-09-05,增发新股上市,687200.6387,602228.0985,84972.5402,6872006387.0,6022280985.0,849725402.0,False,2007-09-05,2026-08-20
000002,,,,,,,,,,,,,,event,FULL_HISTORY_REVIEW,2007-12-05,2007-12-06,股权分置受限股份上市,687200.6387,627027.3109,60173.3278,6872006387.0,6270273109.0,601733278.0,False,2007-12-06,2026-08-20
000002,,,,,,,,,,,,,,event,FULL_HISTORY_REVIEW,2007-12-25,2007-12-27,限售股份上市,687200.6387,670527.3109,16673.3278,6872006387.0,6705273109.0,166733278.0,False,2007-12-27,2026-08-20
000002,,,,,,,,,,,,,,event,FULL_HISTORY_REVIEW,2008-03-21,2007-12-31,定期报告,687200.6387,670527.3109,16673.3278,6872006387.0,6705273109.0,166733278.0,False,2008-03-21,2026-08-20
000002,,,,,,,,,,,,,,event,FULL_HISTORY_REVIEW,2008-06-05,2008-06-16,转增,1099521.0218,1072881.3783,26639.6435,10995210218.0,10728813783.0,266396434.99999997,False,2008-06-16,2026-08-20
000002,,,,,,,,,,,,,,event,FULL_HISTORY_REVIEW,2008-08-05,2008-06-30,定期报告,1099521.0218,1072881.3783,26639.6435,10995210218.0,10728813783.0,266396434.99999997,False,2008-08-05,2026-08-20
000002,,,,,,,,,,,,,,event,FULL_HISTORY_REVIEW,2009-03-10,2008-12-31,定期报告,1099521.0218,1070517.312,29003.7098,10995210218.0,10705173120.0,290037098.0,False,2009-03-10,2026-08-20
000002,,,,,,,,,,,,,,event,FULL_HISTORY_REVIEW,2009-08-04,2009-06-30,定期报告,1099521.0218,1070705.0378,28815.984,10995210218.0,10707050378.0,288159840.0,False,2009-08-04,2026-08-20
000002,,,,,,,,,,,,,,event,FULL_HISTORY_REVIEW,2009-12-26,2009-12-29,限售股份上市,1099521.0218,1097105.0378,2415.984,10995210218.0,10971050378.0,24159840.0,False,2009-12-29,2026-08-20
000002,,,,,,,,,,,,,,event,FULL_HISTORY_REVIEW,2010-03-02,2009-12-31,定期报告,1099521.0218,1097105.0378,2415.984,10995210218.0,10971050378.0,24159840.0,False,2010-03-02,2026-08-20
000002,,,,,,,,,,,,,,event,FULL_HISTORY_REVIEW,2010-08-10,2010-06-30,定期报告,1099521.0218,1097103.5378,2417.484,10995210218.0,10971035378.0,24174840.0,False,2010-08-10,2026-08-20
000002,,,,,,,,,,,,,,event,FULL_HISTORY_REVIEW,2011-03-08,2010-12-31,定期报告,1099521.0218,1097584.544,1936.4778,10995210218.0,10975845440.0,19364778.0,False,2011-03-08,2026-08-20
000002,,,,,,,,,,,,,,event,FULL_HISTORY_REVIEW,2011-08-09,2011-06-30,定期报告,1099521.0218,1097353.3794,2167.6424,10995210218.0,10973533794.0,21676424.0,False,2011-08-09,2026-08-20
000002,,,,,,,,,,,,,,event,FULL_HISTORY_REVIEW,2012-03-13,2011-12-31,定期报告,1099521.0218,1097678.3834,1842.6384,10995210218.0,10976783834.0,18426384.0,False,2012-03-13,2026-08-20
000002,,,,,,,,,,,,,,event,FULL_HISTORY_REVIEW,2012-08-07,2012-06-30,定期报告,1099521.0218,1097699.1498,1821.872,10995210218.0,10976991498.0,18218720.0,False,2012-08-07,2026-08-20
000002,,,,,,,,,,,,,,event,FULL_HISTORY_REVIEW,2013-02-28,2012-12-31,定期报告,1099555.3118,1097715.0445,1840.2673,10995553118.0,10977150445.0,18402673.0,False,2013-02-28,2026-08-20
000002,,,,,,,,,,,,,,event,FULL_HISTORY_REVIEW,2013-08-07,2013-06-30,"定期报告,期权行权",1101372.4969,1098989.6708,2382.8261,11013724969.0,10989896708.0,23828261.000000004,False,2013-08-07,2026-08-20
000002,,,,,,,,,,,,,,event,FULL_HISTORY_REVIEW,2014-03-07,2013-12-31,"定期报告,期权行权",1101496.8919,1099114.0658,2382.8261,11014968919.0,10991140658.0,23828261.000000004,False,2014-03-07,2026-08-20
000002,,,,,,,,,,,,,,event,FULL_HISTORY_REVIEW,2014-06-25,2014-06-25,"B股转H股,H股上市,期权行权",1101502.6419,1099119.8158,2382.8261,11015026419.0,10991198158.0,23828261.000000004,False,2014-06-25,2026-08-20
000002,,,,,,,,,,,,,,event,FULL_HISTORY_REVIEW,2014-08-18,2014-06-30,"定期报告,期权行权",1101502.7119,1098686.8558,2815.8561,11015027119.0,10986868558.0,28158561.0,False,2014-08-18,2026-08-20
000002,,,,,,,,,,,,,,event,FULL_HISTORY_REVIEW,2015-03-31,2014-12-31,"定期报告,期权行权",1103750.7242,1102163.2763,1587.4479,11037507242.0,11021632763.0,15874478.999999998,False,2015-03-31,2026-08-20
000002,,,,,,,,,,,,,,event,FULL_HISTORY_REVIEW,2015-08-17,2015-06-30,"定期报告,期权行权",1104805.81,1103267.1101,1538.6999,11048058100.0,11032671101.0,15386999.0,False,2015-08-17,2026-08-20
000002,,,,,,,,,,,,,,event,FULL_HISTORY_REVIEW,2015-10-28,2015-09-30,期权行权,1104961.03,1103422.3301,1538.6999,11049610300.0,11034223301.0,15386999.0,False,2015-10-28,2026-08-20
000002,,,,,,,,,,,,,,event,FULL_HISTORY_REVIEW,2015-12-03,2015-11-30,股份回购,1103713.0001,1102174.3002,1538.6999,11037130001.0,11021743002.0,15386999.0,False,2015-12-03,2026-08-20
000002,,,,,,,,,,,,,,event,FULL_HISTORY_REVIEW,2016-01-15,2016-01-14,股份回购,1103913.2001,1102328.3227,1584.8774,11039132001.0,11023283226.999998,15848774.0,False,2016-01-15,2026-08-20
000002,,,,,,,,,,,,,,event,FULL_HISTORY_REVIEW,2016-03-14,2015-12-31,"定期报告,期权行权",1105161.23,1103553.8526,1607.3774,11051612300.0,11035538526.000002,16073774.0,False,2016-03-14,2026-08-20
000002,,,,,,,,,,,,,,event,FULL_HISTORY_REVIEW,2016-04-02,2016-03-31,期权行权,1103915.2001,1102330.3227,1584.8774,11039152001.0,11023303226.999998,15848774.0,False,2016-04-02,2026-08-20
000002,,,,,,,,,,,,,,event,FULL_HISTORY_REVIEW,2016-08-22,2016-06-30,定期报告,1103915.2001,1102306.3227,1608.8774,11039152001.0,11023063226.999998,16088774.0,False,2016-08-22,2026-08-20
000002,,,,,,,,,,,,,,event,FULL_HISTORY_REVIEW,2017-03-27,2016-12-31,定期报告,1103915.2001,1102402.3227,1512.8774,11039152001.0,11024023226.999998,15128774.0,False,2017-03-27,2026-08-20
000002,,,,,,,,,,,,,,event,FULL_HISTORY_REVIEW,2017-08-25,2017-06-30,定期报告,1103915.2001,1102412.0573,1503.1428,11039152001.0,11024120573.0,15031428.0,False,2017-08-25,2026-08-20
000002,,,,,,,,,,,,,,event,FULL_HISTORY_REVIEW,2018-03-27,2017-12-31,定期报告,1103915.2001,1103012.5511,902.649,11039152001.0,11030125511.0,9026490.0,False,2018-03-27,2026-08-20
000002,,,,,,,,,,,,,,event,FULL_HISTORY_REVIEW,2018-08-21,2018-06-30,定期报告,1103915.2001,1103012.5511,902.649,11039152001.0,11030125511.0,9026490.0,False,2018-08-21,2026-08-20
000002,,,,,,,,,,,,,,event,FULL_HISTORY_REVIEW,2019-03-26,2018-12-31,定期报告,1103915.2001,1103012.5511,902.649,11039152001.0,11030125511.0,9026490.0,False,2019-03-26,2026-08-20
000002,,,,,,,,,,,,,,event,FULL_HISTORY_REVIEW,2019-04-08,2019-04-04,增发新股上市,1130214.3001,1129311.6511,902.649,11302143001.000002,11293116510.999998,9026490.0,False,2019-04-08,2026-08-20
000002,,,,,,,,,,,,,,event,FULL_HISTORY_REVIEW,2019-08-21,2019-06-30,定期报告,1130214.3001,1129311.6511,902.649,11302143001.000002,11293116510.999998,9026490.0,False,2019-08-21,2026-08-20
000002,,,,,,,,,,,,,,event,FULL_HISTORY_REVIEW,2020-03-18,2019-12-31,定期报告,1130214.3001,1129311.6511,902.649,11302143001.000002,11293116510.999998,9026490.0,False,2020-03-18,2026-08-20
000002,,,,,,,,,,,,,,event,FULL_HISTORY_REVIEW,2020-06-12,2020-06-11,增发新股上市,1161773.2201,1160870.5711,902.649,11617732201.0,11608705711.0,9026490.0,False,2020-06-12,2026-08-20
000002,,,,,,,,,,,,,,event,FULL_HISTORY_REVIEW,2020-08-28,2020-06-30,定期报告,1161773.2201,1160785.0603,988.1598,11617732201.0,11607850603.0,9881598.0,False,2020-08-28,2026-08-20
000002,,,,,,,,,,,,,,event,FULL_HISTORY_REVIEW,2021-03-31,2020-12-31,定期报告,1161773.2201,1161108.8933,664.3268,11617732201.0,11611088933.000002,6643268.000000001,False,2021-03-31,2026-08-20
000002,,,,,,,,,,,,,,event,FULL_HISTORY_REVIEW,2021-08-25,2021-08-25,其他,1162538.3375,1161874.0107,664.3268,11625383375.0,11618740107.0,6643268.000000001,False,2021-08-25,2026-08-20
000002,,,,,,,,,,,,,,event,FULL_HISTORY_REVIEW,2021-08-30,2021-06-30,定期报告,1161773.2201,1161108.8933,664.3268,11617732201.0,11611088933.000002,6643268.000000001,False,2021-08-30,2026-08-20
000002,,,,,,,,,,,,,,event,FULL_HISTORY_REVIEW,2022-03-31,2021-12-31,定期报告,1162538.3375,1161874.0107,664.3268,11625383375.0,11618740107.0,6643268.000000001,False,2022-03-31,2026-08-20
000002,,,,,,,,,,,,,,event,FULL_HISTORY_REVIEW,2022-03-31,2022-03-31,其他,1162538.3375,1161874.0107,664.3268,11625383375.0,11618740107.0,6643268.000000001,False,2022-03-31,2026-08-20
000002,,,,,,,,,,,,,,event,FULL_HISTORY_REVIEW,2022-04-07,2022-04-07,其他,1162538.3375,1161874.0107,664.3268,11625383375.0,11618740107.0,6643268.000000001,False,2022-04-07,2026-08-20
000002,,,,,,,,,,,,,,event,FULL_HISTORY_REVIEW,2022-08-26,2022-08-26,转增,1163070.9471,1162387.3678,683.5793,11630709471.0,11623873677.999998,6835793.0,False,2022-08-26,2026-08-20
000002,,,,,,,,,,,,,,event,FULL_HISTORY_REVIEW,2022-08-31,2022-06-30,定期报告,1162538.3375,1161854.7582,683.5793,11625383375.0,11618547582.0,6835793.0,False,2022-08-31,2026-08-20
000002,,,,,,,,,,,,,,event,FULL_HISTORY_REVIEW,2023-03-10,2023-03-09,配售股份上市,1193070.9471,1192387.3678,683.5793,11930709471.0,11923873677.999998,6835793.0,False,2023-03-10,2026-08-20
000002,,,,,,,,,,,,,,event,FULL_HISTORY_REVIEW,2023-03-31,2022-12-31,定期报告,1163070.9471,1162318.0153,752.9318,11630709471.0,11623180153.0,7529317.999999999,False,2023-03-31,2026-08-20
000002,,,,,,,,,,,,,,event,FULL_HISTORY_REVIEW,2023-08-31,2023-06-30,定期报告,1193070.9471,1192318.0153,752.9318,11930709471.0,11923180153.0,7529317.999999999,False,2023-08-31,2026-08-20
000002,,,,,,,,,,,,,,event,FULL_HISTORY_REVIEW,2024-03-29,2023-12-31,定期报告,1193070.9471,1192344.8803,726.0668,11930709471.0,11923448803.0,7260667.999999999,False,2024-03-29,2026-08-20
000002,,,,,,,,,,,,,,event,FULL_HISTORY_REVIEW,2024-08-31,2024-06-30,定期报告,1193070.9471,1192344.8803,726.0668,11930709471.0,11923448803.0,7260667.999999999,False,2024-08-31,2026-08-20
000002,,,,,,,,,,,,,,event,FULL_HISTORY_REVIEW,2025-04-01,2024-12-31,定期报告,1193070.9471,1192344.8803,726.0668,11930709471.0,11923448803.0,7260667.999999999,False,2025-04-01,2026-08-20
000002,,,,,,,,,,,,,,event,FULL_HISTORY_REVIEW,2025-08-23,2025-06-30,定期报告,1193070.9471,1192291.2567,779.6904,11930709471.0,11922912567.0,7796904.0,False,2025-08-23,2026-08-20
000002,,,,,,,,,,,,,,event,FULL_HISTORY_REVIEW,2026-04-01,2025-12-31,定期报告,1193070.9471,1192344.8803,726.0668,11930709471.0,11923448803.0,7260667.999999999,False,2026-04-01,2026-08-20
300003,1990-01-01,2026-08-20,1.0,200.0,"[""count"", ""records"", ""resultcode"", ""resultmsg"", ""total""]","[""DECLAREDATE"", ""F001V"", ""F002V"", ""F003N"", ""F004N"", ""F005N"", ""F006N"", ""F007N"", ""F008N"", ""F009N"", ""F010N"", ""F011N"", ""F012N"", ""F013N"", ""F014N"", ""F015N"", ""F016N"", ""F017N"", ""F018N"", ""F019N"", ""F020N"", ""F021N"", ""F022N"", ""F023N"", ""F024N"", ""F025N"", ""F026N"", ""F027C"", ""F028N"", ""F029N"", ""F030N"", ""F031N"", ""F032N"", ""F033N"", ""F034N"", ""F035N"", ""F036N"", ""F037N"", ""F038N"", ""F040N"", ""F049N"", ""F050N"", ""ORGNAME"", ""SECCODE"", ""SECNAME"", ""VARYDATE""]",False,65.0,"[{""SECNAME"": ""乐普医疗"", ""F027C"": ""0"", ""ORGNAME"": ""乐普(北京)医疗器械股份有限公司"", ""F009N"": null, ""F019N"": 0.0, ""F029N"": 410.0, ""F007N"": null, ""F017N"": 820.0, ""F049N"": null, ""F005N"": 0.0, ""F004N"": 0.0, ""F036N"": 0.0, ""F014N"": 36500.0, ""F026N"": null, ""F034N"": 10399.215, ""F012N"": null, ""F024N"": null, ""F032N"": 0.0, ""F010N"": null, ""F022N"": 3280.0, ""F030N"": 19263.5, ""F020N"": 820.0, ""F050N"": null, ""F040N"": null, ""F002V"": ""A股上市"", ""DECLAREDATE"": ""2009-10-26"", ""F008N"": null, ""SECCODE"": ""300003"", ""VARYDATE"": ""2009-10-30"", ""F018N"": null, ""F006N"": 0.0, ""F038N"": null, ""F016N"": null, ""F028N"": 37320.0, ""F015N"": null, ""F025N"": 0.0, ""F003N"": 40600.0, ""F037N"": null, ""F013N"": null, ""F023N"": null, ""F035N"": 10399.215, ""F011N"": null, ""F021N"": 3280.0, ""F033N"": 6427.285, ""F031N"": 6427.285, ""F001V"": ""015001""}, {""SECNAME"": ""乐普医疗"", ""F027C"": ""0"", ""ORGNAME"": ""乐普(北京)医疗器械股份有限公司"", ""F009N"": null, ""F019N"": 0.0, ""F029N"": 410.0, ""F007N"": null, ""F017N"": 820.0, ""F049N"": null, ""F005N"": 0.0, ""F004N"": 0.0, ""F036N"": 0.0, ""F014N"": 36500.0, ""F026N"": 0.0, ""F034N"": 10399.215, ""F012N"": null, ""F024N"": null, ""F032N"": 0.0, ""F010N"": null, ""F022N"": 3280.0, ""F030N"": 19263.5, ""F020N"": 820.0, ""F050N"": null, ""F040N"": null, ""F002V"": ""定期报告"", ""DECLAREDATE"": ""2010-04-13"", ""F008N"": null, ""SECCODE"": ""300003"", ""VARYDATE"": ""2009-12-31"", ""F018N"": null, ""F006N"": 0.0, ""F038N"": null, ""F016N"": null, ""F028N"": 37320.0, ""F015N"": null, ""F025N"": 0.0, ""F003N"": 40600.0, ""F037N"": null, ""F013N"": null, ""F023N"": null, ""F035N"": 10399.215, ""F011N"": null, ""F021N"": 3280.0, ""F033N"": 6427.285, ""F031N"": 6427.285, ""F001V"": ""015019""}, {""SECNAME"": ""乐普医疗"", ""F027C"": ""0"", ""ORGNAME"": ""乐普(北京)医疗器械股份有限公司"", ""F009N"": null, ""F019N"": 0.0, ""F029N"": 410.0, ""F007N"": null, ""F017N"": 0.0, ""F049N"": null, ""F005N"": 0.0, ""F004N"": 0.0, ""F036N"": 0.0, ""F014N"": 36500.0, ""F026N"": null, ""F034N"": 10399.215, ""F012N"": null, ""F024N"": null, ""F032N"": 0.0, ""F010N"": null, ""F022N"": 4100.0, ""F030N"": 19263.5, ""F020N"": 0.0, ""F050N"": null, ""F040N"": null, ""F002V"": ""配售股份上市"", ""DECLAREDATE"": ""2010-01-29"", ""F008N"": null, ""SECCODE"": ""300003"", ""VARYDATE"": ""2010-02-01"", ""F018N"": null, ""F006N"": 0.0, ""F038N"": null, ""F016N"": null, ""F028N"": 36500.0, ""F015N"": null, ""F025N"": 0.0, ""F003N"": 40600.0, ""F037N"": null, ""F013N"": null, ""F023N"": 0.0, ""F035N"": 10399.215, ""F011N"": null, ""F021N"": 4100.0, ""F033N"": 6427.285, ""F031N"": 6427.285, ""F001V"": ""015009""}]",True,True,SUCCESS,,schema,FULL_HISTORY_REVIEW,,,,,,,,,,,,2026-08-20
300003,,,,,,,,,,,,,,event,FULL_HISTORY_REVIEW,2009-10-26,2009-10-30,A股上市,40600.0,3280.0,37320.0,406000000.0,32800000.0,373200000.0,False,2009-10-30,2026-08-20
300003,,,,,,,,,,,,,,event,FULL_HISTORY_REVIEW,2010-01-29,2010-02-01,配售股份上市,40600.0,4100.0,36500.0,406000000.0,41000000.0,365000000.0,False,2010-02-01,2026-08-20
300003,,,,,,,,,,,,,,event,FULL_HISTORY_REVIEW,2010-04-13,2009-12-31,定期报告,40600.0,3280.0,37320.0,406000000.0,32800000.0,373200000.0,False,2010-04-13,2026-08-20
300003,,,,,,,,,,,,,,event,FULL_HISTORY_REVIEW,2010-05-11,2010-05-18,转增,81200.0,8200.0,73000.0,812000000.0,82000000.0,730000000.0,False,2010-05-18,2026-08-20
300003,,,,,,,,,,,,,,event,FULL_HISTORY_REVIEW,2010-07-28,2010-06-30,定期报告,81200.0,7380.0,73820.0,812000000.0,73800000.0,738200000.0,False,2010-07-28,2026-08-20
300003,,,,,,,,,,,,,,event,FULL_HISTORY_REVIEW,2010-10-29,2010-11-01,限售股份上市,81200.0,28138.6725,53061.3275,812000000.0,281386725.0,530613275.0,False,2010-11-01,2026-08-20
300003,,,,,,,,,,,,,,event,FULL_HISTORY_REVIEW,2011-03-18,2010-12-31,定期报告,81200.0,28138.6725,53061.3275,812000000.0,281386725.0,530613275.0,False,2011-03-18,2026-08-20
300003,,,,,,,,,,,,,,event,FULL_HISTORY_REVIEW,2011-08-12,2011-06-30,定期报告,81200.0,28138.6725,53061.3275,812000000.0,281386725.0,530613275.0,False,2011-08-12,2026-08-20
300003,,,,,,,,,,,,,,event,FULL_HISTORY_REVIEW,2012-02-28,2011-12-31,定期报告,81200.0,28138.6725,53061.3275,812000000.0,281386725.0,530613275.0,False,2012-02-28,2026-08-20
300003,,,,,,,,,,,,,,event,FULL_HISTORY_REVIEW,2012-08-16,2012-06-30,定期报告,81200.0,29263.6725,51936.3275,812000000.0,292636725.0,519363275.0,False,2012-08-16,2026-08-20
300003,,,,,,,,,,,,,,event,FULL_HISTORY_REVIEW,2012-12-28,2013-01-04,限售股份上市,81200.0,68610.6725,12589.3275,812000000.0,686106725.0,125893275.0,False,2013-01-04,2026-08-20
300003,,,,,,,,,,,,,,event,FULL_HISTORY_REVIEW,2013-03-26,2012-12-31,定期报告,81200.0,68610.6725,12589.3275,812000000.0,686106725.0,125893275.0,False,2013-03-26,2026-08-20
300003,,,,,,,,,,,,,,event,FULL_HISTORY_REVIEW,2013-08-23,2013-06-30,定期报告,81200.0,68610.6725,12589.3275,812000000.0,686106725.0,125893275.0,False,2013-08-23,2026-08-20
300003,,,,,,,,,,,,,,event,FULL_HISTORY_REVIEW,2014-03-25,2013-12-31,定期报告,81200.0,68610.6725,12589.3275,812000000.0,686106725.0,125893275.0,False,2014-03-25,2026-08-20
300003,,,,,,,,,,,,,,event,FULL_HISTORY_REVIEW,2014-08-26,2014-06-30,定期报告,81200.0,68610.6725,12589.3275,812000000.0,686106725.0,125893275.0,False,2014-08-26,2026-08-20
300003,,,,,,,,,,,,,,event,FULL_HISTORY_REVIEW,2015-03-18,2014-12-31,定期报告,81200.0,68610.6725,12589.3275,812000000.0,686106725.0,125893275.0,False,2015-03-18,2026-08-20
300003,,,,,,,,,,,,,,event,FULL_HISTORY_REVIEW,2015-08-26,2015-06-30,定期报告,81200.0,68610.6725,12589.3275,812000000.0,686106725.0,125893275.0,False,2015-08-26,2026-08-20
300003,,,,,,,,,,,,,,event,FULL_HISTORY_REVIEW,2016-01-21,2016-01-25,增发新股上市,87178.5147,68610.6725,18567.8422,871785147.0,686106725.0,185678422.0,False,2016-01-25,2026-08-20
300003,,,,,,,,,,,,,,event,FULL_HISTORY_REVIEW,2016-03-31,2015-12-31,定期报告,81200.0,68610.6725,12589.3275,812000000.0,686106725.0,125893275.0,False,2016-03-31,2026-08-20
300003,,,,,,,,,,,,,,event,FULL_HISTORY_REVIEW,2016-06-16,2016-06-23,转增,174357.0294,137206.345,37150.6844,1743570294.0,1372063450.0,371506844.0,False,2016-06-23,2026-08-20
300003,,,,,,,,,,,,,,event,FULL_HISTORY_REVIEW,2016-08-27,2016-06-30,定期报告,174357.0294,137206.345,37150.6844,1743570294.0,1372063450.0,371506844.0,False,2016-08-27,2026-08-20
300003,,,,,,,,,,,,,,event,FULL_HISTORY_REVIEW,2017-01-21,2017-01-24,增发新股上市,178165.2921,141386.5021,36778.79,1781652921.0,1413865021.0000002,367787900.0,False,2017-01-24,2026-08-20
300003,,,,,,,,,,,,,,event,FULL_HISTORY_REVIEW,2017-03-31,2016-12-31,定期报告,174357.0294,137206.345,37150.6844,1743570294.0,1372063450.0,371506844.0,False,2017-03-31,2026-08-20
300003,,,,,,,,,,,,,,event,FULL_HISTORY_REVIEW,2017-08-29,2017-06-30,定期报告,178165.2921,141166.3927,36998.8994,1781652921.0,1411663927.0,369988994.0,False,2017-08-29,2026-08-20
300003,,,,,,,,,,,,,,event,FULL_HISTORY_REVIEW,2018-03-13,2017-12-31,定期报告,178165.2921,141159.6427,37005.6494,1781652921.0,1411596427.0,370056494.0,False,2018-03-13,2026-08-20
300003,,,,,,,,,,,,,,event,FULL_HISTORY_REVIEW,2018-08-14,2018-06-30,定期报告,178165.2921,140712.1324,37453.1597,1781652921.0,1407121324.0,374531596.99999994,False,2018-08-14,2026-08-20
300003,,,,,,,,,,,,,,event,FULL_HISTORY_REVIEW,2019-01-23,2019-01-25,限售股份上市,178165.2921,151528.3086,26636.9835,1781652921.0,1515283086.0,266369834.99999997,False,2019-01-25,2026-08-20
300003,,,,,,,,,,,,,,event,FULL_HISTORY_REVIEW,2019-03-29,2018-12-31,定期报告,178165.2921,140686.9624,37478.3297,1781652921.0,1406869624.0,374783297.0,False,2019-03-29,2026-08-20
300003,,,,,,,,,,,,,,event,FULL_HISTORY_REVIEW,2019-08-28,2019-06-30,定期报告,178165.2921,151524.9711,26640.321,1781652921.0,1515249711.0,266403210.0,False,2019-08-28,2026-08-20
300003,,,,,,,,,,,,,,event,FULL_HISTORY_REVIEW,2020-03-31,2019-12-31,定期报告,178165.2921,151524.9711,26640.321,1781652921.0,1515249711.0,266403210.0,False,2020-03-31,2026-08-20
300003,,,,,,,,,,,,,,event,FULL_HISTORY_REVIEW,2020-08-28,2020-06-30,定期报告,178165.2921,151512.0211,26653.271,1781652921.0,1515120211.0000002,266532710.0,False,2020-08-28,2026-08-20
300003,,,,,,,,,,,,,,event,FULL_HISTORY_REVIEW,2020-08-28,2020-08-20,可转债转股,180458.1117,153804.8407,26653.271,1804581117.0,1538048407.0,266532710.0,False,2020-08-28,2026-08-20
300003,,,,,,,,,,,,,,event,FULL_HISTORY_REVIEW,2021-04-28,2020-12-31,"可转债转股,定期报告",180458.1117,152703.3954,27754.7163,1804581117.0,1527033954.0,277547163.0,False,2021-04-28,2026-08-20
300003,,,,,,,,,,,,,,event,FULL_HISTORY_REVIEW,2021-08-28,2021-06-30,定期报告,180458.1117,153883.8079,26574.3038,1804581117.0,1538838079.0000002,265743038.00000003,False,2021-08-28,2026-08-20
300003,,,,,,,,,,,,,,event,FULL_HISTORY_REVIEW,2022-04-06,2022-03-31,可转债转股,180458.8757,153872.8619,26586.0138,1804588757.0,1538728619.0,265860138.0,False,2022-04-06,2026-08-20
300003,,,,,,,,,,,,,,event,FULL_HISTORY_REVIEW,2022-04-26,2021-12-31,"定期报告,可转债转股",180458.731,153872.7172,26586.0138,1804587310.0,1538727172.0000002,265860138.0,False,2022-04-26,2026-08-20
300003,,,,,,,,,,,,,,event,FULL_HISTORY_REVIEW,2022-06-23,2022-06-23,可转债转股,180458.9657,153872.9519,26586.0138,1804589657.0,1538729518.9999998,265860138.0,False,2022-06-23,2026-08-20
300003,,,,,,,,,,,,,,event,FULL_HISTORY_REVIEW,2022-08-27,2022-06-30,"定期报告,可转债转股",180458.9657,153811.776,26647.1897,1804589657.0,1538117760.0000002,266471897.0,False,2022-08-27,2026-08-20
300003,,,,,,,,,,,,,,event,FULL_HISTORY_REVIEW,2022-09-16,2022-09-21,"可转债转股,GDR上市",189301.2089,162654.0192,26647.1897,1893012089.0,1626540192.0,266471897.0,False,2022-09-21,2026-08-20
300003,,,,,,,,,,,,,,event,FULL_HISTORY_REVIEW,2022-10-11,2022-09-30,可转债转股,189301.228,162654.0383,26647.1897,1893012280.0,1626540382.9999998,266471897.0,False,2022-10-11,2026-08-20
300003,,,,,,,,,,,,,,event,FULL_HISTORY_REVIEW,2022-12-05,2022-12-02,"股份回购,可转债转股",188060.9577,161413.768,26647.1897,1880609577.0,1614137680.0,266471897.0,False,2022-12-05,2026-08-20
300003,,,,,,,,,,,,,,event,FULL_HISTORY_REVIEW,2023-01-04,2022-12-30,可转债转股,188060.9691,161413.7794,26647.1897,1880609690.9999998,1614137794.0,266471897.0,False,2023-01-04,2026-08-20
300003,,,,,,,,,,,,,,event,FULL_HISTORY_REVIEW,2023-04-04,2023-03-31,可转债转股,188060.9906,161498.7544,26562.2362,1880609906.0,1614987544.0,265622362.0,False,2023-04-04,2026-08-20
300003,,,,,,,,,,,,,,event,FULL_HISTORY_REVIEW,2023-04-26,2022-12-31,定期报告,188060.9691,161227.4983,26833.4708,1880609690.9999998,1612274983.0,268334708.0,False,2023-04-26,2026-08-20
300003,,,,,,,,,,,,,,event,FULL_HISTORY_REVIEW,2023-06-21,2023-06-21,可转债转股,188061.0036,161498.7674,26562.2362,1880610036.0,1614987674.0,265622362.0,False,2023-06-21,2026-08-20
300003,,,,,,,,,,,,,,event,FULL_HISTORY_REVIEW,2023-08-26,2023-06-30,"定期报告,可转债转股",188061.0036,161498.7674,26562.2362,1880610036.0,1614987674.0,265622362.0,False,2023-08-26,2026-08-20
300003,,,,,,,,,,,,,,event,FULL_HISTORY_REVIEW,2023-10-09,2023-09-30,可转债转股,188061.0317,161609.7655,26451.2662,1880610317.0,1616097655.0,264512661.99999997,False,2023-10-09,2026-08-20
300003,,,,,,,,,,,,,,event,FULL_HISTORY_REVIEW,2024-04-02,2024-03-29,可转债转股,188061.0488,161609.7826,26451.2662,1880610488.0,1616097826.0,264512661.99999997,False,2024-04-02,2026-08-20
300003,,,,,,,,,,,,,,event,FULL_HISTORY_REVIEW,2024-04-20,2023-12-31,"可转债转股,定期报告",188061.0352,161609.769,26451.2662,1880610352.0000002,1616097690.0,264512661.99999997,False,2024-04-20,2026-08-20
300003,,,,,,,,,,,,,,event,FULL_HISTORY_REVIEW,2024-06-19,2024-06-19,可转债转股,188061.0558,161609.7896,26451.2662,1880610558.0,1616097896.0,264512661.99999997,False,2024-06-19,2026-08-20
300003,,,,,,,,,,,,,,event,FULL_HISTORY_REVIEW,2024-07-02,2024-06-28,可转债转股,188061.0558,161609.7896,26451.2662,1880610558.0,1616097896.0,264512661.99999997,False,2024-07-02,2026-08-20
300003,,,,,,,,,,,,,,event,FULL_HISTORY_REVIEW,2024-08-24,2024-06-30,定期报告,188061.0558,161609.7896,26451.2662,1880610558.0,1616097896.0,264512661.99999997,False,2024-08-24,2026-08-20
300003,,,,,,,,,,,,,,event,FULL_HISTORY_REVIEW,2024-08-24,2024-08-23,可转债转股,188061.0596,161609.7934,26451.2662,1880610596.0,1616097934.0,264512661.99999997,False,2024-08-24,2026-08-20
300003,,,,,,,,,,,,,,event,FULL_HISTORY_REVIEW,2024-10-09,2024-09-30,可转债转股,188061.0599,161603.6062,26457.4537,1880610599.0,1616036062.0,264574536.99999997,False,2024-10-09,2026-08-20
300003,,,,,,,,,,,,,,event,FULL_HISTORY_REVIEW,2025-04-02,2025-03-31,可转债转股,188061.1082,161609.842,26451.2662,1880611081.9999998,1616098420.0,264512661.99999997,False,2025-04-02,2026-08-20
300003,,,,,,,,,,,,,,event,FULL_HISTORY_REVIEW,2025-04-19,2024-12-31,"可转债转股,定期报告",188061.1005,161603.6468,26457.4537,1880611005.0,1616036467.9999998,264574536.99999997,False,2025-04-19,2026-08-20
300003,,,,,,,,,,,,,,event,FULL_HISTORY_REVIEW,2025-06-13,2025-06-13,可转债转股,188061.1251,161609.8589,26451.2662,1880611251.0,1616098589.0,264512661.99999997,False,2025-06-13,2026-08-20
300003,,,,,,,,,,,,,,event,FULL_HISTORY_REVIEW,2025-08-23,2025-06-30,定期报告,188061.1251,161609.8589,26451.2662,1880611251.0,1616098589.0,264512661.99999997,False,2025-08-23,2026-08-20
300003,,,,,,,,,,,,,,event,FULL_HISTORY_REVIEW,2025-08-23,2025-08-21,可转债转股,188061.1391,161609.8729,26451.2662,1880611391.0,1616098728.9999998,264512661.99999997,False,2025-08-23,2026-08-20
300003,,,,,,,,,,,,,,event,FULL_HISTORY_REVIEW,2025-09-16,2025-09-15,可转债转股,188061.1786,161609.9124,26451.2662,1880611786.0000002,1616099124.0,264512661.99999997,False,2025-09-16,2026-08-20
300003,,,,,,,,,,,,,,event,FULL_HISTORY_REVIEW,2025-10-09,2025-09-30,可转债转股,188061.2067,161609.9405,26451.2662,1880612067.0,1616099405.0,264512661.99999997,False,2025-10-09,2026-08-20
300003,,,,,,,,,,,,,,event,FULL_HISTORY_REVIEW,2025-10-31,2025-10-30,股份回购,184339.6367,157888.3705,26451.2662,1843396367.0,1578883705.0,264512661.99999997,False,2025-10-31,2026-08-20
300003,,,,,,,,,,,,,,event,FULL_HISTORY_REVIEW,2026-03-31,2026-03-30,可转债转股,184342.4716,157891.2054,26451.2662,1843424716.0,1578912054.0,264512661.99999997,False,2026-03-31,2026-08-20
300003,,,,,,,,,,,,,,event,FULL_HISTORY_REVIEW,2026-04-23,2025-12-31,"可转债转股,定期报告",184339.6544,157888.3882,26451.2662,1843396544.0,1578883881.9999998,264512661.99999997,False,2026-04-23,2026-08-20
600051,1990-01-01,2026-08-20,1.0,200.0,"[""count"", ""records"", ""resultcode"", ""resultmsg"", ""total""]","[""DECLAREDATE"", ""F001V"", ""F002V"", ""F003N"", ""F004N"", ""F005N"", ""F006N"", ""F007N"", ""F008N"", ""F009N"", ""F010N"", ""F011N"", ""F012N"", ""F013N"", ""F014N"", ""F015N"", ""F016N"", ""F017N"", ""F018N"", ""F019N"", ""F020N"", ""F021N"", ""F022N"", ""F023N"", ""F024N"", ""F025N"", ""F026N"", ""F027C"", ""F028N"", ""F029N"", ""F030N"", ""F031N"", ""F032N"", ""F033N"", ""F034N"", ""F035N"", ""F036N"", ""F037N"", ""F038N"", ""F040N"", ""F049N"", ""F050N"", ""ORGNAME"", ""SECCODE"", ""SECNAME"", ""VARYDATE""]",False,73.0,"[{""SECNAME"": ""宁波联合"", ""F027C"": ""0"", ""ORGNAME"": ""宁波联合集团股份有限公司"", ""F009N"": 0.0, ""F019N"": 0.0, ""F029N"": null, ""F007N"": 0.0, ""F017N"": 0.0, ""F049N"": null, ""F005N"": 8611.196, ""F004N"": 9000.0, ""F036N"": null, ""F014N"": null, ""F026N"": 0.0, ""F034N"": null, ""F012N"": 388.804, ""F024N"": 0.0, ""F032N"": null, ""F010N"": 0.0, ""F022N"": 0.0, ""F030N"": null, ""F020N"": 0.0, ""F050N"": null, ""F040N"": null, ""F002V"": ""定期报告"", ""DECLAREDATE"": null, ""F008N"": 4305.598, ""SECCODE"": ""600051"", ""VARYDATE"": ""1996-12-31"", ""F018N"": 0.0, ""F006N"": 4305.598, ""F038N"": null, ""F016N"": 0.0, ""F028N"": 0.0, ""F015N"": 0.0, ""F025N"": 0.0, ""F003N"": 9000.0, ""F037N"": null, ""F013N"": 0.0, ""F023N"": 0.0, ""F035N"": null, ""F011N"": 0.0, ""F021N"": 0.0, ""F033N"": null, ""F031N"": null, ""F001V"": ""015019""}, {""SECNAME"": ""宁波联合"", ""F027C"": ""0"", ""ORGNAME"": ""宁波联合集团股份有限公司"", ""F009N"": 0.0, ""F019N"": 0.0, ""F029N"": null, ""F007N"": 0.0, ""F017N"": 0.0, ""F049N"": null, ""F005N"": 8611.196, ""F004N"": 9000.0, ""F036N"": null, ""F014N"": null, ""F026N"": 0.0, ""F034N"": null, ""F012N"": 388.804, ""F024N"": 0.0, ""F032N"": null, ""F010N"": 0.0, ""F022N"": 3000.0, ""F030N"": null, ""F020N"": 0.0, ""F050N"": null, ""F040N"": null, ""F002V"": ""A股上市"", ""DECLAREDATE"": null, ""F008N"": 4305.598, ""SECCODE"": ""600051"", ""VARYDATE"": ""1997-04-10"", ""F018N"": 0.0, ""F006N"": 4305.598, ""F038N"": null, ""F016N"": 0.0, ""F028N"": 0.0, ""F015N"": 0.0, ""F025N"": 0.0, ""F003N"": 12000.0, ""F037N"": null, ""F013N"": 0.0, ""F023N"": 0.0, ""F035N"": null, ""F011N"": 0.0, ""F021N"": 3000.0, ""F033N"": null, ""F031N"": null, ""F001V"": ""015001""}, {""SECNAME"": ""宁波联合"", ""F027C"": ""0"", ""ORGNAME"": ""宁波联合集团股份有限公司"", ""F009N"": 0.0, ""F019N"": null, ""F029N"": null, ""F007N"": null, ""F017N"": null, ""F049N"": null, ""F005N"": 12055.6744, ""F004N"": 12600.0, ""F036N"": null, ""F014N"": null, ""F026N"": 0.0, ""F034N"": null, ""F012N"": 544.3256, ""F024N"": 0.0, ""F032N"": null, ""F010N"": null, ""F022N"": 4200.0, ""F030N"": null, ""F020N"": null, ""F050N"": null, ""F040N"": null, ""F002V"": ""送股,转增"", ""DECLAREDATE"": ""1997-06-09"", ""F008N"": 6027.8372, ""SECCODE"": ""600051"", ""VARYDATE"": ""1997-06-09"", ""F018N"": null, ""F006N"": 6027.8372, ""F038N"": null, ""F016N"": 0.0, ""F028N"": 0.0, ""F015N"": 0.0, ""F025N"": null, ""F003N"": 16800.0, ""F037N"": null, ""F013N"": 0.0, ""F023N"": 0.0, ""F035N"": null, ""F011N"": 0.0, ""F021N"": 4200.0, ""F033N"": null, ""F031N"": null, ""F001V"": ""015010,015011""}]",True,True,SUCCESS,,schema,FULL_HISTORY_REVIEW,,,,,,,,,,,,2026-08-20
600051,,,,,,,,,,,,,,event,FULL_HISTORY_REVIEW,,1996-12-31,定期报告,9000.0,0.0,0.0,90000000.0,0.0,0.0,True,1996-12-31,2026-08-20
600051,,,,,,,,,,,,,,event,FULL_HISTORY_REVIEW,,1997-04-10,A股上市,12000.0,3000.0,0.0,120000000.0,30000000.0,0.0,True,1997-04-10,2026-08-20
600051,,,,,,,,,,,,,,event,FULL_HISTORY_REVIEW,1997-06-09,1997-06-09,"送股,转增",16800.0,4200.0,0.0,168000000.0,42000000.0,0.0,False,1997-06-09,2026-08-20
600051,,,,,,,,,,,,,,event,FULL_HISTORY_REVIEW,,1997-06-30,定期报告,16800.0,4200.0,0.0,168000000.0,42000000.0,0.0,True,1997-06-30,2026-08-20
600051,,,,,,,,,,,,,,event,FULL_HISTORY_REVIEW,,1997-12-31,定期报告,16800.0,4200.0,0.0,168000000.0,42000000.0,0.0,True,1997-12-31,2026-08-20
600051,,,,,,,,,,,,,,event,FULL_HISTORY_REVIEW,1998-04-15,1998-04-15,"送股,转增",30240.0,7560.0,0.0,302400000.0,75600000.0,0.0,False,1998-04-15,2026-08-20
600051,,,,,,,,,,,,,,event,FULL_HISTORY_REVIEW,,1998-06-30,定期报告,30240.0,7560.0,0.0,302400000.0,75600000.0,0.0,True,1998-06-30,2026-08-20
600051,,,,,,,,,,,,,,event,FULL_HISTORY_REVIEW,,1998-12-31,定期报告,30240.0,7560.0,0.0,302400000.0,75600000.0,0.0,True,1998-12-31,2026-08-20
600051,,,,,,,,,,,,,,event,FULL_HISTORY_REVIEW,,1999-06-30,定期报告,30240.0,7560.0,0.0,302400000.0,75600000.0,0.0,True,1999-06-30,2026-08-20
600051,,,,,,,,,,,,,,event,FULL_HISTORY_REVIEW,,1999-12-31,定期报告,30240.0,7560.0,0.0,302400000.0,75600000.0,0.0,True,1999-12-31,2026-08-20
600051,,,,,,,,,,,,,,event,FULL_HISTORY_REVIEW,2000-04-03,2000-04-03,职工股上市,30240.0,8539.786,0.0,302400000.0,85397860.0,0.0,False,2000-04-03,2026-08-20
600051,,,,,,,,,,,,,,event,FULL_HISTORY_REVIEW,,2000-06-30,定期报告,30240.0,8539.786,0.0,302400000.0,85397860.0,0.0,True,2000-06-30,2026-08-20
600051,,,,,,,,,,,,,,event,FULL_HISTORY_REVIEW,2000-08-02,2000-07-31,股权转让,30240.0,8539.786,0.0,302400000.0,85397860.0,0.0,False,2000-08-02,2026-08-20
600051,,,,,,,,,,,,,,event,FULL_HISTORY_REVIEW,,2000-12-31,定期报告,30240.0,8539.786,0.0,302400000.0,85397860.0,0.0,True,2000-12-31,2026-08-20
600051,,,,,,,,,,,,,,event,FULL_HISTORY_REVIEW,,2001-06-30,定期报告,30240.0,8539.786,0.0,302400000.0,85397860.0,0.0,True,2001-06-30,2026-08-20
600051,,,,,,,,,,,,,,event,FULL_HISTORY_REVIEW,,2001-12-31,定期报告,30240.0,8539.786,0.0,302400000.0,85397860.0,0.0,True,2001-12-31,2026-08-20
600051,,,,,,,,,,,,,,event,FULL_HISTORY_REVIEW,,2002-06-30,定期报告,30240.0,8539.786,0.0,302400000.0,85397860.0,0.0,True,2002-06-30,2026-08-20
600051,,,,,,,,,,,,,,event,FULL_HISTORY_REVIEW,2003-03-15,2002-12-31,定期报告,30240.0,8539.786,0.0,302400000.0,85397860.0,0.0,False,2003-03-15,2026-08-20
600051,,,,,,,,,,,,,,event,FULL_HISTORY_REVIEW,2003-08-08,2003-06-30,定期报告,30240.0,8539.786,0.0,302400000.0,85397860.0,0.0,False,2003-08-08,2026-08-20
600051,,,,,,,,,,,,,,event,FULL_HISTORY_REVIEW,2004-03-19,2003-12-31,定期报告,30240.0,8539.786,0.0,302400000.0,85397860.0,0.0,False,2004-03-19,2026-08-20
600051,,,,,,,,,,,,,,event,FULL_HISTORY_REVIEW,2004-08-23,2004-06-30,定期报告,30240.0,8539.786,0.0,302400000.0,85397860.0,0.0,False,2004-08-23,2026-08-20
600051,,,,,,,,,,,,,,event,FULL_HISTORY_REVIEW,2005-03-15,2004-12-31,定期报告,30240.0,8539.786,0.0,302400000.0,85397860.0,0.0,False,2005-03-15,2026-08-20
600051,,,,,,,,,,,,,,event,FULL_HISTORY_REVIEW,2005-08-16,2005-06-30,定期报告,30240.0,8539.786,0.0,302400000.0,85397860.0,0.0,False,2005-08-16,2026-08-20
600051,,,,,,,,,,,,,,event,FULL_HISTORY_REVIEW,2006-03-21,2005-12-31,定期报告,30240.0,8539.786,0.0,302400000.0,85397860.0,0.0,False,2006-03-21,2026-08-20
600051,,,,,,,,,,,,,,event,FULL_HISTORY_REVIEW,2006-05-11,2006-05-16,股权分置,30240.0,11272.5176,18967.4824,302400000.0,112725175.99999999,189674824.0,False,2006-05-16,2026-08-20
600051,,,,,,,,,,,,,,event,FULL_HISTORY_REVIEW,2006-08-22,2006-06-30,定期报告,30240.0,11272.5176,18967.4824,302400000.0,112725175.99999999,189674824.0,False,2006-08-22,2026-08-20
600051,,,,,,,,,,,,,,event,FULL_HISTORY_REVIEW,2007-03-27,2006-12-31,定期报告,30240.0,11272.5176,18967.4824,302400000.0,112725175.99999999,189674824.0,False,2007-03-27,2026-08-20
600051,,,,,,,,,,,,,,event,FULL_HISTORY_REVIEW,2007-05-10,2007-05-16,股权分置受限股份上市,30240.0,15808.5176,14431.4824,302400000.0,158085176.0,144314824.0,False,2007-05-16,2026-08-20
600051,,,,,,,,,,,,,,event,FULL_HISTORY_REVIEW,2007-08-14,2007-06-30,定期报告,30240.0,15808.5176,14431.4824,302400000.0,158085176.0,144314824.0,False,2007-08-14,2026-08-20
600051,,,,,,,,,,,,,,event,FULL_HISTORY_REVIEW,2008-03-18,2007-12-31,定期报告,30240.0,15808.5176,14431.4824,302400000.0,158085176.0,144314824.0,False,2008-03-18,2026-08-20
600051,,,,,,,,,,,,,,event,FULL_HISTORY_REVIEW,2008-05-13,2008-05-16,股权分置受限股份上市,30240.0,19608.8561,10631.1439,302400000.0,196088561.0,106311438.99999999,False,2008-05-16,2026-08-20
600051,,,,,,,,,,,,,,event,FULL_HISTORY_REVIEW,2008-08-12,2008-06-30,定期报告,30240.0,19608.8561,10631.1439,302400000.0,196088561.0,106311438.99999999,False,2008-08-12,2026-08-20
600051,,,,,,,,,,,,,,event,FULL_HISTORY_REVIEW,2009-03-26,2008-12-31,定期报告,30240.0,19608.8561,10631.1439,302400000.0,196088561.0,106311438.99999999,False,2009-03-26,2026-08-20
600051,,,,,,,,,,,,,,event,FULL_HISTORY_REVIEW,2009-05-13,2009-05-18,股权分置受限股份上市,30240.0,30240.0,0.0,302400000.0,302400000.0,0.0,False,2009-05-18,2026-08-20
600051,,,,,,,,,,,,,,event,FULL_HISTORY_REVIEW,2009-08-25,2009-06-30,定期报告,30240.0,30240.0,0.0,302400000.0,302400000.0,0.0,False,2009-08-25,2026-08-20
600051,,,,,,,,,,,,,,event,FULL_HISTORY_REVIEW,2010-03-16,2009-12-31,定期报告,30240.0,30240.0,0.0,302400000.0,302400000.0,0.0,False,2010-03-16,2026-08-20
600051,,,,,,,,,,,,,,event,FULL_HISTORY_REVIEW,2010-08-24,2010-06-30,定期报告,30240.0,30240.0,0.0,302400000.0,302400000.0,0.0,False,2010-08-24,2026-08-20
600051,,,,,,,,,,,,,,event,FULL_HISTORY_REVIEW,2011-03-22,2010-12-31,定期报告,30240.0,30240.0,0.0,302400000.0,302400000.0,0.0,False,2011-03-22,2026-08-20
600051,,,,,,,,,,,,,,event,FULL_HISTORY_REVIEW,2011-08-30,2011-06-30,定期报告,30240.0,30240.0,0.0,302400000.0,302400000.0,0.0,False,2011-08-30,2026-08-20
600051,,,,,,,,,,,,,,event,FULL_HISTORY_REVIEW,2012-03-27,2011-12-31,定期报告,30240.0,30240.0,0.0,302400000.0,302400000.0,0.0,False,2012-03-27,2026-08-20
600051,,,,,,,,,,,,,,event,FULL_HISTORY_REVIEW,2012-08-28,2012-06-30,定期报告,30240.0,30240.0,0.0,302400000.0,302400000.0,0.0,False,2012-08-28,2026-08-20
600051,,,,,,,,,,,,,,event,FULL_HISTORY_REVIEW,2013-03-26,2012-12-31,定期报告,30240.0,30240.0,0.0,302400000.0,302400000.0,0.0,False,2013-03-26,2026-08-20
600051,,,,,,,,,,,,,,event,FULL_HISTORY_REVIEW,2013-08-27,2013-06-30,定期报告,30240.0,30240.0,0.0,302400000.0,302400000.0,0.0,False,2013-08-27,2026-08-20
600051,,,,,,,,,,,,,,event,FULL_HISTORY_REVIEW,2014-03-25,2013-12-31,定期报告,30240.0,30240.0,0.0,302400000.0,302400000.0,0.0,False,2014-03-25,2026-08-20
600051,,,,,,,,,,,,,,event,FULL_HISTORY_REVIEW,2014-05-31,2014-05-29,"增发新股上市,股权激励",31088.0,30240.0,848.0,310880000.0,302400000.0,8480000.0,False,2014-05-31,2026-08-20
600051,,,,,,,,,,,,,,event,FULL_HISTORY_REVIEW,2014-08-26,2014-06-30,定期报告,31088.0,30240.0,848.0,310880000.0,302400000.0,8480000.0,False,2014-08-26,2026-08-20
600051,,,,,,,,,,,,,,event,FULL_HISTORY_REVIEW,2015-03-31,2014-12-31,定期报告,31088.0,30240.0,848.0,310880000.0,302400000.0,8480000.0,False,2015-03-31,2026-08-20
600051,,,,,,,,,,,,,,event,FULL_HISTORY_REVIEW,2015-05-16,2015-05-22,激励股份解禁,31088.0,30324.8,763.2,310880000.0,303248000.0,7632000.0,False,2015-05-22,2026-08-20
600051,,,,,,,,,,,,,,event,FULL_HISTORY_REVIEW,2015-08-28,2015-06-30,定期报告,31088.0,30579.2,508.8,310880000.0,305792000.0,5088000.0,False,2015-08-28,2026-08-20
600051,,,,,,,,,,,,,,event,FULL_HISTORY_REVIEW,2016-03-29,2015-12-31,定期报告,31088.0,30579.2,508.8,310880000.0,305792000.0,5088000.0,False,2016-03-29,2026-08-20
600051,,,,,,,,,,,,,,event,FULL_HISTORY_REVIEW,2016-08-30,2016-06-30,定期报告,31088.0,30579.2,508.8,310880000.0,305792000.0,5088000.0,False,2016-08-30,2026-08-20
600051,,,,,,,,,,,,,,event,FULL_HISTORY_REVIEW,2017-01-24,2017-02-07,激励股份解禁,31088.0,30621.6,466.4,310880000.0,306216000.0,4664000.0,False,2017-02-07,2026-08-20
600051,,,,,,,,,,,,,,event,FULL_HISTORY_REVIEW,2017-04-22,2016-12-31,定期报告,31088.0,30579.2,508.8,310880000.0,305792000.0,5088000.0,False,2017-04-22,2026-08-20
600051,,,,,,,,,,,,,,event,FULL_HISTORY_REVIEW,2017-08-05,2017-08-10,激励股份解禁,31088.0,30706.4,381.6,310880000.0,307064000.0,3816000.0,False,2017-08-10,2026-08-20
600051,,,,,,,,,,,,,,event,FULL_HISTORY_REVIEW,2017-08-15,2017-06-30,定期报告,31088.0,30748.8,339.2,310880000.0,307488000.0,3392000.0,False,2017-08-15,2026-08-20
600051,,,,,,,,,,,,,,event,FULL_HISTORY_REVIEW,2018-04-17,2017-12-31,定期报告,31088.0,31088.0,,310880000.0,310880000.0,,False,2018-04-17,2026-08-20
600051,,,,,,,,,,,,,,event,FULL_HISTORY_REVIEW,2018-08-14,2018-06-30,定期报告,31088.0,31088.0,,310880000.0,310880000.0,,False,2018-08-14,2026-08-20
600051,,,,,,,,,,,,,,event,FULL_HISTORY_REVIEW,2019-03-26,2018-12-31,定期报告,31088.0,31088.0,,310880000.0,310880000.0,,False,2019-03-26,2026-08-20
600051,,,,,,,,,,,,,,event,FULL_HISTORY_REVIEW,2019-08-20,2019-06-30,定期报告,31088.0,31088.0,,310880000.0,310880000.0,,False,2019-08-20,2026-08-20
600051,,,,,,,,,,,,,,event,FULL_HISTORY_REVIEW,2020-03-17,2019-12-31,定期报告,31088.0,31088.0,,310880000.0,310880000.0,,False,2020-03-17,2026-08-20
600051,,,,,,,,,,,,,,event,FULL_HISTORY_REVIEW,2020-08-25,2020-06-30,定期报告,31088.0,31088.0,,310880000.0,310880000.0,,False,2020-08-25,2026-08-20
600051,,,,,,,,,,,,,,event,FULL_HISTORY_REVIEW,2021-04-13,2020-12-31,定期报告,31088.0,31088.0,,310880000.0,310880000.0,,False,2021-04-13,2026-08-20
600051,,,,,,,,,,,,,,event,FULL_HISTORY_REVIEW,2021-08-19,2021-06-30,定期报告,31088.0,31088.0,,310880000.0,310880000.0,,False,2021-08-19,2026-08-20
600051,,,,,,,,,,,,,,event,FULL_HISTORY_REVIEW,2022-04-12,2021-12-31,定期报告,31088.0,31088.0,,310880000.0,310880000.0,,False,2022-04-12,2026-08-20
600051,,,,,,,,,,,,,,event,FULL_HISTORY_REVIEW,2022-08-20,2022-06-30,定期报告,31088.0,31088.0,,310880000.0,310880000.0,,False,2022-08-20,2026-08-20
600051,,,,,,,,,,,,,,event,FULL_HISTORY_REVIEW,2023-04-11,2022-12-31,定期报告,31088.0,31088.0,,310880000.0,310880000.0,,False,2023-04-11,2026-08-20
600051,,,,,,,,,,,,,,event,FULL_HISTORY_REVIEW,2023-08-15,2023-06-30,定期报告,31088.0,31088.0,,310880000.0,310880000.0,,False,2023-08-15,2026-08-20
600051,,,,,,,,,,,,,,event,FULL_HISTORY_REVIEW,2024-04-16,2023-12-31,定期报告,31088.0,31088.0,,310880000.0,310880000.0,,False,2024-04-16,2026-08-20
600051,,,,,,,,,,,,,,event,FULL_HISTORY_REVIEW,2024-08-27,2024-06-30,定期报告,31088.0,31088.0,,310880000.0,310880000.0,,False,2024-08-27,2026-08-20
600051,,,,,,,,,,,,,,event,FULL_HISTORY_REVIEW,2025-04-15,2024-12-31,定期报告,31088.0,31088.0,,310880000.0,310880000.0,,False,2025-04-15,2026-08-20
600051,,,,,,,,,,,,,,event,FULL_HISTORY_REVIEW,2025-08-26,2025-06-30,定期报告,31088.0,31088.0,,310880000.0,310880000.0,,False,2025-08-26,2026-08-20
600051,,,,,,,,,,,,,,event,FULL_HISTORY_REVIEW,2026-04-14,2025-12-31,定期报告,31088.0,31088.0,,310880000.0,310880000.0,,False,2026-04-14,2026-08-20
000006,1990-01-01,2026-08-20,1.0,200.0,"[""count"", ""records"", ""resultcode"", ""resultmsg"", ""total""]","[""DECLAREDATE"", ""F001V"", ""F002V"", ""F003N"", ""F004N"", ""F005N"", ""F006N"", ""F007N"", ""F008N"", ""F009N"", ""F010N"", ""F011N"", ""F012N"", ""F013N"", ""F014N"", ""F015N"", ""F016N"", ""F017N"", ""F018N"", ""F019N"", ""F020N"", ""F021N"", ""F022N"", ""F023N"", ""F024N"", ""F025N"", ""F026N"", ""F027C"", ""F028N"", ""F029N"", ""F030N"", ""F031N"", ""F032N"", ""F033N"", ""F034N"", ""F035N"", ""F036N"", ""F037N"", ""F038N"", ""F040N"", ""F049N"", ""F050N"", ""ORGNAME"", ""SECCODE"", ""SECNAME"", ""VARYDATE""]",False,90.0,"[{""SECNAME"": ""深振业Ａ"", ""F027C"": ""0"", ""ORGNAME"": ""深圳市振业(集团)股份有限公司"", ""F009N"": 0.0, ""F019N"": 0.0, ""F029N"": null, ""F007N"": 0.0, ""F017N"": 0.0, ""F049N"": null, ""F005N"": 971.664, ""F004N"": 971.664, ""F036N"": null, ""F014N"": null, ""F026N"": 0.0, ""F034N"": null, ""F012N"": 0.0, ""F024N"": 0.0, ""F032N"": null, ""F010N"": 0.0, ""F022N"": 1533.15, ""F030N"": null, ""F020N"": 0.0, ""F050N"": null, ""F040N"": null, ""F002V"": ""A股上市"", ""DECLAREDATE"": null, ""F008N"": 971.664, ""SECCODE"": ""000006"", ""VARYDATE"": ""1992-04-27"", ""F018N"": 0.0, ""F006N"": 0.0, ""F038N"": null, ""F016N"": 0.0, ""F028N"": 0.0, ""F015N"": 0.0, ""F025N"": 26.318, ""F003N"": 2531.132, ""F037N"": null, ""F013N"": 0.0, ""F023N"": 0.0, ""F035N"": null, ""F011N"": 0.0, ""F021N"": 1559.468, ""F033N"": null, ""F031N"": null, ""F001V"": ""015001""}, {""SECNAME"": ""深振业Ａ"", ""F027C"": ""0"", ""ORGNAME"": ""深圳市振业(集团)股份有限公司"", ""F009N"": 0.0, ""F019N"": 0.0, ""F029N"": null, ""F007N"": 0.0, ""F017N"": 0.0, ""F049N"": null, ""F005N"": 1360.3296, ""F004N"": 1360.3296, ""F036N"": null, ""F014N"": null, ""F026N"": 0.0, ""F034N"": null, ""F012N"": 0.0, ""F024N"": 0.0, ""F032N"": null, ""F010N"": 0.0, ""F022N"": 2183.2552, ""F030N"": null, ""F020N"": 0.0, ""F050N"": null, ""F040N"": null, ""F002V"": ""定期报告"", ""DECLAREDATE"": null, ""F008N"": 1360.3296, ""SECCODE"": ""000006"", ""VARYDATE"": ""1992-12-31"", ""F018N"": 0.0, ""F006N"": null, ""F038N"": null, ""F016N"": 0.0, ""F028N"": 0.0, ""F015N"": 0.0, ""F025N"": 0.0, ""F003N"": 3543.5848, ""F037N"": null, ""F013N"": 0.0, ""F023N"": 0.0, ""F035N"": null, ""F011N"": 0.0, ""F021N"": 2183.2552, ""F033N"": null, ""F031N"": null, ""F001V"": ""015019""}, {""SECNAME"": ""深振业Ａ"", ""F027C"": ""0"", ""ORGNAME"": ""深圳市振业(集团)股份有限公司"", ""F009N"": 0.0, ""F019N"": null, ""F029N"": null, ""F007N"": null, ""F017N"": null, ""F049N"": null, ""F005N"": 2155.5272, ""F004N"": 2155.5272, ""F036N"": null, ""F014N"": null, ""F026N"": 0.0, ""F034N"": null, ""F012N"": 0.0, ""F024N"": 0.0, ""F032N"": null, ""F010N"": null, ""F022N"": 3514.2084, ""F030N"": null, ""F020N"": null, ""F050N"": null, ""F040N"": null, ""F002V"": ""送股,转增"", ""DECLAREDATE"": ""1993-06-07"", ""F008N"": 2155.5272, ""SECCODE"": ""000006"", ""VARYDATE"": ""1993-06-07"", ""F018N"": null, ""F006N"": 0.0, ""F038N"": null, ""F016N"": 0.0, ""F028N"": 0.0, ""F015N"": 0.0, ""F025N"": null, ""F003N"": 5669.7356, ""F037N"": null, ""F013N"": 0.0, ""F023N"": 0.0, ""F035N"": null, ""F011N"": 0.0, ""F021N"": 3514.2084, ""F033N"": null, ""F031N"": null, ""F001V"": ""015010,015011""}]",True,True,SUCCESS,,schema,FULL_HISTORY_REVIEW,,,,,,,,,,,,2026-08-20
000006,,,,,,,,,,,,,,event,FULL_HISTORY_REVIEW,,1992-04-27,A股上市,2531.132,1559.468,0.0,25311320.0,15594680.0,0.0,True,1992-04-27,2026-08-20
000006,,,,,,,,,,,,,,event,FULL_HISTORY_REVIEW,,1992-12-31,定期报告,3543.5848,2183.2552,0.0,35435848.0,21832552.0,0.0,True,1992-12-31,2026-08-20
000006,,,,,,,,,,,,,,event,FULL_HISTORY_REVIEW,1993-06-07,1993-06-07,"送股,转增",5669.7356,3514.2084,0.0,56697356.0,35142084.0,0.0,False,1993-06-07,2026-08-20
000006,,,,,,,,,,,,,,event,FULL_HISTORY_REVIEW,1993-06-07,1993-08-05,配股上市,5669.7356,3514.2084,0.0,56697356.0,35142084.0,0.0,False,1993-08-05,2026-08-20
000006,,,,,,,,,,,,,,event,FULL_HISTORY_REVIEW,,1993-12-31,定期报告,5669.7356,3514.2084,0.0,56697356.0,35142084.0,0.0,True,1993-12-31,2026-08-20
000006,,,,,,,,,,,,,,event,FULL_HISTORY_REVIEW,1994-06-27,1994-06-27,"送股,转增",9071.5769,5645.1334,0.0,90715769.0,56451334.0,0.0,False,1994-06-27,2026-08-20
000006,,,,,,,,,,,,,,event,FULL_HISTORY_REVIEW,,1994-06-30,定期报告,9071.5769,5645.1334,0.0,90715769.0,56451334.0,0.0,True,1994-06-30,2026-08-20
000006,,,,,,,,,,,,,,event,FULL_HISTORY_REVIEW,,1994-12-31,定期报告,9071.5769,5645.1335,0.0,90715769.0,56451335.0,0.0,True,1994-12-31,2026-08-20
000006,,,,,,,,,,,,,,event,FULL_HISTORY_REVIEW,1995-03-08,1995-03-08,配股上市,10432.3134,6491.9036,0.0,104323133.99999999,64919036.0,0.0,False,1995-03-08,2026-08-20
000006,,,,,,,,,,,,,,event,FULL_HISTORY_REVIEW,,1995-06-30,定期报告,10432.3134,6491.9036,0.0,104323133.99999999,64919036.0,0.0,True,1995-06-30,2026-08-20
000006,,,,,,,,,,,,,,event,FULL_HISTORY_REVIEW,1995-07-11,1995-07-11,"送股,转增",13562.0074,8439.4748,0.0,135620074.0,84394748.0,0.0,False,1995-07-11,2026-08-20
000006,,,,,,,,,,,,,,event,FULL_HISTORY_REVIEW,,1995-12-31,定期报告,13562.0074,8439.4748,0.0,135620074.0,84394748.0,0.0,True,1995-12-31,2026-08-20
000006,,,,,,,,,,,,,,event,FULL_HISTORY_REVIEW,,1996-06-30,定期报告,13562.0074,8439.4748,0.0,135620074.0,84394748.0,0.0,True,1996-06-30,2026-08-20
000006,,,,,,,,,,,,,,event,FULL_HISTORY_REVIEW,,1996-12-31,定期报告,13562.0074,8439.4748,0.0,135620074.0,84394748.0,0.0,True,1996-12-31,2026-08-20
000006,,,,,,,,,,,,,,event,FULL_HISTORY_REVIEW,,1997-06-26,配股上市,17630.6096,10971.3174,0.0,176306096.0,109713174.0,0.0,True,1997-06-26,2026-08-20
000006,,,,,,,,,,,,,,event,FULL_HISTORY_REVIEW,,1997-06-30,定期报告,17630.6096,10971.3174,0.0,176306096.0,109713174.0,0.0,True,1997-06-30,2026-08-20
000006,,,,,,,,,,,,,,event,FULL_HISTORY_REVIEW,1997-07-09,1997-07-09,"送股,转增",23053.7849,14346.0945,0.0,230537849.0,143460945.0,0.0,False,1997-07-09,2026-08-20
000006,,,,,,,,,,,,,,event,FULL_HISTORY_REVIEW,,1997-12-31,定期报告,23053.7849,14346.0945,0.0,230537849.0,143460945.0,0.0,True,1997-12-31,2026-08-20
000006,,,,,,,,,,,,,,event,FULL_HISTORY_REVIEW,,1998-06-30,定期报告,23053.7849,14346.0945,0.0,230537849.0,143460945.0,0.0,True,1998-06-30,2026-08-20
000006,,,,,,,,,,,,,,event,FULL_HISTORY_REVIEW,1998-07-30,1998-07-30,"送股,转增",25359.1631,15780.7037,0.0,253591631.00000003,157807037.0,0.0,False,1998-07-30,2026-08-20
000006,,,,,,,,,,,,,,event,FULL_HISTORY_REVIEW,,1998-12-31,定期报告,25359.1631,15780.7037,0.0,253591631.00000003,157807037.0,0.0,True,1998-12-31,2026-08-20
000006,,,,,,,,,,,,,,event,FULL_HISTORY_REVIEW,,1999-06-30,定期报告,25359.1631,15780.7037,0.0,253591631.00000003,157807037.0,0.0,True,1999-06-30,2026-08-20
000006,,,,,,,,,,,,,,event,FULL_HISTORY_REVIEW,,1999-12-31,定期报告,25359.1631,15780.7037,0.0,253591631.00000003,157807037.0,0.0,True,1999-12-31,2026-08-20
000006,,,,,,,,,,,,,,event,FULL_HISTORY_REVIEW,,2000-06-30,定期报告,25359.1631,15780.7037,0.0,253591631.00000003,157807037.0,0.0,True,2000-06-30,2026-08-20
000006,,,,,,,,,,,,,,event,FULL_HISTORY_REVIEW,,2000-12-31,定期报告,25359.1631,15780.7037,0.0,253591631.00000003,157807037.0,0.0,True,2000-12-31,2026-08-20
000006,,,,,,,,,,,,,,event,FULL_HISTORY_REVIEW,,2001-06-30,定期报告,25359.1631,15780.7037,0.0,253591631.00000003,157807037.0,0.0,True,2001-06-30,2026-08-20
000006,,,,,,,,,,,,,,event,FULL_HISTORY_REVIEW,,2001-12-31,定期报告,25359.1631,15780.7037,0.0,253591631.00000003,157807037.0,0.0,True,2001-12-31,2026-08-20
000006,,,,,,,,,,,,,,event,FULL_HISTORY_REVIEW,,2002-06-30,定期报告,25359.1631,15780.7037,0.0,253591631.00000003,157807037.0,0.0,True,2002-06-30,2026-08-20
000006,,,,,,,,,,,,,,event,FULL_HISTORY_REVIEW,2003-04-26,2002-12-31,定期报告,25359.1631,15780.7037,0.0,253591631.00000003,157807037.0,0.0,False,2003-04-26,2026-08-20
000006,,,,,,,,,,,,,,event,FULL_HISTORY_REVIEW,2003-08-19,2003-06-30,定期报告,25359.1631,15780.7037,0.0,253591631.00000003,157807037.0,0.0,False,2003-08-19,2026-08-20
000006,,,,,,,,,,,,,,event,FULL_HISTORY_REVIEW,2004-04-21,2003-12-31,定期报告,25359.1631,15780.7037,0.0,253591631.00000003,157807037.0,0.0,False,2004-04-21,2026-08-20
000006,,,,,,,,,,,,,,event,FULL_HISTORY_REVIEW,2004-08-19,2004-06-30,定期报告,25359.1631,15780.7037,0.0,253591631.00000003,157807037.0,0.0,False,2004-08-19,2026-08-20
000006,,,,,,,,,,,,,,event,FULL_HISTORY_REVIEW,2005-04-15,2004-12-31,定期报告,25359.1631,15780.7037,0.0,253591631.00000003,157807037.0,0.0,False,2005-04-15,2026-08-20
000006,,,,,,,,,,,,,,event,FULL_HISTORY_REVIEW,2005-08-18,2005-06-30,定期报告,25359.1631,15780.7037,0.0,253591631.00000003,157807037.0,0.0,False,2005-08-18,2026-08-20
000006,,,,,,,,,,,,,,event,FULL_HISTORY_REVIEW,2006-01-11,2006-01-12,股权分置,25359.1631,18936.8448,6422.3183,253591631.00000003,189368448.0,64223183.0,False,2006-01-12,2026-08-20
000006,,,,,,,,,,,,,,event,FULL_HISTORY_REVIEW,2006-04-01,2005-12-31,定期报告,25359.1631,15780.7037,0.0,253591631.00000003,157807037.0,0.0,False,2006-04-01,2026-08-20
000006,,,,,,,,,,,,,,event,FULL_HISTORY_REVIEW,2006-08-19,2006-06-30,定期报告,25359.1631,18934.5528,6424.6103,253591631.00000003,189345528.0,64246103.0,False,2006-08-19,2026-08-20
000006,,,,,,,,,,,,,,event,FULL_HISTORY_REVIEW,2007-01-09,2007-01-12,股权分置受限股份上市,25359.1631,21860.2895,3498.8736,253591631.00000003,218602895.0,34988736.0,False,2007-01-12,2026-08-20
000006,,,,,,,,,,,,,,event,FULL_HISTORY_REVIEW,2007-03-24,2006-12-31,定期报告,25359.1631,18934.5528,6424.6103,253591631.00000003,189345528.0,64246103.0,False,2007-03-24,2026-08-20
000006,,,,,,,,,,,,,,event,FULL_HISTORY_REVIEW,2007-08-16,2007-06-30,定期报告,25359.1631,21862.0085,3497.1546,253591631.00000003,218620085.0,34971546.0,False,2007-08-16,2026-08-20
000006,,,,,,,,,,,,,,event,FULL_HISTORY_REVIEW,2008-01-29,2008-01-30,股权分置受限股份上市,25359.1631,23129.9667,2229.1964,253591631.00000003,231299667.0,22291963.999999996,False,2008-01-30,2026-08-20
000006,,,,,,,,,,,,,,event,FULL_HISTORY_REVIEW,2008-03-29,2007-12-31,定期报告,25359.1631,21862.0085,3497.1546,253591631.00000003,218620085.0,34971546.0,False,2008-03-29,2026-08-20
000006,,,,,,,,,,,,,,event,FULL_HISTORY_REVIEW,2008-04-23,2008-04-29,"送股,转增",50718.3262,46259.9334,4458.3928,507183262.00000006,462599334.0,44583927.99999999,False,2008-04-29,2026-08-20
000006,,,,,,,,,,,,,,event,FULL_HISTORY_REVIEW,2008-08-02,2008-06-30,定期报告,50718.3262,46259.9334,4458.3928,507183262.00000006,462599334.0,44583927.99999999,False,2008-08-02,2026-08-20
000006,,,,,,,,,,,,,,event,FULL_HISTORY_REVIEW,2009-01-17,2009-01-20,股权分置受限股份上市,50718.3262,48599.0176,2119.3086,507183262.00000006,485990176.0,21193086.0,False,2009-01-20,2026-08-20
000006,,,,,,,,,,,,,,event,FULL_HISTORY_REVIEW,2009-02-11,2009-02-12,激励股份解禁,50718.3262,49710.1768,1008.1494,507183262.00000006,497101768.0,10081494.0,False,2009-02-12,2026-08-20
000006,,,,,,,,,,,,,,event,FULL_HISTORY_REVIEW,2009-04-25,2008-12-31,定期报告,50718.3262,46192.1409,4526.1853,507183262.00000006,461921409.0,45261853.0,False,2009-04-25,2026-08-20
000006,,,,,,,,,,,,,,event,FULL_HISTORY_REVIEW,2009-08-12,2009-06-30,定期报告,50718.3262,49202.9652,1515.361,507183262.00000006,492029652.0,15153610.000000002,False,2009-08-12,2026-08-20
000006,,,,,,,,,,,,,,event,FULL_HISTORY_REVIEW,2010-03-17,2009-12-31,定期报告,50718.3262,49332.2678,1386.0584,507183262.00000006,493322678.0,13860583.999999998,False,2010-03-17,2026-08-20
000006,,,,,,,,,,,,,,event,FULL_HISTORY_REVIEW,2010-05-07,2010-05-13,送股,76077.4893,74090.5392,1986.9501,760774893.0,740905392.0,19869501.0,False,2010-05-13,2026-08-20
000006,,,,,,,,,,,,,,event,FULL_HISTORY_REVIEW,2010-08-07,2010-06-30,定期报告,76077.4893,74090.5392,1986.9501,760774893.0,740905392.0,19869501.0,False,2010-08-07,2026-08-20
000006,,,,,,,,,,,,,,event,FULL_HISTORY_REVIEW,2011-03-05,2011-03-09,限售股份上市,76077.4893,74247.5902,1829.8991,760774893.0,742475902.0000001,18298991.0,False,2011-03-09,2026-08-20
000006,,,,,,,,,,,,,,event,FULL_HISTORY_REVIEW,2011-03-31,2010-12-31,定期报告,76077.4893,74089.0392,1988.4501,760774893.0,740890392.0,19884501.0,False,2011-03-31,2026-08-20
000006,,,,,,,,,,,,,,event,FULL_HISTORY_REVIEW,2011-05-21,2011-05-24,激励股份解禁,76077.4893,74449.9826,1627.5067,760774893.0,744499826.0,16275067.0,False,2011-05-24,2026-08-20
000006,,,,,,,,,,,,,,event,FULL_HISTORY_REVIEW,2011-06-08,2011-06-14,送股,98900.736,96784.9773,2115.7587,989007360.0,967849773.0,21157587.0,False,2011-06-14,2026-08-20
000006,,,,,,,,,,,,,,event,FULL_HISTORY_REVIEW,2011-08-03,2011-06-30,定期报告,98900.736,96784.9773,2115.7587,989007360.0,967849773.0,21157587.0,False,2011-08-03,2026-08-20
000006,,,,,,,,,,,,,,event,FULL_HISTORY_REVIEW,2012-04-18,2011-12-31,定期报告,98900.736,96784.8273,2115.9087,989007360.0,967848273.0,21159087.0,False,2012-04-18,2026-08-20
000006,,,,,,,,,,,,,,event,FULL_HISTORY_REVIEW,2012-05-23,2012-05-24,激励股份解禁,98900.736,97336.0802,1564.6558,989007360.0,973360802.0,15646558.0,False,2012-05-24,2026-08-20
000006,,,,,,,,,,,,,,event,FULL_HISTORY_REVIEW,2012-07-04,2012-07-11,送股,128570.9568,126536.9043,2034.0525,1285709568.0,1265369043.0,20340525.0,False,2012-07-11,2026-08-20
000006,,,,,,,,,,,,,,event,FULL_HISTORY_REVIEW,2012-08-11,2012-06-30,定期报告,98900.736,97336.0802,1564.6558,989007360.0,973360802.0,15646558.0,False,2012-08-11,2026-08-20
000006,,,,,,,,,,,,,,event,FULL_HISTORY_REVIEW,2013-03-30,2012-12-31,定期报告,128570.9568,126537.0993,2033.8575,1285709568.0,1265370993.0,20338575.0,False,2013-03-30,2026-08-20
000006,,,,,,,,,,,,,,event,FULL_HISTORY_REVIEW,2013-05-16,2013-05-17,激励股份解禁,128570.9568,127233.613,1337.3438,1285709568.0,1272336130.0,13373438.000000002,False,2013-05-17,2026-08-20
000006,,,,,,,,,,,,,,event,FULL_HISTORY_REVIEW,2013-06-14,2013-06-20,送股,134999.5046,133595.2936,1404.211,1349995045.9999998,1335952936.0,14042110.0,False,2013-06-20,2026-08-20
000006,,,,,,,,,,,,,,event,FULL_HISTORY_REVIEW,2013-08-15,2013-06-30,定期报告,134999.5046,133595.2936,1404.211,1349995045.9999998,1335952936.0,14042110.0,False,2013-08-15,2026-08-20
000006,,,,,,,,,,,,,,event,FULL_HISTORY_REVIEW,2014-03-15,2013-12-31,定期报告,134999.5046,133824.1583,1175.3463,1349995045.9999998,1338241583.0,11753463.0,False,2014-03-15,2026-08-20
000006,,,,,,,,,,,,,,event,FULL_HISTORY_REVIEW,2014-08-15,2014-06-30,定期报告,134999.5046,133889.7143,1109.7903,1349995045.9999998,1338897143.0,11097902.999999998,False,2014-08-15,2026-08-20
000006,,,,,,,,,,,,,,event,FULL_HISTORY_REVIEW,2015-04-01,2014-12-31,定期报告,134999.5046,133889.7143,1109.7903,1349995045.9999998,1338897143.0,11097902.999999998,False,2015-04-01,2026-08-20
000006,,,,,,,,,,,,,,event,FULL_HISTORY_REVIEW,2015-08-29,2015-06-30,定期报告,134999.5046,134148.74,850.7646,1349995045.9999998,1341487400.0,8507646.0,False,2015-08-29,2026-08-20
000006,,,,,,,,,,,,,,event,FULL_HISTORY_REVIEW,2016-03-30,2015-12-31,定期报告,134999.5046,134026.607,972.8976,1349995045.9999998,1340266070.0,9728976.0,False,2016-03-30,2026-08-20
000006,,,,,,,,,,,,,,event,FULL_HISTORY_REVIEW,2016-08-19,2016-06-30,定期报告,134999.5046,134515.1388,484.3658,1349995045.9999998,1345151387.9999998,4843658.0,False,2016-08-19,2026-08-20
000006,,,,,,,,,,,,,,event,FULL_HISTORY_REVIEW,2017-03-30,2016-12-31,定期报告,134999.5046,134488.3896,511.115,1349995045.9999998,1344883896.0,5111150.0,False,2017-03-30,2026-08-20
000006,,,,,,,,,,,,,,event,FULL_HISTORY_REVIEW,2017-08-18,2017-06-30,定期报告,134999.5046,134516.916,482.5886,1349995045.9999998,1345169160.0,4825886.0,False,2017-08-18,2026-08-20
000006,,,,,,,,,,,,,,event,FULL_HISTORY_REVIEW,2018-03-30,2017-12-31,定期报告,134999.5046,134826.7407,172.7639,1349995045.9999998,1348267407.0,1727639.0,False,2018-03-30,2026-08-20
000006,,,,,,,,,,,,,,event,FULL_HISTORY_REVIEW,2018-08-17,2018-06-30,定期报告,134999.5046,134830.7972,168.7074,1349995045.9999998,1348307972.0,1687074.0,False,2018-08-17,2026-08-20
000006,,,,,,,,,,,,,,event,FULL_HISTORY_REVIEW,2019-03-30,2018-12-31,定期报告,134999.5046,134778.6178,220.8868,1349995045.9999998,1347786178.0,2208868.0,False,2019-03-30,2026-08-20
000006,,,,,,,,,,,,,,event,FULL_HISTORY_REVIEW,2019-08-16,2019-06-30,定期报告,134999.5046,134830.7972,168.7074,1349995045.9999998,1348307972.0,1687074.0,False,2019-08-16,2026-08-20
000006,,,,,,,,,,,,,,event,FULL_HISTORY_REVIEW,2020-04-09,2019-12-31,定期报告,134999.5046,134830.7972,168.7074,1349995045.9999998,1348307972.0,1687074.0,False,2020-04-09,2026-08-20
000006,,,,,,,,,,,,,,event,FULL_HISTORY_REVIEW,2020-08-28,2020-06-30,定期报告,134999.5046,134830.7972,168.7074,1349995045.9999998,1348307972.0,1687074.0,False,2020-08-28,2026-08-20
000006,,,,,,,,,,,,,,event,FULL_HISTORY_REVIEW,2021-03-31,2020-12-31,定期报告,134999.5046,134999.5046,,1349995045.9999998,1349995045.9999998,,False,2021-03-31,2026-08-20
000006,,,,,,,,,,,,,,event,FULL_HISTORY_REVIEW,2021-08-27,2021-06-30,定期报告,134999.5046,134999.5046,,1349995045.9999998,1349995045.9999998,,False,2021-08-27,2026-08-20
000006,,,,,,,,,,,,,,event,FULL_HISTORY_REVIEW,2022-04-16,2021-12-31,定期报告,134999.5046,134999.5046,,1349995045.9999998,1349995045.9999998,,False,2022-04-16,2026-08-20
000006,,,,,,,,,,,,,,event,FULL_HISTORY_REVIEW,2022-08-25,2022-06-30,定期报告,134999.5046,134999.5046,,1349995045.9999998,1349995045.9999998,,False,2022-08-25,2026-08-20
000006,,,,,,,,,,,,,,event,FULL_HISTORY_REVIEW,2023-04-28,2022-12-31,定期报告,134999.5046,134999.5046,,1349995045.9999998,1349995045.9999998,,False,2023-04-28,2026-08-20
000006,,,,,,,,,,,,,,event,FULL_HISTORY_REVIEW,2023-08-25,2023-06-30,定期报告,134999.5046,134998.7396,0.765,1349995045.9999998,1349987396.0,7650.0,False,2023-08-25,2026-08-20
000006,,,,,,,,,,,,,,event,FULL_HISTORY_REVIEW,2024-04-27,2023-12-31,定期报告,134999.5046,134998.7396,0.765,1349995045.9999998,1349987396.0,7650.0,False,2024-04-27,2026-08-20
000006,,,,,,,,,,,,,,event,FULL_HISTORY_REVIEW,2024-08-30,2024-06-30,定期报告,134999.5046,134998.7396,0.765,1349995045.9999998,1349987396.0,7650.0,False,2024-08-30,2026-08-20
000006,,,,,,,,,,,,,,event,FULL_HISTORY_REVIEW,2025-04-26,2024-12-31,定期报告,134999.5046,134998.7396,0.765,1349995045.9999998,1349987396.0,7650.0,False,2025-04-26,2026-08-20
000006,,,,,,,,,,,,,,event,FULL_HISTORY_REVIEW,2025-08-29,2025-06-30,定期报告,134999.5046,134998.7396,0.765,1349995045.9999998,1349987396.0,7650.0,False,2025-08-29,2026-08-20
000006,,,,,,,,,,,,,,event,FULL_HISTORY_REVIEW,2026-04-03,2025-12-31,定期报告,134999.5046,134998.4846,1.02,1349995045.9999998,1349984846.0,10200.0,False,2026-04-03,2026-08-20
300213,1990-01-01,2026-08-20,1.0,200.0,"[""count"", ""records"", ""resultcode"", ""resultmsg"", ""total""]","[""DECLAREDATE"", ""F001V"", ""F002V"", ""F003N"", ""F004N"", ""F005N"", ""F006N"", ""F007N"", ""F008N"", ""F009N"", ""F010N"", ""F011N"", ""F012N"", ""F013N"", ""F014N"", ""F015N"", ""F016N"", ""F017N"", ""F018N"", ""F019N"", ""F020N"", ""F021N"", ""F022N"", ""F023N"", ""F024N"", ""F025N"", ""F026N"", ""F027C"", ""F028N"", ""F029N"", ""F030N"", ""F031N"", ""F032N"", ""F033N"", ""F034N"", ""F035N"", ""F036N"", ""F037N"", ""F038N"", ""F040N"", ""F049N"", ""F050N"", ""ORGNAME"", ""SECCODE"", ""SECNAME"", ""VARYDATE""]",False,66.0,"[{""SECNAME"": ""佳讯飞鸿"", ""F027C"": ""0"", ""ORGNAME"": ""北京佳讯飞鸿电气股份有限公司"", ""F009N"": null, ""F019N"": null, ""F029N"": null, ""F007N"": null, ""F017N"": 420.0, ""F049N"": null, ""F005N"": 0.0, ""F004N"": 0.0, ""F036N"": null, ""F014N"": 6300.0, ""F026N"": null, ""F034N"": 0.0, ""F012N"": null, ""F024N"": null, ""F032N"": null, ""F010N"": null, ""F022N"": 1680.0, ""F030N"": 0.0, ""F020N"": 420.0, ""F050N"": null, ""F040N"": null, ""F002V"": ""A股上市"", ""DECLAREDATE"": ""2011-05-04"", ""F008N"": null, ""SECCODE"": ""300213"", ""VARYDATE"": ""2011-05-05"", ""F018N"": null, ""F006N"": null, ""F038N"": null, ""F016N"": null, ""F028N"": 6720.0, ""F015N"": null, ""F025N"": null, ""F003N"": 8400.0, ""F037N"": null, ""F013N"": null, ""F023N"": 0.0, ""F035N"": null, ""F011N"": null, ""F021N"": 1680.0, ""F033N"": 6300.0, ""F031N"": 6300.0, ""F001V"": ""015001""}, {""SECNAME"": ""佳讯飞鸿"", ""F027C"": ""0"", ""ORGNAME"": ""北京佳讯飞鸿电气股份有限公司"", ""F009N"": null, ""F019N"": null, ""F029N"": null, ""F007N"": null, ""F017N"": 420.0, ""F049N"": null, ""F005N"": null, ""F004N"": 0.0, ""F036N"": null, ""F014N"": 6300.0, ""F026N"": null, ""F034N"": 0.0, ""F012N"": null, ""F024N"": null, ""F032N"": null, ""F010N"": null, ""F022N"": 1680.0, ""F030N"": 0.0, ""F020N"": 420.0, ""F050N"": null, ""F040N"": null, ""F002V"": ""定期报告"", ""DECLAREDATE"": ""2011-08-12"", ""F008N"": null, ""SECCODE"": ""300213"", ""VARYDATE"": ""2011-06-30"", ""F018N"": null, ""F006N"": null, ""F038N"": null, ""F016N"": null, ""F028N"": 6720.0, ""F015N"": null, ""F025N"": null, ""F003N"": 8400.0, ""F037N"": null, ""F013N"": null, ""F023N"": 0.0, ""F035N"": null, ""F011N"": null, ""F021N"": 1680.0, ""F033N"": 6300.0, ""F031N"": 6300.0, ""F001V"": ""015019""}, {""SECNAME"": ""佳讯飞鸿"", ""F027C"": ""0"", ""ORGNAME"": ""北京佳讯飞鸿电气股份有限公司"", ""F009N"": null, ""F019N"": 0.0, ""F029N"": null, ""F007N"": null, ""F017N"": 0.0, ""F049N"": null, ""F005N"": 0.0, ""F004N"": 0.0, ""F036N"": null, ""F014N"": 6300.0, ""F026N"": null, ""F034N"": 0.0, ""F012N"": null, ""F024N"": null, ""F032N"": null, ""F010N"": null, ""F022N"": 2100.0, ""F030N"": 0.0, ""F020N"": 0.0, ""F050N"": null, ""F040N"": null, ""F002V"": ""配售股份上市"", ""DECLAREDATE"": ""2011-08-03"", ""F008N"": null, ""SECCODE"": ""300213"", ""VARYDATE"": ""2011-08-05"", ""F018N"": 0.0, ""F006N"": null, ""F038N"": null, ""F016N"": null, ""F028N"": 6300.0, ""F015N"": null, ""F025N"": 0.0, ""F003N"": 8400.0, ""F037N"": null, ""F013N"": null, ""F023N"": null, ""F035N"": null, ""F011N"": null, ""F021N"": 2100.0, ""F033N"": 6300.0, ""F031N"": 6300.0, ""F001V"": ""015009""}]",True,True,SUCCESS,,schema,FULL_HISTORY_REVIEW,,,,,,,,,,,,2026-08-20
300213,,,,,,,,,,,,,,event,FULL_HISTORY_REVIEW,2011-05-04,2011-05-05,A股上市,8400.0,1680.0,6720.0,84000000.0,16800000.0,67200000.0,False,2011-05-05,2026-08-20
300213,,,,,,,,,,,,,,event,FULL_HISTORY_REVIEW,2011-08-03,2011-08-05,配售股份上市,8400.0,2100.0,6300.0,84000000.0,21000000.0,63000000.0,False,2011-08-05,2026-08-20
300213,,,,,,,,,,,,,,event,FULL_HISTORY_REVIEW,2011-08-12,2011-06-30,定期报告,8400.0,1680.0,6720.0,84000000.0,16800000.0,67200000.0,False,2011-08-12,2026-08-20
300213,,,,,,,,,,,,,,event,FULL_HISTORY_REVIEW,2012-04-18,2011-12-31,定期报告,8400.0,2100.0,6300.0,84000000.0,21000000.0,63000000.0,False,2012-04-18,2026-08-20
300213,,,,,,,,,,,,,,event,FULL_HISTORY_REVIEW,2012-05-08,2012-05-10,限售股份上市,8400.0,2420.0918,5979.9082,84000000.0,24200918.0,59799082.0,False,2012-05-10,2026-08-20
300213,,,,,,,,,,,,,,event,FULL_HISTORY_REVIEW,2012-05-23,2012-05-29,转增,12600.0,3496.0861,9103.9139,126000000.0,34960861.0,91039139.0,False,2012-05-29,2026-08-20
300213,,,,,,,,,,,,,,event,FULL_HISTORY_REVIEW,2012-08-22,2012-06-30,定期报告,12600.0,3496.0862,9103.9138,126000000.0,34960862.0,91039138.0,False,2012-08-22,2026-08-20
300213,,,,,,,,,,,,,,event,FULL_HISTORY_REVIEW,2013-04-03,2013-04-08,限售股份上市,12600.0,3523.5366,9076.4634,126000000.0,35235366.0,90764634.0,False,2013-04-08,2026-08-20
300213,,,,,,,,,,,,,,event,FULL_HISTORY_REVIEW,2013-04-19,2012-12-31,定期报告,12600.0,3496.0862,9103.9138,126000000.0,34960862.0,91039138.0,False,2013-04-19,2026-08-20
300213,,,,,,,,,,,,,,event,FULL_HISTORY_REVIEW,2013-07-10,2013-07-11,限售股份上市,12600.0,3808.9235,8791.0765,126000000.0,38089235.0,87910764.99999999,False,2013-07-11,2026-08-20
300213,,,,,,,,,,,,,,event,FULL_HISTORY_REVIEW,2013-08-02,2013-06-30,定期报告,12600.0,3523.5366,9076.4634,126000000.0,35235366.0,90764634.0,False,2013-08-02,2026-08-20
300213,,,,,,,,,,,,,,event,FULL_HISTORY_REVIEW,2014-02-18,2013-12-31,定期报告,12600.0,3804.1751,8795.8249,126000000.0,38041751.0,87958249.0,False,2014-02-18,2026-08-20
300213,,,,,,,,,,,,,,event,FULL_HISTORY_REVIEW,2014-05-05,2014-05-12,转增,25200.0,7700.4876,17499.5124,252000000.0,77004876.0,174995124.0,False,2014-05-12,2026-08-20
300213,,,,,,,,,,,,,,event,FULL_HISTORY_REVIEW,2014-07-17,2014-07-21,限售股份上市,25200.0,12031.4119,13168.5881,252000000.0,120314118.99999999,131685881.00000001,False,2014-07-21,2026-08-20
300213,,,,,,,,,,,,,,event,FULL_HISTORY_REVIEW,2014-08-06,2014-06-30,定期报告,25200.0,7700.4876,17499.5124,252000000.0,77004876.0,174995124.0,False,2014-08-06,2026-08-20
300213,,,,,,,,,,,,,,event,FULL_HISTORY_REVIEW,2015-02-17,2015-02-26,增发新股上市,26101.5778,12031.4119,14070.1659,261015778.0,120314118.99999999,140701659.0,False,2015-02-26,2026-08-20
300213,,,,,,,,,,,,,,event,FULL_HISTORY_REVIEW,2015-04-07,2014-12-31,定期报告,25200.0,12031.4119,13168.5881,252000000.0,120314118.99999999,131685881.00000001,False,2015-04-07,2026-08-20
300213,,,,,,,,,,,,,,event,FULL_HISTORY_REVIEW,2015-07-30,2015-06-30,定期报告,26101.5778,12526.1772,13575.4006,261015778.0,125261772.0,135754006.0,False,2015-07-30,2026-08-20
300213,,,,,,,,,,,,,,event,FULL_HISTORY_REVIEW,2016-03-22,2015-12-31,定期报告,26101.5778,12526.1772,13575.4006,261015778.0,125261772.0,135754006.0,False,2016-03-22,2026-08-20
300213,,,,,,,,,,,,,,event,FULL_HISTORY_REVIEW,2016-03-28,2016-03-30,限售股份上市,26101.5778,12366.1054,13735.4724,261015778.0,123661054.0,137354724.0,False,2016-03-30,2026-08-20
300213,,,,,,,,,,,,,,event,FULL_HISTORY_REVIEW,2016-08-09,2016-06-30,定期报告,26101.5778,12366.1054,13735.4724,261015778.0,123661054.0,137354724.0,False,2016-08-09,2026-08-20
300213,,,,,,,,,,,,,,event,FULL_HISTORY_REVIEW,2016-08-09,2016-08-12,限售股份上市,26101.5778,12389.5464,13712.0314,261015778.0,123895464.0,137120314.0,False,2016-08-12,2026-08-20
300213,,,,,,,,,,,,,,event,FULL_HISTORY_REVIEW,2016-11-01,2016-11-02,增发新股上市,28733.2509,15629.5464,13103.7045,287332509.0,156295464.0,131037045.0,False,2016-11-02,2026-08-20
300213,,,,,,,,,,,,,,event,FULL_HISTORY_REVIEW,2017-03-16,2016-12-31,定期报告,28733.2509,15629.5464,13103.7045,287332509.0,156295464.0,131037045.0,False,2017-03-16,2026-08-20
300213,,,,,,,,,,,,,,event,FULL_HISTORY_REVIEW,2017-03-29,2017-03-31,限售股份上市,28733.2509,16112.6378,12620.6131,287332509.0,161126378.0,126206131.0,False,2017-03-31,2026-08-20
300213,,,,,,,,,,,,,,event,FULL_HISTORY_REVIEW,2017-04-11,2017-04-17,转增,57466.5018,32225.2756,25241.2262,574665018.0,322252756.0,252412262.0,False,2017-04-17,2026-08-20
300213,,,,,,,,,,,,,,event,FULL_HISTORY_REVIEW,2017-07-21,2017-07-25,增发新股上市,59492.6386,32225.2756,27267.363,594926386.0,322252756.0,272673630.0,False,2017-07-25,2026-08-20
300213,,,,,,,,,,,,,,event,FULL_HISTORY_REVIEW,2017-08-25,2017-06-30,定期报告,57466.5018,32225.2756,25241.2262,574665018.0,322252756.0,252412262.0,False,2017-08-25,2026-08-20
300213,,,,,,,,,,,,,,event,FULL_HISTORY_REVIEW,2017-11-08,2017-11-10,限售股份上市,59492.6386,36710.4116,22782.227,594926386.0,367104116.0,227822270.0,False,2017-11-10,2026-08-20
300213,,,,,,,,,,,,,,event,FULL_HISTORY_REVIEW,2018-03-31,2017-12-31,定期报告,59492.6386,36710.4116,22782.227,594926386.0,367104116.0,227822270.0,False,2018-03-31,2026-08-20
300213,,,,,,,,,,,,,,event,FULL_HISTORY_REVIEW,2018-04-16,2018-04-18,限售股份上市,59492.6386,37568.8435,21923.7951,594926386.0,375688435.0,219237951.0,False,2018-04-18,2026-08-20
300213,,,,,,,,,,,,,,event,FULL_HISTORY_REVIEW,2018-07-31,2018-08-02,限售股份上市,59492.6386,38581.6118,20911.0268,594926386.0,385816118.0,209110268.0,False,2018-08-02,2026-08-20
300213,,,,,,,,,,,,,,event,FULL_HISTORY_REVIEW,2018-08-17,2018-06-30,定期报告,59492.6386,37568.8435,21923.7951,594926386.0,375688435.0,219237951.0,False,2018-08-17,2026-08-20
300213,,,,,,,,,,,,,,event,FULL_HISTORY_REVIEW,2019-03-29,2018-12-31,定期报告,59492.6386,38581.6118,20911.0268,594926386.0,385816118.0,209110268.0,False,2019-03-29,2026-08-20
300213,,,,,,,,,,,,,,event,FULL_HISTORY_REVIEW,2019-05-09,2019-05-13,限售股份上市,59492.6386,44414.7025,15077.9361,594926386.0,444147025.0,150779361.0,False,2019-05-13,2026-08-20
300213,,,,,,,,,,,,,,event,FULL_HISTORY_REVIEW,2019-07-04,2019-07-04,"股份回购,股权激励",59492.6386,43910.1968,15582.4418,594926386.0,439101968.0,155824418.0,False,2019-07-04,2026-08-20
300213,,,,,,,,,,,,,,event,FULL_HISTORY_REVIEW,2019-08-06,2019-06-30,定期报告,59492.6386,44410.2025,15082.4361,594926386.0,444102025.0,150824361.0,False,2019-08-06,2026-08-20
300213,,,,,,,,,,,,,,event,FULL_HISTORY_REVIEW,2019-11-05,2019-11-08,限售股份上市,59492.6386,43754.8133,15737.8253,594926386.0,437548133.0,157378253.0,False,2019-11-08,2026-08-20
300213,,,,,,,,,,,,,,event,FULL_HISTORY_REVIEW,2020-04-10,2019-12-31,定期报告,59492.6386,43754.8133,15737.8253,594926386.0,437548133.0,157378253.0,False,2020-04-10,2026-08-20
300213,,,,,,,,,,,,,,event,FULL_HISTORY_REVIEW,2020-07-01,2020-07-06,激励股份解禁,59492.6386,54432.6783,5059.9603,594926386.0,544326783.0,50599603.0,False,2020-07-06,2026-08-20
300213,,,,,,,,,,,,,,event,FULL_HISTORY_REVIEW,2020-07-21,2020-07-21,"股份回购,期权行权",59550.6888,54521.9692,5028.7196,595506888.0,545219692.0,50287196.0,False,2020-07-21,2026-08-20
300213,,,,,,,,,,,,,,event,FULL_HISTORY_REVIEW,2020-08-21,2020-06-30,定期报告,59492.6386,54235.4952,5257.1434,594926386.0,542354952.0,52571434.0,False,2020-08-21,2026-08-20
300213,,,,,,,,,,,,,,event,FULL_HISTORY_REVIEW,2020-08-31,2020-08-27,期权行权,59592.5872,54563.8676,5028.7196,595925872.0,545638676.0,50287196.0,False,2020-08-31,2026-08-20
300213,,,,,,,,,,,,,,event,FULL_HISTORY_REVIEW,2020-08-31,2020-08-28,期权行权,59598.2772,54569.5576,5028.7196,595982772.0,545695576.0,50287196.0,False,2020-08-31,2026-08-20
300213,,,,,,,,,,,,,,event,FULL_HISTORY_REVIEW,2020-09-30,2020-09-30,期权行权,59619.3648,54590.6452,5028.7196,596193648.0,545906452.0,50287196.0,False,2020-09-30,2026-08-20
300213,,,,,,,,,,,,,,event,FULL_HISTORY_REVIEW,2021-04-28,2020-12-31,"定期报告,期权行权",59619.3648,54590.6452,5028.7196,596193648.0,545906452.0,50287196.0,False,2021-04-28,2026-08-20
300213,,,,,,,,,,,,,,event,FULL_HISTORY_REVIEW,2021-08-07,2021-08-06,股份回购,59371.8564,55034.6012,4337.2552,593718564.0,550346012.0,43372551.99999999,False,2021-08-07,2026-08-20
300213,,,,,,,,,,,,,,event,FULL_HISTORY_REVIEW,2021-08-21,2021-06-30,定期报告,59619.3648,55034.6012,4584.7636,596193648.0,550346012.0,45847636.0,False,2021-08-21,2026-08-20
300213,,,,,,,,,,,,,,event,FULL_HISTORY_REVIEW,2021-11-15,2021-11-13,其他,59371.8564,55035.5483,4336.3081,593718564.0,550355483.0,43363081.0,False,2021-11-15,2026-08-20
300213,,,,,,,,,,,,,,event,FULL_HISTORY_REVIEW,2022-04-22,2021-12-31,定期报告,59371.8564,55035.5483,4336.3081,593718564.0,550355483.0,43363081.0,False,2022-04-22,2026-08-20
300213,,,,,,,,,,,,,,event,FULL_HISTORY_REVIEW,2022-08-24,2022-08-24,其他,59371.8564,55071.936,4299.9204,593718564.0,550719360.0,42999204.0,False,2022-08-24,2026-08-20
300213,,,,,,,,,,,,,,event,FULL_HISTORY_REVIEW,2022-08-26,2022-06-30,定期报告,59371.8564,55071.936,4299.9204,593718564.0,550719360.0,42999204.0,False,2022-08-26,2026-08-20
300213,,,,,,,,,,,,,,event,FULL_HISTORY_REVIEW,2023-04-22,2022-12-31,定期报告,59371.8564,55071.836,4300.0204,593718564.0,550718360.0,43000204.0,False,2023-04-22,2026-08-20
300213,,,,,,,,,,,,,,event,FULL_HISTORY_REVIEW,2023-08-26,2023-06-30,定期报告,59371.8564,55090.0772,4281.7792,593718564.0,550900772.0,42817792.0,False,2023-08-26,2026-08-20
300213,,,,,,,,,,,,,,event,FULL_HISTORY_REVIEW,2023-08-26,2023-08-25,其他,59371.8564,55090.0772,4281.7792,593718564.0,550900772.0,42817792.0,False,2023-08-26,2026-08-20
300213,,,,,,,,,,,,,,event,FULL_HISTORY_REVIEW,2024-04-20,2023-12-31,定期报告,59371.8564,55090.0772,4281.7792,593718564.0,550900772.0,42817792.0,False,2024-04-20,2026-08-20
300213,,,,,,,,,,,,,,event,FULL_HISTORY_REVIEW,2024-05-07,2024-05-06,"股份回购,股权激励",59371.8564,54482.3272,4889.5292,593718564.0,544823272.0,48895292.0,False,2024-05-07,2026-08-20
300213,,,,,,,,,,,,,,event,FULL_HISTORY_REVIEW,2024-08-02,2024-08-06,激励股份解禁,59371.8564,55116.3272,4255.5292,593718564.0,551163272.0,42555292.0,False,2024-08-06,2026-08-20
300213,,,,,,,,,,,,,,event,FULL_HISTORY_REVIEW,2024-08-20,2024-06-30,定期报告,59371.8564,54482.3272,4889.5292,593718564.0,544823272.0,48895292.0,False,2024-08-20,2026-08-20
300213,,,,,,,,,,,,,,event,FULL_HISTORY_REVIEW,2024-08-26,2024-08-24,其他,59371.8564,55116.3272,4255.5292,593718564.0,551163272.0,42555292.0,False,2024-08-26,2026-08-20
300213,,,,,,,,,,,,,,event,FULL_HISTORY_REVIEW,2025-04-26,2024-12-31,定期报告,59371.8564,55116.3272,4255.5292,593718564.0,551163272.0,42555292.0,False,2025-04-26,2026-08-20
300213,,,,,,,,,,,,,,event,FULL_HISTORY_REVIEW,2025-05-15,2025-05-14,"增发新股上市,股份回购,股权激励",59436.466,54591.9368,4844.5292,594364660.0,545919368.0,48445292.0,False,2025-05-15,2026-08-20
300213,,,,,,,,,,,,,,event,FULL_HISTORY_REVIEW,2025-08-12,2025-08-14,激励股份解禁,59436.466,55222.1868,4214.2792,594364660.0,552221868.0,42142792.0,False,2025-08-14,2026-08-20
300213,,,,,,,,,,,,,,event,FULL_HISTORY_REVIEW,2025-08-29,2025-06-30,定期报告,59436.466,54591.9368,4844.5292,594364660.0,545919368.0,48445292.0,False,2025-08-29,2026-08-20
300213,,,,,,,,,,,,,,event,FULL_HISTORY_REVIEW,2026-04-25,2025-12-31,定期报告,59436.466,55222.1868,4214.2792,594364660.0,552221868.0,42142792.0,False,2026-04-25,2026-08-20
300213,,,,,,,,,,,,,,event,FULL_HISTORY_REVIEW,2026-08-15,2026-06-30,定期报告,59436.466,55259.0868,4177.3792,594364660.0,552590868.0,41773792.0,False,2026-08-15,2026-08-20
001233,1990-01-01,2026-08-20,1.0,200.0,"[""count"", ""records"", ""resultcode"", ""resultmsg"", ""total""]","[""DECLAREDATE"", ""F001V"", ""F002V"", ""F003N"", ""F004N"", ""F005N"", ""F006N"", ""F007N"", ""F008N"", ""F009N"", ""F010N"", ""F011N"", ""F012N"", ""F013N"", ""F014N"", ""F015N"", ""F016N"", ""F017N"", ""F018N"", ""F019N"", ""F020N"", ""F021N"", ""F022N"", ""F023N"", ""F024N"", ""F025N"", ""F026N"", ""F027C"", ""F028N"", ""F029N"", ""F030N"", ""F031N"", ""F032N"", ""F033N"", ""F034N"", ""F035N"", ""F036N"", ""F037N"", ""F038N"", ""F040N"", ""F049N"", ""F050N"", ""ORGNAME"", ""SECCODE"", ""SECNAME"", ""VARYDATE""]",False,4.0,"[{""SECNAME"": ""海安集团"", ""F027C"": ""0"", ""ORGNAME"": ""海安橡胶集团股份公司"", ""F009N"": null, ""F019N"": null, ""F029N"": null, ""F007N"": null, ""F017N"": 0.0, ""F049N"": null, ""F005N"": 0.0, ""F004N"": 0.0, ""F036N"": null, ""F014N"": 15058.7414, ""F026N"": null, ""F034N"": 0.0, ""F012N"": null, ""F024N"": null, ""F032N"": 10194.7414, ""F010N"": null, ""F022N"": 3538.592, ""F030N"": 1896.0, ""F020N"": null, ""F050N"": null, ""F040N"": null, ""F002V"": ""A股上市"", ""DECLAREDATE"": ""2025-11-24"", ""F008N"": null, ""SECCODE"": ""001233"", ""VARYDATE"": ""2025-11-25"", ""F018N"": null, ""F006N"": null, ""F038N"": null, ""F016N"": null, ""F028N"": 15058.7414, ""F015N"": null, ""F025N"": null, ""F003N"": 18597.3334, ""F037N"": null, ""F013N"": null, ""F023N"": null, ""F035N"": null, ""F011N"": null, ""F021N"": 3538.592, ""F033N"": 2968.0, ""F031N"": 13162.7414, ""F001V"": ""015001""}, {""SECNAME"": ""海安集团"", ""F027C"": ""0"", ""ORGNAME"": ""海安橡胶集团股份公司"", ""F009N"": null, ""F019N"": null, ""F029N"": null, ""F007N"": null, ""F017N"": null, ""F049N"": null, ""F005N"": null, ""F004N"": null, ""F036N"": 0.1021, ""F014N"": 15058.7414, ""F026N"": null, ""F034N"": 0.2647, ""F012N"": null, ""F024N"": null, ""F032N"": 10188.5973, ""F010N"": null, ""F022N"": 3538.592, ""F030N"": 1896.8161, ""F020N"": null, ""F050N"": null, ""F040N"": null, ""F002V"": ""定期报告"", ""DECLAREDATE"": ""2026-04-29"", ""F008N"": null, ""SECCODE"": ""001233"", ""VARYDATE"": ""2025-12-31"", ""F018N"": null, ""F006N"": null, ""F038N"": null, ""F016N"": null, ""F028N"": 15058.7414, ""F015N"": null, ""F025N"": null, ""F003N"": 18597.3334, ""F037N"": null, ""F013N"": null, ""F023N"": null, ""F035N"": 0.1626, ""F011N"": null, ""F021N"": 3538.592, ""F033N"": 2973.0633, ""F031N"": 13161.6606, ""F001V"": ""015019""}, {""SECNAME"": ""海安集团"", ""F027C"": ""0"", ""ORGNAME"": ""海安橡胶集团股份公司"", ""F009N"": null, ""F019N"": null, ""F029N"": null, ""F007N"": null, ""F017N"": 0.0, ""F049N"": null, ""F005N"": 0.0, ""F004N"": 0.0, ""F036N"": null, ""F014N"": 14826.0207, ""F026N"": null, ""F034N"": 0.0, ""F012N"": null, ""F024N"": null, ""F032N"": 9962.0207, ""F010N"": null, ""F022N"": 3771.3127, ""F030N"": 1896.0, ""F020N"": null, ""F050N"": null, ""F040N"": null, ""F002V"": ""限售股份上市"", ""DECLAREDATE"": ""2026-05-20"", ""F008N"": null, ""SECCODE"": ""001233"", ""VARYDATE"": ""2026-05-25"", ""F018N"": null, ""F006N"": null, ""F038N"": null, ""F016N"": null, ""F028N"": 14826.0207, ""F015N"": null, ""F025N"": null, ""F003N"": 18597.3334, ""F037N"": null, ""F013N"": null, ""F023N"": null, ""F035N"": null, ""F011N"": null, ""F021N"": 3771.3127, ""F033N"": 2968.0, ""F031N"": 12930.0207, ""F001V"": ""015027""}]",True,True,SUCCESS,,schema,FULL_HISTORY_REVIEW,,,,,,,,,,,,2026-08-20
001233,,,,,,,,,,,,,,event,FULL_HISTORY_REVIEW,2025-11-24,2025-11-25,A股上市,18597.3334,3538.592,15058.7414,185973334.0,35385920.0,150587414.0,False,2025-11-25,2026-08-20
001233,,,,,,,,,,,,,,event,FULL_HISTORY_REVIEW,2026-04-29,2025-12-31,定期报告,18597.3334,3538.592,15058.7414,185973334.0,35385920.0,150587414.0,False,2026-04-29,2026-08-20
001233,,,,,,,,,,,,,,event,FULL_HISTORY_REVIEW,2026-05-20,2026-05-25,限售股份上市,18597.3334,3771.3127,14826.0207,185973334.0,37713127.0,148260207.0,False,2026-05-25,2026-08-20
600006,1990-01-01,2026-08-20,1.0,200.0,"[""count"", ""records"", ""resultcode"", ""resultmsg"", ""total""]","[""DECLAREDATE"", ""F001V"", ""F002V"", ""F003N"", ""F004N"", ""F005N"", ""F006N"", ""F007N"", ""F008N"", ""F009N"", ""F010N"", ""F011N"", ""F012N"", ""F013N"", ""F014N"", ""F015N"", ""F016N"", ""F017N"", ""F018N"", ""F019N"", ""F020N"", ""F021N"", ""F022N"", ""F023N"", ""F024N"", ""F025N"", ""F026N"", ""F027C"", ""F028N"", ""F029N"", ""F030N"", ""F031N"", ""F032N"", ""F033N"", ""F034N"", ""F035N"", ""F036N"", ""F037N"", ""F038N"", ""F040N"", ""F049N"", ""F050N"", ""ORGNAME"", ""SECCODE"", ""SECNAME"", ""VARYDATE""]",False,61.0,"[{""SECNAME"": ""东风汽车"", ""F027C"": ""0"", ""ORGNAME"": ""东风汽车股份有限公司"", ""F009N"": 0.0, ""F019N"": 0.0, ""F029N"": null, ""F007N"": 70000.0, ""F017N"": 0.0, ""F049N"": null, ""F005N"": 70000.0, ""F004N"": 70000.0, ""F036N"": null, ""F014N"": null, ""F026N"": 0.0, ""F034N"": null, ""F012N"": 0.0, ""F024N"": 0.0, ""F032N"": null, ""F010N"": 0.0, ""F022N"": 0.0, ""F030N"": null, ""F020N"": 0.0, ""F050N"": null, ""F040N"": null, ""F002V"": ""定期报告"", ""DECLAREDATE"": null, ""F008N"": 0.0, ""SECCODE"": ""600006"", ""VARYDATE"": ""1998-12-31"", ""F018N"": 0.0, ""F006N"": 0.0, ""F038N"": null, ""F016N"": 0.0, ""F028N"": 0.0, ""F015N"": 0.0, ""F025N"": 0.0, ""F003N"": 70000.0, ""F037N"": null, ""F013N"": 0.0, ""F023N"": 0.0, ""F035N"": null, ""F011N"": 0.0, ""F021N"": 0.0, ""F033N"": null, ""F031N"": null, ""F001V"": ""015019""}, {""SECNAME"": ""东风汽车"", ""F027C"": ""0"", ""ORGNAME"": ""东风汽车股份有限公司"", ""F009N"": 0.0, ""F019N"": 0.0, ""F029N"": null, ""F007N"": 70000.0, ""F017N"": 0.0, ""F049N"": null, ""F005N"": 70000.0, ""F004N"": 70000.0, ""F036N"": null, ""F014N"": null, ""F026N"": 0.0, ""F034N"": null, ""F012N"": 0.0, ""F024N"": 0.0, ""F032N"": null, ""F010N"": 0.0, ""F022N"": 0.0, ""F030N"": null, ""F020N"": 0.0, ""F050N"": null, ""F040N"": null, ""F002V"": ""定期报告"", ""DECLAREDATE"": null, ""F008N"": 0.0, ""SECCODE"": ""600006"", ""VARYDATE"": ""1999-06-30"", ""F018N"": 0.0, ""F006N"": 0.0, ""F038N"": null, ""F016N"": 0.0, ""F028N"": 0.0, ""F015N"": 0.0, ""F025N"": 0.0, ""F003N"": 70000.0, ""F037N"": null, ""F013N"": 0.0, ""F023N"": 0.0, ""F035N"": null, ""F011N"": 0.0, ""F021N"": 0.0, ""F033N"": null, ""F031N"": null, ""F001V"": ""015019""}, {""SECNAME"": ""东风汽车"", ""F027C"": ""0"", ""ORGNAME"": ""东风汽车股份有限公司"", ""F009N"": 0.0, ""F019N"": 0.0, ""F029N"": null, ""F007N"": 70000.0, ""F017N"": 0.0, ""F049N"": null, ""F005N"": 70000.0, ""F004N"": 75225.0, ""F036N"": null, ""F014N"": 0.0, ""F026N"": 0.0, ""F034N"": 0.0, ""F012N"": 0.0, ""F024N"": 0.0, ""F032N"": null, ""F010N"": 0.0, ""F022N"": 24775.0, ""F030N"": null, ""F020N"": 0.0, ""F050N"": null, ""F040N"": null, ""F002V"": ""A股上市"", ""DECLAREDATE"": null, ""F008N"": 0.0, ""SECCODE"": ""600006"", ""VARYDATE"": ""1999-07-27"", ""F018N"": 0.0, ""F006N"": 0.0, ""F038N"": null, ""F016N"": 5225.0, ""F028N"": 0.0, ""F015N"": 0.0, ""F025N"": 0.0, ""F003N"": 100000.0, ""F037N"": null, ""F013N"": 0.0, ""F023N"": 0.0, ""F035N"": null, ""F011N"": 0.0, ""F021N"": 24775.0, ""F033N"": null, ""F031N"": 0.0, ""F001V"": ""015001""}]",True,True,SUCCESS,,schema,FULL_HISTORY_REVIEW,,,,,,,,,,,,2026-08-20
600006,,,,,,,,,,,,,,event,FULL_HISTORY_REVIEW,,1998-12-31,定期报告,70000.0,0.0,0.0,700000000.0,0.0,0.0,True,1998-12-31,2026-08-20
600006,,,,,,,,,,,,,,event,FULL_HISTORY_REVIEW,,1999-06-30,定期报告,70000.0,0.0,0.0,700000000.0,0.0,0.0,True,1999-06-30,2026-08-20
600006,,,,,,,,,,,,,,event,FULL_HISTORY_REVIEW,,1999-07-27,A股上市,100000.0,24775.0,0.0,1000000000.0,247750000.0,0.0,True,1999-07-27,2026-08-20
600006,,,,,,,,,,,,,,event,FULL_HISTORY_REVIEW,1999-10-08,1999-10-08,配售股份上市,100000.0,30000.0,0.0,1000000000.0,300000000.0,0.0,False,1999-10-08,2026-08-20
600006,,,,,,,,,,,,,,event,FULL_HISTORY_REVIEW,,1999-12-31,定期报告,100000.0,30000.0,0.0,1000000000.0,300000000.0,0.0,True,1999-12-31,2026-08-20
600006,,,,,,,,,,,,,,event,FULL_HISTORY_REVIEW,,2000-06-30,定期报告,100000.0,30000.0,0.0,1000000000.0,300000000.0,0.0,True,2000-06-30,2026-08-20
600006,,,,,,,,,,,,,,event,FULL_HISTORY_REVIEW,,2000-12-31,定期报告,100000.0,30000.0,0.0,1000000000.0,300000000.0,0.0,True,2000-12-31,2026-08-20
600006,,,,,,,,,,,,,,event,FULL_HISTORY_REVIEW,,2001-06-30,定期报告,100000.0,30000.0,0.0,1000000000.0,300000000.0,0.0,True,2001-06-30,2026-08-20
600006,,,,,,,,,,,,,,event,FULL_HISTORY_REVIEW,,2001-12-31,定期报告,100000.0,30000.0,0.0,1000000000.0,300000000.0,0.0,True,2001-12-31,2026-08-20
600006,,,,,,,,,,,,,,event,FULL_HISTORY_REVIEW,,2002-06-30,定期报告,100000.0,30000.0,0.0,1000000000.0,300000000.0,0.0,True,2002-06-30,2026-08-20
600006,,,,,,,,,,,,,,event,FULL_HISTORY_REVIEW,2003-03-06,2002-12-31,定期报告,100000.0,30000.0,0.0,1000000000.0,300000000.0,0.0,False,2003-03-06,2026-08-20
600006,,,,,,,,,,,,,,event,FULL_HISTORY_REVIEW,2003-08-28,2003-06-30,定期报告,100000.0,30000.0,0.0,1000000000.0,300000000.0,0.0,False,2003-08-28,2026-08-20
600006,,,,,,,,,,,,,,event,FULL_HISTORY_REVIEW,2004-03-26,2003-12-31,定期报告,100000.0,30000.0,0.0,1000000000.0,300000000.0,0.0,False,2004-03-26,2026-08-20
600006,,,,,,,,,,,,,,event,FULL_HISTORY_REVIEW,2004-06-07,2004-06-11,"送股,转增",200000.0,60000.0,0.0,2000000000.0,600000000.0,0.0,False,2004-06-11,2026-08-20
600006,,,,,,,,,,,,,,event,FULL_HISTORY_REVIEW,2004-08-26,2004-06-30,定期报告,200000.0,60000.0,0.0,2000000000.0,600000000.0,0.0,False,2004-08-26,2026-08-20
600006,,,,,,,,,,,,,,event,FULL_HISTORY_REVIEW,2005-03-01,2004-12-31,定期报告,200000.0,60000.0,0.0,2000000000.0,600000000.0,0.0,False,2005-03-01,2026-08-20
600006,,,,,,,,,,,,,,event,FULL_HISTORY_REVIEW,2005-08-30,2005-06-30,定期报告,200000.0,60000.0,0.0,2000000000.0,600000000.0,0.0,False,2005-08-30,2026-08-20
600006,,,,,,,,,,,,,,event,FULL_HISTORY_REVIEW,2006-03-24,2005-12-31,定期报告,200000.0,60000.0,0.0,2000000000.0,600000000.0,0.0,False,2006-03-24,2026-08-20
600006,,,,,,,,,,,,,,event,FULL_HISTORY_REVIEW,2006-08-29,2006-06-30,定期报告,200000.0,60000.0,0.0,2000000000.0,600000000.0,0.0,False,2006-08-29,2026-08-20
600006,,,,,,,,,,,,,,event,FULL_HISTORY_REVIEW,2006-11-08,2006-11-13,股权分置,200000.0,79800.0,120200.0,2000000000.0,798000000.0,1202000000.0,False,2006-11-13,2026-08-20
600006,,,,,,,,,,,,,,event,FULL_HISTORY_REVIEW,2007-03-30,2006-12-31,定期报告,200000.0,79800.0,120200.0,2000000000.0,798000000.0,1202000000.0,False,2007-03-30,2026-08-20
600006,,,,,,,,,,,,,,event,FULL_HISTORY_REVIEW,2007-08-29,2007-06-30,定期报告,200000.0,79800.0,120200.0,2000000000.0,798000000.0,1202000000.0,False,2007-08-29,2026-08-20
600006,,,,,,,,,,,,,,event,FULL_HISTORY_REVIEW,2008-03-29,2007-12-31,定期报告,200000.0,79800.0,120200.0,2000000000.0,798000000.0,1202000000.0,False,2008-03-29,2026-08-20
600006,,,,,,,,,,,,,,event,FULL_HISTORY_REVIEW,2008-08-29,2008-06-30,定期报告,200000.0,79800.0,120200.0,2000000000.0,798000000.0,1202000000.0,False,2008-08-29,2026-08-20
600006,,,,,,,,,,,,,,event,FULL_HISTORY_REVIEW,2009-03-27,2008-12-31,定期报告,200000.0,79800.0,120200.0,2000000000.0,798000000.0,1202000000.0,False,2009-03-27,2026-08-20
600006,,,,,,,,,,,,,,event,FULL_HISTORY_REVIEW,2009-08-19,2009-06-30,定期报告,200000.0,79800.0,120200.0,2000000000.0,798000000.0,1202000000.0,False,2009-08-19,2026-08-20
600006,,,,,,,,,,,,,,event,FULL_HISTORY_REVIEW,2009-11-10,2009-11-13,股权分置受限股份上市,200000.0,200000.0,0.0,2000000000.0,2000000000.0,0.0,False,2009-11-13,2026-08-20
600006,,,,,,,,,,,,,,event,FULL_HISTORY_REVIEW,2010-03-27,2009-12-31,定期报告,200000.0,200000.0,0.0,2000000000.0,2000000000.0,0.0,False,2010-03-27,2026-08-20
600006,,,,,,,,,,,,,,event,FULL_HISTORY_REVIEW,2010-08-20,2010-06-30,定期报告,200000.0,200000.0,0.0,2000000000.0,2000000000.0,0.0,False,2010-08-20,2026-08-20
600006,,,,,,,,,,,,,,event,FULL_HISTORY_REVIEW,2011-03-26,2010-12-31,定期报告,200000.0,200000.0,0.0,2000000000.0,2000000000.0,0.0,False,2011-03-26,2026-08-20
600006,,,,,,,,,,,,,,event,FULL_HISTORY_REVIEW,2011-08-26,2011-06-30,定期报告,200000.0,200000.0,0.0,2000000000.0,2000000000.0,0.0,False,2011-08-26,2026-08-20
600006,,,,,,,,,,,,,,event,FULL_HISTORY_REVIEW,2012-03-27,2011-12-31,定期报告,200000.0,200000.0,0.0,2000000000.0,2000000000.0,0.0,False,2012-03-27,2026-08-20
600006,,,,,,,,,,,,,,event,FULL_HISTORY_REVIEW,2012-08-22,2012-06-30,定期报告,200000.0,200000.0,0.0,2000000000.0,2000000000.0,0.0,False,2012-08-22,2026-08-20
600006,,,,,,,,,,,,,,event,FULL_HISTORY_REVIEW,2013-03-26,2012-12-31,定期报告,200000.0,200000.0,0.0,2000000000.0,2000000000.0,0.0,False,2013-03-26,2026-08-20
600006,,,,,,,,,,,,,,event,FULL_HISTORY_REVIEW,2013-08-31,2013-06-30,定期报告,200000.0,200000.0,0.0,2000000000.0,2000000000.0,0.0,False,2013-08-31,2026-08-20
600006,,,,,,,,,,,,,,event,FULL_HISTORY_REVIEW,2014-03-28,2013-12-31,定期报告,200000.0,200000.0,0.0,2000000000.0,2000000000.0,0.0,False,2014-03-28,2026-08-20
600006,,,,,,,,,,,,,,event,FULL_HISTORY_REVIEW,2014-08-29,2014-06-30,定期报告,200000.0,200000.0,0.0,2000000000.0,2000000000.0,0.0,False,2014-08-29,2026-08-20
600006,,,,,,,,,,,,,,event,FULL_HISTORY_REVIEW,2015-03-27,2014-12-31,定期报告,200000.0,200000.0,0.0,2000000000.0,2000000000.0,0.0,False,2015-03-27,2026-08-20
600006,,,,,,,,,,,,,,event,FULL_HISTORY_REVIEW,2015-08-29,2015-06-30,定期报告,200000.0,200000.0,0.0,2000000000.0,2000000000.0,0.0,False,2015-08-29,2026-08-20
600006,,,,,,,,,,,,,,event,FULL_HISTORY_REVIEW,2016-04-23,2015-12-31,定期报告,200000.0,200000.0,0.0,2000000000.0,2000000000.0,0.0,False,2016-04-23,2026-08-20
600006,,,,,,,,,,,,,,event,FULL_HISTORY_REVIEW,2016-08-30,2016-06-30,定期报告,200000.0,200000.0,,2000000000.0,2000000000.0,,False,2016-08-30,2026-08-20
600006,,,,,,,,,,,,,,event,FULL_HISTORY_REVIEW,2017-04-15,2016-12-31,定期报告,200000.0,200000.0,,2000000000.0,2000000000.0,,False,2017-04-15,2026-08-20
600006,,,,,,,,,,,,,,event,FULL_HISTORY_REVIEW,2017-08-30,2017-06-30,定期报告,200000.0,200000.0,,2000000000.0,2000000000.0,,False,2017-08-30,2026-08-20
600006,,,,,,,,,,,,,,event,FULL_HISTORY_REVIEW,2018-03-31,2017-12-31,定期报告,200000.0,200000.0,,2000000000.0,2000000000.0,,False,2018-03-31,2026-08-20
600006,,,,,,,,,,,,,,event,FULL_HISTORY_REVIEW,2018-08-28,2018-06-30,定期报告,200000.0,200000.0,,2000000000.0,2000000000.0,,False,2018-08-28,2026-08-20
600006,,,,,,,,,,,,,,event,FULL_HISTORY_REVIEW,2019-03-30,2018-12-31,定期报告,200000.0,200000.0,,2000000000.0,2000000000.0,,False,2019-03-30,2026-08-20
600006,,,,,,,,,,,,,,event,FULL_HISTORY_REVIEW,2019-08-28,2019-06-30,定期报告,200000.0,200000.0,0.0,2000000000.0,2000000000.0,0.0,False,2019-08-28,2026-08-20
600006,,,,,,,,,,,,,,event,FULL_HISTORY_REVIEW,2020-04-29,2019-12-31,定期报告,200000.0,200000.0,,2000000000.0,2000000000.0,,False,2020-04-29,2026-08-20
600006,,,,,,,,,,,,,,event,FULL_HISTORY_REVIEW,2020-08-29,2020-06-30,定期报告,200000.0,200000.0,,2000000000.0,2000000000.0,,False,2020-08-29,2026-08-20
600006,,,,,,,,,,,,,,event,FULL_HISTORY_REVIEW,2021-03-30,2020-12-31,定期报告,200000.0,200000.0,,2000000000.0,2000000000.0,,False,2021-03-30,2026-08-20
600006,,,,,,,,,,,,,,event,FULL_HISTORY_REVIEW,2021-08-28,2021-06-30,定期报告,200000.0,200000.0,,2000000000.0,2000000000.0,,False,2021-08-28,2026-08-20
600006,,,,,,,,,,,,,,event,FULL_HISTORY_REVIEW,2022-03-31,2021-12-31,定期报告,200000.0,200000.0,,2000000000.0,2000000000.0,,False,2022-03-31,2026-08-20
600006,,,,,,,,,,,,,,event,FULL_HISTORY_REVIEW,2022-08-31,2022-06-30,定期报告,200000.0,200000.0,,2000000000.0,2000000000.0,,False,2022-08-31,2026-08-20
600006,,,,,,,,,,,,,,event,FULL_HISTORY_REVIEW,2023-04-11,2022-12-31,定期报告,200000.0,200000.0,,2000000000.0,2000000000.0,,False,2023-04-11,2026-08-20
600006,,,,,,,,,,,,,,event,FULL_HISTORY_REVIEW,2023-08-31,2023-06-30,定期报告,200000.0,200000.0,,2000000000.0,2000000000.0,,False,2023-08-31,2026-08-20
600006,,,,,,,,,,,,,,event,FULL_HISTORY_REVIEW,2024-04-13,2023-12-31,定期报告,200000.0,200000.0,,2000000000.0,2000000000.0,,False,2024-04-13,2026-08-20
600006,,,,,,,,,,,,,,event,FULL_HISTORY_REVIEW,2024-08-31,2024-06-30,定期报告,200000.0,200000.0,,2000000000.0,2000000000.0,,False,2024-08-31,2026-08-20
600006,,,,,,,,,,,,,,event,FULL_HISTORY_REVIEW,2025-04-26,2024-12-31,定期报告,200000.0,200000.0,,2000000000.0,2000000000.0,,False,2025-04-26,2026-08-20
600006,,,,,,,,,,,,,,event,FULL_HISTORY_REVIEW,2025-08-30,2025-06-30,定期报告,200000.0,200000.0,,2000000000.0,2000000000.0,,False,2025-08-30,2026-08-20
600006,,,,,,,,,,,,,,event,FULL_HISTORY_REVIEW,2026-04-23,2025-12-31,定期报告,200000.0,200000.0,,2000000000.0,2000000000.0,,False,2026-04-23,2026-08-20
